과목,분류,대상_식별자,질문_제목,질문_내용,답변,추가질문,재답변,날짜
특허법,조문,,"오역(잘못된 번역)의 정정(208조 4항,47조 2항 후단) 질문 드립니다.","이지 특허법(16판)p696 오역(잘못된 번역)의 정정 오역 정정은 발명의 설명,청구범위를 보정한 것이 아니라 국어번역문만을 정정한것이기 때문에 국어번역문에 오역이 있는 경우에는 국어번역문에 대한 오역정정과 별도로 심사대상 발명의 설명,청구범위 등에 대해 보정을 하여야 한다.(법 제47조 2항 후단,208조 4항) 1.위 지문에서 국어번역문에 오역이 있는 경우에는 국어번역문에 대한 오역정정만 해야되는게 아닌가요? 2.오역정정과 별도로 심사대상 발명의 설명,청구범위 등을 보정해야하는 경우는 원문 자체에 잘못된 사항이 있어야하는 경우가 아닌지요? 3.제가 부족하여 이 조문 부분을 책을 참고하여 몇번을 읽어도 무엇을 잘못알고있는지도 잘모르는거 같습니다. 도움을 부탁드립니다. p.s.저의 질문내용이 시험 경향과 상관이없는 부분이라면 지적해주시면 감사하겠습니다.","안녕하세요? 임변입니다. 국어번역문만 오역정정을 하게 되면, 보정서는 정정하지 않은 상태로 그대로 있기 때문에 법 제47조제2항전단과 후단에 위반되게 됩니다. 예를 들어, 출원(ca)-번역문(칼륨)-오역정정(칼슘)인 경우, 심사대상은 보정서(칼륨)이고(번역문 제출시 번역문과 보정서 2개가 형성된다고 이해하면 편합니다), 이는 법 제47조제2항전단의 원문(ca)의 범위를 벗어나게 되고, 법 제47조제2항후단의 오역정정된 번역문(칼슘)의 범위도 벗어나게 됩니다. 따라서, 다시 보정서(칼륨)를 다시 보정서(칼슘)로 보정하여야 합니다.", ,,17.07.02
특허법,조문,202조 3항 2호,pct 202조 3항 2호 질문드립니다,안녕하세요 임병웅 변리사님. pct를 공부하다 질문이 생겨 질문을 드리게 되었습니다. 아래 그림에서 55조 4항 중 선출원인 국제특허출원이 법 201저 4항에 따라 취하된 것으로 보는 경우에도 확대된 선출원의 지위 적용 시 다른 출원의 지위가 인정(55조6항)이라고 되어 있는데요... 55조 6항 조문을 해석하려고 하는데... 잘 이해가 되질 않습니다.. 어떠한 뜻인지 설명부탁 드립니다.,안녕하세요? 임변입니다. 선출원 국제특허출원인 경우 선출원이 번역문을 제출하지 않아 취하간주되더라도 후출원의 확대된 선출원의 지위가 인정된다는 의미입니다. 일종의 확인적 의미의 규정이라고 이해하면 됩니다. 열공하세요~, ,,17.08.17
특허법,조문,208조,제208조(보정의 특례)번역문의 범위를 벗어난 보정의 경우에관해 질문이 있습니다.,"안녕하세요, 복습하다가 궁금한 점이 있어 질문드립니다. 누락부분에 대한 보완사유는 1. 발명의 설명 또는 청구범위의 일부가 누락된 경우, 2. 도면의 전부 또는 일부가 누락되어 있는경우 라고 되어있는데요. 보완을 하지 않았을 때의 효과에 대해서, 2번을 보완하지 않았을 경우 도면에 관한 기재는 없는 것으로 보는데(194조 4항) 1번을 보완하지 않았을 경우는 어떻게 되는 것인가요? 그냥 가만히 놔두어서 국제출원일까지 인정했다가 언젠가 기재불비 등의 거절이유가 발생하면 196조 1항의 3호에 따라 취하하는 것인가요? 그리고 194조의 국제출원의 보완에서, 보완명령을 받았는데도 보완을 하지 않을 시 국제출원일을 인정하지 않는다고 하였는데 이것이 국제출원 취하와 무엇이 다른지 궁금합니다. 저작자 표시컨텐츠변경비영리",안녕하세요? 임변입니다. 정보제공사유에도 포함됩니다. 열공하세요~, ,,17.08.18
특허법,조문,194조,'누락 부분에 대한 보완' '국제 출원의 보완 ' 질문드립니다,"안녕하세요, 복습하다가 궁금한 점이 있어 질문드립니다. 누락부분에 대한 보완사유는 1. 발명의 설명 또는 청구범위의 일부가 누락된 경우, 2. 도면의 전부 또는 일부가 누락되어 있는경우 라고 되어있는데요. 보완을 하지 않았을 때의 효과에 대해서, 2번을 보완하지 않았을 경우 도면에 관한 기재는 없는 것으로 보는데(194조 4항) 1번을 보완하지 않았을 경우는 어떻게 되는 것인가요? 그냥 가만히 놔두어서 국제출원일까지 인정했다가 언젠가 기재불비 등의 거절이유가 발생하면 196조 1항의 3호에 따라 취하하는 것인가요? 그리고 194조의 국제출원의 보완에서, 보완명령을 받았는데도 보완을 하지 않을 시 국제출원일을 인정하지 않는다고 하였는데 이것이 국제출원 취하와 무엇이 다른지 궁금합니다.","안녕하세요? 임변입니다. 1번의 경우 보완하지 않은 경우 기재불비가 발생하여, 각 기정국에서 특허를 받을 수 없게 될 것입니다. 법 제196조제1항제3호에는 해당하지 않습니다. 출원일을 인정했다가 취하되는 것과 출원일을 인정하지 않은 것은 법률적 효과에서 차이가 있습니다. 예를 들어, 전자는 후자와는 달리 정규성이 인정되기 때문에 이를 기초로 조약우선권주장을 할 수 있습니다. 열공하세요~ 답글기능 더보기", ,,17.08.31
특허법,조문,202조,자동지정제도에서 자기지정을 배제할 수 있도록 한 이유가 궁금합니다.,"임병웅 변리사님 안녕하세요. PCT출원에 대해 공부하다가 궁금증이 생겨서 질문드립니다. pct출원에서 출원서 등이 제출된 경우에 자동지정제도를 체택하고 있잖아요. 근데 왜 출원인에게 자기지정을 배제할 수 있도록 한 것인가요? 인사이트 15판 609페이지 각주7에는 ""자기지정제도를 운용하고 있는 국가의 경우, 자동지정에 의하여 자국이 지정될 경우 국내우선권주장 제도에 의하여 선출원이 취하되어 출원인이 피해를 받을 수 있으므로, 이를 방지하기 위하여~"" 라고 설명되어 있습니다. 제 생각에는 국제출원인이 자기지정을 배제하지 않더라도 국내진입을 안하게 되면 선출원도 취하간주되지 않을 것이라고 생각합니다. 예를 들어, 1.한국이 선출원(X)인 경우, 2.X기초 우선권 주장하면서 pct출원(지정국:한국 중국 일본 등..)할 때 3.국제 출원인이 한국에 국내진입을 하지 않으면, 4.선출원 X는 취하간주되지 않을 것이다. 이게 제 질문입니다. 매번 감사합니다!","녕하세요? 임변입니다. 선출원이 국내출원인 경우, 1년 3월 경과후에 취하간주되고, 후출원이 국내단계로 진입하지 않는다면, 결국 한국에서는 특허를 받을 수 없게 됩니다. 제목을 수정해 주세요. 관련조문은 202조이네요. 열공하세요~", ,,17.09.07
특허법,조문,202조,선출원의 취하간주 시기와 후출원의 우주취하 가능시기,"안녕하세요. 국내 우선권 주장 출원에서 후출원의 우주 취하 금지 규정이 자해 방지 규정이라고 배웠었는데요, 그래서 PCT에서 선출원 취하간주 시기와 후출원의 취하가능시기가 서로 맞물려 있을줄 알았는데 후출원의 우주 취하 금지 규정은 후출원이 PCT냐 국내출원이냐에 따라서 판단하더라구요. 그래서 왜 우주 취하 금지 규정이 선출원 기준으로 판단하지 않고 후출원 기준으로 판단하게 만들어졌는지 알고싶습니다. 감사합니다. 저작자 표시컨텐츠변경비영리","안녕하세요? 임변입니다. 특허협력조약을 반영한 결과입니다. 그리고, 후출원 기준으로 판단하더라도 문제되지 않는데, 국내법은 현재 이를 불일치시키고 있어서 입법불비라고 생각하면 됩니다. 열공하세요~", ,,17.09.07
특허법,조문,106의 7,국제출원인의 의사에 의한 취하 관련 질문,"안녕하세요 국제출인의 의사에 의한 취하에서 국제출원인은 특허청장에 대하여 우선일로부터 2년6개월을 지나기 전과 출원인이 출원심사청구를 하기 전 중 빠른 때 까지 국제출원, 지정국의 지정, 또는 우선권 주장을 취하할 수 있다.(시규 106의 7)이라고 되어 있는데요 여기서 2이상의 국내 출원을 복합우주 했을때에 우선일로부터 2년 6개월의 우선일은 최선출원일을 말하는 것인가요 아니면 각 선출원 별로 따로 보는 것인가요? 국내우주(56조)에서는 복합우주 했을 때 취하 간주 시기는 각각의 선출원의 출원일부터 1년3개월이 지난 때에 취하되는 것으로 본다. 라고 배웠는데요. 그렇다면 국제출원 자체의 취하와 지정국의 지정은 최선출원일로 부터 기산하고 우선권 주장의 취하는 각 선출원일 별로 따로 기산하는 형태 인가요? 아니면 일괄적으로 최선출원일 부터 기산하게 되는 건가요? 감사합니다.","안녕하세요? 임변입니다. 우선일은 다음과 같이 정의하고 있습니다. ""「우선일」이란 ⅰ) 국제출원이 우선권 주장을 수반하는 경우에는 동 우선권이 주장되는 출원의 선출원일, ⅱ) 국제출원이 두 개 이상의 우선권의 주장을 수반하는 경우에는 우선권을 가장 먼저 주장한 출원의 출원일, ⅲ) 국제출원이 우선권의 주장을 수반하지 아니하는 경우에는 동 국제출원의 출원일을 의미한다(PCT 2(ⅺ))."" 따라서, 복합우선권주장을 하는 경우는 ⅱ)에 해당합니다. 열공하세요~ 답글기능 더보기", ,,17.09.09
특허법,조문,207조,(출원공개시기 및 효과의 특례)에서 국내공개 시기에 관해 질문이있습니다.,"국내서면제출기간에 출원인이 출원심사의 청구를 한 국제특허출원으로서 '특허렵력조약' 제21조에 따라 국제공개된 경우에는 우선일부터 1년 6개월이 되는 날과 출원심사의 청구일 중 늦은 날이 지난 후 국내공개가 이루어진다. ---->상기 지문의 해석에 있어서 지난 후에 공개가 되니 출원심사의 청구일(기준일) 다음날에 국내공개 된다고 생각을 했는데, 객관식 문제지에 기준일 당일에 출원 공개가 된다고 되어있어서 헤깔려서 질문을 드리게 됬습니다. (지문을 인용하겠습니다.) 2016년 1월 3일 외국어 국제특허출원(X)을 기초로 2017년 1월 2일에 우선권주장을 수반한 국제특허출원(Y)을 하였는데 출원인이 2018년 1월 4일 심사청구하는 경우 국내공개는 2018년 1월 4일에 이루어진다 ---->2017년 7월3일(우선일로부터 1년 6개월) 이 지나서 심사청구를 했으니 2018년 1월 4일(심사청구일)이 지난 2018년 1월 5일에 국내공개가 이루어진다고 생각했는데 제가 어떤 부분을 놓치고 있는걸까요? .",안녕하세요? 당연히 지난 후에 공개되는 것이 정확한 표현입니다. 그리고 지난 후에 바로 다음날 공개되는 것이 아니라 공개준비기간을 거쳐서 공개됩니다. 행복한 추석되세요~, ,,17.09.29
특허법,조문,198조의 2,국제조사후 국제공개에 관한질문입니다,국제공개의 대상은 교과서에(EZ특허법 16판 651p) '원칙적으로 모든 국제출원이 국제공개된다. 다만 국제출원이 어느 국가도 자국에 관한 한 국제출원을 공개할 필요가 없다고 선언한 국가만을 지정하고 있는 경우 국제공개를 하지 않을 수 있다.' 라고 되어있는데 국제출원을 할 때 모든 PCT 체약국이 자동적으로 지정된 것으로 보는 자동지정제도가 있기 때문에 자기지정의 경우를 제외하고는 지정국 일부가 취하간주되는 경우는 없는것으로 알고 있어 '국제출원을 공개할 필요가 없다고 선언한 국가만을 지정하고 있는 경우'가 가능한지 의문이 듭니다. 위 규정도 196조2항과 같이 무의미한 규정에 불과한 것인지 아니면 제가 놓친 부분이 있는것인지 궁금합니다,각주 20번을 체크해 놓았네요. 각주 20번에 있는 내용 그대로 입니다., ,,17.10.07
특허법,조문,201조 5항,번역문 취급 질문드립니다.,"안녕하세요. 질문 하나 부탁드립니다~ 201조 5항에는 국제특허출원의 국어번역문을 국내서면제출기간 내 제출한 경우에는 국제출원일까지 제출한 발명의 설명, 청구범위 및 도면을 최종 국어번역문에 따라 국제출원일에 47조 1항에 따른 보정을 한 것으로 본다. 204조 2항은 PCT19조 보정 후 그 보정서의 국어번역문 / 사본을 제출하면 47조 1항에 따른 청구범위가 보정된 것으로 본다. 라고 되어있는데요. 신규사항추가금지를 적용할 때 어떻게 취급되는지가 헷갈립니다... 신규사항 추가금지 판단할 때 <국제출원(1) - 번역문(2) - 보정(3)>으로 보면 1번. 204조 2항은 국내단계의 보정으로서 (3)입장에서 적법한지 판단하는거고 201조 5항은 47조 1항에 따른 보정으로 취급되지만 국내단계취급이 아니라서 (3)이 될 수는 없고 (2)입장에서 번역문으로서 판단기준이 될 뿐인가요?? 201조 5항 , 204조 2항이 둘 다 '47조 1항에 따른 보정을 한 것으로 본다'라고 한 거는 보정의 특례에서 기준일 전에는 47조1항보정이 적용될 수 없다는 뜻에서 나온 거 같은데 2번. 그렇다면 201조5항 - 47조 1항에 따른 보정을 한 것으로 본다. 204조2항 - 47조 1항에 따른 청구범위가 보정된 것으로 본다. 이 두 의미의 차이는 있을까요?? 어차피 신규사항추가금지를 생각해보려면 명도에서 보정되어야 하는 건 아닌가요? 감사합니다.",안녕하세요? 1. 네. 맞습니다. 2. (3)번 보정은 (1)과 (2)도 같이 만족해야 한다는 점에서 차이가 있습니다. 열공하세요~, ,,17.10.15
특허법,조문,201조,국제특허출원에서의 기준일,"국제특허출원에서 기준일은 국내서면제출기간의 만료일까지이며, 그 국내서면제출기간에 출원심사의 청구가 있으면 그 출원심사의 청구를 한 때까지인 것으로 알고있습니다. 여기서 국내서면제출기간이 제201조제1항에 따라 국어번역문 제출기간이 연장된 경우에는 그 연장된 기간까지를 포함하는 것인가요? (심사청구가 없는 경우, 국어번역문 제출기간이 연장되었다면 기준일이 우선일로부터 31개월 + 1개월 = 32개월인가요?)",네. 법 제201조제3항을 한 번 읽어 보세요~, ,,17.10.19
특허법,조문,205조,PCT 제34조 보정에 대한 번역문,"PCT 제19조 보정의 경우에는 국어번역문이 제출되기 전에 보정한 경우에는 국어번역문을 보정 후의 청구범위로 바로 제출할 수 있는데 반하여(이경우 별도로 보정서에 대한 국어번역문을 제출할 필요 없음), PCT 제34조 보정의 경우에는 보정시기에 무관하게 보정서의 국어번역문만을 제출하도록 하고 있습니다. PCT 제34조 보정의 경우 보정후의 발명의 설명, 청구범위, 도면을 바로 번역문으로 제출하지 못하도록 하는 특별한 이유가 있나요?","국제예비심사는 임의적 단계이다 보니, 별도로 PCT에서 규정을 두고 있지 않습니다. 열공하세요~", ,,17.10.19
특허법,문제,193조,출원서에 반드시 기재해야 하는 사항과 211조 관련해서 질문이 있습니다.,"이지객관식문제집 890쪽 문제에서 반드시 기재하지 않아도 되는 사항이 지정국기재라고 답이 나옵니다. 하지만 법조문 194조 1항 4호에 보면 193조 2항 1,2호에 따른 사항(해당 출원된 발명의 보호가 필요한 체약국의 지정)을 기재하지 않으면 보완사유라고 나와서 기재를 해야지 국제출원일로 인정이 된다고 합니다. 시행규칙에는 자동지정으로 인해서 지정국기재가 필요없다고 해서 법조문과 모순되는 결과가 나오게 되는데 어떤 것을 우선시 해서 판단을 해야 합니까? 이 조항이 자동 지정으로 사문화됬다는 얘기를 들었는데 문제에서는 법조문을 기준으로 생각하는 것이 맞다고 하는 의견이 지배적이라서 궁금합니다. 917쪽문제 4번 보기에서 특허청장은 국제특허출원의 출원인 또는 국제조사기관이나 국제예비심사기관에 대하여 국제조사보고서 또는 국제예비심사보고서에 기재된 문헌의 사본을 제출하게 할수 있다.라고 나오는데 211조에는 출원인에 대하여 기간을 정하여 국제조사보고서와 국제예비심사보고서에 적혀있는 문헌의 사본을 제출하게 할 수 있다고 나옵니다. 특허청자이 국제예비심사기관이나 국제조시가관에게 사본을 제출하게 할 수 있나요?",1. 기재하지 않아도 모든 체약국의 지정이 된 것으로 취급해 준다는 것이 정확한 표현입니다. 법조문과 모순되지 않습니다. 2. 네. 할 수 있습니다. 기본서 한 번 읽어 보세요~, ,,17.10.21
특허법,조문,201조,국제특허출원 도면 번역문 제출 질문있습니다.,안녕하세요 임병웅변리사님 공부를 하다가 궁금점이 생겨서 질문드립니다. 국제특허출원에서 기준일에 번역문 미제출시 도면의 설명부분은 미기재로 간주한다라고 알고 있었는데 이지특허법 교재 P.668의 그림 5-2에서는 보정 명령 후 무효라고 되있어서 어떤 시점이 타당한지 모르겠습니다.,"안녕하세요? 설명부분의 미기재가 있으면, 기재가 없었던 것으로 보게 되고, 그렇다면 도면의 기재방법이 잘못되었고, 그렇다면 법 제42조제9항의 위반이고, 그렇다면 보정명령후 무효로 할 수 있다는 것입니다. 열공하세요~", ,,17.10.25
특허법,조문,201조,(국제특허출원의 국어번역문)에 관해 질문이 있습니다.,"안녕하세요! 임병웅 변리사님 기본서를 읽다가 이해가 잘안돼는 부분이있어서 질문을 씁니다... 책을 똑바로 못읽어서 질문을 자주하는것같아 죄송하고 항상 정말 감사합니다.. -(pct 국제출원 절차에서)국어번역문을 제출하지 아니한 경우의 취급(p695) 도면의 설명부분 또는 요약서의 국어번역문이 제출되지 아니하면 국제특허출원이 취하간주되지 않고 도면의 설명부분 또는 요약서의 기재가 없었던 것으로 간주한다. 이 경우 방식위반에 해당하기 때문에 특허청장은 출원인에게 기간을 정하여 보정을 명하여야 하며(법 46조),출원인이 그 기간에 요약서의 국어번역문을 제출하지 아니하면 국제특허출원에 관한 절차를 무효로 할 수 있다. ----> 1.상기 지문에서 도면의 설명부분 또는 요약서의 국어번역문 제출하지 아니하면 도면의 설명부분 또는 요약서의 기재를 없었던 것으로 간주하는데, 특허청장의 보정명령 대상이 요약서 또는 도면의 설명부분의 제출이 아닌 (요약서 또는 도면의 설명부분에 대한)국어번역문인지가 이해가 잘 되지 않습니다...... 2.pct의 방식심사에 따르면 요약서를 부제출한경우 특허청장의 보정 명령후 취하간주의 대상이되는데 반해, 상기 지문에서는 요약서 부제출이 무효처분의 대상이라고 되어있는데, 기준일이 경과했기때문에 국내법에 따른 방식심사(46조)이 적용된다고 생각할 수 있을까요?",안녕하세요? 1. 요약서 또는 설명부분에 대한 국어번역문을 제출하라는 것입니다. 2. 네. 국내단계부터 제46조가 적용됩니다. 열공하세요~,"답변 정말 감사합니다! 1번 질문과 관련해서 ""도면의 설명부분 또는 요약서의 기재가 없었던것""으로 이미 간주가 되었기때문에 특허청장은 요약서 자체를 제출하라는 명령을 해야되는게 아닌가 라는 생각이 듭니다... 이 부분은 그냥 번역문 제출을 요구한다고 외우는게 나을까요?",요약서는 무조건 국어로 내야 합니다. 따라서 번역문을 내야지 원문을 내면 안 됩니다~,17.10.26
특허법,조문,59조 5항,국제출원의 취하간주 관련 질문입니다,국내출원의 경우 59조5항에 의해 출원심사의 청구를 할 수 있는 기간에 출원심사의 청구가 없으면 그 특허출원은 취하한 것으로 본다라고 규정되어 있는데요. 196조에는 이와 같은 규정이 없어서 국제출원의 경우에는 어떤지 궁금합니다. 출원인이 국제출원하여 국제출원일이 인정된 후 어떠한 국가에도 국내 진입 의사 표시 서면을 제출하지 않고 유지할 경우 서면제출기간이 지나면 국제출원 자체가 취하간주 되나요?,"법 제203조를 한 번 읽어 보세요. 국제특허출원절차를 무효로 할 수 있습니다. 그런데, 심사청구와 국내진입의사표시서면은 전혀 별개의 것입니다. 열공하세요~", ,,17.10.27
특허법,조문,207조,국제공개와 국내공개의 효과,"이지특허법 제16판, p.715, 표 5-8 곡제공개와 국내공개의 비교표 중 효과 부분을 보면 다음과 같습니다. 구분 국제출원의 국제공개 국제특허출원의 국내공개 통상의 국내출원의 국내공개 보상금 청구권 국어로 국제특허출원한 경우만 보상금 청구권 인정 O O 확대된 선출원의 지위 O O O 그리고 특허법 제207조 제2항에서는 ""국어로 출원한 국제특허출원에 관하여 국내에서의 출원공개 전에 이미 특허협력조약 제21조에 따라 국제공개가 된 경우에는 그 국제공개 시에 출원공개가 된 것으로 본다.""라고 규정하고 있습니다. 보상금 청구권의 경우 국어로 국제특허출원한 경우에만 국제공개 후 경고 또는 안 때에 보상금 청구권이 발생하고, 외국어로 국제특허출원한 경우에는 국제특허출원에 관하여 국내공개가 이루어진 후 경고 또는 안 때에 보상금 청구권이 발생하는 것으로 알고 있습니다. 그런데 이 표에 따르면 확대된 선출원의 지위를 적용할 때는 외국어로 국제특허출원한 경우에도 다른 특허출원의 지위를 국제출원일 후 '국제공개 전' 시기에 적용하는 것으로 보입니다. Q1. 국어로 출원한 국제특허출원의 경우에만 국제공개가 국내공개로 간주되는 것이라 보상금 청구권의 경우에는 이해가 됩니다만 확대된 선출원의 지위에서 다른 출원에 해당할 때는 어떤 이유에서 외국어 국제특허출원의 국제공개를 기준으로 그 규정을 적용하는 것인가요? Q2. 이지특허법 제16판 p.703을 보면 ""국어로 국제특허출원한 경우에는 국제특허출원이 우리나라의 특허출원이고, 국제공개가 국내공개로 간주되기 때문에 국내단계로 진입 여부와 상관없이 확대된 선출원의 지위가 인정된다."" 라고 설명하고 있는데, 이 말은 결국 확대된 선출원의 지위를 적용할 때도 보상금 청구권을 적용할 때와 마찬가지로 국어 국제특허출원의 경우에만 국제공개를 국내공개로 간주한다는 것이고, 그렇다면 위의 표가 잘못된 것 아닌가요?","표는 잘못되지 않았습니다. 법 제29조제5항내지제7항을 읽어 보세요. 국어로 국제특허출원한 경우에는 법 제29조제5항 및 제6항이 적용되고, 외국어로 국제특허출원한 경우에는 법 제29조제5항 내지 제7항이 적용됩니다. 즉, 국어로 국제특허출원한 경우에는 국내단계진입여부와 상관없이 국제공개를 요건으로 확대된 선출원의 지위가 적용되고, 외국어로 국제특허출원한 경우에는 국내단계진입했을 때 국제공개를 요건으로 확대된 선출원의 지위가 적용됩니다. 열공하세요~", ,,17.10.28
특허법,조문,209조,국제특허출원의 변경출원 시 취하간주 시기,국제특허출원의 변경출원은 기준일이 지나기 전에도 할 수 있는 것인데 이 때 국제특허출원의 취하간주 시기에 대한 규정이 없습니다. 그리고 국내우선권주장출원의 선출원이 국제특허출원인 경우에는 출원인의 명시적 청구가 없는 경우에는 조약 제23조 및 제24조에 따라 기준일 전에는 국제출원을 처리할 수 없다는 이유로 국제출원일로부터 1년3개월이 지난 때와 기준일 중 늦은 때에 취하된 것으로 보는 것으로 규정하고 있습니다. 그렇다면 국제특허출원을 선출원으로 하여 변경출원하는 경우에는 국내우선권주장출원의 경우와 유사하게 '변경출원 시와 기준일 중 늦은 때' 취하되는 것으로 보면 되나요?,"변경출원을 한 경우에는 변경출원과 동시에 국제특허출원이 취하간주된다고 해석해야 합니다. 변경출원은 국내의 실용신안출원이고, 국내법이 적용되기 때문입니다. 열공하세요~", ,,17.10.28
특허법,조문,193조,국제출원 (제출서류),"193조 1항을 보면 국제출원을 하려는 자는 산업통상자원부령으로 정하는 언어로 작성한 발명의 설명,청구범위,필요한 도면및 요약서를 특허청장에게 제출하여야 한다고 되어 있습니다. 발명의 설명,청구범위는 보완사유 요약서는 보정사유 인데 도면의 경우 교재 p635 12)각주를 보면 도면은 국제출원일 인정 요건에 포함됮 ㅣ아니하므로, 즉 도면이 없더라도 국제출원일이 인정되므로 도면의 일부 누락뿐만 아니라 전부 누락까지 포함하여 규정되어 있다. 라고 되어 있습니다. 이 내용에 비추어보면 193조 1항의 제출서류에 필요한 도면이 적혀있는데 어떤 실효성이 있는건가요? 제출하지 않아도 아무런 제재가 없는거 같아 궁금증이 생겨 질문드립니다.",도면이 있으면 제출하라는 것입니다. 국내출원도 생각해 보세요. 동일한 개념입니다. 열공하세요~, ,,17.10.29
특허법,문제,30조,국제특허출원에 관한 특례 질문,맨위 사진 객관식 문제 3번 지문에서요 동일자출원이라도 협의명령없이 거절결정된다고 나와있는데요 책에 보면 을이 거절결정될 것이 명백함에도 갑과을에게 협의명령을 한다고 나와있습니다 또한 해설에 나와있는 판례도 협의명령없이 거절결정된다고 명백히 적혀있는것이 아니라 협의명령을 하지 않다도 위법이라고 할 수 없다고 되어있는 것인데 협의명령 없이 거절결정된다가 맞는지문인가요?? 이것도 4번이라는 명백한 오답이 있어서 3번이 맞는건가요??.,"협의할 수도 있고 안 할 수도 있습니다. 심사관이 모든 거절이유를 다 판단하고, 거절결정해야 하는 것은 아니기 때문입니다. 각주의 해설 참고하세요~ 그리고 관련조문을 제30조, 제200조로 수정해 주세요.", ,,17.10.31
특허법,조문,201조,번역문 제출기간과 새로운 번역문 제출의 효과,"제201조(국제특허출원의 국어번역문) ① 국제특허출원을 외국어로 출원한 출원인은 우선일부터 2년 7개월(국내서면제출기간) 이내에 다음 각 호의 국어번역문을 특허청장에게 제출하여야 한다. 다만, 국어번역문의 제출기간을 연장하여 달라는 취지를 제203조제1항에 따른 서면에 적어 국내서면제출기간 만료일 전 1개월부터 그 만료일까지 제출한 경우 (그 서면을 제출하기 전에 국어번역문을 제출한 경우는 제외한다)에는 국내서면제출기간 만료일부터 1개월이 되는 날까지 국어번역문을 제출할 수 있다. 1. 국제출원일까지 제출한 발명의 설명, 청구범위 및 도면(도면 중 설명부분에 한정한다)의 국어번역문 2. 국제특허출원의 요약서의 국어번역문 ③ 제1항에 따라 국어번역문을 제출한 출원인은 국내서면제출기간(1월 연장된 기간포함. 이하 이 조에서 같다)에 그 국어번역문을 갈음하여 새로운 국어번역문을 제출할 수 있다. 다만, 출원인이 출원심사의 청구를 한 후에는 그러하지 아니하다. ⑤ 특허출원인이 국내서면제출기간의 만료일(국내서면제출기간(+1월)에 출원인이 출원심사의 청구를 한 경우에는 그 청구일을 말하며, 이하 ""기준일""이라 한다)까지 제1항에 따라 발명의 설명, 청구범위 및 도면(도면 중 설명부분에 한정한다)의 국어번역문(제3항 본문에 따라 새로운 국어번역문을 제출한 경우에는 마지막에 제출한 국어번역문을 말한다. 이하 이 조에서 ""최종 국어번역문""이라 한다)을 제출한 경우에는 국제출원일까지 제출한 발명의 설명, 청구범위 및 도면(도면 중 설명부분에 한정한다)을 최종 국어번역문에 따라 국제출원일에 제47조제1항에 따른 보정을 한 것으로 본다. 1. (그 서면을 제출하기 전에 국어번역문을 제출한 경우는 제외한다)라는 말은 번역문제출기간 연장 취지 적은 국내진입의사표시서면 제출 전 이미 번역문을 내버린 경우는, 그 표시서면 제출해봤자, 1월의 기간연장을 안해준다는 말인가요? 2. ③항과 ⑤항에서는 ""출원인이 출원심사청구""한 날까지만 절차를 수행할 수 있다고 한 반면에 ①항에서는 그러한 내용이 없는데, 그럼 심사청구한 후 ①의 번역문을 제출 할 수 있다는 말인가요? 혹시 여기서 ""수수료, 번역문이 제출되어야 심사청구할 수 있다""는 210가 적용되어 심사청구했다는 건 이미 번역문은 제출됬음이 전제가 되어 심사청구한 후에는 번역문을 제출할 필요 없다.라고 이해해야 되는지... 3. ⑤항에 의하면 새로운번역문에 의해 국내법보정효과를 부여한다는 말은 최종번역문을 제외한 나머지 번역문은 더이상 심사대상이 아니게 되는건가요?","1. 네 2. 번역문 제출한 후에 심사청구할 수 있고, 심사청구한 후에는 번역문 교체가 되기 때문에 법 제201조제3항이 적용됩니다. 3. 네", ,,17.11.08
특허법,조문,"207조, 64조",국제공개와 출원공개,"제64조(출원공개) ① 특허청장은 다음 각 호의 구분에 따른 날부터 1년 6개월이 지난 후 또는 그 전이라도 특허출원인이 신청한 경우에는 산업통상자원부령으로 정하는 바에 따라 그 특허출원에 관하여 특허공보에 게재하여 출원공개를 하여야 한다. 제207조(출원공개시기 및 효과의 특례) ① 국제특허출원의 출원공개에 관하여 제64조제1항을 적용하는 경우에는 ""다음 각 호의 구분에 따른 날부터 1년 6개월이 지난 후""는 ""국내서면제출기간(국어번역문의 제출기간을 연장취지를 적은 서면 제출된 경우, 연장된 기간을 말한다.)이 지난 후 (국내서면제출기간에 출원인 심사청구를 한 국제특허출원으로서, 국제공개된 경우에는 우선일부터 1년 6개월이 되는 날 또는 출원심사의 청구일 중 늦은 날이 지난 후)""로 본다. ③ 국제특허출원의 출원인은 국제특허출원에 관하여 출원공개(국어로 출원한 국제특허출원인 경우 「특허협력조약」 제21조에 따른 국제공개를 말한다. 이하 이 조에서 같다)가 있은 후 국제특허출원된 발명을 업으로 실시한 자에게 국제특허출원된 발명인 것을 서면으로 경고할 수 있다. ④ 국제특허출원의 출원인은 제3항에 따른 경고를 받거나 출원공개된 발명임을 알고도 그 국제특허출원된 발명을 업으로서 실시한 자에게 그 경고를 받거나 출원공개된 발명임을 안 때부터 특허권의 설정등록 시까지의 기간 동안 그 특허발명의 실시에 대하여 통상적으로 받을 수 있는 금액에 상당하는 보상금의 지급을 청구할 수 있다. 다만, 그 청구권은 해당 특허출원이 특허권의 설정등록된 후에만 행사할 수 있다. 질문1)위 파란색 괄호규정은 외국어PCT 출원의 경우에만 해당되는 규정인가요? 왜냐하면 국어PCT경우 국어로 국제공개되면 그것을 출원공개한것으로 간주하기 때문에(207②) 더 이상 특허청장이 따로 출원공개 하지 않을 것이므로요. 질문2)207③조문에 따르면 오직 국어로 공개된 경우에만 서면경고할 수 있다고 하고, 207④에 따르면 국어공개된 걸로 경고 받거나, 출원공개(항상 국어로 함)임을 알고 실시한 자에 대해 보상금 지급청구를 할 수 있는 점에 비춰봐서는 외국어로 국제공개된 것은 그저 공지기술로서 타인의 출원의 등록금지효만 있는걸로 보이는데.. 외국어로 국제공개된 발명을 제3자가 실시하고 있으면 어떻게 조치를 해야 되나 궁금합니다.",1. 네 2. 빨리 국내공개를 하면 됩니다., ,,17.11.09
특허법,조문,199조,국제특허출원인정 시기,안녕하세요 임병웅 변리사님 공부중 헷갈리는 것이 생겨 질문드립니다. 1) 199조에서 한국을 지정국으로 지정한 국제출원을 국제특허출원으로 인정하는 시기가 언제부터인가요? 국제 사무국에서 지정관청으로 국제출원서와 국제조사 보고서를 송달한 이후부터 인지 국내단계에서 기준일 이후부터 인지 아니면 다른 기준이 있는지 알고 싶습니다 2) 실무상에서는 국제출원을 한 날부터 국제 사무국에서 지정관청으로 국제조사 보고서를 송달하는데까지 걸리는 시간이 어느정도인지 알고싶습니다.,"1. 수리관청에서 수리된 날입니다. 2. 기본서에 있는 표현 그대로 적겠습니다. 국제조사보고서, 국제조사를 하지 아니한다는 선언통지서 또는 국제조사기관의 견해서는 국제조사기관이 조사용 사본을 수령한 날로부터 3개월 또는 우선일로부터 9개월 중 늦게 만료하는 기간에 작성하여야 한다(PCT 규칙 42). 국제조사기관은 해당 서류를 작성 후 신속히 출원인과 국제사무국에 송부한다(PCT 18(2)).", ,,17.11.09
특허법,문제,208조,국제특허출원의 보정시기,"객관식 925페이지 ㉤지문입니다. 지문 ㉤ 국제특허출원에서 특허법 제82조(수수료) 제1항의 규정에 의한 수수료를 납부하고, 동법 제201조(국제특허출원의 번역문) 제1항의 규정에 의한 국어 번역문을 제출하고, 기준일을 경과한 후가 아니면 보정을 할 수 있는 경우가 없다. (X) 해설 : 출원인의 심사청구에 의해 기준일이 확정된 경우에는 동일자라 하더라도 심사청구 이후에는 PCT 제19조 보정과 PCT 제 34조 보정의 번역문 또는 사본을 제출 할 수 없다. (法 204, 205) 해설이 좀 다른 내용인것 같습니다. 기준일 경과 전에도 PCT 19조, 34조 보정을 할 수 있다고 이해하면 되나요? 만약 위 '보정'을 '국내단계에서의 보정'으로 바꾸면 맞는 지문이 될 수 있나요?","1. 해설도 맞습니다. 심사청구한 경우에는 시각주의이기 때문에 기준일 경과후가 틀렸다는 것입니다. 2. 그래도 틀렸습니다. PCT 제19조, 제34조 보정도 번역문, 사본 내에 법 제204조제2항, 제205조제2항에 의해 국내단계의 보정으로 간주되기 때문입니다.", ,,17.11.09
특허법,조문,205조,국제 예비심사,정확한 관련조문을 모르겠어서 205조로 적었습니다.. 1. 국제 예비심사청구후 청구의 취하와 선택국의 취하가 같은건가요? 아니면.. 청구를 취하하면 모든 선택국이 취하되거나 선택국 일부만 취하할 수있나요? 2. 그리고 위와 같이 일부 선택국만 취하하면 그 체약국에서만 국제출원을 취하한 것이 되는 것인가요?,"1. 선택국 일부만 취하할 수 있습니다. 2. 국제예비심사받는 것을 취하하는 것이고, 국제출원을 취하한 것으로 보지는 않습니다. 열공하세요~", ,,17.11.11
특허법,조문,214조,"(결정에 의하여 특허출원으로 되는 국제출원),제207조(출원공개시기),PCT 규칙 54의2.1(국제예비심사의 청구기간)에 관해 질문이 있습니다.","안녕하세요 임병웅 변리사님! PCT 부분을 보다가 이해가 잘안되는 부분이 있어서 질문을 드리게됬습니다. 항상 좋은 답변 감사합니다! 1. 대한민국을 지정국에 포함한 국제출원(특허출원만 해당한다)이 다음의 어느 하나에 해당되는 것을 대상으로 한다.(법 214조 1항) a)수리관청에 의하여 국제출원일 인정이 거부된 경우 b)수리관청에 의하여 국제출원 취하간주 선언된 경우 c)국제사무국에 의하여 소정기간 내 기록원본의 불수리가 인정된 경우 ---->처음 책을 볼때 ""특허출원만 해당한다"" 이부분을 실용신안출원은 안된다는 의미로 해석을 했었는데, 실용신안법에도 결정에의해 실용신안등록출원으로 되는 국제출원의 규정이있어서 제가 잘못 생각을 한거 같아 질문을 드립니다. 상기 지문에서 ""특허출원만 해당한다""는 의미가 혹시 국제 실용신안등록출원은 실용신안법으로 규정한다는 의미 일까요?(아니면 다른 의미일까요...?) 2. 국제 출원의 국내 공개와 관련해서, 국내서면제출기간에 출원인이 출원심사의 청구를 한 국제특허출원으로서 [특허협력조약] 제21조에 따라 국제공개된 경우에는 우선일부터 1년 6개월이 되는 날과 출원심사의 청구일 중 늦은 날이 지난 후 국내공개가 이루어지며(볍 207조1항), 우선일부터 1년 6개월이 지나기 전이라도 출원인이 국어번역문을 제출한 후라면 조기공개의 신청을 할 수 있다. ---->상기 지문에서 말하는 조기공개의 신청은 국내 공개의 조기 공개 신청이기 때문에 국제공개의 조기공개 신청과 달리 특별 수수료를 내지 않아도 될까요? 3. 국제예비심사를 청구하려는 자는 a)국제조사보고서 및 국제조사기관의 견해서 또는 조약 제17조(2)(a)에 따라 국제조사보고서를 작성하지 아니한다는 취지의 선언서를 출원인에게 송부한 날로부터 3개월과 b)우선일로부터 22개월의 기간 중 늦게 끝나는 날 이내에 국제예비심사청구서 2통을 국제예비심사기관에 제출하여야한다. 한편 기간 만료후에 제출된 국제예비심사청구서는 제출되지 아니한 것으로 간주하고 국제예비심사기관은 그러한 선언을 한다.(PCT 규칙 54의2.1). ---> PCT 지문을 보면 불수리 한다는 말은 없고 보통 ""제출되지 아니한 것으로 간주""한다는 표현이 있는데 제출되지 아니한 것으로 간주하는 경우 불수리하는 경우와 어떤 차이가 있을까요?(예를 들어 불복 가부라던지...)",1. 네 2. 네 3. 별도의 행정처분이 없기 때문에 불복이 안 될 것 같네요. 별로 중요하지 않은 내용이니 신경쓰지 않아도 됩니다. 열공하세요~, ,,17.11.17
특허법,조문,201조 8항,보정후의 대체번역문 제출시 효과 질문드립니다.,"안녕하세요 임병웅변리사님 질문 하나 올립니다. 201조 5항, 204조 2항에서 보듯이 PCT출원시 번역문이든 보정의 번역문이든 47조 1항이 적용되지만, 201조 8항에 보면 [동조2항(보정 후의 청구범위에 대한 국어번역문으로 대체 제출)에 따라 보정 후의 청구범위에 대한 국어번역문을 제출하는 경우에는 204조1항,2항을 적용하지 않는다.]라고 나와 있는데요. 그러면 이 보정을 이미 고려한 대체번역문은 204조 1,2항이 적용되지 않아 국내법적용되는 보정에 해당하지 않죠??? 이렇게 이해하고 있었으나 강의노트 502페이지의 [원문에 대한 국어번역문 제출 전 PCT 19보정]에서 PCT 출원 - PCT19보정 - 원문의 번역문(201조2항) - PCT보정의 번역문 여기서 PCT보정의 번역문에만 204조 1항2항이 적용되지 않는다고 표시되어 있는거 같아 혹시나 하고 여쭤봅니다. 감사합니다~","안녕하세요? 법 제201조제8항에 의할 경우 법 제204조제1항,제2항은 적용되지 않습니다. 즉, 문의하신 사실관계에서 <PCT보정의 번역문>이 필요없다는 것입니다. 그런데, 문의하신 것으로 봐서는 법 제204조제1항,제2항을 적용하지 않는다는 것을 잘못 이해하고 있는 것 같네요. 열공하세요~", ,,17.11.21
특허법,문제,198조의 2,"특객 911번 문제 (가), (마) 지문 관련 질문","안녕하세요 변리사님 특객 911번 문제 (가), (마) 지문 관련 질문 드립니다. 1. (가) 조기국제공개를 신청할 수도 있는데 이 경우 국내 조기공개와 마찬가지로 조기공개수수료를 납부하여야 한다. (X) 그런데 이지특허법 p.651의 각주 19)를 보면 19) 출원인이 조기공개신청을 하는 경우에는 국내공개와 달리 특별공개수수료를 주어야 한다(PCT 규칙 48.4) 이 두 내용이 배치되는 것으로 보입니다. 어떤 것이 맞는 것인지 궁금하여 질문 드립니다. 2. (마) 지문의 해설에 선사용권의 판단시점은 번역문 제출시가 아니라 우선일을 기준으로 판단한다. 고 되어있습니다. 이지특허법에 p. 956 선사용에 의한 통상실시권 성립요건 2) ⅱ) 조약우선권주장출원(54조 1항), 국내우선권주장출원(55조 3항)의 경우 선출원일 로 되어있는데 엄밀히 말하면 제1국 출원도 포함되기 때문에 최우선일을 말하는 것이 맞는지요? 최선출원일이 국내 출원된 것 중 최선출원이라고 알고 있는데 선출원일이라는 표현은 제1국 출원을 제외하는 것으로 이해가 되어서 헷깔려서 질문 드립니다. ※ 문제 풀면서 발견한 오류들을 정리하여 아래와 같이 알려 드립니다. 혹시 정오표에 반영되지 않은 것이 있는지 필요하신 것만 참고하시면 될 것 같습니다. (말씀 드린 내용 중에 혹시 제가 잘못 말씀 드린 내용이 있으면 너그럽게 이해해 주시기 바랍니다.) 1. 404번 문제 ㉣ 지문 최선일 -> 최우선일 2. 이지특허법 p.754 224조 -> 223조 3. 544번 문제 ① 해설 문장 이상 4. 588번 문제 ② 해설 때한 -> 대한 5. 661번 문제 ② 해설 114조 2항 -> 114조 3항 6. 696번 문제 ③ 해설 139조 2항 -> 139조 3항 ⑤ 해설 139조 3항 -> 139조 2항 7. 720번 문제 ③ 지문 이상 할 수 있다 -> 하여야 한다? (사견이니 참고만 하시면 될 것 같습니다) 8. 744번 문제 ③ 지문 ""청구에 의해"" 중복 9. 761번 문제 ② 지문 확정되면 ( )의해 10. 781번 문제 ③ 해설 ~ 동일심판에 해당한다. -> ~ 동일심판에 해당한다고 할 수 없다. 11. 786번 문제 ④ 해설 136조 1항 -> 136조 2항2호 12. 이지특허법 p.1182 132의8 -> 132의8 2항 13. 821번 문제 ③ 해설 133의2 2항 -> 3항 14. 이지특허법 p.1221 2007후3572 -> 3752 15. 859번 문제 ① 해설 162조 2항 -> 164조 2항 16. 864번 문제 ③ 해설 문제와 안 맞음 17. 885번 문제 ③ 해설 4조의 4는 해당 X 18. 898번 문제 ① 해설 시행규칙101조는 X (시행규칙 93조의2?) 19. 914번 문제 ⑤ 해설 202의2 3항 -> 200의2 3항 20. 926번 문제 ① 해설 201조 2항 -> 201조 4항 21. 939번 문제 (마) 해설 214조 6항 -> 214조 7항 22. 941번 문제 ⑤ 해설 국제출원인 -> 국제출원일 23. 949번 문제 ④ 해설 35조 1항 -> 36조 2항",안녕하세요? 1. <국내의 조기공개신청과 마찬가지로>가 틀린 내용입니다. 국내의 조기공개신청은 수수료를 납부하지 않습니다. 2. 국내우주나 조약우주나 기초가 되는 출원을 <선출원=우선권주장의 기초출원>이라고 표현하고 있습니다. 객관식은 확인해 본 후 다음 개정시 반영하겠습니다. 감사합니다. 열공하세요, ,,17.11.23
특허법,조문,201조,도면의 국어번역문을 제출하지 않았을때 관련 질문입니다.,"도면의 설명부분에 해당하는 국어번역문이 제출되지 않았을 시 제201조 제5항에 따라 도면의 설명 부분이 삭제보정 된 것으로 간주하게 됩니다. 이는 방식위반으로 특허청장은 보정을 명한다고 써있는데요, 방식위반이 아닌 경우는 없는지 궁금합니다! 즉, 삭제보정으로 간주하고 심사를 그냥 진행할 수 있는 케이스는 없나요??","도면의 설명부분이 있는데 번역문을 제출하지 않았다면 법 제42조제9항 위반이고, 도면의 설명부분이 없다면 번역문을 제출하지 않았다면 특별히 문제될 것은 없습니다. 열공하세요~", ,,17.11.24
특허법,조문,204조,국제특허출원시 언어,영어로 된 명세서로 대한민국 특허청을 수리관청. 국제조사기관으로 국제출원한 경우에 있어서 질문드립니다. 국제조사기관에서 인정하지 않은 언어로 국제출원한 경우에 국제조사용 번역문 제출을 요구할 수 있는데요.(조약규칙) 이 때 인정하는 언어가 국어 영어 일어로 국제출원 이 허용되는 언어랑 동일한가요? 그렇다면 위 사안에서는 국제조사용 번역문을 제출할 필요는 없는것이죠? 항상 감사드립니다! 추운날씨에 건강하세요,"기본서에 있는 내용을 그대로 적으면, 국어출원 - 대한민국 특허청 영어출원 - 대한민국, 오스트리아, 호주 특허청 일어출원 - 일본 특허청 이 국제조사기관입니다. 따라서 위 사안에서 번역문 제출은 필요하지 않습니다. 열공하세요~", ,,17.11.26
특허법,조문,202조,PCT 기초출원,"임변리사님 안녕하세요, 마드리드 의정서는 기초출원or등록을 필수로 하고, 헤이그 조약은 선출원 선등록을 필요로 하지 않는다고 배웠는데 pct의 경우에는 필수로 하는지가 궁금합니다! 아래 그림 중 왼쪽 하단의 그림에 따르면 필요로 하지 않는 것 같은데 맞나요? 항상 감사합니다ㅎㅎ",국내우선권이나 조약우선권 모두 등록을 필요로 하지 않습니다., ,,17.12.08
특허법,문제,210조,제3자 심사청구 가능기간,"안녕하세요 객관식 416번 (마,바 종합) 2018년 5월 15일의 미국 특허출원에 기초하여 우선권주장을 하며 2019년 5월 15일자로 미국특허청에 영어로 된 국제특허출원을 한 후 2020년 11월 15일자로 대한민국 특허청에 번역문을 제출하고 수수료를 납부한 경우 <<제3자>>의 심사청구 가능 시기는 언제인가? 해설에는 제3자는 국내서면제출기간경과후 (2020년 11월 15일부터) 심사 청구가 가능하다고 쓰여있습니다. 국내서면제출기간이 우선일(문제에선 2018년 5월 15일)~2년 7개월이니깐, 2020년 12월 15일부터 심사 청구가 가능하다가 맞는 게 아닌가요? 출원인은 2020년 11월 15일이 맞는데 제3자는 2020년 12월 15일(국내서면제출기간 2년 7개월)이 아닌가요? 감사합니다.",안녕하세요? 오타네요. 2020년 12월 15일부터가 맞네요. 열공하세요~, ,,17.12.09
특허법,문제,197조 2항,이지객관식 903번,1번 관련해서 질문 드립니다. 1번 보기에 나와 있는 미국인 갑은 문제만 보고서 재내자라고 판단할 수 없어 대표자로 정할 수 없다고 판단됩니다. 1번이 정답으로 나와있는데 나머지 보기들이 확실히 틀려 그나마 정답의 가능성이 있는 1번이 답이 된 것인지 궁금합니다. 감사합니다.,"한국인 을을 대표자로 <간주>한다가 틀린 내용입니다. 법 제197조 제2항은 특허청장의 재량이고, <간주>한다가 적용될 여지가 없습니다. 해설에도 설명이 되어 있네요~", ,,17.12.10
특허법,조문,199-214조,국제특허출원의 다른 출원의 지위,"임변리사님 안녕하세요, 특객 921p의 4번 지문에 대해 질문드리려 합니다. A국제특허출원의 발명의 설명,청구범위 또는 도면에는 발명 ㄱ,ㄴ이 기재되어 있고 A를 기초로 하는 특허출원 등에 의한 우선권주장을 수반하는 특허출원 B의 출원서의 최초로 첨부한 명세서 또는 발명 ㄴ,ㄷ 이 기재되어 있는 경우에 A의 출원일 후 B의 출원일 전에 발명 ㄱ에 대해서는 특허출원 C가 된 경우, C는 A에 의해 거절되는 경우가 있다. 해설에서는 우선권주장을 국제출원일로부터 1년 3개월 또는 기준일 중 늦은 때 이전에 우선권주장을 취하하고, 국어번역문 제출과 수수료를 납부하면 확선의 지위가 인정되어서 C가 확선에 의해 거절될 것이라고 했는데요, 번역문의 청구범위에서 ㄱ이 삭제되지 않는다면 선출원의 지위로 인해 거절되는 것도 맞나요? 항상 감사드립니다!",안녕하세요? 번역문의 청구범위에서 ㄱ이 있다면 선출원위반도 됩니다. 열공하세요~, ,,17.12.10
특허법,조문,203조,국내진입의사표시서면의 제출,"임변리사님 안녕하세요, 203조의 국내진입의사표시서면의 제출기간은 법정기간인가요? 번역문을 우선일로부터 2년 7개월 이전에 제출하고 수수료 납부한 다음 심사청구를 했을 때, 국내진입의사표시서면은 기준일 이후에도 2년 7개월 이내면 제출할 수 있는지, 기준일까지로 단축이 되는지 궁금합니다. 항상 감사드립니다!!",안녕하세요? 법정기간입니다. 법 제203조제1항후문에 의해 국내진입의사표시서면은 번역문과 함께 제출합니다. 열공하세요~,"1) 번역문과 국내진입의사표시서면을 2년 7월 이전에 함께 제출 2) 국내진입의사표시서면을 2년 7월 이전에 제출하고, 번역문만 연장기간내에 제출 이렇게 2가지 케이스만 존재하는 것인가요?",네. 그렇습니다. 법조문에 조금 더 치중해서 공부를 해 보세요~,17.12.10
특허법,문제,192-198조,국어번역문의 제출,"임변리사님 안녕하세요, 다음 보기3번에서 궁금증이 생겨 질문드립니다. 대한민국을 지정국으로 하여 국어로 국제출원하였더라도 34조 보정에서는 다른 언어로 보정할 수도 있으니까 이 경우에 34조 보정의 보정서에 대한 국어번역문을 제출하는 경우도 있지 않을까...생각했는데 절차적으로 아닌가요, 아니면 일반적으로 대한민국을 지정국으로 하는 경우에 굳이 그럴 일이 없는 건가요...? 항상 감사합니다!",안녕하세요? 국어로 출원한 경우 그대로 공개됩니다. 34보정 언어와 공개 언어는 전혀 상관없습니다. 열공하세요~, ,,17.12.31
특허법,조문,202조,선출원의 취하간주시기 질문입니다,안녕하세요! Pct에서 국내우선권주장 질문드립니다! 1.선출원의 취하시기와 관련하여 국제출원일로부터 15개월과 기준일 중 늦은 때인데 여기서 기준일은 '선출원'의 기준일을 의미하나요? 2.국내우선권주장의 취하시기는 우선일로부터 30개월 지나기전과 심사청구일 중 빠른 날로 알고 있습니다 여기서 심사청구하는날은 ' 후출원'의 심사청구일을 의미하나요? 멍청한 질문일수도있지만 계속 헷갈려서 질문드립니다..감사합니다!,안녕하세요? 1. 네 2. 네 열공하세요~, ,,18.01.03
특허법,조문,195조,보정명령 질문 드립니다.,195조는 46조와는 다르게 수수료를 내지 아니한 경우를 포함하고 있지 않은데 교재 내용을 읽다보니 국제출원절차에서 수수료를 내지 않은 경우도 보정 사유에 포함되어 있던데 그 이유가 궁금합니다. 감사합니다.,시행규칙 제104조에 기재되어 있습니다. 기본서를 한 번 정독해 보세요~, ,,18.01.09
특허법,문제,"201, 210조",국어번역문과 심사청구,"변리사님 안녕하세요 특객 918번 1번 보기 질문 드립니다. (문제첨부) 해설에는 국제출원일부터 3년 이내인 18년 1월 30일까지 심사청구를 하여야한다고 되어있습니다 저는 지문상으로 우선일로부터 2년7개월 이후에 국어번역문을 제출했으므로 17년 10월 20일에는 이미 취하간주된 상황이어서 설문 자체가 틀렸다고 생각을 하고 풀었는데요, 국어번역문 제출기간을 연장했다 하더라도 최대 2017년 9월 30일까지 국어번역문이 제출되지 않으면 취하간주되어서 심사청구까지 갈 수 없다고 생각했는데, 지문처럼 10월 20일에도 번역문 제출 가능한 경우가 어떤 경우인지 궁금합니다. 감사합니다.","안녕하세요? 문제의 날짜를 수정하는 과정에서 착오가 있었네요. 날짜가 2017년 10월 20일이 아닌 2016년 10월 20일이 맞습니다. 그렇다고 할지라도 어차피 틀린 지문이니, 답은 변함이 없네요. 열공하세요~", ,,18.01.11
특허법,문제,194조,53회 기출 8번의 ④번 지문에 대한 질문입니다.,"안녕하세요. 위 ④번 지문에서 '2개월'이 정확한 표현인지 궁금합니다. 특허법 194②의 기간은 법정기간이 아니며, 누락된 부분에 대한 보완시 2개월(시규99의2①)의 기간을 주는 것으로 알고 있습니다. 그런데 ④번 지문은 누락된 부분에 대한 보완이라고 특정하여 기술하고 있지 않았음에도 기간을 2개월이라고 명시적으로 기재한 것은, 따지자면 틀린 표현이 아닐까 하는 생각이 듭니다. 물론 ③번이 화끈하게 정답이라서 답 맞추는 것에는 지장없으나, 의문이 안풀려 질문 남깁니다. 바쁘시겠지만 답변 부탁드리겠습니다. 항상 고맙습니다.","안녕하세요? 지정기간을 어떻게 할 지는 수리관청별로 차이가 있는 것(재량)이고, 지정기간을 2개월 이내라고 틀린 표현이라 할 수 없습니다. 열공하세요~", ,,18.01.17
특허법,문제,210조,국제특허출원의 심사청구 관련 질문 있습니다.,"12년도 기출문제 관련해서 질문 있습니다. 객관식문제집 918번입니다. 갑은 일본 국내특허출원이 없이 2015년 1월 30일에 일본 특허청을 수리관청으로 하고 우리나라를 지정국으로 하여 특허협력조약에 의한 국제출원을 하였다. 다음 설명 중 옳은 것은? 1번 지문을 보면 갑이 2017년 10월 20일에 우리나라 특허청에 국제특허출원의 국어번역문을 제출한 경우, 2020년10월 20일까지 심사청구를 하지 않으면 그 특허출원은 취하된 것으로 본다. 라는 지문이 있는데요. 옆의 해설에 보면 국제출원일로부터 3년 이내인 2018년 1월 30일까지 심사청구를 하여야 한다. 라고 해설이 달려있는데, 번역문제출기간이 우선일로부터 2년 7개월이므로 2017년 8월 30일을 넘어서 국어번역문을 제출했으므로, 취하되어 심사청구기간을 고려할필요도 없이 틀린지문아닌가요..?",네. 해설이 잘못되었네요~, ,,18.02.01
특허법,문제,194조,"보완사유, 보정사유 관련 질문 있습니다.","15년도 기출지문입니다. 국제특허출원의 출원인은 국내서면제출기간에 출원인의 성명 및 주소, 발명의 명칭 등을 기재한 서면을 특허청장에게 제출하여야 하는데, 그 서면을 국내서면제출기간에 제출하지 아니한 경우 특허청장은 보정기간을 정하여 보정을 명하여야 한다. 라는 지문이 옳은 지문으로 되어 있는데요.. 출원인의 성명 및 주소는 보정사유가 아니라 보완사유 아닌가요?ㅜㅜ",국제출원단계와 국제특허출원의 국내단계진입단계를 구분 못하고 있네요. 법 제203조를 읽어 보세요~, ,,18.02.02
특허법,조문,201조 3항,42조의3 3항과 차이,42조의3 3항에서 보정 또는 심사청구 후에는 국어번역문을 제출할 수 없도록 규정하는데 이와 달리 201조3항에서는 심사청구 후에 제출할 수 없다고 하여 보정여부는 규정하지않고있는데 이는 어떤 까닭인지 궁금합니다.,법 제208조 제1항에 따라 국내단계로 진입한 후에만 보정할 수 있기 때문입니다. 열공하세요~,"질문을 보충하자면 208조1항에 따라 수수료, 번역문 제출하고, 기준일 지나 보정을 한 경우에는 (동일한 취지의 42조의3 3항처럼) 201조3항에 따라 (국내서면제출기간까지) 새로운 국어번역문을 제출하는 것을 막아야하는것이 아닌가라는 생각이 들어 질문하였습니다.","기준일이 지났다는 것은 번역문이 확정되었다는 것이고, 그 후에는 번역문 교체가 보정과 상관없이 불가능합니다.",18.02.02
특허법,조문,201조,번역문의 제출,"201조에서 괄호부분에 해당하는 경우에는 2가지 케이스 이외의 2년7월이전에 번역문을 먼저 제출하고, 그후에 국내진입의사표시서면을 제출한 경우에 해당하는 것이 아닌지가 궁금합니다. 그렇다면 본문에서 질문드렸던 부분도 고려할 수 있는 것이 아닌지..가 궁금합니다. 항상 감사합니다!! 좋은 하루 되세요!","법 제203조제1항후문에 따라, 국내진입의사표시서면없이 번역문만 제출할 수 없습니다. 법 제201조제1항 단서에서 괄호는 본문의 기간내에 번역문과 함께 국내진입의사표시서면을 제출한 후, 다시 번역문 제출기간을 연장하기 위해서 그 취지를 적은 국내진입의사표시서면제출은 허용되지 않는다는 것입니다. 열공하세요~", ,,18.02.08
특허법,문제,202조,국제특허출원의 확대된 선출원의 지위,"임변리사님 안녕하세요, 아래 2번 지문에서 을의 출원Z는 출원Y의 소급효가 적용된 선출원의 지위에 의해서도 등록받을 수 없는 게 맞나요? 답변 미리 감사드립니다!!",네, ,,18.02.08
특허법,조문,199조,국제특허출원에는 직권보정 조문을 적용할수 있나요?,"안녕하세요 선생님. 질문이 있어 글을 올립니다. 상표법 제193조(상표등록결정 및 직권에 의한 보정의 특례) ① 국제상표등록출원에 대하여 제68조를 적용할 경우 ""거절이유를 발견할 수 없는 경우에는""은 ""산업통상자원부령으로 정하는 기간 내에 거절이유를 발견할 수 없는 경우에는""으로 본다. ② 국제상표등록출원에 대해서는 제59조를 적용하지 아니한다. 디자인 보호법 제195조(직권보정의 특례) 국제디자인등록출원에 대하여는 제66조를 적용하지 아니한다. 위와 같은 규정을 보아 상표법과 디자인 보호법에는 국제출원을 하여 우리나라로 진입하면 직권보정 규정은 적용하지 않음을 알수 있었습니다. 그러나 특허법에는 국제특허출원시 직권보정을 적용하지 않는다는 규정이 없어서 질문을 드립니다. 국제특허출원을 하면 다른 법과 같이 직권보정규정을 적용하지 않나요 아니면 적용할수가 있는 건가요?",적용가능합니다. 특허법에는 특별한 제한이 없습니다., ,,18.02.10
특허법,문제,205조,국제예비심사보고서 작성전의 보정,"이지특허법객관식에 실린 11년도 기출변형문제에 관하여 질문입니다. 선지4. 국제특허출원을 외국어로 출원한 출원인은 특허협력조약 제34조2.b에 따라 국제협력출원의 발명의 설명, 청구범위 및 도면에 대하여 보정을 한 경우, 기준일까지 그 보정서의 국어번역문을 특허청장에게 제출하여야 한다. 위 보기의 틀린 이유가 외국어로 보정서를 작성한 경우에는 국어번역문을 제출하여야 하지만, 국어로 보정서를 작성한 경우에는 그 사본을 제출하여야 하기 때문에 인지 궁금합니다.",네 그렇습니다., ,,18.02.20
특허법,조문,202조,2항 단서 확선지위,"선출원이 한국특허출원이고 후출원이 pct출원일때, 202조2항단서에 의해 후출원이 취하간주되는 경우 55조4항이 적용되지 않는 것으로 알고있는데 후출원 pct가 국어로 출원된 것이고 따라서 국제공개로 인해 확선지위 생겼더라도 국내단계진입하지않아 취하간주된 경우에도 동일하게 202조2항단서가 적용되어 선출원과 후출원사이 확선지위가 사라지는지 궁금합니다!",후출원이 국어인 경우에는 법 제201조의 적용을 받지 않기 때문에 취하간주되지 않습니다. 그리고 국제공개된 경우에는 국내단계로 진입여부와 무관하여 확선의 지위가 인정됩니다. 열공하세요~, ,,18.02.23
특허법,판례,,대법원 2017.4.28선고 2014두42490,"안녕하세요 임병웅 변리사님. 판례강의 수강 중 생긴 궁금증에 대해 질문드립니다. 판례의 문구에 대해서 정확히 이해가 안 되어서 그런데요, 아래는 대법원 2017.4.28선고 2014두42490 의 판결요지입니다. 우선일은 특허협력조약과 그 규칙에서 국제특허출원의 국제공개, 국제조사, 국제예비심사 청구 등 국제단계를 구성하는 각종 절차들의 기한을 정하는 기준으로 되어 있고, 구 특허법에서도 명세서 및 청구의 범위 등에 관한 번역문의 제출기한의 기준일로 되어 있는 등, 출원 관계 기관의 업무와 관련자들의 이해관계에 중대한 영향을 미치게 되므로, 우선일은 일률적으로 정하여질 필요가 있다. 따라서 국제특허 출원인의 우선권 주장에 명백한 오류가 없다면 그 주장하는 날을 우선일로 보아 이를 기준으로 특허협력조약 및 구 특허법에서 정한 절차를 진행하여야 하며, 그 우선권 주장의 실체적 효력 유무에 따라 달리 볼 것은 아니다. 여기서 실체적 효력에 따라 달리 볼 것은 아니라는 것이, 출원인이 주장한 우선권이 실제로는 요건을 충족하지 못하여 착오로 인정되었더라도 일단 등록된 이상 이를 부정할 수 없다는 취지인가요? '출원인의 우선권 주장에 명백한 오류가 없다'면 왜 저런 표현이 나왔는지 궁금합니다.",우선권주장을 명백히 불인정할만한 사정이 없다면 우선일의 변경이 없다는 것입니다., ,,18.02.24
특허법,조문,203조 3항,국내진입의사표시서면 제출 시 보정 관련 질문,"안녕하세요 변리사님 203조 3항 1호 법조문과 관련하여 질문이 있습니다. 203조 3항 : 특허청장은 다음 각 호의 어느 하나에 해당하는 경우에는 보정기간을 정하여 보정을 명하여야 한다. 1. 제1항 전단에 따른 서면을 국내서면제출기간에 제출하지 아니한 경우 203조 서면을 제출기간에 제출하지 아니한 경우 보정을 명하여야 한다고 되어있는데, 제출기간에 제출하지 못했는데 보정이 가능한 경우가 어떠한 경우가 있는지 궁금하여 질문 드립니다. 최근에 특허판례정리 강의를 수강하였는데 많은 도움이 되었습니다. 항상 감사합니다.",보정명령을 한다고 하여 그에 따라 하자를 치유할 수 있는 것은 아닙니다. 무효로 하기 위한 절차적 정당성을 확보하기 위한 것이라고 생각하면 됩니다. 열공하세요~, ,,18.03.08
특허법,조문,207조,207조 질문드립니다.,"47회 기출지문 중 특허법상 출원공개에 대한 설명으로 옳은 것 찾는 보기중 ""국제특허출원은 원칙 국내서면제출기간 지난 때 출원공개된 것으로 보며~""라는 표현이 있는데 국제공개는 국제출원으로 1년6월이고 국내공개가 국내서면제출기간 지난 후가 원칙인데 위 표현에 국내라는 표현이 추가되야 정확한 것이 아닌지 궁굼합니다. 감사합니다.","출원공개=국내공개 입니다. 출원공개가 법문상 표현이고, 국내공개는 강학상 표현입니다. 열공하세요~", ,,18.03.10
특허법,조문,"204조, 205조",[204]와 [205] 관련한 질문입니다,"안녕하세요 임병웅 강사님 국내 특허법 204,205에 의하면 pct 19,34의 보정에 대하여 번역문을 제출한 경우에 한해 국내에서의 보정의 효과를 부여한다고 규정하는데요.. 그렇다면 19에 의한 보정과 34에 의한 다수의 보정이 있던 경우, 출원인이 임의로 제출한 보정서 또는 사본이 결국 국내 pct에서의 등록요건 판단 대상이 된다는걸로 이해하면 되는건가요?? 그렇다면 이 경우, pct 절차에 따라 다른 나라에서 등록된 청구범위랑 우리나라의 등록된 청구범위 역시 달라질수도 있는건가요??","안녕하세요? 네, 법 제47조제1항본문 시기의 보정으로 간주됩니다. 열공하세요~", ,,18.06.22
특허법,조문,202조,[202]에 대한 질문입니다,"안녕하세요 임병웅 강사님 pct 출원과정에서의 확대된 선출원주의 규정위반에 대한 질문입니다. 1. 여기서 선후출원들이 pct 출원이 섞인 자기지정인 경우에, 타 출원의 경우에는 확대된 선출원주의 위반 사유가 있을수 있는데요. 이 경우에는 202조 위반으로 부등록이 되는 경우가 있나요...? 아니면 202조의 적용을 통해 55조 56조의 적용으로 거절이유가 통지되는건가요?? 2. 해당 조문의 형태를 보면 후출원이 pct인 경우에 있어서는 기준일을 통과하지 못한 경우에 확대된 선출원이 인정되지 않는 경우가 있다고 하는데요.. 그렇다면 선출원이 pct인 경우에 있어서는 선출원의 pct가 서면제충을 해태하여 취하간주 되어, 확대된 선출원이 인정되지 않는 경우는 없는건가요...?? 답변 감사합니다!","안녕하세요? 1. 질문의 요지를 잘 파악하기 힘드네요. 구체적인 케이스를 가지고 다시 질문해 주세요. 2. 법 제55조제6항을 살펴보면, 선출원은 번역문을 제출하지 않아 취하간주되더라도 확대된 선출원의 지위가 인정됩니다. 열공하세요~ 답글기능 더보기", ,,18.06.22
특허법,조문,202조,자기지정의 경우에 대한 질문입니다,"안녕하세요 임병웅 강사님 자기지정 판례에 대한 질문입니다 제가 이해한 바가 맞는지가 궁금합니다.. 1. 자기지정의 경우에 선출원이 국내출원인 경우와 pct출원인 경우에 있어서, 국내출원인 경우에는 좀더 빨리 취하간주가 될수 있다는 규정이 있어서 이에 대해 해석한 판례가 있는것으로 알고있는데 이게 맞는건지요...? 2. 그런데 후출원이 pct인 경우에 있어서 국내서면기간안에절차를 수행하지 않는 경우에 있어서는 확대된 선출원 규정이 적용되지 않는게 맞는지요...? 3. 따라서 선출원이 국내출원인 경우에 이에 대해 취하간주 되지 않은 상태라면, 후출원을 보정 등을 함으로써 선출원에 대한 확대된 선출원 규정을 적용하기 위한 보정이 가능한데, 해당 보정 기간이 짧아지는 부조리한 점이 있는것이다.. 맞는건가요?? 4. pct의 자기지정 파트에서 확선과 취하간주 법리가 너무 어렵네요ㅠㅠ혹시 핵심되는 조문의 연결고리를 좀 알수있을까요??해당 조문들이 너무 길기도 하고 인용되는 조문이 많아서 잘 안와닿습니다..ㅠㅠ 답변 감사합니다!","안녕하세요? 1. 판례가 아니라 법 규정입니다. 국내출원인 경우 법 제56조제1항이 적용되고, PCT출원인 경우 법 제202조제3항이 적용됩니다. 2. 후출원이 외국어인 경우 확선의 지위가 발생하지 않지만, 국어인 경우 발생합니다. 3. 선출원이 취하간주되지 않았다면 우선권주장을 취하하여 선출원의 확선지위를 발생시킬 수 있습니다. 부조리한 점이 무엇인지 이해가 되지 않는군요. 4. 연결고리가 문제가 아니라 법 제202조를 완벽히 이해 못하고 있는 것 같습니다. 조문이 길더라도 어떤 의미를 갖는지 기본적인 파악이 안 되다면, 응용적인 부분에 대한 이해는 더더욱 안 될 수밖에 없습니다. 열공하세요~ 답글기능 더보기", ,,18.06.26
특허법,조문,202조,pct간의 우선권주장에 대한 확대된 선출원 규정 질문입니다,안녕하세요 임병웅 변리사님 우선권주장을 동반한 출원에 대해 확대된 선출원 규정의 질문인데요.. 국내출원/국내출원과 pct출원/국내출원은 55조에서 확대된 선출원 규정을 규율하고 국내출원/pct출원은 202조2항에서 규율하는걸 알겠는데요... pct/pct출원에 대한 확대된선출원은 몇조 몇항에 있는건가요...?ㅜㅜ 답변 감사합니다,"안녕하세요? 잘못 이해하고 있습니다. 1. 국내-국내: 법 제55조제4항 2. 국내-PCT: 법 제202조제2항 3. PCT-국내: 법 제202조제3항제2호, 제55조제6항 4. PCT-PCT: 법 제202조제2항, 법 제202조제3항제2호, 제55조제6항 입니다. 기본서 정독이 부족한 것 같네요. 한 번 정독해 보세요~", ,,18.06.28
특허법,문제,194조,특허기출문제 194조관련 질문,"안녕하세요 임병웅 강사님 PCT강의를 듣고 강의노트581p에 있는 16년도 기출문제를 풀다가 4번지문에 국제출원이 '국제출원일 인정요건'을 갖추지 못한경우 수리관청은 출원인에게 2개월 보완할 것을 통지하며, 출원인이 통지된 내용에 따라 2개월 이내에 보완한 경우 보완서가 제출된 날이 국제출원일이 된다. 가 맞는 지문으로 나와있는데요 3가지 의문이 있습니다. 1번 국제출원일 인정요건을 갖추지 못한경우는 보완사유에 해당하는 것이지 누락된 부분의 보완이 아니라서 출원일 인정하지 않고 보완명령 해야하는거 아닌가요? 2번 특허청장이 통지해야 하는데 수리관청이라고 했으니 틀린지문 아닌가요? 3번 보완서가 제출된 날이 아니라 접수된날 아닌가요?","안녕하세요? 1. 네. 그렇습니다. 2. PCT 규정은 수리관청이라고 되어 있고, 그 수리관청 중 하나가 특허청입니다. 3. 도달주의를 취하기 때문에 제출된 날 = 접수된 날 입니다. 열공하세요~", ,,18.07.03
특허법,조문,"204, 205조",[204조]와 [205조]의 보정의 효과 관련해서 질문드립니다,"안녕하세요 임병웅 변리사님 해당 절차와 관련하여 질문드립니다. 국제조사보고 또는 예비심사 절차에서 출원인이 pct 19조 보정 또는 34조 보정을 한 경우에 있어서요.. 해당 보정 자체가 부적법하더라도 이에 대해서는 별도의 거절이유를 통지하지 않으나, 국내단계에 진입하면서 출원인이 번역문 또는 보정서 사본을 제출함에 따라 보정의 효과가 인정되는 경우에는 국내법상의 보정의 효력을 고려하여, 거절이유를 통지하는게 맞는건가요..?? 답변 감사합니다.",안녕하세요? 네. 맞습니다. 법 제47조제1항본문의 시기 보정에 해당하기 때문에 최초거절이유통지를 하게 됩니다. 열공하세요~, ,,18.07.09
특허법,조문,203조,[203]의 우선권주장 출원과 번역문주의에 대한 질문입니다.,"안녕하세요 임병웅 변리사님 종래의 번역문주의에 대한 질문인데요.. 최근에는 개정을 통해, 원문주의로 전환됨에 따라, 원문에만 기재된 발명에 대해서도 확대된 선출원주의 무효사유 등을 판단하는데, 종래에는 번역문을 기반으로 판단했던게 맞나요?? 그렇다면 여기서 제가 궁금한 점이 있는데, 편의상 그림을 첨부하겠습니다. 여기서 을이 15.11.30일에 출원하면서 우선권 주장을 하였으나, 이 출원과정에서 출원공개되기 전에 보정을 B를 삭제하는 취지의 번역문을 제출하는 경우에는 해당 B발명에 대해서는 판단시점도 소급하지 않았던것 맞나요?? 이에 번역문주의에 의할 때에는 병이 등록이 가능했던건가요?? 답변 감사합니다.",안녕하세요? 네. 맞습니다. 열공하세요~, ,,18.07.09
특허법,문제,194조,194조 질문드립니다.,안녕하세요 임병웅 변리사님! 위 사진에 보기 2번이 궁금합니다. 질문의 의도는 발명의 설명 또는 청구범위 일부에 대한것이라면 서면으로 절차 보완을 명할수 잇다는 것이 맞지만. 위의 보기처럼 발명의 설명 또는 청구범위이라고 되어있으면 청구범위 전부에 대하여는 문제가 될수 있다고 생각이 들어서 틀렸다고 봐야 할거 같습니다... 제 생각이 어떠한지 궁금합니다.,"안녕하세요? 완전히 잘못 이해하고 있습니다. 전부를 제출하지 않은 경우 출원일을 인정하지 않고 보완을 명하는 것이고, 일부를 제출하지 않은 경우 출원일을 인정합니다. 기본서를 더 정독해 보세요~", ,,18.08.28
특허법,조문,203조,국내진입의사표시 서면 제출 관련 문의,안녕하세요 임병웅변리사님 다름이아니라 PCT관련 복습중 질문사항이 생겨 글 남깁니다. Q1. 203조 1항 전단을 보면 국제특허출원의 출원인은~특허청장에게 제출하여야한다. 라고 되어있는데요. 그럼 국제특허출원이 국어로 된경우에도 번역문은 제출하지 않지만 국내진입의사표시 서면은 따로 제출해야 하는건가요? Q2. 추가적으로 42조의3에서 3항에 따르면 국어번역문 교체는 보정이 된 경우 그 이후에는 교체를 할 경우 47조 2항의 후단의 판단대상이 바뀌게 되므로 금지를 시키고 있는데 오역정정의 경우는 보정이 먼저 되더라도 할 수 있는건가요? 또한 이 경우(보정이 먼저된 뒤 오역정정이 되는경우)가 허용된다면 이때는 47조 2항 후단의 판단대상이 바뀌게 되는 문제가 발생하지 않는 이유가 있나요? 항상 좋은 강의 감사합니다!,안녕하세요? 1. 네. 법 제203조를 확인해 보세요. 2. 오역정정은 할 수 있습니다. 오역 정정은 발명의 내용을 바꾸는 것이 아니라 단순히 잘못 번역된 것을 바꾸는 것에 불과하기 때문에 이를 인정해도 심사대상의 바뀜으로 인한 폐해가 발생할 여지가 없습니다. 열공하세요~,그러면 예를들어 번역문제출이 있고 보정을 한뒤에 오역정정을 한경우 보정의 신규사항추가판단시(47조 2항) 47조 2항 후단의 판단대상인 번역문은 정정후 번역문이 되는것인가요?,네 그렇습니다,18.08.29
특허법,조문,202조 3항 2호,특허출원 등에 의한 우선권 주장의 특례,"안녕하세요 국내우선권주장의 취하 가능시기에서 후출원에 관계없이 선출원이 PCT출원일 때 선출원의 취하는 ‘국제출원일부터 1년 3개월이 지난 때와 기준일 중 늦은 때 취하간주(202조3항)’ 라고 되어있는데 이 조문에서 기준일이 왜 존재하는지 궁금합니다. 기준일의 의미에 대해서는 알고있습니다. 즉, 56조 1항 [선출원의 출원일로부터 1년3개월이 지난 때] 가 202조 3항 [국제출원일부터 1년 3개월이 지난 때와 기준일 중 늦은 때] 로 바뀌었는데, 기준일이 갑자기 왜 튀어나오는지가 이해가 안갑니다. 그 부분에 대한 입법취지를 설명해주시면 감사하겠습니다.",안녕하세요? 여기서 기준일은 후출원의 기준일을 말합니다. 후출원이 국내단계로 진입해야만 선출원을 취하간주시키겠다는 것이 입법취지입니다. 제목이 질문규칙에 맞지 않네요. 수정해 주세요., ,,18.09.06
특허법,조문,207조,국제출원의 국제공개와 통상의 국내출원의 국내 공개,"안녕하세요! 열심히 특허법을 공부하고 있는 학생입니다. PCT를 공부하다가 국제공개 및 국내공개의 객체적 요건에 대해 질문을 드립니다. 이지특허법 17판 p676쪽 표5-8에 국제공개와 국내공개의 비교 표가 있습니다. 국제출원의 국제공개의 객체적 요건 중 ②공서양속 위반 통상의 국내출원의 국내공개의 객체적 요건 중 ⑤공서양속에 어긋나거나 공중의 위생을 해칠 우려가 있는경우 두 가지에 해당하면 국제공개/국내공개하지 아니한다고 되어있습니다. 그러나 64조 4항 및 5항에 출원공개의 예외에 대해 규정하고 있으나 이와 같은 내용은 포함하지 않고, 공서양속 등의 해당조문 32조도 출원공개를 하지 않는다고 규정하고 있지 않습니다. 216조(서류의 열람등)2항 3호에 비슷한 내용이 있기는 하나, 이는 출원공개를 금하는것이 아닌 서류의 열람을 금하는 규정일 뿐입니다. 디자인보호법 52조 2항과 같이 공서약속 위반 등에 대해 출원공개하지 않는다는 특허법상 규정은 어디에 근거한 것인지 궁금합니다. 국제공개에 대한 규정도 마찬가지로 어디에 근거한 것인지 궁금합니다. 감사합니다.","안녕하세요? 각각 해당 파트를 보면 근거가 다 붙어 있습니다. 국내공개는 시행령 제19조제3항단서이고, 국제공개는 PCT 21(6) 입니다. 한 번 정독해 보세요.", ,,18.09.11
특허법,조문,201조,201조 질문드립니다.,"안녕하세요 임병웅 변리사님 문제를 풀다 궁금한게 있어 질문드립니다. ""외국어로 국제특하출원을 한 출원인이 국내서면제출 기간에 도면의 설명부분에 대한 국어번역문을 제출하지 아니하면 특허청장은 보정을 명령한다"" 이 지문을 맞는 지문으로 보았습니다. 그 이유는 46조로 보정을 명하고 16조로 무효를 할수 있기 때문입니다. 그런데 위 지문이 틀렸다고 하는데 그 이유가 ""최종국어번역문에 의해 원문이 보정된것으로 간주되므로 이 경우에 도면의 설명부분은 삭제 보정된것으로 간주된다"" 라고 하는데.... 도해 특허법의 내용을 위 해설처럼 생각을 해야하는 건가요??",안녕하세요? 맞는 지문입니다. 법 제42조제9항 위반으로 보정을 명합니다. 열공하세요~, ,,18.09.14
특허법,조문,202조,국내우선권 주장의 취하 가능 기간 (시행규칙106의7 참고),"안녕하세요 국제특허출원에서 자기지정에 해당하는 유형의 경우 국내우선권 주장 취하는 우선일로부터 2년6개월 지나기 전과 국내서면제출기간 전에 출원인이 출원심사청구를 하기 전 중 빠른 때까지 가능하며, 이때 출원인이 출원심사청구 하기 전 중 빠른 때 를 역일주의라 본다고 답해주셨습니다. (출처 : http://cafe.daum.net/ezpatent/7ZIX/278) 그렇다면, 1. 국내우선권 주장 취하는 우선일로부터 2년6개월 지나기 전과 국내서면제출기간 전에 출원인이 출원심사청구를 하기 전 중 빠른 때까지 가능하다 (O, 도해 12판, p.342) 2. 국내우선권 주장 취하는 우선일로부터 2년6개월 지나기 전과 국내서면제출기간 전에 출원인의 심사청구일 중 빠른 때까지 가능하다 (O, 역일주의) 3. 국내우선권 주장 취하는 우선일로부터 2년6개월 지나기 전과 국내서면제출기간 전에 출원인이 출원심사청구를 한 때까지 중 빠른 때까지 가능하다 (X, 역일주의) 라고 판단하면 되나요? 좋은 강의에 항상 감사드립니다.",안녕하세요? 1.3이 맞고 2번이 틀립니다. 역일주의에서 시각주의로 바뀌었습니다. 열공하세요~, ,,18.12.12
특허법,조문,199조,국제출원에 의한 특허출원,임병웅 변리사님 안녕하세요 공부중 궁금한 것이 생겨 질문드립니다. A국에서 한국을 지정국으로 하여 pct 출원을 한 경우 한국 특허청은 A국에서 pct 출원이 있었다는 사실을 언제 알게되는 것인가요? 예를 들어 A국에서 pct 출원하여 국제출원일이 인정된 경우 국제사무국에서 한국 특허청에 통지해주는 방식인지 다른 방식인지 궁금합니다.,"안녕하세요? 한국의 국내단계로 넘어오거나, 국제공개가 되면 알게 됩니다. 열공하세요~", ,,18.12.18
특허법,조문,201조 7항,오역의 정정,"안녕하세요? 201조7항에서 47조1항1호와 47조1항2호의 시기만 규정해놓았는데 47조1항본문의 시기, 47조1항3호의 시기에는 왜 그 적용이 없는지 궁금합니다.","안녕하세요? 본문의 시기는 종합한 것을 가지고 판단하고, 제3호의 시기는 여러 차례 정정이 있을 수 없기 때문입니다. 열공하세요~ 답글기능 더보기", ,,18.12.19
특허법,조문,194조,국제출원일의 인정,"안녕하세요 변리사님! 국제출원일 인정과 관련하여 자동지정을 어떻게 취급할지에 대한 질문인데요, 1. 특허객관식 p.912(91년기출)을 보면 국제출원의 출원서에 반드시 기재하지 않아도 되는 것은? 4) 지정국기재(정답보기) 2. 특허객관식 p.917(13년기출) 국제특허출원에 있어서 특허청장의 보완명령에 따라 출원인이 그 보완명령에 관계되는 서면을 제출하는 경우에 서면의 도달일을 국제출원일로 인정하는 경우가 아닌 것은? 2) 국제특허출원서에 해당 출원한 발명의 보호가 요구되는 특허협력조약의 체약국을 지정하지 않은 경우(정답보기) 로 나오는데요! 첫 번째 문제같은 경우 출원서 제출시 반드시 제출 안해도 자동지정이 되므로 상관없다 하던데, 두 번째 문제에서는 지정국을 지정하지 않으면 보완사유에 해당하여 보완한다고 해서, 마치 첫번째문제는 자동지정을 중점으로, 두번째문제는 법조문을 중점으로 다루듯이 결론을 낸 것 같아서 어떻게 판단을 할 지 의문이 듭니다. 그리고 첫번째 문제 91년 기출같은 경우에는 아직 자동지정제도가 도입되기 전이었는데 저 보기가 정답이었던 것인가요? 문제옆에 91년 기출 변형이라고는 써있지 않지만 혹시 문제 변형과정에서 양 문제간에 모순된 결론이 나온 게 아닐까 혹시나 해서 질문드립니다! 답변부탁드립니다. 추운날 감기 조심하세요!","안녕하세요? 자동지정제도의 도입으로 지정국 기재는 하지 않아도 되기 때문에, 보완사유의 규정이 있기는 하지만 사문화된 내용으로 이해하면 됩니다. 참고로 기출문제는 최근 법 규정에 맞춰 변형하였기 때문에 91년 당시에는 답이 아니었습니다. 열공하세요~", ,,18.12.23
특허법,문제,208조 1항,보정의 특례,"보정의 특례 관련하여 질문있습니다! 특허객관식 p.957 5번 지문을 보면 국제특허출원을 국내단계에서 보정하려는 출원인이 수수료를 납부하고 국어번역문을 제출하였더라도 기준일(기준일이 출원심사청구일인 경우에는 출원심사를 청구한때)이 경과되지 아니하면 보정할 수 없다. --> 옳은 보기 라고 나오는데요, 수업시간에 배웠던 내용 중 208조 1항에서 (204조 2항과 205조 2항에 따른 보정은 제외한다)의 해석에서, 기준일 전이라도 보정서의 국어번역문이나 사본을 내면 이 역시 국내법 적용을 받는 보정으로 간주한다는 내용이 있었습니다. 저는 이것을 생각해서 처음에 틀린 보기로 생각했는데요, 이는 단지 번역문을 제출하면 국내법을 적용시키는 보정으로 간주(취급)할 뿐이지, 실제로 ""국내단계에서의 보정""은 아니기 때문에 문제지문처럼 ""국내단계에서의 보정하려는 출원인이~~""와 같이 나오면 기준일 이후에만 가능하다고 해야된다. 라고 정리를 했는데요 옳게 정리한 것인가요? 즉 간단히 요약하자면, ""국내법을 적용받는 보정으로 간주""한다와 문제지문의 ""국내단계에서의 보정""을 같은 것으로 보고 판단하였는데 이 둘은 당연히 달리 봐야 하는 것인가요?(이유 : 국내법을 적용받는 보정이라 하여도 국제단계에서의 보정이기 때문에) 2) 추가질문입니다. 204조 2항,205조 2항에 따른 보정은 208조 1항에 의해 수수료도 안 내도 되는 것인가요? PCT출원이 확실히 많이 어렵네요ㅠㅠ 답변부탁드립니다!",안녕하세요? 1. 네 2. 법 제208조 제1항의 수수료는 국내단계진입을 위한 수수료입니다. 열공하세요~, ,,18.12.23
특허법,조문,201조 5항,기준일의 정의,"201조 5항 법조문 질문드립니다! 여기서는 다른 조문들과 달리 특허출원인이 국내서면제출기간 만료일(국내서면제출기간이 출원인이 출원심사청구를 한 경우에는 그 청구일을 말하며, 이하 기준일)과 같이 기준일의 개념에 시각주의를 적용시키지 않고 역일주의를 적용시키는 것처럼 표현을 하였는데요, 그래도 시각주의를 적용시켜 판단하는 것인가요? 만약 객관식 옳고그름을 판단할 때에는 기준일이라는 표현이 나오면 심사청구한 때까지로 알고 판단하고, 행여 저 201조 5항과 동일하게 나온 경우만 그냥 법조문을 따라서 청구일이라 쓰여있어도 맞았다고 판단하면 되겠죠?? 감사합니다!!","안녕하세요? 기준일 정의는 <일>이기 때문에 심사청구일을 말하지만, 실제 적용은 법 제201조 제3항과 법 제204조 제1항에 의하여 시각주의에 의합니다. 열공하세요~", ,,18.12.23
특허법,문제,194조,국제출원일의 보완,"변리사님 특허 객관식 p.965 16년도 기출문제 지문 질문드립니다! 답은 명확한게 하나 있어서 맞게 고르긴 하였는데, 1번 지문) 국제특허출원의 외국어 명세서에 기재된 발명도 공개된 경우 확선 지위를 가진다.(옳은 보기) --> 문제풀이 할때마다 이런 비슷한 지문이 나오면 계속 헷갈렸는데요, 저는 이 지문 볼때마다 29조7항에서 번역문을 내지 않아서 취하간주된 경우 다른 특허출원의 지위를 인정하지 않는다는 규정에 비추어 틀릴 수도 있다고 생각했는데요, 일반적으로는 29조 5항에 따라서 출원공개나 국제공개된 경우 확선 지위 인정되기 때문에 옳은 보기가 되는 것인가요? 아니면 29조7항은 저 지문의 내용과 연관지으면 안되는 것인가요? 4번 지문) 국제출원이 국제출원일 인정요건을 갖추지 못한 경우 수리관청은 출원인에게 2개월 내에 보완할 것을 통지하며, 출원인이 통지된 내용에 따라 2개월 내에 서류를 보완하는 경우, 그 보완서가 수리관청에 제출된 날이 국제출원일이 된다.(옳은 보기) --> 이 지문도 국제출원일인정에서 누락부분의 보완의 관점에서 보면 타당한 얘기인데 일만적인 보완사유를 보면 굳이 2개월이 아니라, 특허청장이 지정한 기간 내에 보완하면 되는 것이므로 틀릴 수도 있다고 보았는데요 (오히려 보기지문과 같이 국제출원일 인정요건을 판단할때 누락부분의 보완보다 일반적 보완사유를 먼저 생각하는게 보통이라는 생각이 들어서요!) 위 두개의 보기 다 상대적인 보기들인 것인가요? 아니면 제가 잘못 생각하고 있는 것인가요! 너무궁금합니다ㅠㅠ 답변 부탁드립니다~!! 요즘 독감 유행이던데 건강 항상 조심하세요^^","안녕하세요? 1. 특별한 언급이 없으면 맞는 지문으로 생각하면 됩니다. 2. 누락부분의 보완은 국제출원일 인정요건이 아닙니다. 즉, 법 제194조제1항각호의 사유만 국제출원일 인정요건이라고 부릅니다. 열공하세요", ,,18.12.25
특허법,조문,210조,심사청구 특례,안녕하세요? 임병웅 변리사님 210조 심사청구시기 제한 관련 조문에 출원인은 번+수 제3자는 ~기간이 지난후 라고만 되어있는데 수수료도 당연히 내야하는 것이지요? 하지만 기출도그렇고 조문에 제3자는 ~기간이 지난후 심사청구 할수있다 이것도 맞는 지문이 되는 것이지요? 감사합니다,"안녕하세요? 법 제201조에 의해 출원인이 국내서면제출기간내에 수수료 납부하고 번역문을 제출한 후 국내단계로 진입하지 않으면, 취하간주됩니다. 따라서 제3자는 이를 언급할 필요가 없는 것입니다. 법 제201조를 더 공부해 보세요~",앗 저는 특허에관한 절차라면 항상 수수료를 내야한다 알고있어서 제3자라도 심사청구료=수수료 당연히 내야하지 않나요?,"법 제210조에서 내는 수수료는 국내단계진입을 위한 수수료이고, 출원인이든 제3자든 심사청구를 하면 심사청구료는 별도로 다시 납부합니다.",18.12.30
특허법,문제,194조,국제출원일 인정,"안녕하세요 변리사님, 이전에 했던 질문 다시 드립니다! 객관식 특허법 p.965 (16년도 기출) 국제특허출원에 관한 특례에 관한 지문입니다. 4번 지문) 국제출원이 국제출원일 인정요건을 갖추지 못한 경우 수리관청은 출원인에게 2개월 내에 보완할 것을 통지하며, 출원인이 통지된 내용에 따라 2개월 내에 서류를 보완하는 경우, 그 보완서가 수리관청에 제출된 날이 국제출원일이 된다.(옳은 보기) --> 그 전에 해주신 답변에서, 국제출원일 인정요건은 194조 1항 각호에 해당하는 사유일 때에만 '국제출원일 인정요건'이라는 말을 붙인다고 해주셨는데, 조문상으로 194조 1항 각호의 경우에는 2개월이 아닌, 특허청장이 정한 일정한 기간 내에 보완을 해야 한다고 나와있습니다.(194조2항) 오히려 위의 보기의 경우처럼 '2개월'이란 표현은 누락부분의 보완에서 나오는 얘기같은데 어떤 부분에서 옳은지를 잘 모르겠습니다. 혹시 궁금해서 다른 기출문제집의 해설을 참고해보았는데, 거기에 나온 해설에서는 194조4항을 근거로 제시하고 있어 더욱 혼동이 옵니다. 답변부탁드립니다!","안녕하세요? 국제출원일 인정요건을 갖추지 못한 경우, 지정된 기간을 2개월 이내을 주어 보완할 것을 통지하였다는 것인데, 왜 틀렸다는 것인지 사실 잘 이해가 되지 않습니다. 조금 더 자세히 질문해 주세요.", ,,19.01.02
특허법,문제,194조,국제출원일 인정,"안녕하세요 변리사님, 다시 자세히 질문 올리겠습니다! 객관식 특허법 p.965 (16년도 기출) 국제특허출원에 관한 특례에 관한 지문입니다. 4번 지문) 국제출원이 국제출원일 인정요건을 갖추지 못한 경우 수리관청은 출원인에게 2개월 내에 보완할 것을 통지하며, 출원인이 통지된 내용에 따라 2개월 내에 서류를 보완하는 경우, 그 보완서가 수리관청에 제출된 날이 국제출원일이 된다.(옳은 보기) --> 194조 1항,2항: 국제출원일 인정요건을 갖추지 못한 경우 특허청장은 일정한 기간을 정하여 보완 명령 194조 4항: 누락된 부분 있을 시 특허청장은 통지일로부터 2개월 내에 보완 명령 이라고 나와있습니다. 그런데 위의 지문은 국제출원일 인정요건(194조 1항,2항)을 묻고 있는데 일정한 기간을 정하여 보완명령이라고 하지 않고, 2개월 내에 보완명령할 것을 통지한다고 하여 194조 4항의 절차를 따르는 것처럼 나와있습니다. 혹시 궁금해서 다른 기출문제집의 해설을 참고해보았는데, 거기에 나온 해설에서는 194조4항을 근거로 제시하고 있어 더욱 혼동이 옵니다. 답변부탁드립니다!",안녕하세요? 아직 답변을 잘 이해 못 하신 것 같네요. 특허청장이 일정한 기간을 정하여 보완명령 --> 여기서 일정한 기간은 2개월 내 입니다. 열공하세요~, ,,19.01.03
특허법,조문,194조,국제출원일의 인정 등,"안녕하세요 1. 194조 4항에서 “특허청장은 제2항에 따른 절차의 보완명령을 받은 자가 지정된 기간에 보완을 한 경우에는” 중 ‘지정된 기간’이란, 3항에 따른 통지를 받은자가 도면을 제출해야 하는 기간인 산업통상자원부령[시행규칙99조]으로 정하는 기간(2개월) 과 다른 기간인가요? 2. 만약 서로 다른 의미의 기간이라면, 아래 기출문제 4번 지문의 ‘2개월’은 두 경우 중 하나의 경우에만 해당하는 지문어서 틀린지문으로 볼 수도 있지 않을까 하는 생각에 질문드립니다.","안녕하세요? 밑에 똑같은 질문이 있는데요. 특허청장이 정하는 기간은 정하기 나름이고, 2개월 이내에 보완할 것을 명하였다고, 그것이 특허청장이 정하는 기간입니다. 열공하세요~ 답글기능 더보기", ,,19.01.15
특허법,조문,194조,국제출원에서의 도면제출,"안녕하세요 변리사님! 실용신안국제출원의 경우 국제출원단계에서 도면을 제출하지 않앗어도 국내단계진입시 기준일까지 도면제출기회를 주는걸로 배웟습니다 그렇다면 국제특허출원에서 국제출원단계에서 도면제출을 하지않아 먕세서의 도면에관한 기재가 없는걸로 간주되게 되었는데, 국내진입시에 실용신안처럼 기준일까지 도면을 제출할 수 있는등의 절차가 있나요? 아니면 할 수없나요? 답변부탁드립니다! 즐거운 연휴 보내시길 바랍니다!!","안녕하세요? 특허법은 도면 제출이 필수가 아니기 때문에 별도의 규정이 없습니다. 만일 도면을 제ㅈ출하면, 국내단계에 진입하였을 때 신규사항추가가 될 가능성이 높습니다. 이는 실용신안법도 마찬가지입니다. 다만, 실용신안법은 도면을 제출하지 않으면 무효가 된다는 점에서 특허법과 차이가 있습니다. 열공하세요~", ,,19.02.02
특허법,조문,202조,국제특허출원에서 확선의 지위부분이 헷갈려 질문 드립니다.,"안녕하세요 헷갈리는 부분에 대해 질문 드립니다. 1. 자기지정 자기지정을 하는 경우란 선출원이 (국내출원) 혹은 (우리나라만을 지정국으로 한 국제출원)이고, 후출원이 (우리나라를 지정국에 포함한 국제특허출원)인 경우를 말하고 자기지정이 아닌 경우는 선출원이 (외국의 출원), (외국만을 지정국으로 한 국제출원) 혹은 (우리나라를 지정국에 포함한 국제출원)이고, 후출원이 (우리나라를 지정국에 포함한 국제특허출원)인 경우이다. 라고 이해하고 있는데 틀린부분이 있다면 지적해주시길 부탁드립니다. 2. 확선의 효력범위 국제출원이 선출원인 경우 원문의 최명도를 기준으로 보아 후출원과 겹치는 부분이 확선의 지위가 있고 후출원인 경우에도 원문의 최명도를 기준으로 보아 선출원과 겹치는 부분이 확선의 지위가 있다. 라고 이해하고 있는데 틀린 부분이 있다면 지적해 주시길 부탁드립니다. 3. 2와 관련해서 후출원의 번역문에 의해 보정된 원문을 기준으로 효력범위를 판단하는건 어떤경우인가요? 원문인지 번역문에 의해 보정된 원문인지 등등이 계속 헷갈려 질문 드립니다. 미리 답변에 감사드립니다.",안녕하세요? 1. 맞습니다. 2. 맞습니다. 3. 선출원의 지위를 번역문을 기준으로 판단합니다. 열공하세요~, ,,19.02.07
특허법,조문,201조,국제출원 보정,"국제출원 PCT19조 보정, 34조 보정과 관련해서 질문드립니다. 19조 보정은 보정 전의 번역문 제출이냐 보정 후의 번역문 제출이냐에 따라 달라지는데 왜 34조 보정은 그렇지 않죠? 또 강의노트에 국제출원과 19조 보정은 언어가 같다고 필기해놓았고 34조 보정은 같을 수도 있고 같이 않을수도 있다고 해 놓았는데 이게 위의 질문과 관련된 건가요..? 복습하는데 국제출원에 관한 부분이 하나도 기억이 안나서 질문드립니다...","안녕하세요? 1. 국제예비심사단계가 임의적 절차이다 보니깐, 강의적 절차인 국제조사단계와 달리 구체적으로 기술되어 있지 않은 것으로 이해됩니다. 2. 번역문/사본을 제출할지 여부와 관련하여 법 제204조제1항각호는 국제출원언어를 기준으로 하는데, 법 제205조제1항각호는 보정서의 언어를 기준으로 한다는 것이며 1번 질문과 무관합니다. 열공하세요~", ,,19.05.07
특허법,조문,194조,국제출원일 인정,"보완사유 와 누락된보완에 관해 질문드리려고하는데요. 이지특허법과 조문을보니 보완제출서류와 누락된부분을 제출한경우 둘중 늦은날로 국제출원일이 인정되잖아요? 누락된 부분의 보완이있을경우 그 도달 날짜로, 그게 보완제출서류보다 앞설경우 보완제출서류도달시를 기준으로하니까요 1.그런데 만약 청구범위가 일부만 누락되었다고보면 누락된보완사유에만 해당이되는데 그럼 보완서류제출은 안내고 누락된 보완만 내면 되는건가요..? 2. 다른질문들을보니 누락보완의 취하는 보완서류 제출후 누락보완사유를 제출햏을시 뒤로 국제출원일이 미뤄지니까 그 미뤄지는것을 취하로 다시 앞당길 실익이 있다고하는것겉은데 누락보완을 내기전에 보완서류제출이 꼭 있는건지 궁금합니다. 있다면 몇조몇항을 그렇게보는건가요?(왜냐면 청구범위일부만 누락될시 '절차의'보완사유는 아니기때문에 '절차의'보완명령사유가 없을거라 생각해서입니다. 이지특허엔 그냥보완과 절차의보완의 차이가 있는것으로 보여서요 무슨차이가있는진 잘 모르겠습니다.) 3.만약 누락보완서류제출과 보완서류제출이 필히동반되는게 아니라면, 위 궁금증이 생긴이유가 누락된 보완을 취하했을때 국제출원일의 변동때문인데요. 누락된보완만있고(그냥보완은없을시) 그걸 취하하면 청구범위누락과 도면일부또는 전부누락된채로 국제출원이 이루어지며 국제출원일은 보정사유처럼 국제출원이 특허청에 접수된날로 인정되대 후에 기재불비문제가 생기는건가요? 시규99의2 6항을 이렇게 이해했습니다(그 기재불비는 후에 국내단계진입시 심사를통해 거절이유에 해당되는것이구요)","1. 네. 누락된 청구범위 보완으로 충분히 해결할 수 있습니다. 2. 보완서류 제출이 있을 수도 있고 없을 수도 있습니다. 출원일 인정 후 출원일 늦춤이 생기는 효과를 없애겠다는 것입니다. 3. 기재불비가 생길 수도 있고, 안 생길 수도 있습니다. 기재불비의 요건에 따라 판단하면 됩니다. 열공하세요~", ,,19.06.29
특허법,조문,"204, 205조",번역문의 제출 관련하여 질문드립니다.,"안녕하세요 임병웅 변리사님 당사자가 PCT 19조 또는 34조 보정을 한 경우, 이를 각 지정국의 국내절차에서의 그 효력이 인정되기 위한 요건에 대한 질문입니다. 당사자가 국제출원절차에서 보정을 한 경우, 이를 204조 205조에 따라 그 보정서의 사본 또는 번역문을 특허청장에게 제출하여야 그 보정의 효력이 발생한다고 하는데요. 만약 당사자가 제출하지 않더라도, PCT 규정상 인정되는 모종의 절차를 통해 그 사본이 특허청장에게 기준일까지 제출된 경우에도 또한 보정의 효과는 인정된다고 합니다. 근데 만약, 당사자가 PCT 19조, 34조 보정서와는 다른 내용의 번역문을 제출한 경우에는 어떻게 되는지요?? PCT절차를 통하여 특허청장에게 통지된 번역문의 내용과, 당사자가 204조,205조의 절차를 통해 제출한 번역문의 내용이 상이한 경우, 특허청에서는 어느 번역문을 기준으로 심사를 진행하는지요? 답변 감사드립니다.",안녕하세요? 법조문을 읽어보면 답이 전부 있습니다. 1. 법 제47조제1항의 시기에 보정한 것으로 보기 때문에 신규사항추가에 해당합니다. 2. pct 절차를 통하여 특허청장에게 번역문이 통지되지 않습니다. 열공하세요~ 답글기능 더보기, ,,19.07.02
특허법,조문,,국제특허출원 거절사유,안녕하세요! 47조2항 후문 (번역문범위)가 국제특허출원에는 거절사유가 아닌가요? 그렇다면 해당 조문과 근거가 어떻게 되죠?,안녕하세요? 거절이유에 해당합니다. 무효사유가 아닐 뿐입니다. 질문 제목이 틀렸으니 수정해 주세요., ,,19.08.26
특허법,조문,200조의 2 3항,요약서의 국어번역문을 제출하지 아니한 경우,"변리사님 안녕하세요. 요약서의 국어번역문이 제출되지 않은 경우 취급에 대해서는 의문이 없는데, 그 이유에 대해서 의문이 있습니다. 200조의2 3항 2호에 따라 요약서의 국어번역문을 42조 2항에 따른 요약서로 간주하므로, 요약서의 국어번역문이 제출되지 않은 경우에는 42조 2항에 따른 요약서 자체가 제출되지 않은 것이어서 42조 9항이 아닌 42조 2항 위반으로 절차보정사유에 해당하는 것 아닌가요? 감사합니다.","보정은 전체 단위가 아니라 개소 단위로 이루어지고, 번역문이 없으면 요약서만 외국어로 기재된 것이 되므로, 기재방법이 적절하지 않아서 법 제42조제9항 위반이라고 한 것입니다. 열공하세요~", ,,19.09.16
특허법,조문,"29조 7항, 202조 2항",외국어국제특허출원의 번역문을 제출하지 않은 경우 확선의 지위,"변리사님 안녕하세요. 국제특허출원과 관련되어 있어서 10장 게시판에 질문을 남깁니다. 먼저, 우선권주장을 수반하는 외국어국제특허출원이 자기지정이 되는 경우여서 55조 및 202조가 적용되는 것을 전제로 생각하였습니다. 29조 7항; 발명의 설명 및 청구범위의 번역문(이하 번역문)을 제출하지 아니하여 취하한 것으로 보는 외국어국제특허출원은 확선의 지위가 없다. 55조 4항; 후출원의 명도에 기재된 발명 중 선출원의 명도에 기재된 발명은 후출원 공개시에 선출원에 관하여 공개된 것으로 보고 확선의 지위를 적용한다. -> 출원공개 의제에 의한 확선지위를 규정한 것 202조 2항 단서; 국내우주를 수반하는 후출원이 외국어국제특허출원인 경우, 번역문을 제출하지 아니하여 취하한 것으로 보는 경우에는 55조 4항을 적용하지 않는다. -> 출원공개 의제를 적용하지 않음 <질문> 외국어국제특허출원인 후출원의 번역문을 제출하지 아니하여 취하한 것으로 보는 경우; 202조 2항 단서는 출원공개 의제(55조 4항)를 적용하지 않겠다는 취지인 것 같고, [29조 7항에 의해] 확선의 지위가 없는 것 같은데 맞나요? 즉 확선의 지위가 없는 근거규정이 의문입니다. 감사합니다.","네, 맞습니다. 열공하세요~", ,,19.09.17
특허법,조문,203조,pct확선 질문,안녕하세요! 1.pct에서 확선은 준용규정이 있는데 선출원은 왜 없나요? 2.일반적으로 선출원이 확선과 비교해서 갖는 의의는 출원인 및 발명자가 같을때 밖에 없나요? 항상 감사드립니다~~,"안녕하세요? 1. 선출원은 보정된 청구범위가 인정되는데, 번역문이 보정의 효과가 있어서 별도로 규정할 이유가 없습니다. 2. (1) 출원인 및 발명자가 같을 때, (2) 동일자 출원, (3) 선출원이 특별한 사정으로 출원공개나 등록공고가 되지 않을 때 의미가 있습니다. 제목을 질문규칙에 맞게 수정해 주시고, 열공하세요~ 답글기능 더보기", ,,19.11.12
특허법,조문,197조의 2,197조의 2 질문,"안녕하세요 변리사님 강의노트 558p 14년도 국제출원절차 1번 보기에 대해 질문드립니다. 1번이 오답임을 설명해주실때 한국을 수리관청으로 국제출원시 대표자선임은 재량이고, 따라서 대표자 간주가 적용 안되어서 틀린보기라고 설명해주셨습니다. 그런데 책 p595의 국제출원절차에서 PCT규칙90.2(a)(b)를 보면 '~ 출원서에 최초로 기재된 출원인을 모든 출원인의 대표자로 간주한다.' 고 적혀있습니다. 이 규칙에 따르면 1번보기가 오답인 이유는 (만약 미국인이 대한민국 재내자인경우) 출원서에 최초로 기재된 미국인 갑이 아닌 한국인을 대표자로 간주해서 아닐까란 생각이 들었습니다. 만약 아니라면 단지 PCT규칙90.2(a)(b) 는 대한민국을 수리관청으로 하는 경우에는 적용되지 않기 때문에 위 이유가 아닌 대표자간주 자체가 틀린보기가 되는것인가요?","안녕하세요? 법 제197조제2항을 보면, 할 수 있다이고, 구체적인 하는 방법은 시행규칙 제106조의4(PCT규칙 90.2와 유사)를 하면 국민 또는 재내자 중 최초로 기재된 자를 그 대상으로 한다는 것입니다 즉, 법 제197조제2항을 먼저 보고 구체적인 방법을 살펴봐야 합니다. 열공하세요~", ,,19.11.13
특허법,조문,201조,201조 기준일 관련,"안녕하세요? 기준일 관련 질문입니다. 201조 1항 단서에 따라 국어번역문 제출기간이 연장된 경우, 기준일 = 연장된 국어번역문 제출 기간 만료일이 되는 것으로 알고있는데(심사청구 없다는 전제), 1. 그렇다면 이 경우 국내서면제출기간 만료일과 기준일이 달라지게 되는 건가요? (심사청구 없다는 전제) 즉 201조 1항에서 국내서면제출기간 만료일'부터' 1개월까지 국어번역문 제출기간이 연장 가능하다고 했으므로 이 경우 국내서면제출기간 만료일+1개월 = 기준일이 되는건가요? 2. 201조 5항에서의 기준일 표현(국내서면제출기간 만료일, 이하 ""기준일""이라 한다)은 그럼 위 경우처럼 국어번역문 제출기간이 연장되는 경우를 상정하지 않은 표현인가요?(심사청구 없다는 전제) 감사합니다.","안녕하세요? 1. 네 2. 연장되는 경우까지 포함하는 경우로 해석(법문상 ""제1항에 따라 국어번역문을을 제출한 경우""의 해석)합니다.", ,,19.11.21
특허법,조문,201조,조문질문,201조4항 국내서면제출기간에 발명의설명 및 청구범위의 국어번역문을 제출하지 아니하면 국제특허출원을 취하한것으로본다. 203조의 서면은 번역문과 함께 제출하여야한다. 그러면 우선일로부터 2년7개월의 국내서면제출기간 전에 위와같은 흠있는 번역문과 서면을 동시에 제출하게되면 바로 출원이 취하되버리나요?,네. 그렇습니다., ,,19.11.26
특허법,조문,197조,197조의 대표자가 국내절차에서 11조의 대표자가 자동으로 되는지 여부,"안녕하세요 임병웅 변리사님 해당조문과 관련하여 간략한 질문드립니다. 도움주심에 진심으로 감사드립니다. 197조의 대표자와 11조의 대표자는 다른 대표자입니다. 만약 국제단계에서 197조의 대표자가 있었다면, 이 자는 당연히 국내단계에서 11조의 대표자가 되는 것인 아니겠죠?",PCT는 출원절차 통일화 조약입니다. 국내절차와 다른 절차라고 이해하면 됩니다., ,,19.12.02
특허법,조문,204조,국제조사보고서 받은 후 보정,1. 국제출원의 출원인이 국제조사보고서를 받은 후 청구범위에 대하여 보정을 한 때에 보정 후의 청구범위에 대해서만 국어번역문을 제출한 경우에는 국제출원일에 제출한 청구의 범위는 인정되지 않는다 ->2003년도 기출보기인데 보기의 내용이 어떤의도인지 파악이 안되요 ㅠ(무슨뜻인지 이해가 안되요 ㅠ),"구법으로서, 현재는 틀린 지문입니다. 현재는 번역문에 보정의 효과를 부여하고, 출원일에 제출한 원문을 최명도에 갈음하여 인정하기 때문입니다. 열공하세요~", ,,19.12.07
특허법,조문,202조,후출원이 국제출원,"시간순서상으로 국내 X 출원 발명 A. (이때를 첫날로기준) 국제특허출원 Y출원 A B (1년뒤) X취하간주. (1년3월뒤) Y공개 AB. X공개간주A(1년6월뒤) 번역문제출 (31월뒤) 여기서 55조4항을 해석하는것에서 후출원최명도를 원문으로만 바꿔보면 1. 기본적으로 Y가 공개될때 Y의 확선AB가 1년~1년6월사이에 생기게되고 X의 공개간주로 인해 X와 Y의 공통부분인 발명A가 확선판단시 소급하여 첫날부터 1년6월까지 Y 발명중 A의 확선이 생긴다 라고 이해하고있습니다 잘이해한건가요? 2. Y번역문제출안했을시 취하간주로인한 국내진입안한게 될것이고 X에는 아무영향없다 가 되겠죠? 3. X가 국제 Y가 국내였을경우 Y의 AB는 확선이 있고, Y와X의 공통부분인A가 소급하여 Y의 A가 확선이 생길텐데 이때 x가 국번을 내든안내든 확선은 국내출원인 Y의 소급된A와 원래AB이므로 확선지위는 변동이없다?? 가맞나요? 4. 궁금한게 국제출원은 번역문제출안할시 국내단계로 진입이 되지않는데 국내우주를 진행할수 있다는게 잘 이해가 되지않습니다.. 어떻게 받아들여야하나요? 즉, 2번과같이 진입안했다고 해석할경우는 앞뒤가 안맞는결과가 나오게되어서요ㅠ","1. 네 2. X는 취하간주된 상태입니다. 3. 네 4. 법 제199조제1항에 따라 국제출원일이 국내출원일로 간주되고, X가 국내단계로 진입안하면 그 국내출원(국제특허출원)이 취하간주된다고 이해하면 됩니다. 열공하세요", ,,19.12.15
특허법,조문,204조,보정서 번역문,"원문의 국어번역문 제출 후 pct19조 보정한다는것은 1. 원래 기준일까지 내야하는 번역문을 19보정전에 냈고, 국제조사보고서에 따라 19보정을 하게되어서 19보정에 대한 번역문도 내야하는 경우같은데 이 경우 첫번째 번역문은 국내단계 진입을 위한 지정관청에, 19보정에 대한 번역문은 국제사무국에 내는게 맞나요? 2. 국어로 출원한 국제특허출원인 경우 그 보정서의 사본이 특허청장에게 제출되었을 때에는 그 보정서의 사본에 따라 47조1항 보정한것으로 본다. 다만 pct20조에 따라 기준일까지 그 보정서가 특허청에 송달 된 경우 그 보정서에 따라 보정된것으로 본다. 특허청장에게1번 특허청에게1번 총 2번의 국어보정서가 도달하는 상황같은데 절차가 어떻게 되는지 모르겠습니다. 19보정할때 보정서는 국제사무국에 내게 되고, 국내진입시에 국제사무국이 보정서를 지정관청에 보내는것이 pct20조에 따라 송달되는것같은데 특허청장에게 보내지는 보정서는 뭔가요?","1. 번역문은 지정관청에 내는 것입니다. 2. 국제사무국에서 한국 특허청에 보정서를 보내줄 때국제사무국에서 보내주는 보정서는 원본이고, 출원이 내는 것은 사본인데, 둘 다 제출되는 경우 원본이 우선한다는 것입니다. 열공하세요~", ,,20.01.01
특허법,조문,204조,번역문 제출범위,pct 19조 pct34조 모두 청구범위 발명의설명 도면에 관해 보정이 가능한 것으로 이해하였는데 204조 1항 청구범위에 관하여 보정을 한 경우에 번역문을 제출하도록 규정하고 있습니다. 19조는 청구범위에 대해서만 보정 가능한 것으로 이해하여야하는지 아니면 발명의 설명 도면에 대해서 보정했더라도 번역문제출이 필요없는 것인지 알고싶습니다,, ,,20.02.01
특허법,조문,47조 2항,외국어특허출원 +국제특허출원,"보정의 신규사항추가금지에 대해선 원문과 번역문의 공통범위내로해야한다. 원문 청구범위/발설. ABCD/ABCD 번역문 AB/ ABC 1. 그럼 신규사항은 ABCD와 ABC(최종번역문)인 발명의 공통부분인 ABC 내로 보정해야하고 외국어로 국제특허출원했을시도 동일하겠죠? 2. 청구범위제한에서는 번역문에따라 보정된 AB내에서 해야하며 외국어국제특허출원이 국내단계 진입후 보정시 청구범위부분에서는 위와동일히계 AB내에서 해야하는거죠? (물론 두경우 보정이 잘못되었을시 전범위로돌아가면서 각호의 경우는 가능하구요.) 3. 아주기초적인거지만..왜 확선의지위에서 ""출원서에 최초로 첨부된 명세서 또는 도면에 기재된 발명과 동일"" 이라 언급되있는건가요..? 명세서는 청구범위와 발명의설명인데 최명도에 기재된 ""발명""이라고 표현했는지 궁금합니다.. 실제로는 청구범위에는 상관이없잖아요 문제풀다보면 발명 AB 를 출원했다 라는표현이나오면 청구범위와 발명의설명 둘다 AB인 경우로 보는걸 생각해볼때. 수험자입장에선 종종 애매하게 지칭하는것처럼 여겨져서요ㅠ 4. 국제출원일까지 제출한 발명의 설명, 청구범위에는 ABC가 기재되어있고 국어번역문에 기재된 발명에는 AB 만 기재되어있다 라는 지문을 볼때도 국어번역문을 AB/AB 로 봐야겠죠?","1. 네 2. 네 3. 기재불비이지만, 발명의 설명에 기재하지 않고 청구범위에만 기재한 경우도 있습니다. 4. 네", ,,20.02.04
특허법,문제,201조,객문 962,3-4 번선지가 같은데 정오표에도 해당 오표시가 없어 문의드립니다.,"전혀 다른 지문입니다. 3번은 선출원의 번역문에 관한 것이고, 4번은 후출원의 번역문에 관한 것입니다.", ,,20.02.05
특허법,조문,201조 4항,201조 4항,국어번역문 부제출효과에서 [발명의 설명 및 청구범위 국번 부제출시 취하간주]ㅓ에서 발명의 설명 또는 청구범위 둘중 하나의 국번 부제출시는 어떻게 처리하냐요? '및'의 의미가 둘다 부제출이닞 하나만 부제출이어도 취하간주인지 궁금합니다.,둘 다 제출해야 합니다. 따라서 하나만 부제출해도 취하간주됩니다., ,,20.02.24
특허법,조문,199조,외국어로 출원된 국제특허출원,안녕하세요 인강 수강생 조용준이라고 합니다. 08년도 기출문제 중에 14번 ㅁ. 보기인데 외국어로 출원된 국제특허출원의 특허에 대하여 특허법 133조 제1항 각호의 무효사유를 가지는 경우에만 특허무효심판을 청구할 수 있다. 라는 지문이 틀리다고 나와 있습니다. 어디서 이유를 찾을 수 있을까요? 이지 특허 문제집은 변형된 것으로 나와 있어서 딱 저 보기에 대해서는 해설이 없더라구요.. 감사합니다.,안녕하세요? 특허법이 개정되어 몰라도 되는 내용입니다., ,,20.03.04
특허법,조문,,국제특허출원의 국내공개시기 질문입니다,"국제특허출원의 국내공개 시기가(국어국제특허출원은 아니라고 가정하면) 1) 원칙적으로 국내서면 제출기간(우선일~31월) 지난 후 2) 위 기간에 심사청구 있고 국제공개된 경우 우선일부터 18월과 심사청구일 중 늦은 날 지난 후 3) 번역문 제출시 우선일부터 18월 전에도 조기공개가능 이렇게 도해특허법 317쪽에 정리가 되어있는데요 3)의 경우도 2)와 마찬가지로 심사청구가 전제된 건가요? 3번을 그러니까 ""심사청구&번역문 제출시 국제공개 전에 국내공개 가능""이라고 해석해도 되는건지 알고싶습니다",심사청구를 전제로 하지 않습니다., ,,20.03.17
특허법,조문,201조,도면(설명부분)과 요약서의 번역문 미제출시 처리,"1. 도면의 경우 도해특허법 책에는 절차보정명령이 나온다고 써있는데, 201조5항에 따라 발명의 설명과 청구범위 번역문을 내면서 도면만 미제출시 도면의 설명부분 삭제보정간주가 되지 않나요? 삭제보정간주가 아니고 보정명령 후 무효처분이 나오는 이유가 궁금합니다. 2. 요약서의 경우 요약서의 번역문 미제출시에는 기재가 없었던 것으로 간주되는데, 이것도 도해책에 보정명령 후 무효처분이 같이 써있어서 질문드립니다. 먼저 기재가 없었던것으로 간주된다면 그 후 보정명령이 필요가 없을것같고, 만약 보정명령 후 무효처분이 먼저라면 역시 어차피 요약서 기재가 처음부터 무효가 되니 기재가 없었던 것으로 간주하는게 실익이 없다고 생각이 들어서 고민하다가 질문드립니다. 요약서 번역문 미제출시에 보정명령이 나오는 이유가 뭔지 알수 있을까요? 항상 답변달아주셔서 진심으로 감사드립니다","1. 도면을 냈는데 설명부분에 대한 번역문을 제출하지 않은 경우 도면은 있는데 설명부분이 없게 됩니다. 이 경우 도면의 기재방식 위반(법 제42조 제9항)이 되기 때문에 보정명령하는 것입니다. 2. 마찬가지로 요약서를 제출하지 않은 경우 요약서가 없게 되기 때문에, 요약서 미제출로 인한 방식위반에 해당합니다. 둘 다 국내출원에 비춰 판단해 보면 됩니다. 열공하세요~", ,,20.03.23
특허법,조문,208조,"PCT 34 보정의 시기 = 국제예비심사보고서 작성 ""착수 전""? / ""완료 전""?","(208조 관련 내용은 아닙니다만 PCT 관련하여 따로 메뉴가 없어 부득이 208조를 적어 제목 형식을 맞춘 점 양해 부탁드립니다.) 출원인은 국제예비심사보고서가 작성되기 전에 청구의 범위, 명세서 및 도면을 횟수에 무관하게 보정할 수 있으나, 국제출원에 기술된 범위를 넘어서는 아니된다(PCT 34(2)(b)). PCT 34 에서 말하는 ""국제예비심사보고서가 작성되기 전""이라는 것은 보고서 작성에 착수하기 전을 말하는 것인지, 보고서 작성 완료 전을 말하는 것인지 알고싶습니다(별로 중요한 내용은 아니지만 두루뭉술하게 알고 있으니 암기할 때 동기부여가 잘 안되어 여쭙습니다!).",작성 완료 전을 의미합니다. 다음부터는 조약 파트에 질문해 주세요~, ,,20.04.22
특허법,조문,195조,[195조]에 관한 질문입니다.,보정명령사유에서 도해특허법에서는 수수료미납한 경우도 포함하나 조문에서는 수수료미납이 포함되지 않아서 어느게 맞는건지 궁금합니다!,시행규칙에 포함되어 있습니다. 기본서를 확인하세요., ,,20.04.25
특허법,조문,198조의2,국제조사와 국제예비심사 발명의 단일성에 관한 질문입니다,"Q1. 국제조사는 추가수수료의 납부를 요구하며 미납 시 주발명에 대해서만 국제조사를 하고 국제예비심사는 추가수수료 납부와 청구범위 감축 중에 선택할 수 있다 라고 이해하면 맞나요?? Q2. 그런데 국제조사에서 주발명에 대해서만 조사하는 것과, 국제예비심사에서 청구범위를 감축해서 주발명에 대해서만 심사하는 것의 차이가 있나요? 굳이 청구범위 감축 요구할 수 있다는 것에서 차이는 뭔가요?",1. 네 2. 감축이란 에비심사받고자 하는 발명을 선택하라는 의미입니다. 그에 반해 주발명이란 순서대로 위에 기재된 단일성을 만족하는 발명을 말합니다. 열공하세요~, ,,20.04.25
특허법,조문,"29조, 42조의3, 207조",국제특허출원의 국내공개에 관한 질문입니다.,"Q1. 국제특허출원의 국내공개의 범위는 국제출원일의 발명의 설명과 청구범위 및 도면인가요? 국어번역문으로 보정간주된 범위인가요? Q2. 42조의3의 외국어특허출원의 출원공개도 위와 마찬가지로 질문드립니다. Q3. 29조5항에서 국내공개되어 확선지위를 가지더라도 범위가 국제출원일까지 제출된 설청도라면, 국내공개는 국어로 공개되어 설청도와 다를 수 있는건가요?(보정간주)",1. 국내공개는 번역문이 됩니다. 2. 번역문이 됩니다. 3. 네. 그렇습니다. 열공하세요~ 답글기능 더보기, ,,20.04.30
특허법,조문,202조,취하간주,국내우주기초가 된 국제특허출원은 국제출원일로부터 1년3월과 기준일중 늦은 때 취하한것으로 본다 여기서 기준일은 기초가 된 국제특허출원의 기준일이죠? 다른질문에 후출원기준이라는 답변이있어 헷갈려서요 위 질문과 이어서 국제특허출원의 국내공개는 원칙적으로 우선일로부터 2년7월경과후 되는데 수수료 번역문 조건을 만족했을시 우선일로부터2년7월=기준일 이 될때 취하간주와 국내공개가 겹치게 됩니다. 이때는 어떻게 처리되나요?,1. 네. 선출원의 기준일입니다. 2. 국내공개가 되지 않고 취하간주됩니다. 열공하세요, ,,20.05.05
특허법,조문,194조,국제출원일 보완,"[2016기출] ""국제출원이 '국제출원일 인정요건'을 갖추지 못한 경우 수리관청은 출원인에게 2개월 이내에 보완할 것을 통지하며, 출원인이 통지된 내용에 따라 2개월 이내에 서류를 보완한 경우, 그 보완서가 수리관청에 제출된 날이 국제출원일이 된다."" 옳은지문. 제194조(국제출원일의 인정 등) ① 특허청장은 국제출원이 특허청에 도달한 날을 「특허협력조약」 제11조의 국제출원일(이하 ""국제출원일""이라 한다)로 인정하여야 한다. 다만, 다음 각 호의 어느 하나에 해당하는 경우에는 그러하지 아니하다. 1. 출원인이 제192조 각 호의 어느 하나에 해당하지 아니하는 경우 2. 제193조제1항에 따른 언어로 작성되지 아니한 경우 3. 제193조제1항에 따른 발명의 설명 또는 청구범위가 제출되지 아니한 경우 4. 제193조제2항제1호ㆍ제2호에 따른 사항 및 출원인의 성명이나 명칭을 적지 아니한 경우 ② 특허청장은 국제출원이 제1항 각 호의 어느 하나에 해당하는 경우에는 기간을 정하여 서면으로 절차를 보완할 것을 명하여야 한다. ③ 특허청장은 국제출원이 도면에 관하여 적고 있으나 그 출원에 도면이 포함되어 있지 아니하면 그 취지를 출원인에게 통지하여야 한다. ④ 특허청장은 제2항에 따른 절차의 보완명령을 받은 자가 지정된 기간에 보완을 한 경우에는 그 보완에 관계되는 서면의 도달일을, 제3항에 따른 통지를 받은 자가 산업통상자원부령으로 정하는 기간에 도면을 제출한 경우에는 그 도면의 도달일을 국제출원일로 인정하여야 한다. 다만, 제3항에 따른 통지를 받은 자가 산업통상자원부령(제99조(도면의 제출기간) ①법 제194조제4항에서 ""산업통상자원부령이 정하는 기간""이란 같은 조 제3항에 따른 통지일부터 2개월을 말한다. )으로 정하는 기간에 도면을 제출하지 아니한 경우에는 그 도면에 관한 기재는 없는 것으로 본다. 여기보면 2항에 대해서는 2월이라는 기간이 없고 3항에 대해서만 2월이라는 기간이 있는데 문제에서는 2항에 대해서 묻고있는거 아닌가요? 그러면 기간을 2월이라고 한게 잘못된거같아서 그렇습니다. 저작자 표시컨텐츠변경비영리", 국내서면제출기간의 만료일에 대한 정의지정기간은 정하기 나름입니다., ,,20.05.08
특허법,조문,"201조 1항, 3항, 5항",국내서면제출기간의 만료일에 대한 정의,"변리사님 1차시험 앞두고 최종 정리중에 의문이 들어 질문드립니다. 201조 1항 단서 ""~ 국내서면제출기간 만료일 전 1개월부터 그 만료일까지 제출한 경우에는 국내서면제출기간 만료일부터 1개월이 되는 날까지 국어번역문을 제출할 수 있다."" 3항 ""국내서면제출기간(제1항 단서에 따라 취지를 적은 서면이 제출된 경우에는 연장된 국어번역문 제출 기간을 말한다. 이하 이 조에서 같다)에 그 국어번역문을 갈음하여 새로운 국어번역문을 제출할 수 있다."" 5항 ""국내서면제출기간의 만료일까지 제 1항에 따라 발명의 설청도의 국어번역문을 제출한 경우에는 국제출원일까지 제출한 발명의 설청도을 최종 국어번역문에 따라 국제출원일에 47조 1항에 따른 보정을 한 것으로 본다."" 라고 나와 있습니다. Q. 조문을 살펴보면 1항에서 ""국내서면제출기간 만료일""을 따로 명시하고 있는 점을 보아, 국어번역문 제출기간이 연장되어도 ""국내서면제출기간 만료일""을 ""우선일부터 2년 7개월""로 정의한 것처럼 확인이 됩니다. 그렇다면 심사청구가 없는 경우를 가정한다면 국어번역문의 교체는 연장된 국어번역문 제출기간까지 가능한 것이고, 다만, 보정의 효과는 우선일부터 2년 7개월까지 제출한 국어번역문만 보정의 효과를 받는 것인가요? 아니면 5항의 ""국내서면제출기간의 만료일""은 번역문제출기간이 연장된다면 연장된 기간까지 상정해서 조문에 표현이 되어있는 것으로(3항 괄호의 ""~. 이하 이 조에서 같다"" 적용), 실제 보정의 효과가 연장된 국어번역문제출기간에 국어번역문을 제출 또는 교체하여도 적용이 되는 것인가요? 지금까지 번역문연장기간이 연장되면 연장된 기간의 만료일을 5항의 ""국내서면제출기간의 만료일""로 공부하였었는데, 잘못된 개념인가해서 질문남깁니다. 감사합니다.","이해하고 있는 것이 맞습니다. 3항 괄호 규정에 의하여 번역문제출기간이 연장된 경우, 5항도 연장된 기간까지 번역문을 제출한 것을 말합니다. 열공하세요~ 답글기능 더보기", ,,20.05.21
특허법,조문,207조,207조와 29조5항7항,"안녕하세요 변리사님. PCT출원 강의 듣고 공부하던 중 29조5항에서 ""출원공개""를 ""출원공개 또는 국제공개""로 본다고 배웠는데 여기서 국제공개가 필요한가 생각하다 이해가 안가 질문드립니다. 1) 국어로 국제특허출원한 경우에는 국제공개가 국내공개로 간주되기 때문에 국내단계로 진입 여부와 상관없이 확선의 지위가 인정된다고 배웠습니다. 결국 확선의 적용은 외국이 아닌 국내에 공개가 되었는지에 따라 확선을 적용한다고 생각했습니다. 그래서 국내공개를 의미하는 207조의 ""출원공개""로만 해도 되는 것 아닌가 생각이 들었습니다. 게다가 '또는' 이니까 출원공개가 안되고 국제공개만 되는 경우에도 확선의 지위가 있다는 것인데, 출원공개가 안되었다는 의미가 207조를 해석하면 국제특허출원이 취하되었다는 의미이고 이는 29조7항에 의해 확선이 적용이 안되니 결국 국제공개만 되어서 확선의 지위가 생기는 경우가 발생하지 않는 것 같아 29조5항의 ""출원공개 또는 국제공개""를 ""출원공개""로만 해도 되는 것 아닌가 질문드립니다. 2) 제가 생각한 바로는 ""출원공개 또는 국제공개""함으로써 29조7항의 의미가 있다고 생각되는데, (29조7항이 없으면 국제공개만 되는 경우에도 확선의 지위를 인정한다는 것이므로) 만약 1)에 질문한것 처럼 ""출원공개""로만 하면 국제특허출원이 취하되면 출원공개 될 수도 없으니 29조7항도 굳이 없어도 확선이 적용될 일이 없어 필요없는 조항이라 생각이 들었습니다. 이렇게 생각한 것에 대해 틀린 부분을 바로 잡아주시면 감사하겠습니다... 제가 어디를 잘못 생각하고 있어 이렇게 생각했는지 모르겠습니다. 감사합니다","국어로 국제출원하였는데, 국제공개된 후 국내단계로 진입하지 않은 경우를 생각해 보면 됩니다. 이 때는 국내단계로 진입하지 않았기 때문에 제207조가 적용되지 않습니다.", ,,20.05.30
특허법,조문,202조,특허출원 등에 의한 우선권 주장의 특례,"안녕하세요 변리사님. 202조 공부를 하고 가장 마지막 정리 표인 [표5-7]를 공부하다가 유형중에 선출원과 후출원이 모두 PCT출원인 경우 확선의 지위에 대해 이해가 안가는 것이 있어서 질문드립니다. 이때 먼저 선출원이 PCT이므로 55조6항에 의해 201조4항에 따라 취하되어도 확선 적용시 다른 출원의 지위가 인정되고, 후출원이 PCT인 경우에는 202조2항단서에 의해 55조4항 적용하지 않아 확선의 지위가 없다고 배웠습니다. 그런데 이렇게 되면 서로 모순되는 것 아닌가 생각이 해서 여쭤봅니다. 55조6항에서 55조4항을 적용할 때 선출원이 국제특허출원인 경우에는 29조7항 적용하지 않는다고 하니 결국 확선지위를 인정한다는 것인데, 결국 조문에서 전제가 55조4항을 적용해야 나올 수 있는 말인데, 202조2항단서에 의하면 55조4항을 적용하지 않는다고 하니, 그렇다면 애초에 55조4항을 적용을 못하니 55조6항에 있는 ""4항을 적용할 때""라는 것이 발생 할 수 없지 않나 해서 질문드립니다. 만약 배운대로 이해를 하면 결론이 어떻게 되는 것인가요? 후출원의 국제출원일까지 제출된 원문에 기재된 발명 중 선출원의 원문에 기재된 발명과 같은 발명은 확선의 지위가 있는 것인가요? 없는것인가요? 변리사님 덕분에 특허법 강의를 잘 마무리하고 많이 배우고 특허법에 대해 많이 이해했습니다. 정말 감사합니다.","질문하신 내용을 살펴보니, 선출원이 번역문을 제출하지 않아서 취하간주되는 경우와 후출원이 번역문을 제출하지 않아서 취하간주되는 경우를 혼동하고 있는 것 같네요. 요지는 선출원은 취하간주되더라도 확선지위가 인정되고, 후출원은 취하간주되는 경우 확선지위가 인정되는 않는다는 것입니다. 열공하세요~", ,,20.05.30
특허법,조문,202조,국내우선권주장과 국제특허출원의 특례,"안녕하세요 변리사님. 최근에 질문한 [표 5-7] 국내우선권주장과 국제특허출권의 특례, 확선의 지위에서 선출원과 후출원이 모두 PCT출원인 경우, 선출원은 취하간주되더라도 확선지위가 인정되고, 후출원은 취하간주되는 경우 확선지위가 인정되는 않는다라는 것에 대해 잘 이해했습니다! 그렇다면 선출원, 후출원 둘 다 취하간주 되는 경우에는 선출원은 확선지위 있더라도 후출원은 확선지위 인정되지 않기 때문에 결국은 확선지위는 없는 것이 맞나요? 감사합니다!","네. 후출원의 확선지위가 없는 것입니다. 한편, 선출원의 확선지위가 있는지 여부는 법 제29조제5항 내지 제7항에 의합니다. 예를 들어, 국어로 국제특허출원하고 국제공개된 경우에는 취하간주되더라도 선출원은 확선의 지위가 있습니다. 열공하세요~", ,,20.06.03
특허법,조문,201조 5항,후단 해석의 문제,"안녕하세요 변리사님! PCT부분 공부하다 궁금증이 생겨서 질문드립니다. 201조 제5항 '특허출원인이 기준일까지 법 201조 제1항에 따라 발명의 설명, 청구범위 및 도면의 국어번역문을 제출한 경우에는 국제출원일까지 제출한 발명의 설명, 청구범위 및 도면을 최종 국어번역문에 따라 국제출원일에 법 제 47조 제1항에 따른 보정을 한 것으로 본다' 에서 후단의 내용 '국제출원일까지 제출한 발명의 설명, 청구범위 및 도면을 최종 국어번역문에 따라 국제출원일에 법 제 47조 제1항에 따른 보정을 한 것으로 본다'라는 부분이 이해가 되지 않는데, Q) 이 의미가 출원인이 보정된 최종 국어번역문을 제출하면 원문 또한 처음부터 보정된 내용으로 제출한 것으로 간주한다는 의미인가요?",네. 보정의 소급효가 인정된다는 것입니다. 열공하세요~ 답글기능 더보기, ,,20.06.08
특허법,조문,204조,보정서 및 설명서에 대한 번역문 또는 사본의 제출,안녕하세요 변리사님. 리담 특허법 p.632의 2.국제조사보고서 받은 후 보정(PCT 제19조 보정)의 (2)보정서 및 설명서에 대한 번역문 또는 사본의 제출 부분 글의 해석 관련하여 질문이 있습니다. '각 지정국 법령에 따라 지정국에 보정서 및 설명서의 번역문 또는 사본을 제출하여야' 부분에서 사본이라 함은 번역문의 사본을 뜻하는 것으로 생각되는데 확인차 질문드립니다. '보정서 및 설명서의 사본'이 아니라 '보정서 및 설명서를 번역한 번역문의 사본'으로 생각하면 될까요? 감사합니다!,"안녕하세요? 잘못 이해하고 있습니다. 언어가 같은 경우 사본, 언가가 다른 경우 번역문입니다. 관련 법 규정은 제201조가 아니라 제204조이니 수정해 주세요~", ,,20.07.01
특허법,조문,29조,확선 적용시 출원공개 또는 국제공개의 의미,안녕하세요 PCT를 공부하는 도중에 국제공개와 국내단계진입하여 출원공개된 경우에 확선의 지위에 대해 궁금한게 있어서 질문 드립니다. 외국어국제출원이 국제공개가 되고 국내단계에서 출원공개가 된 경우에 29조에서 '출원공개 또는 국제공개'로 본다에서 국제출원일부터 출원공개까지 확선의지위가 있는건가 국제출원일부터 국제공개까지가 확선의지위인건가 궁금하여 질문드립니다.,국제공개까지 기간동안 확선의 지위가 인정됩니다. 열공하세요~, ,,20.09.04
특허법,조문,201조 4항,201조 4항,"국내서면제출기간에 발명의 설명 및 청구범위의 국번을 제출하지 않으면 취하한 것으로 본다 고 되어있는데, 1. 이번 객994 20년 기출 5번 선지가 ~이를 제출하지 않으면 취하한 것으로 본다 가 틀린 선지고, 해설이 취하간주된다 고 되어있는데 간주랑 본다가 같은 것 아닌가요? 2. 본다 간주한다 추정한다 세가지 전부 서로 다른 말인가요? 3. 그리고 도해엔 특허 조문이 다 실려있는 건가요? 도해로 복습 중인데 법조문을 따로 봐야하나 해서 여쭤봅니다. 바쁘신데 감사합니다.",1.2 질문규칙에 맞지 않습니다. 3. 네, ,,20.09.26
특허법,조문,"19조, 34조","[PCT 19조,34조] 국내단계 보정과의 실익 질문드립니다.","안녕하세요 변리사님! pct부분 공부하다 pct 19조,34조 보정에 관해 궁금한 점이 생겨 질문드립니다. pct 19조나 34조 보정을 하게되면 국내단계 진입시, 국제출원시 명세서와 다른 보정된 국어번역문을 제출해야 함으로 pct 19조 보정을 하게되면 제 201조 2항, 8항 혹은 제 204조 pct 34조 보정을 하게되면 제 205조에 따라 요건에 맞게 번역문및 서류를 제출해야 하는 것으로 알고 있는데요. 이렇게 번잡스러운(?) 과정을 거쳐서 보정된 상태에 국어번역문의 제출이 인정되어도 보정이 적법한지 여부는 심사를 해야 알 수 있을텐데 그렇다면 pct19나 34조 보정을 하지않고 국내단계 진입 후 보정을 하는 것과 별다른 차이가 없어보이는데 pct19조나 34조 보정을 미리 하는 것이 따로 보정을 하지않고 국내단계 진입 후 보정하는 것과 대비하여 어떤 이익이 있는지 궁금합니다. 답변 항상 감사드립니다~","안녕하세요? 국내단계 진입 후 보정하려면 각각 보정해야 하는데, 국제단계에서 한 번에 보정을 하고 심사받는 것이 더 효율적입니다. 즉, 절차의 효율성 측면에서 생각하신 것보다 더 번잡하지 않고, 보정된 내용대로 심사를 받을 수 있다는 장점이 있습니다. 열공하세요~", ,,20.11.11
특허법,문제,197조,[197조] 객문 951,미국인이 재내자 일수도 있어서 틀린지문인 건가요?,"간주한다가 아니라 ""정할 수 있다""입니다.", ,,20.11.26
특허법,문제,192조,192조 관련 문의입니다,2번 지문에서ᆢ체약국을 지정하지 않으면 자동적으로 모든 국가가 지정되는거 아닌가요? 이게 보완사유가 되는건지 잘 모르겠습니다,"법조문입니다. 법 제194조 제1항 각호를 살펴보세요. 그리고 자동지정제도는 출원서의 제출로 체약국이 무조건 지정된다는 의미이고, 체약국을 지정하지 않는다는 의미가 아닙니다. 열공하세요~", ,,20.12.21
특허법,조문,201조 4항,[제201조제4항] 국어번역문의 불제출의 효과,"임병웅 변리사님, 안녕하십니까. 2020년도 57회 기출문제입니다. 제가 난독인건지 5번 선지와 제201조제4항의 틀린 점을 발견할 수가 없는데, 5번이 왜 옳지 못한 것인지 설명 좀 부탁드려도 될까요? 감사합니다!!","출원서는 번역문을 제출하지 않고, 법 제203조의 국내진입의사표시서면을 제출합니다. 열공하세요~", ,,21.01.20
특허법,문제,202조 3항,선출원이 국제특허출원인 경우,선출원이 국제특허출원인데 번역문 제출 안해서 취하간주 될 때에도 확선지위 있다는 말이 선출원이 pct 이고 후출원 pct라면 선출원이 취하간주 되더라도 후출원 pct 가 확선지위 있다는 말인가요??,"네. 후출원에 대해 확선의 지위가 있다는 것입니다. 다만, 후출원이 국내이든 PCT이든 상관없이 적용됩니다. 열공하세요~", ,,21.02.19
특허법,문제,205조,[205조] pct 보정 번역문 질문드립니다,"안녕하세요 변리사님, PCT 34조 보정과 19조 보정 모두 국제특허출원 당시 언어와 다른 언어로 할 수 있나요? 984쪽 4번 지문입니다. 감사합니다.",PCT 34 보정만 국제출원언어와 다를 수 있습니다. 기본서를 확인해 보세요~ 답글기능 더보기, ,,21.02.23
특허법,조문,"201조 2항, 8항",pct 34조 보정의 경우 질문드려요,안녕하세요 임변리사님 201조8항을 보면 201조2항에 따라 국어번역문을 제출하면 204조1항2항을 적용하지 않는다고 하는.. pct19조 보정에 관한 규정이 있는데요 pct34조 보정도 같이 취급 되어야 할거 같은데 조문이 없는거 같아 질문드립니다 pct34조 보정의 경우도 201조2항처럼 보정 후의 명세서에 대한 국어번역문을 제출할 수 있고 205조1항2항이 적용되지 않는다고 볼 수 있을까요? 미리 답변에 감사드립니다,"PCT 제34조는 별개입니다. 국제예비심사단계가 강행적 단계가 아니라 임의적 단계이며, PCT 체약국 모두가 국제예비심사를 인정하지는 않기 때문입니다. 즉, PCT는 출원절차 및 국제단계에서의 절차 통일화에 주안점을 두고 있는데, PCT 체약국 모두가 인정하지 않은(제2장에 구속되는 국가와 그렇지 않은 국가로 나뉘어져 있음) 국제예비심사단계에서의 보정에 대해 규정을 두는 것은 국제예비심사를 인정하지 않은 국가를 배제하고 규정을 두는 것이 되어 타당하지 않은 것으로 보입니다. 비슷한 질문들이 많이 있으니 검색해 보고 질문해 주세요~", ,,21.03.11
특허법,조문,"199조, 202조",pct특례 등에 대하여 질문드립니다,"안녕하세요!! pct 처음 공부하는데 제 생각이 맞는지 헷갈려 확실히 하고싶어 질문드립니다.. 질문이 세개입니다ㅠ ㅠ 1. 201조 2항과 204조 1항의 해석에 관하여 PCT19조 보정을 국제조사보고서를 받은후에 했더라도 그게 국내진입의사표시서면을 제출하기 전이라면 201조2항에 따라 갈음하여 대체할수있는것인가요 아니면 201조 2항은 국제조사보고서를 받기 전에 PCT19조 보정을 한 경우만 해당되나요? 2. 202조와 PCT8조에 관하여 202조에서 1항,2항은 후출원이 국제특허출원인 경우 3항은 선출원이 국제특허출원인 경우 를 말하고있습니다. 이때 1항,2항의 경우는 선출원pct지정국에 한국밖에 없을때인 경우와 한국특허출원을 선출원을 하는 경우로 2가지가있고 3항의 경우에는 선출원pct지정국에 한국밖에 없을때인 경우와 타국을 포함한pct선출원에서 국내우주를 선택한경우 2가지가 있는데 여기서 3항의 경우에 타국을 포함한 pct선출원에서 국내우주를 선택한 경우는 202조의 적용을 받기는 하지만 PCT8조에 따른것은 아니라고 생각하였는데 맞나요?(즉202조가 PCT8조의 경우만을 말하는것은 아니라고 생각하였습니다) 3. PCT(한국,미국)선출원->한국후출원(일반 특허출원): 54조나 55&56조 중 선택가능하고 이때 55&56을 선택한 경우 이는 202조 3항에 해당된다(PCT규정과 상관없는 국내우주)(만약 54조를 선택했으면 PCT규정과 상관없는 일반 조약우주이다) 또한 PCT(미국)선출원->한국후출원(일반 특허출원): 54조 적용이고 이는 PCT규정과 상관없는 일반 조약우주이다. 라고 생각하였는데 혹시 틀린부분이 있을까요? 이제 막 기본강의 완강했고 공부하면서 강의가 정말 도움이 되었습니다 ㅠㅠ 감사했습니다 읽어주셔서 감사합니다","1. PCT 19보정은 항상 국제조사보고서를 받은 후에 가능합니다. 따라서, 전자가 맞습니다. 2.3. 네. 정확히 이해하고 있습니다. 열공하세요~", ,,21.05.15
특허법,조문,202조,2001후2168 과 기준일의 의미,안녕하세요 변리사님! 질문드립니다! 2001후2168 판례에서는 원출원이 국내 출원인 경우 후출원(PCT) 국내단계 진입여부와 무관하게 선출원 1년 3개월 로 취하간주 된다고 하는데요 원출원이 PCT 출원인 경우는 202조 3항3호 에 따라 후출원(PCT) 국내단계 진입 않을 시 취하간주 되지 않는 것과 형평성에 어긋난다고 배웠습니다. 근데 후출원(PCT) 이 국내단계 진입하지 않아도 2년 7개월 뒤면 원출원(PCT) 도 어차피 취하간주 되는 것이아닌지? 아니면 후출원이 국내단계 진입하지 않으면 기준일도 사라져(?) 원출원 취하간주 되지 않는다는 의미인지 이해가 잘 안됩니다.,"잘못 이해하고 있습니다. 법 제202조제3항제3호는 선출원이 PCT 출원이고, 후출원이 PCT 출원 또는 국내출원인 경우에 적용되는 규정입니다. 즉, 법 제202조제3항제3호는 선출원을 기준으로 기술되어 있는 것입니다. 따라서, 선출원 PCT은 후출원과 상관없이 선출원일로부터 1년 3월 또는 선출원의 기준일 중 늦은 때 취하간주되는 것입니다. 열공하세요~ 답글기능 더보기", ,,21.07.03
특허법,조문,202조,확선 지위 적용 시 다른 출원의 지위.,안녕하세요. 선출원 - PCT 후출원 - 국내 일 때 2. 선출원인 국제특허출원이 법 제204조4항(국어번역문부제츌)에 따라 취하된 것으로 보는 경우에도 확대된 선출원의 지위 적용 시 다른 출원의 지위가 인정된다(제55조6항) 여기서 다른 출원의 지위가 무슨 뜻인지 모르겠습니다. 몇 가지 의미가 추측되긴 하는데 정확하지 않아서 질문드립니다. 감사합니다.,"그 출원의 지위란 출원이 등록가능한 지의 관점이고, 다른 출원의 지위란 출원이 다른 출원의 등록을 금지시킬 수 있는지의 관점입니다. 법 제55조 제6항은 선출원이 취하간주되더라도 후출원의 다른 출원의 지위가 있다는 것입니다. 열공하세요~", ,,21.08.25
특허법,조문,202조,국내우선권주장의 특례,"안녕하세요 변리사님! 국내우선권주장의 특례에서 각각 1. 선출원-pct(지정국:한미일), 후출원-국내 인 경우 선출원 원문과 후출원의 최명도 공통부분이 2. 선출원-pct(지정국:한미일), 후출원-pct(지정국:한미일)인 경우 선출원 원문과 후출원의 번역문의 공통부분이 3. 선출원-pct(지정국:한국), 후출원-pct(지정국:한미일)인 경우 선출원 원문과 후출원의 번역문의 공통부분이 4. 선출원-국내, 후출원-pct(지정국:한미일)인 경우 선출원 최명도와 후출원의 번역문의 공통부분이 후출원 공개 시에 공개되는 것으로 간주된다 라고 생각했는데 어디가 틀렸는지 잘 모르겠습니다. +) 그리고 다른 질문의 답변에서 4번의 경우 선출원 최명도와 후출원 원문 및 번역문의 공통부분이 후출원 공개 시 공개로 간주된다라는 답변을 읽었었는데 그 이유가 잘 이해되지 않습니다. 항상 감사드립니다!",2. 3. 선출원 원문과 후출원의 원문에 공통기재 4. 선출원 최명도와 후출원의 원문에 공통기재 입니다. 법이 바뀌어 번역문에 보정의 효과를 부여하기 때문에 후출원의 번역문이 아닌 원문(최명도에 대응)에 기재된 발명에 대해 확선의 지위가 인정되는 것입니다. 열공하세요~, ,,21.09.29
특허법,조문,202조,선출원이 PCT 출원인 경우 확선의 지위,"안녕하세요? PCT 공부중에 궁금한 것이 있어 문의드립니다. (1) 선출원이 PCT출원(한국지정-외국어출원) 후출원이 국내우선권주장을 수반하는 국내출원이어서 55, 56, 202조3항이 적용되는 경우에 후출원의 출원공개 또는 등록공고에 의해 출원공개 의제되어 선출원이 확선의 지위를 갖게되는 것과 별개로 선출원이 국제공개된다고 해도 번역문 제출하지 않고 기준일을 경과하면 29조7항에 의해 확선의 지위가 인정되지 않는데 55조6항에서 29조7호의 적용을 제외하고 있어서 선출원이 외국어로 공개되는 경우에도 독자적인 확선의 지위를 갖게되는지 궁금합니다. (2) 만약 위 경우에 선출원이 국어로 출원된 PCT출원이고 국어로 국제공개되는 경우라면 독자적인 확선의 지위를 갖게되는거겠죠? 국제출원일부터 (국어)국제공개시까지의 확선지위와 후출원에 의해 공개의제되어 국제출원일부터 후출원의 출원공개(또는 등록공고)시까지의 확선지위 두개를 갖게 되는 것이 맞는지요? (3) 외국어 국제특허출원이 번역문 제출하지 않고 취하간주되면 확선의 지위가 인정되지 않는데, 외국어로 국제 공개된 후에 국제특허출원을 취하하는 경우에도 당연히 확선의 지위가 인정되지 않는 것이겠죠? (4) 국제특허출원의 경우 수리관청에서 수리한 날이 국내출원한 날로 인정되고 결국 국내공개 여부에 따라 확선 지위의 여부가 결정되는게 맞나요? 국내 공개된 이후라면 통상의 특허출원처럼 이후에 취하 거절결정 거절한다는 취지의 심결 등이 확정된다 하더라도 확선의 지위는 유지되는거구요. 답변 부탁드립니다. 감사합니다.",1. 법 제55조제6항은 후출원이 다른 출원의 지위를 갖는다는 것입니다. 2. 네. 선출원의 확선 지위와 후출원의 확선 지위를 구분해서 생각하면 됩니다. 3. 네 4. 네. 다른 국어로 국제특허출원한 경우에는 국제공개에 의해 확선 지위가 인정됩니다. 열공하세요~ 답글기능 더보기, ,,21.10.14
특허법,조문,201조,우선일 관련 질문,"안녕하세요 변리사님! PCT 단원 공부하다가 질문이 생겼습니다. 아래는 강의노트 588페이지에 대한 사진입니다. 책에서 우선일은 일률적으로 정하여질 필요가 있다고 하면서 ""우선일""이란 i) 국제출원이 우선권 주장을 수반하는 경우에는 동 우선권이 주장되는 출원의 선출원일 ii) ..... "" 이라고 했는데요. 전 그래서 위 사진에서 미국 출원이 우선일이 되어서 2008년 5월 16일로부터 2년 7개월인 2010년 12월 16일 전에 번역문 제출이 안되어서 소가 기각이 되었다고 이해했습니다. 그런데, 사진에 빨간 색으로 밑줄 친 부분 "" 그 주장하는 날을 우선일로 보아 "" 를 보니 국제특허출원한 날이 우선일이 되는 것인지 헷갈리네요. 우선권을 주장하는 날이면 2009년 5월 18일이고, 이 떄로부터 2년 7개월이면 번역문 제출이 적법한 시기에 이루어졌는데... 어떤 것이 맞는 건가요? 국어가 너무 어렵네요 ㅠㅠ 저작자 표시컨텐츠변경비영리","그 주장하는 날은 우선권주장한 날과 다른 개념입니다. 그 주장하는 날은, 우선권주장을 했을 떄 우선권주장의 기초가 되는 출원의 출원일을 의미합니다. 열공하세요~ 답글기능 더보기", ,,21.10.27
특허법,조문,198조의 2,국제조사 예비심사 차이,"3번 지문에서,,, 예비심사도 신규성 판단하니까 선행기술발견... 을 하는거 아닌가요,,,?","그렇게 해석될 여지도 있기는 하지만, 국제예비심사는 특허성 검토를 <목적>으로 하는 것이지, 선행기술발견을 <목적>으로 하지는 않습니다. 열공하세요~ 답글기능 더보기", ,,21.11.01
특허법,조문,207조,[207조] pct 공개,"안녕하세요 변리사님. pct 출원이 번역문이 제출된 경우 기준일을 국내공개시기로 보는데 이경우 확선의 지위와 공지의 지위는 국제공개시를 기준으로 존재하는게 맞는지 (그렇다면 국내공개시기는 사실상 보상금청구권 외에는 의미가 없는건가요), 만약 번역문이 기준일까지 제출되지 않는경우 선출원과 확선의 지위는 없고 공지의 지위는 있는게 맞는지 궁금합니다. 미리 감사합니다!",네. 맞습니다. 열공하세요~, ,,21.11.01
특허법,조문,202조 2항,선후출원 모두 pct출원인 경우 확선지위,"안녕하세요? 다음과 같은 케이스에서 질문이 있습니다. 선출원 : pct 출원(지정국: 한국) (청구범위 :A) 후출원 : pct 출원으로 선출원을 기초로 pct 8에 의한 우선권 주장(지정국: 한국, 일본) (청구범위 :A, B) 일 때, 선출원은 우선일 31개월 내에 번역문 제출해서 국제공개와 진입이 모두 이루어졌고 후출원은 우선일 31개월 될 때까지 번역문 안 내서 취하간주되었을 때 29조 7항에 의해 청구범위 B에 대해 확대된 선출원 지위가 주어지지 않는것은 확실한데, 선출원은 확대된 선출원의 지위가 청구범위 A에 대해 주어지는것 맞나요? 29조 5항에서 다른 특허출원이 국제특허출원인경우 국제공개 출원공개 등록공고 중 빠른날에 확대된 선출원의 지위가 생긴다고 하고, 29조 7항의 국내 진입 조건도 만족했으니까요. 그런데 후출원이 201조 4항에 따라 취하간주되면 55조 4항이 적용 안 된다는데 (202조 2항 단서) 이건 이 상황에서 어떻게 해석해야하나요? 제가 받아들인 바로는 55조 4항은 국내우선권주장에서 선출원은 보통 출원공개되기 전에 취하간주되기 때문에 후출원이 출원공개 또는 특허가 등록공고가 되면 선출원을 공개 간주하고 확대된 선출원 지위를 준다는 것인데 이 상황에서는 공개 간주할것도 없이 선출원은 국제공개가 되었으니까 확대된 선출원 지위가 주어지는것 아닌가요? 그림 참고해서 답변부탁드려요. 감사합니다.","1. 선출원이 국내단계로 진입하였다면, 법 제29조제5항 및 제7항에 의해 원문(국제출원일까지 제출한 발명의 설명, 청구범위, 도면)에 대해 확선의 지위가 주어집니다. 2. 후출원은 취하간주되는 경우 법 제202조제2항에 의해 확선의 지위가 주어지지 않습니다. 참고로, 법 제55조제4항은 후출원의 확선지위를 말하는 것이고, 선출원의 확선지위를 말하는 것이 아닌데, 선출원의 확선지위를 말하는 것으로 착각하고 질문을 하고 있는 것 같네요. 열공하세요", ,,21.12.03
특허법,조문,201조,국어번역문 부제출 효과,"201조 4항에 발명의 설명 '및' 청구범위 국어번역문 부제출시 출원 취하한것으로 본다 고 되어있는데 발명의 설명, 청구범위 모두에 대해 국어번역문 부제출의 경우에만 출원 취하간주인거고 만약 발명의 설명에 대한 국어번역문은 제출하고 청구범위에 대한 국어번역문 부제출시에는 출원 취하간주가 아닌건가요?",둘 다 제출하지 않으면 취하간주된다는 의미로 이해하면 됩니다. 열공하세요~, ,,21.12.03
특허법,문제,206조,재외자 절차능력,"3번지문 ; 재내자와 재외자가 공동으로 출원한 경우 특허법 11조 제1항 각호에 규정된 절차를 제외하고 재내자는 단독으로 특허에 관한 절차를 밟을 수 있지만, 재외자는 국내에 체류하는 경우를 재외하고 특허관리인을 선임하지 않고서는 특허에 관한 절차를 밟을 수 없다 공동출원; 이게 국제 특허출원인 경우 재외자는 기준일 전까지는 특허관리인에 의하지 아니하고 절차능력이 인정되니까 특허관리인을 선임하지 않고서 절차를 밟을 수 있는 경우가 있어서 틀린 지문 아닌가요,,,, ?","국제특허출원까지 포함하여 생각하면 틀린 지문이라고 생각할 수 있으나, 1) 국제특허출원은 국제특허출원이라고 사실관계에서 주어진다는 점, 2) 기준일전이라는 것은 국제단계라는 것인데 국제단계에서는 국내법이 적용되지 않아서 재내자와 재외자를 구분하지 않는다는 점, 3) 객관식은 상대적인 답을 골라야 한다는 점을 생각해 보면 됩니다. 열공하세요~", ,,21.12.10
특허법,문제,202조,출원의 취하간주,"안녕하세요 국제특허출원 파트에서 질문드립니다. 1. 위 문제의 (마) 번 지문의 해석에서 B출원일로부터 1년 3월 경과 후에 취하간주된다. 라고 되어있는데, 저는 우선권주장의 후출원이 PCT출원인 경우로 보아 우선일로부터 30개월 또는 심사청구일 중 빠른날에 취하가 된다고 생각했습니다. 왜 1년 3개월이 되는지 잘 모르겠습니다. 2. 국내 - PCT, PCT-국내 에 대해서는 봤지만 위 문제의 A출원 경우와 같이 조약우주-PCT는 생각해본 적이 없어서 조금 당황했습니다. 국제 특허출원의 경우 54조를 적용하지 않는다고 하였는데, (다)번 지문을 보면 일반 조약우주와 동일하게 생각되어서 조약우주-PCT의 경우에는 어떻게 풀어주어야 하는지 궁금합니다. 늘 감사드립니다. 저작자 표시컨텐츠변경비영리","1. 법 제202조제3항제3호는 선출원이 PCT 출원인 경우에 적용됩니다. 선출원이 국내출원인 경우에는 제56조제1항이 적용됩니다. 2. PCT 8(1),(2)(a)에 따라서 절차만 PCT에 의하고 요건과 효과는 파리조약에 의합니다. 기본서를 조금 더 정독해 볼 것을 추천드립니다~ 답글기능 더보기", ,,21.12.12
특허법,문제,201조,특허무효사유,"15판 객관식 특허법 983번 2번 보기 ""미국특허청을 수리관청으로 하고 우리나라를 지정국으로 하여 국제출원을 영어로 한 갑은 우리나라 특허펑에 국제특허출원의 국어 번역문을 제출할 경우, 국제출원일에 제출한 발명의 설명, 청구범위 또는 도면과 다른 청구범위의 국어 번역문을 제출한 경우에는 등록 받을 수 없다."" 선생님 이 보기는 영어로 제출한 원문에는 있었으나 국어번역문에는 발명이 적히지 않은 경우도 포함되므로 결국 상황에 따라 등록 받을 수 있는 경우 와 없는 경우 2가지가 있기 때문에 옳지 않은 답으로 해야될 것 같아서 질문드립니다 미리 답변 감사드립니다!","문의하신 것처럼 ""다른'의 의미를 어떻게 해석하느냐 여부에 따라 틀린 지문이 될 수도 있지만, 일반적으로 ""다른""의 의미는 원문에 A인데, 번역문이 B인 경우로 이해됩니다. 한편, 객관식은 상대적으로 풀이해야 하니 오지선다에서 가장 옳은 것/틀린 것을 고르면 됩니다. 열공하세요~", ,,21.12.19
특허법,문제,202조,국제특허출원과 우선권 주장,"안녕하세요! 국제특허출원과 우선권 주장 관련하여 질문 드립니다. ""미국특허청에 2017년 5월 6일 특허출원 A를 하고 특허출원 A를 기초로 우선권 주장을 수반하여 특허렵력조약에 의해 2018년 3월 3일 미국특허청을 수리관청으로 하여 영어로 국제출원 B를 하면서 대한민국을 지정국으로 지정하고 2019년 3월 3일 한국특허청에 국제출원 B의 국어 번역문을 제출한 경우 한국특허청에서는 국제출원 B를 2018년 3월 3일 출원된 특허출원으로 본다."" (2007년도 기출)가 맞는 선지인데, 미국에서의 출원 A를 기초로 우선권 주장을 수반하여 국제출원하였는데, 왜 출원 A의 출원일인 2017년 5월 6일이 아닌 국제출원일을 특허출원된 날로 보는지 질문드립니다. 국제특허출원도 국내우주, 조약우주 둘 다 가능하다고 생각하고 저 지문에서는 조약우주를 한 것이라고 이해하였는데, 제가 잘못 이해한 것인가요..? 감사합니다!",우선권주장은 판단시점이 소급되는 것이지 출원일이 소급되는 것이 아닙니다. 열공하세요~, ,,21.12.23
특허법,조문,201조,심사청구 및 번역문 제출,"안녕하세요. 201조 관련 질문이 있습니다. 기본서 672p를 보면 '기준일이란 국내서면제출기간에 출원심사의 청구가 있으면 그 출원심사의 청구를 한 때까지이다' 라고 나와있고, 제 3자가 국내서면제출기간이 지나야 심사청구를 할 수 있는 이유도 국내서면제출기간 전에 제 3자가 심사청구를 하면 그 날이 기준일이 되어 더이상 번역문을 교체할 수 없으므로 이를 방지하기 위함이라고 알고 있습니다. 그런데, 이의 단서조항인 201조 3항의 단서를 보면 '다만, <출원인>이 출원심사의 청구를 한 후에는 그러하지 아니하다.' 라고 되어있습니다. 조문 그대로 해석해보면 <출원인>이 심사청구를 해야 그 이후로 번역문을 교체할 수 없는 것이지, <제 3자>가 심사청구하는 것은 번역문 교체와 상관이 없을 것 같습니다. 혹시, 제 3자가 심사청구를 하면 그 날이 기준일이 된다, 혹은 그 이후로 번역문을 교체할 수 없다는 조문이 있나요? 답변 기다리겠습니다. 감사합니다!",제210조를 이해하지 못하고 있습니다. 제210조제2호에 의해 제3자는 국내서면제출기간내에 심사청구를 할 수 없습니다. 열공하세요~, ,,21.12.24
특허법,문제,200조의 2 3항,공지예외 주장에 관한 국제특허출원의 특례에서의 기준일,"안녕하세요 강사님. 객관식을 풀다가 의문점이 들어 질문드립니다. 지문 3번 해설에서는 기준일은 국내서면제출기간 경과 전에 심사청구가 있는 경우에는 그 심사청구일을 의미한다고 했는데, “심사청구시”(시각주의) 아닌가요? 따라서 3번 지문의 경우도 심사청구일이 아닌 기준일이라고 해야 맞는 표현같은데 어떤 부분에서 잘못 판단한건지 모르겠습니다..","기준일의 정의를 잘못 이해하고 있네요. 법 제201조 제5항을 읽어 보세요. ""특허출원인이 국내서면제출기간의 만료일(국내서면제출기간에 출원인이 출원심사의 청구를 한 경우에는 그 청구일을 말하며, 이하 “기준일”이라 한다)""이라고 되어 있습니다. 다만, 법 제201조제3항, 제204조제1항, 제205조, 제208조에 대해서는 시각주의를 고려합니다. 이 또한 각 조문을 읽어보면 이해가 될 것입니다. 열공하세요~", ,,22.01.04
특허법,문제,198조의 2,국제특허출원의 국제공개,"안녕하세요 객관식 문제집 966페이지에서 질문드립니다. 1번 지문 : 국제공개는 국제출원의 우선일로부터 18월을 경과한 후 전자적 형태로 공개된다. 4번 지문 : 외국어로 출원된 국제특허출원은 원칙적으로 국내서면제출기간을 경과한 후 지체없이 공개된다. 다만, 이 기간 내에 심사청구가 있으면 국제공개가 된 것은 국제출원일로부터 1년 6월을 경과한 때 또는 심사청구일 중 늦은 때 국내공개된다. 위 문제를 풀 때 4번이 국제출원일이 아니라 우선일로 부터 1년 6월이므로 틀린 지문이라는 점을 이해했습니다. 그런데 1번지문은 국제공개에 대해 이야기하여 맞는 지문이고, 4번 지문의 경우에는 틀린부분이 있기는 하지만 해설을 보아 국내공개의 경우를 이야기하고 있는 것 같습니다. 문제를 보고 국제공개와 국내공개 중 어떤 것에 대한 이야기를 하고 있는 것인지 판단하는 방법을 잘 모르겠습니다. 1번지문은 국제공개라고 언급하고 있지만 4번에서는 따로 언급이 없는데 국제공개라고 언급하지 않는 것은 국내공개에 대해 말하는 것으로 이해하면 될까요? 감사합니다! 저작자 표시컨텐츠변경비영리",네. 문제를 보면서 파악하면 됩니다. 열공하세요~, ,,22.01.10
특허법,문제,"47조, 201조",]국제출원 보정범위 질문입니다.,"특객 971번 3번지문을 보면 원문과 출원번역문에 다같이 기재되어 있지 않은 발명인 경우 무효사유 된다. 는 지문이 틀린 지문이라고 하셨고, 그 이유가 이렇게 규정된 조문이 삭제되었기 때문이라고 적혀있습니다. 하지만, 원문 범위와 번역문 다같이 기재되어 있지 않은 발명은 47조2항을 근거로 무효가 될 수 있는 것 아닌지 궁금합니다.","원문 A, B, 번역문 A 의 경우 무효사유가 없습니다. 답글기능 더보기", ,,22.01.17
특허법,조문,200조,공지예외취지기재관련 질문입니다.,"국제출원에서 공지예외주장 취지 기재 제출에 있어서 기준일이 지난 후 30일 내에 제출해야 한다고 심사기준에 기재되어있는데, 그렇다면 반드시 이 기간에만 해야하는 것이고, 기준일 전에는 취지기재를 할 수 있는 경우는 없는 것인가요?","PCT는 출원절차 통일화 조약으로, 국내단계로 진입한 후, 즉 기준일후에 국내 특허청에 절차를 진행할 수 있습니다. 열공하세요~", ,,22.01.17
특허법,조문,201조,우선일,우선일 2) 에서의 말이 최우선일을 의미하는 게 맞나요? 우주주장된 선출원중에 가장 빠른날을 의미하는게 맞나요?,최우선일이 맞습니다. 조약/국내우주 상관없이 기초가 된 출원 중 가장 빠른 날의 정의가 최우선일입니다., ,,22.01.21
특허법,문제,194조,국제특허출원 관련 문제,"안녕하세요 리담 객관식 959p 문제이고, 21년 기출문제이기도 한데요, 객관식책에 낙서를 많이하면서 풀어, 사진찍기가 뭐해서 기출문제에서 캡쳐했습니다. <국제특허출원>이라고 되어있는데 해당 내용은, <국제출원>에 관한 것들 아닌가요? 어휘가 헷갈려서 질문드립니다. 국제출원이 국내 특허청을 수리관청으로 둔 경우, 국제특허출원은 국내 특허청을 지정관청으로 두고, 국내단계에 진입한 것으로 알고 있었는데 아닌지요.. 아니면 눈치껏 보고 풀어야하는것인지.. 오개념이 있다면 알려주시면 감사하겠습니다!","국제특허출원은 한국을 지정국으로 하는 국제출원을 말합니다. 질문한 사항 중 국내단계에 진입한 것은 오개념입니다. 국제특허출원이 한국을 수리관청으로 하는 경우 법 제192조 내지 제198조가 적용됩니다. 따라서, 국제특허출원이라고 표현해도 문제에서 특별히 잘못되었다고 말할 수는 없습니다. 기본서에서 개념(아니면 법 제199조제2항)을 다시 한 번 살펴 보세요~", ,,22.01.31
특허법,문제,202조,선출원이 pct인 국내우선권주장출원에서의 확선지위,"안녕하세요 변리사님! 리담객관식 15판 483쪽 문제 보기의 5번 해설(분홍체크 부분_다만~ 지위를 가진다)일부가 이해 되지 않아 질문드립니다. 전제) 국내우선권 주장에 있어서, 국내X출원(A/A,C)에 대해 국내우주하여 국내Y출원(A,B/A,B)함을 전제로 할 때, 선출원인 X출원은 취하되고 Y출원이 적법하게 공개 or 등록되면 그 때부터 X출원도 열람가능하여 X에 대해서도 공지기술지위(A,C에 대하여)를 인정해주고, C에 대해서는 확선의 지위가 인정되지 않는것으로 알고있습니다. (각각 청구범위/발명의설명 순서) 질문) 분홍체크 부분은 X출원(국내우선권주장의 선출원)이 국제특허출원일경우 국내우선권주장출원의 공개 또는 등록에 의해 공개의제됨으로 인하여 신규성은 물론이고 확선지위까지 인정해준다는 뉘앙스로 받아들여지는데, 선출원이 국내출원이 아닌 PCT라면 C에 대해서도 확선지위를 인정해주는건가요? 아니라면 제가 어떤 부분을 잘못이해하고 있을까요? 해설 후단에 첨부된 조문 202조3항 등은 국내우주에서 후출원이 PCT일때 후출원이 취하되면 확선지위 인정해주지 않는다는 내용으로 분홍부분과 크게 상관 없어보이는데 무엇을 의도하는건지도 모르겠습니다. 감사합니다. 즐거운 설 보내세요! 저작자 표시컨텐츠변경비영리","국제특허출원이 국어로 된 출원이고, 우선일로부터 1년 6개월후 국제공개되고, 우선일로부터 2년 7개월후 취하간주된다면, 법 제29조제5항, 제6항에 따라 확대된 선출원의 지위가 인정됩니다. 다만, 국제특허출원이 외국어로 된 출원인 경우에는 법 제29조제7항에 따라 확대된 선출원의 지위가 인정되지 않습니다. 이는 후출원의 확대된 선출원의 지위 인정과 관련된 법 제55조제4항, 제202조와 무관한 것입니다. 열공하세요~","변리사님 안녕하세요! 제 질문이 제대로 전달되지 않은 것 같아 답글 남깁니다.ㅠㅠ 제 질문은 우선권을 주장한 국제특허출원의 확선지위에 관한 것이었습니다. 원칙적으로 우선권 주장을 수반하는 특허출원의 '국제출원일까지 제출된 발명의 설명, 청구범위 또는 도면'에 기재된 발명 중 해당 우선권 주장의 기초가 된 선출원의 출원서에 최초로 첨부한 명세서 또는 도면에 기재된 발명과 같은 발명은 그 특허출원이 출원공개 또는 국제공개되거나 특허공개되었을 때에 해당 우선권 주장의 기초가 된 선출원에 관하여 출원공개가 된 것으로 보고 확선지위를 적용함으로 알고 있습니다. 근데 분홍체크박스의 해설 문구가 '일정한 내용에 한해 우선권주장출원 공개의제의 효과로 선출원에만 기재된 발명에 한해서도 확선지위를 인정해준다'로 느껴져 이러한 예외가 있는 것인지, 아니라면 해설의 '일정한 내용'이라는 것이 위에 기재한 원칙을 줄여 말한 것인지 확인차 질문드렸습니다. 감사합니다!!","네 질문을 잘못 이해했네요. 문의한 내용이 맞습니다. 다만, 문의는 선출원이 국제특허출원인 경우네요.",22.01.31
특허법,조문,"pct 19, 34",차이점 관련 질문입니다.,"양 보정에 대해서 보정할수있는시기와 횟수의 차이 외에도, 보정대상과 범위 관련하여 보정대상은 19경우 청구범위 대하여 34경우 청구범위, 발명의 설명 및 도면에 대하여 할수있다는점에 차이가있으나, 보정범위 관하여는 양 보정 모두 국제출원에 기술된 범위 내에서 보정해야 하는것으로 이해하면 되는걸까요?",네. 맞습니다~, ,,22.02.11
특허법,조문,198조의2,국제조사 및 국제예비심사,"리담 특허법 15판 기준 635페이지 첫번째 문단 첫문장에 국제예비심사보고서가 작성되지 않았거나 예정이 없는 경우, 국제사무국은 국제조사기관의 견해서와 동일한 내용의 보고서를 국제조사기관을 대신하여 발행해야 한다고 쓰여있습니다. 질문) 1. 국제사무국이 국제조사기간의 견해서작성일을 대신하여 작성하고 발행하는 건가요 아니면, copy해서 발행하는 건가요? 2. 국제예비심사 선택유무가 왜 ""견해서의 작성""을 누가(국제사무국/국제조사기관) 하도록 지정하는지 그 취지가 궁금합니다. 감사합니다~ 저작자 표시컨텐츠변경비영리","1. 내용은 카피하고, 형식을 수정하여 발간합니다. 2. 지정하지 않습니다. 국제조사기관의 절차가 종료되니 견해서를 국제사무국이 작성하나, 국제예비심사청구를 하면 예비심사기관의 1차 견해서로 간주되는 것입니다. 열공하세요~", ,,22.04.16
특허법,조문,205조,PCT 34조의 보정과 관련하여,"안녕하세요. 205조 1항은 204조 1항과는 달리, ‘보정서’의 국어번역문, 사본을 제출하라고 하는데 이 이유가 34조의 보정은 국제특허출원의 언어와 같지 않을 수 있어서 라고 배웠습니다. 그런데 책 683 페이지와 PCT 106조의 36에서는 국제출원의 언어로 작성된 보정서를 제출하여야한다고 나와있는데, 그럼 두 언어가 같은 것이 아닌가요? 답변해주시면 감사하겠습니다! 좋은 하루 되세요!","국내특허청을 국제예비심사기관으로 한 경우에는 국제출원의 언어로 작성된 보정서를 제출하지만, 해외특허청을 국제예비심사기관으로 한 경우에는 국제출원의 언어와 PCT 34의 언어가 다를 수 있는 것입니다. 시행규칙 제106조의36은 국내특허청을 국제예비심사기관으로 한 경우에 적용되는 규정입니다. 열공하세요~", ,,22.05.08
특허법,조문,,국제조사를 위한 번역문의 제출 질문,"리담특허법 631p에 보면 국제 출원이 국제조사를 수행할 국제조사기관이 인정하지 아니하는 언어로 제출된 경우 출원인은 수리관청이 국제출원을 접수한 날부터 1개월 이내에 i) 국제조사기관이 인정하는 언어, ii) 국제공개언어, iii) 국제출원이 공개언어로 제출되지 아니한 경우, 규칙 12.1조(a)에 따라 수리관청이 인정하는 언어를 모두 충족하는 언어로 된 국제출원의 번역문을 수리관청에 제출하여야 한다. 라고 되어 있는데 이 문장의 i, ii, iii 병렬 구조가 어디로 연결되는 건지 이해가 잘 안됩니다ㅜㅜ.. 1. 국제 출원이 국제조사를 수행할 국제조사기관이 인정하지 아니하는 언어로 제출된 경우 출원인은 수리관청이 국제출원을 접수한 날부터 1개월 이내에 i) 국제조사기관이 인정하는 언어, ii) 국제공개언어로 된 국제출원의 번역문을 수리관청에 제출하여야 한다. + 2. 국제 출원이 국제조사를 수행할 국제조사기관이 인정하지 아니하는 언어로 제출된 경우이면서 iii) 국제출원이 공개언어로 제출되지 아니한 경우, 규칙 12.1조(a)에 따라 수리관청이 인정하는 언어를 모두 충족하는 언어로 된 국제출원의 번역문을 수리관청에 제출하여야 한다. 인가요? 그렇다면 1.에서 국제조사기관이 인정하는 언어는 아니지만 국제공개언어로 된 번역문을 제출할 수 있다는 뜻인가요? 혹은 국제조사기관이 인정하는 언어이면서 국제공개언어인 것을 말하는 것인가요? 그리고 2.에서 ""수리관청이 인정하는 언어를 모두 충족하는 언어""라는 게 국제조사기관이 인정하는 언어이면서 국제공개언어인 것을 말하는건가요? 책의 해당 문단 자체가 이해가 안돼서 질문이 이상할 수 있는데 설명해주시면 감사하겠습니다ㅜㅜ","PCT 규칙을 그대로 붙입니다. 12.3 국제조사를 위한 번역문 (a) 국제출원이 그 국제조사를 수행할 국제조사기관이 인정하지 아니하는 언어로 제출된 경우, 출원인은 수리관청이 국제출원을 접수한 날부터 1월 이내에 다음 각 호의 요건을 모두 충족하는 언어로 된 국제출원의 번역문을 수리관청에 제출하여야 한다. (ⅰ) 국제조사기관이 인정하는 언어 (ⅱ) 공개언어 (ⅲ) 국제출원이 공개언어로 제출되지 아니한 경우, 규칙 12.1(a)에 의하여 수리관청이 인정하는 언어 제목이 질문칙에 맞지 않으니 수정해 주세요.", ,,22.05.13
특허법,조문,pct,확대된 선출원 지위 발생시기,안녕하세요 변리사님 공부를 하다 의문점이 있어 질문 드립니다 pct의 경우 국제 공개와 국내공개가 있는것으로 알고 있습니다 이 경우 확대된 선출원의 지위 관련해서 국제 공개를 기준으로 판단할지 국내 공개를 기준으로 판단할지 궁금합니다 국제 공개후 국내 공개전 타 출원이 있는 경우 확선으로 공격하는지 신규성으로 공격하는지 궁금합니다 항상 친절한 답변 감사합니다^^,"국제공개 또는 국내공개 중 빠른 것을 기준으로 확선을 적용합니다. 말씀하신 케이스는 신규성, 진보성 위반이 문제되는 경우입니다. 열공하세요~", ,,22.06.01
특허법,조문,201조,국어번역문을 제출하지 아니한 경우의 취급,"201조 4항 : 출원인이 국내서면제출기간에 발명의 설명 및 청구범위의 국어번역문을 제출하지 아니하면 그 국제특허출원을 취하한 것으로 본다 203조 3항 4항 : 국내진입의사표시서면을 국내서면제출기간에 제출하지 아니한 경우 보정명령하여야 하며, 지정된 기간에 보정하지 아니하면 해당 국제특허출원을 무효로 할 수 있다 안녕하세요, 국제특허출원 절차에서, 국내서면제출기간에 국내진입의사표시서면을 제출하지 아니하면 국내진입의사표시서면과 국어번역문을 모두 제출하지 아니한 상태이기 때문에 201조4항과 203조3항4항에 해당되는 경우인 것으로 이해됩니다 이때 특허청장은 201조에 따라 취하간주를 하는지 203조에 따라 보정명령 후 무효처리를 하는지 아니면 둘 다 할 수 있는 것인지 궁금합니다","취하간주가 됩니다. 번역문을 제출하였는데, 국내진입의사표시서면을 제출하지 않은 경우 법 제203조제4항이 적용됩니다. 열공하세요~", ,,22.06.18
특허법,조문,214조,국내출원시기,안녕하세요 강사님 기본 강의 수강 중 제가 이해한 것이 정확한지 확인하고싶어 질문 남깁니다. 사진에 표기했다시피 선출원을 X출원 PCT 출원을 Y출원이라고 할 때 특허청장의 결정으로 수리관청의 잘못이 인정되면 X시기에 지정국에서 국내출원이 인정된다 고 이해하면 맞는것인가요?,"Y 출원일에 출원된 지정국에서의 국내출원으로 인정됩니다. 다만, 출원공개시기는 X 출원일을 기준으로 합니다. 열공하세요~", ,,22.07.19
특허법,조문,202조,우선권주장의 특례,"변리사님 안녕하세요, 객관식 문제를 풀다가 질문사항이 생겨 질문 드립니다. 우선권주장의 특례에서, 후출원이 국내출원이면 55조 6항이 적용돼 29조 7항을 적용하지 않고, 후출원이 국제특허출원이면 29조 7항이 적용된다고 이해하였습니다. 따라서 선출원이 국제특허출원이고 후출원이 일반 국내출원인 경우, 번역문을 제출하지 않아서 국제특허출원이 취하가 되더라도 확대된 선출원의 지위는 인정된다고 이해하였습니다. 올바르게 이해한 것이 맞는지 질문 드립니다.",네. 이해하고 있는 것이 맞습니다. 열공하세요~ 답글기능 더보기, ,,22.08.26
특허법,조문,207조,출원공개시기 및 효과의 특례,"외국어 국제특허출원의 경우에는 국제공개와 국내공개가 별도로 이루어지게 됩니다. 이 때, 확선의 지위와 공지기술의 지위를 가지게되는 기준점은 국제공개시(국제공개가 국내공개보다 먼저 이루어진 경우)이고, 보상금청구권의 발생요건인 출원공개는 국내공개를 의미하는 것으로 이해했는데 잘 이해하고 있는 것인지 궁금합니다. 추가적으로 보상금청구권외에 외국어 국제특허출원의 국내공개만을 기준으로하는 다른 권리나 제도등은 없는지 궁금합니다.","잘못 이해하고 있습니다. 확선은 언어종류불문하고 국제공개와 국내공개 중 빠른 날을 기준으로 하고, 보상금청구권은 국어로 공개된 것을 기준으로 합니다. 즉, 외국어출원의 경우 확선은 국제공개, 보상금청구권은 국내공개를 기준으로, 국어출원의 경우 확선과 보상금청구권 모두 국제공개를 기준으로 합니다. 열공하세요~", ,,22.09.01
특허법,조문,201조,도면의 설명부분 국어번역문,"안녕하세요 1. 201조 4항에 따라 국제출원인이 국내서면제출일까지 발명의 설명, 청구범위의 국어번역문을 제출하지 않으면 취하간주하며, 도면의 설명부분이나 요약서에 대한 국어번역문을 제출하지 않는 경우에는 42조 9항에 의해 보정명령 후 무효가 된다고 알고 있었는데 도해특허법 교재(사진 왼쪽 아래칸)에 194조 4항 후단부와 같이 도면 설명부분에 대한 국어번역문을 제출하지 않은 경우 도면의 설명부분에 대한 기재가 없었던 것으로 본다 라고 써있어 무엇이 맞는지 질문드립니다. 2. 실용신안법의 침해죄가 반의사불벌죄로 개정된 것으로 아는데 몰수는 그대로 임의적 몰수가 맞는지 질문드립니다. 3. 시행규칙 99조의 2에 따라 국제출원절차에서 발명의 설명 또는 청구범위의 일부가 누락되어 있거나 잘못 제출된 경우, 기간내에 보완하지 않으면 194조 4항 후단부에 도면에 관한 규정처럼 발명의 설명 또는 청구범위의 일부가 누락된 채로 출원이 인정되는 것인지 질문드립니다. 감사합니다.","1. 도면의 설명부분에 대한 기재가 없는 것으로 보기 때문에(제201조제5항), 도면의 기재방식 위반(제42조제9항)이 되는 것입니다. 2. 네, 임의적 몰수입니다. 3. 네, 출원이 인정됩니다. 다만, 기재불비에 해당할 가능성이 높습니다. 열공하세요~ 답글기능 더보기", ,,22.09.02
특허법,조문,202조,"] 우선권주장취하시기관련, 자기지정아닐시의 취급","안녕하세요 PCT조약내용의 이해가 부족해 국내PCT규정과의 연결이 잘 되지않아 질문드립니다 Q1. 우선권주장취하시기와 관련하여, 선출원이 국내출원 - 후출원이 PCT일때, 56조2항이 적용되지않고 우선권주장취하 가능시기가 다른데요 56조2항의 경우 실익이 없어서 선출원 취하후엔 우선권주장을 취하할수없는건데 PCT인 경우는 다른 실익이 있어서 선출원이 취하간주 된 후에도 우선권주장을 취하할수도 있게 한건지 여전히 실익은 없지만 PCT규정을 따르다보니 이렇게 된건지 궁금합니다 Q2. (1) PCT의 우선권주장은 출원서에 체크하는것으로 보아 지정국 전체에 일괄적으로 적용되는것 같은데 맞나요? (2) PCT의 우선권주장취하는 법정기간이 심사청구기간등 국내절차와 연결되어있는걸 보면 지정국별로 밟을 수 있는 절차로 보이는데 맞는지요 Q3. 자기지정이 아닌경우, 예를들어 선출원 PCT - 후출원 국내출원일때, 출원인의 의사에따라 54,55조 우선권주장을 선택하게되는데요 55조를 선택했을경우, 선출원PCT가 국내범위내에서 취하간주되는걸로 배웠는데 54조를 선택했을경우, 두개의 출원이 공존하게 되나요? 그렇다면 국내법은 중복출원금지를위해 취하간주라던가 삭제보정등의 절차를 두는데 이 경우는 추가절차는 필요없는것인지요 감사합니다 저작자 표시컨텐츠변경비영리","1. 후자가 맞습니다. 사견으로는 입법불비라고 생각됩니다. 2. (1) 네 2. (2) 네 3. 협의제 문제가 있어서, 출원인이 알아서 이를 피해가야 합니다.", ,,22.09.12
특허법,조문,203조 1항,203조서면과 201조 번역문의 제출,안녕하세요 게시판 검색을 통해 어느정도는 이해는 했는데 추가질문이 생겨 질문드립니다 Q1. 203조 1항 후문의 내용에따라 203조 서면은 201조1항의 국어번역문과 함께 제출하여야하면 당연히 201조1항의 국어번역문도 203조 서면과 함께 제출해야하는것이 맞나요? 따라서 최초국어번역문 제출시에는 203조 서면과 함께 제출한다고 생각하면 되나요 Q2. 201조 3항의 교체번역문은 번역문만 제출해도 되나요? 감사합니다,"1. 네, 다만, 번역문 제출기간의 연장신청을 하는 경우에는 법 제203조 서면만 먼저 제출합니다. 2. 네 열공하세요~ 답글기능 더보기", ,,22.09.17
특허법,조문,207조,국제특허출원의 확대된 선출원의 지위에 대해서 질문드립니다.,"도해 특허법 제16판 p.339 국제 출원의 국제공개, 국제특허출원의 국내공개, 통상의 국내출원의 국내공개를 비교한 장표에서 헷갈리는 부분이 있어서 질문 드립니다! 저는 pct출원의 경우 국제공개가 된 후 기준일이 지났을 시, 국내공개가 되고, 이 때의 확대된 선출원 지위는 국제출원일부터 국제공개시까지로 알고 있었는데요, 이 장표 맨 하단의 <국제특허출원의 국내공개>의 부분에 확대된 선출원의 지위가 O라고 채워져 있어서 이것이 어떤 의민지 잘 모르겠습니다. 결국은 국제공개시까지 확대된 선출원의 지위가 인정되는게 아닌가요? 제가 알고 있는 개념이 맞는 것인지, 그렇다면 제가 헷갈리는 부분은 무엇인지 궁금합니다! 감사합니다.","시행규칙 제44조제2항에 따라 번역문 제출하고 조기공개신청하면 국제공개보다 먼저 국내공개가 될 수 있고, 이 경우 국제출원일로부터 국내공개 사이에서 확선의 지위가 인정됩니다. 열공하세요~", ,,22.10.08
특허법,문제,194조,리담객 961면,"안녕하세요 변리사님 이 문제 보기에서 전부 ""국제특허출원""이라는 단어로 기재하였는데, 실제로 내용들을 보면 ""국제출원""에 해당하는 내용인데 보통 이렇게 섞어쓰기도 하는건가요? 지문 읽어보고 눈치껏 국제출원으로 파악하고 문제를 풀어야하는건가요? 어떻게 판단하면 좋을지 몰라 질문드립니다.",국제특허출원이라고 하여 틀린 지문이 아닙니다. 국제특허출원이란 대한민국을 지정국으로 하는 <국제출원>을 의미하기 때문입니다. 제목이 질문규칙에 맞지 않으니 수정해 주세요., ,,22.10.28
특허법,문제,202조,리담객관식 1012,보기 (마)에서 1. 조약우선권과 국내우선권 주장이 같이 있을때 선출원 취하 간주는 국내우선권 주장의 선출원일을 기준으로 취하 간주 되는건가요? 2. 이 경우에 제202조 제3항 제3호가 적용되는 것이 아닌가요?,1. 네 2. 법 제202조제3항은 선출원이 PCT인 경우에 적용되는 규정입니다. 열공하세요~, ,,22.11.01
특허법,조문,"192, 198조",보완과 보정,국제출원절차에서 보완과 보정의 차이가 무엇인가요?,"경미한 하자는 보정으로, 중대한 하자는 보완으로 이해하면 됩니다. 열공하세요~", ,,22.11.06
특허법,조문,196조,국제출원의 취하,"도해특허법 332쪽 하단 국제출원의 취하부분을 보면 국제출원에 관하여 내야 할 수수료의 일부를 내지 아니하여 특허협력조약 제 14조(3)(b)에 해당하게된 경우에는 수수료를 내지 아니한 지정국의 지정은 취하된 것으로 본다. 다만 국제출원할때 모든 지정국이 지정된 것으로 보며 지정료가 국제출원료에 포함되었기 때문에 수수료의 일부를 내지 아니한 경우 국제출원 전체가 취하간주되는 것이지, 지정국 일부가 취하간주 되는 경우는 없을것이다.라고 적혀있습니다. 이에 대해서 예시를 통해 설명해주시면 감사하겠습니다~","자동지정제도의 도입으로 인해, 지정국을 지정할 때 내는 지정료를 납부하지 않았다고 하여, 지정국 일부만 취하간주되는 경우는 없다는 것입니다. 열공하세요~", ,,22.11.06
특허법,조문,208조,[208]조 오역의 정정,"오역 정정은 발명의 설명, 청구범위를 보정한 것이 아니라 국어번역문만을 정정한 것이기 때문에 국어번역문에 오역이 있는 경우에는 국어번역문에 대한 오역정정과 별도로 심사대상 발명의 설명, 청구범위등에 대해 보정을 해야 한다. 라고 도해특허법에 적혀있습니다. 근데, 오역을 말그대로 번역을 잘못한 것 뿐인데, 원본인 '발명의 설명, 청구범위'등에 대해 보정을 하는 것이 오히려 이상하지 않나요? 감사합니다.","보정을 하지 않으면, 법 제47조제2항에 위반되기 때문입니다. 보정파트를 공부해 보세요~", ,,22.11.08
특허법,조문,208조,] 국내법 적용 받는 보정하기 위한 요건,"안녕하세요 변리사님. 국제특허출원에서의 보정 특례에 대해 질문 드립니다. 2011년 기출문제에 “국제특허출원을 국내단계에서 보정하려는 출원인이 수수료를 납부하고 국어번역문을 제출하였더라도 기준일(기준일이 출원심사청구일인 경우에는 출원심사를 청구한 때)이 경과하지 아니하면 보정할 수 없다.” 가 옳은 지문으로 되어있는데 저는 PCT19 또는 34 보정을 하고 보정서의 번역문을 제출한 후에 보정하는 경우에는 기준일 전이더라도 국내법 적용을 받는 보정이라고 알고 있어 틀린 지문이라고 생각하였습니다. 국내법 적용 받는 보정하기 위해서는 1) 기준일 경과한 후 or 2) PCT19, 34보정 후 보정서의 번역문 제출한 후 로 알고 있었는데 잘못된 부분이 있으면 지적해주시면 감사합니다.","네, 맞게 이해하고 있고, 객관식은 상대적으로 풀이하면 됩니다. 보는 관점에 따라 정오가 달라질 수 있기 때문입니다. 예를 들어, 지문에서 <국내단계>에서의 보정은 기준일 경과후가 맞으나, <국내법 적용받는> 보정은 기준일 전 pct 19, 34 보정도 포함될 수 있다는 관점이 적용될 수 있기 때문입니다. 그렇다면, 이 지문이 정확히 틀렸다고 하기 위해서는 ""국내법(제47조제1항)의 적용받는 보정은 기준일이 경과후가 아니하면 할 수 없다."" 로 표현되어야 할 것입니다. 열공하세요~", ,,23.01.04
특허법,문제,205조 1항,205조 1항,안녕하세요 변리사님 질문 드립니다 리담 객관식 4번 지문과 해설을 통해서 4번이 틀렸다고 생각하고 있었는데요 최근 타 앱을 통해 문제를 풀던 중 답이 틀려서 의견을 남겨보니 저렇게 답변이 왔습니다 변리사님의 생각은 어떠신지 궁금합니다 어떤 의견을 따라 알고있어야 할 지 혼란스럽습니다.. 만일 시험에 나온다면 상대적으로 풀어야 할 것 같은데 그런건가요? 지금까지 조문상으로 틀린것이 맞다고 생각했는데 저 해설을 보니 마냥 틀린것 만은 아닌것 같기도 하구요,"출원 언어와 34 보정 언어가 다를 수 있기 때문에, 보정 언어를 기준으로 번역문을 제출해야 할지 아니면 사본을 제출해야 할지 결정해야 합니다. 틀린 지문입니다. 열공하세요~", ,,23.01.04
특허법,조문,"201,204,205조",원문의 국어번역문과의 관계,"안녕하세요 강사님 201조와 204조의 관계를 보면 원문에 대한 국어번역문 제출 전에 pct19조의 보정을 한 경우와 원문에 대한 번역문 제출 후에 pct19조의 보정을 한 경우를 나눠서 전자의 경우에 보정서에 대한 번역문 중복 제출이 불필요하기 때문에 원문에 대한 국어번역문 제출시 보정 후의 청구범위에 대한 국어번역문으로 대체 제출(201조 2항)이 가능하고 204조 1항 및 2항을 적용하지 않는데요 이와 다르게 201조와 205조의 관계에서는 왜 상기 내용처럼 pct34조의 보정 시기를 나누지 않는건지 궁금합니다. pct34조 보정의 경우에도 원문에 대한 국어번역문 제출 전에 보정된 경우에는 보정된 발명의 설명, 청구범위, 도면에 대한 설명으로 대체하여 제출하면 안되는건가요?",필수적 절차(국제조사)와 임의적 절차(국제예비심사)의 차이라고 생각하면 됩니다. 열공하세요~, ,,23.01.16
특허법,조문,194조,발명의 설명 일부누락의 보완,국제출원의 보완 / 누락보완 / 보정에서 누락보완의 대상이 발명의 설명 일부누락과 도면의 일부 / 전부누락인데 보완시 효과는 도면에 관해서만 나와 있다. 발명의 설명 일부 누락의 누락보완 또한 도면과 마찬가지로 냈다면 낸 날을 국제출원일로 하고 내지 않는다면 내지 않은 채로 국제출원을 진행하다고 보아야 하는가? 아니면 일부누락이라도 발명의 설명 보완명령의 불이행이므로 출원일 불인정 사유인가?,"출원일 인정 후 그냥 진행하고, 나중에 기재불비가 발생할 것입니다.", ,,23.01.27
특허법,조문,196조,보완사유의 늦은 발견시 처분,국제출원에서 국제출원일 인정 후 출원일 불인정사유(보완사유)를 국제출원일로부터 4개월 내에 발견한 경우 국제출원은 취하된 것으로 간주한다고 했는데 4개월 이후에 발견한 경우에는 절차가 어떻게 진행되는지,"하자가 없는 것으로 처리하고, 나중에 국내단계 들어갔을 때 문제가 됩니다.", ,,23.01.27
특허법,조문,198의 2,국제출원 송달서류의 명칭,"국제예비보고서, 국제조사보고서, 국제예비심사보고서의 차이가 무엇인지. 국제조사기관이 작성한 국제조사보고서와 국제예비심사 기관이 작성한 국제예비심사보고서는 WIPO로 전달되된다. 국제조사보고서는 국제예비보고서(1장)에 포함되어 지정국에, 국제예비심사보고서는 국제예비보고서(2장)에 포함되어 2조 구속국으로써 출원인이 지정한 국가의 특허청에 송달된다. 라고 이해했는데 각 서류의 명칭이 맞는지","틀렸습니다. 국제예비보고서(제1장) - 국제사무국이 발간한 국제조사기관의 특허성 검토 보고서, 국제조사보고서-국제조사기관이 발간한 국제조사기관의 선행기술조사 보고서, 국제예비심사보고서(=국제예비보고서(제2장) - 국제예비심사기관이 발간한 국제예비심사기관의 특허성 검토 보고서입니다.", ,,23.01.27
특허법,조문,202조,국제출원과 선출원의 취하간주,선출원이 PCT이고 국내우선권을 수반한 후출원이 국내출원일 때 선출원이 국제출원일로부터 1년3개월과 기준일 중 늦은 때에 취하간주 된다 함은 1) 선출원으로부터 2년 7개월까지도 존속할 수 있고 2) 선출원이 존속함에도 후출원에 수반된 국내우선원을 취하할 수 없는 경우가 있으며 3) 후출원이 등록결정된 후에도 선출원은 등록받을 수 없을 뿐 여전히 존속할 수 있다 고 이해했는데 맞는지,맞습니다, ,,23.01.27
특허법,문제,197조,대표자,"객관식 p. 962 (1) 대표자를 정하지 않아 출원인 내에서 국민 또는 재내자 중 가장 앞에 자를 대표자로 간주하는 경우 간주된 대표자의 출원 취하 / 포기 / 변경, 우선권 우장 취하, 예비심사 및 지정국 취하는 다른 출원인의 동의를 얻어야 한다고 하는데 지정한 대표자의 경우에는 특허법 11조의 복수당사자 대표 규정에 제한없이 절차를 밟을 수 있지만 간주된 대표자이기에 제약이 따른다는 뜻인지 아니면 간주된 대표자이건 출원시에 정해서 신고한 대표자이건 복수당사자대표와 유사하게 특별수권이 필요한 행위가 있는 것인지 궁금합니다.",전자입니다, ,,23.01.27
특허법,조문,207조,출원공개와 확선,국제출원에서 번역문을 제출하지 않는 경우 확선의 지위가 적용되지 않는다고 하는데 번역문을 제출하여 확대된 선출원이 적용되는 경우 국제출원일 ----> 국제공개일 -----> 번역문 제출 ----> 국내공개일 이렇게 날자가 진행될 때 확선의 기준이 되는 공개시기는 국제공개시기와 국내공개일 중 빠른날 (위와 같은 경우에는 국제공개일)이고 공지기술의 지위는 번역문 제출에 관계없이 국제공개일 이후에 적용이 되는것이 맞는지 궁금합니다.,"네, 공지기술의 지위는 반포된 간행물 게재이고, 언어종류 불문입니다.", ,,23.01.27
특허법,문제,208조,보정의 특례,"안녕하세요 변리사님, 46회 기출 12번의 5번 보기입니다. 위와 같은 경우에, 심사청구를 하면서 제출된 번역문을 보정하는 경우엔 47조2항을 판단할때 원문주의가 적용되어 국제출원시 제출한 도면에만 기재된 발명을 추가하더라도 문제없이 보정이 가능하고, 이 보정을 하며 심사청구를 한 경우 이 보정을 한 번역문이 최종 국어번역문으로 확정이 되어 이후 보정을 하기 위해선 원문과 해당 번역문의 범위 내에서도 하여야 하기 때문에 이제는 국제 출원시 제출한 도면에만 기재된 발명을 추가하는 보정은 할 수 없다고 정리하면 될까요? 감사합니다","무슨 말씀하시는지 잘 모르곘네요. 국내단계로 진입한 이후이므로, 보정시기가 법 제47조제1항본문의 시기이고, 이 경우 보정범위가 법 제47조제2항이니, 법 제47조제2항에 따라 원문과 번역문에 공통으로 기재된 발명이라면 도면에만 기재되었을지라도 청구범위에 추가하는 보정을 할 수 있습니다.", ,,23.02.14
특허법,조문,202조,pct8조의 해석,"저는 첫번째 그림을 보고 pct8(2)b는 국내법에 일임하여 202조가 적용되고, 자기지정에 경우에만 적용된다고 이해 했는데요, 두번째 그림을 보니 자기지정이 아닌 경우에도 202조가 적용되어 pct8조의 해석을 잘못하고있나 싶어 질문드립니다. pct8(2)a는 파리조약4조에 조약우주의 요건,효과가 동일하게 있으므로 pct출원이 조약우주인 경우에 적용되는것이고, 조약우주가 아닌 나머지 국내우주의 경우에는 pct8(2)b가 적용되어 자기지정과 상관없이 202조가 적용된다고 해석해야하는것인가요?","제202조는 자기지정(PCT 8(2)(b))을 포함하여, 다른 케이스 예를 들어 선출원이 PCT이고, 후출원이 국내인 경우에도 적용되는 규정입니다. 따라서, PCT 8(2)(a)는 제202조를 적용할 수 없다고 이해하면 됩니다. 열공하세요~", ,,23.06.29
특허법,조문,"209, 210조","시각주의, 역일주의 판단","안녕하세요, PCT 특례 조문 중 201조3항, 204조, 205조, 208조는 문리적 해석상 시각주의가 적용된다고 공부하였는데, 그렇다면 같은 논리로 209조, 210조에도 시각주의가 적용될 수 있다고 이해하면 될까요? 구체적으로는, 다음 문장들이 맞는지 질문드립니다. 1. 209조에는 (제출한 ""후""로 명시되어 있으므로) 시각주의가 적용되고 따라서 수수료 납부 후 국어번역문 제출 시, 국어번역문 제출한 당일날에도 변경출원 가능하다 (O) 2. 210조1호에는 (수수료를 낸 ""후""로 명시되어 있으므로) 시각주의가 적용되고 따라서 수수료 납부 후 국어번역문 제출 시, 국어번역문 제출한 당일날에도 출원심사의 청구 가능하다 (O) 3. 210조2호에는 (""기간""이 지난 ""후""로 명시되어 있으므로 201조1항 각호 외의 부분을 고려하여 판단해보면) 역일주의가 적용되므로 국내서면제출기간이 지난 후, 즉 기준일 다음날부터 출원심사의 청구 가능하다 (O) 매번 빠르고 정확한 답변 덕분에 많은 도움 받고 있습니다. 감사합니다.","네, 맞습니다.", ,,23.09.05
특허법,조문,201조,"도면의설명, 요약서 번역문 제출","안녕하세요~! 변리사님 도면의 설명 번역문 미제출은 42(9) 시규21조에 생략가능하다 하여 미기재 간주, 방식위반 보정명령하고 요약서 번역문 미제출은 42(2) 방식위반으로 보정명령한다고 알고 있습니다 그런데 도해특허358p 국어번역문제출표에는 반대로 도면의설명, 요약서 번역문 미제출 효과가 도면의 설명 번역문 미제출은 보정명령 후 무효고 요약서 번역문 미제출은 미기재 간주, 보정명령 무효라고 적혀있던데 혹시 제가 잘못이해하고 있는지 궁금해서 여쭤보고싶습니다. ㅜㅜ","전부 다 기재방식인 제42조제9항 위반으로 방식 위반에 해당합니다. 참고로, 제42조제2항 위반은 제출하지 않았을 때를 의미합니다.", ,,23.09.12
특허법,조문,208조 1항,보정의 특례,"208조 1항에서 보정은 [수수료 번역문 기준일] 이후에 가능하다고 써있는데, 변리사님 도해특허법에는 208조를 근거로 '분할출원'도 [수수료 번역문 기준일] 이후에 가능하 다고 써있어서요, Q1. 이유가 무엇일까요?? Q2. 분할출원같은 조문에 써있지 않은 것이 또 있나요??","1. 분할출원이 보정할 수 있는 기간 내 가능합니다. 따라서, 보정의 특례기간인 제208조제1항이 적용됩니다. 2. 조문에 써 있지 않은 것은 없습니다. 다만, 분할출원에 대한 이해가 부족한 것입니다.", ,,23.09.21
특허법,문제,208조,보정 시기 질문입니다.,"국제특허출원의 경우 수수료 납부, 번역문 제출, 기준일 경과 시 47조1항에 해당하는 시기에 보정할 수 있는 것이라 이해하였습니다. 객 17판 335p 5번 지문(보정할 수 있어서 틀린지문) 에서 심사청구를 하면서 보정을 한다는게 낯설어 X라고 판단했는데, 47조 1항 본문 시기라고 생각해서 가능하다고 보는걸까요..? 혹은 보정 시기 내용을 잘못이해한걸까요?!","제208조제1항을 제대로 공부하지 않은 것 같네요. 특히 제3호는 ""기준일(기준일이 출원심사의 청구일인 경우 출원심사를 청구한 때를 말한다)이 지날 것"" 이고, 심사청구 이후에는 제47조제1항에 따라 보정할 수 있습니다. 열공하세요~", ,,23.09.26
특허법,조문,207조,pct 출원공개시기,"안녕하세요 강사님! pct를 처음 공부중인데, 너무 어렵네요... 강의를 듣다가, 전체 틀이라도 먼저 잡고 상세한걸 공부하고자하여, 질문드립니다. Q1. 국내출원이 있고, PCT 국제출원을 하는 경우(국제특허출원 X), 출원공개시기가 궁금합니다. 국내출원 1년 6개월 후에 원래 공개되지 않나요? 이건 우리나라에서의 공개인것이고, PCT 국제출원에 의한 국제공개는 국제사무국에서 국제공개하는건가요? Q2. 국내출원이 있고, 우선권주장을 하면서 PCT 국제특허출원하는 경우의 출원공개시기가 궁금합니다. 1) 국제특허출원을 국어로 했을 경우 2) 국제특허출원을 외국어로 했을 경우 각각 어떻게 되나요? 국내우주의 경우이므로, 1년 3개월 후 국내출원이 취하되고, 우선일로부터 1년 6개월 후에 공개라고 생각하는데 P562 필기노트를 보면, 심사청구가 없을시에, 31개월후(국내서면제출기간의 만료일)에 국내공개라고 되어 있어서요! 뭔가 앞부분부터 이해를 못하고 있는것같아, 강의를 들어도 어려움만 쌓이고 있어 질문드립니다! 감사합니다!","1. 국제사무국에 의해 우선일(국내출원일)로부터 1년 6개월후에 국제공개됩니다. 2. 마찬가지로 국제사무국에 의해 우선일(국내출원일)로부터 1년 6개월후에 국제공개됩니다. 그리고, 국내공개는 제207조에 의합니다. 따라서, 1)의 경우 제207조제2항에 의해 국내공개가 별도로 되지 않고, 2)의 경우 제207조제1항에 의해 원칙은 국내서면제출기간이 지난 후 국내공개됩니다.", ,,23.10.16
특허법,조문,194조,국제출원일과 국제출원 접수일,"안녕하세요 강사님, 보완사유 등의 하자가 없어 '국제출원일로 인정된 날짜'와, '국제출원 접수일' 이 다른 개념인지 궁금합니다. 국제조사용 번역문은 국제출원의 접수일로부터 1개월 이내에 내야 하는데, 이 때 '접수일'의 개념이 수리관청에 출원서류가 하자의 유무와 관계없이 도달한 날인지, 혹은 하자가 모두 보완되어 출원일로 인정된 날짜를 말하는 것인지 궁금하여 질문드립니다. 감사합니다.","전자입니다. 기본서에 다음과 같이 기술되어 있네요. ""특허청장은 국제출원으로 제출된 서류를 접수한 때에는 국제출원일 인정과는 무관하게 그 국제출원번호 및 그 국제출원의 접수일을 출원인에게 통지하고(施規 94), 국제출원일 인정요건(보완사유)을 검토하여 흠결이 없는 경우에는 별도로 해당 국제출원일을 출원인에게 통지하여야 한다(施規 100).""", ,,23.10.19
특허법,조문,197조 1항,국제출원의 대표자,"안녕하세요 강사님, 197조1항에서 '192~196,198에 따른 절차는 출원인의 대표자가 밟을 수 있다' 라고 되어 있는데, 밟을 '수 있다' 라고 표현한 것은 꼭 대표자가 아니라도 언급된 절차를 밟을 수 있다는 의미인지 질문드립니다. 감사합니다.",네, ,,23.10.26
특허법,조문,202조 2항,후출원이 국제특허출원인 경우,변리사님 국내 우주에서 후출원이 국제특허출원인 경우 201조 4항에 따라 후출원이 취하간주가 되면 55조 4항을 적용하지 아니한다라는 의미가 1. 확선자체를 인정안하겠다는 것인지 2. 아니면 확선은 줄 수 있으나 우선일기준으로 확선을 준다는 55조 4항을 적용 안하겠다는 것인지 여쭙고 싶습니다 저작자 표시컨텐츠변경비영리,전자의 의미입니다., ,,23.11.03
특허법,조문,"202, 207조",pct-국내우주의 출원공개에 관련,"안녕하세요 변리사님 공부하다 궁금한 점이 생겨 질문 드립니다. 선출원이 pct출원이고 후출원이 국내우선권주장출원인 경우 만일 선출원이 국어가 아닌 외국어인 경우에 국내단계 진입을 하여야 확선의 지위가 인정될 수 있다고 배웠습니다. 1) 여기서 국내단계 진입은 ""선 pct출원""의 번역문 제출 후 조기공개 신청도 포함되는 것인가요? 이 경우 국내공개로 인정될 수 있으므로 국제공개 전에 조기공개신청이 있다면 ""선pct출원""의 확선의 지위가 인정 될 것 같아 질문 드립니다. 2) 위 상황에서 번역문 제출을 하고 조기공개신청을 하여 조기공개되었는데, 국내진입의사표시 서면을 제출하지 않은 경우에도 선pct에 확선의 지위가 인정되는지 궁금합니다 3) 그리고 만일 선 pct출원의 국제공개가 있는경우 조기공개신청은 불가하므로 이때는 무조건 심사청구 등 국내단계로 진입하여야 확선이 인정되는 것이죠?",1. 네 2. 모순되는 얘기네요. 제203조제1항에 따라 번역문 제출과 함께 국내진입의사표시 서면을 제출해야 합니다. 3. 국제공개가 있더라도 번역문 제출 후 조기공개신청할 수 있습니다.,"2. 조기공개신청시 번역문을 제출하고 조기공개신청을 할 수 있다고 알고 있는데, 조기공개신청시에도 국내진입의사표시 서면을 함께 제출해야하나요?","여기서 번역문은 제201조의 번역문이고, 제203조제1항에 의하면 제201조의 번역문과 함께 제출해야 합니다.",23.11.03
특허법,문제,"201, 208조",번역문 제출로 보정한것으로 볼때 보정범위,"안녕하십니까 변리사님 혼자 공부하다 의문이 생겨 질문드립니다 1. 위 1번문제에서 3번지문의 경우에는 201조 5항에 의해 국어번역문을 보정한걸로 되어도 원문에 A,B의 발명이 있다가 번역문에 따라 A로 보정된 경우이므로 원문범위내여서 거절이유에 해당하지 않는다고 생각했는데 이 생각이 맞는지 궁급합니다. 2. 만약 1에서 저의 생각이 맞다면, 6번문제 2번지문의 경우에 원문과 다른 국어번역문을 제출해서 번역문에 따라 보정한걸로 보게되면 원문의 범위를 벗어나 47조 2항 전단 위반이 될수도 있지만, 1번문제 처럼 청구범위의 감축이 되어 47조 2항전단위반이 아닐수도 있다는 생각이 들었는데 해설지에선 특허 받을 수 없다 라고만 적혀있어 질문드립니다. 항상 좋은 강의해주셔서 감사합니다.","1. 네 2. 네, 정확히 이해하고 있습니다. 열공하세요~", ,,23.11.23
특허법,조문,210조,국제특허출원 심사청구,국제특허출원 심사청구기간이 국제출원일 다음날부터 기산되는 것으로 알고있는데 기출 해설에 국제출원일부터 3년이내 심사청구 가능이라고 쓰여있어서 질문드립니다 국제출원일”후“ 3년이내가 아니라 국제출원일“부터” 3년이내 라고 나와도 맞는 지문으로 고를수있나요?,"네, 초일불산입의 원칙을 잘 이해 못 하고 있습니다. 다음날부터 기산한다는 것은 초일불산입의 원칙을 설명하고 있는 것입니다. 열공하세요~", ,,24.01.10
특허법,조문,202조,확대된 선출원에서 다른 출원의 지위,"첨부란 사진에서와 같이 강의노트 560페이지에서 세번째 경우(선출원: PCT, 후출원: 국내출원)가 잘 이해가 되지 않습니다. 구체적으로 55조 6항이 적용되어 선출원(PCT)이 취하간주되어도 확선의 지위가 인정되기에 국내단계진입여부와 무관할 것 같은데 말풍선에 'X의 경우 국어인 경우에 한해, 확선의 지위가 인정'이라고 적혀 있어서 혼동이 오는 것 같습니다. 따라서 다음과 같은 질문을 여쭤 보려고 합니다. 1. 세번째 경우 (선출원: PCT, 후출원: 국내출원) 55조 6항이 적용되는지 아니면 선출원이 201조 4항에 의해 취하간주되면 다른출원의 지위가 인정되지 않는지(29조 7항) 2. 55조 6항을 조문만으로 해석하면 선출원이 PCT이고 후출원이 국내출원인 경우만 적용될 것 같은데 어째서 선출원과 후출원이 모두 PCT인 경우도 적용되는지 잘 이해가 가지않습니다.","그림과 무관한 질문을 하는 것 같네요. 선출원(X)의 확선 지위는 제29조제3항 내지 제7항에 의하고, 후출원(X)의 확선 지위는 제55조제4항, 제6항 및 제202조제2항, 제3항제2호에 의하는데, X출원의 확선 지위는 국어인 경우에 제29조제7항이 적용되지 않고, 외국어인 경우에 제29조제7항이 적용되는 것입니다. X와 Y가 엄연히 다른 별개의 출원인데, 이를 합해서 문의하고 있네요.", ,,24.01.12
특허법,조문,198조,수수료: 수수료 안에 송달료도 포함되는 것인지 여부,,"안녕하세요 임변리사님!! 조문을 비교해서 보다가 의문이 들어 질문하고자 합니다. 헤이그 디자인출원의 특허청을 통한 간접출원 절차에서 송달료 납부 규정(디자인보호법 제 제 178조)을 따로 마련하고 있는 반면에 특허법에서는 따로 송달료 납부 규정을 두고 있지 않는데, 특허법상 명문으로는 밝혀져 있지는 않지만 실무상 송달료도 특허청을 통한 간접국제특허출원을 할 때 같이 내는 것인가요? 특허법 제 198조의 수수료 안에 송달료도 포함되는 것인지 궁금합니다. 항상 친절한 답변 감사합니다!!", ,,24.01.13
특허법,문제,207조,국제특허출원 출원공개,"변리사님 안녕하세요! 객관식 164p 3번에 5번 지문에 질문이 있습니다! 국제특허출원의 경우에는 원칙적으로 국내서면제출기간이 지난 때에 출원공개되며, 이로 인한 보상금청구권은 설정등록 후가 아니면 이를 행사할 수 없다. (X) -> 해설: 207조 참조 207조를 확인했는데 위 지문에서 어디가 틀린 내용인지 찾지 못해서 여쭤보고 싶습니다..!",맞는 지문입니다, ,,24.01.17
특허법,조문,206조,재외자 관련 질문,"국제특허출원과 재외자(206조) 관련 질문입니다. Q. 외국어가 아닌 국어로 출원한 국제특허출원은 201조의 적용이 없는 거라고 생각해도 되나요? Q. 재외자가 국어로 국제특허출원한 경우에도 특허관리인 선임신고가 필요한가요? 만약 필요하다면 시규116조(기준일~2개월)에 따라 선임신고 없을 시 취하간주된다는 2항 3항이 그대로 적용되는지, 아니라면 대신 어떤 조치가 취해지는디 궁금합니다.",1. 네 2. 그대로 적용됩니다. 열공하세요~, ,,24.01.25
특허법,문제,200조,공지예외적용주장 기준일,안녕하세요! 리담 기출문제집 341페이지 14번에서 공지예외주장 하여 국제특허출원하는 경우 기준일~2년 7개월을 잡을 때 여기서 ‘기준일’은 잡지에 게재된 날(18.9.1)이 아니라 국제출원일인 19.2.1일로 푸는 것이 맞는 건가요??,기준일로부터 2년 7개월이란 법정기간은 특허법에 존재하지 않습니다. 질문규칙에 맞춰서 문제를 업로드하면 조금 더 정확한 답변을 할 수 있을 것 같네요. 열공하세요~,아 제가 잘못 적었네요..!! 국내서면제출기간을 잡을 때 2년 7개월의 시작점이 되는 우선일을 언제로 잡아야 하는건지 질문드린 것이었습니다!,"우선일의 개념을 질문한 것이었네요. 우선일은 PCT 출원이 우선권주장을 수반한 경우 그 기초가 되는 최우선일(가장 빠른 날), 우선권주장을 수반하지 않은 경우 PCT 출원일 을 말합니다. 따라서, PCT 출원이 우선권주장을 수반하지 않았다면 PCT 출원일을 우선일로 잡고 기간계산을 해야 합니다. 열공하세요~",24.02.22
특허법,조문,pct,PCT제도 국제등록 관련 질문드립니다.,임병웅 변리사님 안녕하세요! 상표의 마드리드는 상표법 180조1항에서 국제등록일을 이 법에 따른 상표등록출원일로 보고있고 디자인에서 헤이그도 디자인보호법 179조2항에서 국제등록일을 이 법에 따른 디자인등록출원일로 보고있는데 특허는 국제등록이라는 개념도 없는거같고 국제등록일이 아닌 우선일 혹은 국체출원일 기준으로만 절차를 진행하는거같은데 국제등록 관련하여 디자인/상표와 달리하는 이유가 있는지 궁금합니다. 기초출원 요부에 따른 차이인가 생각해봤는데 디자인도 마찬가지로 기초출원을 요건으로 하지는 않아서요 감사합니다 좋은하루되세요! 저작자 표시컨텐츠변경비영리,"PCT(특허), 마드리드(상표), 헤이그(디자인) 모두 각기 다른 조약이고, 보호객체, 보호절차 등을 달리하는데, PCT에서도 국제등록이라는 것이 필요한 이유가 뭘까요?", ,,24.04.30
특허법,조문,204조,1항과 2항의 차이점,"형광펜 친 부분이 1항에 대한 예외사항으로 써있는데, 기준일까지 보정서가 송달된 경우 보정서에 따라 보정된다는 같은 내용이 아닌가요? 1항과 2항의 차이점을 잘 모르겠습니다ㅠㅠ","제1항은 사본, 제2항 단서는 원본이고, 양자가 충돌할 때는 원본이 우선한다는 것입니다.", ,,24.07.10
특허법,조문,202조,202조 표 5-6 국내우선권주장과 국제특허출원의 특례 질문입니다.,"<후출원의 확선 지위>는 후출원이 pct출원인 경우 선출원의 201조 4항에 따른 취하여부와 관계없이 확선의 지위가 인정되고 <선출원의 확선 지위>는 선출원이 pct출원인 경우 29조 7항에 따라 국어로 출원된 경우는 201조 4항 관계없이 확선지위 인정, 외국어로 출원된 경우는 201조 4항에 의해 취하될 경우 확선 지위가 인정되지 않는게 맞을까요ㅠㅠ?","질문이 명확하지 않네요. 선출원의 확선 지위를 문의하는 것인지, 후출원의 확선지위를 물어보는 것인지 먼저 특정해야 합니다. 이렇게 두리뭉실하게 문의하시면 답변이 산으로 갈 수 있습니다. 선출원의 확선지위는 제29조제3항내지제7항 후출원의 확선지위는 후출원이 pct인 경우 제202조제2항, 선출원이 pct인 경우 제202조제3항, 제55조제6항입니다. 확선 지위에 대한 그림은 강의노트에서 PCT 파트에 있으니 확인해 보세요~", ,,24.08.23
특허법,문제,208조,국제특허출원 보정의 범위,안녕하십니까 늘 양질의 강의 감사드립니다. 1. 아래 문제의 2번 선지에서 국어 번역문 제출 시 보정한 것으로 본다면 국제출원일에 제출한 청구범위를 감축하거나 정정하는 경우에는 다른 청구범위의 국어 번역문을 제출하여도 등록 받을 수 있는거 아닌가요? 2. 아래 문제의 5번 선지에서 도면에만 기재된 발명을 청구범위에 추가한다면 47조 3항의 청구범위 보정범위의 제한의 위반으로 보정할 수 없는게 맞지 않나요? 감사합니다 !,"1. 네, 그러나 확장이나 변경이면 등록이 안 될 것입니다. <다른>의 의미를 어떻게 해석하느냐에 관한 문제입니다. 2. 제47조제1항제2호, 제3호의 시기에 불가능합니다. 사안은 <심사청구하면서>이니 제47조제1항본문의 시기입니다.", ,,24.09.06
특허법,조문,194조,도면 보완 시 국제출원일 인정,특허법 194조 4항에 따르면 도면을 미제출한 자가 도면을 제출한 경우에는 그 도면의 도달일을 국제출원일로 인정하는 반면 시행규칙 99조의2 1항 또는 6항에 따르면 도면이 전부 또는 일부 누락된 경우 보완서류 접수일을 국제출원일로 인정한다고 되어있습니다. 접수일과 도달일을 같다고 보면 될까요?,"네, 그렇습니다.", ,,24.09.20
특허법,조문,200조,공지예외적용주장 서류 제출일,안녕하십니까 늘 양질의 강의 감사드립니다. 200조에서 30조2항에도 불구하고 기준일 후 30이내에 취지 및 증명서류를 제출할 수 있다고 되어 있는데 이 말이 국제특허출원하면서 출원서에 취지를 적고 구제특허출원일부터 30일이내에 증명서류를 제출하는것은 안되고 기준일부터 30일 이내에만 제출해야된다는 말인가요 아니면 출원인이 국제특허출원하면서 출원서에 취지를 적고 구제특허출원일부터 30일이내에 증명서류를 제출하거나 기준일부터 30일이내에 제출할 수 있다는 말인가요? (원래 30조에서 적용되는 주장기간이 국제특허출원에서도 적용되는지의 의미) 감사합니다!!,전자입니다. PCT는 출원절차통일화조약이므로 국내법에서 PCT 출원할 때 별개의 절차를 요구해서는 안 됩니다., ,,24.10.16
특허법,조문,201조 5항,201조 5항에서 기준일을 일로 따져야 하는지 시로 따져야 하는지,안녕하세요 특허법 201조 3항과 5항을 보고 궁금한 것이 생겼는데요 201조 3항에서는 번역문 교체를 심사청구 한 후에는 새로운 번역문을 제출할 수 없다고 나와서 출원심사의 청구를 한 때를 기준으로 판단해야 하는 것 같은데 201조 5항에서는 심사의 청구를 서면기간에 한 경우 그 청구일이라 나와서 일로 나와있어서 어떻게 판단해야 하는지 잘 모르겠습니다 만약 기준'일' 기준으로 판단하면 심사 청구를 한 후에도 동일 자라면 교체가 가능하다는 모순이 생겨 버려서 짚고 넘어갈 필요가 있어서 여쭤보았습니다 이게 208조 보정 특례에서도 보정시기가 기준일이 지날 것에서 기준일이 심사 청구일인 경우 청구한 때라 나와서 이것과 똑같이 적용하면 되는 건가요?,"제201조제5항에 의해 기준일까지라고 되어 있지만, 제201조제3항에 의해 심사청구를 한 후에는 번역문 교체 제한이니, 당연히 '시'를 기준으로 하는 것입니다. 열공하세요~", ,,24.10.19
특허법,조문,201조,국제공개 이전에 국내단계 진입 가능 여부,"보통의 단계 모식도(P.630)을 보면 지정관청에 국제조사 및 국제예비보고서의 송달 이후 국내단계진입하는 것처럼 느껴지는데, 강의노트 557번을 보면 이렇게 원문의 번역문이 먼저 제출된 후 PCT 제19조 보정이 된 것으로 보면 먼저 국내단계 진입을 한 후 국제공개가 되었고, 출원인이 PCT 제19조 보정을 한 것으로 생각되는데, 국내단계 진입과 국제조사 및 국제공개 절차는 별개로 할 수 있는건가요? 국제출원절차에서 국내서면제출기간 만료일이 우선일로부터 31개월까지라서 국제조사 및 국제공개 절차 완료 전에 수수료 납부 및 국내서면제출하고 번역문 제출해서 국내단계 진입이 가능한 것 맞나요?","네, 번역문 제출, 수수료 납부한 후 제203조의 국내단계진입서면을 제출하면서 국내단계 진입할 수 있습니다. 다만, 사안에서는 국내단계 진입을 안 한 것으로 보이네요. 열공하세요~", ,,24.10.22
특허법,조문,207조,심사청구 가능 시기 질문,"강의노트572페이지 207조 설명하면서 나온 자료에서 궁금한 점이 있습니다. 국제공개 이전에 심사청구가 가능한 것으로 그림은 보여지는데, 그렇다면 국제조사 및 국제공개 절차에서 아직 특허성 여부를 확인하는 중이라도, 외국어로 작성된 국제특허출원은 번역문, 수수료, 국내진입의사서면 제출 후 심사청구가 가능한건가요? 마찬가지로 국어로 우리나라를 수리관청으로 제출한 경우 수수료와 국내진입의사서면 제출하면 국제조사 및 국제공개 절차에서 아직 선행기술조사 중이라도 심사청구가 가능한가요? 만약 가능하다면 아직 국제조사보고서를 받지 않았는데 심사는 어떻게 진행되는건가요?","네, 가능합니다. 국제조사보고서는 국내단계에서 심사시 참고용입니다. 제목을 제207조로 수정해 주세요~", ,,24.10.22
특허법,조문,202조,확선의 지위,"안녕하세요 202조 확선 관련 질문 드립니다. 1. 리담특허법 강의노트 제8판 570P 위에서 3,4번째 case에서 X가 외국어PCT출원인 경우, 번역문을 제출하였고 X의 국제출원일부터 1년 6개월 후, 국제공개가 되었다면 X자체의 확선이 생기지 않나요? (X의 경우 국어인 경우에 한해 확선의 지위가 인정된다고 나와있어서 질문드립니다.) 2. 만약 1번이 맞다면, 'Y의 최명도(case3인 경우) 혹은 원문(case4인 경우)에 기재된 발명 중 X의 원문에 기재된 발명'은 X 자체에 의한 확선과 Y에 의한 확선으로 중첩되는 건가요? 감사합니다.",질문규칙에 맞게 질문해 주세요., ,,24.11.08
특허법,조문,194조,국제출원일 인정,변리사님 1. 인용에 의한 보완이라는 것이 잘못 제출된 부분이 국제특허출원에 포함되지 않는 것으로 볼 것을 신청하는 것이 맞나요? 2. 국제특허출원에서 인용에 의한 보완을 하게 되면 출원일은 인용에 의해 보완된다는 것을 확인하는 서면을 제출한 때로인정이 되는 것인가요? 3. 그리고 이번에 올려주신 개정내용에 따라 기존에는 국제특허출원에 대해서 특례로 인용의 의한 보완을 인정하다가 국제출원에 대해서도 인정하고 적용하게 되었다는 것으로 이해해도 되나요?,잘못 이해하고 있네요. 인용에 의한 보완은 우리나라 특허법에서 유보하여 적용되지 않는다는 것을 명확히 하고 있는 규정입니다. 따라서 공부할 필요가 없습니다. 열공하세요~, ,,24.11.16
특허법,조문,,심결취소소송(협의의 특허소송)의 관할 관련,"심결취소소송(협의의 특허소송)은 행정소송의 일종이지만 행정법원이 아닌 특허법원이 전속관할이며, 190조 1항의 '법원'은 민사법원과 행정법원을 포함하는 것인가요??","질문규칙에 맞춰서 다시 질문해 주세요 제10장은 PCT에 대한 내용이므로 제9장에서 질문해야 하고, 제목에 문의하고 있는 내용의 조문을 적어야 합니다. 이렇게 질문하면 데이터가 쌓이지 않습니다.", ,,24.11.16
특허법,조문,192조,국제출원을 할 수 있는 자,안녕하세요 192조 4호에 해당하는 출원인이 197조 1항의 대표자가 될 수 있나요?,법조문 그대로 해석하면 됩니다. 국민 또는 재내자라면 대표자가 될 수 있습니다. 열공하세요~, ,,24.12.07
특허법,조문,202조,우선권 주장의 특례,안녕하세요 202조는 국내우주이기만 하면 자기지정이든지 아니던지 모두 적용되는것이 맞나요~?,네 그렇습니다~, ,,24.12.10
특허법,조문,207조,국제 조기공개,안녕하십니까 늘 양질의 강의 감사드립니다 국제출원에서 번역문제출 후 조기공개가 가능하며 조기공개시 우선일로부터 1년6개월 전이라도 국내공개가 가능하다고 알고 있는데 이때 그러면 심사청구전이라도 조기공개된다면 국내공개가 되는건가요? 감사합니다,"네, 그렇습니다. 기본서>PCT에서 해당 파트 그림 확인해 보세요.", ,,24.12.11
특허법,조문,207조,국제특허출원 공개,"먼저 조문에서 외국어 : 국내서면제출기간 or 심사청구와 우선일1년6월 중 늦은날 국어 : 국제 공개 일때 국내 출원공개 된다고 정리를 했습니다. 1. 국제 공개가 우선일 1년 6월 보다 빠르게 조기공개 될 수 있나요? 2. 1이 가능하다고 했을 때, 국제공개가 조기공개 되어도 여전히 심사청구와 우선일1년 6월 중 늦은날로 조문대로 출원공개 되나요? 3. 필기노투 572쪽에 시행규칙에 따라 번역문 제출 후 국내조기공개 신청이 가능하다고 되어 있는데 이때에는 조문과 다르게 외국어국제출원이든 국어든 국내조기공개 된때 출원공개 된것인가요?","1. 네, 조기공개신청하면 됩니다. 2. 네 3. 잘못 이해하고 있네요. 국내조기공개=출원공개입니다. 국내에서의 공개를 법률상 용어로 출원공개라고 합니다. 열공하세요~ 답글기능 더보기 이전", ,,24.12.14
특허법,조문,210조,국제출원 심사청구제도에서요!,(마)에서 출원인이 심사청구할수 있는 기간은 2018년5월15일로 소급하지 않으니 2019년5월15일부터인데 번역문 제출과 수수료 납부한 후부터 청구할수 있으므로 2020년11월15일부터 2022년5월15일까지이고 (바)에서 제3자는 우선일인 2018년5월15일부터 2년7개월인 2020년12월15일부터 심사청구를 할수있다 이렇게 이해하면 될까요?? 제3자가 심사청구할때는 조약우선권주장출원에서 판단시점이 소급한다고 생각하면 될까요??,바)를 잘못 이해하고 있군요. 법 제210조 제2호에 따라 제3자는 국내서면제출기간(2020.12.15)이 지난 후 국제출원일로부터 3년(2022.5.15)이내 심사청구할 수 있습니다. 제목과 카테고리가 질문규칙에 맞지 않습니다., ,,23.02.12
특허법,조문,202조,202조 선출원의 확선 지위 질문드립니다,안녕하세요! 아래 사진의 형광펜 친 부분에서 “국어인 경우에 한해 확선의 지위가 인정된다” 라는 말이 잘 이해가 안갑니다.. X출원이 외국어출원인경우 국내 단계에 진입해야 확선의 지위가 인정되는데 X출원은 국제출원일부터 1년 3개월이 지난 때와 기준일 중 늦은때 취하간주되니까 국내단계진입을 못해서 이 경우에는 확선의 지위가 불인정되는건가요..??,"네, 그렇습니다.",그러면 혹시 기준일이 출원일부터 1년 3개월이 지난때보다 빨라서 국내단계 진입 후에 취하간주되면 X출원도 확선 지위가 인정되나요..??,그 경우는 국제공개되지 않아서 인정되지 않겠네요.,24.12.18
특허법,문제,207조,출원공개,1.리담특허법 기출문제1 295페이2ㅣ ㅂ 지문에 외국어 국제특허출원의 경우에 국내서면제출기간 경과전 출눤인의 심사청구가 있을 때는 우선일로부터 1년6월 경과한때 또는 심사청구일 중 늦은 때에 출권공개를 한다 지문이 옳음 처리가 되어있는데 207조 따르면' 늦은 날이 지난 후' 라고 되어 있는데 틀린 것이 아닌가 질문드립니다! 2. 이전 질문 중 시행규칙에 따라 국내 조기공개(=출원공개)가 되었을 때는 해당 출원이 외국어국제특허출원이었든 국어국제특허출원이었든 207조 조문에도 불구하고 시행규칙에따라 국내 조기공개되었을때 출원공개가 된 것으로 본것인지 궁금합니다. 이때 207조 4항5항에서의 보상금 청구권은 '출원공개된 때( 국어국제특허출원의 경우에는 국제공개)' 라고 하는데 국내조기 공개 되었다면 국어국제특허출원의 경우에도 국제공개가 아닌 국내조기공개인가요?,"1. 네, 지난 후가 정확한 표현입니다. 상대적 풀이를 해야 합니다. 2. 네, 그렇습니다. 다만 용어를 모르고 있네요. 국내법상 출원공개는 국내에서의 공개를 말합니다. 즉, 국내에서의 조기공개라는 것은 국내에서의 출원공개를 의미하는 것이고, 문의한 것처럼 간주하는 것이 아닙니다. 열공하세요~~", ,,24.12.19
특허법,조문,,강의노트 질문드립니다.,오른쪽 하단 타임테이블에서 선출원이 1년3개월 뒤 취하간주되기 전 시기에는 우선권 주장하면서 국내 진입할 수 없고 1년 3개월 뒤에 국내 단계로 진입해야 한다는 건가요??,"잘못 이해하고 있네요. Y 출원이 국내단계로 진입해야 A, B 발명을 한국에서 보호받을 수 있다는 것입니다.", ,,25.01.14
특허법,조문,202조,확선 다른 출원지위,202조 2항에따라 1.후출이 201 4항에따라 취하간주되면 확선의 다른 출원지위가 없고 55조 5항에 따라 2. 선출이 201 4항에 따라 취하간주되면 후출이 출원공개되었을때 확선 다른 출원의 지위가 있는 것이고 원칙적으로 29조 7항에 따라 국제특허출원이 201조 4항에따라 취하간주되면 확선 다른출원지위가 없는 것으로 이해했는데 맞나요?,"선출원의 확선 지위와 후출원의 확선 지위를 구분해야 하는데 그렇지 못하고 있는 것 같군요. 제202조제2항, 제55조제6항은 후출원의 확선 지위에 관한 규정이고, 제29조제7항은 선출원의 확선 지위에 관한 규정입니다. 예를 들어, 선출원-PCT이고 후출원-PCT인 경우, 선출원의 확선 지위 인정 여부는 선출원이 외국어출원일 때 제29조제7항이 적용되고, 후출원의 확선 지위 인정 여부는 선출원, 후출원이 외국어출원일 때 제202조제2항, 제55조제6항이 적용되는 것입니다. 열공하세요~ 답글기능 더보기", ,,25.01.17
특허법,조문,"201조 5항, 202조, 206조","[201조 5항, 202조, 206조]","안녕하세요 변리사님. 강의를 들으면서 변리사님이 기준일의 정의를 ""국내서면제출기간 만료일 또는 심사청구 중"" 이라고 말씀해주셨는데요. 다른 조문들은 심사청구시 (시각주의)로 조문에 괄호가 있는 등의 이유로 확인이 되는데 아래 사항들은 시각주의로 되어있지 않은 것 같아서 질문드립니다. 혹시 아래 사항들은 역일주의로 조문 그대로 이해하면 될까요? 1. 201조 5항의 괄호: 국내서면제출기간에 출원인이 출원심사의 청구를 한 경우에는 청구일을 말하며, 이하 ""기준일"" 이라 한다 2. 202조 3항 3호: 국제출원일부터 1년 3개월이 지난 때 또는 제 201조 5항이나 실용신안법 35조5항에 따른 기준일 중 늦은 때"" 3. 206조 1항: 재외자인 국제특허출원의 출원인은 기준일까지는 제5조1항에도 불구하고 특허관리인에 의하지 아니하고 특허에 관한 절차를 밟을 수 있다. 항상 강의 잘 듣고 있습니다. 감사합니다. 저작자 표시컨텐츠변경비영리","네, 확인해 봤는데 그대로 이해하면 됩니다. 기준일과 관련하여 시각주의로 해석해야 하는 것은, -번역문 교체(제201조제3항) -제204조, 제205조의 번역문/사분의 제출 -제208조의 보정 입니다. 열공하세요~", ,,25.01.21
특허법,조문,193조,국제출원서 발명자 미기재,국내출원 발명자미기재는 46조 절차보정사유입니다. 위반시 보정명령하고 안할 시 특허청장이 절차를 무효로 할 수있습니다. 즉 출원절차 무효로 할 수있다! 193조 국제출원의경우 발명자 미기재면 똑같이 방식위반인가요? 그럼 195조의 보정명령하고 위반시 출원취하간주되나요?,"국제출원시 발명자의 기재가 반드시 요구되는 것이 아니라서, 미기재하였다고 하여 방식위반이라고 할 수 없습니다.",혹시 193조 2항 7호의 괄호때문인가요? (지정국의법령에서 발명자에 관한 사항을 적도록 규정되어있는경우만 ) 일반적으로 발명자 미기재는 방식위반이다X 지정국에서 발명자관한사항을 요구하지않을시 미기재해도 방식위반이 아니다O 요구함에도 미기재시 방식위반이다O 로 정리해도 될까요? 195조의 4호(시행규칙101조)로 정하는방식에는 발명자관련해서 정해놓은게 없어서 지정국에서 요구했을시 발명자 미기재해도 195조의 방식위반은 아닐거같은데 근거조문이있을까요?,"조문은 잘 모르겠고, 특허청에서 발간한 <PCT수리관청 방식심사 매뉴얼(2022)>에 따르면, ""출원서에 발명자가 전혀 기재되어 있지 않다면 보정을 요구하지 않고, 발명자를 '추가'하도록 안내한다.""고 기재되어 있습니다. 참고하세요.",25.01.24
특허법,조문,207조,출원공개,"출원공개에서 서면기간 전에 심사청구를 한 경우 우선일+1년 6개월과 심사청구 중 늦은 날이 지난 후에 공개된다고 207조 1항에 나와있는데 여기서의 심사청구는 국제조사보고서, 예비심사보고서 보정한 때와는 다르게 심사청구'일'로 두는 건가요 아니면 똑같이 심사청구 한 '때'로 둬야 하는 건가요? 좀 지엽적인 것이기는 한데 확실히 해야 좋을거 같아서 질문드립니다 감사합니다",<일>로 합니다., ,,25.01.30
특허법,조문,시행규칙 102,PCT에서 우선권주장 보정 또는 추가 가능 기간,"안녕하세요, 좋은 책 내주셔서 감사합니다. 기본강의 없이 중급강의만 들어서 황당한 질문일 수 있는 점 양해 부탁드립니다. 리담특허법 객관식 I, 국제특허출원 파트에서 22 단원문제 선지 중 국제출원에서 우선일부터 1년 4개월과 국제출원일부터 4개월 중 늦게 만료되는 날 이내에 우선권 주장의 보정은 할 수 있으나 우선권 주장의 추가는 할 수 없다 이 선지 해설에 시규 102조라고 나와있는데 리담특허법, 조문집에서 찾지를 못해서 어디에 있는지 알 수 있을까요?",기본서에서 <제2장 국제출원절차>에서 <제1절 대한민국 특허청을 수리관청으로 하는 국제출원절차>에서 <Ⅴ. 그 밖의 국제출원에 관한 절차>에서 <3. 우선권주장 및 우선권서류의 제출 등>에 기술되어 있습니다., ,,25.02.10
특허법,문제,200조,기준일 경과후 30일,"안녕하세요 변리사님, 기출문제집 91p 1번 선지질문입니다. ‘국제 특허출원한 발명에 관하여 공지예외적용을 벋고자 하는 경우, 의사에 의한 공지행위가 있었던 날부터 12개월 이내에 국제출원하고, 그 취지를 기재한 서면 및 증명서류를 기준일 경과 후 30일 이내에 제출하여야 한다‘ 에서 “하여야 한다” 라는것이 걸려서 질문드립니다. 200조에서 할 수 있다라고 표현하여 살짝 혼동이옵니다 기출에서 ‘할 수 있다’를 ‘하여야 한다’로 바꾸어 출제를 하기도 하기때문에 확실히 하고싶어 질문드립니다. 추가질문) 30조는 30일내에 취지, 증명서류를 제출하지 않았더라도 보정할수 있는 기간 등에 보완수수료 납부하면 제출 할 수있는데, 위의 경우의 기준일 후 30일이 지나더라도 국내단계보정으로 넘어와서 취지 증명서류를 제출 할 수 있는지도 궁금합니다. 항상 감사합니다!",1. 할 수 있다가 정확한 표현입니다. 2. 국내단계로 진입한 경우에는 국내법 제30조제3항을 적용할 수 있습니다. 열공하세요~, ,,25.02.11
특허법,조문,201조,국제특허출원의 국어번역문,안녕하세요 201조 2항 ‘국제출원일까지 제출한 청구범위에 대한 국어번역문’에서 ‘국제출원일까지 제출한’이 수식하는건 ‘국어번역문’이 아닌 ‘청구범위’ 인가요?,네 청구범위를 수식하는 것입니다., ,,25.03.17
특허법,문제,202조,국제특허출원에 관한 특례,리담 객관식2 p361 10번 문제인데요 답이 2번으로 나와있는데 해설이랑 잘 맞지 않는 것 같아서요. 혹시 답이 4번인데 잘못 나온 것인가요?,오답이 아니네요. 해설과 답이 정확히 일치하고 있습니다., ,,25.05.03
특허법,조문,208조,보정의 특례 국내법 적용받는 보정,pct 강의를 듣다가 궁금한 점이 생겨 질문드립니다. 1) 204조 2항과 205조 2항에 적혀있는 47조 1항에 따른~ 의 해석의 결과로 국제단계에서의 보정에 대한 번역문 또한 사본의 제출이 국내법 적용받는 보정으로 간주되는 것인지 궁금합니다. 2) 그렇다면 201조 5항에도 동일하게 47조 1항에 따른 보정을 한 것으로 본다 라고 적혀있는데 pct 19조 또는 34조에 의한 보정이 아닌 경우에도 204조 205조의 경우와 동일하게 국내법 적용받는 보정으로 간주하는 것인지 궁금합니다. 항상 감사드립니다.,"1.2 네, 그렇습니다.","감사합니다. 질문 하나만 더 드리겠습니다. 2)에서 질문드린 내용이 국내법 적용받는 보정으로 간주되는 것이 맞다면 pct 19조,34조에 의한 보정이 아닌 경우에는 208조 1항이 적용되는 건지 궁금합니다. 괄호에는 204조 2항과 205조 2항만 적혀있어서요","제201조제5항은 번역문 제출의 효과이기 때문에, 제208조에서 다시 기재할 필요가 없는 것입니다. 한편, 제47조제1항은 국내법의 보정시기를 말하는 것이고, 그 시기에 보정한 것으로 본다는 의미로 이해하면 됩니다. 열공하세요~ 답글기능 더보기",25.07.01
특허법,조문,208조,[208] 질문,"안녕하세요! 208조에서 47호의 2항을 국제특허출원 할 때 적용하기 위한 보정의 특례를 규정하고 있는데, 그러면 47조제3항 즉 국제특허출원의 경우에는 청구범위 보정범위의 제한에 대해서는 고려를 안해도 되는 것인가요?","고려합니다. 제47조를 기본으로 하되, 제208에서는 바뀐 부분에 대한 설명만 하고 있는 것입니다.", ,,25.07.29
특허법,조문,208조,국제특허출원 보정시기,"안녕하세요 변리사님 내용:국제특허출원의 국제단계에서 204조2항, 205조2항에 따른 보정의 효과는 기준일 전이라도 국내법의 적용을 받는 보정이다 질문:201조3항,5항에 따른 외국어국제출원서 국어번역문 제출의 효과도 47조1항 보정으로 보는데 국제단계에서 국내법 적용을 받는 보정으로 볼 수 있나요? 실체보정 성격이 아니어서 제외되는 건가요? 해당 조문 질문은 아니지만 수업시간에 말씀하신 우선심사제도 최신화 요건은 언제 확인하고 외울 수 있을까요? 감사합이다","1. 네, 보정이 아니니 특별히 제208조제1항에서 언급하지 않은 것입니다. 2. 우선심사사유는 연말(12월)부터 암기하면 됩니다. 열공하세요~~", ,,25.08.18
특허법,문제,"195, 201, 204, 205조",국제특허출원의 보정,"Q1 문제 2번의 4번 선지에서 번역문에 대한 이야기가 나왔을 때 이 번역문이 우리나라 특허청을 수리관청으로 하여 출원서를 낼때 조약규칙 12.3(a)에 의한 명령으로 번역문을 제출하는것인지, 아님 우리나라에 진입하고자 번역문을 통한 보정의 효과를 얻고자할 때의 번역문인지는 어떻게 판단하나요? Q2 우리나라 특허청을 수리관청을 할 때의 출원서의 보정사유는 195조에 정리가 돼있고 , 우리나라에 진입하고자할 때의 보정은 번역문을 통하여 보정(201조 5항),204조에 의한 보정(pct19),205조에 의한 보정(pct34) 총 이렇게 3가지로만 보정할 수 있는 것으로 제가 파악했습니다 201조 5항,204조,205조에 의한 보정 모두 47조 1항에 따라 보정한 것으로 보기 때문에(국내 보정으로 간주) 만약 이 3가지 사항(우리나라로 들어오고자 할때의 보정은 이 3가지 사안으로""만"" 보정할 수 있으므로)으로 보정할 때의 신규사항 추가 문제가 발생시에 47조 2항 후단이 아닌 전단이 적용된다. 즉 우리나라로 들어오고자 할 때의 보정에서 신규사항 추가시 47조 2항 전단을 적용하여 거절이유,정보제공사유,특허무효사유에 해당하고 195조에 의한 보정에서 신규사항 추가시에는 47조 2항 후단에 의하여 거절이유,정보제공사유에만 해당한다고 정리하면 될까요? 바쁘신 와중에 제 질문에 답해주셔서 감사합니다","1. 국제조사용 번역문이라면 이와 관련된 전제조건이 사실관계에 적시되어 있을 것입니다. 2. 제195조는 명세서 또는 도면의 보정(발명의 내용의 보정)이 아니기 떄문에, 제47조제2항과 전혀 상관이 없는 조문입니다. 열공하세요~", ,,25.09.12
특허법,문제,200의 2,문제 1번의 4번 선지,4번 선지에 대한 해설은 200의 2를 참조하라고 나와있는데 4번 선지가 틀린 이유는 번역문과 수수료를 내면 변경출원은 가능하지만 분할출원은 불가능하기 때문이어서 인가요? 국제출원의 분할출원에 대해서는 따로 본바가 없는 것 같아서요 바쁘신 와중에 제 질문에 답해주셔서 감사합니다 박준연 드림,"1번이 틀린 지문이고, 4번 선지는 옳은 지문입니다. 기본서에 다음과 같이 기술되어 있네요. 2015. 1. 1. 시행된 현행법(法律 제12753호, 2014. 6. 11. 개정)은 국제출원일까지 제출한 원문(출원서, 발명의 설명, 청구범위 및 도면)을 국내법(法 42①②)에 따른 출원서, 명세서 및 도면으로 간주함으로써 국제특허출원과 관련된 심사에 있어서 기존의 번역문주의에서 원문주의로 전환하였다. 따라서 국제특허출원의 출원인은 원문에 기재된 발명의 범위에서 분할출원, 분리출원, 변경출원 또는 국내우선권주장출원을 할 수 있다.", ,,25.10.03
특허법,조문,192-198,국제출원 vs 국제특허출원,"문제를 풀다보니 국제출원 규정인 192조부터 198조까지 규정을 '국제특허출원'관한 설명을 하는 데 사용을 하더라구요.. ex) PCT에 따른 국제특허출원에 관한 설명으로 옳은 것은? 2번: 특허청장은 국제특허출원이 도면에 관하여 적고 있지만 그 출원에 도면이 포함되어 있지 않아서 그 취지를 출원인에게 통지하고 출원인이 산업통상자원부령으로 정하는 기간에 도면을 제출하는 경우, 그 국제특허출원일을 도면의 도달일로 한다. 시험에서는 그냥 국제출원과 국제특허출원을 혼용해서 쓰는 걸까요?","국제특허출원의 의미가 한국을 지정국으로 하는 국제출원이니, 특별히 틀렸다고 보기 어렵습니다. 열공하세요~", ,,25.10.20
특허법,문제,208조,＜국내단계에서 보정 vs '47조1항에 따라 보정한 것으로 본다'＞ 차이,"11년도 기출 지문인데요. '국제특허출원을 국내단계에서 보정하려는 출원인이 수수료를 납부하고 국어번역문을 제출하였더라도 기준일(기준일이 출원심사청구일인 경우에는 출원심사를 청구한 때)이 경과되지 아니하면 보정할 수 없다.' 가 옳은 선지라는데요, 국내법 적용 받는 보정은 기준일 전에도 번역문 제출(201조 5항, 204조 2항, 205조 2항)을 통해할 수 있는 거 아닌가요? https://m.cafe.daum.net/ezpatent/7ZIX/552?searchView=Y 이 글에서 말씀하신 것처럼요. '국내단계에서 보정하다.'의 의미와 '국내법 적용 받는 보정으로 간주하다.'가 다른 의미 일까요...? 기준일 지나야 국내단계이므로, 국내단계에서 보정한다는 것은 명확하게 기준일 지나고 나서의 보정을 말하는 걸까요? 감사합니다!",국내단계에서 보정의 의미가 사실 명확하지 않은 지문입니다. 상대적 접근을 해야 하는 문제로 보이네요., ,,25.10.22
특허법,문제,198조의 2,국제조사와 국제예비심사 비교,"안녕하세요 변리사님 ! 리담객 310p 3번문제 4번선지 관련 질문입니다. 국제조사보고서가 국제사무국을 거쳐 지정관청으로 송달되고, 국제예비심사보고서(2장)는 국데사무국을 거쳐 선택관청으로 송달되는 것은 알고있습니다. 그런데 선택관청을 제외한 지정관청의 경우에는 국제예비조사보고서가 1장을 국제사무국이 송달하는지 이 과정이 아니라면 어떠한 방식으로 이루어지는지 궁금합니다.","본서를 한 번만 읽어봐도 알 수 있습니다. ""국제사무국은 국제조사보고서, 국제조사보고서를 작성하지 아니한다는 취지의 선언서, 국제예비보고서를 작성한 경우에는 국제예비보고서를 번역문과 함께 각 지정관청에 송달한다", ,,25.12.06
특허법,조문,207조,출원공개시기,"안녕하세요 변리사님 61회 문제중 국어로 출원한 국제특허출원에 관하오 출원공개 전에 이미 특허협력조약(pct) 제21조에 따라 국제공개가 된 경우에는 우선일부터 1년 6개월이 되는 날에 출원공개가 된 것으로 본다. 라는 선지가 틀린 선지로 나와 있습니다. 207조와 관련해서 특허협력조약 21조에는 우선일로부터 18개월이 경과한 후 신속히 국제공개한다고 나와 있는데, 국제특허출원의 출원공개에 관하여 제64조 제1항을 적용하는 경우에는 “다음 각 호의 구분에 따른 날부터 1년 6개월이 지난 후”는 “국내서면제출기간( 제201조 제1항 각 호 외의 부분 단서에 따라 국어번역문의 제출기간을 연장해 달라는 취지를 적은 서면이 제출된 경우에는 연장된 국어번역문 제출 기간을 말한다․ 이하 이 항에서 같다)이 지난 후(국내서면제출기간에 출원인이 출원심사의 청구를 한 국제특허출원으로서 「특허협력조약」 제21조에 따라 국제공개된 경우에는 우선일부터 1년 6개월이 되는 날 또는 출원심사의 청구일 중 늦은 날이 지난 후)”로 본다․ 위의 밑줄 친 우선일부터 1년 6개월이 되는 날을 국제공개일로 보면 안되는지 궁금합니다.",제207조 제2항을 읽어 보세요. ② 제1항에도 불구하고 국어로 출원한 국제특허출원에 관하여 제1항에 따른 출원공개 전에 이미 「특허협력조약」 제21조에 따라 국제공개가 된 경우에는 <<<그 국제공개가 된 때에>>> 출원공개가 된 것으로 본다. 답글기능 더보기, ,,25.12.24
특허법,조문,209조,변경출원시기의 제한,"안녕하세요 변리사님. 국제특허 출원을 분할출원하기 위해서는 ""수수료 납부+ 번역문 제출+기준일이 지남""으로 알고 있습니다. 국제특허출원을 변경 출원하는 관련 조문 209조에는 수수료와 번역문제출 조건뿐인데, 그러면 기준일 전에도 국제실용신안등록출원을 변경 출원 가능한가요? 감사합니다. 저작자 표시컨텐츠변경비영리","네, 그렇습니다. 기본서 한 번 읽어 보세요.", ,,26.01.13
특허법,문제,47조,보정과 국제특허출원의 보정 질문,"리담 기출 객관식 315페이지 6번 2번과 5번 선지 해석 질문드립니다. 2번 : 미국 -> 한국 지정 국제특허출원에서 국어번역문을 특허청에 제출할 때 국제출원일에 제출한 발명의 설명, 청구범위 또는 도면과 다른 청구범위의 국어번역문을 제출한 경우 등록받을 수 없다. -> 여기서 다른 청구범위라는게 기존의 청구범위를 벗어나는 더 큰 범위라고 해석해야하나요? 기존의 청구범위(a,b,c)에서 감축되는 경우(a,b)도 다른 청구범위지 않나 하는 생각이 들어서 헷갈렸는데 문제를 풀 때 다른 청구범위라 함은 내부의 영역이 아니고 외부의 영역으로만 받아들여야하는건지 궁금합니다. 5번 : “47조 3항 청구범위 보정의 제한”에서 청구범위의 확장이 불가능 하다는 게 최명도에 포함된 범위(a,b,c가 최명도) 일지라도 한번 청구범위(a,b)에서 제외된 이상, 다시 c를 청구범위에 넣는 보정을 하면 청구범위의 확장이므로 거절이유이다 라고 이해하고 있었습니다. 그런데 5번 선지의 경우, “미국->한국 지정으로 들어오면서 국제출원일에 제출한 출원서류와 동일한 국어번역문을 제출하고, 이후 심사청구하면서 보정하는 경우에 국제출원시 제출한 도면에만 기재되어있던 발명은 원문과 국어번역문의 범위 내라면 도면에만 기재되어있었더라도 청구범위에 추가할 수 있다.” 이 예제가 국내법 47조 3항의 청구범위 변경 불가에 걸리지 않는 이유가 궁금합니다. 기존에 이해를 잘못 하고 있었던 것인지 국제특허출원에는 적용되지 않는 부분인지 판단이 잘 안돼서 질문드립니다. ㅜㅜ","2번 - 다른의 의미는 확장, 변경, 감축이 있을 수 있겠네요. 여기서, 확장, 변경은 명확히 다르다고 표현할 수 있는데, 감축은 다르다고 표현할 수도, 그렇지 않다고 표현할 수도 있습니다. 사안의 경우 절대적으로 맞는 지문은 아닙니다. 5번 - 사안의 경우 심사청구를 하면서(제208조제1항각호를 만족하면서) 제47조제1항본문의 시기에 보정을 했다는 의미입니다. 그렇다면 제47조제2항만 만족하면 되는 것이고, 제47조제3항은 사안과 관련없는 조문입니다. 열공하세요~", ,,26.01.30
,,,,,, ,,
,,,,,, ,,
,,,,,, ,,
,,,,,, ,,
,,,,,, ,,
,,,,,, ,,
,,,,,, ,,
,,,,,, ,,
,,,,,, ,,
,,,,,, ,,
,,,,,, ,,
,,,,,, ,,
,,,,,, ,,
,,,,,, ,,
,,,,,, ,,
,,,,,, ,,
,,,,,, ,,
,,,,,, ,,
,,,,,, ,,
,,,,,, ,,
,,,,,, ,,
,,,,,, ,,
,,,,,, ,,
,,,,,, ,,
,,,,,, ,,
,,,,,, ,,
,,,,,, ,,
,,,,,, ,,
,,,,,, ,,
,,,,,, ,,
,,,,,, ,,
,,,,,, ,,
,,,,,, ,,
,,,,,, ,,
,,,,,, ,,
,,,,,, ,,
,,,,,, ,,
,,,,,, ,,
,,,,,, ,,
,,,,,, ,,
,,,,,, ,,
,,,,,, ,,
,,,,,, ,,
,,,,,, ,,
,,,,,, ,,
,,,,,, ,,
,,,,,, ,,
,,,,,, ,,
,,,,,, ,,
,,,,,, ,,
,,,,,, ,,
,,,,,, ,,
,,,,,, ,,
,,,,,, ,,
,,,,,, ,,
,,,,,, ,,
,,,,,, ,,
,,,,,, ,,
,,,,,, ,,
,,,,,, ,,
,,,,,, ,,
,,,,,, ,,
,,,,,, ,,
,,,,,, ,,
,,,,,, ,,
,,,,,, ,,
,,,,,, ,,
,,,,,, ,,
,,,,,, ,,
,,,,,, ,,
,,,,,, ,,
,,,,,, ,,
,,,,,, ,,
,,,,,, ,,
,,,,,, ,,
,,,,,, ,,
,,,,,, ,,
,,,,,, ,,
,,,,,, ,,
,,,,,, ,,
,,,,,, ,,
,,,,,, ,,
,,,,,, ,,
,,,,,, ,,
,,,,,, ,,
,,,,,, ,,
,,,,,, ,,
,,,,,, ,,
,,,,,, ,,
,,,,,, ,,
,,,,,, ,,
,,,,,, ,,
,,,,,, ,,
,,,,,, ,,
,,,,,, ,,
,,,,,, ,,
,,,,,, ,,
,,,,,, ,,
,,,,,, ,,
,,,,,, ,,
,,,,,, ,,
,,,,,, ,,
,,,,,, ,,
,,,,,, ,,
,,,,,, ,,
,,,,,, ,,
,,,,,, ,,
,,,,,, ,,
,,,,,, ,,
,,,,,, ,,
,,,,,, ,,
,,,,,, ,,
,,,,,, ,,
,,,,,, ,,
,,,,,, ,,
,,,,,, ,,
,,,,,, ,,
,,,,,, ,,
,,,,,, ,,
,,,,,, ,,
,,,,,, ,,
,,,,,, ,,
,,,,,, ,,
,,,,,, ,,
,,,,,, ,,
,,,,,, ,,
,,,,,, ,,
,,,,,, ,,
,,,,,, ,,
,,,,,, ,,
,,,,,, ,,
,,,,,, ,,
,,,,,, ,,
,,,,,, ,,
,,,,,, ,,
,,,,,, ,,
