과목,분류,대상_식별자,질문_제목,질문_내용,답변,추가질문,재답변,날짜
특허법,조문,135조,[135조] 권리범위확인심판에서 진보성에 대하여 판단가능하다는 심결취소소송 판례 질문입니다.,,안녕하세요? 임변입니다. 대법원 2014. 3. 20. 선고 2012후4162 전원합의체 판결 【권리범위확인(실)】에서 권리범위확인심판에서 진보성이 부정된다는 이유로 권리범위를 부정하여서는 안된다고 함으로써 기존의 잘못된 판결들을 전부 바로 잡았습니다. 열공하세요~, ,,17.05.13
특허법,문제,163조,[163조]일사부재리에서 확정심결과 확정판결에 대하여,"2016년도 기출문제 중 일사부재리에 관하여 '확정 심결과 확정 판결 사이에는 일사부재리 원칙이 적용되지 않는다' 라는 내용이 있었습니다. 그런데 구체적으로 ""확정 판결""이라는 것이 어떤 것인지 궁금합니다. 확정 심결이란 어떤 심결에 경우 불복 가능한 기간인 등본을 받은 날로부터 30일을 경과하여 법원에 소를 제기하지 않거나 상위 법원에서 그 심결, 결정이 확정, 지지되어 더 이상 통상의 불복으로 취소할 수 없는 상태가 확정으로 알고 있습니다(이상의 내용은 책 p.1082 각주111에서 그대로 발췌하였습니다). 그렇다면 확정 판결이란 1.심판이 아닌 침해 소송 등의 민형사상 소송에 의해 확정된 판결을 말하는 것인가요? 아니면 2.심결에 불복한다는 청구를 기각 또는 인용하여 취소환송한다는 특허법원의 판결이 확정된 경우 및 상고를 기각 또는 인용하여 파기환송한다는 대법원의 판결이 확정된 경우를 따로 말하는 것인가요? 아니면 아예 다른 내용인가요? 심결의 기속력은 대세적 효력이 있어 민사소송의 기판력과 구별한다는 점에서 우선 1번으로 이해했습니다.",안녕하세요? 임변입니다. 둘 다의 내용을 포함하는 것으로 이해하면 될 것 같습니다. 열공하세요~, ,,17.05.23
특허법,조문,139조,"[139조,140조2항,163조] 공동심판청구, 요지변경의 예외,일사부재리 관련 질문입니다.","안녕하십니까 변리사님 질문사항이 있어 글 올립니다. 1. 139조 1항 공동심판 청구할 수 있는 자에 대한 규정의 취지가 2인이상의 이해관계인들이 심판청구시 심판경제 등의 측면에서 동시에 청구할 수 있도록 한 것으로 알고 있습니다. 이 규정에서 135조 1항의 적극적 권리범위확인심판도 포함되어 있는데, 이 심판의 청구인은 특허권자 또는 전용실시권자인데 포함되어 있는 이유가 특허권자와 전용실시권자가 동시에 청구 하는 경우에 적용을 위한 것인가요? 2인이상의 특허권자가 청구할 경우 당연히 공유자일 것이기 때문에 139조 3항이 적용될 것이라 생각하였습니다. 135조 1항의 포함취지와 구체적인 예가 궁금합니다. 2. 140조 2항 1호에서 요지변경으로 보지않는 것 중에 특허권자를 바로잡기위한보정부분에서 법조문상에는 당사자계심판에 한정된다는 문구가 없는데 이지특허법 설명부분에는 당사자계심판중 특허권자의 보정이라고 기술되어 있습니다. 당사자계로 볼 때와 아닐 때의 차이가 정정심판의 청구인인 특허권자가 포함되느냐 제외되느냐의 차이 인 것 같은데 정정심판은 포함되지 않는다고 이해하면 될까요? 조문만 보았을 때는 정정심판의 특허권자도 포함되는거 아닌가라는 생각이 들었습니다. 만약 포함되지 않는다면 그 이유가 궁금합니다. 3. 일사부재리 적용요건 중 동일사실 및 동일증거 부분에서 예를들어 신규성위반(공연실시를 증거로 하여)를 이유로 무효심판청구하여 심결이 확정되었는데 그 후 동일한 특허권에 대해서 신규성위반(반포된 간행물을 증거로 하여)으로 무효심판을 다시 청구하는 경우 신규성 위반의 동일사실을 기초로 다시 심판을 청구한 것이지만 동일증거가 아니기 때문에 일사부재리 원칙에 위반되지 않는 것으로 이해를 하였는데 맞는 것인가요? 즉, 공지 공연실시 반포된 간행물의 게재등의 각각의 신규성 상실사유가 달라지면 이를 증명하기위한 증거도 당연히 달라질 것이므로 다른증거인 것으로 이해를 하였는데 이게 맞는지 궁금합니다. 긴 글 읽어주셔서 감사드립니다. 좋은하루되십시오","안녕하세요? 임변입니다. 1. 특허권이 공유일 경우에는 법 제139조제3항에 의하기 때문에, 결국 남는 것은 특허권자와 전용실시권자가 심판을 청구하는 경우나 효력범위를 달리하는 전용실시권자가 심판을 청구하는 경우입니다. 2. 정정심판도 포함됩니다. 이지특허법을 살펴보니 제목이 잘못 기술되어 있네요. <당사자계>라는 단어를 삭제해야 옳은 표협입니다. 3. 동일증거인지 여부는 중요부가 동일한 지 여부에 의해 판단되기 때문에, 중요부가 같다면 동일증거일 수도 있습니다. 열공하세요~", ,,17.06.02
특허법,조문,132조의17,"[132조의17,134조,135조] 거절결정불복심판 심리관련, 존속기간연장등록무효심판,권리범위확인심판 확인대상발명 관련 질문입니다.,","안녕하십니까 변리사님, 거절결정불복심판 심리순서와 관련하여 질문이 있어 글올립니다. 거절결정불복심판에서 심리진행과정에 대해서 전 아래와 같이 이해를 하였는데 맞는 것인지 궁금합니다. 1.원거절결정 타당성을 심리하여 정당하면 바로 기각심결을 하고 부당하면 다른 거절이유를 심리하여 거절이유가 발견되면 심리 과정 중 거절이유 통지를 하고 그 이후로 거절이유가 전혀 발견되지 않았을 때 인용심결을 하는 것인지가 궁금합니다. (즉, 심리의 순서가 원거절결정의 부당함 해소여부->해소 시 159조에 의해 다른 거절이유 심리하여 인용/기각 여부 결정이 맞는지 궁금합니다.) 만약 1번이 맞다면 (1)인용심결 이후 환송하는 경우엔 심사국에서 다시 심사를 통해 기속되지않은 거절이유에 의해 다시 거절결정을 할 수 있는데, 인용심결이 내려지고 자판을 하는 경우라면 무조건 특허심결이 내려지게 되는 것인가요? 즉, 인용심결을 내리기 전, 원거절결정의 부당함을 심리한 뒤 부당한 경우 다른 거절이유가 발견여부를 심리하기 때문에 인용심결을 내리면서 자판하게되면 무조건 특허결정의 결과가 나오는 것인지 궁금합니다. (2)원결정이 부당한데 환송하는 경우에는 원결정의 부당함이외에 다른 거절이유를 심리할 필요 없이 원결정의 부당함을 이유로 인용심결만 내리고 바로 환송하는 것인가요? 2.존속기간연장등록무효심판의 시기적요건에서 특허권이 무효심결확정에 의해 소멸한 경우는 청구할 수 없다고 책에 나와있는데, 여기서 말하는 무효심결확정이라는게 특허무효심판에의한 소급소멸, 연장등록무효심판에의한 소급소멸 둘 다를 의미하는 것인지 무효심판에 의한 소급소멸만 의미하는지가 궁금합니다.(특허권 자체가 소급소멸되면 연장등록부분까지 아예 다 소멸하는 것인가요?) 3.권리범위확인심판에서 확인대상발명이 불특정된경우 심판장이 보정명령 후에도 특정되지 않은 경우 심결각하가 된다고 설명해 주셨습니다. 이 경우는 흠을 보정할 수 있는 사유에 해당하기 때문에 답변서 제출기회도 주어야 한다는 말로 이해를 하였는데, 여기서 심판장이 보정명령을 하는 것은 피청구인에게 답변서 제출기회를 주는 것과 상관없이 따로 청구인에게 부여되는 것인가요? 즉, 심결각하를 하기전에도 그 흠이 보정될 수 있는 경우일 땐 답변서 제출기회와 별개로 항상 청구인에게 심판장이 보정명령을 하는 것인지, 그리고 절차 흐름이 피청구인에게 답변서 제출기회를 주면서 별개로 청구인에겐 보정명령을 하는건지 피청구인에게 답변서제출기회를 준 후 청구인에게 답변서 부본송달하면서 보정명령을 하는 것인지 궁금합니다. 거절결정불복심판의 경우 심리 과정의 전체적인 흐름이 좀 많이 헷갈려서 확실한 개념이 안잡힙니다ㅠ 좋은 하루 되십시오!!","안녕하세요? 임변입니다. 1. 맞습니다. (1) 자판은 법 제170조제1항에서 제66조를 준용하여 특허결정을 했다는 것은 의미합니다. (2) 바로 환송할 수도 있고, 다른 거절이유를 심리할 수도 있는 것입니다. 법 제159조의 직권심리는 재량이지 의무는 아닙니다. 2. 문의하신 것처럼 특허권 자체가 소멸되면 연장등록 자체가 없어지기 때문에 둘 다를 의미하는 것입니다. 3. 보정명령의 시기가 정해진 것은 아닙니다. 법 제147조제3항에 의해 언제든지 당사자를 심문할 수 있고, 불명확하다고 판단되면 보정명령을 할 수 있습니다. 열공하세요~", ,,17.06.03
특허법,조문,163조,[163조]전부무효심판과 일부무효심판의 일사부재리,"이지특허법16판 1085p 12번째줄의 서술에 따르면 동일심판이란 청구취지의 대상으로 되어 있는 권리가 같고 그 종류가 동일한 심판을 말한다. 한편, ... 전부무효심판과 일부무효심판의 경우에는 동일심판으로 취급된다. 라고 하는데 무효심판의 경우 청구항을 다르게 하면 청구취지가 다르다고 하셨습니다. 그렇다면 청구항 중 일부를 대상으로 한 일부무효심판과 전부를 대상으로 한 전부무효심판은 그 취지도 다르고 취지의 대상인 권리도 다르다고 할 것인데 어째서 동일심판으로 취급되나요? 혹 제가 곡해한 내용이 있다면 지적해주시면 감사하겠습니다.","안녕하세요? 임변입니다. 동일사실 및 동일증거를 전제로 했을 때, 선기각심결확정된 심판이 1~3항이 무효되어야 한다이고, 후심판이 1~2이 무효되어야 한다이면 후출원은 일사부재리에 의해 전부 각하되고, 선기각심결확정된 심판이 1~2항이 무효되어야 한다이고, 후심판이 1~3이 무효되어야 한다이면 후출원의 1~2는 일사부재리에 의해 각하 3은 본안심리를 진행하게 됩니다. 열공하세요~", ,,17.06.07
특허법,조문,139조,139조 3항 및 140조 질문드립니다.,"안녕하세요 임병웅변리사님.. 궁금한게 있어서 글을 올립니다. 139조 3항에서는 특허권 또는 특받권이 공유이면 공유자 모두가 공동으로 청구인이 되어야 한다고 나와있으며, 140조 1항 2호에서는 특허권자의 기재를 바로잡기 위하여 보정(특허권자를 추가하는 것을 포함하되, 청구인이 특허권자인 경우에는 추가되는 특허권자의 동의가 있는 경우로 한정한다)하는 경우, 로 나와있습니다. 이와 같은 내용이 위의 그림에 왼쪽에 해당하는 것으로 알고 있습니다. 여기서 궁금한 점이 을이 동의를 한다면 문제 없이 청구서는 보정이 되고 139조 3항의 요건도 맞아 문제가 없다 생각이드는데. 만약 을이 동의를 하지 않아 을을 추가하는 보정을 할 수 없게 되었다면 139조 3항에 요건을 만족시키지 못하므로 이 심판청구서는 각하가 되는 것인가요??",안녕하세요? 임변입니다. 각하되는 것이 맞습니다~, ,,17.06.23
특허법,조문,136조,[136조]정정심판의 요건 중 1항 2호와 3호에 대해서,"정정심판 또는 정정청구의 요건 중 2호와 3호의 구별이 모호한 것 같아서 질문드립니다. 이지특허법 1118쪽 11줄에 실린 판례 2008후1081에서 잘못 기재된 사항을 정정하는 경우란 ""청구범위에 관한 기재 자체가 명료하지 아니한 경우 그 의미를 명확하게 하는 것 ... 등을 포함한다.""라고 서술되어 있는데 명료하지 아니한 기재를 명확하게 하는 경우는 3호의 요건을 단어만 바꿔서 표현한 것 같아서 혼란이 옵니다. 마치 판례 표현을 보면 2호가 3호를 포섭하는 것처럼 받아들여지는데 2호와 3호는 각각 적용되는 요건이 달라서 구별의 실익이 있음은 분명한고 그냥 판례 자체의 문구 그대로 받아들여야 할까요? 아니면 그것을 제외한 기재상의 불비 해소 등만을 2호의 예시로 보아야할까요?","안녕하세요? 임변입니다. 해당 내용을 살펴보니, 2008후1081, 2014후2184 판결 모두 <분명하지 아니한 기재를 명확히 하는 경우>에 대한 설명입니다. 즉, 3호에 들어가야 하는데 2호에 잘못 들어가서 설명되고 있습니다. 예리하시네요~ 열공하세요~~", ,,17.06.26
특허법,조문,154조 8항,중복심판청구의 금지에 관해 질문이있습니다.(법 154조 8항),특허심판이 계속 중인 사건에 대하여 당사자는 다시 심판을 청구하지 못한다.(법 154조 8항) ->일사부재리의 원칙 부분에 유사한 제도라고 해서 '중복심판 청구의 금지'에 관해 간략히 설명되어있습니다. 일사부재리의 원칙은 적용시점이 '심판 청구시'라고 되어있는데. 중복심판 청구의 금지의 적용시점도 '심판 청구시'가 맞을까요?,안녕하세요? 임변입니다. 심결시를 기준으로 합니다. 기본서를 정독해 보세요~, ,,17.07.10
특허법,조문,133조,"133조 1항 2호(특허무효심판),134조(특허권의 존속기간 연장등록무효심판)에 관해 질문이 있습니다.","1.제133조(특허의 무효심판) ①이해관계인(제2호 본문의 경우에는 특허를 받을 수 있는 권리를 가진 자만 해당한다) 또는 심사관은 특허가 다음 각 호의 어느 하나에 해당하는 경우에는 무효심판을 청구할 수 있다. 이 경우 청구범위의 청구항이 둘 이상인 경우에는 청구항마다 청구할 수 있다. 1.생략 2.제33조제 1항 본문에 따른 특허를 받을 수 있는 권리를 가지지 아니하거나 제44조를 위반한 경우, 다만 제99조의2제2항에 따라 이전등록된 경우에는 제외한다. -->조문상으로 보면 주체적 요건 위반(33조1항 본문,44조)를 위반한 경우 '특허를 받을 수 있는 권리를 가진 자' 또는 '심사관'이 무효심판을 청구할 수 있는거같은데,책에는 '특허를 받을 수 있는 권리를 가진 자'만이 무효심판을 청구할 수 있는거 같아서 어느게 맞는건지 의문이 들어서 질문을 드리게 됬습니다.(책 뒷부분에 부연으로 이해관계인의 범위를 제한한다는 표현상으로는 심사관도 청구할 수있다는 말씀같기도합니다만) *책p1107(인용) 3)다만, 특허무효심판과 관련하여,특허를 받을 수 있는 권리를 가지지 아니하여 법 제 33조 제 1항 본문을 위반한 경우나 특허를 받을 수 있는 권리가 공유인데 공동출원하지 아니하여 법 제44조를 위반한 경우에는 특허를 받을 수 있는 권리를 가진 자만이 청구할 수 있다. 이는 사적 이유이기 때문에 이해관계인의 범위를 특허를 받을 수 있는 권리를 가진 자로 제한하고 있다 @질문을 요약하면 주체적 요건 위반으로 특허무효 심판을 청구할때 청구인은 '특허를 받을 수 있는 권리를 가진자'또는 '심사관'이 청구 할수 있나요? 2.134조(특허권의 존속기간 연장등록무효심판) 존속기간 연장등록 무효심판에서 주체적 요건(90조3항 위반,92조의3제3항 위반,해당 특허권자가 아닌 자의 출원)위반으로 무효심판 청구시 청구인을 따로 ""특허를 받을 수 있는 권리를 가진 자""로 제한하고 있지아니한데, 이경우 그냥 이해관계인 또는 심사관이 무효심판을 청구가능한게 맞는지요? 감사합니다.",안녕하세요? 임변입니다. 1. 심사관 또는 특허를 받을 수 있는 권리를 가진 이해관계인이 무효심판을 청구할 수 있습니다. 2. 네. 맞습니다. 열공하세요~, ,,17.07.12
특허법,조문,136조,[136조] 정정심판과 특허취소신청과의 관계,"안녕하세요 임병웅 변리사님 정정심판과 특허취소신청에 대한 관계에서 궁금한 점이 생겨서 글을 쓰게 되었습니다. 먼저 정정심판과 특허취소신청이 특허법원에 계속중인 경우, 정정심판에 대한 인용심결이 확정된 경우 특허취소신청의 경우 제한설이기 때문에 정정 후 명도로 무효사유를 판단할 수 없으니까 취소환송한다는 부분에서, 이 취소 환송은 특허법원에서 인용심판을 내려서 취소 환송하는 것과는 다른 취소 환송인가요? 그러니까 청구인이 특허취소신청의 소에서 인용심판을 받게 된건가요? 그리고 정정심판과 특허취소신청이 대법원에 계속중인 경우, 특허법원의 판결이 정정전 명세서, 도면을 기초로 한 것이므로 법령 위반이어서 파기 환송을 하게 되고, 특허법원에서는 다시 심판원으로 돌려보낸다는 내용에서, 특허법원에서 판단하지 않고 바로 심판원으로 돌려보내는 이유도 특허법원에서 취소 환송하는 것처럼 제한설이기 때문인가요? 강의 너무 잘 듣고있습니다. 늘 감사드립니다~","안녕하세요? 임변입니다. 1. 취소신청의 대상이 바뀌었기 때문에 인용판결(취소환송)을 받게 됩니다. 2. 특허법원에서 심리범위가 제한설이기 때문에, 1번과 같이 인용판결(취소환송)을 하게 됩니다. 열공하세요~", ,,17.07.14
특허법,조문,165조,제165조(심판비용)에관해 질문이있습니다.,"제165조 (심판비용) ① 제133조제1항, 제134조제1항·제2항, 제135조 및 제137조제1항의 심판비용의 부담은 심판이 심결에 의하여 종결될 때에는 그 심결로써 정하고, 심판이 심결에 의하지 아니하고 종결될 때에는 결정으로써 정하여야 한다. ② ③ ④ ⑤ 심판비용액은 심결 또는 결정이 확정된 후 당사자의 청구에 따라 특허심판원장이 결정한다. ⑥ ⑦ ------>165조 1항 조문이 이해가 잘안되서 질문하게 되었습니다. 책p1092(인용) 심판비용의 부담은 심판에의하여 정한다. 심판이 심결에 의하여 종결될 떄에는 그 심결로써 정하고, 심판이 심결에의하지 아니하고 종결될 때에는 결정으로써 비용부담자를 정하여야한다(법 165조 1항).심결에 따라 정할 때에는 심판관이 직권으로 주문에서 판단한다. 1.심판비용의 부담이 무슨뜻인지 몰라서 책을 참고하여보니, 심판비용의 부담이라는게 비용부담자를 뜻하는거 같은데, 비용부담자를 뜻하는게 맞는걸까요? 2.""공동으로 청구한 특허무효심판의 기각심결시 심판관이 그 심결로써 공동심판 청구인의 심판비용의 부담자를 정한다""라고 표현하면 맞는 표현일까요?(51회 기출 문제 지문을 제가 살짝 바꿔서 표현 해봤습니다. 이하 원본 ""공동으로 청구한 특허무효심판의 기각심결시 심판관이 그 심결로써 공동심판 청구인의 심판비용의 부담액 및 부담비율을 정한다.) *바쁜신데 자주 질문을 드리게 되서 죄송합니다. 혼자 고민하는 것보다 변리사님이 답변을 명쾌하게 해주셔서 또 질문을 올립니다..","안녕하세요? 임변입니다. 1. 네 2. 기각심결의 경우 심판비용부담자는 청구인이고, 부담액 및 비율을 정하는 것입니다. 부담자를 또 정하는지는 않습니다. 열공하세요~", ,,17.07.19
특허법,문제,133조의2,제133조의2(특허무효심판절차에서의 특허의 정정) 정정무효 심판과 소각하에 관해 질문이있습니다,"안녕하세요? 기출문제를 풀다가 또 질문을 올립니다.. (지문인용) 특허발명에 대한 정정무효심판청구가 기각되고 난 후 해당 기각 심결의 취소를 구하는 소송이 계속되던 중 그 특허발명에 대한 무효심결이 확정되었을 경우,위 정정무효심판의 기각 심결에 관한 소는 부적법하다.(o) --->(책 인용)정정무효심판은 정정심결이 확정된 이후이면 특허권의 존속중에는 물론 특허권의 소멸 후에도 청구할 수있다.다만 정정 후 정정된 명세서 또는 도면에 의하여 특허의 무효심결이 확정된 경우에는 청구할 수 없다.(책p1168) ---->(해당 판례 인용) 특허를 무효로 한다는 심결이 확정되었을 떄에는 특허권은 처음부터 없었던 것으로 보게 되므로, 무효로 된 특허에 대한 정정의 무효를 구하는 심판은 그 정정의 대상이 없어지게 된 결과 정정 자체의 무효를 구할 이익도 없어진다고 할 것이다. 1.정정무효심판은 특허권이 소멸된 후에도 청구할수 있는걸로 보아 후발적 무효 사유로 소멸한경우에도 청구가 가능 할것 같은데 맞을까요? 2.(후발적 무효사유로 소멸한 경우에도 정정심판을 청구할 수 있다면)변리사님 책에는 정정된 명세서 또는 도면에 의하여 라고 해서 후발적 무효사유를 배제(?)할수 있는 단서가 있고,판례 원문에도 처음부터 없었던 것으로 본다는 말이있어서 후발적 무효사유로 인한 무효는 생각하지 않을 수 있는데, 기출지문에는 그러한 단서가 없어서 후발적 무효사유로 소멸하는 경우를 상정한다면 애매하지 않을까요? 저작자 표시컨텐츠변경비영리",안녕하세요? 임변입니다. 1. 네. 맞습니다. 2. 객관식 문제를 풀면서 절대적 진리를 추구해서는 안됩니다. 상대적으로 풀면 됩니다. 열공하세요~, ,,17.07.21
특허법,조문,142조,재142조(보정할 수 없는 심판청구의 심결각하)와 권리범위 확인심판의 확인대상 발명 특정과 관련해서 질문이있습니다.,"제142조 (보정할 수 없는 심판청구의 심결각하) 습니다 부적법한 심판청구로서 그 흠을 보정할 수 없을 때에는 피청구인에게 답변서 제출의 기회를 주지 아니하고, 심결로써 그 청구를 각하할 수 있다 a.적법성 심리의 대상중에 ""권리범위확인심판에서 확인대상발명이 특정되지 아니한 경우""가 있고, 적법성 심리에서 심판청구가 부적법한 경우 심판관 합의체가 심결각하 하는걸로 알고있습니다. b.(책인용p1148) 심판장은 확인대상발명이 불명확하여 특허발명과 대비대상이 될 수 있을 정도로 구체적으로 특정되어 있지 아니하면,확인대상 발명의 설명서 및 도면에 대한 보정을 명하는 등의 조치를 취하여야 할 것이고,특정에 미흡이 있다면 심판청구를 각하하여야 한다. --->권리 범위확인 심판에서 확인대상 발명이 특정되어 있지 아니한 경우, 심판장이 결정 각하 할 수도 있고,심판관 합의체가 심결각하 할 수도있는게 맞을까요? 아니면 b에서 심판청구를 각하한다는게 심판관합의체가 심결각하를 한다는 말일까요?","안녕하세요? 임변입니다. 네. 심결각하한다는 의미입니다. 참고로 확인대상발명이 아예 제출되지 않으면 심판청구서를 결정각하, 제출되었으나 제대로 특정되지 않으면 심판청구를 심결각하합니다. 열공하세요~", ,,17.07.21
특허법,조문,133조의2,133조의2 136조 137조 질문드립니다.,안녕하세요 변리사님 공부하다 궁금한게 있어 질문을 드리게 되었습니다. ㄷ번의 지문에 대한 해설을 보았는데요.. 정확하게 이해가 되지가 않는데.. 추가설명을 해주실 수 있나요??,"안녕하세요? 임변입니다. 정정전 청구범위가 침해가 아닌데, 정정후 청구범위가 침해하는 것은 실질적 변경으로 정정이 인정되지 않아야 함에도 불구하고, 착오로 인정되었다는 것입니다. 이 때 착오로 인정된 정정에 의해 침해죄(형사적 조치)를 물을 수는 없다는 판례입니다. 열공하세요~", ,,17.08.13
특허법,조문,136조2항,정정심판 요건 136조 2항 1호 단서 질문드립니다.,"1. 무효심판 또는 정정무효심판의 심결에 대한 소가 특허법원에 계속 중일 경우 특허법원에서 변론이 종결된 날까지 정정심판을 청구할 수 있다고 되어있는데 여기서 '변론 종결시'가 '무효심판 취소소송의 변론 종결시'를 의미하는 거 맞나요? 2.이지 특허법 1161페이지의 정정심판과 특허취소신청, 특허무효심판이 동시에 계속 중인 경우에서 '등록무효심결'이란 건 '특허취소결정 또는 특허무효심판에 따른 인용심결'을 의미하는 거 맞나요? 또 여기서 등록무효심결에 대한 취소소송이 특허법원이나 대법원에 계속중인 경우(특허취소신청의 경우에는 특허법원에서 변론이 종결된 날까지)에 독립하여 정정심판을 청구할 수 있다고 되어있는데, 여기서 괄호 부분을 '특허취소신청이 특허법원에 계속 중인 경우 특허무효심판 심결취소소송의 변론 종결시까지'로 해석해도 되는 건가요? 아니면 두 소송의 변론 종결시를 같은 시기로 봐야하는 건가요?",안녕하세요? 임변입니다. 1. 네. 그렇습니다. 무효심판의 취소소송의 심리범위가 무제한설이다 보니 특허권자에게 방어권을 부여한 것입니다. 2. 등록무효심결이라는 것은 특허무효심판에 대한 인용심결만을 의미합니다. 여기서는 (특허취소신청이 함께 특허법원에 계속 중인 경우에는 등록무효심결에 대한 취소소송의 변론이 종결된 날(변론없이 한 판결의 경우에는 판결의 선고를 말한다)까지)를 말합니다. 그림을 보고 이해하려고 노력해 보시면 좋을 것 같네요. 열공하세요~,,,17.08.14
특허법,조문,165조,165조 공동심판의 비용 부담,"강의노트 390pg 공동심판에 관한 설명으로 옳은 것을 찾는 문제에서 보기 5번 ""공동으로 청구한 특허무효심한의 기각심결시 심판관이 그 심결로써 공동심판 청구인의 심한비용의 부담액 및 부담비율을 정한다""에서 165조5항에 따라 특허심판원장로 바꾸는게 옳다는 것까지는 알겠습니다. 근데 강의서 1092페이지 심판비용의 부담 2)에 ""공동심판의 경우에는 균등하게 부담한다""(165조4항,민소전102)라고 나와있는데 읽으면서 왜 비용을 균등하게 부담하면 되는 것을 굳이 특허심판원장이 개입해서 심판비용의 부담액 및 부담비율을 정해야하는지 잘 모르겠어요. 강의하느라 바쁘신데 이렇게 답변까지 해주셔서 정말 감사합니다!!","안녕하세요? 임변입니다. 민소법 제102조 전문을 찾아 보면 쉽게 이해할 수 있습니다. 제102조(공동소송의 경우) ①공동소송인은 소송비용을 균등하게 부담한다. 다만, 법원은 사정에 따라 공동소송인에게 소송비용을 연대하여 부담하게 하거나 다른 방법으로 부담하게 할 수 있다. ②제1항의 규정에 불구하고 법원은 권리를 늘리거나 지키는 데 필요하지 아니한 행위로 생긴 소송비용은 그 행위를 한 당사자에게 부담하게 할 수 있다. 즉, 원칙이 균등이지만 그렇지 않을 수도 있기 때문입니다. 열공하세요~", ,,17.08.14
특허법,조문,141조,"141조, 162조에 나온 기각,각하,결정각하, 심결각하 관련해서 질문드립니다.","특허법 문제를 풀다보면 기각,각하, 결정각하, 심결각하 등으로 답이 달라지는 경우가 많은데 각각의 정확한 의미와 구별할수 있는 방법이 있을까요? 되도록이면 구체적으로 책의 어느 부분을 보면 정확히 나와있는지를 알려주시면 좋겠습니다.","안녕하세요? 임변입니다. 각하는 심판 파트에서 심판의 진행, 기각은 심판 파트에서 심결에 의한 종료를 보면 됩니다. 찾아보고 제목 수정해 주세요~ 규칙에 맞지 않습니다.", ,,17.08.16
특허법,조문,136조2항,정정심판 요건 136조 2항 1호 단서 이해 안 되는 게 있어 다시 질문드려요ㅜㅜ,"등록무효심결에 대한 취소소송이 특허법원이나 대법원에 계속중인 경우(특허취소신청의 경우에는 특허법원에서 변론이 종결된 날까지)에 독립하여 정정심판을 청구할 수 있다 여기서 특허취소신청 취소소송 변론 종결시까지 정정심판을 청구할 수 있다고 답변해주셨는데, 취소신청의 심리범위는 제한설을 따르므로 그 취소소송의 변론 종결시와 상관 없이 정정심판을 청구할 수 없는 것 아닌가요? 변론 종결시를 고려해야하는 건 등록무효심판의 취소소송 아닌가요? 너무 헷갈려서 다시 질문드립니다ㅜㅜ","안녕하세요? 임변입니다. 자세히 살펴보면, 정말 헷갈리게 기술되어 있네요.ㅜㅜ 아래 답변도 제가 착각해서 잘못 설명했네요. (특허취소신청이 함께 특허법원에 계속 중인 경우에는 등록무효심결에 대한 취소소송의 변론이 종결된 날(변론없이 한 판결의 경우에는 판결의 선고를 말한다)까지)로 수정하겠습니다. 열공하세요~ 특허취소신청과 무효심판이", ,,17.08.16
특허법,조문,135조,제135조(권리범위 확인심판)에서권리 대 권리의 적극적 권리범위 확인심판,"안녕하세요! 권리대 권리간의 적극적 권리 범위 확인 심판 부분에서 헤깔리는 문구가 있어서 질문드립니다... 1.(책p1151) 즉, 적극적 권리범위확인심판에서 저촉관계를 확인하는 인용심결을 하는 경우 타방의 권리를 부정하게 되어 확인의 성격을 벗어나기 때문에 타당하지 않으며, 이것은 무효심판의 전권사항을 권리범위확인심판이 하게 되는 결과가 되어 인정될 수 없으나, 이용관계의 확인은 상대방의 권리의 존부에 어떤 변동을 가져오는 것이 아니며, 그 심판 결과가 양 등록 권리 사이에 통상실시권 허락 및 실시료 지급 등의 문제해결을 위한 전제가 될 수 있으므로, 확인의 이익이 있는 것이어서 인정될 수 있는 것이다. 이는 저촉관계를 확인하는 적극적 권리범위확인심판에서 후등록 권리가 신규성이 부정되어 권리범위를 인정할 수 없는 경우라고 할지라도 마찬가지이다. --->저촉관계를 확인하는 적극적 권리범위확인심판에서 후등록 권리가 신규성이 부정되어 권리 범위를 인정할 수 없는 경우에도, 적극적 권리범위 확인심판을 청구 할 수 있다는 말인걸까요?(마찬가지다 라는 말이 정확히 어떤 뜻으로 쓰였는지가 헤깔리네요.) 2.특허권자(甲)이 乙을 상대로 적극적 권리 범위 확인 심판을 청구하였는데, 심판 청구시에는 乙의 확인대상 발명이 미등록 상태(비권리)였으나 심결시에 이르러 乙의 확인 대상발명에 특허권이 설정등록된 경우, 권리대 권리간의 적극적 권리 범위확인심판이 되어 부적법한 심판 청구로서 심결각하 되어야하는게 맞을까요?(이용관계의 확인을 구하는경우를 제외 한다면)","안녕하세요? 임변입니다. 1. 저촉관계를 확인하는 적극적 권리범위확인심판청구가 인정되지 않는다는 것입니다. 2. 네, 그렇습니다. 열공하세요~", ,,17.08.18
특허법,조문,135조,"제135조, 권리범위확인심판 질문있습니다.",강의노트 p421 2014기출문제에서 2번지문에 대해서 질문있습니다.질문1. 심판원에서 심결당시 특허권이 존속하였다면 소송단계에서의 심결의 위법성 판단시기가 심결시 이므로 만약 장래를 향해 소멸한 경우라도 심결취소소송은 부적법한가요? 본 지문의 의도가 소급적소멸 된 경우를 묻는건가요?질문2. 만약에 심결취소소송이 적법하다면 -》그나마 틀린지문이 4번이라 정답인가요?감사합니다.,"안녕하세요? 임변입니다. 네, 부적법합니다. 권리가 소멸한 경우 장래/소급 상관없이 확인을 구할 실익이 없다는 것이 판례입니다. 따라서, 심결취소소송단계에서는 소 각하되겠네요. 제목이 질문 규칙에 맞지 않습니다. 수정해 주세요~", ,,17.08.28
특허법,조문,134조,[134조]존속기간연장등록 무효심판 질문드립니다.,"안녕하세요 변리사님. 공부중에 존속기간연장등록 무효심판에 대해 궁금한것이 생겨 질문드립니다. 일반적으로 특허무효심판은, 무효사유가 공동출원 위반이나, 정당권리자 위반일때 이해관계인을 출원에 대해 특허를 받을 권리가 있는자로 한정짓는데요, 이 법리가 존속기간연장등록 무효심판에도 적용되나요? 존속기간연장등록이 특허권자나, 공동출원이 아니라서 무효사유가 존재할때, 위의 법리를 준용해서, 연장등록무효심판도도 정당한 권리자만 가능한지 궁금합니다.! 저작자 표시컨텐츠변경비영리","안녕하세요? 임변입니다. 법 제133조와 법 제134조의 법조문을 확인해 보면, 법 제133조의 특허무효심판의 청구에 한정된다는 것을 알 수 있습니다. 열공하세요~ 답글기능 더보기", ,,17.08.30
특허법,조문,161조,제161조 심판청구의 취하에 관해서 질문을 드립니다.,"안녕하세요! 특허 취소신청부분에서 무효심판과 비교한 정리표를 보다 의문이 생겨서 질문을 드립니다. 161조(심판청구의 취하) 1항에서 심판청구는 심결이 확정될 때까지 취하할 수 있다. 다만, 답변서가 제출된 후에는 상대방의 동의를 받아야한다. 라고해서 심판청구의 취하에서 심결 확정전이라도 답변서가 제출된 경우 상대방의 동의를 얻어 취하 할 수 있다고 되어있습니다. 그런데, 책 p1186에 특허 무효심판의 취하에서 심결확정 전까지 청구항마다 가능하고, ""단 피청구인의 답변서가 제출된 후에는 불가""라고 되어 있는데. 무효심판에서는 피청구인이 답변서를 제출한 경우 피청구인의 동의를 받아도 심판청구를 취하할 수 없을까요?",안녕하세요? 임변입니다. 답변서가 제출된 후에는 피청구인의 동의없이 불가 수정하면 됩니다. 강의시간에 수정하라고 얘기했던 부분이네요. 열공하세요~, ,,17.09.01
특허법,조문,135조,[135조] 권리범위확인심판에 대해 질문있습니다,"임병웅 변리사님 강의노트에 있는 기출문제를 복습하다가 의문이 생겨 질문드립니다 우선 첫번째 질문입니다 ""확인대상발명이 적법하게 특정되었는지 여부는 특허심판의 적법요건으로서 특허심판원이나 법원의 직권조사사항이다"" 라는 지문이 맞다고 나와있는데 확인대상발명의 입증책임은 청구인이 부담하는것이 원칙아닌가요? 즉 적극적 권리범위확인심판의 경우에는 특허권자가 이를 입증해야하는데, 왜 직권조사사항이라는 보기가 맞는지 궁금해서 여쭤봅니다 두번째 질문입니다 ""동일한 두 개의 등록 고안에 있어서 선등록 실용신안권자는 후등록 실용신안권자를 상대로 적극적 권리범위확인심판을 청구할 이익이 없다"" 에서 두 등록 고안이 저촉관계에 있어서 적극적 권리범위 확인심판은 불허하는게 맞기때문에 위 지문은 맞다고 해주셨습니다 그런데 만약 저촉관계가 아니라 이용관계라면 적극적 권리범위 확인심판일지라도 허용한다고 배웠는데, 위 지문에서 두 등록이 서로 저촉관계인지 무엇을 기준으로 판단을 하는 것인가요? 이상입니다 항상 큰 도움이 됩니다 감사합니다 저작자 표시컨텐츠변경비영리","안녕하세요? 임변입니다. 1. 청구인이 특정하면, 직권조사하여 제대로 특정되었는지 확인을 하게 되고, 제대로 특정되지 않으면 보정명령후 각하하게 됩니다. 2. 동일한 두 개의 등록 고안 = 저촉관계 라는 의미입니다. 열공하세요~ 답글기능 더보기", ,,17.09.02
특허법,조문,137조,[137조①2호 괄호] 정정 무효심판의 객체적 요건,"안녕하세요 조문의 국어적 해석이 어려워 질문드립니다. 제137조(정정의 무효심판) ① 이해관계인 또는 심사관은 제132조의3제1항, 제133조의2제1항, 제136조제1항 또는 이 조 제3항에 따른 특허발명의 명세서 또는 도면에 대한 정정이 다음 각 호의 어느 하나의 규정을 위반한 경우에는 정정의 무효심판을 청구할 수 있다. <개정 2016.2.29.> 1. 제136조제1항 각 호의 어느 하나의 규정 2. 제136조제3항부터 제5항까지의 규정(제132조의3제3항 또는 제133조의2제4항에 따라 준용되는 경우를 포함한다) 위 조문을 풀어서 쓰자면 특허취소절차 중 정정청구, 특허무효심판절차 중 정정청구, 정정심판, 정정무효심판절차 중 정정청구 의해 정정무효사유가 존재함에도 심판관 착오로 정정인용심결내리게 된 경우 이해관계인 심사관은 정정을 무효로 해달라는 심판청구 할 수가 있는데 그 정정무효사유는 136①각호 1. 청구범위 감축 하지 않음 2. 잘못기재된 사항 정정하는 경우가 아님 3. 분명하지 아니한 사항을 명확하게 하는 경우가 아님 136③ 정정범위 (명도 / 최명도 / 명도) 불만족 ④ 청구범위 실질적으로 확장·변경 함 ⑤ 1호 2호는 특허출원시 특허받을 수 있지 않는 경우 궁금한 점은 괄호의 내용이 무슨내용이며 왜 붙여놨는지를 모르겠습니다. 132조의3③의 내용은 특허취소절차 중 정정청구시 준용할 조문들[정정심판청구의 객체적요건(136③④⑤),심판관의 의견서제출기회,동의받아야할 4인, 소급효, 정정한 명·도의 재보정, 특허심판원장·특허청장 역할]을 규정한 내용이고 133조의2④의 내용은 무효심판절차 중 정정청구시 준용할 조문들[정정심판청구의 객체적요건(136③④⑤),심판관의 의견서제출기회,동의받아야할 4인, 소급효, 정정한 명·도의 재보정, 특허심판원장·특허청장 역할]을 규정한 내용인데... 괄호의 내용은 특허취소절차 or 특허무효심판절차 중 정정청구로 정정된 것도 객체적요건(136③④⑤) 위반시 정정무효심판을 청구할 수 있다. 라는 의미인가요? 근데 그럴거면 이미 137①에서 언급된 걸로 충분한것 같은데 굳이 괄호의 내용이 들어간점이 의문입니다. 그래서 제가 잘못 이해하고 있는 것 같구요. 또한 이 괄호의 내용이 1호 뒤에는 없다는 점도 의문이구요. 왜 2호에 한해서만 괄호의 내용이 적용되나요?","1호는 제132조의3제1항과 제133조의2제2항에 별도의 규정이 있기 때문에 필요없는 것이고, 2호는 제132조의3제3항과 제133조의2제4항에서 제136조제3항내지제5항을 준용하기 때문에 필요한 것입니다. 다시 말해, 정정청구는 제136조제3항내지제5항을 직접적으로 정정의 요건으로 하지 않고, 준용을 통해 정정의 요건으로 하고 있는 것이고, 법조문은 이를 표현하고 있습니다. 열공하세요~", ,,17.09.18
특허법,조문,137조,[137조④] 정정무효심판 중 특허무효심판의 정정청구 준용규정 - 정정청구서에 첨부된 명세서 도면 재보정 시기,"임병웅 변리사님 안녕하세요. 조문 준용규정의 해석에 관해 의문점이 있어 질문드립니다. 제137조(정정의 무효심판) ④ 제3항에 따른 정정청구에 관하여는 제133조의2제2항부터 제5항까지의 규정을 준용한다. 이 경우 제133조의2제3항 중 ""제133조제1항""은 ""제137조제1항""으로 보고, 같은 조 제4항 후단 중 ""제133조의2제1항""을 ""제137조제3항""으로 보며, 같은 조 제5항 각 호 외의 부분 및 같은 항 제1호 중 ""제1항""을 각각 ""제3항""으로 본다. 정정무효심판은 133조의2④[무효심판절차 중 정정청구절차는 정정심판규정 (136⑪) 등 을 준용한다는 규정]을 준용합니다. 136⑪내용은 ""청구인은 제162조제3항에 따른 심리의 종결이 통지되기 전(같은 조 제4항에 따라 심리가 재개된 경우에는 그 후 다시 같은 조 제3항에 따른 심리의 종결이 통지되기 전)에 제140조제5항에 따른 심판청구서에 첨부된 정정한 명세서 또는 도면에 대하여 보정할 수 있다."" 로서 정정한 명세서 도면의 재보정 시기에 관한 내용인데 133조의2④에 의해 ""청구인은 제133조의2①항 또는 제136조⑥항에 따라 지정된 기간에 제140조제5항에 따른 심판청구서에 첨부된 정정한 명세서 또는 도면에 대하여 보정할 수 있다."" 로 바꾸게 되고 (특허무효심판 中 정정청구에 대한 재보정 시기) 137④에 의해 ""청구인은 제137조③항 또는 제136조⑥항에 따라 지정된 기간에 제140조제5항에 따른 심판청구서에 첨부된 정정한 명세서 또는 도면에 대하여 보정할 수 있다."" 로 바꾸게 됩니다. (정정무효심판 中 정정청구에 대한 재보정 시기) 그런데, 133조의2①항에서의 재보정시기는 147①[무효심판청구→부본송달 후 답변서제출기간] 159①[신청 안한 이유 직권심리후 의견서제출기간] 147①의 답변서제출기간 지난 후 심판장이 재량으로 재보정 기회 줌 137조③에서의 재보정시기 또한 비교해보면 위의 3가지 시기와 같다고 보여집니다. 즉, 제 질문은 137조④에서의 ""같은 조 제4항 후단 중 ""제133조의2제1항""을 ""제137조제3항""으로 보며,"" 라는 구절이 무슨 의미가 있길래 굳이 두게 된 규정인가요?","제133조의2제1항은 특허무효심판에서 정정청구를 말하고, 제137조제3항은 정정무효심판에서 정정청구를 말합니다. 즉, 특허무효심판이라는 용어를 정정무효심판이라는 용어로 바꾼 것입니다. 열공하세요~", ,,17.09.18
특허법,조문,137조,[137조④] 정정무효심판 중 특허무효심판의 정정청구 준용규정 - 정정청구 취하 조문,"제137조(정정의 무효심판) ③ 제1항에 따른 무효심판의 피청구인은 제136조제1항 각 호의 어느 하나에 해당하는 경우에만 제147조제1항 또는 제159조제1항 후단에 따라 지정된 기간에 특허발명의 명세서 또는 도면의 정정을 청구할 수 있다. 이 경우 심판장이 제147조제1항에 따라 지정된 기간 후에도 청구인이 증거를 제출하거나 새로운 무효사유를 주장함으로 인하여 정정의 청구를 허용할 필요가 있다고 인정하는 경우에는 기간을 정하여 정정청구를 하게 할 수 있다. ④ 제3항에 따른 정정청구에 관하여는 제133조의2제2항부터 제5항까지의 규정을 준용한다. 이 경우 제133조의2제3항 중 ""제133조제1항""은 ""제137조제1항""으로 보고, 같은 조 제4항 후단 중 ""제133조의2제1항""을 ""제137조제3항""으로 보며, 같은 조 제5항 각 호 외의 부분 및 같은 항 제1호 중 ""제1항""을 각각 ""제3항""으로 본다. 제133조의2(특허무효심판절차에서의 특허의 정정) ③ 심판장은 제1항에 따른 정정청구가 있을 때에는 그 청구서의 부본을 제133조제1항에 따른 심판의 청구인에게 송달하여야 한다. ⑤ 제1항에 따른 정정청구는 다음 각 호의 어느 하나에 해당하는 기간에만 취하할 수 있다. 1. 제1항에 따라 정정을 청구할 수 있도록 지정된 기간과 그 기간의 만료일부터 1개월 이내의 기간 2. 제4항에서 준용하는 제136조제6항에 따라 지정된 기간 혹시 ""제3항""은 ""제137조 제3항"" 이어야 하는 건가요? 그냥 ""제3항""이라고 하면 ""133조의2 3항""을 말하게 되는 것이라 엉뚱한 송달규정을 나와서요.","네. 맞습니다. 제137조제3항을 의미합니다. 해석의 논란을 없애기 위해 법조문에서 명확히 특정을 해 주는 것이 필요한데, 법조문이 약간 아쉬운 부분입니다. 열공하세요~", ,,17.09.18
특허법,조문,,정정심판과 침해죄 판례 질문,"미리 감사드리고 질문드립니다. (사실관계) 1. 갑 A특허 출원 2. 착오등록(기술적 범위 특정 불가) - 기재불비 3. 을 A 실시 시작 4. 갑 136 청구(A->A1) 5. 136 인용심결 확정(기술적범위 특정가능)(착오) 6. 갑->을 침해소송제기 (판례의 태도) 1. 136 당연무효 x 2. 침해소송에서 침해죄 판단시 정정의 소급효 x (강의 부연) 1. A, A1 둘다 침해이면 침해죄 적용가능 2. 민사적 조치에는 정정 소급효 O (질문) 1. 136 인용심결의 착오 관련 이것이 착오라 함은 기술적 범위 특정 불가 -> 가능으로의 변경이 청구범위의 실질적 변경으로 객체요건 위반이기때문인건데 이는 처음엔 동일성실기로 권리범위가 부정되었다가 권리범위가 인정된 변화가 위반임을 의미하고 여기에 정구범위 감축 정정의 경우 중요 판례의 명시에 따라 청구범위의 실질적 변경 = 권리범위의 확정/변경(법리) = 새로운 목적효과의 발생(판례) 로 이해하는게 옳은 이해인지요? (볼드체가 제가 멋대로 이해한 부분입니다.) 2. A, A1 둘다 침해이면 침해죄 적용가능 관련 질문 침해죄 성립여부를 판단할 시 A1은 형법의 특성상 침해죄 판단대상이 되는게 불허되는 것 아닌지요?(을 실시 당시 특허는 A) 그리고 A같은 경우 본 사실관계에선 권리범위가 부정되기때문에 A를 특허발명으로 특정하면 침해가 성립되지 않기때문에 본 사례에서는 결론적으로 침해죄는 성립할 여지가 없는 것 아닌지요?","안녕하세요? 임변입니다. 1. 네 맞습니다. 2. 현재의 청구범위인 A1이 침해가 아니라면, 굳이 침해죄를 논할 필요 조차 없습니다. 열공하세요~","2번에서 추가 질문드립니다. A1이 침해가 아니라면 굳이 침해죄를 논할 필요 없다는 말씀은 본 사례의 경우 그렇다고 이해하면 되는지요? 예를들어, 위 사실관계를 갑의 특허가 기재불비가 아닌 적법한 등록 특허였던 것으로 바꾸고 나머지는 동일하게 보는경우 갑의 침해소송에서 민사적 조치를 위한 침해 여부 판단에서는 특허발명 A1으로 특정하고 판단 침해죄 성립 여부 판단위한 침해 여부 판단에서는 특허발명 A으로 특정하고 판단 으로 이해하는게 옳은지요?","침해죄라는 것은 침해가 성립됨을 전제로 하는 것인데 침해가 성립되지 않았다면 전제조건을 충족하지 못한 것이고, 사안에서도 A1을 기준으로 침해가 성립되지 않는다면 더 이상 얘기할 필요조차 없는 것입니다. 한편 A1을 기준으로 침해이고, A를 기준으로도 침해라면 당연히 침해죄를 물을 수 있는 것이고요. 강의한 그대로 이해하면 됩니다.",17.09.18
특허법,조문,136조2항,"[136조 2항 1호,2호] 무호심판 대법원 계속중 정정심판","안녕하세요~ 1. (136조 2항 2호 관련) 특허무호심판이 대법원 계속중인 경우에 정정심판청구 가능한 이유가 궁금합니다. 특허법원의 경우 무제한설을 취하므로 새로운 주장에 대한 특허권자의 방어권 보장을 위해 정정심판을 인정하는 것에 대하여, 대법원은 법률심이라 새로운 주장이 안되어 방어권 보장 측면에서 문제가 없어 보이는데 정정심판을 왜 인정해주나요? 2. (136조 2항 1호 단서 관련) 취소신청 과 무호심판이 특허법원에 계속중인 경우 정정심판이 가능힌데 대법원에 동시에 계속중인 경우에는 단서규정 반대해석상 정정심판이 불가능한건가요? 이와 관련하여 136조 2항 1호 단서 규정에서 대법원을 제외하고 특허법원에 동시에 계속중인 경우로 한정한 이유도 궁금합니다.","안녕하세요? 임변입니다. 1. 특허법원에서 새로운 사항이 주장되었고, 방어하지 못한 상태에서 대법원까지 간 경우 방어적 기회를 주겠다는 것입니다. 2. 네. 불가능합니다. 취소신청에 대해 특허법원에서 제한설을 채택하고 있기 때문에, 새로운 사항이 주장이 특허법원, 대법원에서 허용되지 않아서 정정 자체를 인정하지 않으나, 제1호단서의 경우에 한해서면 예외적으로 허용하겠다는 의미로 이해하면 됩니다. 한편, 대법원은 무효심판과 취소신청 둘 다 법률심이기 때문에 제외하고 있는 것으로 해석됩니다. 다만, 이에 대해서는 아직까지 어디에도 입법취지가 명확히 기술되어 있지 않습니다. 열공하세요~ 답글기능 더보기", ,,17.09.20
특허법,조문,133조,제133조(특허의 무효심판) 주체적 요건 위반에 관해 질문이 있습니다.,"임병웅 변리사님 안녕하세요! 객관식 문제를 풀다가 이해가 잘안되는 부분이있어서 질문을 드립니다. 나중에 정오표가 나온다고 하셔서 웬만하면 정오표를 기다릴려고 했지만, 그냥 제가 잘못 이해하고있는거 같아서 질문을 올립니다. 객관식 p307 甲은 발명A와 A의 개량발명 B를 하고 발명A를 2017년 1월 15일 특허출원하였다. 이후 발명B를 甲으로부터 양도받은 乙은 자신이 발명 B를 개량한 B'와 함께 2017년 4월 1일 특허출원을 하였다. 한편, 무권리자인 丙은 발명 A를 2017년 1월 2일 판매와 동시에 특허출원하였다. 다음 중 이와 관련한 설명으로서 틀린 것은? 2번 보기: 丙의 특허출원이 간과하여 등록된 경우 사안의 내용상 乙은 무효심판을 청구할 적격이 인정되며. 이는 심결시를 기준으로 판단한다. 해설:특허법 제33조제1항 본문을 사유로 한 무효심판청구는 이해관계인 또는 심사관이어야 하며, 乙은 丙의 특허권의 존부에 따라 이득을 보거나 손해를 보는 자로서 이해관계인에 해당한다고 볼 수 있으며,이는 심결시를 기준으로한다. --->1.특허무효심판에서 주체적 요건 (33조 1항 본문, 제44조)를 위반한 경우 이해관계인의 범위가 특허를 받을 수 있는 권리를 가진자로 제한된다고 배웠습니다. 그래서 乙은 B발명을 양수 받았기 때문에 A발명에 관해 특허를 받을 수 있는 권리를 가지지 아니하여 丙의 A발명에 대한 특허권에 대한 무효심판의 청구인 적격인 인정되지 않는다고 생각었했습니다. 근데 사안에서 B발명은 A발명의 개량 발명이기 때문에 혹시 B발명만을 양수해도 A발명에 관한 특허를 받을 수 있는 권리를 가지게되어 이해관계인이 인정되는걸까요?(A발명과 B발명은 다른 발명이기 때문에 안될거같습니다만.... 제가 조문을 적용하는데 있어서 어떤 부분에서 착오가있었는지 잘모르겠습니다.) 2.보기 문제와는 무관하게 무권리자인 丙이 A발명을 판매함으로써 A발명이 공지가 되었는데, B발명이 A발명으로부터 쉽게 발명할 수 있을경우(인용대상 A발명으로부터 진보성 결여) B발명을 양수받은 乙은 공지예외 적용 주장이 불가능할까요?(질문 카테고리가 달라서 옮겨야 한다면 바로 수정하겠습니다.) p.s. 문제지가 책을 올바르게 읽을 수 있게 하는것 같아 개인적으로 문제지가 너무 좋은거 같습니다. 감사합니다","안녕하세요? 임변입니다. 1. 맞습니다. 개량발명에 대한 권리자이기 때문에 B를 실시하는 것이 A를 침해할 수 있고, 이해관계인에 해당한다고 할 수 있습니다. 2. 의사에 반한 공지이기 때문에 공지예외적용이 가능할 수 있겠네요. 열공하세요~ 답글기능 더보기", ,,17.09.22
특허법,조문,136조2항,(136조2항 1호 단서) 정정심판,"안녕하세요 변리사님 136조2항1호 단서가 이해되지않아 질문드립니다. 다만 무효심판의 심결 또는 정정의 무효심판의 심결에 대한 소가 특허법원에 계속중인 경우에는 특허법원에서 ""변론종결된 날""까지 ""정정심판을 청구""할 수 있다. Q1)무효심판의 소가 특허법원에 계속 중은 무효심판의 소만 특허법원에 계속중을 의미하나요? 아니면 취소신청의 취소소송도 함께 특허법원에 계속중임을 의미하나요? Q2)만약 Q1에서 특허법원에 무효취소 소송만이 계속중인경우 정정심판을 청구할수 있는 시기는 단서와 같이 특허법원에서 무효 취소소송 중인 경우에는 예외로 취소신청이 심판원에 계속 중일지라도(136조2항1호 전문) 정정심판을 청구할수 있다는 의미인가요? Q3)Q1에서 무효 소송과 취소신청 소송이 함께 계속중인 경우 단서에서 언급한 변론종결된 날은 취소신청 결정취소소송의 변론종결인가요 아님 무효심판 심결취소소송의 변론종결인가요? 너무 헷갈려서 질문드립니다ㅠ..","안녕하세요? 임변입니다. 1. 무효심판의 소만 특허법원에 계속 중인 경우를 말합니다. 2. 이론적으로는 그렇습니다. 다만, 취소신청이 심판원에 계속 중일 때 무효심판의 소가 특허법원에 계속 중인 경우는 없을 것 같네요. 3. 무효심판의 소에 대한 변론종결전까지입니다. 참고로 이에 대해서는 아직 법의 해석에 대한 실무가 확립되지 않은 상태입니다. 열공하세요~", ,,17.09.23
특허법,조문,162조 6항,(162조 6항) 참가 취하효력,"안녕하세요 변리사님 본안판결시 효력은 심판에 참가후 도중에 취하했던 자에게도 효력이 미치나요? 아니면 유리한효과만 미치는지 궁금합니다. 취하해도 효력이 미친다면 취하필요성이 없을것 같고 효력이 안미친다면 참가인에게 불리한 본안심결확정 전에 취하할 경우, 효력을 상황에 따라 선택할 수 있는 법적 안정성을 해칠 우려가 생기는데 어떤게 맞는지 모르겠습니다. 답변에 미리 감사드립니다.",안녕하세요? 임변입니다. 취하한 자에게는 효력이 미치지 않습니다. 열공하세요~, ,,17.09.23
특허법,조문,136조,[136조2항] 정정심판 청구 가능 기간,"안녕하세요, 임변리사님 136조 2항 1호 단서와 관련하여 특허무효심판이 무제한설이라 새로운 사항을 주장 가능하며 이 주장 가능한 기간이 변론종결시이기 때문으로 알고 있습니다. 그렇다면 136조 2항 2호의 반대 해석 상 특허무효심판이 특허법원/대법원 계속 중 일때에는 정정심판 청구 가능하다고 배웠는데, 마찬가지로 무제한설 이라도 새로운 사항을 주장 가능한 기간은 특허법원 변론종결시 까지 아닌가요? 136조 2항 1호 단서와 달리, 2항 반대해석상 ""대법원 계속 중""일 경우에도 정정심판을 청구할 수 있다는 부분이 잘 이해가 잘 안됩니다...","안녕하세요? 임변입니다. 원래는 법 제136조제2항제2호의 해석상 무효심판이 특허법원/대법원에 계속중인 경우 정정심판을 청구할 수 있으나, 무효심판과 취소신청이 겹치는 경우에는 법 제136조제2항제1호를 고려하여, 무효심판이 특허법원에 계속중일때 변론종결정까지 가능하다는 것은 법 제136조제1항제1호단서의 의미입니다. 무효심판만 대법원에 계속중인 경우에는 특허법원이 무제한설을 채택하고 있어, 새로운 주장이 허용되기 때문에 대법원까지 정정심판을 할 수 있는 기회를 주고 있는 것입니다. 열공하세요~", ,,17.09.24
특허법,조문,135조,"[135조] 권리범위확인심판의 청구인,피청구인 적격에 관한 질문입니다.",안녕하세요 변리사님. 늘 많은 가르침 주시어 감사드립니다. 권리범위확인심판에 있어서 1.적극적권리범위확인심판 : 청구인은 특허권자 및 전용실시권자 / 피청구인은 이해관계인(확인대상발명을 현재 또는 과거에 실시한 자) 2.소극적권리범위확인심판 : 청구인은 이해관계인(확인대상발명을 과거 또는 현재 실시했거나 실시할 예정에 있는자) / 피청구인은 특허권자 라고 교재에서 배웠습니다. 그런데 왜 적극적 권리범위 확인심판에서는 피청구인으로 '확인대상발명 실시예정중인 자'를 잡지 못하는 것인지 궁금합니다. 더불어 적절한 질문이 아닐지 모르겠지만 디자인보호법 상 권리범위확인심판에서도 특허법에서와 같은 청구인과 피청구인 적격이 적용되는지 궁금합니다. 아무래도 디자인보호법 교재가 특허법교재보다 덜 상세하기에 여쭈어보게되었습니다. 일교차가 큰데 감기조심하시고 즐거운하루되세요~ 저작자 표시컨텐츠변경비영리,"안녕하세요? 임변입니다. 1. 내가 특허권자인데 마음에 들지 않은 자가 있어서, 그 자가 이렇게 실시하면 권리범위에 속할 것이라고 심판을 청구한다고 생각해 보시면 됩니다. 2. 같습니다. 행복만 추석되세요~", ,,17.09.29
특허법,조문,133조4항,[133조4항]특허의 무효심판에서 참가,133조 4항= 심판장이 특허권의 전영 실시권자나 그 밖에 등록한 권리자에게 알려야 한다 . 이때 알리는 이유가 참가할 기회를 주기 위해서 라고 하셨는데 중급강의에서 실시권자는 보조참가는 가능하나 당사자 참가가 불가능 하다고 말씀하셨습니다. 그런데 무효심판은 당사자계이므로 언제나 당참이나 보조 참가 모두 가능한 것 아닌가요?? 책 본문에는 당참이나 보참에 대해 언급이 없어서 사진은 따로 안올리고 질문 드립니다.!,"무효심판의 피청구인은 특허권자이니 당사자 참가를 할 수 없고, 청구인은 이해관계인인데, 원칙은 실시권자는 이해관계가 인정할 수 없어서, 당사자참가를 할 수 없다는 것입니다. 만일 실시권자가 이해관계를 인정받는다면 청구인으로서 당사자 참가는 가능하겠네요. 열공하세요~", ,,17.10.03
특허법,조문,154조8항,154조 8항 중복심판청구의 금지 관련 질문입니다.,"안녕하세요. '청구가 동일할 것' 요건에 대한 질문입니다. 같은 질문을 찾아봤는데, 제가 궁금한 부분에 대한 질문이 없어 이렇게 여쭤봅니다. 권리번호와 심판의 종류가 동일하면 청구가 동일한 것인가요? 아니면 권리번호와 심판의 종류 그리고 청구취지가 동일해야 청구가 동일한 것인가요? 즉, 하나의 특허에 대해 무효심판는 모두 청구가 동일한 것인지? 아니면 같은 무효심판이라고 하더라도, 무효사유를 달리하면 중복심판청구가 아닌지요? 감사합니다. 인강 기본강의 너무 잘 듣고 있습니다.","안녕하세요? 하나의 특허에 대해 무효사유를 달리하더라도 청구취지(무효로 구하는 청구항)가 같다면 동일심판입니다. 그런데, 질문한 내용과 예로 들고 있는 CASE는 전혀 맞지 않습니다. CASE는 청구취지는 같되, 청구이유가 다른 경우 동일심판이냐고 물어보고 있네요. 열공하세요~", ,,17.10.04
특허법,문제',133조,[133조] 객관식문제 질문있습니다.,"올해 객관식 p.307 문제입니다. 을은 갑으로부터 발명B를 양도받았고, B와 B’를 출원한 자입니다. 병은 무권리자로서 A를 출원하였는데요. 2번 보기가 질문입니다. 병의 출원이 간과되어 등록되면 을이 무효심판청구인적격이 있다고 되어 있는데, 133조에 따르면 “33조1항본문 위반으로 무효심판 청구할 때는 특받권을 가진 자만 청구할 수 있다”고 되어 있습니다. 사안에서 을은 발명 B에 대해서는 특받권을 가지지만 A에 대해서는 양도받은 적이 없어서 특받권이 없는데도 청구인적격이 있나요? 307번 문제의 2번보기에 대한 정오표를 봤는데, 을이 개량발명에 대한 출원인이라 이해관계인이어서 된다고 되어 있는데, 33조1항본문 위반이기 때문에 단순히 이해관계인이라는 이유만으로 청구인적격이 있는지 궁금합니다.",제33조제1항본문 위반뿐만 아니라 제29조제1항각호 위반도 존재할 수 있습니다., ,,17.10.07
특허법,문제',138조,"[138조, 98조] 통실허심판 주체 질문입니다.",객관식 문제집 541쪽 문제인데요. 4번지문에서 이용발명의 통상실시권자는 통실허심판의 청구 주체가 될수는 있는거 아닌가요? 반면 옆의 해설에서는 통상실시권자는 크로스 라이센스에서의 피청구인이 될수없다 라고만 해설해서 질문드립니다.,등록 유무와 상관없이 통상실시권허락심판을 청구할 수 있습니다. 열공하세요~, ,,17.10.07
특허법,문제',135조,[135조] 권리범위확인심판 청구이익,1번보기 해설에서 i)와 ii)요건을 둘다 만족시켰을경우에 본안심리를한다는 건가요? 그렇게본다면 i에 다투지않는다는 의사표시를 한 경우와 모순되고 만약 둘다 각자 요건을 충족했을때 본안심리를 하게된다고 하면 i)에서 다투지 않는다는 의사표시를 한경우는 2014후2849와 같은 의미가되어 역시 권범심 청구 이익이 없게 되는것 아닌가요?,"1) 또는 2)의 경우에는 본안심리를 하게 된다는 것입니다. 1)의 경우와 2014후2849는 사실관계가 전혀 다릅니다. 2014후2849는 과거에 다툰 사실도 없고, 앞으로도 다투지 않겠다는 의사를 표시한 경우입니다. 열공하세요~", ,,17.10.07
특허법,조문,138조,[138조] 통실허심판 cross licence 질문 있습니다.,138조 3항에서 cross licence는 통실허심판으로 허락한 선출원인이 cross licence에 의해서 후출원 발명에 대한 실시권을 얻는 모습을 보이는데요 그러면 선출원 특허권자가 의사에 의해 후출원자에게 실시를 허여해주거나 허락에 의한 통상실시권을 부여한 후 후출원 특허권자가 후출원 발명 범위의 사용에 대해 선출원 특허권자에게 허락하지 않는 경우 선출원 특허권자에게는 그 실시 범위내 사용할 수 있는 방법이 있나요?,"없습니다. 따라서 허락에 의한 통상실시권을 허락할 때, 크로스 라이선스에 대해 협의해야 합니다.", ,,17.10.10
특허법,문제',132의17,[132의 17-139] 심판의 당사자 중 이해관계인,여기 2번 지문에서 통상실시권허락 및 권리불행사의 의사를 표시한 경우에는 이해관계가 소멸된 것 아닌가요??,단순한 의사표시만으로는 소멸하지 않고 실제로 통상실시권을 허락해야만 소멸한다는 것이 판례의 요지입니다. 열공하세요~, ,,17.10.11
특허법,문제',140조,"[140, 140의2] 심판 청구관련 질문",여기 4번 지문에서 특허무효심판이 상고심 계속 중인데 정정심결이 확정되었다고 재심사유가 되나요?? 정정심결이 확정되면 파기환송되는거아닌가요? 아직 무효심판에대한 심결이 확정되지 않았는데 재심사유가 될 수 있나요??,재심사유라는 것은 민소법 제451조제1항제8호의 법령위반이 존재한다는 것입니다. 그대로 확정되면 재심사유에 해당하기 떄문에 파기환송한다는 것이 판례의 요지입니다. 열공하세요~, ,,17.10.11
특허법,문제',162조,"[162, 163] 일사부재리 관련질문",변리사님 여기 3번지문이 옆에 해설과 동일한데 틀린 이유가 '본안'심결이라는 말이 빠져서 그런건가요??,이건 법조문이나 책을 한번이라도 읽어보면 확인할 수 있느 내용인데 아쉽네요. 동일사실 <<<<<<<<<<및 >>>>>>>>> 동일증거인 경우에 일사부재리원칙이 적용됩니다. 열공하세요~, ,,17.10.11
특허법,문제',135조,[135] 권리범위확인심판 관련질문,변리사님 이 문제 2번지문 해설을 보면 대법원 판례 두개가 사실관계가 달라서 어떤 판례로 파악하면 틀린 지문이고 어떤 판례로 파악하면 맞는 지문이라고 돼있는데요 그렇다면 이문제는 2번지문은 세모치고 3번은 확실히 맞는 것이니 3번으로 정답을 체크해야하는 문제인가요?? 그렇다면 문제에 따라서는 2번지문이 옳은 지문이 될수도 있는건가요?,네. 그렇습니다. 열공하세요~, ,,17.10.11
특허법,문제',135조,[135] 권리범위확인심판에 대한 질문,이문제 2번 지문에서 특허권이 소급소멸한 경우에만 부적법한 것인가요 아니면 특허권이 장래향해서 소멸한 경우에도 심결취소소송은 부적법한것인가요??,모두 부적법합니다. 권리범위확인심판의 시기적 요건을 충족하지 못하기 때문입니다. 열공하세요~,아하 그런데 심결취소소송의 위법판단시점은 심결당시이고 심결 이후의 사실관계나 법령에는 영향을 안받는거 아닌가요?? 심결시까지는 특허권이 존속하고있었는데 그 이후에 장래를 향해서 소멸한다고 해도 시기적 요건을 충족하지 못한 것이 되는건가요??,소송요건(소의 이익 등)을 만족했음을 전제로 본안심리(심결의 위법성 판단)를 하게 됩니다.,17.10.11
특허법,문제',134조,[134조] 객관식문제집에서 존속기간연장등록무효심판 관한 질문있습니다.,객관식문제집 765쪽 2번 보기에 '연장등록무효심판은 특허권이 무효로 되어 소멸할 경우에도 청구가능하다.' 가 틀린 지문인 것은 알겠는데 후발적무효사유로 인해서 소멸될 경우에도 연장등록무효심판이 청구가능한지 궁금합니다.,청구할 수 없습니다. 연장등록무효심판은 원래의 존속기간이 인정됨을 전제로 합니다. 열공하세요~, ,,17.10.12
특허법,조문,142조,[142조]정정심판이 심판원에 계속중 무효심결이 확정된 경우,"안녕하세요 특허발명에 대한 정정심판이 특허심판원에 계속 중 해당 특허발명에 대한 무효심결이 확정되었다면, 위 정정심판 청구는 각하된다. 객관식 795p에 위 지문이 맞는 지문인데, 여기서 후발적 무효인 경우는 있을 수 없나요? 정정심판의 경우 특허권이 장래를 향하여 소멸한 경우도 청구할 수 있는 것이니 정정심판이 특허심판원에 계속 중일 때 무효심결이 확정 되어도 장래를 향하여 소멸한 경우라면 정정심판 대상물이 없어지지 않아 각하되지 않을 것이라고 생각했는데 어느 부분이 잘못된 생각인지 궁금합니다. 항상 답변해주셔서 감사합니다!",안녕하세요? 임변입니다. 후발적 무효 사유인 경우에는 각하되지 않습니다. 상대적으로 문제풀이를 하세요~, ,,17.10.12
특허법,조문,142조,[142조] 부적법 심판청구로 흠보정 불가시 답변서 기회안주고 합의체가 심결각하 할수있는 경우,"142조는 합의체의 적법성심리 대상으로서 위반시 심결각하 됩니다. 제한열거적 규정이 없으므로 교과서대로 정리를 하려고 합니다. 아래는, 기본서 1024p 표[7-2]에 있는 내용이고, 파란색부분은 공부하면서 추가적으로 정리한 ""심결각하""된다는 내용들인데 이 또한 적법성심리 대상이 맞는지 확인부탁드립니다 특허심판사항이 아닌 심판청구 실존하지 아니한 자를 당사자로 하는 심판청구 당사자능력이 없는 자의 심판청구 당사자적격이 없는 자의 심판청구 (즉 공유자 중의 일부만을 심판의 당사자로 하거나 이해관계 없는 자가 한 심판청구) 심판청구기간이 지난 후의 심판청구 제척·기피 심판의 불복심판청구 (참가신청, 증거보전·증거조사 신청의 결정에 대한 불복심판) 중복심판청구금지의 원칙에 위반된 경우 일사부재리의 원칙에 위반된 심판청구 심판청구 시에는 적법한 심판청구였으나 심판청구 후 대상출원이 취하·포기된 경우 심결확정 전에 재심이 청구 (단 취소결정확정 전 재심청구시 합의체가 결정각하) 재심사유가 아닌 것을 이유로 하여 재심청구 심결 후 심결확정전, 재심사유 존재 알았는데, 심취소 제기 안하고 심결확정을 기다려 재심청구 권리범위확인심판에서 1. 확인대상발명 특정안된 경우 2. 확인대상발명의 요지변경(140②Ⅲ:피청구인이 다른 발명실시한다고 주장하여 확인대상발명 보정하는 경우 제외) 3. 적극 권리범위 확인심판에서 피청구인이 확인대상발명을 실시하고 있음을 청구인(특허권자)이 입증을 못하면 본안심리 할 확인의 이익이 없으므로 심판관이 심결각하한다. (특허권자가 피청구인 실제 실시하는 발명 입증실패시) 4. 소극 권리범위 확인심판에서 실시하지도 않고, 실시할 계획 없는 발명이 확인대상발명으로 특정된 경우 거절결정 전 거불심청구 +거불심청구함과 동시에 변경출원시 거불심은 심결각하 +특허무효심판중 화해계약 체결시 이해관계 소멸된 것으로 보아 심결각하 (심판의 심결시 이해관계가 소멸된 경우) 심판청구 취하 약정 → 취하서 제출 안했어도, 심판유지 법률상 이익 소멸 무효심판중 화해조서 작성 특허심판원에 무효심판 계속 중 정정심판청구 정정심판계속 중, 특허권이 취소·무효로 소급소멸시 정정심판 전용권자, 통상권자, 사용자, 질권자 동의 없이 정정심판 청구시 선출원 권리자에게 실시허락 구한적 없이 통실허심판청구","권리범위확인심판의 2번, 즉 확인대상발명의 요지변경은 논란이 있습니다. 열공하세요~", ,,17.10.16
특허법,문제',133조,[133조] 객관식 질문있습니다.,701페이지 5번설문인데요. 법인의 대표자가 개인명의가 아니고 법인을 대표해서 청구하는거면 이해관계가 있는거 아닌가요?,"5번은 약간 애매한 지문이네요. 법인 명의로 무효심판을 청구했다면 이해관계가 인정되지만, 개인명의로 무효심판을 청구했다면 이해관계가 인정되지 않습니다. 지문에서 ""법인을 대표하여 개인명의로.....""로 수정하면 명확하게 옳은 지문을 될 것 같습니다. 열공하세요~", ,,17.10.16
특허법,문제',135조,[135조] 객관식 질문있습니다.,"775쪽 5번보기입니다. 제가 필기한 바로는 권리 대 권리 적극을 청구할 떄 이용관계이면 허용되고, 저촉관계이면 불허된다고 알고있습니다. 그런데 제가 이 5번보기를 봤을 떄는 이용관계가 성립하지 않는 것은 알겠는데, 이 두 발명이 서로 저촉관계인지 궁금합니다. 만약 서로 이용관계도 아니고 저촉관계도 아니라면, 이 때에는 권리 대 권리 적극이 허용이 되는 것인지 안 되는 것인지도 궁금합니다.","판례는 이용관계만 권리 대 권리간의 권리범위확인심판을 긍정하고 있고, 나머지는 인정하지 않고 있습니다. 열공하세요~", ,,17.10.17
특허법,조문,140조의2,[140조의2] 거절결정 불복 심판청구서의 보정 (요지변경의 허용),"140조의2② 거절결정 불복 심판청구서를 보정하는 경우에는 그 요지를 변경할 수 없다. 단 각호의 경우는 그러하지 아니하다 1. 청구인이 기재를 바로잡기 위한 보정하는 경우 2. 청구이유를 보정하는 경우 각호는 ""요지변경이지만 허용된다."" or ""요지변경이 아니므로 허용된다"" 둘 중 어떤 건가요? 객관식 711p, 712p 에서 서로 갈리게 표현되어 있습니다. 711p 해설 (나) ""요지변경에 해당하더라도 허용된다"" 711p 지문①② ""요지변경이 아니다""",같은 표현입니다. 허용된다는 것에 집중하면 됩니다. 열공하세요~, ,,17.10.19
특허법,문제',133조,"[133조] 특허침해사건으로 손해배상 지급판결 후, 특허무효심결이 확정될 경우 재심 청구가능 여부","객관식 759페이지 입니다. (가) 특허침해사건의 손해배상 지급판결이 있는 후 특허무효심결이 확정된 때에는 언제나 민사확정판결에 대하여 재심을 청구할 수 있다. (X) 해설 : 원칙적으로 소급하여 소멸하기 때문에 침해소송은 재심사유이다. 그런데, 후발적 사유에 의해 그 사유가 발생한 때부터 장래를 향해 소멸하는 경우에는 그러하지 아니할 수 있다. 아래의 그림과 같이 이해하면 되나요??",네. 정확히 이해하고 있습니다~, ,,17.10.19
특허법,조문,139조,재139조 공동심판의 청구 등에 관해 질문이 있습니다.,"임병웅 변리사님 안녕하세요! 공동 심판청구부분에관해 질문이 있어 글을 쓰게됐습니다. 공동으로 심판을 청구하는 경우에는 청구 취지가 동일하여야한다고 알고 있습니다. 만약 특허의 무효심판에서 동일한 특허권에 관해 甲이라는 자가 제1항과 제3항이 무효임을 주장하고, 乙이라는 자는 청구범위 제1항만을 무효임을 주장하는 경우에는 공동심판청구가 가능할까요? 저작자 표시컨텐츠변경비영리",네. 가능합니다. 열공하세요~, ,,17.10.20
특허법,문제',136조,[136조] 특허법원에 취소신청 계속 중 정정심결 확정시 특허법원은...,"객관식 799페이지 입니다. 지문 : 특허법원에 취소신청 계속 중 정정심결이 확정된 경우에는 정정된 청구범위를 기준으로 특허취소사유가 있는지 여부를 판단하여 그 취소결정의 적법성 여부를 판단한다. (X) 해설 : 특허법원에 특허취소결정에 대한 취소소송이 계속 중 정정심결이 확정된 경우에는 특허법원이 사실심이기는 하나 ""심리범위가 제한될 것이기 때문에"" 결정을 취소하고 환송함이 타당해 보인다. 질문 : 이는 특허법원에 무효심판이 계속중인 경우와 차이가 있는데, 특허법원은 사실심이고 무제한설을 따르므로 전면적 재검토(다른 이유도 탐지 가능)를 하는것인데... 무효심판에서의 심리범위는 133조의 무효사유 전부이고 (즉 심리범위에 제한이 없음) (즉, 특허법원은 정정된 청구범위를 기준으로 무효사유 여부를 판단 가능) 취소신청에서의 심리범위는 별도의 신청사유(132조의2)로 한정되어 있으므로, 특허법원 또한 그 사유로만 심리범위가 제한될 것이므로 (?) 특허법원은 특허취소결정을 취소하고 사건을 특허심판원에 환송하다......라는건가요? 저작자 표시컨텐츠변경비영리",착각하고 있는 것 같네요. 취소결정에 대한 취소소송은 무제한설이 아니라 제한설입니다., ,,17.10.26
특허법,조문,148조,[148조] 제척원인 중 전심관여에 관한 질문입니다.,"전심관여는 동일 사건에 이미 관여한 경우를 말하는 것이고, 이 때 판례상 거절결정불복심판 인용 -> 특허무효심판 은 동일 사건으로 인정하고 정정심판 -> 특허무효심판은 동일 사건이 아닌 것으로 간주하는 것으로 압니다. 질문은, 동일 사건을 판단 할 때 나중의 심판 청구의 구체적인 내용을 고려하는지에 대한 여부입니다. 제척원인의 취지상 심판관이 자신이 인용한 심판에 영향을 받을 것을 배제하는 것인데, 거절결정불복심판을 인용한 원인이 A이고 추후 B라는 문제로 제3자가 특허무효심판을 청구했을 경우 각 거절&무효사유에 대해 개별적으로 판단해야한다는 것을 감안하면 제척제도의 취지와 어긋나지 않는다고 생각됩니다. 이 경우에도 전심관여로 보고 심판관을 제척하는지 궁금해서 질문드립니다.","네. 제척됩니다. 어차피 거절결정불복심판, 무효심판 모두 직권심리하기 때문입니다. 열공하세요~", ,,17.10.27
특허법,문제',136조,[136조] 정정심판 관련 기출문제 질문드립니다.,"안녕하세요 변리사님, 정정심판관련 기출문제 질문을 드리려 합니다. 09년도 기출문제의 보기 중에 '심결에 의하여 특허가 무효로 된 후에는 정정심판을 청구할 수 없다.' 라는 지문이 옳은것으로 나와있었습니다. 그런데 후발적 무효사유에 의한 무효심결의 경우에는 여전히 정정심판 청구가 가능한 것으로 나와 있는데 이 지문은 왜 옳은 것인지 모르겠습니다... 다른문제들을 풀다보면 위에 드린 질문처럼 원칙-예외 의 경우가 나뉘어지는 내용에 관한 문제에서는 원칙에 대한 내용이 지문으로 나오게되면 예외까지 생각해서 틀린 지문으로 처리해야할지 아니면 원칙만 고려하고 맞는 지문으로 처리해야될지 헷갈릴 때가 많습니다.. 물론 객관식 특성 상 다른 지문의 정오를 가려본 후 상대적으로 결정해야 할 문제이지만요.. 늘 감사드립니다.","안녕하세요? 절대적 진리 측면에서는 예외까지 고려한다면 틀렸다고 할 수 있습니다. 그런데, 객관식은 절대적 진리를 추구하지 않다 보니, 어쩔 수 없는 것 같습니다. 열공하세요~", ,,17.10.30
특허법,조문,136조 5항,[136조 5항] 정정심판중 '특허출원을 하였을 때에 특허를 받을 수 있을 것',"정정심판, 정정청구에서 '특허출원을 하였을 때에 특허를 받을 수 있을 것'이라는 조건에 대해 질문드립니다. 특허를 받을 수 있다는 말은 광의의 특허요건을 모두 만족하였다는 것이고 여기에는 주체적, 실체적, 조약, 절차적 요건등을 포함한 모든 요건을 말하는 듯이 보이는데 정정심판이나 정정청구의 취지가 타 권리 침해로인한 무효에 대한 회피라는 점을 생각했을 때 특허무효, 취소, 정보제공 사유에 해당하지 않는 다항제 기재방법 등의 절차적 요건은 배제되고 후발적 무효사유는 포함되어야 하는 것이 아닌가 생각이 듭니다. '특허를 받을 수 있을 것' 이라는 것이 '거절이유에 해당하지 않는 것'(주실조절)인지 아니면 '무효사유에 해당하지 않는 것'(주실조)인지 여쭤보고 싶습니다.",거절이유에 해당하지 않은 것을 말합니다. 후발적 무효사유는 특허출원시에 발생하는 것이 아니라 등록후 발생하는 것으로서 본 요건과는 무관합니다. 열공하세요~, ,,17.10.31
특허법,조문,135조,135 권리범위확인심판 관련,"임변리사님 안녕하세요 항상 열정적으로 강의해주셔서 감사합니다. 권리범위확인 심판의 확인의 이익부분에 의아한 부분이 있어서 이렇게 질문드립니다. 먼저, 권리범위확인 심판의 경우 특허발명의 보호범위를 판단대상으로 하고있기 때문에 심판에서 무효의 항변, 자유기술항변이 가능하지만, 진보성 부정 이유의 권리남용 항변은 불가하다라고 이해하고있습니다. 여기에서, 무효의항변 내지 자유기술항변이 가능하다라는 것을 무효사유가 명백한(동일성실기 )특허에 대하여 확인의 이익이 있어 권리범위확인심판을 청구할 이익이 있다고 생각할수 있는지 궁금합니다. 또한, 무효사유뿐만 아니라 앞으로 나올 판례를 유추해본다면, 취소사유가 명백한 특허에 경우에도 여전히 확인의 이익이 긍정되는지도 궁금합니다. 항상 이렇게 질문에 답변해주셔서 감사드립니다. 좋은 하루 보내세요~",안녕하세요? 네. 둘 다 그렇습니다. 열공하세요~, ,,17.11.01
특허법,문제,133조,[133조] 객관식 문제집 307번 문제 관련 질문,"안녕하세요 변리사님? 객관식 문제집 307번 문제 관련 질문입니다. 아래 질문에 대한 답변 중 29조1항 각호 위반이면 신규성 위반이라는 말씀이신데 어떤 이유로 무권리자 병의 17.1/2 출원이 신규성 위반에 해당하는지 질문 드립니다. 무권리자 병 A 출원(17.1/2) ---- 갑 A 출원(17.1/15) ---- B 양도받은 을 B와 B' 출원 (17.4/1) 순서인데 17. 1/2 출원이 신규성 위반이려면 문제나 지문에 이전에 공지된 사항 등이 있어야 하는데 어떤 부분 때문에 신규성 위반인지 찾지를 못해서요. 혹시 ""판매와 동시에""라는 문구 때문에 신규성 위반이라면 출원 전에 판매한 것이 아니기 때문에 신규성 위반이 아니라고 생각했습니다. ※ 참고로 몇몇 오기를 발견하여 아실지도 모르지만 혹시나 하여 말씀 드립니다. 1. 객관식 문제집 220번 문제 1번 지문 해설 : 발진법 10 → 발진법 12 2. 객관식 문제집 243번 문제 (나) 해설 : 42조5항 1호 → 42조의2 2항 * 이전 질문 및 답변 ----------------------------------------------------------------------------------------------------------------- 올해 객관식 p.307 문제입니다. 을은 갑으로부터 발명B를 양도받았고, B와 B’를 출원한 자입니다. 병은 무권리자로서 A를 출원하였는데요. 2번 보기가 질문입니다. 병의 출원이 간과되어 등록되면 을이 무효심판청구인적격이 있다고 되어 있는데, 133조에 따르면 “33조1항본문 위반으로 무효심판 청구할 때는 특받권을 가진 자만 청구할 수 있다”고 되어 있습니다. 사안에서 을은 발명 B에 대해서는 특받권을 가지지만 A에 대해서는 양도받은 적이 없어서 특받권이 없는데도 청구인적격이 있나요? 307번 문제의 2번보기에 대한 정오표를 봤는데, 을이 개량발명에 대한 출원인이라 이해관계인이어서 된다고 되어 있는데, 33조1항본문 위반이기 때문에 단순히 이해관계인이라는 이유만으로 청구인적격이 있는지 궁금합니다.","안녕하세요? 문의하신 것처럼 판매와 동시에 출원했다는 것의 의미는, 신규성 위반일 수도 있고 아닐 수도 있습니다. 신규성은 시각주의, 즉, 시분초까지 고려하여 판단하기 때문입니다. 오기는 제가 발견했는지 여부와 상관없이 찾아 주셔서 감사합니다~", ,,17.11.01
특허법,조문,139조,[139조~142조]특허권 또는 특받권의 공유자중 일부가 심판을 청구한 경우,"이 경우 139조3항 위반인데 1) 140조1항1호 심판청구서 기재방식 위반으로 141조 1항1호에 해당되어 심판장이 보정명령 후 결정각하 하는것인지 아니면 142조[보정할 수 없는 심판청구의 심결각하]의 예시 중 당사자적격이 없는 자의 심판청구(공유자 중의 일부만을 당사자로 한 심판청구)에 해당되어 흠을 보정할 수 없어 심판관합의체가 심결각하 하는것인지 궁금합니다. 2) 또한 여기서 청구인을 추가하는 보정은 심판청구기간과 상관없이 결정각하 혹은 심결각하 전이라면 항상 가능한 것인지, 3) 항상 가능하다면 그 근거는 어떻게 되는지도 궁금합니다. 항상 좋은 답변 감사드립니다.",1. 법 제142조에 위반되어 보정명령 후 심결각하합니다. 2. 심판실무상 심판청구서의 보정은 심리종결전까지 할 수 있습니다. 열공하세요~, ,,17.11.02
특허법,조문,136조,[제136조] 제2항 제1호 단서 정정심판 시기적요건 질문드립니다.,"제136조 제2항 제1단서 특허무효심판의 심결 또는 정정의 무효심판의 심결에 대한 소가 특허법원에 계속 중인 경우에는 특허법원에서 변론이 종결(변론 없이 한 판결의 경우에는 판결의 선고를 말한다)된 날까지 정정심판을 청구할 수 있다. Q1. 여기서 136조2항1호 단서의 경우는 이론적으로 특허취소신청이 심판원, 특허법원, 대법원 어디에 있든지 무효심판에 대한 소가 특허법원에 계속 중인 경우에 무효심판에 대한 소 변론종결시까지 정정청구 할 수 있다는 의미가 맞는지 궁금합니다. Q2. 136조2항2호의 경우에는 해당 특허에 대한 취소신청에 관련된 절차가 어디에도 존재하지 않고 무효심판에 대한 절차만 존재하는 경우를 의미한다고 봐도 되는걸까요?",1. 네 2. 네 열공하세요~, ,,17.11.02
특허법,조문,137조,[제137조]정정의 한계,"정정의 한계 중 ""청구범위를 감축하거나 잘못 기재된 사항을 정정하는 경우에는 정정 후의 청구범위에 적혀 있는 사항이 특허출원을 하였을 때에 특허를 받을 수 있는 것이어야 한다."" 라는 요건이 있는데 여기서 분명하지 아니하게 기재된 사항을 명확하게 경우에는 왜 이 요건을 판단하지 않는 것인가요?","이지특허법에 보면 다음과 같이 판례(특허법원 2012. 10. 25. 선고 2012허6342)가 기술되어 있습니다. ""정정대상으로 삼지 아니한 다른 부분에 분명하지 아니한 기재가 있다고 하더라도, 이는 원칙적으로 별도의 정정심판이나 특허무효심판절차에서 다룰 사항에 불과하고 해당 정정을 불인정할 사유는 되지 못한다고 할 것이다."" 열공하세요~", ,,17.11.04
특허법,조문,136조,[제136조] 정정심판의 청구기간,"제136조 제2항 제1항에도 불구하고 다음 각 호의 어느 하나에 해당하는 기간에는 정정심판을 청구할 수 없다. 1. 특허취소신청이 특허심판원에 계속 중인 때부터 그 결정이 확정될 때까지의 기간, 다만, 특허무효심판의 심결 또는 정정의 무효심판의 심결에 대한 소가 특허법원에 계속 중인 경우에는 특허법원에서 변론이 종결(변론없이 한 판결의 경우에는 판결의 선고를 말한다.)된 날까지 정정심판을 청구할 수 있다. 2. 특허무효심판 또는 정정의 무효심판이 특허심판원에 계속 중인 기간 원칙적으로 특허무효심판이 청구된 경우에는 그 심결취소소송이 특허법원 또는 대법원에 진행중일 때, 정정심판을 청구할 수 있습니다. 이는 특허법원의 심리범위가 무제한설을 채택하기 때문입니다. 그런데 이러한 특허무효심판이 특허취소신청과 동시에 진행중이라는 사정만으로 정정심판의 청구기간이 '특허법원 또는 대법원에서 진행중일 때'에서 '특허법원 변론종결 시'로 바뀌는 것이 이해하기 어렵습니다. Q1. 먼저, 무효심판의 청구기간을 '특허법원 또는 대법원에서 진행중일 때'로 한 이유가 의문입니다. 특허법원 변론종결 시가 지나면 새로운 증거를 제출하는 것이 불가한 것으로 아는데 굳이 특허법원 변론종결 시로 하지 아니하고 대법원에서 진행중일 때에도 정정심판을 청구할 수 있도록 한 이유가 있나요? Q2. 만일, 대법원에서 진행중일 때에도 정정심판을 청구할 필요성이 있다면, 특허취소신청이 있다는 이유만으로 그것을 제한하는 것은 불합리한 것으로 보입니다. 이렇게 제한하는 이유가 있나요?","1. 밑에 질문에 한 답변 그대로 붙입니다. 원래는 법 제136조제2항제2호의 해석상 무효심판이 특허법원/대법원에 계속중인 경우 정정심판을 청구할 수 있으나, 무효심판과 취소신청이 겹치는 경우에는 법 제136조제2항제1호를 고려하여, 무효심판이 특허법원에 계속중일때 변론종결정까지 가능하다는 것은 법 제136조제1항제1호단서의 의미입니다. 무효심판만 대법원에 계속중인 경우에는 특허법원이 무제한설을 채택하고 있어, 새로운 주장이 허용되기 때문에 대법원까지 정정심판을 할 수 있는 기회를 주고 있는 것입니다. 2. 취소신청은 특허법원이 제한설을 취하고 있고, 양자의 관계를 조정하는 것이라고 보면 됩니다. 열공하세요~", ,,17.11.04
특허법,조문,163조,"[163조,135조,127조] 일사부재리원칙, 침해소송, 간접침해",안녕하세요 변리사님! 복습하던중 궁금증이생겨 질문드립니다. 1. 강의노트 p.398 문제 (4)번지문에서 확정심결과 확정판결사이에는 일사부재리 원칙이 적용되지 않는다. 라고 되어있는데 확정심결과 확정판결의 차이가 무엇인가요? 2. 강의노트 p.416 침해소송의 심리범위에서 특허권존속중 특허권 당연무효의 항변과 실효의 항변이 불인정되는 이유는 침해소송에서 특허권 성립의 유무를 판단할수 없어서 인가요? 3. 강의노트 p.430 문제 (1)번 지문에서 간접침해의 경우 특허권의 침해죄가 성립하지 않는다. 라고 되어있는데 침해죄는 형사적 조치여서 직접침해에만 성립하는것이 맞지요? 4. 정정심판은 특허권이 소멸된 후에도 청구할 수 있는데 이때 정정심판의 실익이 무엇인가요? 감사합니다!,"안녕하세요? 1. 확정심결이라는 것은 심판원의 심결이 확정된 경우를 말하는 것이고, 확정판결이라는 것은 민형사판결까지 포함하는 개념입니다. 2. 개념을 잘못 이해하고 있네요. 당연무효의 항변은 타절차에서 무효심판에 의하지 않고 특허권 자체를 무효로 할 수 없기 때문에 허용되지 않고, 실효의 항변은 권리남용으로 보지 않기 때문입니다. 3. 네 4. 소멸전의 실시가 침해를 구성할 수 있기 때문입니다. 문의하신 내용은 기본서에 상세히 기술되어 있습니다. 열공하세요~",그렇다면 1번 질문에서 확정심결과 확정판결사이에 일사부재리 원칙이 적용되지 않는이유는 심판원의 판결과 민형사판결에 사이에 서로 영향을 미치지 않아서인가요? 답지에 '이법에 의한 심판의 심결이 확정된 때에는 그 사건에 대하여는 누구든지 동일사실 및 동일증거에 의하여 다시 심사청구할 수 없다. 다만 확정된 심결이 각하심결인경우에는 그러하지 아니하다.'라고 되어있는데 각하심결인 경우에는 일자부재리 원칙이 적용되지 않아서 인가요? 감사합니다!,심판원의 심결과 민형사판결 사이에서는 일사부재리가 적용되지 않는다는 것입니다.,17.11.06
특허법,조문,140의2,[140의2조]심판청구,"안녕하세요 교수님! 복습하던중 궁금증이생겨 질문드립니다! 1. 판례에 의하면 '특받권 고유저거 구 공유인 권리에 관하여 심판을 청구하는 때에는 공유자 전원이 공동으로 청구하여야하며, 심판청구서의 보정은 청구의 이유를 제외하고는 요지를 변경할수 없으나, 공동출원인 중 일부만이 심판청구를 제기한 경우 그 심판의 계속중 나머지 공동출원인을 심판청구인으로 추가하는 보정은 요지 변경으로서 허용할 수 없음이 원칙이나, 아직 심판청구기간이 도과되기 전이라면 나머지 공동출원인을 추가하는 보정은 허용된다.' 140조의 2에의하면 '심판청구기간이 지난 후에도 청구인 추가하는 보정이 가능하다.' 라고 되어있는데 (1) 왜 위 판례에선 심판정구 기간이 도과되기전에만 나머지 공동출원인을 추가하는게 가능한데, 특허거절결정에대한 심판은 심판정구기간이 지난후에도 청구인을 추가하는 보정이 가능한가요? (2) 심판청구서에 기재한 청구의 취지의 보정은 요지변경에 해당하는데, 왜 청구 이유의 보정은 요지의 변경에 해당하지 않나요? 청구 취지와 청구 이유의 차이점이 무엇인가요? 2. 중단과 중지의 차이점이 무엇인가요? 3. 적극적권리범위확인심팜 청구에서 심판청구인이 특정한 확인대상방명과 피심판청구인이 실시하고 있는 발명사이에 동일성이 인정되지 않으면, 그 청구는 확인의 이익이 없다는 이유로 각하되어야 하는데 이때 동일성은 발명 전체적인 개념으로 비교하는건가요? 그렇다면 발명 전체적인 개념을 통해서 동일성을 먼저 판단한후 청구항별로 비교해소 권림범위에 포함되는지 판단하게 되는 것인가요? 항상 부족한질문에도 좋은답변 주셔서 감사합니다! 날씨가 많이 추워졌는데 감기조심하시고 건강하세요!","안녕하세요? 1. 판례가 나오고 나서 법이 바뀌었습니다. 2. 당사자 교체가 있으면 중단, 없으면 중지입니다. 기본서의 절차 정지 파트를 다시 공부해 보세요. 3. 네. 열공하세요~","1-(2) 질문에서 심판청구서에 기재한 청구의 취지의 보정은 요지변경에 해당하는데, 왜 청구 이유의 보정은 요지의 변경에 해당하지 않나요? 청구 취지와 청구 이유의 차이점이 무엇인가요? 감사합니다","이것도 기본서에 기술되어 있는 내용인데, 청구이유는 법 제159조에 의해 직권심리하니, 마음대로 기재하라는 것입니다.",17.11.07
특허법,조문,135조,"[135조,136조] 권리범위확인심판, 정정","안녕하세요 변리사님! 복습하던중 궁금증이생겨 질문드립니다. 1.2014후2849판례에 따르면 '소극적 권리범위확인심판에서는 현재 실시하는 것만이 아니라 자래 실시 예정인 것도 심판대상으로 삼을수 있다. 그러나 당사자 사이에 심판청구인이 현재 실시하고 있는 기술이 특허권의 권리범위에 속하는지에 관하여만 다툼이 있을 뿐이고, 심판청구인이 장래 실시할 예정이라고 주장하면서 심판대상으로 특정한 확인 대상발명이 특허권의 권리범위에 속하지 않는다는 점에 관하여는 아무런 다툼이 없는 경우라면, 그러한 확인대상발명을 심판대상으로 하는 소극적 권리범위확인심판은 신팜청구의 이익이 없어 허용되지 않는다.' 라고 되어있는데 이때 현재 실시 하고 있는 기술이 특허권의 권리범위에 속하는지에 관한 다툼이 있는것은 권리범위에 속하는지 여부에따라 기각이나 인용결정이 나야하고, 장래 실시예정인 확인대상발명에 대하여는 다투지 아니하고 있으니까 그냥 판단을 안하면 되는거 아닌가요? 왜 심판청구의 이익이 없어 허용되지 않는지 이해가 가질않습니다ㅠㅁㅠ 2. 2011후620판례에 따르면 '특허법 제 136조 8항에 의하여 정정심결이 확정된 때에는 정정 후의 명세서 또는 도면에의하여 특허출원되고 이후 이에 입각하여 특허권 설정등록까지의 절차가 이루어진것으로 간주하는것은 무혀부분을 포함하는 특허를 본래 유효로 되어야 할 범위 내에서 존속시키기 위한 것이므로, 조약에 의한 우선권 주장의 기초가 된 최초의 출원서 또는 출원공개된 출원서에 첨부한 먕세서 또는 도면에 기재된 사항이 그후 정정되었다 하더라도, 그 정정내용이 조약에 의한 우선권 주장의 기초가된 발명의 내용 또는 신규성 진보성 판단에 제공되는 선행기술로서의 발명의 내용에 영향을 미칠 수 없다.' 라고 되어있는데 그렇다면 조약우주 가초발명내용 또는 신규성 진보성 판단시에는 정정전의 명세서 도면으로 판단하게 되는 것인가요? 감사합니다! 저작자 표시컨텐츠변경비영리",안녕하세요? 1. 심판청구의 이익이 없다는 것은 각하한다. 즉 판단하지 않는다는 의미입니다. 2. 최명도를 기준으로 한다는 것입니다. 최초의 개념을 잘 생각해 보세요. 열공하세요~,그렇다면 1번질문에서 청구인은 장래 실시 예정인 확인대상발명을 소극적확인심판으로 제기했는데 이때 당사자사이에 심판청구인 사이에 현재 실시하고있는 기술이 특허권의 권리범위에 속하는지만 다투고있고 실제로 소극적 확인심판의 확인대상발명으로 삼지 않았고 장래실시예정인 발명에대해서는 다툼이 없어서 각하된다는 것인가요? 감사합니다!,네,17.11.07
특허법,조문,136조,136조 정정심판!!,1. 136조 8항에 '무효심판'만 나와있는데 '취소신청'청구한 때에도 동의 받지 않아도 되는거지요? 2. 정정청구 가 받아들여진 때에도 new 특허증이 발급되나요?,1. 취소신청을 한 후에는 정정심판을 청구하지 못합니다. 2. 네 열공하세요., ,,17.11.11
특허법,문제,136조,[136조]정정무효심판의 기각심결을 취소할 이익,"객관식 803페이지 지문㉠ 입니다. ㉠ 특허발명에 대한 정정무효심판청구가 기각되고 난 후, 해당 기각 심결의 취소를 구하는 소송이 계속 되던 중 그 특허발명에 대한 무효심결이 확정되었을 경우, 위 정정무효심판의 기각 심결에 관한 소는 부적법하다. (O) 판례번호 : 2011후620 질문 : 이 지문을 △로 볼 수 있나요? 판례를 읽어보니 특허권이 소급무효를 전제로 하여 판시를 하였는데, 후발적 무효인 경우에는 여전히 심결을 취소할 이익이 있을 것 같아서요.",네. 그렇습니다., ,,17.11.12
특허법,조문,135조,＜추가질문 드립니다.＞Re:[135조]권리 대 권리간 적극적 권리범위확인심판,"제가 아는 사람이랑 대화하다가 임병웅 변리사님이 원글 Q1답변에서 신규성위반이 명백한 경우 권리 대 권리간 적극적 권범심이 가능하다고 한 판례에 반대의견의견이 들어와서요 ㅠㅠ 근거는 다음과 같습니다 -------------------------------------------------------------------------------------------------------------------- 원고, 상고인 삼정크린마스터 주식회사 (소송대리인 변리사 정낙승 외 1인) 피고, 피상고인 피고 (소송대리인 변리사 이성록) 원심판결 특허법원 2013. 10. 25. 선고 2013허976 판결 주 문 원심판결을 파기한다. 특허심판원이 2013. 1. 2. 2012당(취소판결)205호 사건에 관하여 한 심결을 취소한다. 소송총비용은 피고가 부담한다. 이 유 상고이유(상고이유서 제출기간이 경과한 후에 제출된 참고서면 기재는 상고이유를 보충 하는 범위 내에서)를 판단한다. 1. 특허권의 권리범위확인은 등록된 특허권을 중심으로 어떠한 확인대상발명이 적극적으로 등록 특허발명의 권리범위에 속한다거나 소극적으로 이에 속하지 아니함을 확인하는 것인데, 선등록 특허권자가 후등록 특허권자를 상대로 제기하는 적극적 권리범위확인심판은 등록무효절차 이외에서 등록된 권리의 효력을 부인하는 결과가 되어 부적법하다(대법원 1996. 12. 20. 선고 95후1920 판결, 대법원 2007. 10. 11. 선고 2007후2766 판결 등 참조). 이와 같이 선등록 특허권자가 후등록 특허권자를 상대로 제기하는 적극적 권리범위확인심판이 허용되지 아니하는 이유에 비추어 볼 때 이러한 법리는 후등록 특허발명의 신규성 인정 여하에 따라 그 적용 여부가 달라지는 것은 아니다. ---------------------------------------------------------------------------------------- 특허법원에서 판결을 대법원에서 뒤집었는데 대법원의 판결은 ""어차피 권리범위가 부정되는 애라 하더라도 아직 무효심결에 의해서 부정된 것이 아니기 때문에 권리 대 권리 적극권범은 안된다""라는 취지이기때문에 같은맥락에서 선출원위반이 명백한 경우도 권리 대 권리간 적극권범이 안된다고 반론이 들어와서요 ㅠㅠ 혹시 이 판례가 다른 취지로 해석될 수 있는건가요?","대상판결은 대법원 2016. 4. 28. 선고 2013후2965 판결 【권리범위확인(특)】입니다. 저촉관계확인은 후권리가 신규성 위반이라도 안 된다는 것이 그 요지입니다. 즉 신규성이 부정되어 권리범위를 인정하지 않더라도 권리의 유효성에 대한 다툼은 특허무효심판에서 이루어져야 한다는 것을 판시하고 있습니다. 제가 처음 질문을 잘못 이해했네요. 질문의 요지가 선등록권리가 선출원 위반인 경우라고 착각헀는데, 후출원권리가 선출원 위반인 경우를 문의하는 것이었네요. 정리하면 후등록권리가 신규성, 선출원 위반이냐와 상관없이 저촉관계 확인은 인정되지 않습니다. 기본서에 내용 있으니 확인해보세요 처음 답글도 같이 수정합니다~", ,,17.11.15
특허법,조문,135조,[135조]권리 대 권리간 적극적 권리범위확인심판,"[후출원에 의하여 등록된 고안을 확인대상 고안으로 하여 선출원에 의한 등록고안의 권리범위에 속한다는 확인을 구하는 적극적 권리범위확인심판은 후등록된 권리에 대한 무효심판의 확정 전에 그 권리의 효력을 부정하는 결과로 되어 원칙적으로 허용되지 아니하고, 다만 예외적으로 양 고안이 구 실용신안법 제11조 제3항에서 규정하는 이용관계에 있어 확인대상 고안의 등록의 효력을 부정하지 않고 권리범위의 확인을 구할 수 있는 경우에는 권리 대 권리 간의 적극적 권리범위확인심판의 청구가 허용된다. 따라서 원고가 후 등록된 확인대상 고안이 진보성이 없는 개악고안으로서 무효라는 취지로 주장하면서 적극적 권리범위확인심판을 청구한 이상, 확인의 이익이 인정될 수 없어 부적법한 청구로 귀결될 수 밖에 없다.] 위의 판례를 보고 의문사항이 생겨서 질문을 드립니다. 권리 대 권리간 적극적권리범위확인심판은 이용발명이 아닌한 불가능한걸로 알고 있습니다. 그런데 위의판례는 진보성 없지만 공정력때문에 무효임이 명백할지라도 권리범위를 인정하여 권리대권리간 적극적권리범위확인심판이 불가능하다고 생각했습니다. 그런데 여기서 공정력을 논할 수있는 이유는 진보성이 무효의 항변에 해당되는 사항이 아니어서 그런게 아닐까란 생각이 들더군요. 그래서 만약에 Q1)적법하게 등록된 특허권의 특허권자가 선출원 위반으로 착오등록됨이 명백한 등록된 특허권을 확인대상발명으로 적극적 권리범위확인심판을 할 수 있는가?(선출원 위반이 명백한 경우에는 권리범위 자체를 인정하지 않으므로 가능하지 않을까 생각했습니다.) Q2)""判例가 인정하는 제 항변""은 침해금지소송에서만 가능한 것인가? 아님 권리범위확인심판에서도 가능한 것인가? 이 두가지 사안이 궁금합니다. 저작자 표시컨텐츠변경비영리","1. 불가능합니다. 판례가 신규성 위반의 경우 인정하지 않고 있습니다. 2. 권리범위와 관련된 항변(무효의 항변, 자유기술의 항변)은 권리범위확인심판에서도 가능하고, 권리행사와 관련된 항변은 가능하지 않습니다. 열공하세요~", ,,17.11.13
특허법,문제,138조,[138조]통상실시권허락심판 관련 특객 812번 질문입니다.,"5번의 지문에서 乙이 甲을 상대로 통실허를 통해 통상실시권을 획득한 경우, 乙의 허락이 없더라도 甲은 통상실시권허락의 심결에 의하여 집광필름을 실시할 수 있다. (O) 라고 되어있는데 풀이에는 甲이 乙의 특허발명을 실시하기 위해서는 乙의 허락을 받거나 통상실시권허락심판의 심판을 청구하여 통상실시권을 획득하여야 한다고 나와있어 혼란스럽습니다. 제 생각에도 甲은 따로 크로스라이센스에 의한 통상실시권허락심판을 乙에게 청구하여 실시권을 획득하여야 하는게 맞는 것 같습니다. 정답은 2번이 되어야 될 것 같은데, 정오표에 기재되어있지 않아 이렇게 질문드립니다! 제 생각이 틀렸다면 어디가 틀린건지도 답변부탁드립니다~",지문의 의미를 잘 이해하지 못하고 있네요. 갑은 을이 허락해 주지 않으면 법 제138조제3항에 의한 심결에 의해 실시권을 얻을 수 있다는 것입니다. 해설도 이를 설명하고 있는 것이고요. 제목이 질문규칙에 맞지 않습니다. 수정해 주세요~, ,,17.11.13
특허법,조문,135조,[135조]권범심 확인대상발명 특정정도,a+b+c발명의 특허권자가 어떤사람이 a+b+c1+d+e를 실시하고 있는걸보고 적극권범심을 청구했는데 확인대상발명을 a+b+c1+d+e로 특정안하고 a+b+c1로 특정해도 되는이유는 [확인대상발명은 대비하여 차이를알수있을정도만 특정하면 된다]는 판례때문이잖아요 그런데 [적극권범심에서 실시하고 있는 발명으로 특정하지않으면 심결을받아도 실제 실시하고있는발명에 심결의효력이 안미쳐서 심판청구이익이 없어 심결각하한다]는 판례가 있어서 둘이 모순되는게 아닌가 헷갈립니다 그래서 생각한게 뒤에 판례는 실제 피청구인이 실시하는발명이 확인대상발명과 균등범위일때로 한정하여 생각하여 위의사례로 보면 a+b+c1으로 특정할수있어도 균등범위인 a+b+c로 특정하면 심결각하되는게 아닌가하고 이해했습니다 결론적으로 두번째 판례 제가 이해한 내용이 맞나요? 저작자 표시컨텐츠변경비영리,잘못 이해하고 있네요. <적극적 권리범위확인심판에서 실시하고 있는 발명=a+b+c1 이상으로 특정> 입니다., ,,17.11.13
특허법,문제,136조,[136조] 정정심판 질문입니다,1) 특객 788 보기5번에서 청구범위의 독립항 그대로 두고 독립항 기술적한정하고 구체화시키는 종속항을 추가하는것은 실질적으로 권리범위를 확장하거나 변경하는거여서 정정심판청구 할수없다. 2) 특객798 보기2번에서 청구범위에 기재되어있지 않은 새로운 구성요소를 부가하는것으로 외적부가인경우 형식적으로 청구항의 감축에 해당하더라도 그 구성의 추가로 특허발명이 새로운목적과 효과를 갖게 되면 실질적 변경에 해당한다. 두 지문 다 이해가 되는듯 하면서 헤깔리는게 1번에서의 종속항추가하고 기술적으로 한정시키는 것이 결국 외적부가와 마찬가지로 청구범위 감축과 비슷한거같은데 청구범위가 실질적으로 변경된다는게 조금 이해가 안됩니다. 결국 종속항으로 추가하는것도 권리범위를 감축시키는것 아닌가요?,"1. 청구항을 추가하는 것은 발명을 추가하는 것이고, 청구범위의 확장입니다. 2. 외적부가하는 것은 청구범위의 감축이나, 실질적 변경이 되면 정정이 인정되지 않습니다. 즉, 법 제136조제1항각호와 제4항은 별개의 정정요건이 됩니다.", ,,17.11.15
특허법,조문,135조,135조 권리범위확인심판 질문입니다.,"안녕하세요 임변리사님, 판례를 보던중에 이해가 잘되지 않는 부분이 있어서 이렇게 글 을 올립니다. <2007허12961판례> 선출원주의 위반 하자의 경우, 특허발명에 무효사유가 존재하는 것이 객관적으로 명백해졌고 이에 따라 특허가 무효로 될 것이 확실시 되는 때에는 그 특허권의 행사는 권리남용으로서 허용되지 않으며 따라서 특허무효심판 이외의 권리범위확인심판절차 또는 소송절차를 심리하는 특허심판원이나 법원으로서는 특허무효심결이 확정되기 전이라도 당해 사건의 적정한 결론을 도출하기 위해 특허무효사유 존부를 판단할수있다. 본디, 권리범위확인 심판에서 권리남용 항변을 할 수 없다고 이해하고 있었습니다. Q1. 하지만 이 판례를 통해 무효 사유가 명백한 경우에( = 동일성실기) 권리행사는 권리남용에 해당 할 것이고 , 이러한 경우에는 권리범위확인심판에서 동일성 실기 이유의 권리남용 항변은 가능하다. - 즉, 동일성실기의 경우 진보성위반의 경우와 다르게 권리가 부정 될것임이 명백할 것이기에 권리범위확인심판에서도 동일성 실기 이유의 권리남용항변이 가능하다라고 이해했습니다. 이렇게 이해하면 되는지 궁금합니다. Q2. 하지만 여전히 진보성위반의 경우 (무효심판에 의하지 않고 권리를 부정 할 수 없어) 권리범위확인심판에서 권리남용항변은 불가능 하다라고 이해하면 되는것인가요?? Q3.즉, 진보성 위반의 경우 권리를 부정 할 수 없고 다만 무효사유가 명백할 경우에 권리를 제한할 수 있어 침해소송에서 진보성위반의 권리남용항변을 판단 할 수있다.라고 해석하면 되는건가요??? 항상 열정적으로 강의해주셔서 감사합니다. 오늘도 여전히 좋은 하루 보내시길 기도 드립니다. ^^","1. 이 판례는 틀린 판례이고, 대법원에서 잘못되었다고 판시하였습니다. 동일성실시는 무효의 항변이고, 권리남용의 항변이 아닙니다. 권리범위확인심판에서 무효의 항변은 인정되고, 권리남용의 항변은 인정되지 않습니다. 2. 네 3. 네 대법원에서 뒤집어진 잘못된 판례를 가지고 공부를 하면 나중에 혼란이 있을 수 있으니, 주의해야 할 것 같습니다. 마지막으로, 제목이 질문규칙에 맞지 않네요. 수정해 주세요~", ,,17.11.17
특허법,조문,134조,"[134, 136조]무효심판의 정정청구 후에 정정심판의 심결이 확정된 경우","변리사님 안녕하세요ㅎㅎ 제가 오늘 여쭙고자 하는 것은, 무효심판의 정정청구 후에 정정심판의 심결이 확정된 경우입니다. 이지특허법의 내용을 밑에 사진으로 가져왔습니다. 두 번째 사진에도 나와있듯이 정정청구와 정정심판은 병존할 수 없는 것으로 알고 있었는데 이지특허를 다시 읽으니 첫 번째 사진의 경우는 둘의 병존을 전제로 하고 있어 질문드립니다!! 시간 내주셔서 감사합니다. 오늘도 좋은 하루 되세요!~~","안녕하세요~ 무효심판의 심판원단계에서 정정청구가 되었고, 특허법원, 대법원 단계에서 정정심판이 청구된 경우를 말합니다. 제목에 질문규칙에 맞지 않네요. 수정해 주세요 그리고 열공하세요~", ,,17.11.18
특허법,문제,135조,[135조] 권리범위 확인심판 2012후4162 전합 판례,"안녕하세요 객관식 595번 ㄹ.과 관련한 판례 내용에 대해 궁금증이 있어 질문드립니다. 81후56전합 판례에서는 ""특허의 일부 또는 전부가 출원 당시 공지공용의 것인 경우까지 청구범위에 기재되어 있다는 이유만으로 권리범위를 인정하여 독점적, 배타적인 실시권을 부여할 수는 없으므로 권범확심판에서도 특허무효의 심결 유무에 관계없이 그 권리범위를 부정할 수 있다고 보고 있으나""라고 판시하면서 신규성 부정의 이유로 권리범위를 부정하였고, 2012후4162전합 판례에서는 권범확심판에서는 진보성 부정의 이유로는 권리범위를 부정할 수 없다고 판시하면서 종전에 이에 배치되는 판례는 모두 변경한다고 나와 있습니다. 그렇다면 위 두 판례에 따른다면 현재 권범확 심판에서 신규성 부정의 이유로는 여전히 권리범위를 부정할 수 있고, 진보성 부정의 이유로는 이제는 권리범위를 부정할 수 없다고 이해하는게 맞는지 궁금합니다. 답변 부탁드립니다. 감사합니다.","안녕하세요? 네. 맞습니다. 기존에도 진보성 위반의 경우 권리범위를 부정할 수 없다는 것이 다수의 판례였습니다. 즉, 진보성 위반의 경우 권리행사를 제한하는 것이고, 권리범위를 부정하는 것이 아닙니다. 열공하세요~", ,,17.11.20
특허법,조문,136조,"Re:[136, 133의2, 137, 132의3] 정정청구 및 정정심판 관계에 대한 질문","임병웅 변리사님 첫번째 질문을 잘못이해하신것 같아 다시질문드립니다 정정심판청구의 경우 시기적으로 봤을 때 특허심판원에서는 청구를 할 수가없는데, 어떻게! 특허무효심판과 취소심판이 있기전에 정정심판청구를 했다고 특허심판원에 동시에 같이 계속중일 수가 있는것인지가 궁금합니다 논리적으로 이해가 안갑니다 애초에 정정심판청구는 특허법원이후부터 가능한데 특허심판원에서 무효심판, 취소심판과 함께 계속중인 것이 이해가 안갑니다","특허심판원에 계속 중일 때 정정심판을 청구할 수 없다고 잘못 이해하면서 계속 똑같은 질문을 하고 있습니다. 무효심판청구나 취소신청이 없다면 법 제136제7항에 따라 정정심판을 청구할 수 있고, 정정심판을 청구한 후에 무효심판이나 취소신청이 있으면, 둘 다 심판원에 계속 중일 수 있습니다. 다시 공부해 보세요~", ,,17.11.22
특허법,조문,136조,"[136, 133의2, 137, 132의3] 정정청구 및 정정심판 관계에 대한 질문","안녕하세요 임병웅 변리사님 정정 파트쪽을 공부하다가 이해가 안되는 부분이 있어 질문드립니다 일단 정정심판같은경우는 정정청구를 할 수 있는경우이면 정정심판청구를 하지 못하는 것으로 알고있습니다 그래서 특허무효심판, 정정의 무효심판이 특허심판원에 계속되는경우와 특허취소신청이 특허심판원에 계속중인때부터 그 결정이 확정될때까지는 정정심판청구가 불가능한데(즉 심판원에 계속되는경우는 정정심판청구 불가능) 도해특허법이나 이지특허를 봐도 특허취소신청, 특허무효심판청구 전에 정정심판이 먼저 청구가 된때에는 특허취소신청, 특허무효심판, 정정심판은 특허심판원에서 동시에 계속되게된다고 적혀있습니다 어떻게 이게 가능한것인가요? 아 그리고 추가적인 질문으로 제3자의 취소신청이나 무효심판, 정정무효심판이 없다면 특허권자는 절대로 정정을 청구할 수가 없는 것인가요?",안녕하세요? 1. 네. 가능합니다. 2. 정정심판을 그냥 청구하면 됩니다. 열공하세요~, ,,17.11.22
특허법,조문,135조,[135조] 적극적 권리범위확인심판,"2013년 기출 보기중 적극적 권리범위확인심판 청구에 있어서 특허권자가 확인심판대상으로 특정한 발명과 피심판청구인이 실시하고 있는 발명 사이에 동일성이 인정되지 아니하면, 원칙적으로 심판청구인의 적극적 권리범위확인심판은 부적법하므로 각하된다.(O) 에서 확인대상발명이 실시주장발명과 일치하지 아니한 경우 요지변경이라도 보정을 통해 이를 일치시킬 수 있다고 알고 있는데 이 경우에는 부적법각하가 아니고 보정명령을 해야하는것 아닌가요? 설명 부탁드립니다ㅠ","청구인에게 입증을 촉구(석명권 행사)하고 입증하지 못하면 심결각하 됩니다. 다만, 청구인이 일치시키는 보정을 한다면 본안심리를 진행하게 됩니다. 기본서 적극적 권리범위확인심판 파트에 그림도 있고, 설명도 충분히 있으니 참고하고요. 열공하세요~", ,,17.11.22
특허법,조문,136조,[136조] 정정심판 청구기간,"질문 다시 올렸습니다 강의자료 424페이지 질문드립니다. 1. 아래케이스에서 무효심판에 대해 취소소송이 제기된 경우 '무효심결확정'까지 정정심판청구가 가능한데요.(무제한설) 2. 위에 케이스에서 단,무효심판에 대한 심결취소소송(무제한설)이 특허법원에 계속 중인 경우에는 '변론종결 전' 까지 정정심판청구 가능 이 두 가지의 구분을 못하겠습니다. 2.는 강의에서 아래와 위 케이스가 오버랩된 경우다라고 한 것도 기억은 나는데 여전히 이해가 가지 않습니다. 어떤 차이가 있길래 정정심판청구가능 기간에서 차이가 나는 건가요?","무효심판과 취소신청이 계속중인 것이 겹치는 경우를 말합니다. 무효심판은 무제한설이고, 취소신청은 제한설이다 보니 양자간의 관계를 조정할 필요가 있고, 취소신청을 우선시하는 방향으로 조정하고 있는 것입니다. 즉, 원래는 취소신청이 계속중인 경우에는 정정심판청구가 불가능하나, 다만 예외적으로 취소신청 계속 중 무효심판이 특허법원에 계속중인 경우에는 변론종결전까지 정정심판을 청구할 수 있도록 하고 있는 것입니다. 열공하세요~", ,,17.11.23
특허법,조문,135조,[135조] 권리범위확인심판,"안녕하세요 변리사님 ""법원""은 권범심의 심결확정 효과를 법관이 판단하는 사항을 심판관이 판단하는것으로 보아 이에 구속되지않는다. 라고 교재에 언급되어있고 판례에서는 위 법원을 민사법원이라 했는데, 특허법원이나 대법원에서도 권범심의 심결확정 효과에 구속안되나요? 항상 감사드립니다.",안녕하세요? 민사판결과 관련된 부분은 구속 안됩니다. 권리범위확인심판의 심결취소소송의 경우도 그 심결의 위법성을 판단하는 것이기 때문에 구속된다고 할 수 없고요. 결국 구속되지 않습니다. 열공하세요~, ,,17.11.23
특허법,조문,136조,[136조] 정정심판 기간과 관련된 질문,"임변리사님 안녕하세요? 정정심판 기간(136조 2항) 과 관련해서 질문을 드립니다. Q1. 일단, 136조 2항 2호 무효심판, 정정 무효심판 심판원에 계속 중인 경우에는 절차의 신속을 도모하기 위해서 정정심판이 아닌 정정청구를 통하여 특허권자의 방어권 기회를 도모하고, 후에 무효심결에 대한 심결취소소송이 제기된 경우에는 무효심판은 당사자계 심판으로서 특허법원에서 심리범위를 무제한설로 취급하고 있어서 무효심판 청구인의 새로운 증거방법에 대응하기 위하여 정정심판 청구가 가능하다라고 이해하고있습니다 - 혹시 논리중에 틀린 부분이 있는가요?? Q2-1. 136조 2항 1호 부분에서 (이 부분은 잘 이해가 안됩니다 ㅠㅠ) 특허취소신청이 특허 심판원에 계속중인 경우에는 절차의 신속 도모 위해 정정심판 청구가 아닌 정정청구를 통하여 방어권을 보장한다. 그 후 특허취소심결이 인용되어 취소심결이 된 경우에는 특허청장을 피고로 취소심결 불복심판을 청구하는데 이 때에는 특허취소신청의 경우 결정계 심판으로써 특허법원에서 제한설의 입장에서 심리하기 때문에 정정심판을 허락해주지 않더라도 특허권자에게 절차권 침해의 위반 사항이 없어서 정정심판청구가 불가하다 - 요기도 혹시 논리중에 틀린 부분이 있는가요?? Q2-2. 다시 136조 2항 1호 단서 부분, 다만특허 무효심판의 심결 또는 정정의 무효심판의 심결에 대한 소가 특허법원에 계속 중인 경우에는 특허법원에서 변론이 종결 ( 변론없이 한 판결의 경우 판결의 선고일) 된 날까지 정정심판을 청구할 수있다. - 이 부분에 대한 해석은, 특허취소가 기각된경우에 취소신청인은 무효심판을 통해서 특허권을 소멸시킬려고 하는데 이때에는 무효심판의 특성상 무제한설의 입장에서 심리하기 때문에 특허법원에 계속 중인 경우에는 변론종결전까지 정정심판 청구를 가능하게 해서 특허권자에게 게 방어권을 보장한다. - 이곳도 논리가 맞는건가요?? ㅠㅠ Q3. 특허법원과 대법원에서는 정정청구가 아닌 정정심판을 이용하여 방어권을 보장 받을 수 있는데, 이는 심판의 절차 규정이 특허법원과 대법원에서 적용되지 않기 때문이다. - 이것도 맞는건가요??? 도해를 보면서 최대한 이해할려고 했습니다만, 제가 이해하고 있는 논리가 맞는것인지 확실하지 않아서 이렇게 질문 드리게 되엇습니다. 항상 감사드립니다. 좋은 하루보내시길 기도드립니다 ^^","안녕하세요 1. 맞습니다. 2-1. 맞습니다. 2-2. 틀렸습니다. 취소신청과 무효심판이 동시에 계속중인 경우를 말하는 것으로서, 원칙은 정정심판을 청구할 수 없도록 하되, 무효심판이 특허법원에 계속중인 경우에는 무제한설이기 때문에 변론종결전까지 정정심판청구를 인정하여 방어적 기회를 주고 있는 것이 법 제136조제1항단서의 의미입니다. 3. 정정청구를 못하기 때문에 정정심판을 청구할 수 있도록 하는 것입니다. 열공하세요", ,,17.11.24
특허법,문제,135조,[135조]권리범위확인심판에서 진보성판단관련 질문드립니다.,특객 595번입니다 보기'ㄹ' 과 관련하여 권리범위확인심판에서는 진보성 판단불가하다는 내용과 해설에서의 판례 내용 또한 이해는 했습니다. 다름이아니라 제가 궁금한점은 보기'ㄹ'과 같이 진보성 결여를 이유로 무효될것이 명백한 발명과 관련하여 적극적 권리범위확인심판이 청구된경우 그 청구를 각하하는것이 아니라면 어떤취지의 심결을 하는지 궁금합니다. 기각심결인가요?,"본안심결합니다. 즉, 인용심결이 내려질 수도 있고 기각심결이 내려질 수도 있습니다. 열공하세요~",변리사님 답변 감사합니다. 다름이 아니라 변리사님 말씀대로 본안심결해서 만약 인용 혹은 기각심결한다고 치면 진보성유무에 대해 판단을 한거아닌가요? 진보성 판단이 불구함에도 본안심결이 가능한하다는게 헤깔립니다. 아니면 그냥 진보성 부분만 제외하고 나머지 부분에대해 본안심결한다는 의미인가요??,"권리범위 판단과 진보성 판단, 즉 특허요건 판단은 전혀 무관한 것입니다. 진보성 여부와 상관없이 권리범위판단을 한다는 것입니다. 기본 개념이 흔들리고 있는 것 같네요. 열공하세요~",17.11.28
특허법,문제,133조,[133조] 특허무효심판 관련 특객 761페이지 문제 질문입니다.,"761페이지 문제 4번 지문 외국어 국제특허출원의 경우 국제출원일까지 제출한 발명의 설명, 청구범위 및 도면과 최종 국어번역문에 공통으로 기재된 범위를 벗어나 보정이 되었다면 이를 이유로 특허무효심판을 청구할 수 있다. 외국어 특허출원의 경우 원문과 국어번역문 중 어느 하나의 범위를 벗어난 보정을 하면 거절이유와 정보제공사유로 규정하고 있고 다만, 특허등록 후에는 원문의 범위를 벗어난 보정만 특허무효사유에 해당한다고 규정하고 있습니다. 지문에서 원문과 국어번역문에 공통으로 기재된 범위를 벗어나 보정이 되었단 말은 원문과 국어번역문 모두의 범위를 벗어나 보정을 했단 뜻이고 이는 적어도 원문의 범위를 벗어난 보정을 했다는 의미가 되어서 이를 이유로 특허무효심판을 청구할 수 있는것이 아닌지 궁금합니다.","4번 지문은 기존의 법 규정이고, 현재는 원문의 범위를 벗어난 경우 무효사유로 바뀌었습니다. 그런데, 질문하신 관점에서 살펴보면 말씀하신 것처럼 해석이 되네요. <원문과 번역문에 공통으로>를 <원문과 번역문 중 어느 하나>로 바꾸어야 될 것 같네요. 열공하세요~", ,,17.11.28
특허법,문제,134조,[134조] 존속기간연장등록무효심판 관련 특객 765페이지 문제 질문입니다.,"특객 765페이지 문제 2번 지문 연장등록무효심판은 특허권이 무효로 되어 소멸된 경우에도 청구가 가능하다. 2번 지문은 옳지 않은 지문으로 되어있고 해설에서는 연장등록무효심판의 청구는 특허권이 소급하여 소멸한 경우에는 청구하지 못한다. 라고 되어있습니다. 이지 특허법 교재 1135페이지에도 특허권의 존속기간이 연장등록된 후 언제든지 청구할 수 있음은 물론 특허권이 소멸된 후에도 청구할 수 있다. 다만, 특허권이 무효심결확정에 의하여 소멸한 경우에는 청구할 수 없다. 라고 되어있습니다. 특허권이 장래를 향해서 소멸한 경우에는 연장등록무효심판을 청구할 수 있으므로 해설에 적힌 바대로 2번 지문도 '소급하여 소멸된 경우에도 청구가 가능하다'로 바뀌어야 틀린 지문이고 '소멸된 경우에도 청구가 가능하다'의 경우 장래를 향하여 소멸한 경우 역시 포함하고 있기 때문에 맞는 지문으로 보아야 하는 것이 아닌지 궁금합니다. 또 교재에 적힌 문구도 '다만, 특허권이 무효심결확정에 의하여(후발적 무효사유 제외) 소멸한 경우에는 청구할 수 없다.' 라고 적혀야 정확한 것이 아닌지 궁금합니다.","원래의 존속기간이 만료일까지 유지되지 않고 특허무효심판에 의해 소멸한다면, 장래를 향해 소멸하든 소급하여 소멸하든 상관없이 연장등록된 존속기간은 유지되지 않습니다. 따라서, 기본서의 표현이 맞습니다. 열공하세요~", ,,17.11.28
특허법,문제,140조,[140조]심판의 청구에서 중복심판청구금지,중복심판청구인지는 심결시에 판단해야하는데 2번의 경우 후심판 심결시에 전심판이 어떻게 결론날지 모르는데 바로 위법하다고 할수는 없는거 아닌지 질문드립니다,2번은 후심판의 심결시에 판단해 보니 위법하다는 것입니다. 사실관계가 조금 더 명확하지 않은 그런 느낌은 있네요. 열공하세요~, ,,17.11.28
특허법,조문,135조,[135조] 무효사유가 명백한 발명의 권리범위심판 관련해서 질문있습니다.,"무효사유가 명백할 경우(신규성,진보성 위반등) 해당 특허발명의 적극적 권리범위확인심판을 한 경우 권리남용으로 본다고 알고 있습니다. 그러면 무효사유가 명백하게 존재할 때에도 상대방이 특허를 침해했을경우 침해금지청구를 하면 어떻게 되나요? 이러한 사안이 대법원판례 2012후4162 전원합의체 판례로 해결된 것인지 궁금합니다. 저작자 표시컨텐츠변경비영리","뭔가 크게(?) 잘못 알고 있습니다. 신규성 위반은 권리남용이 아니라 권리범위를 부정하는 것이어서 권리범위확인심판에서 판단할 수 있는 것이고, 진보성 위반이 명백한 것은 권리남용이기 때문에 권리범위확인심판에서 판단할 수 없는 것입니다. 침해소송에서는 둘 다 판단할 수 있는 것이고, 침해금지청구는 기각될 것입니다. 다시 한 번 개념 정리를 꼭 하세요~", ,,17.11.30
특허법,조문,136조,[136]정정,"안녕하세요 변리사님. 정정에 관해 공부하던 중 136조 4항은 청구범위 감축 or 잘못 기재된 것을 정정하는 경우에만 적용된다는 점을 감안한다면~ 불명확한 부분의 명료화 하는 경우에는 정정대상으로 삼지 않은 다른 부분에 대해 불명료한 부분이 있다고 하더라도~ 정정심판을 기각 할 사유가 되지 못 한다. 라는 판례가 있었습니다. 그렇다면 만약 정정대상으로 삼지 않은 다른 부분에 청구범위의 감축이 필요하다던가, 잘못 기재된 것이 명확한 부분이 있다고 한다면 이를 간과하고 한 정정심판은 기각되나요? 그리고 '특허발명에 대한 정정무효심판청구가 기각되고 난 후 해당 기각 심결의 취소를 구하는 소송이 계속 되던 중 그 특허발명에 대한 무효심결이 확정되었을 경우, 위 정정무효심판의 기각 심결에 관한 소는 부적법하다.' 라는 판례에서 만약 무효사유가 후발적 무효사유라면 위 지문은 틀린 지문이 되는 것 아닌지 궁금합니다.","안녕하세요? 1. 청구범위의 감축이 필요한지 여부는 특허권자의 임의적 선택사항이기 때문에 상관없고, 정정대상으로 삼지 않은 다른 부분에 잘못 기재된 사항이 있다면 법 제136조제5항의 요건을 충족하지 못하여 기각될 것입니다. 2. 네. 틀린 지문이 됩니다. 열공하세요~", ,,17.12.01
특허법,조문,165조,(165) 심판비용의 부담과 심판비용부담자,"심판비용의 부담 이라는 말의 의미는 심판비용을 청구인 , 피청구인 중 누가 내느냐 를 말하는것이고 심판비용은 통상실시권 허락할때 액수같은 것들을 말하는 것이 맞나요? 감사합니다",비용부담 - who 비용액 결정 - how much 라고 이해하면 됩니다. 열공하세요~, ,,17.12.04
특허법,조문,163조,(163조) +2조 29조 미완성발명과 일사부재리,"연관질문이라 같이올립니다. 미완성발명은 2조가아닌 29조1항 산업상이용가능성으로 우회하여 거절하고, 명세서 기재발명이 명확하고 충분히 기재되어있지도 않으며 미완성여부인지가 불분명한경우는 실무적으로 42조 3항에 근거하여 거절이유 통지한다고 심사 실무에 나와있고(이지 책 p.61 60번 각주) 이지 책 1084쪽 일사부재리에서는 출원전 간행물게재(29조1항)로 무효심판 기각심결 확정 후 같은 이유는 무효심판청구가 불가능하나 기재불비,미완성발명의 이유로는 무효심판을 청구할 수 있다고 합니다. 그럼 이때 1. 간행물 게재(29조 1)로 무효심결 기각 확정후 명세서 기재발명이 명확하고 충분히 기재되어있지도 않으며 미완성여부인지가 불분명한경우에 42조 3항으로 무효심판 청구 가 일사부재리원칙에 위반되지 않는것이죠? 2. 간행물 게재(29조 1)로 무효심결 기각 확정후 미완성발명(29조1항 본문)으로 무효심판 청구가 가능한가요??? 3. 간행물 게재(29조 1)로 무효심결 기각 확정후 미완성발명이 아니고 산업상 이용가능성이 없는(예를들면 인단대상 수술 방법이라든가 그런경우요) 경우에 29조 1항 본문위반으로 무효심판 청구가 가능한가요? 29조 1항 신규성과 29조 2항 진보성은 아예 조문의 항이 달라서 다른사실이라는게 쉽게 이해 가는데 29조 1항본문과 1항각호의 사항은 헷갈리네요 ㅠ 감사합니다",1. 네 2. 네 3. 네 법 제29조제1항본문과 제29조제1항각호도 다른 사실입니다. 열공하세요~, ,,17.12.04
특허법,조문,135조,[135] 권리대 권리간 권범심 인정여부,"안녕하세요? 권리대 권리간 적극적 권범심 인정여부 관련해서 질문이 있습니다. 이용관계에서는 인용심결인 경우 적극적 권범심이 타방의 권리를 부정하지 않아 인정된다고 하는데, 인용심결의 심결주문은 ""~발명은 특허발명의 권리범위에 속한다"" 라고 표현되어 역시 이용발명에 대해 권리범위를 부정하는것이 아닌가요?","안녕하세요? 권리를 부정한다는 개념을 모르고 있습니다. 권리를 부정한다는 것은 권리의 유효성을 부정하는 것이고, 이는 무효심판의 전권사항입니다. 열공하세요~",답변 감사드립니다! 추가 질문입니다 1.권리범위에 속한다는 심결은 권리의유효성을부정하는것이 아니기 때문에 허용된다는 것으로 이해하면 될까요? 2. 그렇다면 이용발명이 아닌 경우에는 인용심결이 왜 타방의 권리를 부정하는것이 되어 허용되지 않는 건가요?,"1. 네 2. 저촉관계이므로 권리범위에 속한다고 한다면 어느 일방이 착오로 등록되었음을 전제로 하고, 이는 권리를 부정하기 때문입니다.",17.12.05
특허법,조문,136조,[136조] 정정심판에서 시기적 요건과 관련된 질문,"안녕하세요 136조 2항 1호-특허취소신청이 특허심판원에 계속 중인 때부터 그 결정이 확정될 때까지의 기간. 다만, 특허무효심판의 심결 또는 정정의 무효심판의 심결에 대한 소가 특허법원에 계속 중인 경우에는 특허법원에서 변론의 종결(변론 없이 한 판결의 경우에는 판결의 선고를 말한다)된 날까지 정정심판을 청구할 수 있다. 136조 2항 1호의 다만 이하의 단서부분의 정확한 의미에 대해서 질문드립니다. 특허취소신청 진행중 특허무효심판 또는 정정무효심판도 청구되었는데 특허취소신청에대한 결정이 확정되지 않았더라도 특허무효심판 또는 정정무효심판이 특허심판원에 계속중이라면 특허법원 변론종결까지 정정심판청구를 할 수 있다는 뜻이 맞는지 질문드립니다. 그리고 특허법원의 변론 종결일은 무효심판이나 정정무효심판에대한 변론종결일을 의미하는것이 맞는지 질문드립니다. 감사합니다 저작자 표시컨텐츠변경비영리","안녕하세요? 무효심판이 특허심판원에 계속중이 아니라 취소신청이 (심판원, 특허법원, 대법원) 계속 중 무효심판이 특허법원에 계속중인 경우에는 무효심판의 변론종결전까지 정정심판을 청구할 수 있다. 가 맞는 표현입니다. 열공하세요~", ,,17.12.06
특허법,조문,136조,[136] 정정심판의 시기적 요건,[136] 정정심판의 시기적 요건 안녕하세요? 정정심판 시기적 요건 관련하여 질문드립니다! 136조 2항 1호 단서에서 정정심판을 청구할 수 있는 시기가 특허법원으로 한정되는 이유가 궁금합니다! 같은 항 2호의 경우에는 법원에서의 심리범위가 무제한 설 이므로 법원과 대법원에서도 정정심판 청구가 가능한 것과 차이점이 무엇인지요?,"안녕하세요? 동일한 질문이 밑에 여러 개 있습니다. 확인해 보시고, 추가 궁금한 사항이 있으면 질문해 주세요~", ,,17.12.06
특허법,조문,135조,(135) 확인대상발명이 구체적으로 특정되지 않았을때 각하,"안녕하세요. 특허권의 권리범위확인심판을 청구할 때 심판청구의 대상이 되는 확인대상발명은 당해 특허발명과 서로 대비할 수 있을 만큼 구체적으로 특정되어야 할 뿐만 아니라, 그에 앞서 사회통념상 특허발명의 권리범위에 속하는지를 확인하는 대상으로서 다른 것과 구별될 수 있는 정도로 구체적으로 특정되어야 한다. 만약 확인대상발명의 일부 구성이 불명확하여 다른 것과 구별될 수 있는 정도로 구체적으로 특정되어 있지 않다면, 특허심판원은 요지변경이 되지 아니하는 범위 내에서 확인대상발명의 설명서 및 도면에 대한 보정을 명하는 등 조치를 취해야 하며, 그럼에도 그와 같은 특정에 미흡함이 있다면 심판의 심결이 확정되더라도 일사부재리의 효력이 미치는 범위가 명확하다고 할 수 없으므로, 나머지 구성만으로 확인대상발명이 특허발명의 권리범위에 속하는지를 판단할 수 있는 경우라 하더라도 심판청구를 각하하여야 한다 (출처 : 대법원 2011. 9. 8. 선고 2010후3356 판결 [권리범위확인(특)] > 종합법률정보 판례) 이 판례에서 심판청구의 각하는 심결 각하를 뜻하는게 맞는 것인가요? 이지 책 p,1148에도 같은 판례 문구가 실려 있는데 심판장은 ~(중략)~ 구체적으로 특정되어있지 아니하면 보정을 명하는 등 조취를 취하여야 할 것이고, 특정에 미흡이 있다면 심판청구를 각하하여야 한다. 라고 나와있는데 각하하는 주체가 심판장인지 심판관합의체인지 헷갈려서 질문 드립니다. 감사합니다.",심결각하가 맞습니다. 열공하세요~, ,,17.12.07
특허법,조문,133조의2,"[133조의2] 특허무효심판에서의 정정청구기간, [137조] 정정무효심판에서의 정정청구기간","133조의2 특허무효심판에서의 정정청구기간 137조 정정무효심판에서의 정정청구기간 이 두 경우에만 공통적으로 ""이 경우 심판장이 제147조제1항에 따라 지정된 기간 후에도 청구인[특허권자]이 증거를 제출하거나 새로운 무효사유를 주장함으로 인하여 정정청구를 허용할 필요가 있다고 인정하는 경우에는 기간을 정하여 정정청구를 하게 할 수 있다."" 라면서 추가적으로 정정청구 기회를 주고 있는데요. 청구인[특허권자]이 증거를 제출한다는 것은, 무효심판청구인[이해관계인,심사관]이 자유롭게 청구이유를 보정할 수 있음(140②에 의해 요지변경 아님)에 대응하여 특허권자도 증거를 제출하면서 정정청구하는 것이라고 책에 써있는데요. 예를 들어 무효심판청구인이 또다른 새 인용발명을 들이밀어서 진보성 위반의 청구이유를 변경하면 특허권자는 어떤 증거를 제출하는 것이길래 대응하는 모습이 되는 것인가요? ""그 인용발명은 공지된 것이 아니다""...이런 증거를 말하는 것일까요? [질문1] 그리고 올해 개정되면서 들어온 내용인데요... 청구인[특허권자]이 새로운 무효사유를 주장한다는 것은 무효심판청구인은 모르지만 특허권자 스스로 조바심에 자기 특허권에 무효사유가 있으니 정정청구를 할수 있게 해달라는 것인가요? 아니면 심판관이 직권심리로 새로운 무효사유 발견하여 주장하는 경우인가요? [질문2] 저작자 표시컨텐츠변경비영리","법 제133조제1항후문이 전문을 수식하고 있고, 여기서 청구인은 무효심판의 청구인을 말하는 것입니다. 열공하세요~", ,,17.12.10
특허법,조문,136조2항,[136조 2항 1호 단서] 취소신청절차가 진행중에 정정심판청구가 예외적으로 허용되는 케이스,"보통 취소신청은 등록공고일~6월까지 신청하여 초반에 부실특허를 잡아내려고 하는 것이고, 신속히 마무리를 지으려고 조문 곳곳에 긴시간 거릴 절차들을 제한하고 있는데요. 특허권자의 방어권을 보장하기 위해 취소신청절차내에서도 정정청구를 허용하고 있습니다. 그래서 이 단계에서는 정정심판청구를 불허하고 있고요. 그런데, 이 취소신청절차가 특허법원으로 넘어간 경우, 특허청장은 제한설을 따르므로 특허권자는 정정심판청구를 허용할 필요가 없는데, 하나의 예외가 별도의 특허무효심판,정정무효심판이 특허법원에 넘어온경우 무효심판청구인은 무제한설이므로 특허권자의 방어권보장차원에 정정심판을 또 별도로 청구할 수 있다고 하는데요. 이러한 케이스를 곰곰이 생각해보면 취소신청절차가 특허법원까지 넘어온 뒤, 사실상 우연한 사정(별도로 이해관계인 or 심사관이 무효심판을 청구하여, 그것이 특허법원에 넘어간 경우)에 의해 취소신청절차의 특허법원절차에서 불가능했던 정정심판청구를 이제는 가능하게 된다는 건가요? 즉, 간단히 말해 신속성이 중요한 취소신청절차에서, 우연한 사정이 생기는 경우, 어쩔수 없이(방어권보장차원) 긴 시간이 거릴 정정심판청구를 허용하는 것이라고 이해하면 되나요? 저작자 표시컨텐츠변경비영리","네. 특허권자의 방어권 행사도 생각해 봐야 합니다. 무효심판에 대한 심결취소소송에서 이해관계인의 새로운 주장이 허용되는데, 우연히 취소신청이 계속중이라는 이유로 정정심판을 청구할 수 없다면 방어권을 심각히 제한하게 됩니다. 열공하세요~", ,,17.12.10
특허법,조문,140조,[140조] 심판청구서의 보정 중 요지변경에 해당하는 사례 관련 질문,"안녕하세요 변리사님 심판청구서의 보정 중 요지변경에 해당하는 사례 관련 질문이 있습니다. 이지특허법 p.1056 3.요지변경으로 보는 구체적인 사례 (2)사건의 표시 및 청구취지의 보정 2) 또한, 특허무효심판의 대상 중 청구항을 변경시키는 보정 역시 요지변경이다. 특허무효심판은 청구항을 달리 하면 청구취지를 달리하기 때문이다. 다만, 여러 청구항의 무효를 구하다가 그 중 일부항의 무효만을 구하는 것은 청구취지의 감축이다. 1. 위 볼드체 문장의 각주를 보니, 이 경우 피청구인이 답변서를 제출한 경우라면 동의를 얻어야 한다. 고 되어 있습니다. 일부 청구항에 대한 취하로 처리한다는 뜻인지요? 2. 위 볼드체의 경우 요지변경에 해당하는 것이 맞는지요? 140조 요지변경의 예외에 별도로 규정되어 있지 않는 것을 고려했을 때 요지변경에 해당하는 것으로 이해하였는데 다만 이라는 접속사로 연결되어 있어서 요지변경이 아닌 것인지 헷깔려서 질문 드립니다. 감사합니다.",안녕하세요? 1. 네 2. 요지변경이 아니라는 것입니다. 열공하세요~, ,,17.12.12
특허법,조문,163조,[163조] 전부무효와 일부무효간 일사부재리,안녕하세요 임병웅 변리사님 일사부재리를 공부하다가 질문이 있어서 글을 남깁니다 객관식 문제집에서는 무효심판의 무효심결이 확정된 경우에 특허권 소멸로 심판대상 부존재로 심결각하 된다고 봤는데요 교과서에서는 일부청구항에 대한 무효심판과 전체 청구항에 대한 무효심판 사이에 일사부재리가 적용된다고 나와있었습니다 질문은 그렇다면 교과서의 저 문구는 일부무효심결확정 후 전부무효심판 청구시만 적용되는게 아닌가요? 바쁘실텐데 긴 질문 읽어주셔서 감사합니다.,"안녕하세요? 전부무효심결이 확정된 경우 일부무효심판은 전체 심결각하, 일부무효심결이 확정된 경우 전부무효심판은 무효심결이 확정된 청구항만 심결각하 됩니다. 열공하세요~", ,,17.12.12
특허법,조문,159조,[159조] 심판의 이유,"안녕하세요 변리사님. 심판의 이유가 다른 경우에 대해 질문이 있습니다. 1. 인용발명은 동일 but 무효사유가 다른 경우 2, 무효사유는 동일 but 인용발명이 다른 경우. 위 1,2모두 심판의 이유가 다른 경우가 맞나요? 저작자 표시컨텐츠변경비영리",안녕하세요? 네. 맞습니다. 열공하세요, ,,17.12.15
특허법,문제,148조,[148조] 심판관의 제척/기피 요인,"객관식 문제집 686p 2번 지문 해설 : 기피원인이 (제척원인)보다 포괄적이다. 따라서 법정된 제척사유 이외의 것이 기피원인이 될 수 있다. 여기서 기피원인이 보다 포괄적이라는 말의 뜻을, 기피원인이 제척원인을 그대로 포함하고 있다고 이해했습니다. 객관식 690p 문제 : 다음 중 심판관의 기피원인이라고 할 수 없는 것은? 2번 지문 (정답) : 사건에 대하여 감정인이었던 경우 2번 지문 해설 : 심판관의 제척원인이다. 이라고 나와있는데요, 제척원인보다 기피원인이 포괄적이라면 모든 제척원인은 기피원인이어야하는 것 아닌가요?","기피원인이 포괄적이라는 것은 맞는데, 제척원인과 기피원인은 구분되어야 합니다. 제척원인에 해당하면 법률상 당연히 배척되지만, 기피원인에 해당한다고 하여 당연히 배척되지 않고, 신청과 결정에 의해 배제된다는 점에서 차이가 있기 때문입니다. 열공하세요~","답변 감사드립니다. 아직 이해가 잘 안되는 부분이 있어서 하나만 더 여쭤볼게요ㅠㅠ 변리사님 답변에 따르면 같은 이유가 제척원인도 될 수 있고 기피원인도 될 수 있다는건데, 그럼 둘을 어떻게 구분해야 할까요?","제척원인은 제한열거적이고, 기피원인은 그렇지 않습니다. 심판의 공정을 기대하기 어려운 사정 이외에, 제한열거적인 제척원인 이외의 것을 기피원인이라고 보면 됩니다. 따라서, 같은 이유가 제척원인이 될 수도 있고 기피원인이 될 수도 있다는 것은 틀린 명제입니다.",17.12.17
특허법,조문,133의2,"[133의2③, 137④] 무효심판중 or 정정무효심판중 or 취소신청절차중 정정청구시 부본송달 여부",무효심판中 정정청구를 하면 심판장이 정정청구서 부본을 무효심판청구인에게 송달해주고(133의2③) 정정무효심판中 정정청구의 경우에는 정정무효심판청구인에게 정정청구서 부본을 송달해주는데요(137④ 준용 133의2③) 특허취소신청절차 중 특허권자가 정정청구를 하면 특허취소신청인에게 정정청구에 관한 사실 (ex 정정청구서 부본)을 통지해준다는 규정이 없는 것 같은데요. 취소신청절차는 결정계라서 취소신청인에게 특허권자의 정정청구서 부본을 송달해주지 않는건가요? 아니면 제가 못찾고 있는걸까요;;,통지해 주지 않습니다. 일단 취소이유가 있어 의견제출기회를 부여한 후부터는 특허청과 특허권자 사이의 절차로 전환됩니다. 열공하세요~, ,,17.12.18
특허법,문제,135조,[135] 권리범위확인심판 독립항과 종속항의 확인대상발명특정,"안녕하세요 임병웅 변리사님! 특객에 있는 기출을 풀다가 혼란스러운게 있어서 질문드립니다!! 12년도 기출 2번문항에 [확인대상발명의 설명서에 특허발명의 구성요소와 대응하는 구체적인 구성이 일부 기재되어 있지 않거나 불명확한 부분이 있다면, 나머지 구성만으로 확인대상발명이 특허발명의 권리범위에 속하는지 여부를 판단할 수 있더라도 확인대상발명은 특정되어 있다고 볼 수 없다. ] 라고 되어있고 저는 독립항과 독립항의 관계(2010후3356)만 고려해서 맞다고 생각했더니 해설에 종속항과 독립항의 관계(2010후296)일때까지 모두 고려해야한다고 나와있더라구요! 그리고 16년도 기출을 보니 2번문항에 [확인대상발명의 특정에 미흡함이 있다면 심판의 심결이 확정되더라도 일사부재리의 효력이 미치는 범위가 명확하다고 할 수 없으므로 나머지 구성만으로 확인대상 발명이 특허발명의 권리범위에 속하는지 여부를 판단할 수 있는 경우라 하더라도 심판청구를 각하하여야 한다.] 라고 되어있어서 이번에는 독립항과 독립항, 독립항과 종속항의 관계까지 모두 고려해서 옳지 않다고 생각했더니 해설에는 독립항과 독립항의 관계일때의 판례번호가 써있더라구요 ㅠㅠ 두 기출문항의 차이점과 사실관계가 다른 두개의 판례를 저 문항만으로 어떻게 구분할수 있는지 알수 있을까요? 답변 미리감사드립니다 ㅎㅎ","안녕하세요? 사실관계가 나와 있지 않은 상태에서 판례의 요지만 가지고 구분할 수 없습니다. 따라서, 상대적으로 문제풀이를 하는 수밖에 없습니다. 열공하세요~", ,,17.12.19
특허법,문제,135조,"[135,6,7] 객관식문제집 질문드립니다.","안녕하세요 임병웅 변리사님! 특허객관식 문제집을 풀다가 궁금한게 생겨 질문드립니다. 1. 특허객관식 779번 3번 보기에서 요지변경이 되지 아니하는 범위 내에서 확인대상발명의 설명서 및 도면에 대한 보정을 명하는 드으이 조치를 취해야 한다고 되어있는데, 책 1055p (3)에서 확인대상발명의 설명서 또는 도면에 대하여 보정하는 것은 요지변경이 되더라도 허용한다고 나와있다고 되어있어서 질문드립니다. 즉, 만약 779번 보기 3번에서 요지변경이 되지 않는 범위는 물론이고, 요지변경이 아니어도 허용되는게 맞나요?? 2. 특허객관식 802번 ㄱ보기 질문입니다. 특허무효심판에서 무효심결 확정된 경우 소급 사라지므로 일사부재리 원칙이 적용될 여지가 없다고 하는데, 이 보기가 후발적 무효인 경우에도 똑같이 적용되는게 맞는건가요? 또한, 어쨋든 일사부재리가 무효심판에서 적용이 되는데, 그렇다면 특허무효심판에서 일사부재리가 적용되는 경우는, 기각됐을때에만 적용되는건가요?(인용됐을땐 사라지므로) 3. 특허객관식 806번 4번보기 질문입니다. 짧은데도 꼼꼼히 못봐서 그런지 4번 보기가 왜 틀렸는지 잘 모르겠습니다.(답은3번) 해설을 봐도 마찬가지구요. 정정무효심판에서 기각심결이 확정되면 일사부재리로 해설에서와 같이 동일사실, 증거에 의해 동일 사실 및 동일증거에 의해 동일 무효심판을 청구할 수 없는게 맞지 않나요? 질문이 길어 죄송합니다. 추운 날씨 몸 건강하시기 바랍니다. 감사합니다.","1. 법 제140조제2항제3호는 적극적 심판에서 확인대상발명을 실시주장발명과 일치시키는 보정만 요지변경이라도 허용된다는 것인데, 항상 허용되는 것으로 착각하고 있네요. 2. 네 3. 4번 지문을 올려 주세요. 질문 규칙에 맞지 않습니다. 열공하세요~", ,,17.12.20
특허법,문제,163조,[163] 질문 다시 올리겠습니다!,"안녕하세요 임병웅 변리사님 객관식 문제풀이 중 헷갈리는 부분이 생겨 질문드립니다. 3. 특허객관식 806번 4번보기 질문입니다. 4번 보기: 정정무효심판에서 기각심결이 확정되면 누구든지 동일사실 또는 동일증거에 의해 동일한 무효심판을 청구할 수 없다. 4번 해설: 기각심결이 확정된 경우에 정정은 유지된다. 이 경우 누구든지 동일 사실 및 동일증거에 의해 동일한 무효심판을 청구할 수 없으며 동일한 무효심판을 청구한 경우 심결각하된다. 짧은데도 꼼꼼히 못봐서 그런지 4번 보기가 왜 틀렸는지 잘 모르겠습니다.(답은3번) 해설을 봐도 마찬가지구요. 정정무효심판에서 기각심결이 확정되면 일사부재리로 해설에서와 같이 동일사실, 증거에 의해 동일 사실 및 동일증거에 의해 동일 무효심판을 청구할 수 없는게 맞지 않나요? 답변해주시면 감사드리겠습니다! 저작자 표시컨텐츠변경비영리","안녕하세요? 법조문 공부가 제대로 되어 있지 않은 것 같습니다. 동일사실 <또는> 동일증거가 아니라 동일사실 <및> 동일증거입니다. 제목도 제163조이어야 하는데, 법조문을 잘못 기재했네요. 수정해 주세요. 마지막으로 동일한 질문이 아래 있으니 먼저 검색해 보면 좋을 것 같네요", ,,17.12.21
특허법,조문,136조,[136②(1)]136조2항1호 단서관련 질문,"안녕하세요. 136조2항1호 단서관련 질문입니다. 먼저 136조2항1호 단서는 아래 사진과 같습니다. 질문 1. 136조2항1호 단서는 136조2항1호 본문보다는 136조2항2호의 내용과 좀 더 관련된 내용이므로 136조2항2호의 단서로 위치시키는 것이 좀 더 자연스러울 것 같은데 왜 136조2항1호 단서로 제정되었는지 궁금합니다. 질문 2. 특허취소신청, 특허무효심판, 정정의 무효심판이 대법원에 계속 중인 때에도 정정심판 청구가 가능한 것으로 알고 있는데, 이는 136조2항의 반대해석상 도출되는 내용인가요? 이상입니다. 바쁘시겠지만 답변 부탁드릴게요. 고맙습니다.",안녕하세요? 1. 취소신청과 무효심판의 동시에 계속중일 경우이므로 제1호단서/제2호단서 어디에 위치해도 상관없을 것 같습니다. 2. 잘못 알고 있습니다. 취소신청과 무효심판의 동시에 계속 중일 때에는 제1호단서의 기간내에만 정정심판을 청구할 수 있습니다. 열공하세요~, ,,17.12.22
특허법,조문,165조3항,[165조 3항] 심판비용액의 결정,심판비용액은 심결 또는 결정이 확정된 후 당사자의 청구에 따라 특허심판원장이 결정한다. 라고 되어있는데 당사자의 청구가 없으면 심판장이 누가 부담하는지와 액수까지 다 결정하는 것인가요?,"당사자가 비용을 필요로 하지 않는다고 하는데, 굳이 결정해 줄 필요가 없겠죠~", ,,17.12.23
특허법,조문,165조,(165조) 심판비용,"임변리사님 안녕하세요, 위 각주23)의 내용에 의문이 가는 점이 있어 질문드리려 합니다. 각주23)은 청구인(비권리자)가 승소한 경우를 예로 들고 있는데, 저는 소극적 권리범위확인심판에서 확인대상발명에 대해 다투지 않기로 한 경우라면, 아래의 각주35)에서와 같이 권리범위확인심판에서의 이해관계가 사라졌다고 보아서 심결각하를 받는 것이 아닌지가 긍금합니다.","안녕하세요? 이지특허법 이해관계인 파트에 기술된 내용을 그대로 적습니다. 확인대상발명이 특허권의 권리범위에 속하지 않는다는 점에 관하여는 아무런 다툼이 없는 경우라면, 그러한 확인대상발명을 심판대상으로 하는 소극적 권리범위확인심판은 심판청구의 이익이 없어 허용되지 않는다. 다만, 이와 같이 다투지 않는 것이 명백한 경우를 제외하고는 본안심리를 하게 된다. 예를 들어 ⅰ) 과거 다툰 사실이 있으나 다투지 않는다는 의사표시를 한 경우, ⅱ) 피청구인(권리자)로부터 대응이 없는 경우(다투지 않는다는 의사를 확인할 수 없으면, 심판에서는 자백 간주가 적용되지 않음)에는 본안심리를 하게 된다.", ,,17.12.23
특허법,문제,170조,[170] 거절결정불복심판에서의 보정,"임변리사님 안녕하세요, 거불심 공부 중 궁금한 점이 있어 질문드립니다. 1. 170조에서는 47조본문을 준용하고 있지는 않은데요, 그럼 출원인은 거절결정받은 후에 거불심 청구할때까지는 보정하지 못하고, 본안심리에서 최초거절이유를 받은 후에 처음으로 보정할 수 있게 되는 것인가요? 2. 다음은 1번 지문은 틀린 지문인데, 이 지문에서 말하는 보정각하결정이란 게 거불심단계에서 심판관이 한 보정각하결정을 말하는 게 맞나요? 저는 처음에 '심사단계에서의 보정각하결정'을 말하는 것인가 생각했었습니다..","안녕하세요? 1. 심판단계에서는 최초부터 통지되는 것이 아니라, 최후부터 통지될 수도 있습니다. 이 때 의견서 제출기간내에만 보정할 수 있습니다. 2. 보정각하가 틀린 것이 아니라 거절결정이 틀린 것입니다. 심판에서는 법 제170조제1항에서 제62조를 준용하지 않기 때문에 거절결정을 할 수 없습니다.", ,,17.12.23
특허법,문제,133조,[133]무효심결 확정과 관련하여,안녕하세요 임변리사님. 객관식문제집 등에서 무효심판에서 무효심결이 확정되어 특허권이 소멸하면 처음부터 없던것으로 본다 이 지문이 의심의 여지없이 맞는 지문이라고 나와있어 해설도 안 써있는 경우가 많은데 후발적 무효사유로 심결확정되어 소멸한경우도 저 표현을 쓸 수 있나요? 감사합니다,안녕하세요? 후발적 사유는 당연히 틀린 지문입니다. 객관식은 상대적으로 문제에 접근해야 합니다. 즐거운 크리스마스되세요~, ,,17.12.24
특허법,조문,141조,[ 141 ] 심판청구서 등의 각하,안녕하세요? 법조문 읽다 해석이 잘 안되어 질문드립니다. 141조 2항을 보면 ' 심판장은 제1항에 따른 보정명령을 받은 자가 지정된 기간에 보정을 하지 아니하거나 보정한 사항이 제140조제2항 또는 제 140조의2제2항을 위반한 경우에는 심판청구서 또는 해당 절차와 관련된 청구나 신청 등을 결정으로 각하하여야 한다.' 라고 적혀있습니다. 그렇다면 예를 들어 심판장이 140조3항에 따라 보정명령을 하면 140조제2항에 요지변경 예외에 적혀있지 않아 140조제2항 위반이 되어 140조 3항에 따라 설명서와 도면을 첨부하면 요지변경으로 보고 보정각하가 되는건가요? 아니면 심판장이 보정명령한 부분에 대해서 보정을 한다면 요지변경으로 보지 않는건가요? 행복한 크리스마스 보내세요~~~,안녕하세요? 심판청구서의 보정은 요지변경일 수도 있고 아닐 수도 있습니다. 이는 심판절차의 지연을 초래하거나 피청구인의 방어권 행사를 곤란하게 할 염려가 있는지 여부에 따라 판단을 해야 합니다. 기본서를 한 번 정독해 보세요~,기본서 다시 한 번 읽어도 잘 이해가 되지 않아 다시 질문드려요... 140조2항과 140의2 2항을 보면 요지변경이 아닌 경우를 나열하고 있습니다. 만약 140조 3항을 사유로 보정명령을 하였다면 설명서와 필요한 도면을 첨부해야 할텐데 이것이 나열한 경우에 포함이 안되어 요지변경이 되는지 궁금합니다~~ 140조2항 또는 140의2 2항에 나열된 경우 이외에도 요지변경이 아닌경우가 있는건가요?,"전혀 잘못 이해하고 있습니다. 기본서를 보면 원칙은 요지변경이 아니면 허용되나, 예외적으로 법 제140조제2항, 제140조의2제2항은 요지변경이라도 항상 허용이 된다고 기술되어 있습니다. 즉, 법 제140조제2항, 제140조의2제2항은 항상 허용되는 경우이고, 그 이외에는 요지변경이 아닌 경우에 허용됩니다. 문의한 내용도 일률적으로 한꺼번에 얘기할 수 없습니다. 법 제140조제3항 위반이 허용될지 안될지는 요지변경여부에 따라 달라지기 때문입니다. 다만, 꼭 알고싶은 내용이 첨부하지 않았다가 첨부하는 보정이 허용되느냐는 것이라면 요지변경이기 때문에 허용되지 않습니다.",17.12.25
특허법,문제,140조,[140] 요지변경 질문드립니다.,"안녕하세요. 변리사님 지난 2회 한빛모의고사에서 요지변경에 관한 보기에 의문이 들어 질문드립니다. 7번) 심판에 대한 설명 중 옳지 않은 것은? 에 대한 1번 보기였는데요. 1. 청구취지에 대한 보정은 요지변경으로 인정되지 않으나, 청구이유의 보정은 요지변경의 대상이 되지 않는다. 이는 실용신안법상 심판에서도 마찬가지이다. 라고 하여 맞는 보기였습니다. 취지에 대한 보정은 요지변경으로 알고 있었고 이지특허법의 본문의 표현을 빌려보아도 '<청구의 취지>란 심판청구인이 어떠한 심결을 구하는 가를 특정하여 요구하는 것을 말한다 하였고 이를 변경하게 되면 청구자체를 변경하는 것이 되어 이는 허용될 수 없다. 예를 들어 정정무효심판의 청구를 특허무효심판의 청구로 하는 보정은 요지변경이다.'라고 합니다. 저 보기를 어떤 의미에서 파악해야 하는지 궁금합니다. 감사합니다. 저작자 표시컨텐츠변경비영리","안녕하세요? 청구취지가 대한 보정은 요지변경이 되지 아니한 범위내에서 인정되는 것이고, 무조건 요지변경이 아닙니다. 1번은 틀린 지문이네요. 기본서를 다시 정독해 보세요~", ,,17.12.26
특허법,조문,132의17,"[ 132의17 ] 거절결정불복심판 객관식 716, 753","안녕하세요? 객관식문제 풀다 두 보기가 서로 다른 말을 하고 있어 질문드립니다. 두가지 질문드릴게요~ 1.객관식716 보기1번 보정각하결정이 있었던 경우에는 거절결정불복심판을 담당하는 심판관은 심사단계와 다른 새로운 거절이유를 발견하면 의견서 제출기회를 주어야 한다. (올바르게 제가 고쳤습니다.) 질문: 이 지문에서 '보정각하결정이 있었던 경우'로 한정하고 있는데 이 한정하는 말을 빼고 '어느경우든'을 넣어도 맞는 문장이 되는건가요? 2.객관식 753번 보기 4번 특허거절결정의 이유 중에 심사관이 통지하지 않는 거절이유가 일부 포함되어 있다 하더라도, 특허거절결정에 대한 심판청구를 기각하는 심결이유가 심사관이 통지하지 아니한 거절이유를 들어 특허거절결정을 유지하는 것이 아니라면, 그와 같은 사유만으로 심결이 위법하다고는 할 수 없다. 질문: 심사관이 통지하지 않는 거절이유가 포함되어있으면 새로운 거절이유이고 원래는 이 경우에 의견서 제출기회를 주어야 하는데 바로 기각심결을 했다고 해도 심결이 위법하지는 않다. 이렇게 이해하면 되는건가요? 좋은 하루 보내세요~~","안녕하세요. 1. 법 제170조제2항 한 번 읽어 보세요. 다만, 원거절이유가 해소됨을 전제로 합니다. 2. 원거절이유가 해소되지 않았기 때문에 새로운 거절이유가 있는지 여부는 상관없다는 것이 판례의 요지입니다. 열공하세요~", ,,17.12.26
특허법,조문,164조,164조 (소송과의 관계)에서 심사-심판-소송 사이의 중지에 대한 질문입니다.,"164조 (1항)심판에 필요한 경우 다른심판이나 소송이 끝날때까지 심판장의 직권 또는 당사자의 신청으로 심판절차를 중지할 수 있고 (2항)소송에 필요한 경우 심판이 끝날때까지 법원의 직권 또는 당사자의 신청으로 소송절차를 중지할 수 있다. 78조 (1항)심사에 필요한 경우 심판이나 소송이 끝날때까지 심사절차를 중지할 수 있고 (2항)소송에 필요한 경우 심사가 끝날때(특허여부결정)까지 법원은 소송절차를 중지할 수 있다 고 합니다 심판,소송에 의해 심사 중지, 소송에 의해 심판 중지, 심사, 심판에의해 소송의 중지 이렇게는 조문으로 규정되어 있는데 심사에 의해 심판이 중지되는 경우는 규정되어있지 않습니다. 변리사님 강의시간 때 심사에 의해 심판이 중지되는 경우가 있었던 것 같은데, 조문과 관계없이 강의노트 38페이지 그림처럼 심사에 의해 심판이 중지되는 경우도 있는 것으로 알고 있어도 괜찮을까요?","네. 이를 배척할 이유가 없습니다. 다만, 법조문에 명시하는 것이 좋을 것 같은데 약간 아쉬운 부분이네요. 열공하세요~", ,,17.12.27
특허법,조문,132조의17,[132조의17] 거절결정 확정일,"안녕하세요 임병웅 변리사님 :) 거절결정확정일에 대해서 출원인이 거절결정 등본을 송달 '받은 후' 거불심 또는 재심사 청구가 없이 30일이 지나야 거절결정이 확정될 것 같다고 생각을 하는데요, 출원인이 송달 '받은' 날에 대한 명시가 없이, 그냥 '송달된' 날짜만 주고서 거절결정확정일을 계산하라는 지문들이 있어서 거절결정의 확정은 언제 되는 것인가에 대한 질문을 드립니다. 그리고 만약 거절결정확정일이 심사관이 거절결정등본을 송달한 날부터 부터 30일이라면(출원인이 아무런 불복 조치를 취하지 않았다는 가정하에), 출원인은 거절결정등본을 송달 '받은' 날 부터 30일 이내에 거절결정불복심판을 청구할 수 있다는 132조의17의 조문 내용을 어떻게 받아 들여야 하는지도 질문드립니다. 출원인이 송달된 등본을 송달일보다 몇 일 더 늦게 받을 수도 있는 거니까요 변리사님의 강의 자료에도 그냥 송달된 날 만으로 거절결정확정일을 계산하는 부분이 있어서 첨부합니다.","안녕하세요? 단어의 의미를 모르고 있습니다. 송달은 한자로, 送(보낼송), 達(도달할 달) 입니다. 즉, 보내서 도달한다는 의므로 특별한 언급이 없으면 도달한 날을 기준으로 합니다. 열공하세요~", ,,18.01.02
특허법,문제,133조,[133] 객관식 762번 질문입니다.,안녕하세요. 특허 객관식 762번 보기2) 이해관계가 없는 제3자가 을의 특허등록에 대하여 특허법 제33조제1항 본문 위반을 원인으로 한 무효심판을 청구할 수 있는 경우는 없다. 해설) 특허법 제33조제1항 본문 위반을 원인으로 한 무효심판청구는 이해관계인 중 특허를 받을 수 있는 권리를 가진 자 또는 심사관이 할 수 있다. 사안에서는 갑이 아닌 제3자가 무효심판을 청구할 수 없다. 조문 상으로는 “이해관계인(제2호 본문의 경우에는 특허를 받을 수 있는 권리를 가진 자만 해당한다) 또는 심사관”으로 구분하여 표현해서 심사관은 이해관계인이 아닌 이해관계가 없는 제3자로 볼 수도 있을 것 같은데 지문과 해설 상으론 “이해관계 없는 제3자는 청구할 수 없다”는 표현을 봐선 심사관은 이해관계인과는 구분시키되 제3자는 아닌것으로 해석됩니다. 어떤게 정확한 표현인지 헷갈려서 질문드립니다!,"안녕하세요? 보는 관점에 따라서 심사관도 제3자가 될 수 있습니다. 다만, 문제는 상대적으로 풀어야 합니다. 열공하세요~", ,,18.01.02
특허법,조문,136조,[제136조] 제2항 제1호 단서 질문드립니다.,조문을 읽어봐도 그리고 저번에 질문드렸던 내용에 의하면 특허취소신청 절차가 심판원에 계속 중이라도 무효심판 절차가 특허법원에 계속 중이라면 정정심판을 청구할 수 있는 것으로 알고 있습니다. 위 그림은 이지특허법 추록에 있는 내용을 직접 그려본 것인데 빨간 줄 그어진 부분도 오른쪽 괄호내용과 같이 정정심판이 가능하다는 내용이 추가되어야 맞는 것이 아닌가요? 위 사진은 도해특허법에 있는 표를 사진 찍은 것인데 빨간줄 그어진 부분도 정정심판청구의 네 번째 칸과 같이 세모로 표시되고 무효심판 절차가 무효인 경우 정정심판청구가 가능하다고 되어야하는 것이 아닌가 궁금합니다. 답변 부탁드리겠습니다. 감사합니다.,"안녕하세요? 추가되는 것이 맞습니다. 특허청에서 배포한 개정법 설명자료를 토대로 그림을 그렸는데, 개정법 설명자료가 틀렸네요. 생각해보면, 취소신청이 심판원에 계속 중인데 무효심판에 대한 심결취소의 소가 계속 중인 경우는 거의 상정하기 어렵기 때문인 것 같습니다. 열공하세요~", ,,18.01.02
특허법,조문,164조,[제164조] 소송과의 관계 질문드립니다.,제164조 제1항 심판장은 '심판'에서 필요하면 직권 또는 당사자의 신청에 따라 그 심판사건과 관련되는 특허취소신청에 대한 결정 또는 다른 심판의 심결이 확정되거나 소송절차가 완결될 때까지 그 절차를 중지할 수 있다. 여기서 '심판'에는 특허취소신청이 포함되는지 포함되지 않는다면 특허취소신청 절차는 다른 절차와의 관계에서 중지될 수 없는지 궁금합니다. 감사합니다.,포함되지 않습니다. 법 제132조의15를 한 번 읽어 보세요~, ,,18.01.02
특허법,조문,142조,[142조] 심결각하에 대한 불복의 소,"임병웅 변리사님 안녕하세요! 심판에 대해 142조의 적법성 심리를 거친 후 심결 각하가 내려졌을 시 청구인은 심결각하에 대한 불복의 소를 제기할 수 있는데요. 이 때 '1) 결정계심판에 대한 심결각하였을 경우 불복의 소 피고는 특허청장' '2) 당사자계심판에 대한 심결각하였을 경우 불복의 소 피고는 원심판의 피청구인' 으로 알고 있습니다. 그런데 2번 케이스가 잘 이해가 되지 않습니다. 심결 각하 또한 심판청구 자체가 부적법하다고 판단하여 심판관합의체가 각하를 한 것인데, 그에 대한 소송을 왜 원심판의 피청구인에게 하는 것인지 잘 모르겠습니다.. 제 생각에는 결정각하와 마찬가지로 결정계심판이든 당사자계심판이든 불복의 소는 특허청장에게 해아할것만 같아서요.. 항상 답변해주심에 감사드립니다! 저작자 표시컨텐츠변경비영리","안녕하세요? 예를 들어 적극적 심판에서 피심판청구인이 확인대상발명을 실시하고 있지 않다고 주장하였는데, 청구인이 이를 입증하지 못하면 심결각하됩니다. 이 때 누구를 피고로 해야 할까요?", ,,18.01.03
특허법,문제,138조,[138조] 객관식 809번 질문입니다.,임병웅 변리사님 안녕하세요. 객관식 809번 지문3) 청구인의 특허발명이 자신의 특허출원 전의 타인의 특허발명 또는 등록실용신안보다 상당한 경제적 가치가 있는 중요한 기술적 진보를 가져온 것이여야 한다. 해설) “특허출원”전이 아닌 “특허출원일”전에 출원된 타인의 특허발명 또는 등록실용신안보다 상당한 경제적 가치가 있는 중요한 기술상의 진보가 있어야 한다. 위 지문의 경우 시각주의에 초점을 맞춰 보면 “출원 전”과 “출원일 전”이 명확히 다르기 때문에 틀렸다는 것이 확실한데 혹시 그에 덧붙여서 “상당한 경제적 가치”에 초점을 맞추면 크로스라이센스도 이유가 될 수 있을까요? 크로스라이센스를 청구할 때는 상당한 경제적 가치가 있어야 하는 것이 요건이 아니라고 생각됩니다. 물론 크로스라이센스를 청구한다는 것은 그 전에 설정된 통실허 심판에 따른 통상실시권이 디자인을 제외하고 후출원이 선출원에 비해 상당한 기술적 진보가 있다고 전제가 되지만 크로스라이센스를 청구하는 선출원의 경우는 후출원보다 기술적 진보는 없다고 생각돼서 질문드립니다! 감사합니다.,"안녕하세요? 문제 전체를 올려주지 않아서 잘 모르겠지만, 크로스 라이센스를 청구할 때는 선출원권리자가 기술상 진보가 있을 필요는 없습니다. 다만, 사안의 지문은 크로스 라이센스를 전제로 하고 있지 않아 보이네요. 열공하세요~", ,,18.01.05
특허법,조문,135조,"[135, 136] 심판의 일부청구/일부취하/일부인용,기각 질문","안녕하세요 변리사님! 심판 파트 공부중 헷갈려서 표를 만들고 있는데요, 1. 다른 내용들은 나와있는 것 같은데 정정심판의 일부취하가 가능한지 여부는 나와있지 않아서 가능한지 질문드립니다! 2. 아울러 표의 나머지 부분들도 제가 맞게 체크한 것인지 봐주시면 더욱 감사하겠습니다.",정정심판도 일부청구가 되지 않습니다. 명세서 전체에 대해 정정을 청구하는 것입니다. 따라서 일부취하도 허용되지 않습니다. 열공하세요~, ,,18.01.07
특허법,조문,135조,(135조) 확인대상발명의 특정정도,"임변리사님 안녕하세요, 다음 바로 첫 줄에서 시작하는 보기에서, 심판장은 기간을 정하여 보정을 명하여야 한다. 라고 하였고, 저는 적법성심리의 대상이라 생각해서 틀린 지문이라고 답을 잘못 골랐는데요..ㅠㅠ 다른 분의 질문에 답하신 걸 가져와보자면, 확인대상 발명을 아예 제출하지 않았을 때 심판장의 방식심리 대상이 되는 것이라고 저는 받아들였는데 위와 같은 지문에서는 이미 제출된 것이 아닌지...해서 혼동이 있었습니다.. 도움 주시면 감사하겠습니다!",적법성 심리에서는 보정명령을 하지 않는다고 잘못 이해하고 있습니다. 적법성 심리에서도 보정가능한 경우라면 먼저 보정명령후 심결각하합니다. 기본서를 정독해 보세요~,적법성심리에서의 주체는 심판관합의체로 알고 있는데 왜 심판장이 보정 명령을 하는지가 이해가질 않습니다.. 혹 절차가 다음과 같이 진행되는 것인가요..? 1. 방식심리: 1)심판장이 보정이 가능하다고 판단하여 보정명령을 함 2)그러나 보정이 부적법 2. 적법성심리: 심판관합의체가 부적법하게 보정이 된 상태의 확인대상발명을 보정불가능하다고 판단하여 심결각하함,"심판장 명의로 보정명령하고, 보정하지 않으면 합의체 명의로 심결각하합니다.",18.01.08
특허법,조문,155조,155 참가 vs. 보조참가,"안녕하세요? 도해 p235 에 당사자 적격이란 해당 절차의 주체가 될 수 있는 자로써, 무효심판은 청구인이 이해관계인 또는 심사관 / 피청구인은 특허권자 적극적 권리범위확인심판의 청구인은 특허권자, 전용실시권자 / 피청구인은 과서 또는 현재 실시 이해관계인 소극적 권리범위확인심판의 청구인은 과거, 현재, 미래에 실시 이해관계인 / 피청구인은 특허권자 로 되어있습니다. 155조3항을 보면 심판의 결과에 이해관계를 가진 자는 보조참가를 할 수 있도록 규정되어 있는데, 이해관계를 가진 보조 참가인이 왜 당사자 적격이 없어서 보조 참가만 해야 되는건가요?",안녕하세요? 여기서 말하는 이해관계는 당사자 적격에서 말하는 이해관계보다 낮은 수준의 이해관계를 의미하는 것입니다. 열공하세요~, ,,18.01.08
특허법,조문,136조,136조] 정정심판의 청구기간 관련 질문,"안녕하세요 변리사님 정정심판의 청구기간 관련 질문이 있습니다. 136조 2항 1호 단서 : 다만, 특허무효심판의 심결 또는 정정의 무효심판의 심결에 대한 소가 특허법원에 계속 중인 경우에는 특허법원에서 변론이 종결(변론 없이 한 판결의 경우에는 판결의 선고를 말한다)된 날까지 정정심판을 청구할 수 있다. 무효심판이 특허심판원에서 계속 중인 경우는 정정청구가 가능하여 정정심판을 청구하지 못하나, 무효심판 심결에 대한 소가 대법원에 계속 중인 경우에는 정정심판 청구가 가능한 것이 아닌지요? 법조문에 특허법원으로만 명시한 이유가 궁금하여 질문 드립니다. 감사합니다. 저작자 표시컨텐츠변경비영리",안녕하세요? 취소신청과 무효심판이 동시에 계속 중인 경우에는 법 제136조제2항제1호 단서를 제외하고는 정정심판청구가 불가능합니다. 열공하세요~,"변리사님, 답변 감사합니다. 그 말씀은 법조문 그대로 무효심판의 심결에 대한 소가 대법원에 계속 중인 경우는 정정심판청구가 불가능하다는 말씀이신지요?","동시에 계속 중인 경우는 불가능하고, 무효심판의 심결에 대한 소만 단독으로 계속 중인 경우에는 법 제136조제2항제2호에 의해 가능합니다.",18.01.09
특허법,조문,135조,[135조] 적극적 권리범위확인심판에서 피청구인이 실시 예정 중인 확인대상발명,"안녕하세요! 공부하다 깜짝 놀라서 질문 드립니다. 원래는 적극적 권리범위확인심판은 피청구인이 실시 예정인 확인대상발명은 심판 청구를 하지 못한다고 알고 있습니다. 그런데 이제 적극적 권리범위확인심판에서 피청구인이 실시 예정인 확인대상발명도 심판이 가능한가요? 지금은 실제로 심판하고 있고, 판결문도 존재한다는 정보를 접해서 1차 지문에 나왔을 경우 어떻게 해야 할지 질문 드립니다. 감사합니다.","안녕하세요? 제가 더 깜짝 놀라는 것 같네요. 판례가 확실히 바뀌면, 공지를 할테니 정리하는데 집중하세요~", ,,18.01.09
특허법,조문,136조,[136조] 정정심판 청구시기,안녕하세요 변리사님 정정심판 청구시기에 대하여 질문이 있어 글을 올립니다. 정정심판을 대법원에서 청구할 수 있는지 궁금합니다. 다른 책에서는 대법원 계속중에는 정정심판을 청구할 수 없는 것으로 개정되었다고 하며 2013허877 판례에서 '심결취소소송(무효심판)이 특허법원 및 대법원에 계속중인 동안에는 기간의 제한없이 정정심판을 청구할 수 있었는바'라고 했지만 이 판례는 개정법 이전의 판례로 개정법과 충돌하기 때문에 대법원에서 정정심판청구를 할 수 없다고 하는데요 이지특허법에는 대법원에서 청구할 수 있다고 나와있어 너무너무 헷갈립니다. 답변 부탁드립니다 ㅠㅠ,안녕하세요? 대법원에 무효심판이 계속 중인 경우에 1. 취소신청과 무효심판이 동시에 계속 중인 경우에는 법 제136조제2항제1호단서에 의해 정정심판청구가 안됩니다. 2. 무효심판만 계속 중인 경우에는 법 제136조제2항제2호에 의해 정정심판청구가 가능합니다. 열공하세요~, ,,18.01.10
특허법,문제,136조,[136조]정정심판,"안녕하세요? 2015기출문제에서 ㄱ. 특허발명에 대한 정정무효심판청구가 기각되고 난 후 해당 기각 심결의 취소를 구하는 소송이 계속되는 중 그 특허발명에 대한 무효심결이 확정되었을 경우, 위 정정무효심판의 기각 심결에 관한 소는 부적법하다.(O) 인데 질문:엄밀히 말하면 그 특허발명에 대한 무효심결이 확정되었을 경우에서 후발적사유로 무효가 되었을경우에는 (X)가 되는거 아닌가요? 답변 감사드립니다.",안녕하세요? 네. 맞습니다. 객관식은 절대적 진리를 반드시 추구하지 않습니다. 상대적 풀이를 하세요~, ,,18.01.11
특허법,조문,139조,[139]공동심판청구 관련 질문입니다,"11조 복수당사자대표에서, 대표자만이 모두를 대표하고, 1항 각호의 경우 다른 공유자의 동의를 받아야하는것으로 알고있습니다 Q1_ 대표자를 선정하여 특허청장 또는 특허심판원장에게 신고한경우, 대표자만이 132의 17에따른 심판청구를 할수있다고 해석하는것이 맞나요? 그리고 139 3항에서는, 특허권 또는 특허를 받을 수 있는 권리의 공유자가 그 공유인 권리에 관하여 심판을 청구할 때에는 공유자 모두가 공동으로 청구하여야 한다 Q2_ 대표자 단독으로 132의 17에따른 심판청구를 할 수없고, 139의 3항에 의해 공유자 전원이 공동으로 청구하여야 하나요? 제가 뭘 잘못생각하고있는걸까요..ㅜ 답변미리감사합니다~","전원이 청구하는 것이 맞습니다. 따라서, 법 제11조제1항각호에서 변경출원과 심판청구는 빠져야 합니다. 기본서를 한 번 정독해 보세요~", ,,18.01.12
특허법,문제,134조,[134조] 존속기간연장등록무효심판 관련 질문 있습니다.,"객관식 문제집 765페이지의 2번 지문에 연장등록무효심판은 특허권이 무효로 소멸된 경우에도 청구가 가능하다. 라는 지문이 옳지 않은 지문으로 답으로 골라져 있는데요. 옆의 해설의 내용처럼 특허권이 소급하여 소멸한 경우에는 청구하지 못하는게 맞으나, 후발적으로 무효사유가 발생하여 특허권이 소멸한 경우에는 존속기간연장등록무효심판을 청구할 실익이 있지 않나요? 예를 들어 적법하게 존속기간이 연장되어 있는 상태에서 (출원일 후 20년이 지난 상태에서) 후발적으로 조약위반 사유가 발생한 경우에는 존속기간 연장된 그 부분만의 권리를 무효화 시킬 이익을 상정할 수 있지 않나요..?? 134조 3항은 133조 1항을 준용하는데, 133조 1항에는 무효심판은 특허권이 소멸된 후에도 청구할 수 있다. 라고 되어있기도 해서요. 저작자 표시컨텐츠변경비영리","안녕하세요? 연장등록무효심판의 청구는 원래의 존속기간이 끝까지 유지됨을 전제로 청구하는 것인데, 특허권이 무효로 소멸한 경우에는 소급이든 장래이든 상관없이, 원래의 존속기간이 끝까지 유지되지 못하고 소멸하기 때문에 청구하지 못합니다. 열공하세요~", ,,18.01.13
특허법,문제,107조,(107) 재정에 의한 통상실시권,"임변리사님 안녕하세요, 다음 4번 지문의 해설에 관하여 질문드리려 합니다. 해설에서는 우리나라 내의 실시를 위한 경우에는 해당되지 않는다고 하였는데요. 우리나라가 세계무역기구회원국이 아닌 국가 중 대통령령으로 정하는 국가에 해당되지 않는다는 의미인가요..? 저는 애초에 스위스의 특허권이므로 재정 적용의 대상이 안된다고 생각하였는데 도움 주시면 감사하겠습니다!","안녕하세요? 지문을 잘못 읽고 있네요. 특허는 한국에서의 특허이고, 외국에서 수출을 위한 것이 법 제107조제1항제5호이기 때문에 해당사항이 없다는 것입니다. 열공하세요~", ,,18.01.14
특허법,문제,163조,[163조] 객관식 p742 일사부재리,일사부재리 원칙 문제에서 '확정 심결과 확정 판결 사이에는 일사부재리 원칙이 적용되지 않는다'가 정답으로 나와있습니다. 여기서 확정심결과 확정판결의 의미의 차이가 있는 것인지요? 무엇을 뜻하는지 잘 모르겠습니다. 이 문구 자체가 잘 이해가 가지 않아 질문드립니다. 감사합니다.,확정판결이란 민형사소송의 판결을 말하는 것입니다. 열공하세요~, ,,18.01.15
특허법,문제,135조,(135) 이해관계인,"임변리사님 안녕하세요, 다음 5번 지문에서 기각을 각하로 고쳐야 하여 틀린 지문이기는 하지만, 고치더라도 '과거에 실시한 경우'는 아예 배제하고 지문을 판단해야 하는지 궁금합니다. 과거에 실시했던 자도 현재의 분쟁과 관련되면 피청구인이 될 수 있는데 별다른 단서가 없으면 배제해야 하는 건가요? 781p의 4번 지문은 적극적 권리범위확인심판에서 청구인이 확인대상으로 특정한 것과 동일한 물품을 피청구인이 판매하였던 것은 인정되지만 심판청구일 현재 실시하고 있지 아니하다면 확인의 이익이 없으므로 부적법한 것이다 (틀림) 위와 같이 나와있는데, 지문을 분간해내는데 혼란이 있습니다ㅜㅜ 지문에서 781p와 같이 먼저 ""과거에 실시하였던 사실""이란 전제조건을 주지 않는 이상 배제하고 판단하여야 하나요..? 도움주시면 감사하겠습니다.",안녕하세요? 네 배제하는 것이 맞습니다. 열공하세요~ 답글기능 더보기, ,,18.01.15
특허법,문제,132의17,"[ 132의17-139 ] 심판의 당사자 객관식703,776",안녕하세요 선생님! 사진에 나와있는 703번 2번 판례와 776번 (가)판례가 헷갈리는데요 먼저 703쪽 2번 96년 대판에서는 상대방의 권리를 인정하고 그 권리에 위반되는 행위를 하지 않는다는 합의가 있었다는 사정만으로는 이해관계가 소멸되지 않는다고 하고 776쪽 (가)에서는 확인대상발명을 실시하지 않겠다는 합의를 한 경우 소극적 권리범위 확인 심판 시 이해관계가 소멸되었다고 보는데 703의 권리에 위반되는 행위를 하지 않는다는 약정이 776의 확인대상 발명을 실시하지 않겠다는 합의보다 더 포괄적인 개념이라고 생각했는데 이해관계 여부는 다른것 같아 질문드립니다,"안녕하세요? 권리에 위반되지 않겠다는 합의를 했으면, 내가 하려고 하는 행위가 권리에 위반되는지 확인을 구할 이익이 더 높아졌다고 볼 수 있습니다. 기본서와 강의노트에 충분히 설명이 되어 있는 논점이니, 다시 한 번 정독해 보세요~", ,,18.01.16
특허법,조문,138조,[138조] 통상실시권허락심판 청구,안녕하세요. 통상실시권허락심판청구 질문드립니다. 138조 1항에서 자기의 특허발명의 실시에 필요한 범위에서 청구할 수 있다. 그래서 저 그림에서 네모 표시한 부분의 차이가 있는 것인데 을이 자전거 판매하는 것은 '자전거'가 을의 특허발명인 라이트+자전거 보다 권리범위가 넓어서 자기의 특허발명의 실시에 필요한 범위가 아닌 것인가요..? 왜 자기의 특허발명의 실시에 필요한 범위가 아닌지 질문드립니다.,안녕하세요? 자기의 특허발명이란 자기가 등록받은 특허발명을 말하는 것입니다. 열공하세요~, ,,18.01.20
특허법,문제,135조,(135) 소극적 권범심,"임변리사님 안녕하세요, 오늘 본 모의고사에서, 2007후2766 판례가 나왔는데 ""권리 대 권리의 소극적 권리범위확인심판은 자신의 등록권리의 효력이 부인되는 위험을 감수하면서 타인의 등록권리의 범위에 속하는지 판단을 구하는 것으로 적법하다""가 그 내용이었습니다. 그런데 애초에 등록된 권리의 효력을 부정하지 않는 것이 권리대권리간의 소극권범심이 인정되는 취지라고 알고 있어서 이해하는데 어려움이 있습니다ㅠㅠ 도움부탁드립니다! 좋은 주말 되세요!!",안녕하세요? 이해한 내용이 맞습니다. <자신의 등록권리의 효력이 부인되는 위험을 감수하면서>라는 표현은 판례의 내용이 적절치 않다고 비판받았던 판례입니다. 열공하세요~, ,,18.01.20
특허법,문제,135조,[135조] 권리범위확인심판의 심리범위,"이지 객관식문제집 785번의 4번 지문에 대한 질문입니다. 틀린 지문을 찾는 문제인데, ""특허권의 적극적 권리범위확인심판에서, 확인대상발명의 실시와 관련된 특정한 물건과의 관계에서 그 물건에 대한 특허권이 소진되었다면 확인대상 발명에 대하여 권리범위확인심팜을 제기할 확인의 이익이 없다."" (X) 이에 대한 해설(판례)은 ""특허권의 적극적 권리범위 확인심판은 특허발명의 보호범위를 기초로 하여 심판청구인이 확인대상발명에 대하여 특허권의 효력이 미치는가를 확인하는 권리확정을 목적으로 한 것이므로, 설령 확인대상발명의 실시와 관련된 특정한 물건과의 관계에서 특허권이 소진되었다 하더라도 그와 같은 사정은 특허권 침해소송에서 항변으로 주장함은 별론으로 하고 확인대상벌명이 특허권의 권리범위에 속한다는 확인을 구하는 것과는 아무런 관련이 없다(대판 2010후289). 변리사님께서 수업시간에, 침해여부 판단기준 (특허권존속중/정당권원없는자가/업으로써/특허권의보호범위에 해당하는지) 과 보호범위 판단기준 (특허발명특정 / 확대발 특정 / 발명의 실시인지 여부 / 법률의 제한&확장 고려) 는 서로 다르므로, 침해소송에서의 심리범위와 권리범위확인심판의 심리범위가 다르다고 말씀해 주셨습니다. 이 문제의 지문을 읽고, 이 심판에서 보호범위 판단 요소가 아닌 소진이론(정당권원)을 주장한다면, 확인의 이익이 없으므로 심판청구를 심결각하 해야해야 한다고 생각했습니다. 특허법 질문에 상표법 관련 사항이 보태져서 죄송하지만, 52회 기출문제 중, 갑의 상표권 침해주장에 대해 을은 아래와 같은 사유로 특허심판원에 소극적 권리범위 확인심판을 청구하려고 한다. 을의 심판 청구가 부적법 각하대상이 되지 않는 경우는? 이 문제의 지문들 중, 권리범의확인심판의 심리범위가 아닌 사항(진정상품병행수입, 사용권존재 주장, 권리남용의 항변)인 4개의 지문을 제외한 상표법 제90조의 상표권 효력제한을 주장한 지문이 정답이었습니다. 즉, 권리범위확인심판의 심리범위가 아닌 사항을 주장하였기에 부적법 각하되어야 한다는 것입니다. 이 두가지 문제에서, 특허법의 소진이론과 상표법의 진병수, 사용권, 권리남용항변은 권리범위확인심판의 심리범위가 아니라는 점에서 공통되지만, 특허법의 경우에선 확인의 이익이 있어서 부적법 각하되지 않고, 상표법의 경우에는 부적법 각하되어야 하는지 모르겠습니다. 확인의 이익이 없다=>부적법각하ㅇ ? 심리범위가 아니다=>부적법각하ㅇ ? 심리범위가 아니다=확인의 이익이 없다 ? 이런 논리 체계를 잘못알고있는지 알고싶습니다. 긴 글 읽어주셔서 감사합니다.","특허법과 상표법의 차이가 있는 것이 아닌지 질문하신 것 같은데 요지가 불명확하네요. 선의로 해석하면, 권리소진, 권리남용 등은 둘 다 심리범위가 아니므로 확인의 이익이 없어 심결각하되나, 효력의 제한(특허법 제96조, 상표법 제51조)은 심리범위이므로 심결각하의 대상이 아닙니다. 그런데, 질문사항에 특허법은 부적법각하되지 않고, 상표법은 부적법각하된다는 것은 무슨 의미인지 모르겠네요.","특허법과 상표법상의 각각의 권리범위확인심판에서 심리범위가 아닌 것들은 확인의 이익이 없으므로 심결각하 된다는 점은 알겠으나, 본문에 적은 바와 같이 객관식문제집 785번 문제 4번 지문에 보면, 특허권이 소진되었다면 확인대상발명에 대하여 확인의 이익이 없다는 지문이 판례를 근거로 틀렸다고 나와있습니다. 해설의 판례도 확인의 이익이 없다고 판시한것 아닌가요? 이 지문이 왜 틀렸는지 모르겠어서 질문드렸습니다!","기출문제를 찾아 보니, 특허법 사건은 적극적 권리범위확인심판에서, 피청구인이 소진되었다고 주장한 것이고 그렇다면 주장과 상관없이 확인의 이익이 있다면 본안심리를 해야 하는 것이 맞고, 상표법 사건은 소극적 권리범위확인심판에서 청구인이 진정상품병행수입 등을 주장한 것으로서, 그렇다면 확인의 이익이 없어서 본안심리를 할 것도 없이 각하되는 것이 맞습니다. 즉, 적극적 권리범위확인심판과 소극적 권리범위확인심판에서 확인의 이익이란 청구인이 심판을 통해 확인을 구할 실익을 말하는 것입니다. 열공하세요~",18.01.22
특허법,조문,142조,(142조) 심결각하,"임변리사님 안녕하세요, 저도 아래에 첨부하는 분의 질문과 똑같은 의문이 있었는데요, 올해 특객에서는 청구서의 심결각하..라는 표현을 보았는지 딱히 기억이 나지 않는데 모의고사의 해설지에 있길래 지금도 이렇게 심판청구와 청구서의 각하 용어가 혼용되는지 궁금합니다. 이지특허에서는 ""이 경우 심판절차는 심결각하된다""라고 써있었습니다. 저는 지문의 정오를 가를때 유용한 지표라고 생각했어서 확인차 질문드립니다. 감사합니다ㅎㅎ",다시 법이 바뀌어 양자를 명확히 구분하고 있습니다. 열공하세요~, ,,18.01.22
특허법,조문,135조,[135조] 출원계속중인 발명에 대한 적극적 권리범위확인심판의 인정여부,"권리 대 권리간 적극적 권리범위확인심판의 경우 타방의 권리를 부정하게 되어 확인의 성격을 밧어나기 때문에 타당하지 않지만, 이용관계의 경우 인용심결을 하더라도 타방의 권리를 부정하지않고 확인의 이익이 있는 경우 허용하는 것으로 알고있습니다. 그렇다면 특허권자가 현재 특허출원 계속 중인 발명에 대해서 적극적 권리범위확인심판을 청구할 수 있는지 궁금합니다.",가능합니다, ,,18.01.26
특허법,문제,140조,"[140조, 136조] 객관식 문제집 관련질문입니다","안녕하세요 변리사님! 객관식 문제 풀던 중 모르는것이 있어 질문드립니다! 1. 강의노트 421, 객관식 717번 ‘중복심판청구금지의 원칙에 대한 설명 중 옳지 않은 것은?’ 3번 지문 ‘ 동일한 확인대상발명에 대하여 적극적 권리범위확인심판이 먼저 제기되었고, 그에 대한 소극적 권리범위확인심판이 제기된 경우 청구가 동일하다고 할 수 없어 심판청구의 이익이 결여되지 아니한다.’(0) ->해설) 적극적 권리범확인심판과 소극적 권리범위 확인 심판은 중복심판청구금지의 원칙에서 동일심판에 해당한다. ->해설) 중복심판청구의 금지에 해당하는지 여부는 후심판의 심결시를 기준으로 판단한다. 따라서, 후심판의 청구 당시에 동일한 전 심판이 계속중이었더라도 후심판의 심결시에 전심판의 계속이 소멸되었으면 후심판은 중복심판에 해당하지 아니한다. -> 위 지문에서는 전심판의 계속이 소멸되었다고 주어지지않았고 전심판이 계속중이거나 심결이 확정되었다면 중복심판청구의 금지와 일사부재리효력이 미쳐서 심판청구의 이익이 결여된것이 아닌가요?,? 2. 795번 ‘특허심판절차에 관한 설명으로 옳지 않은 것은?’ 4번 지문 ‘특허발명에 대한 정정심판이 특허심판원에 계속 중 해당 특허발명에 대한 무효심결이 확정되었다면, 위 정정심판 청구는 각하된다.’(0) -> 후발적 무효사유의 경우에는 각하 안 되지 않나요?.? 임병웅 변리사님 항상 감사드립니다! 오늘도 좋은하루되세요~ 저작자 표시컨텐츠변경비영리","안녕하세요 1. 적극적과 소극적은 중복심판금지에서 동일심판이 아닙니다. 전심판이 계속 중이라도 동일심판이 아니므로 중복심판이 아니고, 전심판이 확정되었더라도 일사부재리는 심판청구시를 기준으로 하기 때문에 적용되지 않습니다. 2. 네. 그렇습니다. 열공하세요~", ,,18.01.27
특허법,조문,140조,[140조 136조] 객관식 문제집 다시질문드립니다!,"아래 질문했던 문제 사진 첨부해서 다시 질문드립니다! 1. 강의노트 421, 객관식 717번 ‘중복심판청구금지의 원칙에 대한 설명 중 옳지 않은 것은?’ 3번 지문 ‘ 동일한 확인대상발명에 대하여 적극적 권리범위확인심판이 먼저 제기되었고, 그에 대한 소극적 권리범위확인심판이 제기된 경우 청구가 동일하다고 할 수 없어 심판청구의 이익이 결여되지 아니한다.’(0) ->강의노트 해설) 적극적 권리범확인심판과 소극적 권리범위 확인 심판은 중복심판청구금지의 원칙에서 동일심판에 해당한다. → 밑에 사진첨부해 놓은것처럼 이렇게 나와있는데 강의노트에 잘못나와있는것 같아요! ->해설) 중복심판청구의 금지에 해당하는지 여부는 후심판의 심결시를 기준으로 판단한다. 따라서, 후심판의 청구 당시에 동일한 전 심판이 계속중이었더라도 후심판의 심결시에 전심판의 계속이 소멸되었으면 후심판은 중복심판에 해당하지 아니한다. -> 일사부재리에서는 적극적 권리범위확인심판과 소극적 권리범위확인 심판이 동일심판이라고 보고있고 앞에 적극적 권리범위확인심판이 진행중 뒤에 소극적권리범위확인심판이 제기된다면 적극적 권리범위확인심판으로 권리범위에 포함되는지 충분히 확인가능하고 모순 저촉된 판결이 나올 가능성이있는데 왜 중복심판에서는 동일성이 없다고 보나요?.? 앞에 적극적 권리범위확인심판이 각하 또는취하될가능성이있어서그런것인가요?.? 2. 795번 ‘특허심판절차에 관한 설명으로 옳지 않은 것은?’ 4번 지문 ‘특허발명에 대한 정정심판이 특허심판원에 계속 중 해당 특허발명에 대한 무효심결이 확정되었다면, 위 정정심판 청구는 각하된다.’(0) -> 후발적 무효사유의 경우에는 각하되지않아 1번 4번 모두 답이되는것인가요?.? 임병웅 변리사님 항상 감사드립니다! 오늘도 좋은하루되세요~","1. 기본서를 보면 판례가 있는데, 다음과 같이 기술되어 있습니다. 1)2)3)...4) 그 심결이 확정되어 일사부재리 효력이 발생하지 않은 이상, 불이익한 판단을 받은 반대 당사자(피청구인)는 그 심결에 대한 심결취소소송을 제기하는 외에 자신이 주체가 되어 전문적 지식을 가진 특허청에 대하여 별도의 행정심판을 청구하여 새로운 판단을 받을 필요도 인정되는 점,) 게다가 권리범위확인심판의 심결에 대한 심결취소소송이 제기되는 중이더라도 심판청구인에 의해 당해 심판청구 자체가 취하될 수도 있는 점.. 2. 정확히 얘기하면 1, 4번 모두 틀린 지문이나 상대적으로 풀이하면 됩니다. 열공하세요~", ,,18.01.29
특허법,조문,136조3항,"[136조 3항, 4항] 법조문 질문드립니다.","136조 3항 : 명세서 또는 도면의 정정은 특허발명의 명세서 또는 도면에 기재된 사항의 범위에서 할 수 있다. 다만, 1항2호에 따라 잘못된 기재를 정정하는 경우에는 출원서에 최초로 첨부된 명세서 또는 도면에 기재된 사항의 범위에서 할 수 있다. 136조 4항 : 1항에 따른 명세서 또는 도면의 보정은 청구범위를 실질적으로 확장하거나 변경할 수 없다. 3항에서는 정정이 명도/최명도의 범위라고 하나, 4항에서는 청구범위를 실질적으로 변경할 수 없다고 합니다. 도해특허법에서도 정정 후 청구범위에 적혀있는 사항이 비록 정정 전 명도에 기재되어 있었더라도 새로운 목적 및 효과를 갖는다면 그 정정이 인정될 수 없다고 합니다. 그렇다면 3항의 내용이 실질적으로는 4항에 의해 사문화되는 것 아닌가요? 명도의 범위 내에서 정정을 하면서 청구범위 외의 내용을 추가할 수 있는 경우가 존재하나요? 저작자 표시컨텐츠변경비영리","일반적으로 내적 부가는 허용되고, 외적 부가는 허용되지 않습니다. 기본서를 한 번 정독해 보세요~", ,,18.01.30
특허법,조문,135조,[135조] 확인대상발명 특정에 관한 질문 드립니다.,,, ,,18.01.31
특허법,문제,138조,(138) 통실허에 따른 실시권,"임변리사님 안녕하세요, 아래 1번 지문에서 특허법 138조에 따라 통상실시권이 설정된 경우, 그 통상실시권이 설정된 1)특허권에 기한 사업이 계속되고 있는 이상 2)그 특허권이 소멸하더라도 이미 발생한 통상실시권의 존속에는 영향이 없다.(X) 1. 1)이 지칭하는 특허권이 선권리로서의 특허권, 2)는 통상실시권자의 이용발명으로서의 특허권이 맞나요? 2. 통실허에 의한 통상실시권이 원권리와 함께 소멸, 이전된다고 할 때 원권리는 이용발명으로서의 특허권이 맞나요? 문제의 문맥상 1)과 2)가 동일한 것을 지칭해야 할 것 같은데, 답해석을 위해서는 1.과 같이 달리 봐야 할 것 같아서요..혹은 잘못 알고 있는 부분을 바로 잡아주시면 감사하겠습니다!","선-후일때 선권리에 대한 통상실시권은 선권리가 소멸하면 부수성에 의해 소멸하고, 후권리가 소멸하면 법 제102조 제4항에 의해 소멸합니다. 열공하세요~", ,,18.02.01
특허법,문제,133조,[133조] 특허무효심판,안녕하세요! 객관식 761 문제 보기 3번 관련 질문드립니다. 보기3: 2이상의 청구항에 대하여 무효심판이 청구된 경우 그 중 하나의 청구항이 무효사유가 있더라도 나머지 청구항들에 대해서도 이를 심리하여야 한다 (O) 일부무효심판의 청구도 가능한 것 아닌가요? 그게 아니라 보기에서는 2이상의 청구항에 무효심판이 청구된 경우에 무효사유를 모든 청구항에 대해 심리해야 한다는 것인가요? 설명 부탁드립니다..,보기 그대로입니다. 후자입니다. 열공하세요~, ,,18.02.02
특허법,문제,133의2,[133의2] 특허의 정정,"안녕하세요! 객관식 827 질문드립니다. 보기1번: 청구범위를 정정하는 것이 청구범위를 확장하거나 변경하는 경우에 해당하는지 여부를 판단함에 있어서는 청구범위 자체의 형식적인 기재만을 가지고 대비할 것이 아니라 발명의 설명을 포함하여 명세서 전체 내용과 관련하여 실질적으로 대비하여 그 확장이나 변경에 해당하는지 그리고 이와 같이 정정하는 경우 특허의 요건을 충족하여 특허출원 당시 특허를 받을 수 있는지를 판단하여야 한다. (O) ... (해설: 대법원 2010.4.29 선고 2008후1081) 마지막 줄은 빠져야 되는 것 아닌가요..? 청구범위 감축하거나 잘못 기재된 사항을 정정하는 경우에는 특허출원 당시 특허를 받을 수 있는지 판단하지만 분명하지 아니하게 기재된 사항을 명확하게 하는 경우에는 판단하지 않고, 특허취소신청,특허무효심판 청구된 청구항을 정정하는 경우에는 적용되지 않게 되니까요.. 제가 또 뭘 놓치고 있는 것인지요.. 설명 부탁드립니다.",물의한 조건이 법조문상 정확히 맞습니다. 판례는 물어본 조건과 관련없을 때을 기준으로 하네요. 상대적으로 문제를 풀면 될 것 같습니다~, ,,18.02.03
특허법,조문,140조의2,[140조의2] 심판청구시 청구이유기재,"140조의2 에서 심판청구서의 제출시 7호에서 청구취지와 이유를 기재하도록 되어있습니다. 그렇다면, 거절결정에대한심판을 청구시 청구이유를 전혀 기재하지 않고 심판을 청구하면 부적법한 것인지 아니면 140조의2 2항에서 청구이유를 보정하는 것은 요지변경임에도 허용하므로(혹은 요지변경이 아니므로), 기재가 없던것을 추가로 적는 보정도 허용되어 거절결정에대한심판을 청구시 청구이유를 전혀 기재하지 않고 심판을 청구하여도 일단 적법하고 보정하면 되는 것인지 궁금합니다. 감사합니다.",후자입니다. 열공하세요~, ,,18.02.05
특허법,문제,136조,[136조] 정정심판관련 질문있습니다.,"2014년도 기출문제에 정정심판은 특허권이 소멸된 후에도 청구할 수 있으나 심결에 의하여 특허가 무효로 된 후에는 청구할 수 없으며, 특허무효심판이 특허심판원에 계속되고 있는 경우에는 해당 무효심판절차에서 정정청구를 할 수 있다. 라는 지문이 있습니다. 여기서 특허가 조약위반으로 무효가 된 경우나 25조 해당인 경우(136조7항괄호)에는 정정심판이 청구 가능해서 이 지문이 틀렸다고 생각했는데 답에는 맞은 지문으로 나옵니다. 이 지문은 틀린 지문이나요? 아니면 맞은 지문인가요?",절대적으로는 틀린 지문입니다. 그러나 상대적으로 문제를 풀어야 합니다., ,,18.02.07
특허법,조문,170조,[170]거불복과 보정각하,"안녕하세요 임변리사님 보정파트를 공부하다가 궁금한점이 생겨서 질문 드립니다 170조를 보면 51조1한본문에서 ""47조1항2,3호 시기보정""을 ""47조1항2시기 보정(거불복 청구전에 한 보정은 제외한다""으로 바꾼다고 나와있는데 보정각하 파트 도해나 객관식 해설을 보면 거불복 청구전 2,3시기에 한 부적법한 보정을 청구후발견시 최후통지를 한다고 나와있어서요... 170조 조문에는 3시기는 빠진거 같은데 해석을 못하고있는건지.. 도와주시면 정말 감사하겠습니다ㅠㅠ","3호의 시기가 빠져 있기 때문에 보정각하를 못하고, 최후통지를 하는 것입니다.", ,,18.02.07
특허법,문제,158조,158조] 심판단계위 직권진행주의에서 자백 배제(객관식 p715),문제에서 특허심판에 대해 물어본 문제이고 5번 지문 질문드립니다. 특허심판의 경우 직권진행주의로 본안심리가 진행됩니다. 따라서 심판단계에서는 사실에 대한 자백도 할 수 없는 것으로 알고 있습니다. 5번 지문에 사실에 대한 자백을 할 수 있다고 적혀있고 이는 옳은 지문으로 처리되어 있습니다. 5번 지문이 소송단계에서는 옳을지 모르나 문제는 심판단계를 물어보고 있으므로 틀린 지문으로 처리되어야 한다고 생각듭니다. 아니면 문제에서 물어보는 심판단계와는 별개로 판례의 문구 그대로이므로 맞는 지문으로 처리해야 하는 것인지 궁금합니다. 제가 잘못 이해하고 있는 부분이 있다면 수정 부탁드립니다. 감사합니다.,"잘못이해하고 있는 것이, 심판이 심판원에 계속 중인 것이냐 아니면 법원에 계속 중인 것이냐는 문제에 나와 있지 않습니다. 그런데, 심판이 심판원에 계속 중이다는 것을 전제로 문의를 하고 있네요. 열공하세요~", ,,18.02.08
특허법,조문,133조의2,[133조의2] 무효심판에서의 정정 관련 질문입니다.,"안녕하세요 임병웅 변리사님. 정정 관련 궁금한 점이 생겨 질문드려요. 1. 청구범위(a+B+c), 발명의 설명(a+b1+c, a+b2+c)였던 것을 무효심판절차에서 청구범위를 (a+b1+c, a+b2+c)로 변경하는 것도 청구범위의 감축에 해당하나요? a+B+c -> a+b1+c 는 하위개념으로의 감축이니까 가능한거 알겠는데, a+b2+c까지 둘 다로 정정이 가능한지 잘 모르겠습니다.. 2. 위와 같은 청구범위, 발설을 기재한 甲 특허권의 무효심판 절차에서 청구범위를 a+B+c -> a+b1+c로 정정했는데 甲의 출원 후 정정 전에 乙이 a+b1+c를 실시한다면, 甲의 정정은 유효하고 乙에게 침해를 물을 수 있는 건가요? (그런데 만약 침해를 물을 수 있다고 한다면 乙에게 너무 가혹한것 아닌가요? 청구범위에 기재되어 있지 않은 발명이어서 실시했는데 후에 정정으로 청구범위가 바뀌어버려서 침해가 되어버리면 부당한 것 같은데요. 제가 무엇을 잘못 생각하고 있는지 모르겠어요.)","안녕하세요? 질문 자체의 요지가 이해가 되지 않습니다. 질문을 명확히 하기 위해서는 B와 b1, b2가 어떤 관계인지에 대한 설명이 필요한 것 같네요.", ,,18.02.08
특허법,문제,135조,[135조] 권리범위 확인심판 질문입니다.,안녕하세요 임병웅 변리사님 특허 객관식 풀다가 궁금한 점이 생겨서 질문드립니다. 1. 적극적 권리범위 확인심판에서는 청구인인 특허권자가 확인대상발명을 특정하고 소극적 권리범위 확인심판에서는 실시자들이 확인대상발명을 특정하는건가요?? 2. 만약 그렇다면 실시자들이 확인대상발명을 특정한게 잘못됐다면 특허권자가 대응할 수 있는 방안이 있나요?? 답변 미리 감사드립니다.,1. 네 2. 실시할 가능성이 없는 경우 이해관계가 없어 심결각하되어야 한다고 주장하면 됩니다. 열공하세요~, ,,18.02.09
특허법,문제,138조,[138] 통상실시권허락심판 질문입니다.,"녕하세요 임병웅 변리사님 특허객관식 풀다가 궁금한점이 생겨 질문드립니다. 5번 지문에서 마지막 줄에 갑은 통상실시권허락의 심결에 의해 집광필름을 실시할 수 있다. 라고 했는데, 이건 갑이 다시 을에게 통살실시권허락심판을 청구하여 받은 심결에 의한 것이 맞죠?? 그 전에 을이 갑을 상대로 한 통상실시권허락심판을 통해 통상실시권을 획득했다고 한 그 심결이 아닌거죠? 답변 미리감사드립니다.",네. 법 제138조제3항을 말합니다. 해설에도 친절히 설명되어 있네요~, ,,18.02.09
특허법,조문,138조,[138] 크로스 라이선스,"안녕하세요 임변리사님 항상 감사드리고 또 감사드립니다 ㅜㅜ 새해복많이받으시고요!! 138조 3항조문에서 크로스 라이선스 요건에는 1항과 달리 ""정당이유없이"" 말이 없어서그런데 크로스라이선스의 경우에는 필요없은 요건인건가요?? 그냥 허락 안해주면 바로 138청구 가능 한건가요? 감사합니다!!",네~, ,,18.02.09
특허법,조문,133조4항,"[133조4항,157조5항,161조] 무효심판,심판참가취하,직권심리","안녕하세요 변리사님 Q1) 무효심판시 전용실시권자나 등록된 권리자에게 취지를 통지해야하는데 여기서 등록한 권리자에 ""참가인""이 포함되나요? Q2) 또한 133조4항 조문에서 전용실시권자""나"" 등록을 한 권리자라고 표현되어있는데, 이를 전용실시권자든 등록을 한 권리자든 두 분류 중 한쪽에만 취지를 통지하면 되는건지 아니면 상표법처럼 and로 보아 두 권리자에게 모두 통지하는지 궁금합니다. 만약 전용실시권자에게만 통지해도 요건을 만족할 경우, 예를들어 등록된 통상실시권자는 참가의 기회를 안주는 불이익이 발생하지 않나요? Q3) 심판심리중 직권으로 증거조사,증거보전할경우 157조4항에서 당사자,참가인 ""또는"" 이해관계인에게 통지하고 의견서 제출기회를 줘야한다고 언급되어있는데, 이럴경우 이해관계인에게만 통지하여 의견서 제출기회를 줄 경우 당사자인 출원인이나 특허권자에게 불이익이 생기지않나요? 모두에게 통지와 의견서제출 기회를 주지않는 이유가 궁금합니다. Q4) 위 질문들과 마찬가지로 161조 심판참가 취하시에도 당사자,참가인 또는 참가신청 거부자에게 통지하여야 하는데, 조문에 언급된 모든 사람들에게는 통지를 안하고 일부에만 통지하는지 궁금합니다. Q5) 직권심리에 대한 의견서 제출에는 당사자 및 참가인에게 기회를 주지만 무효심판과 같은 당사자계심판에서는 피청구인에게만 답변서체출기회가 있을뿐 참가자에게는 제출기회가 왜 없나요? 답변에 미리 감사드립니다.","안녕하세요? 1. 참가인은 등록되지 않습니다. 다만, 등록된 권리자가 참가인인 경우에는 그 취지를 통지합니다. 2. 둘 다 통지합니다. 3. 전부 통지합니다. 4. 전부 통지합니다. 5. 답변서 제출기회란 청구 자체에 대한 답변을 말하는 것이고, 참가인은 청구 이후에 참가하기 때문에 답변서 제출기회를 줄 필요가 없는 것입니다. 열공하세요~", ,,18.02.09
특허법,조문,133조의2,[제133조의2] 무효심판절차에서의 정정 관련 질문입니다.,"안녕하세요 임병웅 변리사님. b1, b2는 B의 하위개념이라고 가정했을 때의 질문입니다. 1. 청구범위(a+B+c), 발명의 설명(a+b1+c, a+b2+c)였던 것을 무효심판절차에서 청구범위를 (a+b1+c, a+b2+c)로 변경하는 것도 청구범위의 감축에 해당하나요? a+B+c -> a+b1+c 는 하위개념으로의 감축이니까 가능한거 알겠는데, a+B+c -> a+b1+c, a+b2+c까지 둘 다로 정정이 가능한지 잘 모르겠습니다.. 2. 위와 같은 청구범위, 발명의 설명을 기재한 甲 특허권의 무효심판 절차에서 청구범위를 a+B+c -> a+b1+c로 정정했는데 甲의 출원 후 정정 전에 乙이 a+b1+c를 실시한다면, 甲의 정정은 유효하고 乙에게 침해를 물을 수 있는 건가요? (그런데 만약 침해를 물을 수 있다고 한다면 乙에게 너무 가혹한것 아닌가요? 청구범위에 기재되어 있지 않은 발명이어서 실시했는데 후에 정정으로 청구범위가 바뀌어버려서 침해가 되어버리면 부당한 것 같은데요. 제가 무엇을 잘못 생각하고 있는지 모르겠어요.)",안녕하세요? 1. 두 개로 쪼개는 정정은 청구항 신설에 준하니 허용되지 않습니다. 2. 네. 물을 수 있습니다. 그래서 선택침해에 대한 판례가 잘못되었다고 얘기하는 것입니다. 열공하세요~, ,,18.02.11
특허법,문제,138조,[138조] 특허권과 디자인권의 저촉문제 (03'기출문제),객관식 18년 최신판 645페이지 수록 甲이 특허권 A와 디자인권 A를 받았고 후출원자 乙이 A에 구성요소 추가해서 특허권A'을 받았습니다 저촉관계는 타법의 권리간 선출원주의 적용이 없으니까 생겨난 개념이라고 이해했습니다. 문제 보기 4번은 甲의 A디자인권이 乙의 디자인권A'와 저촉돼 甲디자인권 존속기간 만료시 甲이 乙의 특허권A'에 대해 통상실시권을 가진다 -> 선출원은 동일성개념으로 판단하는데 A랑 A'는 동일하지 않은데 저촉이라는 게 맞습니까? 답은 자명하기 때문에 고를 수있었지만 궁금합니다.,"A'는 A와 비교해서 구성을 추가한 것이고, 구성을 추가하더라도 물품의 형상, 모양, 색채 등이 동일하다면 저촉관계가 성립할 수 있습니다. 열공하세요~", ,,18.02.11
특허법,조문,133의2,[133의2] 무효심판의 정정 관련 질문입니다.,"안녕하세요. 무효심판에서의 특허의 정정 범위에 관하여 질문드립니다. 특허등록 후에는 보정은 불가능하고 정정만 가능하다고 알고 있습니다. 만일 심사 단계에서 진보성OA가 있었는데 최초OA도 통지되지 않고 심사관이 간과한 경우, 1. 제3자의 정보제공으로 직권 재심사로 넘어간 경우 --> 보정 가능 2. 그대로 특허결정되어 취소/무효심판으로 넘어간 경우 --> 보정 불가/ 의견서 제출기간에 정정청구로 방어 가능 그런데 이 경우에 심사관의 실수임은 동일한데 제3자의 정보제공이 없었다는 우연한 사정으로 인해 무효/취소된 특허권자의 방어권이 보정 범위에서 정정 범위로 제한되는 것이 불리한 것이 아닌지, 아니면 제가 법조문에서 놓친 부분이 있어서 직권 재심사와 무효심판/취소신청의 취지 자체를 혼동하고 있는건지 여쭙고 싶습니다. 감사합니다!",특허제도의 어쩔 수 없는 선택입니다. 절차법은 구체적 타당성보다는 법적 안정성을 도모하기 때문입니다., ,,18.02.12
특허법,조문,133조4항,"(133조 4항, 157조 4항) 답변서 통지","안녕하세요 변리사님 http://m.cafe.daum.net/ezpatent/7ZHQ/714 Q.2,3,4 에서 조문 표현과 달리, 언급된 사람 전부에게 통지해주신다고 답변주셨는데 ""또는"" 과 ""및""은 엄연히 다른데도 불구하고 실제시험에서 만약 심판의 증거보전에 관한 지문으로 -직권 증거보전시 당사자,참가인 또는 이해관계인에게 통지하고 의견서 제출기회를 줘야한다. 아니면 -직권 증거보전시 당사자,참가인 그리고 이해관계인에게 통지하고 의견서 제출기회를 줘야한다. 라고 나올 경우 두 지문 다 맞는 지문으로 봐야할까요? 조문에서는 또는 이라고 언급됐음에도 불구하고 모두에게 통지를 하니.. 어느것을 맞다고 해야할지 많이 헷갈려 질문드립니다ㅠ 답변에 미리 감사드립니다.",네. 중요한 논점이 아니라서 시험에 이를 구분하는 문제는 나오지 않습니다. 그리고 <또는>이라고 표현한 이유는 그 사람이 있을 수도 있고 없을 수도 있기 때문입니다. 열공하세요~, ,,18.02.12
특허법,문제,140조,"[140, 140의2] 객관식 716번 질문드립니다.","716. 특허법상 심판에 관한 설명으로 옳지 않은 것은? (2010기출) ④ 저촉관계로 인한 통상실시권 허여의 심판에 있어서 실시권자는 다른 특허권자에게 지급하여야 할 대가에 대하여 불복할 수 있다. (O) (질문) 특허권과 후특허권이 저촉되는 경우, 통상실시권허여심판이 아니라 등록무효심판에 의해 해결해야 하므로 저촉관계가 발생하지 않아서 틀린 지문 아닌가요? - 물론 이 문제의 다른 보기가 확실하게 틀렸지만 2010기출문제를 찾아보니 확정 답안에 4번 보기도 틀린 것으로 복수정답 처리가 되어있어서 질문드립니다. - (올려주신 객관식 정오표는 모두 확인하였으나 716번은 따로 정정된 바가 없는 것 같아서 문의드립니다.) 감사합니다!","4번은 문제가 <특허법상 심판>이기 때문에 복수정답을 한 것입니다. 특허법상 심판은 선 디자인, 상표와 후 특허의 저촉관계를 법 제98조에서 규정하고 있고, 따라서 4번 지문에서 <다른 특허권자>를 틀리다고 판단한 것입니다. 그런데, 문제가 <심판>이라고 표현되어 있으면 틀린 지문이 아닙니다. 밑에 동일한 질문이 있으니 검색해 보세요.", ,,18.02.13
특허법,조문,138조,[138조]통상실시권 허여심판,"제138조(통상실시권 허락의 심판) ① 특허권자, 전용실시권자 또는 통상실시권자는 해당 특허발명이 제98조에 해당하여 실시의 허락을 받으려는 경우에 그 타인이 정당한 이유 없이 허락하지 아니하거나 그 타인의 허락을 받을 수 없을 때에는 자기의 특허발명의 실시에 필요한 범위에서 통상실시권 허락의 심판을 청구할 수 있다. ② 제1항에 따른 청구가 있는 경우에 그 특허발명이 그 특허출원일 전에 출원된 타인의 특허발명 또는 등록실용신안과 비교하여 상당한 경제적 가치가 있는 중요한 기술적 진보를 가져오는 것이 아니면 통상실시권을 허락하여서는 아니 된다. ③ 제1항에 따른 심판에 따라 통상실시권을 허락한 자가 그 통상실시권을 허락받은 자의 특허발명을 실시할 필요가 있는 경우 그 통상실시권을 허락받은 자가 실시를 허락하지 아니하거나 실시의 허락을 받을 수 없을 때에는 통상실시권을 허락받아 실시하려는 특허발명의 범위에서 통상실시권 허락의 심판을 청구할 수 있다. ④ 제1항 및 제3항에 따라 통상실시권을 허락받은 자는 특허권자, 실용신안권자, 디자인권자 또는 그 전용실시권자에게 대가를 지급하여야 한다. 다만, 자기가 책임질 수 없는 사유로 지급할 수 없는 경우에는 그 대가를 공탁하여야 한다. ⑤ 제4항에 따른 통상실시권자는 그 대가를 지급하지 아니하거나 공탁을 하지 아니하면 그 특허발명, 등록실용신안 또는 등록디자인이나 이와 유사한 디자인을 실시할 수 없다. 1. 98조에 따라 상표권과 저촉관계에 존재하는 특허의 경우 통상실시허락심판을 청구 할 수있나요 ? (청구인 : 특허권자 / 피청구인 : 상표권자) 이에 따라 통상실시권을 허락 받는다면 5항에 따라 대가를 지급하지 않아도 실시 할 수 있는것인가요 ? 2. 1번이 가능하다면 역으로 상표법에는 허락심판이 규정되어 있지 않으니 상표권자가 청구인으로 특허권자를 피청구인으로하는 것은 불가능하게 되는것이 맞나요 ?? 산재법이 섞여있으니 헷갈려서 질문올립니다. 저작자 표시컨텐츠변경비영리",1.2번 모두 불가능합니다., ,,18.02.13
특허법,조문,133조,[133조] 무효심판의 주체,"안녕하세요 임병웅 변리사님. 지금까지 계속 도해특허법으로 회독수를 늘려오고 있었는데요, 227페이지 하단에 '무효심판에 의한 무효' 부분의 설명에서 주체가 '이해관계인 또는 심사관(단, 설정등록이 있는 날로부터 등록공고일 후 3개월까지는 누구든지)' 라고 되어있는데, 이게 맞나요? 다른 책에서는 이런 말을 본 적이 한 번도 없는 것 같아서요.",안녕하세요? 구법 내용입니다. 수험자료에 도해 추록이 있으니 확인하세요~, ,,18.02.15
특허법,조문,137조4항,[137조 제4항] 133조의2 제6항은 준용하지 않는 이유,137조 제4항에서 133조의2 제6항은 준용하지 않아 정정무효 청구된 청구항을 정정무효심판 중 정정청구하는 경우에는 독립특허요건 배제하지않고있습니다. 따라서 심사의 중복이 발생하게되는것으로 해석되는데 특별한 이유가 있나요? 아니면 단순한 불비인가요? 저작자 표시컨텐츠변경비영리,"정정무효심판을 정정 자체의 무효를 구하는 것이고, 청구항별 정정의 무효를 구하는 심판이 아니기 때문입니다. 그리고 정정청구를 인정하는 것과 정정무효심판의 무효사유가 있는 것은 다를 수 있기 때문입니다. 열공하세요~", ,,18.02.16
특허법,조문,136조,[136조] 정정과 침해,"안녕하세요 임병웅 변리사님 :) 정정 전후의 침해성립 여부에 관한 질문입니다. 제가 스스로 정리하기를, '정정이 이루어졌더라도 침해가 일어난 당시의 청구범위를 기준으로 침해여부를 판단해야 겠다'고 정리했는데요, 판례강의에서 변리사님께서 해당 내용에 대해 설명하신 내용을 인용하면, ""침해인지 여부 판단은 정정 후 청구범위로 한다. 정정 후 청구범위로 판단했을 때 침해가 인정되는 경우에 한하여 '침해죄'를 묻는 것이 가능하고, '침해죄'를 판단하는 기준은 정정 전의 청구범위를 기준으로 한다. 따라서 정정 전과 후 범위에 모두 침해가 성립해야 침해죄를 묻는 것이 가능하다."" 라고 강의해 주셨습니다. 질문1) 정정 이전에 청구범위에 대한 침해가 발생했더라도, 정정한 이후에는 그 침해 행위에 대해서 침해 주장을 할 수 없다는 건가요?? 질문2) 정정 이전에 이루어졌던 제3자의 실시행위가 / 정정 이전 청구범위에 의해서는 침해가 아니었지만 정정 이후 청구범위에 대해서는 침해가 성립하는 경우 / 그 정정이 이루어지기 전의 실시행위에 대해서 침해주장을 할 수 있는 것인지 궁금합니다. 질문3) ""정정 전에 행하여진 피고인의 제품 제조, 판매행위가 특허권 침해죄에 해당하는지 여부를 판단함에 있어 정정 전의 청구범위를 침해대상 특허발명으로 삼은 원심의 판단은 정당하다.(대법원 2005도1262)"" 는 대법원의 판례는 어떻게 받아들어여야 하는가에 대해서도 변리사님의 지도 부탁드립니다. 질문4) 정정 이전 이후에 대한 법률관계를 판단할 때, 청구시점을 기준으로 전/후 판단을 해야하는 건가요, 아니면 정정이 확정된 시점을 기준으로 전/후를 판단해야 하는 건가요??","안녕하세요? 그 동안 잘못 정리하고 있었습니다. 답변드리면, 1. 네 2. 할 수 있습니다. 정정의 소급효 때문입니다. 3. 강의한 내용 그대로입니다. 4. 확정된 시점을 기준으로 소급효가 발생합니다. 열공하세요~", ,,18.02.17
특허법,판례,136조4항,[136조4항] 특허법원 2012.10.25 선고 2012허6342 관련,"안녕하세요 변리사님, 특허법원 2012.10.25 선고 2012허6342 판례 관련 질문드립니다~ 특허법원 2012.10.25 선고 2012허6342 에서 ""구 특허법 제136조 제1항 제3호에 기한 정정심판 절차에서 정정대상으로 삼지 않은 다른 부분에 불명료한 기재가 있다고 하여 정정심판 청구를 기각하여야 하는지 여부(소극)"" 으로 판례집에 나와있는데요, (p292) 1) 예를 들어서, 특허권자가 136조1항3호에 기한 정정심판을 청구하여 정정된 명세서와 도면을 제출하였는데, 애초 정정전 명세서에 3부분에 불명료한 기재가 있었고 정정 된 명세서는 이 중 2개부분이 명확하게 되었으나, 아직 1부분이 명확하지 않게 남아있게된 경우, 그 1부분이 명확하지 않다고 하여 정정심판을 기각할 수는 없다 라고 이해하면 되는 것인가요?? 2) 만약, 136조5항에 136조1항3호에 기한 정정도 포함되어 있었으면 위 1)의 경우에 명확하지 않게 남아있게 된 부분에 의하여 정정후 특허를 받을 수 없게 된 것이라면 정정심판을 기각하여야 하는 것인가요?? 3) 위와 다르게 만약, 특허권자가 136조1항2호에 기한 정정심판을 청구한 경우에 있어서 정정된 명세서와 도면을 제출하였는데, 애초 정정전 명세서에 3부분에 잘못된 기재가 있었고, 정정된 명세서에 의해 2부분은 올바르게 정정되었으나, 나머지 1부분은 아직 잘못된 기재로 남아있는 경우, 이 부분 때문에 정정 후에도 특허받을 수 없게 되면 정정심판은 기각되게 되고, 만약 잘못 기재된 부분이 남아있어도 출원시 특허받을 수 있는 것이라면 기각되지 않게 되는 것인가요?? 4) 정정심판 청구할 때에 136조1항 각호 중 어느 호에 해당하는 정정심판청구인지 구체적으로 기재하여야 하나요?? 감사합니다~~","안녕하세요? 1. 네 2. 네 3. 네 4. 네, 다만 그렇지 않더라도 직권심리하여 판단합니다. 열공하세요~", ,,18.02.18
특허법,조문,163조,([163조]일사부재리 가 미치지 않는경우,안녕하세요 임병웅변리사님~ 공부하다 궁금한 점이 생겨 질문 드립니다. -확정심결과 확정판결 사이에는 일사부재리가 미치지 않는다(ㅇ) 위 지문이 어떠한 상황인지 이해가 가지 않아서 질문 합니다~!ㅠㅠ 본안 심결이 확정되었을때 후에 민사소송들을 제기하는 것은 동일한 심판청구가 아니기 때문에 미치지 않는다는 의미인가요?? 감사합니다.,안녕하세요? 네. 그렇습니다. 제목 법조문이 틀렸네요. 수정해 주세요~, ,,18.02.19
특허법,문제,142조,[142조] 객관식 711번 질문입니다.,"임병웅 변리사님 안녕하세요. 문제) 특허법 객관식 711번 - 보기(라) : 이해관계의 존부는 심판관의 직권조사사항으로서 심판청구 당시에는 이해관계가 있더라도 심결시에 이해관계가 없으면 심결로써 기각해야 한다. - 해설 : 흠결을 보정할 수 없는 경우로써 심판관합의체는 심결로써 심판청구를 각하하여야 한다(142조). 질문) 142조는 ""부적법한 심판청구로서 그 흠을 보정할 수 없을 때에는 피청구인에게 답변서 제출의 기회를 주지 아니하고, 심결로써 그 청구를 각하할 수 있다.""고 되어있어서 위 문제의 해설 부분의 ""각하하여야 한다""는 표현이 오타인지 여부가 궁금합니다. 정오표를 참고해봤는데 해당 내용이 없는 것 같습니다. 항상 답변 감사드립니다~","안녕하세요? 전혀 잘못 이해하고 있습니다. 법 제142조에서 답변서 제출기회가 재량인 것이고, 심결시라면 이미 답변서 제출기회를 준 것이기 때문에, 각하하여야 한다가 맞는 표현이 되는 것입니다. 열공하세요~", ,,18.02.21
특허법,조문,140조,"[140,140의 2] 중복심판청구",중복심판청구인지는 심판의 심결시에 판단하고 일사부재리는 심판 청구시에 판단하는 것이라 알고 있습니다. 시간 순서대로 甲 乙 甲 乙 심판청구 심판청구시 심결확정 심결시 일사부재리X 중복심판청구X 다음과 같이 진행된다면 乙의 심판청구는 일사부재리와 중복심판청구의 적용을 모두 받지 않아 다른 요건이 없으면 적법한 심판청구로 심결이 이루어지게 되나요??,"앞의 을의 심판청구는 본안심결을 해야 하는 것이지만, 뒤의 을의 심판청구는 일사부재리가 적용될 가능성이 있습니다.", ,,18.02.24
특허법,문제,163조,[163조] 일사부재리,"객관식특허법 820번에 1번보기입니다. 특허취소신청에 대해서 기각결정이 확정된 경우 누구든지 그 사건에 대해 동일사실 및 동일증거에 의해 특허무효심판을 청구하는 경우 심결각하된다. 라고 나와있습니다. 해설에는 특허취소신청과 특허무효심판은 일사부재리가 적용되지 않기 때문에 기각결정을 받은 특허취소신청인은 특허무효심판을 통해 다시 다툴 수 있다.(法 163참조)라고 쓰여있습니다. 첫째로는 구문이 이해가 안가서 질문 드립니다. 특허취소신청 과 특허무효심판 사이에 일사부재리가 적용되지 않는다는건지 특허취소신청과 특허무효심판 둘 다 적용되지 않는다는 건지 궁금합니다. 둘째로는 만일 첫째 질문의 답이 전자에 해당한다면 여기서 일사부재리는 확정 ""심결""에만 적용되는 것이고 취소신청에 대해서는 기각 ""결정""이나 취소""결정""이어서 무효심판에 대해서 뿐만 아니라 심결이 없어서 일사부재리를 남기지 않는 것인지 궁금합니다.",1. 양자 사이에 적용되지 않습니다. 2. 네. 법 제163조 그대로 이해하면 됩니다., ,,18.02.25
특허법,문제,137조,[137조]객관식 825번 정정무효심판에서의 정정요건,"안녕하세요 객관식 825번 질문있습니다 4번보기 '정정무효심판이 청구된 청구항을 정정하는 경우에는 ""특허출원하였을 때에 특허를 받을 수 있을 것""은 적용되지 아니한다.' (옳지 않음) 해설 정정무효심판은 정정 그 자체의 무효를 구하는 것으로서, 청구항별로 청구하는 것은 아니다. 따라서 이와 같은 요건은 특허취소신청, 특허무효심판에서의 특허의 정정에서만 적용된다. 질문1. 해설에 따르면 4번지문이 옳지 않은 이유는 '정정무효심판이 청구된 청구항'이라는 문구가 틀렸기 때문으로 보이는데 제가 잘 이해한걸까요? 질문2. '특허출원하였을 때 특허를 받을 수 있을 것'요건이 정정무효심판에서의 정정에 적용되지 않는다는 게 잘 이해가 안됩니다. 정정무효심판을 청구항별로 청구할 수 없다는 것은 이해가 되지만, 위 요건은 정정청구 하였을 때의 요건인데 정정무효심판에서 일부 청구항을 정정하였다면 그대로 적용되어야 하는것이 아닌가요? 도해에도 정정무효심판에서의 정정에 대한 객체적 요건을 다른 절차에서의 정정청구의 요건과 구분하지 않고 있어 혼동됩니다.",정정무효심판으로 검색해 보고 다시 질문해 주세요. 얼마 전에 동일한 질문이 있었습니다., ,,18.02.25
특허법,조문,136조,136조 정정심판,"임변리사님 안녕하세요, 정정심판은 청구범위의 감축, 잘못 기재된 사항의 정정, 명확하지 않은 사항을 명확하게 하는 경우에 할 수 있지만 보정과 달리 '청구범위를 실질적으로 변경하지 않을 것'도 만족해야 하는 것으로 아는데요 그렇다면 청구항 하나를 삭제하는 것은 청구범위를 실질적으로 변경하기 때문에 불가한가요? 정정심판에서의 청구항 삭제가 인용되었는데 무효심판이 특법계속중일때~ 등의 판례 등에서는 청구항 삭제 정정이 가능하다는 전제를 둔 것일텐데 문득 정정심판의 객체적 요건과 상충되는 것은 아닌지 궁금합니다. 혹 보정에서 청구항 삭제의 경우에는 심사의 지연을 초래하지 않기 때문에 보정각하하지 않는 것처럼 같은 이유로 인정해주는것인가요? 너무 당연한 것을 질문드렸다면 죄송합니다.. 공부에 항상 정말 정말 많은 도움이 됩니다! 뒤늦게 기본강의때 변리사님께서 하셨던 말씀들이 정말 다.. 중요한 문장들이었구나..를 복습하면서야 깨닫네요ㅜㅜ 좋은 하루 되세요!!",청구항 삭제는 실질적 변경이 아니기 때문에 허용됩니다~, ,,18.02.26
특허법,조문,132조의2,[132조의2 와 136조] 특허취소신청에서 정정심판청구 시기적 요건,"안녕하세요. 도해에서 정정심판청구의 시기적 요건과 관련하여 질문드립니다. 무효심판이 심판원에 계속 중인 경우는 정정심판 청구가 허용되지 않고, 무효심판이 특허법원이나 대법원에 계속 중인 때에는 정정심판이 가능합니다. 그런데 도해 내용 중 특허취소신청은 특허취소신청 후 결정이 확정될 때까지. 단, 무효심판이 특허법원에 계속 중인 때에는 변론종결 전까지. 라고 기재 되어있습니다. 또한 그 다음 페이지 표에서는 세모로 표시 되어있습니다. Q1. 그렇다면 특허취소신청과 무효심판에 대한 정정심판청구 가능한 시기적 요건이 다른 것인가요 ?? Q2. 특허취소신청이 대법원에 계속 중이면 정정심판이 허용 안되는 건가요 ?? Q3. 시기적 기준 내용에 특허취소신청은 특허취소신청 후 결정이 확정될 때까지. 단, 무효심판이 특허법원에 계속 중인 때에는 변론종결 전까지. 라고 기재되어있는데요, 특허취소신청을 판단하고 있는데 왜 갑자기 <무효심판이 특허법원에 계속 중일 때에는 변론종결전. 까지>라고 되어있는건가요 ?? 단, 이 부분에서 취소신청을 논하는 중에 무효심판이 튀어나오는게 이해가 잘 되지 않습니다. 감사합니다.",1. 네 2. 네 3. overlap 되는 경우를 가정하고 있는 것입니다. 열공하세요~, ,,18.03.02
특허법,문제,133조,[133조] 정정을 통한 무효사유의 치유,"안녕하세요 임병웅 변리사님 :) 거절이유 있는 출원이 착오로 등록된 경우, 무효사유가 치유될 수 있는지에 대한 질문입니다. 오류의 정정에는 ~~ 및 발명의 설명과 청구범위가 일치하지 아니하거나 모순이 있는 경우 이를 통일하여 모순이 없게 하는 것 등의 포함된다고 해석된다. (2014후2184) 제가 잘 이해를 했다면, 위 판례내용이 42조 4항 1호의 경우 정정이 가능하다는 거 같은데 그렇다면 42조 3항 1호 or 42조 4항의 위반이 있지만 착오로 등록된 경우, 위와 같은 정정을 통해 무효사유를 치유할 수 있는지 궁금합니다. 또한 그 밖에도 무효심판의 대상이 되는 특허권의 하자가 치유될 수 있는 경우가 있는지 궁금합니다. 저작자 표시컨텐츠변경비영리","안녕하세요? 정정을 통해 하자를 치유할 수 없다면 정정 제도를 인정할 이유가 없습니다. 다만, 모든 하자가 치유되는 것은 아니고, 정정의 요건을 만족하는 범위 내에서만 가능할 뿐입니다. 열공하세요~", ,,18.03.04
특허법,조문,133조,[133조] 무효심판 계속 중 당사자 추가,"안녕하세요 임병웅 변리사님 :) 1. 이해관계인이 공유인 특허권에 대해 무효심판를 청구하는데 공유 특허권자 중 일부가 피청구인 기재에서 누락된 경우, 심판 진행 중에 피청구인을 추가하는 보정이 가능한지 궁금합니다. ----- 추가 질문 ----- 2. 특받권이 공유인 경우일 때 출원시 출원서 출원인란에 공유자 중 일부의 기재가 누락된 경우, 심사 계속 중에 추가가 가능한가요? 3. 거절결정불복심판에 있어서도 공동출원을 했는데 거불심을 청구하면서 공동출원인 중 일부가 청구인에서 누락된 경우에 심판계속 중에 이를 추가할 수 있나요? 4-1. 거불심 심결취소소송 제기시, 청구인란에 공동출원인 중 일부에 누락이 있을 경우 소 계속 중에 청구인의 추가가 가능한가요? 4-2. 무효심결 취소소송 제기시, 피청구인란에 공유 특허권자 중 일부의 누락이 있을 경우 소 계속 중에 추가가 가능한가요? 5. 위 1~4질문에서 각각 발명자의 누락이 있을 경우 해당 절차 진행 중에 발명자를 추가하는 것이 가능한가요?","1. 가능합니다. 법 제140조제2항을 확인해 보세요. 2. 가능합니다. 3. 가능합니다. 법 제140조의2제2항을 확인해 보세요. 4-1. 유사필수적 공동소송이기 때문에 다른 당사자 추가가 인정되지 않는 것이 맞습니다. 4-2. 가능합니다. 모두를 피고로 해야 되기 때문입니다. 5. 특허여부결정 전까지는 가능, 후에는 명백한 경우에 가능입니다. 시행규칙 제28조를 읽어 보세요.", ,,18.03.04
특허법,조문,163조,[163조] 일사부재리의 발생 시기,"안녕하세요 임병웅 변리사님 :) 재심사유의 존부와 일사부재리의 발생시기가 연관이 있는지 궁금합니다. 심결이 확정이 되면 '형식적 확정력', 그리고 확정이 된 이후 재심사유도 없어야 '실질적 확정력'이 생기고 실질적 확정력에까지 이르러야 일사부재리효가 생기는 것으로 알고 있습니다. 그런데 163조 조문 표현만으로는 위와 같은 형식적 확정력과 실질적 확정력의 구분이 없이 그냥 형식적확정력만 있으면 일사부재리효가 생긴다고 하여 조금 혼란이 됩니다. 만일 지문에 일사부재리의 발생 시기에 관한 문제가 나온다면, 확정된 이후 '재심의 사유가 없다'는 명시적인 표현이 있어야 일사부재리가 발생하는 것이라고 판단해야 할까요, 아니면 그냥 163조 조문 내용대로 심결이 확정되면 일사부재리가 발생한다고 판단해야 하는것인가요?","잘못 이해하고 있습니다. 형식적 확정력이 생긴 이후 실질적 확정력이 발생하는 것을 일사부재리라고 합니다. 즉, 실질적 확정력=일사부재리입니다.", ,,18.03.05
특허법,조문,134조,[134조] 존속기간연장등록 무효심판에 관한 질문 드립니다.,"안녕하세요 변리사님, 연장등록무효심판은 청구항별로 청구할 수 없고, 연장등록 자체에 대해 무효를 구하는 심판으로 알고있습니다. 청구항1: A라는 발명과 청구항2: B라는 발명을 청구범위로하는 특허가 A,B모두에 대해서 허가에 의한 존속기간연장등록이 되었고 A는 허가가 필요한 발명이었으나 B가 허가가 필요없어서 무효사유를 갖는 연장등록에 대해 무효심판을 청구한 경우, A에대해서는 합법적인 연장등록결정이 있었더라도 연장등록무효심판의 특성상 A에 대한 연장등록도 무효로 되는 것인지 궁급합니다. 늘 감사드립니다.",네. 연장등록 자체를 무효로 해야 하기 때문입니다. 열공하세요~, ,,18.03.07
특허법,조문,135조,[135조] 권리범위 확인심판의 심결취소 소송에 관한 질문 드립니다.,"안녕하세요 변리사님, 94후 2223판례를 첨부하겠습니다. ""특허권의 권리범위확인의 심판청구는 현존하는 특허권의 범위를 확정하는 것을 목적으로 하는 것이므로, 일단 적법하게 발생한 특허권이라 할지라도 그 특허권이 소멸되었을 경우에는 그 소멸 이후에는 그 권리범위확인의 이익이 없다(상고심 계속중 존속기간 만료로 소멸된 경우도 동일함)."" 그리고 권리범위확인심판의 심결이 있은 후 특허권이 존속기간만료로 소멸한 경우에, 심결취소소송이 제기되어 있다면 그 취소소송은 부적법하여 각하가 되는 것으로 알고있습니다. 그런데 그 이유가 궁금합니다. 위와같이 심결취소소송 계속 중 특허권이 존속기간만료로 소멸하는 경우에 소각하가 된다면 권리범위확인심판의 심결이 확정될 것이고 그 심결은 민사 침해소송에서 법원을 기속하지는 못할 지언정 판단에 유용한 근거가 되는것인데 그렇다면 권리범위심판의 당사자들로서는 자신에게 불리한 효과를 줄 가능성이 큰 심결을 취소할 이익이 있다고 생각이됩니다. 특허권이 존속기간만료로 소멸할 지라도 존속하던 기간에 해당하는 침해에 대해서는 손해배상청구등이 가능하다는 점에서, 권리범위확인심판의 심결을 취소할 이익이 있다고 생각되어서요.. 권리범위확인심판 자체가 특허권이 존속기간만료로 소멸한 이후 청구할 수 없게한것과 같은취지로 심결취소소송도 소각하된다고 이해하고 넘어가야 할까요? 늘 감사드립니다. 저작자 표시컨텐츠변경비영리",네. 그래서 판례를 비판하는 것이 다수적인 견해입니다. 열공하세요~, ,,18.03.08
특허법,조문,135조,[135조] 소극적 권리범위 확인심판에 대해 질문드립니다.,"안녕하세요 변리사님, ""확인대상발명의 실시를 중단하고 향후 실시하지 않겠다는 합의가 있다면"" 청구인의 이해관계가 소멸하여 소극적 권리범위 확인심판이 부적법해져 심결각하되어야 하는 것으로 알고 있습니다. (특허법원 1999.4.8. 선고 98허9697) 그런데 위와 같은 합의가 있는 경우에도 심판 청구인이 과거에 실시했던 내용에 대해서는 특허권자로부터 손해배상청구를 받을 수 있다는점, 그리고 소극적 권리범위 확인심판에서 과거의 실시가 특허발명의 권리범위에 속하는지 판단할 수 있다는점을 생각해보면 청구인으로서는 자신의 과거의 실시에 대해 권리범위 확인심판을 청구할 이해관계가 있다고 생각이되는데 왜 심결각하 되는것인지 궁금합니다. 늘 감사드립니다.","권리범위에 속함을 인정하겠다는 것이 합의의 취지이기 때문에, 별도로 심판을 구할 실익이 없다는 것이 요지입니다. 열공하세요", ,,18.03.11
특허법,판례,136조,[136조] 정정에 대해 질문 드립니다.,"안녕하세요 변리사님, 대법원 2005.9.30. 선고 2004후2451 판결 에서 '청구범위는 각 항이 상호 독립되어 있는 이상 그 독립항을 그대로 두고, 그 독립항을 기술적으로 한정하고 구체화하는 종속항 만을 추가하는 것은 실질적으로 권리범위를 확장하거나 변경하는 것이어서 그와 같은 정정심판청구는 허용될 수 없다.' 라고 하였습니다. 여기서 청구범위가 실질적으로 변경하면 제3자에게 불측의 피해를 주기 때문이라고 알고있는데요, 특허권의 사용금지효와 등록금지효 중에서 제3자에게 어떤 피해가 생기는지 궁금합니다. All Element Rule 에 의해 독립항을 그대로 둔채 종속항을 추가한다 하여도 권리범위의 확장은 일어나지 않는다고 생각이되고 (독립항의 권리범위가 종속항의 권리범위보다 넓기때문에) 특별한 사정이 있을때, 예를들면 독립항이 권리범위가 부정되는 경우 (동일성실기) 종속항의 추가가 권리범위의 확장이 될 수 있다고 생각됩니다. 등록금지효 면에서는 종속항을 부가하는 정정을 하더라도 해당 특허발명이 공지기술로서 갖는 지위는 변함이없고 (최명도 기준) 선출원주의 적용에 의해 후출원을 배제하게되는 효과를 나타낼수있을거라 생각이 됩니다.. 제 생각중 틀린점이 있으면 알려주시고 추가적으로 2004후2451 판례에 대한 코멘트도 해주시면 감사드리겠습니다. 감사합니다",법 제215조에 의해 청구항별로 권리범위가 별개입니다. 없는 권리범위가 하나 더 생기기 때문에 권리범위의 확장입니다. 요약하면 청구항 신설은 청구범위의 확장에 해당합니다. 열공하세요~, ,,18.03.11
특허법,조문,152조,"[152, 156조] 부수적 심판 판단 주체",제척기피결정과 참가결정 주체에 대해 질문드립니다. 조문상에는 심판으로 결정한다고 기재되어 있는데 이 때 판단주체는 심판장이 되는 것인지요? 감사합니다.,심판관합의체가 됩니다. 기본서의 심결 파트 다시 정독해 보세요~, ,,18.03.12
특허법,조문,136조11항,[136조11항]정정의 보정가능기간,136조11항은 162조3항에 따른 심리의 종결이 통지되기전에 정정한 명세서 또는 도면을 보정할 수 있다 합니다. 심리종결통지는 훈시조문이기 때문에 통지를 하지 아니하여도 위법하지 않은데 통지하지 아니한 경우에는 심결시까지 보정이 가능한걸로 보아야하나요??,"심리종결통지를 하지 않았다면, 심결등본송달전까지 보정할 수 있다고 해석하는 것이 타당해 보입니다. 열공하세요~", ,,18.04.04
특허법,조문,136조2항,[136조2항] 무효심판 상고심 계속중 정정심판 청구,"54회 2차 정정문제의 사실관계를 보다가 궁금한 점이 생겨 질문드립니다. 무효심판이 상고심 계속중에 특허권자는 청구항을 삭제하는 정정심판을 청구할 수 있습니다. 그런데 만약 대법원에서 판결이 선고되기 전에 정정심판 인용심결(무효심판 대상인 청구항에 관하여)이 확정되버리면 법률심인 대법원은 파기소각하를 하거나 파기환송 할 것 같습니다. 그렇다면 무조건 특허권자가 승소하게 되는 것 아닌가요?? 상당히 부당한 것 같습니다. 특허권자의 청구항이 삭제되었다 하더라도 심판비용은 모두 패소한 무효심판청구인이 납부 하게 되는 것 같습니다. 혹시 제가 잘못 이해하고 있는건인지, 맞게 이해했다면 실무에서 어떤식으로 다루어 지는지 궁금합니다.","청구항을 삭제하는 정정이 있어 파기환송되면, 특허법원에서 다시 다투게 되는 것이고, 특허권자가 무조건 승소하는 것은 아닙니다. 열공하세요~",하지만 무효심판의 대상인 청구항이 삭제됬으니 특허법원에서는 소의이익이 없어 소각하 판결하면 특허권자가 승소하게 되는 것 아닌가요??,"이 경우에는 패소자 부담 원칙의 예외가 적용됩니다(심판편람, 804p). 참고로, 말씀하신 사실관계만 보면, 무효심판 대상인 청구항에 대해 삭제보정을 왜 하는지 잘 모르겠네요. 어차피 일부 무효가 되는데요.",18.04.10
특허법,조문,136조,[136조] 최근판례 청구범위에 기재되지 아니한 사항을 발명의 설명에서 삭제하는 정정,"안녕하세요 변리사님 정정요건인 ‘분명하지 아니한 기재를 명확하게 하는 경우’의 판단기준 을 설시한 판례에서 사용한 '오류의 정정'이라는 단어에 의문이 들어 질문 드립니다. (1) 판례의 설시 사항입니다. 대법원 2016. 11. 25. 선고 2014후2184 판결 【등록무효(특)】 (중략) 특허청구범위를 실질적으로 확장하거나 변경하는 것은 허용하지 아니하고, 제3자의 권리를 침해할 우려가 없는 범위 내에서의 특허청구범위의 감축이나, 오기를 정정하고 기재상의 불비를 해소하여 바르게 하는 오류의 정정은 허용하는 데 있다고 할 것이다. 이러한 규정 취지에 비추어 보면, 이와 같은 오류의 정정에는 특허청구범위에 관한 기재 자체가 명료하지 아니한 경우 그 의미를 명확하게 하든가 기재상의 불비를 해소하는 것 및 발명의 상세한 설명과 특허청구범위가 일치하지 아니하거나 모순이 있는 경우 이를 통일하여 모순이 없게 하는 것 등이 포함된다고 해석된다(대법원 2006. 7. 28. 선고 2004후3096 판결, 대법원 2013. 2. 28. 선고 2011후3193 판결 등 참조). (2) 의문점: 오류의 정정이 '분명하지 아니한 기재를 명확하게 하는 경우’에 해당는지, '잘못기재된 사항의 정정'에 해당하는지? 136조 1항에는 정정요건으로 (1) 청구범위 감축, (2) 잘못된 기재 사항의 정정, (3) 분명하지 아니하게 기재된 사항의 명확화 세가지를 들고있습니다. 본 판결에서 조문과 표현이 다른 '오류의 정정' 을 원심판결에서의 '분명하지 아니한 기재를 명확하게 하는 경우’ 에대한 판단으로 판시하고 있습니다. 허나, 대법원 1989. 3. 28. 선고 87후63 판결 [특허정정허가] 등의 내용을 보면, <오류의 정정>이 136조 1항 3호에 한정되어 있지 않고 2호, 더 나아가 1호까지도 포함된 것으로 판시된 듯 한데, 본 판결의 오류의 정정에 대한 명확한 범위가 궁금합니다. 답변과 변리사님의 시간에 대해 미리 감사드립니다. 저작자 표시컨텐츠변경비영리","안녕하세요? 임변입니다. 오류의 정정은 법조문상 표현은 아닌데, 판례에서는 법 제136조제1항제2호, 제3호를 합하여 오류의 정정이라고 표현하고 있습니다. 열공하세요~", ,,18.04.17
특허법,조문,136조,[136조] 정정범위와 정정대상,"임병웅변리사님 안녕하세요~ 질문1) 정정의 범위와 관련하여, ‘청구범위’가 아니라 ‘발명의설명 or 도면’의 정정의 경우에도 의 잘못기재된 사항 정정(1항2호) or 불분명한 기재 명확화(1항3호) 중 하나에 한하여 정정해야 하나요? 질문2) 정정의 대상과 관련하여, 1항 1,3호는 명도기준이지만 2호는 최명도기준인 이유에 대해, 이지특허법에서는 명도기준으로 다수 정정할경우 최명도와 최종명도가 변경될 개연성이 상당하기 때문이라고 적혀있는데요. 위 언급된 논거는 1,3호에도 적용가능한 논거로 볼수 있지는 않나요?? 즉, 1,3호에 따른 정정의 경우에도 최명도와 최종명도가 변경될 개연성이 높을수 있지 않나요? 답변부탁드립니다!","안녕하세요? 1. 청구범위의 감축의 경우에도 가능합니다. 예를 들어, 발명의 설명에서 용어의 정의를 줄이는 정정을 하는 경우 그 정정에 의해 청구범위의 감축이 일어나게 됩니다. 2. 잘못된 기재된 정정의 경우 판단대상을 최명도로 하는 것이 객관성이 있다는 것이고, 나머지는 객관성과 관련이 없어서 해당사항이 없습니다. 한편, 신규사항추가위반을 해소하기 위한 정정을 인정하기 위한 관점에서도 최명도를 기준으로 합니다. 열공하세요~", ,,18.04.18
특허법,조문,135조,[135조] 권리 대 권리의 권리범위 확인심판 질문입니다,안녕하세요 임병웅 강사님 권리대 권리의 적극적 권리범위 확인 심판이 허용되지 않는 게 잘 이해가 안되는데요.. 왜 이게 타방의 무효사유를 판단하는 것이 되는건가요..? 그리고 권리범위 확인심판은 단순한 확인심판에 불과하므로 인용심결에 의해 어떤 형성적 효력을 미치는것 아닌가요...? 답변 감사합니다!,"안녕하세요? 특허권 상호간의 적극적 권리범위확인심판에 의해 인용심결이 확정되면, 타방의 권리가 선출원주의 위반으로 잘못 등록되었다는 것을 의미하므로 형성적 심결의 성격을 지니게 되어 잘못되었다는 것이 법리입니다. 열공하세요~", ,,18.04.24
특허법,조문,135조,[135조]적극적 권리범위확인심판 일부인용심결,"안녕하세요 권리범위확인심판에 대해 질문 드립니다. 복수의 특허 청구항을 가진 발명에 있어 소극적 권리범위확인심판의 경우에는 항상 전부에 대해 심리하고 전부심결한다는 것으로 알고 있습니다. 그런데 적극적 권리범위확인심판 청구시 청구항을 지정하지 않은 경우 심판편람은 전부에 대하여 판단하고 청구항별로 주문에 밝혀 일부인용, 일부기각심결하는 것으로 알고 있는데, 판례(98허6452)는 어느 한 항에만 속한다고 심리한 경우 (심판청구인이 확인대상발명 청구항 모두에 속한다는 취지의 확인을 구하지 않는 이상) 청구항별로 심판청구 인용하거나 기각하여야 할 것은 아니라고 판시하였습니다 <어느 한 항에 대한 인용심리 된 경우 바로 인용 가능한 것?> 이 때 판례에 따르면 심결은 전부인용심결해야하는 건가요?? 예를 들어 5개의 청구항에 대하여 적극적 권리범위확인심판청구 했는데 2개는 권리범위에 속하지 않으나 1개는 속한다는 심리가 든 경우 판례에 따르면 더 이상 심리하지 않고 인용 가능할 것인데, 이 때 일부인용심결해야하나요, 전부인용심결해야하나요?? 저작자 표시컨텐츠변경비영리","안녕하세요? 선택적 병합(전부인용)인지 아니면 단순 병합(일부 인용)인지 여부에 따라 달리해야 하며, 불분명한 경우 석명권을 행사해야 합니다. 기본서를 정독해 보세요. 그리고 질문 제문이 규칙이 맞지 않으니 수정해 주세요.", ,,18.05.18
특허법,문제,133조1항,[133조1항괄호] 특허를 받을 수 있는 권리를 가진자 의미,안녕하세요 133조 1항의 괄호에서 '특허를 받을 수 있는 권리를 가진자만'의 의미에 대해서 문의드립니다 무효심판은 설정등록된 특허권에 대해서 하는 것이고 특허를 받을 수 있는 권리는 설정등록으로 인해 소멸한다고 하는데요 그러면 133조1항 2조 본문의 33조1항이나 44조 위반인 경우 무효심판의 심결확정 전에도 무효심판 청구만으로도 특허를 받을 수 있는 권리가 소멸되지 않는 것으로 보아 133조1항 괄호의 '특허를 받을 수 있는 권리를 가진자' 가 있을 수 있는 건가요? 아니면 제가 조문을 이해를 못하고 다른 의미가 있는 건가요?,"안녕하세요? 무권리자가 출원하여 특허를 받을 수 있는 권리가 없음에도 불구하고 착오로 등록되었기 때문에, 여전히 특허를 받을 수 있는 권리를 가진 정당한 권리자가 무효심판을 청구할 수 있다는 것입니다. 열공하세요~", ,,18.05.25
특허법,조문,133조,133조 청구기간,이 그림에서 설명해주실때 특허권이 '무효심결확정'에 의하여 소급하여 소멸한 경우에는 '특허무효심판'을 청구할 실익이 없어서 무효심판은 심결각하된다라고 하셨는데 앞에서 말한 '무효심결확정'이 뒤에서 말한 '특허무효심판'에 의한건데 '특허무효심판'을 청구할 실익이 없어서 무효심판이 심결각하되는게 무슨말인지 모르겠습니다. 위에문단은 강의노트로 잘이해가 되는데 아래문단은 이해가 안됩니다....아래 문단에서 무효심결확정을 일으키는 것과 후자의 특허무효심판은 다른건가요??,"무효심판청구(제1청구)에 의한 무효심결이 확정되어 소급소멸한 경우, 또 다른 무효심판청구(제2청구)는 심결각하된다는 의미입니다. 열공하세요~", ,,18.06.15
특허법,조문,163조,163조 일사부재리 질문드립니다.,1. 동일사실 판단 무효사유가 같으면 동일사실로 판단하는데 29조1항1호와 29조1항2호의 경우는 동일사실이라 보아야 하나요?? 감사합니다.,네. 동일사실입니다. 기본서를 정독해 보세요~, ,,18.06.28
특허법,조문,135조,135조 확인대상발명 특정 질문드립니다.,1. a+b+c+d 등록하고 a+b+c+d'+e 를 실시하는 경우 (1) a+b+c'+d'을 확인대상 발명으로 소극권범은 확인의 이익을 부정하고 a+b+c를 확인대상 발명으로 소극권범하면 확인의 이익을 긍정하는 것인가요? (2) 위 질문이 맞다면 확인의 이익이 있으려면 실시발명과 동일하거나 실시발명과 실시발명에서 일부 생략한 구성요소를 확인대상발명으로 지정해야 된다는 것인지 궁굼합니다. 2. a+b+c+d 등록 후 a+b+c 실시하는 경우 확인대상발명으로 a+b+c 를 지정하여 적극권범 하면 d를 비교할 수 없어도 판례의 태도처럼 대비할 수 있을만큼 구체적이고 차이점을 비교할 수 있게 특정된 것으로 보는 것인가요? 감사합니다.,"1. 그렇지 않습니다 .미래의 이해관계, 즉 실시할 예정이 있다면 확인의 이익이 있습니다. 2. 네. 그렇습니다. 열공하세요~", ,,18.06.30
특허법,조문,163조,[163]의 일사부재리 판단시점 관련한 질문입니다,"안녕하세요 임병웅 변리사님 일사부재리의 판단시점 관련한 질문입니다.. 종래에는 일사부재리의 판단시점을 심결시로 판단했던것으로 알고있는데, 이는 일사부재리가 심판요건에 해당하며, 심판요건은 일반적으로 심결시 기준으로 판단하기 때문에 일사부재리의 판단시점도 단순히 심결시로 판단했던건가요...? 그게 아니라면, 종래에 일사부재리의 판단시점을 심결시로 판단한 근거는 무엇인가요..?",최대한 본안심리를 적게 하기 위해서입니다. 열공하세요~, ,,18.06.30
특허법,조문,135조,135조 권범심 확인대상발명 특정 질문드립니다.,"1. 어떤 판례들은 특허발명과 대응하는 구성 일부가 기재되어 있지 않거나 불명확해도 나머지 구성만으로 판단할 수 있는 특단의 사정이 있 는 경우 특정으로 본다. (자유기술발명인 경우, 종속항과 대응은 안되나 독립항에 속하는지 분명한 경우 등) 하여 불명확해도 권범 판단이 가능하면 확인의 이익 인정한 듯한 판시를 하였고 또 다른 판례는 일사부재리 효력이 불명확해진다 하여 나머지 구성만으로 권범에 속하는지 판단가능해도 확인의 이익 없다는 판시를 하고 있는데 확인의 이익 없는게 원칙이고 자유기술발명인 경우, 종속항 대응 안되나 독립항에 속함이 분명한 경우 를 예외라고 이해 해야 하는 것인가요?? 2. 판례 강의에서 배치되는 판시는 아니라고 하셨던 기억이 있는 거 같은데 잘 기억이 안나서 질문드립니다. ㅠ 감사합니다.","독립항과 대응되는 구성요소가 불명확한 경우 확인의 이익이 없고, 독립항의 권리범위에 속하지 아니하면 종속항과 대응되는 구성요소가 불명확한 경우 확인의 이익이 있습니다. 기본서를 정독해 보세요~", ,,18.07.06
특허법,조문,136조,[136] 정정의 범위에 대한 질문입니다.,"안녕하세요 임병웅 변리사님 정정의 판례에 대한 질문입니다. 구 특허법(2009. 1. 30. 법률 제9381호로 개정되기 전의 것) 제133조의2, 제136조 제3항의 규정 취지는 무효심판의 피청구인이 된 특허권자에게 별도의 정정심판을 청구하지 않더라도 그 무효심판절차 내에서 정정청구를 할 수 있게 해주되, 특허청구범위를 실질적으로 확장하거나 변경하는 것은 허용하지 아니하고, 제3자의 권리를 침해할 우려가 없는 범위 내에서의 특허청구범위의 감축이나, 오기를 정정하고 기재상의 불비를 해소하여 바르게 하는 오류의 정정은 허용하는 데 있다고 할 것이다. 이러한 규정 취지에 비추어 보면, 이와 같은 오류의 정정에는 특허청구범위에 관한 기재 자체가 명료하지 아니한 경우 그 의미를 명확하게 하든가 기재상의 불비를 해소하는 것 및 발명의 상세한 설명과 특허청구범위가 일치하지 아니하거나 모순이 있는 경우 이를 통일하여 모순이 없게 하는 것 등이 포함된다고 해석된다 최근 2014후2184 판결에서는 해당 판시를 인용하면서, 청구범위에 기재되지 않은 발명의 설명에만 기재된 발명을 삭제하는 보정은 부적법하다는 취지의 판시를 내린바 있는데요.. 해당 판결은 현행법상 어느조문을 해석한데 따른 판결인건가요?? 현행법 136조 1항 2호 3호의 정정 부분인건가요?? 답변 감사합니다.",안녕하세요? 네. 그렇습니다. 열공하세요~, ,,18.07.07
특허법,문제,134조,134조 특허권 존속기간의 연장등록의 무효심판,안녕하세요 변리사님. 134조의 1항(허가 등에 따른 연장등록에 대한 무효심판청구)을 보면 2호에 특허권자 또는 그 특허권의 전용실시권 또는 등록된 통상실시권을 가진자가 허가 등을 받지 아니한 출원에 대하여 무효사유로 되어있는데 여기서 등록된 통상실시권자에 법정실시권자는 포함되는건가요? 아니면 법정실시권자도 등록하고 허가를 받아야 하나요?,안녕하세요? 등록을 요하는 취지는 심사나 무효심판 과정에서 다툼이 있는 경우 이를 명확히 하기 위해서입니다. 따라서 법정실시권자도 등록을 받는 것이 맞습니다. 열공하세요~, ,,18.07.12
특허법,조문,,의견서와 답변서의 차이가 궁금합니다,"안녕하세요! 조문을 읽다보니 어떤곳에는 의견서, 어떤곳에는 답변서라고 나와있어서 차이가 궁금해져 질문 드립니다! 의견서와 답변서의 차이는 무엇인가요?? 읽어주셔서 감사합니다","안녕하세요? 답변서는 상대방의 청구/신청에 대한 대응서류이고, 의견서는 특허청에 대한 대응서류입니다. 제목이 질문규칙에 맞지 않습니다. 해당 조문 찾아서 수정해 주세요~", ,,18.07.15
특허법,문제,135조,[135조] 권리범위확인심판 특정 문제 질문드립니다.,권리범위확인심판에서 특정 문젠데요 2010후296에서 보면 확인대상발명의 설명서에 특허발명의 구성요소와 대응하는 구체적인 구성이 일부 기재되어 있지 않거나 불명확한 부분이 있다고 하더라도 나머지 구성만으로 확인대상발명이 특허발명의 권리범위에 속하는지 여부를 판단할 수 있는 경우에는 확인대상발명은 특정된 것으로 봄이 상당하다 이 판례사안이 종속항 구성요소에 대응되는 확인대상발명의 구성이 기재되어 있지 않더라도 확인대상발명이 독립항의 권리범위에 속하지 아니한 경우에는 확인대상발명이 특허발명과 대비될 수 있을 정도로 특정되었다고 보는건데 독립항과 종속항 관계없이 구성요소만으로 일부 구성 없더라도 나머지 구성만으로 권리범위 속하지 않음 알 수 있다면 저 판례 적용 가능한건가요? 예를들어 특허발명이 a+b+c이고 확인대상발명이 d+e 이면 대응되는 구성요소가 없어 불특정 각하되야되는게 맞지만 특허발명이 a+b+c이고 확인대상발명이 a+b 이면 대응 구성c가 없어도 판례를 적용해 권리범위 속하는지 판단할 수 있으므로 특정된 것으로 보고 기각할 수 있는건가요?,"구성이 있는데 기재되지 않거나 불명확하다면 각하되는 것이고, 구성이 없어서 기재되지 않은 경우에는 AER에 의해 기각되는 것입니다. 질문한 케이스도 위와 같은 기준에 따라 판단하면 됩니다. 열공하세요~", ,,18.07.16
특허법,조문,135조,[135조] 권리간 적극 권범 흠결시 취급 질문입니다,권리대 권리간 적극권리범위 확인심판은 부적법 각하하잖아요? 근데 각하하는 사유가 단지 심판청구 부적법 때문인지 아니면 확인의 이익이 없어서 그런건지 궁금합니다. 판례에는 확인의 이익으로 설시했는데 확인이 이익이 맞나요?,확인의 이익도 심판청구요건 중 하나입니다. 열공하세요~, ,,18.07.16
특허법,조문,133의2,확인의 이익도 심판청구요건 중 하나입니다. 열공하세요~,,, ,,18.07.17
특허법,조문,138조,[138조] 일반적인 경우의 요건,"안녕하세요 임병웅 변리사님 항상 좋은 강의 잘듣고 있습니다. 현재 138조 통상실시권 허락의 심판을 공부하다 질문 사항이 생겨 글 남기게 되었습니다. 138조 2항의 경우에 보면 '타인의 특허발명 또는 등록실용신안과 비교하여'라는 문구가 있어서 1항의 이용저촉관계 중 이용관계로만 특정되고 등록디자인과 유사디자인의 이용은 2항 요건에서 제외(기술적 진보를 비교할 수 없으므로)되는 것으로 이해했습니다. 그럼 이때 2항에서 등록디자인과 유사디자인의 이용이 제외된다는 것은 이용관계 중 등록디자인, 유사디자인의 경우는 아예 통상실시권 허락의 심판을 청구할 수 없다는 의미인가요? 아니면 등록디자인과 유사디자인의 이용도 통상실시권 허락의 심판을 청구할 수 있지만 기술적진보를 비교할수 없으니 2항의 요건까지 만족할 필요가 없다는 의미인가요? 그럼 이때 디자인저촉의 경우는 1항과 4항에 의해 통상실시권 허락 심판을 청구할 수 있는데 2항의 요건은 저촉관계의 경우라 적용이 안되어 2항 요건까지 만족할 필요가 없다고 이해했는데 맞나요?",안녕하세요? 제1항의 요건만 만족하면 심판을 청구할 수 있다는 의미입니다. 열공하세요~, ,,18.07.19
특허법,조문,133조의2,[133조의2] 특허무효심판절차에서 정정,"안녕하세요 변리사님 항상 좋은 수업준비해누셔서 감사합니다 다름이 아니라 정정청구 관련해서 (무효심판, 취소신청, 정정무효심판 도중) 객체적 요건을 만족하지 못 하면 의견서제출기회를 부여하잖아요 그런데 이경우 출원시 의견서제출기회(63조1항)처럼 최초/최후 거이통이라는 개념은 없나요?? 없다면 정정청구는 변론 종결전까지는 정정요건을 만족할 때까지 계속 정정청구할 수 있나요?? 더운데 고생이 많으십니다. 행복한 하루 보내세요!",안녕하세요? 일단 정정청구에서는 최초/최후라는 개념이 없습니다. 그리고 정정청구는 변론 종결전까지가 아니라 각각의 시기적 요건을 만족하는 한 여러 번 할 수 있습니다. 열공하세요~, ,,18.07.21
특허법,문제,133조의2,[133조의 2] 기출문제 질문입니다.,8번 문제를 보면 O 표시가 되어있는데 133조2항에 따라서 무효심판의 경우 언 제든지 청구할 수 있는 거라서 X가 답 아 닌가요?,네. 법이 개정되어서 틀린 지문이네요., ,,18.08.06
특허법,조문,163조,[163조] 일사부재리와 직권심리에 관한 질문,"안녕하세요 임병웅변리사님 일사부재리에 관한 부분을 공부하다 질문사항이 생겨 글 남기게 되었습니다. 아래 그림에서 2시기에 을의 무효심판청구가 일사부재리의 원칙이 적용되는지 안되는지에 관한 질문인데요. 1. 갑의 심판청구에 대한 심결이 인용심결을 받은경우 예외에 적혀 있는 경우는 갑이 무효심판청구를 후발적무효사유로 했다는 것으로 이해했는데 맞나요? 2. 같은 경우 갑의 청구가 후발적무효사유로 인용심결을 받으면 특허권은 장래를 향해소멸하므로 을이 동일사실 및 동일증거(즉, 을도 후발적 무효사유로 청구)로 청구할 경우 일사부재리가 아니라 2번시기부터도 특허권이 없기때문에 대상물이 없어 심결각하 되나요? 3. 그렇다면 아래 그림에서 예외부분에 적힌 을의 청구가 심리진행이 되는경우는 갑이 후발적무효사유로 청구한 다음에 을이 동일사실 및 동일증거로 청구하지 않은경우(즉, 을이 후발적무효사유로 청구하지 않은경우)에만 적용되는건가요? 4. 특허법의 심판의 경우 159조 직권심리에 따라 당사자나 참가인이 신청하지 않은 이유에 대해서도 직권으로 심리가 가능한데 그렇다면 직권으로 다른이유에 대한 심리가 진행된경우에는 일사부재리에서 동일사실 및 동일증거의 요건에서 동일사실에 관한 요건이 어떻게 되는건가요? 예를들어 갑이 1항에대해 신규성으로 무효심판을 청구했지만 심판관이 직권으로 1항에대해 진보성으로 무효사유를 심리하여 심결이 나간경우 일사부재리에서 동일사실은 1항에대해 신규성으로 청구한것인가요 아니면 직권심리한 진보성으로 청구한것인가요? 5. 아래그림의 경우는 갑과 을이 청구한 무효심판에서 직권심리가 된 경우는 배제하고 적용한 것이 맞나요? 항상 좋은강의 해주셔서 감사합니다! 좋은하루 보내세요.",안녕하세요? 1. 네 2. 네 3. 네 4. 진보성이 맞습니다. 일사부재리의 취지는 저촉되는 판단을 해서는 안된다는 것입니다. 5. 배제되었는지 여부가 그림에서는 정확히 나와 있지 않습니다. 열공하세요~, ,,18.08.08
특허법,조문,135조,[135조] 확인대상발명의 특정관련 질문,안녕하세요 임병웅 변리사님 다름이아니라 135조 권리범위확인심판부분을 공부하다 질문사항이 생겨 글남기게 되었습니다. 이지특허법 1097페이지에 2)부분에서 심판장은~보정을 명하는 등의 조치를 취하고~심판청구를 각하하여야 한다.라고 되어있는데 이부분에서 각하는 확인대상발명 특정에 미흡하므로 심판청구를 심결각하하는 것이라 생각하는데 주체가 심판관합의체가 아니라 심판장으로 적혀있어서 질문드립니다. 1. 이 경우 심판관합의체에 의해 심결각하가 되는게 맞나요? 2. 맞다면 2)와 같이 적혀있는 이유가 보정명령은 합의체가아닌 심판장이 내리기 때문인가요?,안녕하세요? 후자가 맞습니다. 열공하세요~, ,,18.08.13
특허법,조문,133조,133조 무효심결 질문드립니다.,"안녕하세요 임병웅 변리사님 궁금한게 있어 질문드립니다. ""판례는 비록 무효사유있는 특허권이라 해도 무효심결확정전까지는 유효함을 추정하는 바 무효사유가 있는 특허권에 대한 침해의 성립도 인정한다."" 라는 지문에 대한 질문입니다. 위 지문에 대하여 맞는 지문이라고 생각을 했습니다. 그 이유는 특허는 다른 권리와 다르게 절차에 의하여 보호되는 권리이므로 무효심결이 확정 되기 전까지는 유효한 권리로 보는 것이라고 배웠기 때문입니다. 그런대 위 지문은 틀린지문이고 해설에는 ""판례는 무효심결확정시에 소급하여 침해가 성립되지 않는다고 한다""라고 나와 있는데... 제가 생각하는 것과 위 판례가 전혀달라 이해를 못하겠습니다... 감사합니다.",안녕하세요? 유효함을 추정하는 것이 아니라 유효한 권리로 간주됩니다. 해설은 무슨 내용인지 모르겠네요, ,,18.08.19
특허법,조문,135조,[135조 권리범위확인심판] 소극적 권리범위확인 심판의 청구범위,"임 변리사님 안녕하세요. 이지특허법에 소극적 권리범위확인심판의 경우 청구항을 특정하지 아니하고 심판청구시 '선택적병합'으로 보아야 한다고 되어있는데요. (17판 1089쪽) 모든 청구항 중 어느 하나의 권리범위에도 속하지 않는다는 심결을 구하는 것이 목적이니까 논리상 일부인용 일부기각 판결을 낼 수 없어서 '단순병합' 이 아닌 '선택적병합'이라고 하신건지요? 원래 선택적 병합이면 하나의 청구에 대해 청구 인용시 나머지 청구에 대해서는 판단을 하지 않는 것이니까, 소극적권리범위확인심판을 선택적병합으로 볼 경우 어떤 청구항에 대해서 권리범위에 속하지 않는다는 판단이 내려지면 결국 나머지 청구항에 대해서는 판단하지 않게 되는 것 아닌가요? 크게 중요한 것은 아니지만 왠지 자꾸 신경쓰여 문의 드립니다. 감사합니다.","안녕하세요? 단순 병합인데 잘못 기술되어 있습니다. 즉, 소극적 권리범위확인심판은 일부인용/기각이 가능합니다. 열공하세요~", ,,18.08.23
특허법,조문,136조5항,[136조 5항] 정정 후 청구범위에 적혀있는 사항의 요건,"임 변리사님 안녕하세요. 136조 5항에서는 정정 후의 청구범위에 적혀있는 사항이 특허출원을 하였을 때에 특허를 받을 수 있을 것을 정정 요건의 하나로 규정하면서, 제1항 3호인 '분명하지 아니하게 기재된 사항을 명확하게 하는 경우'는 제외하고 있는데요. 유독 3호만 제외한 이유는 무엇인지요? 3호에 해당한다해도 정정된 청구항이 출원시 선출원 주의 위반 등에 해당하게 된다면 여전히 정정을 인정해선 안되는 것 아닌가요? 감사합니다.","이지특허법 표현을 그대로 적으면, ""청구범위를 감축하거나 잘못 기재된 사항을 정정하는 경우에만 본 요건에 해당하는지 여부를 판단하고, 분명하지 아니하게 기재된 사항을 명확하게 하는 경우에는 본 요건에 해당하는지 여부를 판단하지 아니한다. 따라서 정정대상으로 삼지 아니한 다른 부분에 분명하지 아니한 기재가 있다고 하더라도, 이는 원칙적으로 별도의 정정심판이나 특허무효심판절차에서 다룰 사항에 불과하고 해당 정정을 불인정할 사유는 되지 못한다고 할 것이다(특허법원 2012. 10. 25. 선고 2012허6342)."" 입니다.",임 변리사님 답변감사드립니다. 저도 책에서 위 내용은 보았는데요. 해당판례처럼 136조 5항의 적용 문제가 아니라 136조 3항에서 '잘못된 기재를 정정하는 경우' 최종적인 명세서 도면이 최명도와 달라질 개연성이 상당하니까 최명도 범위에서 정정할 수 있게 하는 것처럼 입법과정 중 136조 5항에서 1항 3호를 제외한 별다른 이유가 있는지 궁금하여 문의드렸습니다. :),"정정은 명세서 또는 도면 전체에 대해서 하는 것이고, 전체 중 일부(판례의 표현대로라면 정정대상으로 삼지 아니한 다른 부분)에 분명하지 아니한 기재가 있다고 하여 기재불비라고 함으로써 정정을 인정하지 않은 것은 정정의 인정범위를 대폭 축소하기 때문입니다. 열공하세요~",18.08.25
특허법,조문,136조,136조 - 제한설과 무제한설 그리고 심리범위,안녕하세요 강사님 제한설과 무제한설이 심리범위에서 차이가 있다고 하셨는데 심리범위가 구체적으로 어떤뜻인지 알고싶습니다 제한설과 무제한설모두 청구 취지는 같아야 하지만 제한설은 청구이유에서 제한이 있는거고 무제한설은 청구이유에 제한이 없는것인지.... 아니면 사실에대한 주장 자백 증거 에서 자유롭게 하는것이 무제한설 그렇지 않은것이 제한설인지 궁금합니다..,안녕하세요? 심결취소소송을 공부하지 않은 것 같네요. 조금 더 공부하고 질문해 주세요., ,,18.09.15
특허법,조문,136조,[136조] 분명하지 아니하게 기재된 사항,"안녕하세요 변리사님! 136조 정정심판의 객체적 요건에서 '분명하지 아니하게 기재된 사항'의 의미와 관련하여 궁금한 판례가 두 가지 있어 질문드렸는데요 1. 정정청구의 한계에서 특허출원시 특허를 받을 수 있을 것은 136조 1항 1호,2호만 적용된다 하고 3호는 적용되지 않는다 라고 나오고 밑에 판례에 따라서 정정대상으로 삼지 아니한 다른 부분에 분명하지 아니한 기재가 있다 하더라도, 이는 원칙적으로 별도의 정정심판이나 특허무효심판절차에서 다룰 사항에 불과하고 해당 정정을 불인정할 사유는 되지 못한다고 할 것이다. 라고 나오는데, 이 판례는 136조 1항 1,2,3호 어떤 사유이든 간에 정정대상으로 삼지 않았으면 당연히 이에 대해서 판단하면 안되는 것 아닌가요? 즉 정정대상을 청구항 중 1항,3항으로 삼았으면 1항,3항만 판단하여 일체로서 판단해야지 다른 항에 136조 1항 1호의 사유가 있든 3호의 사유가 있든 당연히 판단 안하는 것 아닌가요? 판례가 위의 밑줄판례와 잘 매칭이 되지 않습니다. 2. 강의노트p.482에 '정정심판과 침해죄'와 관련된 판례를 설명해주시면서 A 특허출원->A 착오등록(기술적 범위 특정불가)->A1 정정심판청구->착오인용심결확정(기술적 범위 특정가능)->침해소송제기 위와 같은 흐름도가 나왔는데 여기서 A1이 항상 착오로만 인용심결이 되어야만 하는 것인지 의문이 듭니다! 기술적 범위 특정이 불가능했는데 기술적 범위 특정이 가능해진 것은 '분명하지 아니하게 기재된 사항'을 명확히 하는 예시에 해당하지 않는 것인가요? 앞의 이지특허법 예시를 보면 분명치 않게 기재된 사항 명확화에, 기술적 범위를 특정하는 경우가 명시되어 있지는 않지만 문언적으로 봤을 때 기술적 범위가 불명확했는데 명확해진 것이므로 해당될 수 있다 생각이 듭니다. 즉, 기술적 범위가 특정되지 않았는데 추후에 특정 가능해진 경우, 분명하지 아니하게 기재된 사항 명확에 해당한다 볼 수 있고 실질적 변경에도 해당하지 않는 한 A가 착오가 아닌, 올바르게 인용심결확정되었다고 볼 수도 있나요? (위의 사례를 뒷받침하는 판례 문구 이해에는 어려움이 없으나, 사례 자체의 사실관계에서 의문이 생겼습니다.) 이렇게 길게 내용을 쓸 질문은 아니었는데 궁금한 사항을 정확히 표현하려다보니 너무 길어진 것 같습니다 ㅠㅠ 항상 좋은 답변 감사합니다 변리사님! 앞으로도 열심히 듣겠습니다. 저작자 표시컨텐츠변경비영리",안녕하세요? 1. 정정의 대상은 정정한 명세서 또는 도면 전체입니다. 따라서 일부인용/기각도 안되는 것이고요. 2. 실질적 변경이 되지 않고 기술적 범위가 불명확에서 명확으로 바뀌기는 어렵습니다. 열공하세요~, ,,18.09.19
특허법,문제,162조,"[162][163] 일사부재리 ,객관식749번",1. 지문 : 심결이 확정되면 누구든지 동일사실 또는 동일증거에 의하여 다시 심판을 청구할 수 없다.[ X ] 2. 해설 : 심판의 심결이 확정되면 그 사건에 대하여는 누구든지 동일사실 및 동일증거에 의하여 다시 심판을 청구할 수 없다. 질문 : 위 지문이 틀린 이유가 '그 사건에 대하여는' 이라는 어구가 빠져서 오답선지가 된 것 인가요? 객관식의 특성상 다른 보기가 명백한 정답이므로 위 지문은 큰 의미를 둘 필요가 없는 것인지 아니면 일사부재리의 적용과 관련하여 '그 사건에 대하여' 라는 문장이 반드시 들어가야하는 중요한 것인지 헷갈려서 질문드립니다.,동일사실 <및> 동일증거 입니다. 열공하세요, ,,18.09.29
특허법,조문,163조,[163] 일사부재리 질문드립니다,"안녕하세요 임병웅 변리사님 일사부재리 공부하던 중 질문사항이 있어 질문드립니다. Q 동일사실 및 동일증거에 대하여 甲의 무효심판 청구가 있은 후 乙의 무효심판 청구가 있었고, 甲의 인용심결확정이 나기전에 乙이 丙(피청구인)과 공모하여 기각심결확정이 먼저 나는 경우 일사부재리 판단시점이 '심판청구시' 니깐 乙의 심판청구에 일사부재리가 적용되지않는다고 보면 병합이 필수가 아닌이상 동일사실 동일증거에 대해 서로 모순되는 심결이 나는 것이 아닌가요? 감사합니다. 저작자 표시컨텐츠변경비영리",안녕하세요? 꼭 모순되는 심결이 나는 것은 아닙니다. 모순되는 심결이 날 수도 있고 그렇지 않을 수도 있습니다. 열공하세요~, ,,18.10.15
특허법,문제,141조,[141조] 강의노트 12년 기출문제 관련 질문입니다.,"강의노트에 있는 12년 기출문제 보기 5번. 청구의 취지가 특정되지 않는 경우에 심판장은 기간을 정하여 그 보정을 명하고 이에 응하지 않을 때는 심판청구서를 결정으로 각하하여야 한다. 수업에서 결정각하 or 심결각하를 구분하는 방법이 ‘내용을 살펴봐야지만 알 수 있으면 심결각하이고, 내용을 보지 않아도 형식적으로 알 수 있으면 결정각하’라고 배웠습니다. 그런데 청구의 취지가 특정되지 않는 경우라는 것은 청구의 취지를 기재했지만 내용에 오류가 있는 것이고, 그래서 결정각하가 아니라 심결각하여야 하는 것 아닌가요? 청구의 취지가 특정되지 않는다는 것이 정확하게 무엇을 말하는 것인지 잘 모르겠습니다.","지문에서는, 청구의 취지가 기재되지 않았다는 의미로 사용되고 있습니다. 열공하세요~", ,,18.10.16
특허법,문제,135조,[135조] 권리범위확인심판 판례 질문드립니다.,"안녕하세요 강사님~ 강의 잘 들었습니다! 기출문제중 질문이 있어 글을 남깁니다. 기출문제중 ""특허의 일부 또는 전부가 출원 당시 공지공용의 것인 경우 특허청구범위에 기재되어 있다는 이유만으로 권리범위를 인정하여 독점적 배타적 실시권을 부여할수는 없으므로 권리범위확인심판에서도 특허무효의 심결 유무에 관계없이 그 권리범위를 부정할수 있으며~~"" 여기서 특허의 전부는 동일성 위반인 경우에 권리범위를 인정할수 없는건 알겠는데 특허의 일부 구성요소인경우에 선출원,확선,신규성등이 문제가 안되서 이때는 권리범위를 인정할수 있는 부분 아닌지 궁금합니다. 저작자 표시컨텐츠변경비영리","안녕하세요? 여기서 일부라는 것은, 청구범위 중 일부 청구항이 공지기술이라는 것의 의미이거나, 하나의 청구항에 여러 개의 발명이 있을 때 일부 발명이 공지기술이라는 의미입니다. 열공하세요~", ,,18.10.17
특허법,문제,132조의17,[132조의17]거절결정불복심판 질문드립니다.,"안녕하세요 변리사님 기출문제를 풀다 질문이 있어 글을 남깁니다 ""보정각하결정이 있었던 경우에는 거절결정불복심판을 담당하는 심판관은 심사단계와 다른 새로운 거절이유를 발견하더라도 특허출원인에게 별도의 의견서 제출 기회를 주지 않고 거절결정을 자판할수 없다"" 이지문이 ""보정각하 결정이 있었던 경우에는""을 해석을 어떤식으로 해야되는지 여쭤봅니다. 1. 거절결정불복심판자체에서 보정각하결정을 하려고 하는데 전에 보정각하 안된걸 믿고 심판자체를 신청 한 출원인 보호를 위해 의견서 제출기회를 주어야 된다 이런식으로 해석해야되는건지.. 2. 이미 심사에서 보정각하 결정이 있던것이 심판에 올라와서 보정전명도로 확인하던중에 원거절결정이 해소되고 새로운거절이유가 나타났는데 그때 의견서 제출기회를 주어야 된다는건지... 1번이라면 왜 표현을 있었던 경우에는 ~ 으로 과거형으로 나타냈는지 궁금합니다.",안녕하세요? 심사단계나 심판단계에서 보정각하결정이 있는 후를 말합니다. 그 후 원거절이유는 해소되었으나 새로운 거절이유가 발견된 경우 의견제출기회를 주어야 한다는 것입니다. 열공하세요~, ,,18.10.17
특허법,조문,132의17,"[51조 3항 괄호, 132의 17 ] 직권재심사_취소된 특허결정 전에 한 각하결정","안녕하세요 변리사님~! 51조 3항 괄호에서, ""제66조의3에 따른 직권 재심사를 하는 경우 취소된 특허결정 전에 한 각하결정에 대하여는 거불심에서 다툴수 없다"" 그런데, 보정각하되면, 보정전 명도로 심사할 것이고, 원거절이유가 해소되지 않아 거절결정되지 않나요? 그렇다면, '취소된 특허결정전에 한 각하결정' 이란 어떤경우에 발생하는 것인지 궁금합니다 늘 답변 감사합니다~!","안녕하세요? 원거절이유가 해소되었다고 판단했기 때문에 불복심판을 청구하는 것이고, 원거절이유가 해소되지 않았다면 굳이 불복심판을 청구할 이유가 없는 것입니다. 열공하세요~", ,,18.10.17
특허법,조문,135조,[135조] 권리범위확인심판 관련 질문드립니다!,"이지특허법 p.1097에서 심판장은 확인대상발명이 불명확하여 특허발명과 대비대상이 될 수 있을 정도로 구체적으로 특정되어 있지 아니하면, 확인대상발명의 설명서 및 도면에 대한 보정을 명하는 등 조치를 취하여야 할 것이고, 특정에 미흡이 있다면 심판청구를 각하하여야 한다. 1. 위 판례의 뜻이 심판장은 확인대상발명이 구체적으로 특정되어 있지 아니하여 보정명령을 하였는데 그럼에도 불구하고(즉, 보정기회를 주었음에도 불구하고) 특정에 미흡이 있다면 심판청구를 각하한다는 말인가요? 2. 다른 질문들을 찾아보니 여기에서의 각하는 심결각하라고 알게 되었는데, 그렇다면 왜 위의 판례에서 심결각하의 주체가 합의체가 아닌 심판장이라고 쓰여 있는지 궁금합니다.",1. 네 2. 심판장이 보정명령한다는 것입니다. 심결각하는 합의체가 합니다. 열공하세요~, ,,18.10.18
특허법,판례,135조,[135조] 권리범위확인심판 관련 판례에 대해서 질문있습니다.,"【대법원 2007후2735】 소극적 권리범위확인심판에서는 심판청구인이 현실적으로 실시하는 기술이 심판청구에서 심판의 대상으로 삼은 구체적인 발명과 다르다고 하더라도 심판청구인이 특정한 발명이 실시가능성이 없을 경우 그 청구의 적법 여부가 문제로 될 수 있을 뿐이고, 여전히 심판의 대상은 심판청구인이 특정한 확인대상발명을 기준으로 특허발명과 대비하여 그 권리범위에 속하는지 여부를 판단하여야 한다. 이 판례를 읽어보면 밑줄친 '실시가능성이 없을 경우' 의 주체는 심판청구인인 것처럼 보이는데요, 이때 심판청구인이 실시가능성이 없다는 것은 무슨 기준으로 판단하나요?? 미래의 일인데 실시가능성의 여부를 판단할 수 있나요?","네, 실시할 예정이라는 것은 심판청구인이 입증해야 합니다. 열공하세요~", ,,18.10.18
특허법,조문,133의2,[133의2조] 특허무효심판 심결취소소송에서 무제한설을 취하는 이유,"안녕하세요. 변리사님 많은 질문에 답변 남겨주셔서 부족한 공부에 큰 도움이 되고 있습니다. 감사합니다. 질문은 심결취소소송에서의 심리 범위 중 제한설을 취하는 예외와 관련하여, 특허취소결정, 거절결정불복심판의 심결에 대한 취소소송의 경우 출원인 또는 특허권자가 의견서를 제출하거나 그 기간에 보정 또는 정정청구를 할 기회를 박탈당하는 결과가 되어 제한설을 취한다는 의미로 읽고 이해하였는데, 특허무효심판은 무제한설을 취하지만 특허무효심판에서도 같은 청구항의 신청하지 않은 이유를 직권 심리할 때에는 133의2조1항에 의해 의건서 제출 기회를 주어야 하고 이 기간 내에 정정청구를 할 수 있으니, 심결취소소송에서 당시에 심리하지 않은 이유로 심결이 정당함을 주장할 수 있다면 이 또한 특허무효심판에서 특허권자가 직권심리 시 의견서 제출, 정정 청구를 할 수 있는 기회를 박탈하는 결과가 되는 것이 아닌지요? 잘못 이해하는 부분이 있는 것 같아 질문 드립니다.","안녕하세요? 특허무효심판에 대한 심결취소소송은 새로운 주장을 하더라도, 이에 대한 정정심판청구기회에 주어지기 때문에 특허권자의 대응기회를 박탈했다고 할 수 없습니다. 열공하세요~", ,,18.10.18
특허법,조문,138조,[138조] 통상실시권허락심판이 없는 경우 138조 3항의 해석,138조 3항을 보면 통실허심판에 의해 통상실시권을 허락한 자가 그 통상실시권을 허락 받은 자의 특허발명을 실시할 필요가 있는 경우 통실허심판을 청구할 수 있다고 나와있는데요 이 조문에 따르면 통실허심판없이 선출원권리자가 합의하에 허락해주거나 후출원권리자가 특허만 받고 아무짓도 안하고 있는 경우 선출원권리자는 후출원권리자의 특허발명에 대해 통실허심판을 청구할 수 없게되나요?,네. 그렇습니다. 열공하세요~, ,,18.10.20
특허법,조문,170조,170조에 대한 질문입니다.,"보정각하결정이 있었던 경우에는 거절결정불복심판을 담당하는 심판관은 심사단계와 다른 새로운 거절이유를 발견하더라도 특허출원인에게 별도의 의견서 제출 기회를 주지 않고 거절결정을 자판할수 없다라는 말과 강의노트에 심사단계에서의 보정각하사유가 아닌 다른 사유에 의하여 판단될 수 있으며, 이 경우 청구인에게 의견서를 제출할 수 있는 기회를 주지 아니하여도 된다. 두가지의 차이점이 궁금합니다............","전혀 다른 말합니다. 첫번째는 법 제170조제2항을 말하는 것으로서, 새로운 거절이유가 있으면 의견제출기회를 주어야 한다는 것이고, 두번쨰는 법 제63조제1항단서를 말하는 것으로서, 보정각하할 때는 의견제출기회를 주지 않아도 된다는 것입니다. 열공하세요~", ,,18.10.21
특허법,문제,138조,[138조] 통실허 심판이 없는 경우 선출원 권리자가 통실허심판을 청구할 수 있는지 여부,후출원권리자가 통실허심판을 통해 선출원권리자로부터 통상실시권을 얻은 경우에 한해 선출원권리자도 후출원권리자에게 통실허 심판을 청구해 후출원권리자의 특허발명을 실시할 수 있는 것으로 알고 있는데요 해당 문제 3번보기는 문제 조건이나 보기의 지문 어디에도 乙이 통실허심판을 통해 통상실시권을 얻었다는 말이 나와있지 않은데 甲이 乙을 상대로 통실허심판을 청구할 수 있다고 나와있으며 맞는 지문으로 나와있습니다. 이런 이유로 이 지문이 틀렸다고 생각했는데 어디서 잘못 생각했는지 알려주시면 감사하겠습니다.,"통상실시권허락심판에 의해 실시권을 허락했는지 여부가 불분명하기 때문에, 가장 틀린 5번을 답으로 해야 하는 것입니다. 객관식은 상대적으로 풀면 됩니다. 열공하세요", ,,18.10.24
특허법,조문,140조의2,[140조 2항] 정정심판에서의 청구인 기재를 바로잡기 위한 보정,"[140조 2항] 정정심판에서의 청구인 기재를 바로 안녕하세요 변리사님 공부하다가 궁금한점이 생겨 질문드립니다. 심판청구서의 보정에서 예외에 해당하는 것 1번이 이지 특허법에 '당사자계 심판의 당사자 중 특허권자나 거절결정불복심판의 청구인의 기재를 바로잡기 위한 보정(추가하는 것을 포함하되, 청구인이 추가될 때는 특허권자나 거절결정불복심판 청구인의 동의가 있는 경우로 한정한다) 라고 되어있는데, 여기서 왜 정정심판이 빠져있는지 궁금합니다. 정정심판도 결정계심판이기는 하지만 이 경우에서는 거절결정불복심판의 청구인의 기재의 보정이 필요한 것 처럼, 정정심판의 특허권자 보정이 필요한 경우도 들어가야 하지 않나요?? 조문 140조 2항 1호만 보면 포함되어야 할 것 같은데, 이지특허 도해에는 예외에서 정정심판의 특허권자가 빠져있어서 여쭤봅니다. 답변해주실것에 감사드립니다.잡기 위한 보정","안녕하세요? 말씀하신 것처럼 정정심판도 포함됩니다. 따라서, 심판의 당사자 중이라고 표현해야 하는데 잘못 적혀 있네요. 열공하세요~", ,,18.10.30
특허법,문제,137조,[137조] 정정무효심판,안녕하세요 변리사님 824번 문제의 3번에서는 특허권이 소멸된 후에도 정정무효심판을 청구할 수 있다 가 옳은 지문인데 825번 문제의 1번 지문에서는 특허가 무효심결 확정된경우 정정의 무효를 구할 이익이 없다며 틀린 지문으로 나옵니다. 825번의 해설대로라면 824번의 3번 지문도 틀린 지문 아닌가요?? 답변에 미리 감사드립니다,"안녕하세요? 정확히 표현하면 장래를 향해 소멸된 경우 청구할 수 있다가 맞는 지문이고, 824번 3번, 825번 1번 모두 애매한 상태입니다. 객관식은 상대적으로 풀어야 합니다. 열공하세요~", ,,18.11.06
특허법,조문,138조,[138조] 이용저촉관계 질문입니다.,"안녕하세요 변리사님. 공부하다가 궁금한점이 생겨 질문드립니다. 138조 통실허 심판에서 후출원 특허권자, 전용권자, 통상권자가 선출원 특허권자, 전용권자, 실용신안권자, 디자인권자에 통실허심판을 요청해서 심판에 따라 허락이 되면, 3항에 따라, 선출원 특허권자, 전용권자, 실용신안권자, 디자인권자가 크로스 라이선스로 후출원 특허권자나 전용권자에 허락을 구하고, 허락을 안해줬을시, 통실허심판을 청구할 수 있다고 되어있는데, 후출원 특허권자, 전용권자, 통상권자의 통실허심판에서 선출원 통상권자가 빠지는것은, 허락권이 없으니까 당연히 이해가 되는데, 크로스 라이선스에서, 선출원 통상권자는 왜 후출원 특허권자나 전용권자에 청구를 못하는지 궁금합니다. 감사합니다. 저작자 표시컨텐츠변경비영리","안녕하세요? 법 제138조제3항에 따라 크로스 라이센스를 청구하기 위한 요건 중 하나가, 법 제138조제1항의 심판에 의해 통상실시권을 허락해야 한다는 것입니다. 그런데, 선출원통상실시권자는 통상실시권을 허락할 수 없으니, 빠지는 것이 당연한 것입니다. 열공하세요~", ,,18.11.07
특허법,문제,155조,"[155,156] 당사자 참가인",객관식문제집 726번 b번 지문을 헷갈려서 질문드립니다. 특허권자 갑에게 침해금지청구를 받은 을과 병이 갑을 상대로 특허무효심판청구를 한 상황에서 갑 특허권의 통상실시권자 정이 당사자 참가가 가능하지 않다는게 헷갈려서요. 도해특허법 ‘심판당사자’파트에서 실시권자의 이해관계여부에서 실시료 지급의무가 면제되는 이익을 가질 수 있기 때문에 통상실시권자도 이해관계인으로 볼 수 있다면 당사자참가인이 되는거 아닌가요? 제가 뭘 잘못 이해한건가요 ㅠㅠ,통상실시권자 정이 이해관계가 있다면 청구인으로서 당사자 참가를 할 수도 있습니다. 객관식 문제를 올려 주시면 조금 더 정확한 답을 할 수 있습니다. 열공하세요~, ,,18.11.08
특허법,문제,155조,"[155,156] 객관식 문제 726번 관련",당사자 참가와 실시권자의 이해관계여부에 대해 다시 질문드려요:) 무효심판 당사자 참가는 이해관계인이 가능하기에 ‘실시권자의 이해관계여부’관련 판례에서 실시료 면제의 사정이 없는 한 통상실시권자도 이해관계인으로 긍정한다고 본다.라고 해서 저는 726번 b를 가능하다고 생각했습니다. 그런데 해설에서는 다수 판례에 의하면 이해관계인이 아니여서 ‘틀림’으로 나와있어서 질문 드렸어요. 1. 위 지문에 실시료 면제라는 조건이 없는데 보통 문제에서 실시권자의 이해관계여부는 무조건 ‘해당안됨’으로 생각하고 답을 고르면 될까요?,"문제를 잘못 이해하고 있네요. 이해관계가 있다면 을과 병 측에 당사자 참가를 하는 것이고, 갑 측면에 당사자 참가를 할 수는 없습니다. 무효심판의 피청구인은 특허권자에 한하기 때문입니다. 열공하세요~", ,,18.11.10
특허법,문제,140조,[140조] 심판청구서의 보정,"안녕하세요 특객 728번 관련 질문입니다. 지문 적극적 권리범위확인심판에서 확인대상발명의 설명서 및 도면에 대하여 피청구인이 자신이 실제로 실시하고 있는 발명과 비교하여 다르다고 주장하는 경우, 청구인이 피청구인의 실시발명과 동일하게 하기 위하여 확인대상발명의 설명서 및 도면을 보정하는 것은 요지변경이 아니다. -> 옳음 이지 특허법에서 위의 경우는 요지변경이 되더라도 허용된다고 쓰여져 있는데 위 지문과 헷갈립니다. 원칙은 요지변경이지만 아닌 것으로 본다, 따라서 요지변경이 아니다. 라고 이해하면 되는 건가요?","안녕하세요? 법 제140조 제2항 단서는 보정이 허용된다는 의미이고, 이를 표현할 때, 1. 요지변경이지만 허용된다. 2. 요지변경이 아니기 때문에 허용된다. 라고 기술합니다. 즉, 1과 2는 같은 말입니다. 열공하세요~", ,,18.11.10
특허법,조문,138조,"[138조]통상실시권허락심판청구, 강제실시권","안녕하세요 궁금한점은 1. 138조의 통실허심판은 공동(예를들어, 실시하고자하는 특허권자,실시권자등이 함께)으로 심판을 청구하지못하는가? 그러므로 각각 심판청구를 하여야하며 요건만족시 병합심리되는 정도인가? 이유: 139조1항(공동심판의청구)에서 제외되어있고 그이유로 당사자참가도 부정되는것으로 해석한다 2. 138조의 강제실시권의 이전사유인 해당특허권과 함께 이전된다는 규정(102조)은 왜 존재하는가? 이유: 어차피 해당 강제실시권은 심결에 의해 정해지고 대세효가 있는것도 아니어서 당사자인 심판청구인만이 가질수있는데 특허권과 심결의 당사자의 지위를 함께 이전한다는 개념은 불가능한것이 아닌가 특허권이 이전되면 특허권자가 가지고있던 강제실시권은 소멸되고 승계인은 새로이 통실허심판을 통해 강제실시권을 획득해야하는것이 아닌가 그게맞다면, 결과적으로는 해당특허권과 함께 이전이 된것은 맞지만.. 뭔가 잘못생각하고있나요 감사합니다^^;","안녕하세요? 1. 네, 통실허심판을 청구할 때는 법 제140조제5항의 사항을 추가적으로 기재해야 하는데, 청구인별로 각각 다르기 때문에 각각 개별적으로 심판을 청구해야 합니다. 2. 질문의 요지가 조금 불명확하네요. 입법취지 관점에서 살펴보면, 특허권이 이전되었는데 통상실시권이 이전되지 못하면 새로운 특허권자가 특허발명을 실시할 수 없기 때문에 실시방안 확보차원에서 같이 이전되도록 규정하고 있는 것입니다. 열공하세요~", ,,18.11.13
특허법,조문,138조,[138조] 통상실시권허락심판,안녕하세요 위 문제의 5번 지문에서 갑은 통상실시권허락의 심결에 의하여 실시할 수 있다. 라 하였는데 을이 청구한 통상실시권허락심판이 아닌 갑이 을을 상대로 새로 통상실시권허락심판을 청구한 후 그 심판의 심결을 의미하는 건가요?,안녕하세요? 네. 특허법 제138조제3항을 설명하고 있습니다. 열공하세요~, ,,18.11.18
특허법,조문,139조,[139조] 권리범위 확인심판의 청구에 대한 질문입니다.,"안녕하세요 임병웅 변리사님 해당 조문에 따르면, 무효심판, 권리범위 확인심판의 경우에 다수의 청구인이 공동심판을 청구할 수 있다고 규정하고 있는데요.. 나아가 해당 조문의 규정은 유사필수적 공동심판의 성질을 가진다고 이해를 하고 있었습니다. 그런데 소극적 권리범위 확인심판의 경우에 궁금한점이 생겼는데요.. 다수의 청구인이 각자의 확인대상발명은 모두 다르더라도, 이들을 함께 공동심판을 청구한 경우도 상정 가능할 것 같은데, 이 경우에도 유사필수적 공동심판에 해당하게 되는 것인지요..?? 답변 감사합니다.","안녕하세요? 공동심판의 청구의 전제조건은 청구취지가 동일해야 합니다. 그런데, 확인대상발명은 청구취지의 일부를 구성하고 청구취지가 다르다면 함께 심판을 청구하는 것을 가정할 수 없습니다. 열공하세요~", ,,18.11.21
특허법,조문,136조,[136조] 5항에 대한 질문입니다.,"안녕하세요 임병웅 변리사님 136조 5항의 규정에 대한 질문입니다. 현행 136조 5항의 경우, 정정의 태양 중 청구범위의 감축과 오기의 정정에 해당하는 경우에는 정정 후의 명세서가 특허등록이 가능하여야 한다고 규정하고 있는데요.. 여기서 136조 1항 3호인 불명료한 기재는 포함하지 않는 이유가 무엇인지요..? 특허법원 2012. 10. 25. 선고 2012허6342 판결을 읽다 보니, ""法136조 5항은 정정심판과 관련하여 청구범위를 감축하는 경우에만 정정 후의 청구범위에 기재된 사항이 특허 출원시 특허를 받을 수 있는 것이어야 한다고 규정하고 있을 뿐 불명료한 기재를 석명하는 경우까지도 위와 같은 특허 요건을 구비해야 한다고 규정하고 있지 않은 점..""이라는 표현을 사용하여 정정의 태양에 따라서 정정 후의 명세서 또는 도면의 내용이 특허 등록이 가능해져야 하는지 여부를 구분하는 것처럼 이해가 되네요.. 그런데 불명료한 기재가 있는 경우에는 여전히 정정이 되더라도 무효사유가 내재되거나 권리범위가 부정될 수 있을 것 같아서 타당성이 결여 되어 있는 것 아닌가 하는 생각이 듭니다... 혹시 제가 잘못 이해하고 있는 부분이 어디인지요..? 답변 감사합니다.",얼마전에 답변한 것이 있으니 검색해 보세요~, ,,18.11.23
특허법,조문,139조,[139조] 권리범위 확인심판 청구에 대한 재질문입니다.,"안녕하세요 임병웅 변리사님 지난번의 질문에 대한 대답에 재질문인데요... 먼저 제가 드렸던 질문의 내용은 다음과 같습니다. ------------------------------------ 안녕하세요 임병웅 변리사님 해당 조문에 따르면, 무효심판, 권리범위 확인심판의 경우에 다수의 청구인이 공동심판을 청구할 수 있다고 규정하고 있는데요.. 나아가 해당 조문의 규정은 유사필수적 공동심판의 성질을 가진다고 이해를 하고 있었습니다. 그런데 소극적 권리범위 확인심판의 경우에 궁금한점이 생겼는데요.. 다수의 청구인이 각자의 확인대상발명은 모두 다르더라도, 이들을 함께 공동심판을 청구한 경우도 상정 가능할 것 같은데, 이 경우에도 유사필수적 공동심판에 해당하게 되는 것인지요..?? 답변 감사합니다. ------------------------------------- 이에 대한 답변은 다음과 같습니다. ------------------------------------- 안녕하세요? 공동심판의 청구의 전제조건은 청구취지가 동일해야 합니다. 그런데, 확인대상발명은 청구취지의 일부를 구성하고 청구취지가 다르다면 함께 심판을 청구하는 것을 가정할 수 없습니다. 열공하세요~ ------------------------------------- 그런데 여기서 제가 궁금한 점이 생긴 것은 권리범위 확인심판의 후발적 병합이 가능한 것으로 알고 있는데요.. 그런 경우라면 어떻게 될수 있을지가 궁금합니다. 답변 감사합니다.","병합은 법 제160조에 의합니다. 심판원이 직권으로 결정할 사항이고, 당사자가 병합하여 청구할 수는 없습니다. 열공하세요~", ,,18.11.23
특허법,문제,134조,[134조] 존속기간 연장등록 무효심판 질문입니다.,안녕하세요 임병웅 변리사님 객관식 특허법 782번 문제에서 '연장등록무효심판은 특허권이 무효로 되어 소멸된 경우에도 청구가 가능하다' 는 지문이 옳지 않은 지문이라고 하고 있는데요 특허권이 후발적 무효사유로 소급해 소멸되지 않으면 특허권이 소멸한 후에도 청구할 수 있는 것 아닌가요? 해설에서 그 경우는 빠트리고 설명한 것이 아닌가 생각되어 질문드립니다. 저작자 표시컨텐츠변경비영리,"안녕하세요? 해설이 빠트린 것이 아닙니다. 특허권이 소멸하면, 연장된 존속기간은 원래의 존속기간 뒤에 붙는 것이기 때문에 같이 소멸하는 것입니다. 특허권이 소급하여 소멸하든 장래를 향해 소멸하든 상관없습니다. 열공하세요~", ,,18.11.23
특허법,문제,135조,[135조] 권리범위확인심판 질문입니다.,객관식 794번 문제의 지문2 를 보면 '확인대상발명의 설명서에 특허발명의 구성요소와 대응하는 구체적인 구성이 일부 기재되어 있지 않거나 불명확한 부분이 있다면 나머지 구성만으로 확인대상발명이 특허발명의 권리범위에 속하는지 여부를 판단할 수 있더라도 확인대상발명은 특정되었다고 볼 수 없다.' 는 지문이 틀린 것으로 나옵니다. 해설에서는 이를 독립항과 종속항 관련 판례로 설명하고 있는데요. 그에 반해 801번 문제의 지문2를 보면 '확인대상발명의 특정에 미흡함이 있다면 심판의 심결이 확정되더라도 일사부재리의 효력이 미치는 범위가 명확하다고 할 수 없으므로 나머지 구성만으로 확인대상 발명이 특허발명의 권리범위에 속하는지 여부를 판단할 수 있는 경우라 하더라도 심판청구를 각하해야 한다.'라고 하고 있고 맞는 지문으로 나옵니다. 두 판례가 서로 반대되는 얘기를 하고 있는데 어떻게 구별해야 하나요? 시험에 이런 지문이 나온다면 독립항과 종속항 관련 지문으로 생각할 수도 있고 확인대상발명이 제대로 특정되지 않아 심결각하해야 하는 쪽으로 생각할 수도 있어서 고민입니다.,상대적으로 풀 수 밖에 없습니다. 열공하세요~, ,,18.11.23
특허법,조문,132의17,132의 17 거절결정 불복심판 청구기간,"거절결정 불복심판 청구기간에서 송달 받은후부터 30일의 기산점에 대해 궁금합니다. 객관식 문제에서 4월 1일에 송달 받으면 4월 30일까지 청구해야 된다. 즉 거불심청구는 송달받은 날부터 기산한다고 이해했습니다. 그런데 객관식 856 번문제 해설에서 조문에, ''받은날 부터'나 받은날의 다음날부터' 모두 결과적으로 받은날의 다음날부터 기산한다고 해서 의문이 듭니다. 거불심 청구도 송달 받은 날의 다음날 부터 기산해서 30일로 계산해야되지 않나요?",송달받은 날로부터 30일(초일불산입되어 다음날이 기산일)=송달받은 다음날로부터 30일(초일이 산입되어 그 날이 기산일) 입니다. 열공하세요~, ,,18.11.27
특허법,문제,135조,[135조] 적극적권리확인심판에 대한 질문입니다.,"[135조] 적극적권리확인심판에 대한 질문입니다. 안녕하세요??! 특허객관식을 풀다 궁금증이 생겨 질문을 올리게 되었습니다. 권리확인심판은 당사자계심판으로 패심자가 부담하는 걸로 알고 있습니다. 하지만 적극적권리확인 심판에서 권리소진을 이유로 항변은 하게 되면, 권리범위에 속한다는 확인을 구하는 것과 관련이 없게 되어 청구인이 승소하게 되어 피청구인이 부담하게 되는 건가요?? 그럼 피청구인은 권리소진이 권리범위확인심판과는 관련이 없지만, 특허권침해가 되지 않는 발명을 사용함으로써(실제로 권리소진으로 특허권 침해가 되지 않는 다는 전제 하에) 특허권의 권리범위에 속한다는 이유로 심판비용을 부담하게 되는건가요?? 만약 심판비용을 부담하게되면 특허발명사용자는 특허권침해가 되지 않는 발명을 사용함으로써 위험을 부담하는것이어서, 특허권자에게 대응하기 위해서는 어떠한 조치를 취할 수 없는건가요(특허무효사유가 없다는 전제하에)?? 저작자 표시컨텐츠변경비영리","안녕하세요? 패심자 부담이 맞습니다. 다만, 심판에 대응을 하지 않은 경우 비용을 부담하지 않아도 됩니다. 즉, 패심자 부담의 원칙은 다양한 구체적인 사례에 있어서 예외적인 부분이 있습니다. 열공하세요~", ,,18.11.29
특허법,문제,141조,[141조] 심판청구서 등의 각하,"[141조] 심판청구서 등의 각하 안녕하세요 변리사님! 간단한 질문인데요! 객관식 특허법 p.455에 최초결정서가 송달된 후 출원인의 조치와 관련하여 틀린것은? 4) 재심사청구의 취지가 기재된 보정서를 제출한 후 거절결정불복심판청구서를 제출한 경우 보정서에 따라 거절결정을 취소하고 재심사절차를 진행하여야 하며, 심판청구서는 특허법 제142조에 따라 심결각하 하여야 한다.(옳은 지문) 라고 나와있는데요, 저는 이 지문을 보고 심판청구서는 결정각하의 대상이지, 심결각하의 대상이 아니라서 틀린 보기로 생각했는데요 이와 같이 심판청구서도 그 각하하는 원인에 따라 결정각하, 심결각하의 용어가 모두 사용 가능한 것인가요? 강의노트를 보면 위의 경우에 ""이 경우 심판절차는 심결각하된다.""라고 나와있던데, 위 지문도 심판청구를 심결각하해야한다. 와 같이 바꿔야 적합하지 않나요? ㅠㅠ 답변 부탁드립니다~!","안녕하세요? 현재 법 규정에 의하면 <심판청구>를 심결각하하는 것이 맞는데, 구 법에서는 <심판청구서>를 심결각하한다고 규정되어 있었습니다. 따라서 정확한 표현은 틀린 지문이지만, 상대적으로 문제를 풀어야 합니다. 열공하세요~", ,,18.11.30
특허법,문제,135조,[135조] 13년기출 질문드립니다. (강의노트 470p 보기2),"강의노트 470p 보기2에서 동일한 두개의 등록고안이면 적극적 권리심판을 할수없다고 해설에 나와있습니다. 그런데, 적극적이 안되는건 권리대권리 저촉일떄만 이고, 저촉이란건 선이 디자인권, 상표권이고, 후가 특허권일떄라고 98조를 통해 알고있는데, 다음보기는 선후가 둘다 고안이면 저촉이 아니라서 적극적이 가능하다고 생각했습니다. 어디서 제가 잘못된 생각을 했는데 궁금합니다. 항상 고생하십니다.",저촉관계를 확인하는 적극적 권리범위확인심판 청구가 왜 안 되는지를 모르고 있습니다. 특허권(실용신안권) 상호간 저촉관계를 확인하면 타방의 권리를 부정하기 때문입니다. 열공하세요~, ,,18.12.01
특허법,조문,136조2항,[136조 2항] 정정심판에서 시기적 요건 질문입니다,안녕하세요 변리사님! 이상한 질문 하나 하겠습니다 ㅜ 136조 2항 1호에서 “ 특허취소신청이 특허심판원 계속중인 때부터 그 결정이 확정될 때 까지의 기간” 에서 질문1)만약 특허취소신청이 인용되어 불복하여 소송에 들어가서 청구기각판결되어 확정 된것도 2항 1호의 “~ 그 결정될 때까지의 기간” 에 속하는 것인가요? 질문2) 질문1에서 만약 소송에서의 청구기각판결에 불복하여 대법원에 상고하여 역시 기각되어 확정 되어도 2항1호 “~ 그 결정될 때까지의 기간” 에 속하는 것인가요? 2항1호의 그 결정이 확정될 때까지의 기간이 어떤건지 헷갈리네요 ㅜㅠ,안녕하세요? 1. 네 2. 네 열공하세요~, ,,18.12.01
특허법,조문,135조,[135조] 권리범위확인심판의 목적과 심리대상이 보호범위에 한정되는데도 권리의 유효성을 부정할 수 있는지,"[135조] 권리범위확인심판의 목적과 심리대상이 보호 안녕하세요? 임병웅 변리사님. 권리범위확인심판에 관하여 질문드립니다. 이지특허법 1086p., 1101p.를 보면 1086p. 제4절 권리범위확인심판 I. 서설 1.의의 (생략) 권리범위확인심판은 단순히 특허발명 자체의 발명의 범위라고 하는 사실관계를 확정하는 것이 아니라 구체적으로 문제된 실시 형태에 대하여 특허권의 효력이 미치는지 여부를 확인하는 권리관계의 확정을 목적으로 한다. 1101p. 대법원은, ""후출원에 의하여 등록된 고안을 선출원에 의한 등록고안의 권리범위에 속한다는 확인을 구하는 적극적 권리범위확인심판은 후등록된 권리에 대한 무효심판의 확정 전에 그 권리의 효력을 부정하는 결과로 되어 원칙적으로 허용되지 아니하고, (생략)"" 1. 여기서 권리범위확인심판의 목적이 '발명의 범위라고 하는 사실관계 확정이 아니'고 '구체적으로 문제된 실시형태에 대하여 특허권의 효력이 미치는지 여부를 확인하는 권리관계의 확정'이라면 보호범위 판단에서 더 나아가 소진이론, 실시권 등 정당한 권원이 있는지 여부를 심리해야 구체적 실시 형태에 대해 권리 관계를 확정할 수 있다는 생각이 드는데 권리범위확인심판의 심리범위에 ""보호범위 판단""만이 포함되는 이유가 무엇인지 궁금합니다. 2. 권리범위확인심판의 심리대상이 '보호범위'만이라면, 권리 대 권리간 적극적 권리범위확인심판에서 저촉발명으로 인용심결을 내리는 경우라고 한들 타방의 권리를 부정하는 게 아니어야 하는 것 아닌지 궁금합니다. 즉, 권리범위확인심판은 애초에 보호범위만을 심리할 뿐인데 어떻게 '권리의 유효성을 부정'하는 결과를 낳을 수 있다고 판례에서 본 것인지 잘 이해가 가지 않습니다. 범위에 한정되는데도 권리의 유효성을 부정할 수 있는지","안녕하세요? 1. <권리범위=보호범위>입니다. 참고로, 실시권, 소진이론 등 정당한 권원에 대해 심리할 수 있다면 심결이 확정되어도 일사부재리의 효과가 미치는 영역이 명확하지 않기 때문에 심판의 의미가 없어진다는 것이 판례의 논리입니다. 2. <특허권(실용신안권) 상호간에 저촉관계확인 = 어느 하나가 선출원주의 위반으로 착오로 등록>의 의미가 되기 때문입니다. 열공하세요~", ,,18.12.03
특허법,조문,141조,[141조] 방식심리 질문드립니다.,"안녕하세요 임병웅 변리사님 공부하다가 궁금한사항이 생겨 질문드립니다. 심판단계에서 심판청구서를 심판원장에게 제출하면 심판원장이 방식심사 -> 심판장의 방식심리 -> 심판관합의체의 적법성심리 -> 심판관합의체의 본안심리 로 알고있는데요(물론 적법성심리는 방식심리와 본안심리 사이에서 계속되는걸로 알고있습니다. 여기서 심판원장의 방식심사는 행대방수로, 보정가능한 경미한 흠결의 경우 보정명령하고 보정을 명한 특허에 관한 절차를 무효(재량), 보정불가능한 경우 소명에 의해 하자가 치유된경우와 그렇지 않은경우로 진행되는걸로 알고있습니다. 그 이후 방식심리는 심판장이 하며, 행대방수에 위반되면 보정을 명하고 보정이 요지변경인 경우 서면으로 결정각하 하여야 한다고 배웠습니다. 방식심리에서는 적법성심리와 달리 심판청구서의 형식에 관한 부분을 보는걸로 알고있고, 심판원장의 방식심사와 심판장의 방식심리는 둘다 행대방수인데, 실질적 차이가 뭔지 궁금합니다. 그냥 절차상 2번의 행대방수를 확인하는것에 불과한지 아니면 실체적 필요에 의해 절차가 분리되어있는지 궁금합니다. 감사합니다.",안녕하세요? 2번 방식심사(심리)를 하고 있습니다. 열공하세요~, ,,18.12.11
특허법,문제,135조,[135조] 권리대권리간 적극적 권리범위 확인심판,(라) 지문 질문 있습니다. 해설에 있는 내용대로 실시 대상이 다른 것이므로 부적법 각하 된다는 것은 이해됩니다. 그런데 처음 문제 풀때 권리대 권리간 적극적 권리범위 확인 심판을 청구 한 것이므로 심결 각하된다고 생각하여 맞다고 풀었는데 이 풀이가 잘못 된점이 있나요?,"말씀하신 것처럼 권리 대 권리 간의 적극적 권리범위 확인 심판을 청구 한 것이므로 심결 각하된다고 생각해도 됩니다. 다만, 확인대상발명이 특정됨을 전제로 권리 대 권리 간의 적극적 심판인지 판단합니다. 열공하세요~", ,,18.12.12
특허법,조문,134조,[134조] 존속기간 연잔등록의 무효심판,안녕하세요 임병웅 변리사님 134조 3항에서 133조 2항 및 133조 4항을 준용한다고 되어있는데 133조 2항은 1항에따른심판은 특허권이 소멸된 후에도 청구할 수 있다 라는 내용인데 왜 존속기간 연장등록의 무효심판은 특허권이 무효로 되어 소멸된 경우에 청구가 불가능한가요?? 조문 이해를 잘못한것같은데 짚어주시면 감사하겠습니다ㅜㅜ,"안녕하세요? 제133조 제2항을 준용하는 것은, 연장등록된 존속기간이 만료되더라도 청구할 수 있다는 의미입니다. 특허권이 무효가 되면 원래의 존속기간도 없기 때문에, 연장등록된 존속기간도 당연히 인정되지 않으며 무효심판을 청구할 이유가 없습니다. 열공하세요~", ,,18.12.13
특허법,조문,155조,[155조] 당사자참가와 보조참가,"안녕하세요 변리사님! 당사자참가와 관련하여 질문있는데요 ""특허무효심판의 청구인이 이해관계가 없는 경우에 심판의 보조참가인이 독립하여 무효심판을 청구할 수 있는 이해관계를 가지고 있다 하더라도 해당 특허무효심판의 청구는 부적법하다."" 에서 만일 보조참가가 아닌 당사자참가를 한 경우에는 적법하게 바뀌나요? 심판당사자가 아닌, 참가인이 이해관계가 있다고 하여 심판이 적법하게 된다는 것도 잘 이해가 안돼서요. 만일 적법하게 바뀐다면 기존의 이해관계없던 심판청구인의 취급은 어떻게 되나요? 마치 당사자참가 후 청구인이 취하한 것과 같은 방식으로, 청구인을 소송에서 탈퇴시키고 기존 참가인이 계속 절차를 밟아나가게 하는 것인가요? 추운 날씨에 항상 고생많으십니다. 답변부탁드립니다!","안녕하세요? 당사자 참가의 경우에는 사실 명확하지 않습니다. 참가허가결정전이라면 심판청구를 먼저 심결각하하고, 참가신청을 결정각하하는 것이 맞지만, 참가허가결정후라면 당사자 참가인이 심판청구인이 되기 때문에 심판청구를 심결각하하는 것이 적절치 않다고 보입니다. 심판실무가 어떻게 되는지도 살펴 봤는데, 그런 사례가 없네요. 열공하세요~", ,,18.12.14
특허법,조문,133조,"(133조,135조) 무효사유가 명백한 경우와 권리범위확인심판","안녕하세요 변리사님? 우선 해당 조문에 맞는 질문인지 명확하게 모르겠습니다. 죄송합니다..!! 2016년 특허 기출문제 16번 보기ㄱ과 ㄹ에 대한 질문입니다. 2012후4162 판례와 (1번) 2000다69194 판례의 (2번) 차이점에 대해서 궁금합니다. 2012후4162 판례는 권리범위확인심판에서 진보성 결여를 이유로 무효로 될 것이 명백하더라도 무효심판에 의하여 무효로 한다는 심결이 확정되지 않는 한 다른 절차에서 그 특허가 무효임을 전제로 판단할 수 없다고 하고 2000다69194 판례의 경우 무효심결이 확정되기 이전이라고 하더라도 특허권침해소송을 심리하는 법원은 특허에 무효사유가 있는 것이 명백한지 여부에 대해 판단할 수 있고, 심리한 결과 당해 특허에 무효사유가 있는 것이 분명한 때에는 특허권에 기초한 금지와 손해배상 등의 청구는 특별한 사정이 없는 한 권리남용에 해당하여 허용되지 아니한다라고 하는데요 권리범위확인심판의 경우도 특허권의 침해여부를 판단하는 선결문제로서 의의가 있을텐데 왜 1번 판례의 경우는 무효사유가 명백하더라도 해당절차에서 무효임을 전제로 판단할 수 없는지 궁금합니다. 해당 판례 두개를 단순히 권리범위확인심판의 경우와 특허권침해소송의 경우로 나눠서 판단해야 하는것 인가요? 항상 소중한 답변 해주셔서 감사합니다.","안녕하세요? 진보성 결여는 권리범위를 부정하는 것이 아니라, 권리행사를 제한하는 것이고, 권리범위확인심판은 침해소송과 달리 권리범위에 대해서만 판단할 수 있기 때문입니다. 강의노트의 권리범위확인심판 파트나 이지특허법을 다시 한 번 정독해 보세요~", ,,18.12.20
특허법,문제,136조,136조 직무발명에 대한 통상실시권자의 동의를 얻지 않고 정정심판을 청구한 경우,"안녕하세요 작년판 이지특객 풀다가 질문이 있어서 글을 씁니다. 802번의 ㄹ지문에 특허권자가 직무발명에 대한 통상실시권자의 동의를 얻지 않고 정정심판을 청구한 경우, 심판장은 기간을정하여 보정명령을하여야하고 이에 불응한경우에는심판청구를결정으로각하한다. 라고 되어있고 해설에는 심판청구요건이 흠결된 것이므로 심판관합의체에 의해 심결각하 된다. 라고 나와 있습니다. 이에 대해 궁금해서 검색해보던 중에 다음 질문에 대한 글을 보았습니다. 특허권자가 직무발명에대한 통상실시권자의 동의를 얻지 아니하고 정정심판을 청구한 경우, 심판장은 기간을 정하여 보정명령을 하여야하고 이에 불응한 경우에는 심판청구서를 결정으로 각하한다. 이것이 맞는 지문이라고 설명해주셨는데, 제 질문은 심판청구를 결정으로 각하하는 것과 심판청구서를 결정으로 각하한다는 것 중 어느 것이 맞는 것인지 궁금합니다. 심판장의 방식심사가 먼저이므로 심판청구서가 결정각하되는 것이 맞고 심판이 심결각하되는게 틀린 것 아닌가요?","안녕하세요? 현재 특허법은 심판청구서-결정각하, 심판청구-심결각하라고 명확히 구분되어 있지만, 구분에서는 심판청구-결정각하, 심판청구-심결각하라고 표현되어 있었습니다. 정리하면, 현재 특허법에서는 심판청구서 결정각하가 맞습니다. 열공하세요~", ,,18.12.26
특허법,조문,136조,[136조] 정정심판 인용심결확정의 효과 질문 있습니다.,"안녕하세요 변리사님? 136조 10항에 대해 질문 있습니다. 정정심판의 심결이 인용돼 확정되었을 때에는 그 정정후의 명세서 또는 도면에 따라 특허출원, 출원공개, 특허결정 또는 심결 및 특허권의 설정등록이 된 것으로 본다고 10항에 써있는데요, 2015년 기출 - 출원공개된 출원서에 첨부한 명세서 또는 도면에 기재된 사항이 그 후 정정심결이 확정되어 정정되었다면, 그 정정내용이 신규성, 진보성 판단에 제공되는 선행기술로서의 발명의 내용에 영향을 미친다 (x) 2016년 기출 - 조역에 의한 우선권 주장의 기초가 된 최초의 출원서 또는 출원공개된 출원서에 첨부된 명세서 또는 도면에 기재된 사항이 그 후 정정되었다면, 그 정정내용이 조약에 의한 우선권 주장의 기초가 된 발명의 내용 또는 신규성, 진보성 판단에 제공되는 선행기술로서의 발명의 내용에 영향을 미친다 (x) 이 두 지문이 잘 이해가 가지 않습니다. 지문은 2011후620 판례에서 따온 것 같은데 해당 판례를 단순히 암기하는것으로 넘어가야 할 문제인가요? [특허법 제136조 제8항에 의하여 정정심결이 확정된 경우 정정내용이 조약에 의한 우선권 주장의 기초가 된 발명 내용 또는 신규성·진보성 판단에 제공되는 선행기술로서 발명 내용에 영향을 미칠 수 있는지 여부(소극)] 이지특허법(16판) 을 찾아봐도 알 수 없기에 질문 드립니다. 항상 소중한 답변 감사합니다!","안녕하세요? 암기해야 하는 판례가 아니라 반드시 이해하고 넘어가야 되는 판례입니다. 신규성, 진보성 판단대상과 우선권주장의 기초출원 판단대상은 최초 명세서 또는 도면입니다. 최초란 보정(정정)과 상관없이 처음 출원한 것을 기준으로 한다는 것입니다. 최초의 개념을 모르고 있기 때문에 헷갈리고 있는 것 같습니다. 열공하세요~", ,,18.12.26
특허법,문제,,이해관계 질문,객관식 715의 마 지문이랑 716의3번 지문의 차이가 뭔지 모르겠습니다 기본강의에서 했다고 하셨는데 제가 객관식 강의로 바로 들어오게 되었습니다... 설명 부탁드립니다 아 속하는걸 인정하고 블라블라면 이해관계x 상대방의 권리를 인정하고 블라블라면 이해관계o 로 인디케이팅하면 되는가요?,"합의의 내용에 따라 특허무효심판과 권리범위확인심판의 이해관계의 소멸 여부는 달라질 수 있다....(블라블라)...따라서 합의가 있었다는 사실만으로 곧바로 이해관계가 소멸되었다고 볼 수는 없고, 합의에 이르게 된 경위, 합의의 내용, 합의 후의 사정 등을 종합하여 이해관계의 소멸 여부를 판단하여야 한다. 이지특허법의 심판주체에 기재된 내용 그대로 옮깁니다. 꼭 한 번 다시 공부해 주세요. 그리고 제목이 질문규칙에 맞지 않으니 수정해 주세요~", ,,18.12.31
특허법,문제,133조,[133조] 무효심판인 이해관계인 질문,"안녕하세요 임병웅 변리사님 특허공부하다가 질문생겨 글 올립니다. 55회 2차시험 기출문제에서 甲의 [청구항1] A와 g로 구성되는 스마트폰 [청구항2] (삭제) [청구항3] 수단 C에 의해 스마트폰을 고정하는 거치대 특허가 등록되었는데 ""A와 g로 구성되는 스마트폰""을 판매하고 있는 乙이 무효심판을 청구하려 합니다. 1-(1) 청구항1에 대해서는 무효심판의 이해관계인으로 보이나 청구항3에 대해서도 이해관계인으로 인정될 수 있는지 궁금합니다. 1-(2) 아니면 청구항1에 대해서는 이해관계인이면서 청구항3에 대해서는 이해관계인이 아닌 경우는 생기지 않는 건가요? 1-(3) 또한 문제를 떠나 혹시나 청구항3에 대해 이해관계인이 아니라면 乙은 청구항1항에 대해서는 무효심판을 청구할 수 있지만 청구항3항에 대해서는 무효심판을 청구할 수 있는 적격이 없는것인지 궁금합니다. 아니면 청구항1항에 이해관계인이기 때문에 이해관계 없는 청구항3항에 대해서도 무효심판을 청구할 수 있는것인지 궁금합니다. 2. 발명의 설명 실시예 1: A와B로 구성되고, 특히 B는 b인 스마트폰이다. 실시예 2: 실시예 1의 스마트폰을 수단 C에 의해 고정하는 거치대이다. 청구범위 청구항1 : A와B로 구성되는 스마트폰 청구항2 : 제1항에 있어서, 상기 B는 b로 구성되는 스마트폰 청구항3 : 수단 C에 의해 스마트폰을 고정하는 거치대 인 경우에 청구항3이 실시예2에 의해 뒷받침된다고 볼 수 있나요? 실시예 2의 경우는 A+b로 구성된 스마트폰을 고정하는 거치대임에 반해 청구항3은 제한없는 스마트폰을 고정하는 거치대이므로 뒷받침 안되서 청구항3항에 42조4항1호 위반이라 무효사유가 있는거 아닌지 궁금합니다 ! 새해복 많이 받으시길 바라며 언제나 감사드립니다 ^^",안녕하세요? 1. 일부청구항에라도 이해관계가 있다면 무효심판의 이해관계가 긍정됩니다. 2. 수단 C가 반드시 실시예 1을 요구하지 않는다면 뒷받침된다고 할 수 있습니다. 발명의 설명에 기재된 내용에 의해 청구항에 기재된 발명까지 일반화 또는 확장할 수 있기 때문입니다. 열공하세요~, ,,19.01.01
특허법,문제,138조,[138조] 크로스라이센스에 관한 질문입니다,"안녕하세요 변리사님 객관식 문제를 풀다가 의문이 생겨 질문남깁니다 662번 문제. 3번보기를 보면 (이용관계의 선출원권리자 갑과 후출원권리자 을의 관계에서) 갑이 을의 발명을 실시하려는데 을로부터 사용허락을 받을 수 없는 경우 갑도 을을 상대로하는 통상실시권허락심판을 청구함으로써 을의 발명을 실시할수 있다, (0) 인데요. 크로스라이센스의 경우 통상실시권허락심판을 통해 통상실시권을 허락한 선출원권리자만 청구할 수 있는 것으로 아는데, 그러한 전제가 빠지더라도 맞는 지문으로 봐야하는 것인가요? 감사합니다","안녕하세요? 크로스 라이센스의 요건인 통실허심판에 의해 실시권을 허락할 것이 맞습니다. 다만, 객관식 문제는 상대적으로 풀이해야 하고, 문제 속에서 지문을 문의하지 않고, 지문만 옳은 것이냐고 문의하는 것은, 잘못된 질문입니다. 정리하면, 객관식 지문에서 절대적 진리를 물어보는 것 자체가 잘못된 생각입니다. 열공하세요~", ,,19.01.01
특허법,문제,135조,[135조] 권리범위확인심판의 심판 피청구인에 관한 질문입니다,안녕하세요 변리사님. 객관식 문제 풀다가 질문남깁니다 799번 권리범위확인심판에 관한 문제인데요. 피청구인이 실시하지 않고 있는 물품을 대상으로 한 적극적 권리범위 확인심판청구는 확인의 이익이 없어 기각되어야 한다.(x) 인데요. 틀린지문인 것은 이해를 했습니다. 그런데 해설을 보면 기각이아니라 각하를 해야되서 틀렸다 이렇게 나와있습니다. 그런데 권리범위확인심판의 피청구인은 현재 실시하지 않아도 과거에 확인대상발명을 실시한자도 포함이 되어있는 것으로 기억하고 있는데요. 그렇다면 문제에서 기각이 아니라 각하되어야한다라고 되어있어도 틀린지문으로 보면되는것인가요? 감사합니다 저작자 표시컨텐츠변경비영리,"안녕하세요? 각하되어야 한다고 표현되면 옳은 지문이 되고, 과거에 대해서는 특별한 사정이 없으면 고려하지 않아도 됩니다. 열공하세요~", ,,19.01.01
특허법,문제,135조,[135조] 권리범위확인심판 이해관계인 질문입니다. (2014후2849 관련),"특객의 이해관계인에 대한 판례에 관한 문제중 맞는 보기에 (11판 698번 보기 1번) 피심판청구인(원고)은 심판청구인이 현재 실시하고 있는 제품에 대해서만 특허권 침해를 주장하는 것이고, 심판청구인이 심판대상으로 특정한 이 사건 확인대상발명에 대해서는 특허권 침해를 주장하지 않고 있으며 향후에도 주장할 의사가 없다고 진술하는 등의 사정이 있더라면, 이 사건 소극적 권리범위확인심판은 심판청구의 이익이 있다. 가 맞는 보기로 되어 있습니다. 해설은 판례 2014후2849 에서 심판대상으로 특정한 확인대상발명이 특허권의 권리범위에 속하지 않는다는 점에 관하여는 아무런 다툼이 없는 경우라면, 그러한 확인대상발명을 심판대상으로 하는 소극적 권리범위확인심판은 심판청구의 이익이 없어 허용되지 않는다. 라고 되어있습니다. 관련 판례를 알고 있기는 하였지만, 주어진 보기는 '침해'를 주장하지 않는다고 제시되어 있어서 침해의 주장과 권리범위에 속한다는 주장이 서로 다르다고 판단하여 틀린 보기라고 생각하였습니다. 따라서, 소극적 권리범위확인심판을 청구하여, 침해의 구성요소를 만족하지 않는 것 뿐만 아니라, 권리범위에도 해당되지 않는다는 주장을 할 청구의 이익이 있다고 생각하였습니다. 주어진 보기의 맥락상 권리범위확인심판에 대한 보기이기 때문에 관련 판례를 통하여 맞는 보기로 판단하면 되는것인가요? 아니면 침해를 주장하지 않는 것과 권리범위에 속하지 않는다는 점에서 다툼이 없는것이 소의 이익을 판단할 때 같게 판단하는것인지 궁금합니다. 저작자 표시컨텐츠변경비영리",보기는 틀린 지문인데 맞는 지문이라는 것이 이해가 되지 않는군요. 뭔가 착각을 하고 질문을 하는 것 같습니다. 다시 한 번 확인해 보세요., ,,19.01.02
특허법,문제,134조,[134조] 존속기간연장등록무효심판에 대한 질문 드립니다,객관식특허법 784번에 3번 보기를 보면 갑이 허가 등을 위한 존속기간 연장등록심판을 청구해서 연장기간을 받아놓은 상태에서 을이 갑의 원 존속기간이 끝나자 승인을 위한 실험을 하는 상태입니다. 이때 3번 보기를 보면 갑이 제기한 침해소송에서 대응하여 을은 소극적권리범위확인심판을 청구할 수 있다고 되어있는데 갑의 특허권과 동일물질을 실시하고 있으므로 소극적권리범위확인 심판은 의미가 없는것 아닌가요? 96조1항1호가 적용되어 특허권의 효력이 제한된다고 대응해야 맞는것 아닌가요?,"권리범위 판단에 대한 기본 개념이 부족합니다. 권리범위(보호범위) 판단 범위 내에 법률의 제한까지 포함되기 때문에, 법 제96조제1항제1호를 권리범위확인심판에서 다툴 수 있습니다. 기본서를 조금 더 정독해 보세요~", ,,19.01.03
특허법,조문,134조,[134조] 존속기간 연장등록 무효심판 준용규정 관련 질문입니다,"안녕하세요 변리사님~! 준용규정을 살펴보다 헷갈리는것이 있어 질문드립니다! 1. 134조 3항에서, 133조 2항을 준용의 의미 연장등록된 존속기간의 만료로 특허권 소멸된경우 에도 134조 존속기간 연장등록 무효심판을 청구할 수 있다 2. 연장등록된 존속기간의 만료로 특허권 소멸된경우, 133조 무효심판을 청구 할수 있다"" 이건, 133조 2항에 해당하는 내용이다 위 1, 2 와 같이 이해하는 것이 맞나요? 늘 자세한 답변 감사합니다~!",안녕하세요? 맞습니다., ,,19.01.03
특허법,조문,141조2항,"(141조2항 , 170조) 심판청구서의 각하 ,거불심에서의 보정각하","안녕하세요 변리사님 Q1) 170조에서 51조를 준용하며 심판관은 심판단계에서 최후 거절이유에 대한 보정이 부적법한 경우에는 보정각하결정을 하여야한다. 라고 교재에 언급 되어있는데 하자에 대한 보정 자체가 부적법하면 보정각하를 하고 하자를 보정할 수 없을 경우에는 심결각하를 하는게 맞나요? Q2) 141조2항에서 심판장은 보정명령을 받은자가 보정을 하지 않거나 보정한 사항이 요지변경인 경우 결정각하해야한다고 언급되어있는데, 여기서 보정각하를 하지않고 결정각하하는 이유는 무엇인가요? 아니면 일단 보정각하를 한 후 청구서를 결정각하하는건가요? 답변에 항상 감사드립니다.","안녕하세요? 1. 심판청구요건을 만족하지 못하면 심결각하하고, 심판청구요건을 만족하였으나 본안심리에서 법 제47조제1항제2호의 시기에 보정이 부적법하면 보정각하합니다. 개념 자체를 혼동하고 있습니다. 2. 보정각하는 실체보정이 부적법한 경우 이를 인정하지 않는 행정처분입니다. 심판청구서의 보정과 전혀 무관한 제도입니다. 열공하세요~", ,,19.01.07
특허법,조문,141조,"[141조]방식위반에 관한 질문입니다. 46조,195조도 연관o","안녕하세요. 변리사님 덕분에 특허법에 대해 조금이나마 깨우쳐가고 있는 수강생입니다. 이 질문은 제가 항상 가지고 있었던 질문입니다. 이지객관식특허법을 풀다가 재심파트에서 ""심결확정 전에 재심청구를 한 경우""가 심판장의 보정명령 후 결정각하사유가 아닌 심판관합의체의 심결각하 사유임을 깨닫고 이 질문을 드리게 되었습니다. 절차보정명령사유인 행대방수에서 방식위반의 구체적인 예를 정확히 알고 싶은데 객관식문제의 보기지문으로 접해보는 방법밖에는 없을까요? 현재는 흠결이 심하지 않다고 생각되는 것을 방식위반으로 대충 넘겨짚어 생각하고 있습니다. 혼자 고민해본 결과 심사절차의 경우 20가지 정도 되는 불수리사유를, 심판절차에서는 심판관합의체의 적법성심리 대상을, 국제출원절차에서는 보완명령사유를 모조리 외운 후, 그 것에 해당하지 않고 행위능력·대리인흠결·수수료불납을 제외한 사유들을 방식위반으로 알고 있는 방법밖에는 없을 거라 생각을 하긴 했는데, 타법에서도 그렇고 너무 대충 알고 있는건가 싶은 생각에 질문드립니다. 흠결이 심하지 않아 보정할 수 있다는 것 말고는 방식위반만의 특징(?)같은 게 없을까요? 불수리사유, 적법성심리대상, 보완사유를 다 외우는 것만이 방법일까요? 이런 피드백이 가능한 강사님의 강의가 정말 최고인 것 같습니다. 감사합니다!","안녕하세요? 대충 비슷한데요. 심사절차에서는 불수리사유 외의 위반을 방식위반으로 보고 있습니다, 심판절차와 국제출원절차는 심사절차에서의 방식위반에 준해서 공부하면 됩니다. 열공하세요~", ,,19.01.11
특허법,조문,138조,[138조] 통상실시권 허락심판,"안녕하세요 변리사님 이용관계인 후특허권자는 선특허권자의 동의 없이 실시는 못하더라도 자기의 특허권에 실시권 설정은 가능한것으로 알고 있습니다. 그런데 만약 후특허권자가 통실허심판으로 통상실시권 얻었다면, 자기가 직접 실시는 가능하지만, 타인에게 전용/통상실시권 설정시 그실시권자는 실시 못하는건가요? 후특허권의 전용/통상실시권자는 별도로 또 통실허심판해서 실시권 범위내의 통상실시권 얻어야하나요? 감사합니다. 저작자 표시컨텐츠변경비영리",안녕하세요? 네. 그렇습니다. 통상실시권자는 타인에게 통상실시권을 허락해줄 권원이 없습니다. 열공하세요~, ,,19.01.15
특허법,조문,135조,[135조] 권리범위확인심판,"안녕하세요 변리사님 적극적 권리범위 확인심판에서 질문드립니다. 적극적 권리범위확인심판 청구시 침해피의자는 특허권자의 특허권 하자의 항변이 가능한데요. 이는 (동일성실기) 사유의 경우에는 특허권의 권리범위가 인정되지 않기 때문이라고 배웠습니다. 질문 선출원 특허권자가 후출원 특허권자의 특허권이 (동일성실기)의 사유로 하자가 있는 특허권이고, 권리범위에 속함을 구하는 권리대 권리간의 적극적 권리범위확인심판이 가능한가요? 즉, 적극적권리범위확인심판에서 권리대 권리는 이용관계의 경우 가능한것으로 알고 있는데, 후출원 특허가 권리범위가 인정되지 않는 (동일성실기)의 사유 보유시에는 적극적 권리범위확인심판청구가 가능한지 질문드립니다. 감사합니다. 저작자 표시컨텐츠변경비영리","네. 이용관계라면 가능합니다. 다만, 저촉관계는 불가입니다. 열공하세요~", ,,19.01.15
특허법,문제,135조,[135조] 권리범위확인심판 질문입니다.,"안녕하세요 임병웅 변리사님 객관식문제집 공부하다가 궁금한 사항이 생겨 질문드립니다. 특객 790번 2번보기입니다. 보기: 특허발명의 전항에 대하여 소극적 권리범위 확인심판을 청구한 사건에서 특허심판원이 확인대상발명이 일부 청구항의 권리범위에 속한다는 이유로 나머지 청구항의 권리범위에 속하는지 여부를 판단함이 없이 심판청구인의 청구를 기각한 심결은 나머지 청구항에 대한 판단이 누락되어 그 부분 심결이 위법하다. 맞는 보기인데요, 소극적권리범위확인심판에서 일부인용이 가능하다는 것과 비교해서 궁금한게 생겼습니다. 제가 이해한 것은, 소극적 권리범위 확인심판에서 일부인용은 가능하지만, 모든 청구항에 대해 판단한 후에 일부인용을 내릴 수 있고, 어쨋든 모든 청구항에 대해 심판을 청구했다면, 일부청구항만을 판단해서는 안된다. 라고 이해했는데, 맞게 이해한건가요? 감사합니다. 저작자 표시컨텐츠변경비영리",안녕하세요? 맞습니다. 열공하세요~, ,,19.01.21
특허법,조문,,권리범위확인심판과 97조 특허발명 보호범위 관련 문의드러요,"안녕하세요 권리범위확인심판에서 확인대상발명의 기술적 구성을 파악할때에는 확인대상발명의 설명부분에 기재되어 있는것을 중심으로 기술적구상을 파악하고, 용어의 의미가 명확하지 않으면 '명세서','출원경과' 참작한다고 알고있는데요 반면에, 97조 특허의 보호범위는 청구범위에 적힌 사항으로 보호범위를 파악하되 발명의 설명 및 도면을 참작해 기술적 의의를 객관적, 합리적으로 파악해야 한다고 되어있습니다. 즉, 권리범위확인심판에선 발명의 설명이 중심으로 권리범위를 파악하되, 명세서를 참작하고, 특허 보호범위 판단시에는 청구항이 중심이되 발명의 설명을 참작 하는게 맞는건가요??? 맞다면, 특허권 침해여부 판단시에는 97조에 따라 명세서를 기준으로 판단하고, 권리범위를 파악할때에는 발명의 설명을 중심으로 파악하는 건가요??","안녕하세요? 맞지 않습니다. 권리범위확인 = 보호범위확인 입니다. 특허발명을 특정함에 있어서, 청구범위를 중심으로 하되 발명의 설명을 참작하는 것은 공통되는 내용입니다. 열공하세요", ,,19.01.21
특허법,조문,140조의2,[140조의2]거절결정불복심판청구서의 보정,"안녕하세요 변리사님! 거절결정 불복심판 심판청구서의 출원인 보정에 대해 질문드립니다 다른 심판과 다르게 거절결정불복심판은 청구기간이 정해져있어서 혼동되는점이 있습니다 예를 들어 공동출원인 A,B,C가 있는데, 거절결정불복심판 청구가능기간(거절결정등본송달후30일) 내에 A,B만이 심판청구인으로 하여 불복심판을 청구하고, 심판청구기간을 도과한 후에 C를 심판청구인으로 추가보정하는것도 가능한가요? 답변부탁드립니다! 감사합니다!",안녕하세요? 네. 가능합니다. 법 제140조의2 제2항을 참조하세요. 열공하세요~, ,,19.01.22
특허법,조문,133조4항,[제133조4항]통지규정에 관한 질문,"안녕하세요 변리사님! 특허무효심판 정정무효심판 등에서는 '등록된 권리자들에게 심판청구가 있음을 통지'하는 규정(133조4항)을 준용하고있는데, 권리범위확인심판, 통상실시권허락심판에서는 이를 준용하고있지않아 질문드립니다! 명문으로 준용하고있지않은 심판들은 해당심판이 청구되더라도 등록된 권리자들에게는 별도로 심판청구가있음을 알려주지는 않나요? 미리답변 감사드립니다!!","안녕하세요? 알려주지 않았습니다. 무효심판의 경우 특허가 무효가 되면 실시권, 질권도 같이 없어지기 때문에 항상 이해관계가 있지만, 다른 심판은 그렇지 않기 때문입니다. 열공하세요~", ,,19.01.23
특허법,조문,136조,[136]정정심판 청구기간의 예외,"안녕하세요 변리사님. 판례강의 강의노트 116페이지 그림에 이상한 부분이 있어서 질문드립니다. 136조2항 제1항에도 불구하고 다음 각 호의 어느 하나에 해당하는 기간에는 정정심판을 청구할 수 없다. <신설 2016. 2. 29.> 1. 특허취소신청이 특허심판원에 계속 중인 때부터 그 결정이 확정될 때까지의 기간. 다만, 특허무효심판의 심결 또는 정정의 무효심판의 심결에 대한 소가 특허법원에 계속 중인 경우에는 특허법원에서 변론이 종결(변론 없이 한 판결의 경우에는 판결의 선고를 말한다)된 날까지 정정심판을 청구할 수 있다. 2. 특허무효심판 또는 정정의 무효심판이 특허심판원에 계속 중인 기간 질문: 136조2항1호단서에 의하면 무효심판에 대한 심결취소소송이 “특허법원”에 계속 중일 때부터 변론종결 전까지 정정심판청구가 가능합니다. 그렇다면 색칠한 세번째 화살표가 잘못 된 것 아닌가요? 심판원에 계속 중인 경우에는 정정심판을 청구 할 수 없는 것 아닌가요?","무효심판과 취소신청을 구분하지 못하고 있습니다. 무효심판이 특허법원이 계속 중일 때부터이고, 취소신청은 어디에 계속 중이든지 상관없습니다. 열공하세요~", ,,19.01.27
특허법,문제,137조,[137조] 정정심판과 무효의 관계,"이지특허법 11판 789번 문제 Q.심판에 대한 다음 설명중 옳지 않은것은? A.2번. 2. 무효심판에 의하여 특허가 무효가 된 경우에는 항상 정정심판을 청구할 수 없다. 해설 : 특허를 무효로 한다는 심결이 확정된 경우에는 처음부터 특허가 없었던 것으로 보므로 정정심판을 청구할 수 없다.(136조6항). 그러나 후발적 무효사유에 해당되어 무효로 된 경우에는 그 사유가 발생한 날부터 장래를 향해 소멸하므로 정정심판을 청구할실익이있다. 질문1. 어떤 문제에서 특허가 무효가 되었다라는 이야기가 있을때, 소급효인지 장래효인지 둘다 따져봐야한다고 생각하고있었습니다. 그런데 해설을 보니 소급무효에는 ""무효로한다는심결이확정"", 장래무효에는 ""무효로된경우""라고 표현하고있는데 실제로 소급무효와 장래무효의 경우 표현을 저렇게 나누어서 쓰는지 궁금합니다. 795번 문제 Q.특허심판절차에 관한 설명으로 옳지않은것은? A.1번 4.특허발명에 대한 정정심판이 특허심판원에 계속 중 해당 특허발명에 대한 무효 심결이 확정되었다면, 위 정정심판 청구는 각하된다. 해설 : 정정심판이 특허심판원에 계속 중일때 특허무효심판에 대한 인용심결이 확정되어 소급하여 소멸한 경우 정정심판은 대상물이 없어져서 심결각하된다.(142조) 질문2. 질문1에서 처음 말씀드렸던것처럼 특허가 무효가 되었다라는 이야기에는 장래효와 소급효 둘다 따져보면서 문제를 풀고있는와중에, 그리고 이것을 795문제 4번에도 적용하면 무효심결확정이 소급무효인지 장래무효인지 둘 다 따져봐야할것이고, 소급무효일경우 심결각하되는것이 이해가 되지만 장래무효일 경우에는 정정심판 심리를 계속한다고 생각했는데 해설에 소급효만 이야기하고 있어 질문합니다. (만약 질문1에 대해서 ""그렇게 구분하여 쓴다""라는 것을 알게된다면 질문2는 저절로 해결될것입니다)","안녕하세요? 소급효라는 것이 명확히 드러나지 않으면, 소급효인 경우와 장래효인 경우로 구분해서 풀이하면 됩니다. 질문 2에서도 장래효는 경우에는 정정심판에 대한 본안심리와 심결을 하게 됩니다. 열공하세요~", ,,19.01.27
특허법,문제,137조,[137조] 정정심판과 무효의 관계 밑에글 재질문,"795번 문제 Q.특허심판절차에 관한 설명으로 옳지않은것은? A.1번 4.특허발명에 대한 정정심판이 특허심판원에 계속 중 해당 특허발명에 대한 무효 심결이 확정되었다면, 위 정정심판 청구는 각하된다. 해설 : 정정심판이 특허심판원에 계속 중일때 특허무효심판에 대한 인용심결이 확정되어 소급하여 소멸한 경우 정정심판은 대상물이 없어져서 심결각하된다.(142조) 질문2. 질문1에서 처음 말씀드렸던것처럼 특허가 무효가 되었다라는 이야기에는 장래효와 소급효 둘다 따져보면서 문제를 풀고있는와중에, 그리고 이것을 795문제 4번에도 적용하면 무효심결확정이 소급무효인지 장래무효인지 둘 다 따져봐야할것이고, 소급무효일경우 심결각하되는것이 이해가 되지만 장래무효일 경우에는 정정심판 심리를 계속한다고 생각했는데 해설에 소급효만 이야기하고 있어 질문합니다. 앞선 답변 감사합니다. 명쾌하게 이해는 됐지만 한가지만 더 여쭤보고싶습니다. 변리사님꼐서 질문2에서 장래무효일경우 정정심판의 본안심리를 계속해야한다고 말씀하셨는데, 그렇다면 795번 문제의 4번보기는 옳지않은것인데, 옳은것으로 처리하고 있어 질문드립니다. 이 문제는 이지객곽식11판이기도 795번 문제이기도하지만 2013년도 기출문제8번 이기도해서 재질문드립니다. 저작자 표시컨텐츠변경비영리","기존에는 법 규정이 특허권이 소급된 후에는 청구할 수 없다는 것이었으나, 후발적 사유는 예외로 한다는 것으로 해석하였습니다. 현재는 법 규정이 후발적 사유는 예외로 한다는 것이 명시되어 있습니다. 기존 법 규정 그대로 문제를 낸 것입니다. 열공하세요~", ,,19.01.28
특허법,조문,139조,"[139조,140조,142조] 공유 심판청구","안녕하세요 변리사님 공유인 특허 심판청구의 제한 관련해서 질문드립니다. 도해특허법 211쪽을 보면 공유인 특허권의 특허권자에 대하여 심판을 청구할때는 공유자 모두를 피청구인으로 하여 청구하여야 하며, 특허권의 공유자가 그 공유인 권리에 관하여 심판을 청구할 때에는 공유자 모두가 공동으로 청구하여야 한다 (139조) 이에 위반된 경우 부적법한 심판청구로서 심판관합의체는 답변서 제출기회를 주지 아니하고 심결로서 각하할 수 있다(142조) 라고 써있는데요. 140조에서 청구인의 보정(추가를포함)하는것은 요지변경이 아니고 보정가능하므로 보정명령 하여야 하는 것 아닌가요? 감사합니다.",안녕하세요? 보정가능한 사유이기 때문에 보정명령을 하는 것이 맞습니다. 열공하세요~, ,,19.01.28
특허법,조문,133조의2,[133조의2]특허무효심판 중 정정청구 관련 질문드립니다.,"변리사님 안녕하세요? 복습을 하다 궁금한 점이 생겨 질문드립니다. 이지특허법 강의노트 제 2판 488페이지 13년 기출변형 문제의 보기 1번에서 '무효심판 계속 중 정정청구의 기간 내에 특허권자가 1차 정정청구를 한 후, 청구인이 새롭게 제출한 무효증거에 대응하여 특허권자가 2차 정정청구를 한 경우, 심판관은 2차 정정청구가 1차 정정청구와 비교하여 요지변경이 된 것 인지 여부를 살펴보고, 만약 요지변경이 된 것이라면 1차 정정청구를 심리대상으로 삼아야 한다.' 라고 문제가 출제 되었는데, 이 보기가 틀린 이유가 특허무효심판 도중 정정청구를 함에 있어 여러 회의 정정청구가 있다면 마지막에 한 정정청구 이전의 모든 정정청구는 취하간주가 되어 1차 정정청구를 심리대상으로 할 수 없기 때문인 것으로 생각했습니다. 그런데 무효심판 도중 정정청구에서 140조 제 2항을 준용하기 때문에 요지변경이 되었다면 2차 정정청구가 부적합한 것으로 판단되는게 맞나요? 만약 부적합한 것이 맞다면, 심리대상으로 삼을 대상은 1차 정정청구가 아닌 단 1회도 정정이 되지않은 최초의 명세서를 그 심리의 대상으로 삼아야 한다고 생각했는데 제 생각이 옳은지 궁금합니다. 감사합니다:) 저작자 표시컨텐츠변경비영리","안녕하세요? 틀렸습니다. 제140조제2항은 정정청구한 것을 보정했을 때 적용되는 것이고, 보정한 것이 아니라 다시 정정청구한 것이라면 마지막 정정청구만 유효한 것으로 보게 됩니다. 열공하세요~", ,,19.01.29
특허법,조문,135조,"[135조]권리범위확인심판의 심리대상, 심판청구서 보정","안녕하세요 변리사님! 심판청구서의 보정에 대해서 질문이 있습니다 심판청구서의 보정이 요지변경에 해당하는 경우 심판장이 심판창구서 각하결정을 하는것으로 알고있습니다(근거:특허법141조) 그런데, ""2003허2096"" 판례에서는 ""위 2003.1.17자 심판청구보정서가 부적법한이상, 이사건 정정심핀청구를 하용할것인지 여부는 원고가 최초로 제출한 정정심판청구서를 기준으로 판단해야할것이다""라고하며 부적법한(즉 요지변경) 심판청구 보정서는 없는것으로 보고 심판을 진행했습니다 심판청구서의 보정이 요지변경인경우, 심판청구서가 각하되는것인가요? 아니면 그러한보정은 없는것으로 보고 심판을 진행하나요? 만약 둘다 가능하다면 어떤경우에는 각하결정하는지, 어떤경우에는 보정이 없는것으로 보고 심판진행하는지 구분 기준에 대해 간략히 설명부탁드립니다!! 답변부탁드리겠습니다! 감사합니다! 즐거운 연휴 보내시길 바랍니다!!","안녕하세요? 말씀하신 내용은 구법에서 판례이고, 개정된 법 제141조에서는 어떻게 해야 할지 아직 판례가 없는 상태입니다. 참고로, 구법에서 판례는 정정심판의 경우 요지변경인 경우 정정전 명도에 의해 심리를 진행하고, 권리범위확인심판에서는 각하하는 것이 주류였습니다. 열공하세요~", ,,19.02.03
특허법,문제,135조,135] 권리범위확인심판에서 적법성 심리에 관한 질문입니다,"안녕하세요? 변리사님. 공부하다가 헷갈리는게 있어서 질문드려요 객관식 789번 문제를 보면 5번보기에서 '확인대상발명과 실시주장발명이 발명의 요지가 같아서 동일성이 있는 경우에 한해서 확인대상 발명이 특허발명의 권리범위에 속하는 지의 여부에 대해 심결을 하여야 한다' (x)인데 해설이 없어서 정확히는 모르겠으나 최근 학원 3회차 모의고사에서 같은 지문이 동일성이 있는것만으로 안되고 동일해야 된다는 해설을 보고 넘어갔는데요. 그런데 797번 문제에 5번보기를 보면 '적극적 권리범위확인심판 청구에 있어서 특허권자(심판청구인)가 확인심판대상으로 특정한 발명과 피심판청구인이 실시하고 있는 발명 사이에 동일성이 인정되지 아니하면, 원칙적으로 심판청구인의 적극적 권리범위확인심판은 부적법한므로 각하된다.' 라고 되어있어서. 여기서는 결국 '동일성'만 인정되어도 부적법 각하가 안된다는 것 같아서 헷갈립니다. 또 작년도 기출문제를 보면 상표법 부분에서 나왔지만 '확인대상표장과 피심판청구인이 실제로 사용하는 표장이 차이가 있더라도 그 차이나는 부분이 부기적인 것에 불과하여 양 표장이 동일성이 인정되는 경우에 확인의 이익이있다' (ㅇ) 를 보면 동일하지 않고 동일성만 있어도 부적법각하가 되지 않는다는데요.. 결국 어떤 지문은 '동일'해야된다고 하고 어떤 지문은 '동일성'만 있으면 된다고 하는것 같아 헷갈립니다. 제가 어디서 잘못 이해하고 있는것일까요?? 저작자 표시컨텐츠변경비영리","안녕하세요? (a) 확인대상발명: 특허권자가 특정한 발명 (b) 실시주장발명: 이해관계인이 특정한 발명 (c) 제3자실시발명: 이해관계인이 실시하고 있는 발명 (a)와 (c)가 사실적 관점에서 동일하지 않으면, 심결각하되는 것입니다. 그런데, 789번 문제는 (a)와 (b)를 비교하고 있기 때문에 잘못된 지문입니다. 참고로, 심판에서 동일과 동일성은 다른 표현이 아닙니다. 열공하세요~", ,,19.02.06
특허법,조문,154조8항,"[154조8항, 163조]중복소제기와 일사부재리",안녕하세요 임병웅 변리사님 중복심판청구랑 일사부재리 공부하다가 막혀서 질문 올립니다. 1. 중복심판청구에서 동일심판물을 요건으로 하는데요 동일심판물의 의미는 근거법조 상관없나요? 즉 甲이 乙에게 인용발명1에 의해 진보성 위반임을 이유로 무효심판 청구하는 경우에 후심판으로 (1) 甲이 乙에게 인용발명2에 의해 진보성 위반임을 이유로 무효심판 청구하는 경우 (2) 甲이 乙에게 인용발명1에 의해 신규성 위반임을 이유로 무효심판 청구하는 경우 모두 중복심판청구에 해당하나요? 2. 일사부재리에서 동일한 심판청구일 것을 요하는데 중복심판에서의 동일심파물과 똑같은 의미로 보면 되나요? 3. 일사부재리에서 동일사실을 판단할때 이라함은 근거법조나 인용대상이 달라도 동일사실로 보나요? 즉 甲이 乙에게 인용발명1에 의해 진보성 위반임을 이유로 무효심판 청구하였는데 기각심결확정된 경우 후심판으로 (1) 甲이 乙에게 인용발명2에 의해 진보성 위반임을 이유로 무효심판 청구하는 경우 (2) 甲이 乙에게 인용발명1에 의해 신규성 위반임을 이유로 무효심판 청구하는 경우 언제나 친절한 답변에 감사드리며 좋은 하루 되시길 바랍니다. ^^,"안녕하세요? 1. 네. 그렇습니다. 청구취지가 같으면 동일심판입니다. 2. 같은 의미인데, 판례는 권리범위확인심판의 경우 달리보고 있습니다. 3. (1)의 경우 동일사실이나 동일증거가 아니고, (2)의 경우 동일사실이 아닙니다. 따라서, 일사부재리 위반이 아닙니다. 열공하세요~", ,,19.03.17
특허법,조문,138조,[138조]에 대한 질문입니다.,"안녕하세요 임병웅 변리사님 해당 조문에서 통실허 심판을 청구하는 사유에 대한 질문인데요.. 여기서 98조에 해당하는 경우에, 후출원 특허권자는 선출원된 권리자의 동의 또는 통실허에 의해 실시 가능하다고 규정하고 있으면서, 대가지급 의무에 있어서는 98조의 태양 중, 상표권자 또는 저작권자와 저촉되는 경우는 규정하지 않고 있는데요.. 그렇다면 선출원 상표권자와의 관계에서는 통실허에 의한 심판 청구를 허용하지 않는다는 의미인가요?? 혹, 허용하는 것이라면 단순 입법불비로 다른 권리자와 동일하게 볼 수 있는 것인지요..?? 답변 감사합니다.",안녕하세요? 네. 허용되지 않습니다. 상표법에서는 강제사용권 제도가 존재하지 않습니다. 기본서를 조금 더 정독해 보세요~, ,,19.03.20
특허법,조문,136조,(136조)정정심판과 일부심결,"정정심판 심취소중 일부청구항무효심결확정사안, 무효된청구항에대해 정정허용여부를 심리할필요가없어진것이므로 소전체가 부적법해진다고 볼 수는 없다는 판례(2002허4989)와관련해서요, 만일 심취소가아닌 정정심판단계에서 일부 청구항 무효확정시에는 (1)해당청구항 일부각하심결& 나머지 전부승소또는패소심결을 하는건가요 아니면 (2)해당청구항 판단x 전부승소 또는 패소심결을 하는게 맞나요? 헷갈리네요! 감사합니다","안녕하세요? 무효심결확정의 효과가 소급효이므로, (2)번이 맞습니다. 열공하세요~", ,,19.03.20
특허법,판례,135조,[135조] 94후2223 판례 권범심 특허권 소멸,"안녕하세요 변리사님 94후2223 판례에서요, ""기록과 관련 법규에 의하면 이 사건 특허발명(특허등록 제19985호)은 상고심 계속중인 1994. 12. 5. 그 존속기간이 만료되어 소멸하였으므로 이 사건은 확인의 이익이 없게 되어 부적법하게 되었다고 할 것이고, 따라서 원심결과 특허청의 초심결(90당784)은 이 점에서 그대로 유지될 수 없으므로 이를 모두 파기하고, 이 사건은 당원에서 재판하기에 충분하므로 당원이 직접 심판하기로 하여 위와 같이 확인의 이익이 없다는 이유로 이 사건 심판청구를 각하하며, 심판 총비용과 상고비용은 심판청구인의 부담으로 하기로 관여 법관의 의견이 일치되어 주문과 같이 판결한다."" 라고 하였는데요, 심결취소소송은 인용판결 시, 환송이 원칙이라 직접 심판하지 못할 것 같은데, 어떤 법리로 직접 심판이 가능한지 궁금합니다. 항상 감사합니다^^",안녕하세요? 문의하신 내용은 옛날 특허법원이 생기기 전에 내용입니다. 알 필요가 없습니다. 열공하세요~,안녕하세요~! 답변 감사합니다. 그러면 대법원은 파기자판하여 소각하 판결 하는게 맞는건가요?,"네. 현재 판례는 일반적으로 파기소각하하고 있습니다. 다만, 가끔 파기환송하는 경우도 있습니다.",19.03.30
특허법,조문,136조,[136조] 정정 범위 및 한계의 취지,"안녕하세요 임병웅 변리사님 매번 빠르고 친절하게 답변해주셔서 정말 감사합니다. 덕분에 궁금증을 잘 해소하며 공부하고 있어요. 정정심판에서 질문이 있는데요, 정정의 대상을 청구범위 감축, 잘못 기재된 사항의 정정, 분명하지 않은 기재의 명확화로 구분을 하고 굳이 각각을 다르게 명세서 또는 도면 범위 혹은 최초의 명세서 또는 도면에 기재된 사항의 범위로 나누거나 특허출원 시 특허받을 수 있을 것의 요건을 1,2호만 요구한 취지가 궁금합니다. 예를 들면, 잘못 기재된 사항의 정정은 오탈자 수정 정도에 그치는데도 굳이 특허요건 충족 여부를 판단하면서 거절 이유에 해당할 정도의 기재불비를 해소하는 불명확한 기재의 명확화는 특허요건 판단을 안 하는 이유. 오탈자 수정정도에 그치는데 굳이 구분하여 최초 명세서 도면 기재범위를 요구한 이유가 궁금합니다.","안녕하세요? 1. 분명하지 아니한 기재의 명확화 : 이지특허법의 문구를 그대로 쓰면, ""정정대상으로 삼지 아니한 다른 부분에 분명하지 아니한 기재가 있다고 하더라도, 이는 원칙적으로 별도의 정정심판이나 특허무효심판절차에서 다룰 사항에 불과하고 해당 정정을 불인정할 사유는 되지 못한다.""입니다. 분명하지 아니한 기재를 명확히 해야 한다면 정정이 인정되는 경우는 극히 드물게 되고, 정정심판의 인용률이 낮아질 수밖에 없습니다. 2. 오탈자인지 판단은 특허발명의 명도가 아닌 최명도를 기준으로 하는게 조금 더 객관적이라는 것입니다. 열공하세요~", ,,19.04.01
특허법,조문,136조,[136조] 정정심판의 결과에 대한 질문입니다.,"안녕하세요 임병웅 변리사님 정정심판은 일정요건 하에서 허용되는 것으로 알고 있는데요.. 그 요건으로서 136조 각항의 사유를 모두 만족해야 하는것으로 알고있습니다. 이 때, 정정심판의 태양이 (1)청구범위를 감축하는 경우가 아닌 경우, (2)시기적요건을 위배한 경우, (3)청구범위를 실질적으로 확장 변경하는 경우에는 각하심결이 되는것인지요 아니면 기각심결이 되는 것인지요?? 답변 감사합니다.","안녕하세요? (1)(3)은 기각심결이 되고, (2)는 각하심결이 됩니다. 열공하세요~", ,,19.05.12
특허법,조문,136조,"[136조] 정정심판과 무효심판 간의 심리순서와, 양자 간의 관계에 대한 질문입니다.","안녕하세요 임병웅 변리사님 무효심판과 정정심판이 함께 청구된 경우, 해당 심판의 판단순서에 있어서, 판례는 무효심판을 먼저 심리하더라도 부적법하지 아니하며, 이때의 심판 대상은 정정 전의 명세서라고 하고 있습니다. 이때, 무효심결에 의해 소멸하는 경우, 전체 청구항을 대상으로 무효심판을 청구하여 소급소멸 한 경우에는 정정심판은 대상이 없어지게 되어, 심결각하 되는 것으로 알고 있습니다. 그런데, 무효심결에 의해 소멸하는 경우 중, 일부 청구항을 대상으로 무효심판을 청구하는 경우에는 위와는 달리, 그 대상이 정정심판이 청구된 청구항인 경우에는 대상이 없어지게 되어 각하될 것이나, 무효심판이 청구된 대상이 정정의 대상이 아닌 경우에는 무효심결과는 상관없이 정정심판의 본안심리를 하는 것으로 알고 있습니다. 그런데 여기서, 일부 청구항에 대한 무효심판이 먼저 확정된 경우의 정정심판의 처리에 대하여 궁금한 점이 있습니다. 청구항 1에 대하여 진보성 흠결로 무효심판이 청구되어 먼저 심결이 확정되어, 청구항 1에 기재된 발명 A+B에 대하여 소급소멸하는 경우로 가정할 때, 정정 후(1)과 (2)에 있어서 정정심판의 결론의 차이가 존재하는지요?? 정정 전 정정 후 명세서 (1) 정정 후 명세서 (2) 청구항 1 A+B (삭제) A+B+C 청구항 2 A+B+C A+B+C (삭제) (1)의 경우에는 청구항1을 삭제 보정 하였는 바, 무효심결의 효력에 의하더라도 정정의 대상에 영향을 미치지 아니하는 경우인가요?? (2)의 경우에는 반대로, 청구항1이 무효심결로 확정 되는 바, 정정후의 청구항1은 소급하여 소멸하였으므로, 정정후(2)의 경우에는 정정의 대상적격 흠결로 부적법 각하심결되는 사안인가요?? 답변 감사합니다. 저작자 표시컨텐츠변경비영리","안녕하세요? (1)(2)의 경우 정정한 것이 청구범위의 감축이 아니라, 청구범위의 유지이기 때문에 모두 기각심결이 내려지게 됩니다. 정정이 적법한지 여부는 청구항별로 판단하는 것이 아니라 청구범위의 전체에 의해 판단하게 됩니다. 열공하세요~", ,,19.05.13
특허법,조문,136조,[136조] 정정심판에 대한 재질문입니다.,"안녕하세요 임병웅 변리사님 무효심결의 확정에 따른 정정심판의 결과에 대한 재질문입니다. 1. 질문-1 정정 전 정정 후 [청구항 1] A+B A+B+C [청구항 2] A+B+C (삭제) 종전의 질문 중에 Case(2)에 해당하는 정정인데요... 해당 정정의 경우에는 청구항1, 청구항2에 대하여 청구항 단위로 판단하는 경우에는 각각 외적부가와 삭제보정에 따른 청구범위의 감축으로 보일 수는 있으나, 청구범위 전체로 판단할때, A+B+C의 권리범위가 유지되는 바, 부적법한 정정이라는 말씀이 맞으십니까?? 정정의 전후로 청구범위의 실질적 확장 변경에 해당하는지 여부 뿐만 아니라, 청구범위의 감축에 해당하는지 여부도 청구범위의 전체로 판단을 해야하는 말씀이신지요..?? 2. 질문-2 종전에 정정의 요건을 만족하지 못하여 재질문을 드리게 되었습니다.죄송합니다ㅠㅠ 정정 전 CASE(1) - 정정 후 CASE(2) - 정정 후 [청구항1] A+B (삭제) A+B+C+D [청구항2] A+B+C A+B+C+D (삭제) 발명의 설명 A+B+C+D A+B+C+D A+B+C+D 정정 전 청구항1항, A+B 발명에 대하여 무효심판이 청구되고, 이와 함께 정정심판이 청구된 경우, 각각의 정정후 명세서는 CASE(1)(2)인 경우로 가정하겠습니다. 이 경우에 발명의 설명에 기재되어 있는 발명 A+B+C+D 의 경우, 발명의 목적과 효과에 변경이 없고, 제3자의 불측의 손해도 없으며 발명의 설명에 기재된 사항을 그대로 반영한 것이라, 정정 역시 적법한 경우로 가정하겠습니다. (1) 정정을 하는 경우, 청구항 자체를 삭제하는 보정은 청구항을 감축하는 보정으로 허용되게 맞습니까? (2) CASE(1)의 경우 이때, [청구항 1]에 대하여 무효심결이 확정 된 경우, [청구항 1]에 대하여는 정정의 대상이 없어져 부적법하게 되나, 정정의 경우 일부인용과 일부기각이 안된다는 의미일 뿐, 무효심판이 청구되지 아니한 청구항에 대하여는 여전히 본안심리 가능하여, [청구항1]에 대하여는 각하심결, [청구항2]에 대하여는 인용심결이 가능한게 맞는지요? (3) CASE(2)의 경우 그렇다면, 이 경우에는 [청구항1]에 대하여는 해당 대상적격이 없어져 각하심결이 되고, [청구항2]에 대하여는 삭제보정이 적법한 바 인용심결이 되는 것이 맞는지요..? 답변 감사합니다.",안녕하세요? 1. 네. 맞습니다. 2. (1) 네 2. (2) 네 2. (3) 이 경우 법 제136조제5항 위반으로 기각됩니다. 열공하세요~, ,,19.05.13
특허법,판례,135조,[135조] 자유기술의 항변시 발명의 특정,"안녕하세요 변리사님! 1차 끝나고 2차 공부 도중에 오랜만에 들어왔습니다 ㅎㅎ 2008후64판결 전체구성설을 지지한 판례를 공부하다 궁금한 점이 생겼습니다. 판결내용을 보면 ""확인대상고안을 등록실용신안의 청구범위에 기재된 구성과 대응되는 구성으로 한정하여 파악할 것은 아니고, 심판청구인이 특정한 확인대상고안의 구성 전체를 가지고 그 해당 여부를 판단해야 한다."" 라고 판시하였는데요, 여기서 심판청구인 은 저는 당연히 특허권자로 해석해왔는데, 소극적 권리범위확인심판에서는 심판청구인이 실시중인 자가 될 테니 실시 중인 자가 구성을 특정하게 되는 것인가요? 위 판례의 취지가 자유기술항변을 용이하지 않게 하기 위함으로 생각해왔는데 만일 소극적권범심에 서 실시자가 특정할 경우에는 이러한 취지에 어긋날 것 같아 궁금합니다. (오늘 GS 문구 중에 소권범에서의 자유기술항변이 나왔는데 '자유기술의항변의 판단대상은 실시자가 특정한 A+B+C로 구성된 발명 이다.'와 같은 문구를 보고 의문이 들었습니다.) 소극적 권범심에서 확인대상발명 특정은 당연히 심판청구인이 하겠으나, 소권범 내에서 자유기술항변 시에는 특허권자가 특정한 구성으로 해야 하는 것아닌가요?? 답변 부탁드립니다! ps. 변리사님 그리고, 판례 외우면서 변리사님이 말씀해주신 발명의 동일성 판단 1단계~5단계 나누는 게 도움이 많이 되는 것 같습니다! 갑자기 생각이 나서 ㅎㅎ 감사합니다. 저작자 표시컨텐츠변경비영리","안녕하세요? 자유기술의 항변에서 확인대상발명은 이해관계인이 특정한 구성 전체입니다. 따라서, 이해관계인은 특허발명과 대비할 수 있을 정도의 구성 이상은 기재하지 않으려고 할 것입니다. 좋은 결과 있으시길~", ,,19.05.18
특허법,조문,135조,[135조] 권리대 권리간 권리범위확인심판의 적법 여부,"안녕하세요 임병웅 변리사님 권리대 권리간 권리범위확인심판에 대해서 공부하다 궁금한 점이 있어서 질문 드립니다. 1. 등록된 실용신안 사이의 권리범위의 확인을 구하는 심판청구라도 심판청구인의 등록실용신안이 피심판청구인의 등록실용신안의 권리범위에 속하지 않는다는 소극적 확인심판청구는 만일 인용된다고 하더라도 심판청구인의 등록실용신안이 피심판청구인의 등록실용신안의 권리범위에 속하지 않음을 확정하는 것 뿐이고 이로 말미암아 피심판청구인의 등록실용신안권의 효력을 부인하는 결과가 되는 것은 아니므로 이러한 청구를 부적법하다고 볼 이유가 없다. (84후19 판결) 2. 후등록 특허권자가 선등록 특허권자를 상대로 제기하는 소극적 권리범위확인심판은 후등록 특허권자 스스로가 자신의 등록된 권리의 효력이 부인되는 위험을 감수하면서 타인의 등록된 권리의 범위에 속하는지 여부에 대한 판단을 구하는 것이어서 적법하다고 할 것이다. (2007후2766) 라는 두 판례를 찾았는데요 여기서 1. 에서는 소권범에서는 기각심결 나더라도 효력이 부인되지 않는다는 취지이고, 2. 에서는 기각심결이 나더라도 자신이 등록 권리의 효력이 부인되는 위험을 감수하였기 때문에 괜찮다는 취지인 것 같습니다. 둘다 소권범에서 권리 대 권리가 소권범이 적법하다는 것은 같으나 논거가 모순되는 것은 아닌가요?? 판례와 검토에 저 판례를 각각 쓰자니 조금 어색한 것 같습니다. 이상입니다. 특허법에 대해서 백프로 신뢰할 수 있는 임병웅 변리사님이 있어서 큰 힘이 됩니다. 늘 감사드립니다.","안녕하세요? 권리 대 권리 간의 소극적 권리범위확인심판 인정의 핵심 논거는, 인용심결이 나더라도 타방의 권리를 부정하지 않기 때문에 가능하다는 것입니다. 2007후2766은 판례의 표현이 다소 애매하여, 사용하지 않은 것이 좋을 것 같습니다. 열공하세요~", ,,19.05.19
특허법,문제,163조,[163조] 일사부재리에서 확정판결과 확정심결 관련해서 질문드립니다.,"안녕하세요 변리사님 16년도 기출을 풀다가 '확정심결과 확정판결 사이에는 일사부재리 원칙이 적용되지 않는다'라는 보기가 나왔습니다. 나머지 4개 보기가 확실하게 틀려서 옳은 것으로 저 보기를 고를 수 있었는데, 문득 A심결에 불복해서 대법원까지 소가 진행되었는데도 판결이 환송되지 않고 결국 A심결의 내용대로 확정되면, A심결도 결국 확정되는 것으로도 볼 수 있으니 이때에는 확정판결과 확정심결 간에서 일사부재리 원칙이 적용될 수 있지 않나라는 생각이 들었습니다. 물론 정확한 표현은 심결과 심판청구 간에서 일사부재리가 적용되어야하는 것이니 일반화시키는 것은 아니지만 위의 경우같은 상황이라면 예외적으로 적용시킬 수 있는지 궁금해서 질문드립니다.","안녕하세요? 판결이 확정되면 본안심결도 확정되는 것이고, 확정된 심결에 대해서는 일사부재리가 적용됩니다. 다만, 본안심결확정이 아닌 다른 판결에 대해서는 적용되지 않을 것입니다. 열공하세요~", ,,19.06.09
특허법,조문,133조,[133조] 특허공유자 중 일부를 상대로 그 지분권만의 무효심판 청구,안녕하세요 2012후2432판례와 99조의2이전등록청구에 관한 사안입니다 판례집을 다시 읽던중에 갑병이 발명하고 갑을이 출원하여 등록받은 경우 33조에는 해당하지않고 44조에만 해당하여 133조1항2호에는 해당하나 병은 35조의 정당권리자 출원할수 없는데 개정법으로 이전등록청구통해 보호가능하다고 하셨습니다 그런데 33조에 해당하지 않는 것이 잘 이해되지 않습니다 2003허1956사건 등 44조 위반의 경우 33조의 위반에도 해당하는 것으로 생각했는데 위 갑 을 병 사안은 달리볼수 있나요?,"안녕하세요? 제44조 위반을 제33조 제1항 위반이라고 하는 것 자체가 저는 이해가 안 되네요. 그렇다면 제44조는 조문 자체가 의미가 없다는 것인데, 어떤 판결이 그렇게 해석하는지 알 수 없고, 설사 그렇게 해석한다고 하더라도 잘못된 판결이라고 생각되네요. 말씀하신 2003허1956 판결은 제44조 위반을 제33조 제1항 위반이라고 보고 있는 판결이 아니라, 공동발명인데 단독출원했으면 제44조 위반이고, 단독발명했는데 모인자(원고)가 출원했다면 제33조 제1항 위반이라는 판결입니다.", ,,19.06.17
특허법,조문,134조,[134조] 존속기간 연장등록의 기간을 초과한 무효심판의 결과에 대한 질문입니다.,"안녕하세요 임병웅 변리사님 존속기간 연장등록의 기간을 초과하여 등록된 경우,그 이후 무효심판을 청구한 경우에 있어서, 일부인용이 가능한지요?? 가령, 존속기간이 50일만 연장되어야 함에도, 100일이 연장된 경우를 가정하였을때, 이해관계인이 100일 모두 혹은 70일 정도를 무효심판 청구한 경우,심판원은 50일에 대하여서만 인용하여 무효심결을 할수 있는지요?? 답변 감사합니다.",안녕하세요? 할 수 있습니다. 연장가능기간에 대해서 당사자간에 다툼이 있을 수 있기 때문입니다. 열공하세요~, ,,19.06.26
특허법,조문,136조,[136조] 5항 정정 후 청구범위에 적혀있는 사항의 요건,"안녕하세요 임병웅 변리사님 이지 특허법 18판 p.1095에 있는 판례표현에 대해 궁금한게 있어 질문 드립니다. 136조 5항에 따르면 청구범위에 분명하지 아니하게 기재된 사항을 '명확'하게 하는 경우에는 '특허출원를 하였을 때에 특허를 받을 수 있을 것'은 적용되지 않는걸로 알고 있습니다. 이 말은 정정적법성의 판단 대상이 되는 청구항이든 아니든 관계없이 적용하지 않는다는 말 아닌가요? P.1096 표 7-9를 참고해보면 '특허출원을 하였을 때에 특허를 받을 수 있을 것의 판단'은 정정 대상으로 삼은 청구항 1과 청구항 3(청구항 1은 특허무효심판의 대상이므로 종국적으로 제외)에 대해 하는걸로 표현되어 있습니다. 그런데 P.1095 2012허6342 특허법원 판례는 분명하지 아니하게 기재된 사항을 '명확'하게 하는 경우에, '정정대상으로 삼지 아니한 다른 부분'에 분명하지 아니한 기재가 있다고 하더라도~ 라고 표현을 해서 판례의 취지가 이해되지 않습니다. 즉, 정정대상으로 삼지 아니한 청구항에 대해서는 당연히 '명확'하게 하는경우, '감축'하는경우 그리고 '정정'하는 경우 등 모든 경우에 대해 판단대상이 되지 않는 것이고, 정정대상으로 삼은 청구항에 대해서 '명확'하게 하는경우에만 특별히 정정대상으로 삼은 청구항에 대해서도 판단대상이 되지 않는거 아닌가요? 질문의 요점은 p.1095 2012허6342 판례표현이 이해가 가질 않는다는 것입니다 ㅠ 질문이 장황한거 같아 죄송합니다 감사합니다~!","안녕하세요? 정정심판을 청구할 때는 정정한 명세서 또는 도면을 첨부하여 정정을 인정해달라고 합니다. 즉, 정정한 명세서 또는 도면 전체가 정정의 적법성 판단대상이 됩니다. (따라서, 일부인용/일부기각도 허용되지 않는 것입니다.) 판례의 요지는 정정한 명세서 또는 도면 중 정정이 되지 않는 부분에 분명하지 아니한 기재가 있다고 하여, 기재불비이고, 따라서 정정을 인정해 주지 않는다면 특허권자 보호의 실효성을 확보할 수 없기 때문에 분명하지 아니한 기재의 명확화에 대해서는 특허요건을 판단하지 않겠다는 것입니다. 열공하세요~", ,,19.06.26
특허법,조문,135조,[135조] 권리범위확인심판,"소극적권리범위 확인심판시 인용/기각심결은 가능하나 기각심결대신 권리범위에 속한다 라는 심결은 불가능하다. 청구하지 않은 취지의 심결을 내리는것이기 때문이다. (인용심결. 즉"" 권리범위에 속하지아니하다""를 인용하는건 괜찮다) 이부분은 잘 이해가 되는데 기각심결을 받았을때 청구인의 입장이 애매해서요. 다른질문들을 보니 1. ""기각심결= 권리범위에 속하지만 그렇게 심결하는것은 위법이니 말을 기각으로할뿐이다 "" 이렇게 해석하면 안되는게 기각심결받았다고 꼭 권리범위에 속한다고 단정할수 없어서 인가요? 2. 만약 단정할 수 없다면 적극적 권리범위확인으로 단정해야하는데 일사부재리에 의해 단정이 불가능한것으로 알고있습니다. 그럼 결국 침해소송을 해야만 하는건가요? 2-1. 물론 침해소송한다고 해서 그 판결을통한 권리범위에 있는지 아닌지 알 수 있으나 그것과 권리범위확인심판은 별개라서 침해소송까진 부담스런경우 권리범위 확인심판으로 많이할텐데 위에서 말했듯이 심판결과를 받아놓고도 불안하고 애매해지는 모습이 되는건가요?","1. 사실 기각이 되었을 때 실무적으로는 권리범위에 속하는 것으로 이해되나, 권리범위에 속한다는 심판원의 공권적 판단을 받지 않은 상태에서 이를 단정할 수 없기 때문입니다. 또한, 소극적 심판에서 판단하지 못하였던 다른 쟁점으로 인해 적극적 심판의 심결이 달라질 수도 있기 때문입니다. 2. 소극적 심판에서 기각이 확정되었다면 굳이 적극적 권리범위확인심판을 청구할 실익이 있는지는 의문입니다. 권리범위확인심판은 상대방에 대해 뭔가 이행(침해금지, 손해배상)을 구하는 침해소송과 달리 단지 확인만을 구하는 심판이기 때문입니다. 열공하세요~", ,,19.06.28
특허법,조문,136조,[136조] 정정의 요건에 대한 질문입니다.,"안녕하세요 임병웅 변리사님 정정의 요건과 그 결과에 대한 질문입니다. 질문(1) 정정청구에서, 136조 3항의 명도 또는 최명도의 범위를 벗어나는 정정의 경우 각하심결하는지요? 아니면 기각심결을 하는지요? 질문(2) 정정심판의 요건으로서 136조 5항의 출원시 등록가능한 범위를 만족하는지 여부에 대하여, 이를 흠결한 정정의 경우에도 각하심결하는지요? 아니면 기각심결을 하는지요? 질문(3) 136조 5항에서, 최초출원시 등록가능한 요건을 판단할때, 불명료한 기재의 명확화에 대하여서는 이러한 요건을 요구하지 않는 취지는 무엇인가요?? 답변 감사드립니다.",안녕하세요? 1.2. 네 3. 바로 밑에 동일한 질문이 있으니 찾아 보세요. 열공하세요~, ,,19.06.28
특허법,조문,136조,[136조] 136조 5항의 취지에 대한 재질문입니다.,"안녕하세요 임병웅 변리사님 ""136조 5항에서, 최초출원시 등록가능한 요건을 판단할때, 불명료한 기재의 명확화에 대하여서는 이러한 요건을 요구하지 않는 취지는 무엇인가요??"" 에 대한 재질문입니다. 변리사님께서 바로 밑에 동일한 질문이 있다고 하셔서 찾아봤는데, 혹시 특허법원 판례에 대한 답변 해주신걸 의미하셨던게 맞습니까?? 저는 그 판례의 내용이 아닌, 본 규정 자체에 대한 취지가 궁금합니다ㅠㅠ 그 판례의 내용에서는 다른부분에 대한 적법한 정정이 있고, 정정을 청구하지 않은 일부 부분에 불명료한 기재가 있다고 하더라도 이에 대해 136조 5항을 적용하지 않고 정정을 허용하겠다는 취지로 이해 되는데요.. 저는, 오로지 불명료한 기재를 명확히하는 정정만을 청구하는 경우에도 136조 5항에서 정정후의 명세서가 특허등록 가능한 경우여야 한다는 취지의 규정이 적용되지 않는 이유가 무엇인지 궁금하여 질문드렸습니다. 답변 감사드립니다.","858번 답변 그대로 첨부합니다. _________________ 정정심판을 청구할 때는 정정한 명세서 또는 도면을 첨부하여 정정을 인정해달라고 합니다. 즉, 정정한 명세서 또는 도면 전체가 정정의 적법성 판단대상이 됩니다. (따라서, 일부인용/일부기각도 허용되지 않는 것입니다.) 판례의 요지는 정정한 명세서 또는 도면 중 정정이 되지 않는 부분에 분명하지 아니한 기재가 있다고 하여, 기재불비이고, 따라서 정정을 인정해 주지 않는다면 특허권자 보호의 실효성을 확보할 수 없기 때문에 분명하지 아니한 기재의 명확화에 대해서는 특허요건을 판단하지 않겠다는 것입니다.", ,,19.07.08
특허법,조문,159조,[159조]직권심리에 대해서,"청구이유에 42조 제 4항 2호 위반이기 때문에 1항이 무효다 라고 심판청구서를 냈을 시, 심판관이 직권심리로 이를 42조 8항 위반이다라고 심리하는 것은, 청구이유를 벗어나 심리할수는 있지만, 42조 8항이 특허무효사유가 아니기 때문에 잘못된 것인가요 ? ?",네. 제한열거적인 무효사유에 해당하지 않기 때문에 직권심리의 범위를 벗어난 것입니다. 제목이 질문규칙에 맞지 않으니 수정해 주세요~, ,,19.07.17
특허법,조문,136조,[136조]정정심판 청구기간의 예외,"136조 2항 1 단서에서, 특허무효심판의 심결 또는 정정의 무효심판의 심결에 대한 소가 특허법원에 계속중인 경우라고 나오는데 특허무효심판의 심결에 대한 소와 특허무효심판의 심결에 대한 취소소송의 차이가 무엇인지 알고 싶습니다 ㅠㅠ 답변 감사합니다!!",같은 의미입니다~, ,,19.07.21
특허법,조문,133조,[133조] 특허의 무효심판,법 제44조 위반의 경우에 무효심판사유인데 일분 지분의 무효심판은 불가하니 결과적으로 44조에 해당하더라도 무효심판을 청구할 수 없는거 아닌가요?,특허 자체에 대한 무효심판을 청구하는 것입니다. 열공하세요~, ,,19.07.25
특허법,조문,136조,136조 정정심판 조문 질문,안녕하세요! 정정청구에서 정정하지 않은 청구항에서도 5호(출원했을때 특허받을수 있을것) 요건을 만족 해야하나요? 정정이 일체불가분이라서 그렇게 해석해도 되나요?,안녕하세요? 네. 그렇습니다. 명세서 또는 도면 전체에 대한 정정을 인정해 달라는 것이 그 취지이기 때문입니다. 열공하세요~, ,,19.08.15
특허법,조문,138조2항,[138조2항] 기술적 진보의 정도,"변리사님 안녕하십니까? 더위가 점점 물러가고 선선한 바람이 불어오기 시작하는 8월말이 되고있습니다. 변리사님의 중급강의를 듣다 질문이 있어 글을 올리게되었습니다. 138조2항 통상실시권 허락의 심판의 일반적인 경우의 요건을 보게되면 <기술적 진보>를 가져오는 것이여야 통상실시권 허락 심판이 가능하다고 설시되어 있습니다. 이와 관련해서 기본서 '특허법18판 972쪽'에서는 ""물질특허를 이용한 제법발명에 대한 후특허권자는 경제적 가치 및 기술상 진보에 관하여, 기존 제조방법들과 비교하여 그의 제조방법이 제조공정수가 현격하게 감소되었다든가 아니면 수율이 현격하게 증가함으로써 경제적으로 큰 이익이 발생하였다는 증거 등을 제시하여야 할 것이고, 또한 기술 자체에 있어서도 단순히 제법특허를 받았다는 수준에 그치는 것이 아니라 이전의 제조방법과 비교하여 전혀 예상하지 못하였던 새로운 방법에 의하여 특허를 받았음을 보이는 등 이전의 특허와 현격히 차별화된 특허임을 보이는 것이 필요하다."" 라고 되어 있습니다. 그리고 변리사님 강의에서는 ""특허요건 판단을 할 때 필요한 진보성 수준의 정도까지는 요하는 것이 아니다"" 라고 하셨습니다. 여기서 질문은 '기본서에서 든 예시는 상황에 따라 조금 다르겠지만 진보성의 수준까지를 요구하는 것이 아닌지' 라는 것입니다. '이전의 제조방법과 비교하여 전혀 예상하지 못하였던 새로운 방법' 이라는 것 자체가 진보성의 수준까지를 나타내야 한다는것 아닌지 헷갈려서 질문드립니다. 감사합니다.","안녕하세요? 1. 출원(A) 2. 출원(A+B) 3. 등록(A) 4. 등록(A+B) 인 상황에서, A+B는 A로부터 기술적 진보해야 되지만(여기서 말하는 기술적 진보는 신규성 수준을 벗어나어 어느 정도 수준이 있음을 의미), 진보성까지 요구할 필요는 없다고 이해하는 것이 맞습니다. 책에 기술된 것은 (여기서 말하는 기술적 진보는 신규성 수준을 벗어나어 어느 정도 수준이 있음을 의미)를 설명하고 있는 것입니다. 열공하세요~", ,,19.08.19
특허법,조문,138조,"[138조, 139조 1항, 140조의2, 152조] 심판 관여에서 배제되는 심판이란/ 불복불가/ 기피원인 간과/ 139조 1항의 청구인/ 통실허심판 실시권 공유/ 140의2 범위","변리사님 안녕하세요. 제152조(제척 또는 기피 신청에 관한 결정) ② 제척 또는 기피 신청의 대상이 된 심판관은 그 제척 또는 기피에 대한 심판에 관여할 수 없다. 다만, 의견을 진술할 수 있다. 독립적 심판을 A라 하고, 제척기피심판을 B라 하겠습니다. 질문1) 2항에서 '그 제척 또는 기피에 대한 심판' 및 '의견을 진술할 수 있는 심판'으로 언급하고 있는 심판은 B심판을 의미하는 것인가요? 즉 A심판에서 배제되는 것은 당연한 내용(기피신청의 경우 기피신청이 이유있다는 결정이 있음을 전제)이고, 152조 2항은 B심판에도 관여할 수 없음을 규정한 것일까요? 질문2) 제척기피심판에 불복할 수 없는 것은 민사소송법상 즉시항고할 수 있는 것(민소법47조, 특허법상 심판에서 준용하지 않음)에 대한 특칙인가요? 질문3) 제척원인을 간과한 심결에 대해서는 확정 전 상소, 확정 후 재심으로 불복할 수 있는데; 기피원인(진술한 경우에는 그 원인 있음을 알지 못한 경우 또는 진술 후 A심판 심결 전에 발생한 경우)을 간과한 심결에 대해서도 같은 방법으로 불복할 수 있을까요? 질문4-1) 139조 1항에 따라, 135조 1항의 적극적 권리범위 확인심판을 청구하는 전용실시권자가 2명 이상인 경우에는 유사필수적 공동소송으로 이해하면 될까요? 즉 (전용)실시권자도 이해관계인이 될 수 있다는 2017후2819 판결과 같은 취지에서, 139조 1항의 제목을 이해관계인[적극적 권리범위확인심판인 경우 전용실시권자]으로 정하신 것인가요? 질문4-2) 공유인 전용실시권의 전용실시권자에 대하여 통실허심판을 청구하는 경우에, 전용실시권자 모두를 피청구인으로 해야한다는 명문의 규정은 없으나, 100조 5항에 따라 준용되는 99조 4항에 의하면 동의를 받아야 통상실시권을 허락할 수 있으므로 필연적으로 전용실시권자 모두를 피청구인으로 해야 하나요?(특허권자도 당연히 피청구인) 질문5) 140조의2는 조문상 특허거절결정에 대한 불복심판으로 보이는데요, 연장등록거절결정에 대한 불복의 경우에도 적용될까요? 불복심판청구서 기재사항 중 '특허거절결정일'만 규정하고 '연장등록거절결정일'을 규정하지 않은 것으로 봐서는 아닌것 같기도 하고 모르겠습니다.. 질문이 많아서 죄송합니다..","안녕하세요? 1. 네 2. 네 3. 기피는 결정에 의해서만 관여할 수 없게 된다는 점에서, 불복할 수 없을 것으로 보입니다. 4-1. 2명 이상의 개념이 전용실시권 공유의 개념이라면 공동으로 청구해야 하는 것이고, 별개의 전용실시권자의 개념이라면 공동으로 청구할 수 있다가 되는 것입니다. 4-2. 네 5. 당연히 적용된다고 생각하고 있었는데 법조문 표현이 특허거절결정만 지칭하는 것으로 해석이 되네요. 적용되는 것이 맞습니다. 열공하세요~", ,,19.08.26
특허법,조문,141조,[141조] 결정각하 요건과 대상/ 부수적심판 절차,"변리사님 안녕하세요. 141조가 너무 어렵습니다.. 총체적 난국입니다.. 심판편람을 조금 참고하고 질문드립니다.. 제141조(심판청구서 등의 각하) ① 심판장은 다음 각 호의 어느 하나에 해당하는 경우에는 기간을 정하여 그 보정을 명하여야 한다. 1. [심판청구서]가 제140조제1항 및 제3항부터 제5항까지 또는 제140조의2제1항을 위반한 경우 2. [심판에 관한 절차]가 다음 각 목의 어느 하나에 해당하는 경우 가. 제3조제1항 또는 제6조를 위반한 경우 나. 제82조에 따라 내야 할 수수료를 내지 아니한 경우 다. 이 법 또는 이 법에 따른 명령으로 정하는 방식을 위반한 경우 ② 심판장은 [제1항에 따른 보정명령을 받은 자가 지정된 기간에 보정을 하지 아니하거나 보정한 사항이 제140조제2항 또는 제140조의2제2항을 위반한 경우]에는 [심판청구서 또는 해당 절차와 관련된 청구나 신청 등을 결정으로 각하]하여야 한다. 질문1) 제141조 제2항에서 말하는 [제1항에 따른 보정명령을 받은 자가 지정된 기간에 보정을 하지 아니하거나 보정한 사항이 제140조제2항 또는 제140조의2제2항을 위반한 경우]란, 제141조 제1항에 따른 보정명령을 받은 자가 a) 지정된 기간에 보정을 하지 아니한 경우 및 b) 보정한 사항이 제140조(의2) 제2항을 위반한 경우 -> 둘 다 주체가 보정명령을 받은 자 인가요? 왜냐하면 2항은 각하결정 하는 경우를 정한 것이고 + 보정명령 없이 한 각하결정은 위법하다는 99허4538 판결이 있기 때문입니다. 질문2) 보정명령을 받은 경우에만 제140조(의2) 제2항에 따라 심판청구서의 보정을 할 수 있나요? 그렇지 않다면, 보정명령을 받지 않은 자가 한 보정이 140조(의2) 2항을 위반한 경우, i) 보정할 수 있으면 심판장은 보정명령을 하여야 하고 그 후 141조 2항에 해당하는 경우 심판청구서를 결정각하 하고, ii) 보정할 수 없으면(예를 들면 요지변경이 되는 경우) 합의체가 심결각하 하는 것 인가요? 심판편람(2017년); ""특허법 제141조 제1항 제2호의 규정에 의한 절차가 방식에 위반된 경우란 심판청구서 이외에 심판 관련 절차 즉, 참가신청서, 기피신청서, 증거보전신청서, 정정청구서 등이 절차의 필수적 기재요건을 구비하고 있지 않는 것과 수수료의 불납 및 대리인의 위임장이 첨부되어 있지 않은 것 등을 말한다."" 141조 1항 2호의 경우에 141조 2항에서 말하는 해당 절차와 관련된 청구나 신청 등을 결정각하하는 것 같아, 141조 1항 2호에 해당하는 경우를 찾아보다 질문을 드립니다.. 질문3) 제141조 제1항 제2호의 [심판에 관한 절차]의 범위와 관련하여; 수업에선 심판청구절차의 행대방수를 2번 검토하는 것으로 배웠는데요(141조 1항 1호에는 해당하지 않으므로 2호에 해당하여야 할 것). 심판편람에서 [심판청구서 이외에 심판 관련 절차]라고 함은 심판청구서를 포함한 신청서 등의 절차를 의미하는 것인가요?(다시 말하면, 141조 1항 2호의 심판에 관한 절차에 심판청구도 포함되는 것) 2항에서 결정각하의 종류는, i) 심판청구서를 결정각하(대상이 141조 1항 1호 심판청구서), ii) 해당 절차와 관련된 청구나 신청 등을 결정각하(대상이 141조 1항 2호 심판에 관한 절차) 두 가지가 있는 것 같습니다. 질문4) 해당 절차와 관련된 청구나 신청 등을 결정각하 할 때에는 ❶ 청구서나 신청서의 결정각하라고 해야하나요? ❷ 청구나 신청의 결정각하라고 해야하나요? 예를 들면 참가신청이 행대방수 위반이면 신청서를 결정각하 하는지, 신청을 결정각하 하는지 의문입니다 조문상 후자 같은데, 심판청구절차가 행대방수 위반인 경우는 141조 1항 2호 위반이고, 이 경우 심판청구의 결정각하라는 개념이 존재하는지도 의문입니다.. 질문5) 부수적 심판도 독릭적 심판과 같은 절차를 거치나요?(특허심판원장에게 신청하느냐 심판장에게 신청하느냐에 따라 방식심사 및 합의체 지정 유무에서 차이) 매번 감사합니다.","1. 네. 2. 심리종결전까지는 자진보정이 가능합니다. 자진보정이 요지변경인 경우 법 규정은 명확하지 않으나, 심판실무는 법 제142조를 적용하고 있습니다. 그래서 보정할 수 있으면 보정기회를 주고 보정할 수 없는 것이라면 심리종결후 심결각하합니다(심판편람, 145면 참조) 3. 네. 이외라는 것은 추가하여라는 의미입니다. 4. 부수적 심판은 합의체가 하더라도 결정각하라고 합니다. 5. 네. 열공하세요", ,,19.08.27
특허법,조문,141조,[141조] 결정각하의 대상,"변리사님 안녕하세요. http://m.cafe.daum.net/ezpatent/7ZHQ/870?svc=cafeapp 질문과 관련하여 추가적으로 궁금한 내용이 있습니다. 재질문을 드려 죄송합니다.. 141조 2항 조문상 ""심판장은 심판청구서 또는 해당 절차와 관련된 청구나 신청 등을 결정으로 각하하여야 한다""라고 표현 하고 있습니다. 141조 1항 1호는 심판청구서가 기재방식을 위반한 경우를 정하고 있고, 141조 1항 2호는 심판에 관한 절차가 행대방수를 위반한 경우를 정하고 있습니다. 연관시켜 보았더니, 141조 1항 1호의 경우 심판청구서를 결정으로 각하하고, 141조 1항 2호의 경우 청구나 신청 등을 결정으로 각하하는 것 같습니다. <질문> 예를 들면 다음의 경우처럼 될 것 같습니다. i) 심판청구서가 기재방식 위반(141조 1항 1호)이면, [심판청구서]를 결정각하 ii) 심판청구가 행대방수 위반(141조 1항 1호의 기재방식 위반 제외)이면, [심판청구]를 결정각하 iii) 참가신청이 행대방수 위반이면, [참가신청]을 결정각하 iv) 증거조사·보전신청이 행대방수 위반이면, [증거조사·보전신청]을 결정각하 v) 이지특허법 18판 1115면 각주198, 요지변경된 보정에 대한 처분으로 ""요지변경된 보정을 결정각하한 후 보정 전 확인대상발명을 심판대상으로 하여야 할 것이다""를 참고하면, 요지변경된 자진보정이 그 흠을 보정할 수 있을 때에는 심판정은 보정명령을 하고(141조 1항 2호 다목), 지정된 기간에 보정하지 아니하거나 보정한 것이 또다시 요지변경인 경우 [보정]을 결정각하 (질문의 결론입니다..) 즉 방식심리에 대한 처분은 일괄적으로 [서]가 붙는 것이 아니라, 141조 1항 1호의 경우에만 [서]가 붙는, 즉 [심판청구서]를 결정각하 하는 것이고, 141조 1항 2호의 경우에는 [서]가 붙지 않는, 즉 [청구, 신청, 보정 등]을 결정각하 하는 것인가요? 만약 반대로 [서]가 붙는다면 1115면 각주198은 [보정을 결정각하]에서 [보정서를 결정각하]로 고쳐야 할까요.. 아니면 실무는 제각각인가요..? 감사합니다.","지금 질문하신 내용은 법 개정의 연혁을 알아야 이해할 수 있습니다. 기존에는 심판청구서 결정각하였는데, 법이 개정되면서 심판청구 결정각하로 바뀌었고, 다시 최근에 개정되면서 심판청구서 결정각하가 되었습니다. 실무나 판례는 선고 당시의 법률에 따르기 때문에 혼재되어 있습니다. 정리하면, 최근의 법조항인 법 제141조 적용과 관련해서 독립적 심판청구는 심판청구서 결정각하가 맞고, 부수적 심판청구는 [서]가 붙는 것과 상관없이 결정각하가 맞습니다. 참고로, 너무 [서]에 집착하여 살펴볼 필요는 없을 것 같네요. 열공하세요~", ,,19.09.03
특허법,조문,136조11항,[136조 11항] 재보정,"변리사님 안녕하세요. 재보정이란, 정정한 명세서 또는 도면의 보정을 편히 부르기 위한 용어인가요? 감사합니다.",네. 그렇습니다., ,,19.09.08
특허법,조문,135조,[135조] 확인대상발명 특정정도,확인대상발명 특정에 있어서 청구취지로서 특정이 명확하면 일사부재리의 효과가 미치는 범위가 명확하기때문에 청구원인으로서 특정이 불명확하다고 할지라도 각하심결 하지않고 본안심결가능 이라고 필기노트476페이지에 나와있는데요 대응되는 구성요소의 특정이 되지않으면 여전히 심결각하라고 478페이지에 나와있습니다. Q 불특정상태이면 심결각하지만 특정이 불명확하면 본안심결?? Q불특정과 특정이 불명확한것의 기준이 뭔가요? 어떤 예들이 있을까요,"1. 청구취지로서 사회통념상 구별될 수 있을 정도로 특정되지 않으면 심결각하, 2. 청구원인으로서 대비할 수 있을 정도로 특정되지 않으면 심결각하 - 원칙은 특허발명과 대응되는 구성요소가 특정되어야 청구원인으로서 특정을 만족하지만, - 예외적으로 독립항의 권리범위에 속하지 아니하면 종속항의 대응되는 구성요소가 특정되지 않더라도 청구원인으로서 특정을 만족 이렇게 정리하면 됩니다~", ,,19.10.02
특허법,조문,163조,[163조]일사부재리 관련 판례 질문드립니다.,"안녕하세요 변리사님 도해 249p 일사부재리 부분에서 읽다가 와닿지 않는 문구가 있어서 질문드리게 됐습니다. ¤심판청구 당시에서 신규성 위반이라고만 하였으나 심결취소소송단계에서 신규성 위반 외에 다른 무효사유(진보성 위반)을 주장하는 경우에는 일사부재리 판단이 심판청구시를 기준으로 하므로 인정될 수 없다 (2018허1523)으로 나와있는데요, 반면 다른 판례는, 기존에 신규성 위반이라고 무효심판을 청구하여 심결이 확정되었으나 신규성 위반 이외에 진보성 위반이 추가되어 무효심판을 청구하는 경우 동일사실이라고 할 수 없다 (2013후37)는 읽었을 때 바로 이해가 되었으나 질문 드린 판례는 일사부재리 위반인건지 아닌 지 바로 와닿지가 않았습니다. 이에 질문드린 판례가 일사부재리 위반인건지 그렇다면 다른판례와의 차이점이 무엇인지 설명 부탁드립니다. (심결취소소송과 심판의 차이 때문인건가요..?)","안녕하세요? 2013후37 판결은 신규성 위반은 일사부재리에 걸리지만 진보성 위반은 일사부재리에 걸리지 않아서, 심판청구 전체를 심결각하할 것이 아니라, 신규성 위반을 판단하지 않고 진보성 위반만 판단하는 내용입니다. 열공하세요~",답변 감사드립니다. 2018허1523 판례와의 차이는 신규성위반 주장 뒤 진보성 위반으로 바꾸어 주장했는가와 진보성 위반을 추가했는가의 차이인가요?,"네. 2018허1523은 처음에는 신규성 위반이라고 했다가 일사부재리에 걸리자 나중에 진보성 위반이라고 한 것이고, 2013후37은 처음에 신규성 위반과 진보성 위반을 같이 주장한 것입니다.",19.10.22
특허법,조문,170조,170조 (심사규정의 특허거절결정에 대한 심판에의 준용) 조문 질문,안녕하세요~ 170조에서 47조2항 (신규사항추가금지) 3항 (청구범위 보정제한) 은 왜 준용 안하나요?? 좋은강의 항상 감사드립니다!,"안녕하세요? 제47조제2항과 제3항은, 제47조제1항과 연동되어 그 시기에 할 수 있는 것이기 때문에, 제170조에서 별도의 준용규정을 두지 않아도 됩니다. 열공하세요~", ,,19.10.24
특허법,조문,133조,133조 이해관계인,"안녕하세요? 최근에 전합판례로 실시권자도 이해관계인이 될수있다고 판시했는데요, 136조8항단서와 관련하여 정정심판 청구하기위해 동의받아야하는데 동의받아야하는자가 무효심판청구인인경우 동의받아야하는자를 질권자로 한정했어야했나요?",안녕하세요? 기존에도 실시권자를 이해관계인으로 인정하는 판례가 있었습니다. 굳이 법이 틀렸다고 생각할 필요가 없습니다. 열공하세요~, ,,19.10.29
특허법,조문,133조,133조 통상실시권자 이해관계인,안녕하세요 임병웅 변리사님 B를 보면 정도 당사자 참가가 가능하다고 되어있는데 최근판례에 따르면 실시권자 역시 무효심판 청구의 이해관계인이 되어 청구 가능하다고 되어있는데 그럼 무효심판의 당사자 참가도 가능 한거 아닌가요?,"안녕하세요? 당사자 참가는 청구인측에만 가능한데, 갑은 무효심판의 피청구인입니다. 열공하세요~", ,,19.10.30
특허법,문제,155조,"[155, 156] 참가 질문드립니다.","안녕하세요 임병웅 변리사님 객관식 풀다가 궁금한 사항이 생겨 질문드립니다. 733번문제입니다. 특허허법상 참가에 대해 옳은 것은? 3번 보기: 특허무효심판을 공동으로 청구할 수 있는 갑과 을 중 갑이 을이 청구한 특허무효심판에서 청구인으로서 참가했을때에는 갑은 을이 심판의 청구를 취하한 후에도 심판절차를 속행할 수 있다. 맞는 보기인데요. 여기서 갑은 당사자참가와 보조참가 둘다 가능한걸로 알고있는데, 당사자참가일때만 맞는 보기로 알고있습니다. 보기에서 당사자참가임을 확인할 수 있는근거는 '청구인으로서 참가' 부분이 맞나요?? 아니면 다른 보기를 확인해서 상대적으로 골라야하는 지문인가요?? 감사합니다","안녕하세요? <청구인으로서 참가 = 당사자 참가>를 의미합니다. 보조참가는 청구인으로서 할 수는 없고, 청구인측에 참가를 할 수 있습니다. 열공하세요~", ,,19.11.05
특허법,문제,156조,"[156, 132조의 2 제 2항, 시규62조 1항] 취소신청에서의 참가",,"안녕하세요? 우선순위가, 법조문이 1등 + 시행령은 2등 + 시행규칙은 3등입니다. 시행령이 법조문과 배치되는 것은 아니니, 심판원장, 심판장 모두에게 제출할 수 있다라고 이해하면 됩니다. 열공하세요~", ,,19.11.08
특허법,조문,136조,136조 정정심판 청구기간 질문입니다,'특허 무효심판 또는 정정 무효심판이 대법원에 계속 중인 경우에는 정정심판을 청구할 수 없다' 라는 지문이 옳은 것인지 궁금합니다. 대법원 계속 중에 정정심판청구 가능하다고 알고 있었는데 이런 지문이 있어서 질문드립니다,틀린 지문입니다., ,,19.11.10
특허법,조문,176조,[제176조]원거절결정 취소 후 자판 또는 환송에 관한 질문입니다.,"[이지특허법 p.1073] 1. 원거절결정 취소 후 자판하여 특허심결하거나 심사에 부칠 것이라는 심결을 할 수 있다고 되어 있는데, 자판하여서 새로운 거절이유로 인해 특허심결을 내릴 수 없다면 무슨 심결이 내려지나요? 2. 원거절결정 취소 후 심사국 환송되어 심사가 진행되는 경우, 다른 거절이유로 인해 거절결정이 내려질 때는 거절결정불복심판에서는 무슨 심결로 내려지게 되나요?",1. 거절결정을 유지하는 기각심결을 합니다. 2. 다시 거절결정의 적법성을 심리하여 인용심결이나 기각심결을 하게 됩니다. 열공하세요~, ,,19.11.26
특허법,조문,136조,[136조 정정심판] 정정청구 범위,"안녕하세요? 정정청구의 대상에서 잘못된 기재를 바로잡는경우에는 최명도기준으로 한다는 조문에 대해, 이는 특허발명의 명도, 즉 등록된 명도를 기준으로 다수의 정정청구를 할 경우 최명도에 기재된 발명과 최종적으로 명도에 기재된 발명이 변경될 개연성이 상당하기 때문이다 라고 설명해주셨는데 이경우에는 최명도를 기준으로 정정대상을 허용해야 잘못된 기재를 바로잡으면서 변경이 일어나지 않게된다는 의미인가요?","안녕하세요? 네. 그렇습니다. 출원(A)-보정(A1)-보정(A2)-등록(A3)-잘못된 기재의 정정(A4)일 때, 잘못된 기재인지 여부는 A3보다는 A를 기준으로 하는 것이 객관적이라는 의미입니다. 열공하세요~", ,,19.12.07
특허법,문제,,실시권자 참가,"안녕하세요? 문제풀던중에 질문이 생겨 글 올리게 되었습니다 객관식 736쪽 B번 지문에 대한 해설을 보면, '정(문제에서 통상실시권자)의 경우 다수의 판례에 의하면 무효심판을 청구할 수 있는 이해관계인이 아니다' 라고 되어있습니다. 무효심판에서 피청구인 쪽에 당사자 참가가 안되는 것은 알고 있는데, 이 문제와 별개로 청구인 쪽에는 최근 판례에 따르면 실시권자에게 무효심판을 청구할 수 있는 이해관계가 인정되어 실시권자의 당사자 참가가 가능하지 않나요? 감사합니다.",안녕하세요? 네. 당사자 참가가 가능합니다. 열공하세요~, ,,19.12.17
특허법,조문,163조,[163조] 일사부재리 동일사실 및 동일증거 관련 질문입니다.,"임변리사님 안녕하세요? 163조 동일사실 판단시 29조 1항의 신규성 상실사유인 공지, 공연실시, 간행물 게재, 전기통신회선을 통하여 공중의 이용가능은 그 4가지 요건사실이 합하여 동일사실을 구성한다고 보게된다고 되어있습니다. (case 1) A특허에 대하여 공연실시를 이유로 무효심판 청구하였는데, 기각심결확정후, 간행물게재를 이유로 이전심판과 동일한 증거를 제출한 경우 (case 2)A특허에 대하여 공연실시를 이유로 무효심판 청구하였는데, 기각심결확정후, 간행물게재를 이유로 이전심판과 다른 증거를 제출한 경우 (질문1 ) case1 의경우, 동일사실 동일증거이므로 일사부재리에 해당되어 심결각하되고 case 2의경우, 동일사실에는 해당되나 증거가 다르므로 일사부재리에 해당되지않고 심리진행한다. 이렇게 해석하는게 맞는지요? (질문2) 질문1 해석이 맞다면, 현실에서는 case1은 발생가능성이 거의없고, 대부분 case2 에 해당할것이고, 29조 1항의 4가지 사실을 하나의 공지사실로 보는지와 관계없이 동일증거가 아님을 이유로 일사부재리가 적용되지 않는다는 의문이 듭니다. 또한, 공지의 '개념'속에 나머지 3가지 '개념'이 포섭된다고 하는것은 이해가 되지만, 행위태양이 다른 공연실시 사실과 반포된 간행물 게재사실을 동일사실로 본다는 것은 이해가 되질 않습니다. 29조 1항 4가지 사유를 동일사실로 보는 이유가 궁금합니다","안녕하세요? 1. 네 2. A가 공지되었다면, 이를 공지, 공연실시, 반포된 간행물 게재, 전기통신회신 중 어디에 속하더라도 동일증거입니다. 동일증거란 중요부가 동일한 증거를 말하는 것입니다. 열공하세요~", ,,19.12.26
특허법,문제,132조의17,[132조의17]거불심 취소환송된 경우,"선생님 안녕하세요 특객 풀다가 질문 생겨 글올립니다 문제 778 지문3인데며 지문3의 최초거절이유통지해야한다는 해설의 출처가 어딘가요? 이게 판례 설시인지, 실무상 태도인지, 통설의 태도로 받아들여야하는지 알고 싶어 여쭈어봅니다 해설에 써 있는대로 취소환송된 출원은 통상의 심사와 동일하게 심사하므로 취소환송전 거통의 유형에 따라, 보정에 따라 발생한 거절이유에 대한 취급을 다르게 볼 수 있지 않는가 싶습니다.. 날이 말이 추워졌는데 건강 유의하시기 바라며 미리 답변에 감사드림다!!",안녕하세요? 실무의 태도입니다. 열공하세요~, ,,19.12.31
특허법,조문,133조,[제 133조] 무효심판과 일사부재리 원칙에 관한 질문입니다,특허무효심판에서 무효심결이 확정된 경우에는 일사부재리 원칙이 적용될 여지가 없다.(O) 여기서 무효심결의 이유가 후발적 무효사유라면 일사부재리 원칙이 적용가능한 경우도 있지 않나요?,"또 후발적 무효사유로 무효심판을 청구한 경우 일사부재리가 적용되는 것이 아니라 대상이 없어서 심결각하될 것이고, 원시적 무효사유로 무효심판을 청구한 경우 일사부재리가 적용되지 않을 것입니다. 열공하세요~", ,,20.01.07
특허법,판례,135조,"[135조] 권리범위확인심판 관련 2개 판례(2010후3356, 2010후296)","안녕하세요 변리사님 이지 판례집 3판에서 324번 325번 판례(2010후3356, 2010후296)의 차이가 정확히 어떤 것인지 잘 모르겠어서 질문드립니다. 3356판례는 특허발명의 권범심청구에서 심판청구대상이 되는 확인대상발명의 특정 정도 및 확인대상발명의 일부 구성이 불명확하여 다른 것과 구별될 수 있을 정도로 구체적으로 특정되어 있지 않으면, 나머지 구성만으로 확인대상 발명이 특허발명의 권리범위에 속하는 지를 판단할 수 있는 경우라 하더라도 심판청구를 각하해야한다. 296판례는 확인대상 발명의 설명서에 특허발명의 구성요소와 대응하는 구체적인 구성이 일부 기재되어 있지 않거나 불명확한 부분이 있다고 하더라도, 나머지 구성만으로 확인대상발명이 특허발명의 권리범위에 속하는 지 여부를 판단할 수 있는 경우에는 확인대상발명은 특정된 것으로 보는 것이 타당하다. 위의 판례는 청구범위가 대상이고 아례 판례는 발명의 설명 쪽이라서 저렇게 판례가 다른것이 맞는 건가요?","안녕하세요? 3356 판결은 청구취지로서 특정되지 않으면 일사부재리 효과가 미치는 영역이 명확치 않으므로 각하해야 한다는 것으며, 296 판결은 청구원인으로서 특정과 관련하여, 원칙은 대응구성이 있어야 하나, 독립항의 권리범위에 속하지 않으면 종속항의 대응구성이 없더라도 권리범위에 속하지 않을 수 있다는 것입니다. 이지특허법을 참고하세요~", ,,20.01.12
특허법,조문,133조,[133조] 무효심판에서 산업상 이용가능성 입증책임이 누구에게 있는지요?,산업상 이용가능성의 경우 심사단계에서는 출원인이 입증책임 지는것으로 알고있습니다. 무효심판의 경우 무효심판 청구인이 일반적으로 입증책임을 진다고 알고있는데 그러면 산업상이용가능성 흠결로 무효심판 청구하는경우 입증책임 누가지는지요? 감사합니다,"무효심판의 경우 법률요건분류설에 의합니다. 따라서, 피청구인인 특허권자가 입증책임을 집니다. 열공하세요", ,,20.01.12
특허법,조문,163조,[163조] 일사부재리 기판력 기속력,"이지특허1054p 심결등본이 당사자 등에게 송달되어 심결이 성립하면 심결한 심판기관 자신도 철회나 변경이 안되는 것이 기속력, 심결확정시 심결내용에 대해서도 다툴수 없는것이 실질적 확정력 즉 일사부재리라고한다. 위에서 알 수 있듯이 심결에 관한 사항은 기판력이아닌 기속력으로 알고있는데 이지특허1009p 각주 24 특허법원 2004.4.30 선고 2003허3020 에서 설령 발명의 요지가 같아서 동일성이 있는 발명이라 볼수있다한들 확인대상발명이 이 사건 특허발명의 권리범위에 속하지아니한다는 심결이 확정되어도 그 ""기판력""은 확인대상발명에만 미치는 것이지 ... 라고되어있습니다. 기판력은 민사소송판결 확정시 기판력이있다 할때 쓰이는게 아닌가요?","기판력은 법원 판결의 효력을 말하는 것입니다. 법원 판결이 확정되면(기판력이 생기면), 심결도 확정되고 그렇다면 일사부재리의 효과가 발생하는 것입니다. 열공하세요~", ,,20.01.21
특허법,조문,136조,[136조]최근 전합 판례(댓글링크) 관련하여,"안녕하세요, 변리사님. 최근 전합판례 뉴스를 보았는데(댓글 링크) 도해 271쪽 표 중간에서 재심사유가 되므로 파기환송하는 부분 내용을 그대로 봐도 되는지, 2월 29일 1차시험 기준 바뀌는 부분이 있는지 궁금하여 문의드립니다. 감사합니다.","시험 출제 범위는 2019년 12월 31일까지 판시된 판례입니다. 따라서, 이번 전합 판결은 출제범위에 포함되지 않습니다.", ,,20.02.01
특허법,조문,136조,[제136조] 심결취소소송 계속중 정정심결 확정 효과,"안녕하세요? 판례에 따르면 무효심판에 대한 심결취소소송 계속중 정정인정된 경우 정정인정된 청구범위를 심리대상으로 삼아 특허에 무효사유가 존재하는지를 판단합니다. 그런데 객관식 829번 4번지문에 따르면, 특허법원에 특허취소결정에 대한 취소결정 계속 중 정정심결이 확정된 경우에는 결정을 취소하고 환송함이 타당해 보인다고 나와있는데요. 정정인정에 따른 특허무효심판과 특허취소신청의 소송진행내용이 달라지는 이유가 무엇인가요?",안녕하세요? 취소결정에 대한 심결취소소송은 제한설을 취하고 있기 때문입니다., ,,20.02.10
특허법,조문,135조,(135)간접침해와 확인대상발명,"안녕하세요. 확인대상발명특정과 관련하여, 실무에대해 몰라서 생기는 어려움인지 조금 이해에 어려움이 있어 질문드립니다. 간접침해와 관련한 권범심의경우, 실무상 확인대상발명을 특정함에있어 해당 간접침해품(부분)과 특허발명에 대응한 전체 두가지를 특정하는건가요 아니면 후자만 특정(=직접,간접침해 구분x)하나요? 한변리사님은 둘다아니고 부분만을 특정하는데 자유실시기술의 항변시 판단대상(=확인대상발명)이 전체가 된다고하셔서 더헷갈리네요 ㅠㅠ 제 짧은생각으로는 확인대상발명이 심판원이 정한게아니라 청구인이 특정한대로 해야한다는 판례에 비추어, 또 2008후64판례에 비추어 간접침해에서도 심판청구인은 전체를특정할거같은데요 실무에선 어찌진행되는지 궁금합니다. 같은 맥락으로, 정정심판은 일체불가분의 1개 정정사항이라는 판례와 관련하여 실무에서 특허발명의 정정시 정정된 새로운명세서,도면(전체)을 제출하는건지 아니면 정정사항을 기재하여 제출하는건지도 궁금합니당 긴글 읽어주셔서 감사합니다","1. 청구취지로서 특정과 청구원인으로서 특정을 만족하면 됩니다. 청구취지로서 특정은 구별될 수 있을 정도로(자유롭게 하고, 간접침해품을 특정할 수도 있습니다), 청구원인으로서 특정은 대비할 수 있을 정도로(대응되는 구성요소) 특정합니다. 2. 정정한 명세서 또는 도면을 첨부하고, 청구원인에서 정정사항을 기재합니다. 열공하세요~", ,,20.02.14
특허법,조문,138조,[138조] 통살실시권허락심판에 의한 통상실시권 질문입니다.,"안녕하세요 임병웅 변리사님 궁금한 사항이있어 질문드립니다. 특허법상 통상실시권은 그 통상실시권에 관한 특허권과 함께 이전되는 경우, 실시사업과 함께 이전되는 경우 또는 상속, 그 밖의 일반승계를 제외하고는 특허권자(전용실시권자에 관한 통상실시권에 있어서는 특허권자 및 전용실시권자)의 동의를 받지 않고는 이전할 수 없다. 실시권 파트에서 문제가 나왔을 때, 이 보기를 일반적인 실시권으로 생각해서 맞는 보기로 봐야할지, 아니면강제실시권까지도 고려하여 틀린 보기로 봐야할지, 아니면 객관식 특성상 상대적으로 더 틀린 보기의 유무에따라 결정해야할지 궁금합니다.. 감사합니다. 저작자 표시컨텐츠변경비영리","안녕하세요? 절대적인 진리 측면에서는 제102조제3항, 제4항을 고려하지 않아서 틀린 지문이지만, 객관식은 항상 상대적으로 풀이해야 합니다.", ,,20.02.18
특허법,문제,,정정무효심결 취소소송 대상 특허권이 무효로 소멸할때 소의 이익,"안녕하세요 임병웅 변리사님! 기출문제에 이해가 가지 않는 선지가 있어 질문드리는데요 ! 사진 속의 ㄱ 선지는 올바른 선지라고 되어있는데요. 특허권이 소급무효가 아니라 후발적으로 무효심결이 확정됐을때는 정정무효심판심결 취소소송의 소의 이익이 있지 않나요?! 이해가 가질 않아서 이지 특허법 판례책에 있는 판례 원문을 봤는데, 원문에서는 소급적으로 소멸한 경우라고 되어있더라구요. 실제 시험에서 또 저렇게 소급/장래 무효 구별하지 않고 나오면 어떻게 판단해야할까요.. ㅜ 일단 재껴두고 다른 선지부터 확인해야하는게 맞는걸까요..?? 감사합니다!",안녕하세요? 객관식이다 보니 상대적으로 풀이해야 합니다. 제목이 질문규칙에 맞지 않으니 수정해 주세요~, ,,20.02.19
특허법,조문,136조2항,[136조2항2호],"1. 이지특허법에서는 특허무효심판 또는 정정무효심판이 대법원에 계속되어있는 경우는 정정심판을 청구할수있다고 되어있는데 통합특허법(김현호 저) 에는 청구할수 없다고 되어있습니다. 오기인것인가요? (이미지 첨부하였습니다) 2. 이지특허법18판 1101p의 “무효심판의 정정청구 후에“ 정정심판의 심결이 확정된 경우 라고 나온 부분과 1149p의 특허무효심판이 “특허법원에 계속중인 경우“ 정정심결이 확정된 경우에는 정정된 청구범위를 기준으로 심결의 적법성을 판단한다는 부분은 같은 법리를 말하고 있는것 같은데 , 그렇다면 ‘무효심판에서의 정정청구’는 무효심판이 특허심판원에 계속중에 정정을 청구하는 것이고, 그 중에는 정정심판 청구가 불가하니까 1101p의 표현을 “무효심판의 정정청구 후에 (특허권자가 불복하여 특허법원에 심결취소송을 해서 특허법원에 계속중일때 정정심판이 청구되고 그) 정정심판의 심결이 확정된경우” 로 이해해야 되는것인가요? 감사합니다.",1. 네 청구할 수 있습니다. 2. 그렇게 이해하면 안 됩니다. 무효심판청구 전에 정정심판이 먼저 청구될 수도 있습니다. 정정심판청구가능시기를 공부하고 적용하면 됩니다., ,,20.02.20
특허법,조문,140조,[140조]권리범위확인심판 특정,청구취지로서 특정과 청구원인으로의 특정을 답안지에 현출해도 괜찮을까요? 교수님들이 다들 이해하시나요?,네 이해하고 있습니다., ,,20.02.22
특허법,조문,135조,[135조] 권리범위확인심판에서 자유실시기술,"안녕하세요 변리사님! 간접침해가 문제되는 권확에서 자유실시기술 판단대상에 대해 질문드립니다 [판례내용] 2008허4523 (1) 간접침해를 전제로 한 적극적권확에서 확인대상발명이 자유실시기술인지 여부는 심판청구인이 특정한 대응제품 전체로 판단 (2) 피고가실시하는 부분의 확인대상발명은 얼라이언홀이 구비된 케이블(구성요소1)을 구비하는 터치패널(구성요소2)인데, 위 터치패널은 위케이블을 통해 lcd보드에 연결된 다음 컨트롤보드에 전기적으로 연결됨으로서(구성요소3) 대응제품 전체를 이루고 있다 [질문] 1. 위판례에서 (1)부분은 심판청구인이 특정한 확인대상발명은 대응제품자체(즉, 구성요소1+구성요소2+구성요소3)이고 따라서 간접침해가 문제된다해도 청구인이 특정한 대응제품 전제로서 자유기술여부를 판단한다고 말하면서도, 판례의(2)부분은 마치 확인대상발명이 피청구인이 실시하는 일부구성(구성요소1+구성요소2)인 듯한 판시를 하고있어, '일부구성(전용품)'과 '대응제품' 중 어느것이 ""심판청구인이 특정한 확인대상발명""인지 궁금하여 질문드립니다 2.위 질문과 연결하여, 확인대상발명 : A+B 피청구인실시하는 부분(전용품) : A 인 경우에 있어서, 2-1.특허권자가 전용품만 실시하는 자에 대해서 권리범위확인심판을 청구할때는 확인대상발명을 ""A+B"" , ""A"" 중 어느것으로 특정해야 하나요? 모두 특정가능한 것인가요? 방법발명의 경우 전용품으로 특정하는 대법판례가 있는데 물건발명도 같은가요? 2-2. 만약 확인대상발명을 ""A""로 특정하고, 특허권자가 ""A는 A+B의 생산에만 사용되는 물건이고, A+B는 특허권 보호범위에 속한다"" 고 주장한 경우에도 ""A""가 아니라 ""A+B""로써 자유실시기술 여부인지를 판단하는 것인가요? 2-3. 위 2-2에서, 전체구성설에 따라 어쩔수없이 심판청구인이 특정한 확인대상발명인 ""A""를 기준으로 자유실시기술을 판단한다면, 간접침해성립여부는 전용품인지만 문제되고, 그것이 공지된 것이거나 진보성있는 것은 문제되는 것이 아닌데, 이러한 경우에도 자유실시기술항변을 해서 청구기각될 수 있는 것인가요? 답변 미리 감사드립니다! 바이러스도 잘 피해가셔서 항상 건강하시길 바랍니다!",안녕하세요? 1. 판례의 (2) 부분이 어떻게 기술되어 있는지 구체적으로 적어 주세요. 질문 규칙에 반합니다. 2-1. 모두 가능합니다. 2-2. A로 판단합니다. 2-3. 네 참고로 자유기술의 법리에서 확인대상발명(전체구성설)과 자유기술에 속하지 않음을 전제로 한 보호범위 판단에서 확인대상발명(대응구성설)은 다른 개념입니다., ,,20.03.01
특허법,문제,135조,[135조] 49회 기출문제 16번.,"49회기출문제 16번. 다음 설명 중 옳지 않은 것은? 2번보기 : 특허의 권리범위확인심판 청구에서 심판청구대상이 되는 확인대상발명의 특정 정도 및 확인대상발명의 일부 구성이 불명확하여 다른 것과 구별될 수 있는 정도로 구체적으로 특정되어있지 않은 경우, 심판장은 기간을 정하여 보정을 명하여야 한다. 2번보기가 옳은지문인데, 제생각에는, 심판관합의체가 보정을 명해야 하는 것이 아닌가요?","글 형식적으로 부적법하면 방식심리 과정에서 심판장이 보정명령을 하고, 실질적으로 부적법하면 적법성심리 과정에서 심판관합의체가 보정명령을 하는 것으로 이해하면 됩니다.", ,,20.03.13
특허법,판례,135조,[135조] 확인의 이익과 확인대상발명 특정과의 관계,"안녕하세요 임병웅 변리사님. 판례강의를 듣다가 궁금증이 생겨서요. [1번 판례(2012허412)] 특허심판원에서의 심판절차는 직권탐지주의가 적용되므로(특허법 제159조 제1항 참조) 변론주의의 적용이 있음을 전제로 하는 민사소송법 제288조 중 재판상 자백 규정은 준용될 여지가 없다고 보아야 할 뿐만 아니라, 자백의 대상은 사실에 한하는 것이고, 사실에 대한 법적 판단 또는 평가는 그 대상이 될 수 없는 것인데(대법원 2000. 12. 22. 선고 2000후1542 판결 등 참조), 확인대상고안이 당해 등록실용신안과 서로 대비할 수 있을 만큼 구체적으로 특정되어 있는지 여부는 법적 판단에 관한 사항에 해당한다 할 것이므로, 피고가 주장하는 바와 같이 특허심판원에서의 심판단계에서 이미 원고가 확인대상고안을 실시하고 있다는 사실을 시인한 적이 있다 하여, 확인대상고안의 특정 여부에 관해서 원고의 자백이 성립하였다고 볼 수는 없다. [2번 판례(2011허11255)]특허권자가 특허발명과 대비되는 발명이 특허발명의 권리범위에 속한다는 내용의 적극적 권리범위확인심판을 청구한 경우, 심판청구인이 특정한 대비되는 발명과 피심판청구인이 실시하고 있는 발명 사이에 동일성이 인정되지 아니하면, 피심판청구인이 실시하지도 않는 발명이 특허발명의 권리범위에 속한다는 심결이 확정된다고 하더라도 그 심결은 심판청구인이 특정한 발명에 대하여만 효력을 미칠 뿐 실제 피심판청구인이 실시하고 있는 발명에 대하여는 아무런 효력이 없으므로, 피심판청구인이 실시하지 않고 있는 발명을 대상으로 한 적극적 권리범위확인 심판청구는 확인의 이익이 없다 할 것이므로 위와 같은 적극적 권리범위확인 사건에서 확인대상발명을 실시하고 있는지 여부는 특허심판원에서의 심판단계에서는 직권조사사항인 심판청구의 적법요건에 해당한다 할 것이나(대법원 2003. 6. 10. 선고 2002후2419 판결 등 참조), 특허심판원이 확인대상발명을 실시하지 않고 있다는 이유로 위와 같은 적극적 권리범위확인 심판청구를 각하한 심결의 취소를 구하는 특허법원의 심결취소소송절차에서는 심결취소소송절차에서의 소송물이 심결의 실체적·절차적 위법성 여부인 이상(대법원 2003. 10. 24. 선고 2002후1102 판결 등 참조) 피심판청구인이 그러한 확인대상발명을 실시하고 있는지 여부는 심결의 위법성 여부를 판단하기 위한 본안에 관한 사항에 해당할 뿐, 그 심결취소의 소 자체가 적법하기 위한 소송요건이라 할 수는 없으므로, 일반원칙에 따라 여전히 자백이나 자백간주의 대상이 된다고 보아야 한다. 두 판례 모두 확인대상발명의 실시 여부가 자백의 대상이 되는지에 관련된 것인데요, 1번 판례는 확인대상발명의 실시를 확인대상발명의 특정 관점에서 접근한 것 같고, 2번 판례는 확인의 이익 관점에서 판단한 것 같은데 권리범위확인심판에서 확인대상발명의 특정과 확인의 이익은 어떤 관계에 있는건가요? 아니면 전혀 관계가 없는 별개의 문제로 봐야하나요?","안녕하세요? 확인대상발명의 특정이 되어야 확인의 이익, 즉 본안심리를 할 필요성이 인정된다는 것입니다. 확인의 이익은 이해관계인인지 여부, 확인대상발명의 특정 등을 포괄하는 개념으로 이해하면 됩니다. 열공하세요~", ,,20.03.24
특허법,조문,133조,"[133,135조] 당사자간 합의와 부쟁의조항","안녕하세요, 임병웅 변리사님. 판례강의 잘 듣고 있는 2차 수강생입니다! 변리사님이 설명해주신 부분 중에, 삼성전자가 무효심판 청구한 실시권자의 무효심판 청구 적격에 관한 2017후2819 판례에서 “특허에 무효사유가 존재하더라도 그에 대한 무효심결이 확정되기까지는 특허권은 유효하게 존속하고 함부로 그 존재를 부정할 수 없으며, 무효심판을 청구하더라도 무효심결이 확정되기까지는 상당한 시간과 비용이 소요된다. 이러한 이유로 특허권에 대한 실시권을 설정받지 않고 실시하고 싶은 사람이라도 우선 특허권자로부터 실시권을 설정받아 특허발명을 실시하고 무효 여부에 대한 다툼을 추후로 미루어 둘 수 있으므로, 실시권을 설정받았다는 이유로 특허의 무효 여부를 다투지 않겠다는 의사를 표시하였다고 단정할 수도 없다.” 이 판시는 실시권 설정이 부쟁의합의를 포함한다고 볼 수 없다고 말하는 것이라 하시면서, 설사 부쟁의조항이 있다하더라도 이는 특허권의 부당한 행사로서 공정거래법59조 위반의 무효인 조항에 해당한다고 하셨는데요. 저는 이 설명을 들으면서 당사자간의 합의에 따른 이해관계 소멸의 판례가 생각이 났습니다. 구체적으로, [95후1050] 등록고안의 실용신안권자 갑과 그로부터 실용신안권 침해의 고소를 당한 을 사이에 을이 그 등록고안의 권리를 인정하고 그 권리에 위반되는 행위를 하지 않는다는 내용의 약정을 하였다 하더라도, 문언상으로는 그 합의의 취지를 을이 갑의 등록고안에 대한 정당한 권리를 인정하고 그 권리에 위반되는 행위를 하지 아니하기로 한 것으로 볼 수 있을 뿐이어서, 그 합의로써 곧바로 을이 자신이 실시했던 특정 고안이 그 등록고안의 권리범위에 속함을 인정하였다거나 그 등록고안의 권리범위를 확인하는 심판청구권까지를 포기하기로 한 것으로 볼 수 없으므로, 그와 같은 합의가 있었다는 사정만으로 심판청구인의 권리범위확인심판에 관한 이해관계가 소멸하였다고 할 수는 없다. 이 판시에서요. 이것도 특허에 대해서 당사자간에 무효심판을 청구하지 않기로 하는 부쟁의합의에 해당하는 것은 아닌가요? 그런데도 판례에서는 합의가 유효인 것을 전제로 이해관계 소멸하였다고 보았는데, 왜 그런지 궁금합니다.",안녕하세요? 실시권 설정 계약할 때 부쟁의조항을 두는 것과 그 후에 당사자간에 부쟁의합의를 하는 것은 별개의 문제입니다. 실시권 설정 계약할 때 부쟁의조항을 두는 것은 특허권의 남용으로 처리한다는 의미로 이해하면 됩니다. 열공하세요~, ,,20.03.24
특허법,조문,135조,[135조] 권리범위확인심판에서 확인대상발명특정과 확인의 이익,"안녕하세요. 임병웅 변리사님. 바로 아래글 질문한 학생입니다^^ 먼저 답변 감사드립니다. 덕분에 정리가 잘 되었습니다. 제가 확인의 이익과 확인대상발명의 특정의 관계에 대해서 질문했었는데요~ “확인대상발명의 특정이 되어야 확인의 이익, 즉 본안심리를 할 필요성이 인정된다는 것입니다. 확인의 이익은 이해관계인인지 여부, 확인대상발명의 특정 등을 포괄하는 개념으로 이해하면 됩니다.” 라고 답변해주셨어요. Q. 그럼 확인대상발명이 특정되지 않은 경우에는 확인대상발명이 피청구인이 실시하는 발명과 동일성이 인정되지 않아 확인의 이익이 없다고 볼 수도 있나요? 특정이 되지 않았으면 대비할 수도 없어서 실시발명과 동일성 여부 판단 자체가 가능한지 의문스럽습니다.",동일성의 판단은 확인대상발명이 특정되었음을 전제로 직권으로 하는 것입니다. 확인대상발명이 특정되지 않았으면 그 자체로서 확인의 이익이 없다고 보는 것이 더 맞습니다. 열공하세요~, ,,20.03.25
특허법,조문,140조,[140조] 확인대상발명의 특정,"최근 판례에서 확인대상발명의 특정관련하여 권리범위확인심판을 청구할때 사회통념상 특허발며의 권리범위에 속하는지 확인하는 대상으로 다른 것과 구별될 수 있을 정도로 특정되어야한다,(청구취지로서의 확인대상발명) 일부 구성이 불명확하여 특허발명과 대비할 수 있을정도로 구체적으로 특정되어있지 않다면 나머지 구성만으로 권리범위에 속하는지를 판단할 수 있는 경우라도 심판청구는 부적법하다(2010후3356) 위와 같이 판시하였습니다. 다만 종속항과 관련하여 2010후296에서는 대응되는 구성이 일부 기재되어 있지 않거나 불명확한 부분이 있다고 하더라도 나머지 구성만으로 권리범위 속부 판단할 수 있는 경우 특정되었다고 봄이 타당하다고 판시하였습니다. 1. 양 판례가 모순된다고 느껴지는데 2010후296은 사회통념상 다른것과 구별될 수 있을 정도로 특정되었다고 본건가요? 2. 사회통념상 다른 것과 구별될 수 있을정도로 특정되었는지 판단방법이 있을까요?",1. 사회통념상 다른 것과 구별될 수 있을 정도로 특정됨을 전제로 하는 것입니다. 2. 특허법 기본서 읽어 보시면 자세히 나와 있습니다. 열공하세요~, ,,20.03.25
특허법,조문,154조8항,"[154조8항, 163조]중복소제기와 일사부재리","안녕하세요 임병웅 변리사님 일사부재리 와 중복심판에 관해서 질문드리는데요. 사실관계는 간략하게 작성하겠습니다. 甲은 문헌1 / 신규성 위반 / 무효심판 청구(전심판) 그후 甲은 문헌1 / 진보성 위반 / 무효심판 청구(후심판) 질문 만약 후심판은 전심판 계속중이라면, 동일 심판물이므로 중복심판은 이고, 만약 후심판은 전심판 심결확정시, 동일사실이 아니므로 일사부재리는 아닌 것으로 알고있습니다. 위 2개념이 맞는지 궁금합니다. 일사부재리에서 청구이유가 신규성과 진보성으로 다른데, 증거인 문헌1과 문헌2를 동일증거로 보아야 하는지 궁금합니다.",안녕하세요? 1. 네. 맞습니다. 2. 동일증거입니다. 하지만 동일사실이 아니므로 일사부재리에 걸리지 않습니다. 열공하세요~, ,,20.04.02
특허법,조문,138조,[138조] 통살실시권허락심판에 의한 통상실시권 질문입니다.,"안녕하세요 임병웅 변리사님 공부하다가 궁금한사항이 생겨 질문드립니다. 강제실시권에서 106조의2, 107조는 재정서 등본송달시, 138조는 심결확정시 효력발생하는걸로 알고있고, 106조의2와 107조는 직권등록을 하지만 어쨋든 등록하여야 제3자에 대항할 수 있다고 알고있습니다. 여기서 138조도 등록하여야 제3자에게 대항할 수 있는걸로 아는데요. 138조도 직권등록을 하는지, 아니면 따로 등록을 신청해야하는지 궁금합니다. 감사합니다.",안녕하세요? 직권 등록합니다. 등록령 제14조입니다. 열공하세요~, ,,20.04.29
특허법,조문,140조,[140조] 권리범위확인심판의 확인대상발명 특정에 관한 질문입니다.,"확인대상 발명의 취지로서 특정에서, 특정이 불명확하다면 보정을 명해야하며 그럼에도 하자가 치유되지 않는다면 그 심판청구를 각하해야한다고 하는데, 이 심판청구 각하는 심결각하로 알고있습니다. 그런데 보정을 명하는 것은 심판장이 하는것이며 이에 위반 시 결정각하되는것이 아닌지 혼동이와서 질문드립니다.",각하를 합의체가 하는 것이지 보정명령을 합의체가 해야 하는 것은 아닙니다. 일반적으로 보정명령은 심판장이 합니다. 열공하세요~, ,,20.04.30
특허법,판례,,정정심판 전합 판례에 관한 질문입니다.,"안녕하세요? 정정심판 관련한 전합 판례에 대해 질문 드립니다. 확정판결에 법률적으로 구속력을 미치거나 또는 그 확정판결에서 사실인정의 자료가 된 행정처분이 다른 행정처분에 의하여 확정적·소급적으로 변경된 경우를 말하는 것이다. 여기서 ‘사실인정의 자료가 되었다’는 것은 그 행정처분이 확정판결의 사실인정에 있어서 증거자료로 채택되었고 그 행정처분의 변경이 확정판결의 사실인정에 영향을 미칠 가능성이 있는 경우를 말한다 (중략) 정정심결의 확정이 민사소송법 제451조 제1항 제8호에 규정된 재심사유에 해당한다는 취지로 판시한 심결취소소송에 관한 대법원 2001. 10. 12. 선고 99후598 판결, 대법원 2008. 7. 24. 선고 2007후852 판결, 대법원 2010. 9. 9. 선고 2010후36 판결, 특허권 침해를 원인으로 하는 민사소송에 관한 대법원 2004. 10. 28. 선고 2000다69194 판결뿐만 아니라, 특허무효심판절차에서의 정정청구에 대한 심결의 확정이 민사소송법 제451조 제1항 제8호에 규정된 재심사유에 해당한다는 취지로 판시한 대법원 2006. 2. 24. 선고 2004후3133 판결을 비롯한 같은 취지의 판결들은 이 판결의 견해에 배치되는 범위 내에서 이를 모두 변경하기로 한다. 따라서 사실인정과 관련있고 영향미치는 정정심결이 확정됐다면 당연히 심결취소소송 변론종결뒤의에 재심사유가 있다고 볼것이고 이러한 한에서는 종전 판례 태도를 취하는 것이 맞죠? 만약 객관식 보기에 나온다면, 경우를 나눠서 '사실인정 및 결론에 영향을 주는 때라면'이라고 전제를 달고 정오를 판단하도록 하겠지요?","안녕하세요? 변론종결 후의 정정심결이 확정되더라도 확정판결에서 사실인정의 자료가 되지 않는다는 것이 판결의 요지입니다. 따라서, 전제를 굳이 달지 않아도 됩니다. 한편, 이 전합은 이번 1차 시험의 시험범위가 아닙니다. 열공하세요~", ,,20.05.04
특허법,조문,163조,[163조] 일사부재리 질문입니다.,"안녕하세요 임병웅 변리사님 공부하다가 궁금한 사항이 생겨 질문드립니다, 2018허1523 판례입니다. 심판청구 당시에서 신규성위반이라고만 하였으나 심결취소소송 단계에서 신규성 위반 이외에 다른 무효사유(진보성 위반)를 주장하는 경우에는 일사부재리의 판단이 심판청구시를 기준으로 하기 때문에 인정될 수 없다. 이 사건에서 판례집을 보면 '원고는 이 사건 심판청구 당시 이 사건 특허발명이 진보성이 부정된다는 주장과 증거만 제출하였을 뿐 다른 무효 사유를 주장하지 아니하다가 이 법원에 이르러 신규성이 부정되거나 기재불비의 무효사유가 있다는 주장을 추가로 하고 있는바...'라고 되어있습니다. 여기서 궁금한부분이, 1. 일사부재리는 '심판의 심결이 확정되었을때, 그 사건에 대해서는 누구든지 동일 사실 및 동일 증거에 의하여 다시 ""심판""을 청구할 수 없다'고 하는데 2018허1523은 심판을 청구한게 아니라 원심판의 심결에 대해 심결취소소송을 제기한 것 같은데, 심결취소소송 단계에서 다른 무효사유를 주장했다고 일사부재리의 법리가 적용되어 위법이라는게 잘 이해가 가지 않습니다. 2. 1번과는 별개로 위 사건은 무효심판에 대한 심결취소소송으로 생각되는데, 심결취소소송에서 무효심판은 무제한설을 채택하고 있으므로 심결 전 주장할 수 있었던 무효사유를 추가로 주장할 수 있는것 아닌가요?? 항상 감사합니다. 저작자 표시컨텐츠변경비영리","전혀 잘못 이해하고 있습니다. 판례의 사실관계가 궁금하면 검색해 봐야 실력이 늘 수 있습니다. 사실관계를 정리하면, 1. 원심판청구 기각심결확정(신규성 위반) 2. 이건 심판청구(신규성 위반) 3. 이건 심결각하(일사부재리) 4. 이건 심결취소소송 제기(진보성 위반) 입니다. 한편, 진보성 위반을 주장할 수는 있으나, 그로서 심결이 위법하다고 말할 수 없다는 것이 판결의 요지입니다.", ,,20.05.07
특허법,문제,135조,[135조] 권리범위 확인심판,"[2012년기출문제 중] ""특허의 권리범위확인심판 청구에서 심판청구대상이 되는 확인대상발명의 특정정도 및 확인대상발명 일부 구성이 불명확하여 다른것과 구별될 수 있는 정도로 구체적으로 특정되어 있지 않은 경우, 심판장은 기간을 정하여 보정을 명하여야 한다."" ->이것이 옳은 지문으로 되어있는데 저는 심판관합의체가 보정을 명해야 한다고 생각했습니다. 확인대상발명을 심판청구서에 기재 했으니까 방식심사는 통과고 적법성심사에서 걸리는거..아닌가요?","합의체가 심결각하하는 것이지, 합의체가 보정명령을 해야 하는 것은 아닙니다. 적법성 심리에서 보정명령의 주체에 대해서는 법 규정도 없고, 심판실무도 명확치 않지만, 일반적으로는 심판장이 하고 있네요. 열공하세요~", ,,20.05.08
특허법,조문,148조,[148조] 전심관여,"안녕하세요 변리사님. 148조 심판관의 제척원인에서 6항 전심관여에 대해 '관여'한 경우란 최종처분에 관여한 경우를 말하므로 최종처분이 되기 전 단계의 심사 또는 거절이유 통지 등은 최종결정에 관여한 것이 아니므로 제척원인이 되지 아니한다라고 배웠습니다. 궁금한 것이 거절이유를 통지하면 그것이 최초거절이유통지든 최후이든 결국 보정을 안하거나 재심사청구 또는 불복심판 청구를 하지 않고 정해진 기간이 지나면 거절결정 확정이 되는 것이니 거절이유 통지도 최종처분에 관여한 거라고 볼 수 없는 건가요? 그렇다면 즉, 심사 단계에서 그 특허에 거절이유통지한 심사관은 불복심판에서 심판관이 될 수 있는 것인가요? 감사합니다.","거절이유통지가 최종적 행정처분도 아닐뿐더러, 대응해 보정하지 않는다고 하여 항상 거절결정되는 아닙니다.", ,,20.05.14
특허법,조문,132의17,132의17 거절불복심판청구 및 분할출원,"안녕하세요 변리사님! 132의17 거불심판을 배우면서 궁금한 것이 있어 질문드립니다. 아래 사진은 심사 종료 파트에서 배운 내용입니다. 이때 설명해주실 때 심판에서 인용되면 11~20항이 살아나서 분할출원한 16~20항과 협의제에 걸리니 선택할 수 있되 당연히 분할출원을 취하한다고 하셨습니다. 각주 41)의 해설에서는 분할출원과 심판청구를 같이하면 심판결과가 확정된 후에 분할출원 특허여부를 결정함(심판에 의하여 최초출원이 등록되는 경우에는 협의제, 협의명령에 의함) 그런데 궁금한 것이 해설에서 괄호안에 심판에 의하여 최초출원이 등록되는 경우라고 되어있는데, 거불심판에서 심판대상을 심판청구인이 골라서 할 수 있는건가요? 즉, 가장 마지막의 보정인 재심사청구하면서 보정한 11~20항을 가지고 거불심판 청구 할 수 있을 뿐만 아니라 아에 최초출원인 1~20항으로 심판청구도 가능해서 해설 괄호에 저렇게 쓰여진건가요?",심판대상은 골라서 하지 못합니다. 최종 거절결정인 11-20항에 대해서 심판을 청구할 수 있습니다. 해설의 괄호는 심판청구 결과 거절결정이 취소되고 특허결정된 경우를 말합니다. 열공하세요~, ,,20.05.16
특허법,조문,135조,[135조]권리범위확인심판,"안녕하세요 변리사님. 135조 권리범위확인심판 강의를 듣고 확인대상발명 특정부분에서 헷갈리는 것이 있어 질문드립니다. 리담특허법 교재 p1146 설명서와 도면에 기재된 발명이 실시하고 있는 발명과 다른 경우의 해석방법 적극적 권리범위확인심판에서 확인대상발명과 피심판청구인이 실시하고 있는 발명의 동일성은 사실확정에 관한 것이므로 이들 발명이 사실적 관점에서 같다고 보이는 경우에 한하여 동일성을 인정하여야 하며, 요지가 동일하여 균등관계에 있다고 할지라도 확인대상발명이 틀정되었다고 볼 수 없다.라고 배웠습니다. 1) 이 말의 의미가 즉, 청구인(특허권자)이 확인대상발명을 특정했는데 그것이 피청구인이 실제 실시하고 있는 발명과 사실적으로 완전일치해야지(AER?) 살짝 변경해서 일치하게 되는거면 특정된 것으로 볼 수 없고 각하되게 되는 것인가요? 이를 특허요건에서의 동일성 유형으로 본다면 1단계인 문언적동일성정도이고 2단계인 내재적 동일성 조차 동일해서 특정된다고 볼 수없다고 생각해도 될까요? 2) (적극적)권리범위확인심판에서의 확인대상발명특정 방법들을 침해여부 따질 때의 확인대상발명특정에 그대로 적용해도 되나요? 감사합니다! 저작자 표시컨텐츠변경비영리","1. 실제실시제품과 확인대상발명이 완전히 일치해야 한다는 것이고, 그렇지 않으면 각하됩니다. 동일성 판단은 법적 평가로서 여기서 적용될 수 있는 개념과는 다른 내용입니다. 한편, AER은 특허발명과 확인대상발명을 비교하는 것입니다. 2. 네. 그대로 적용됩니다. 열공하세요~", ,,20.05.17
특허법,조문,137조,137조&133조의2,"안녕하세요 변리사님. 정정무효심판 절차에 대해 강의를 듣다가 혼동이 되는 것이 있어 질문드립니다. 1) 137조3항4항인 정정무효심판절차에서의 정정을 청구하면 먼저 정정청구가 적법한지를 판단하는데, 적법하면 정정된 명/도 가지고 본 심판을 진행할 텐데, 취소/특허무효심판청구의서의 정정과는 달리 정정무효심판에서의 정정이 적법하게 되어 그 정정된 명도로 정정무효심판을 진행하면 해보나마나 이미 적법하게 된 정정이니 결국 부수적 심판 절차 결과에 의해 본 심판절차의 의미가 없어지는 건가요? 2) 133조의2 6항에서 무효심판이 청구된 청구항을 정정하는 경우에는 136조5항을 준용하지 않는다고 하는데, 이유가 136조 5항이 ""특허출원을 하였을 때에 특허를 받을 수 있을 것"" 이니까 이를 판단하면 본 심판절차인 무효이유를 심결 전에 미리 알려주는 결과가 되어 이로 인하여 심리의 지연이 초래된다고 하였습니다. 그런데 궁금한 것이 정정한 것이 136조5항 요건도 판단해서 적법하면 이 정정 후 명도로 판단하니까 그 청구항에 대해선 미리 알려주는 꼴이지만 적법하지 않다면 정정 전 명도로 판단하기 때문에 그것에 대해선 심리를 해봐야 알기 때문에 미리 알게 되는 상황은 아닌 것 같은데 이로 인하여 심리의 지연이 초래된다고 한 것이 이해가 되지 않습니다. 감사합니다.","안녕하세요? 1. 정정이 적법하다면 굳이 정정무효를 할 이유가 없습니다. 2. 정정은 실질적 확장, 변경이 되지 않는 범위내에서 가능한데, 실질적 확장, 변경이 아닌데 정정후 명도가 특허받을 수 없다면 정정전 명도에 의해서도 무효사유가 존재하게 됩니다. 열공하세요~", ,,20.05.21
특허법,문제,141조,"[141,142조] 심판청구의 각하","객744문제 보정이 불가능한 심판청구의 심결각하를 할 수 없는경우는? 보기4 심판청구서에 청구이유의 기재가없는경우 보기5. 제척 기피심판의 불복심판청구 보기4는 해설그대로 방식심리대상으로 보정명령에 의해 보정되지않으면 심판장이 결정각하하는게 맞는같은데 보기5의경우는 부수적심판으로 결정각하아닌가요? 보정불능한 심판청구로써 심결각하된다고 해설되어있어서요 더불어 불복심판청구의 경우에 증거조사, 참가심판에 관한 사항도 결정각하이며 심판비용에관한 심판도 부수적이므로 결정각하로 처리되겠죠? 불복이 안되는 심판에 불복하여서 각하인데 부수적이므로 결정각하처리!",결정각하사유는 법 제141조제1항 각호 위반입니다. 보기 5는 법 제141조제1항 각호에 해당하지 않습니다. 열공하세요~, ,,20.05.22
특허법,조문,163조,[163조] 일사부재리 관련 질문드립니다.,"책에 보면 거절결정에 대한 불복심판은 그 결정등본을 송달받은 날부터 30일내에 청구하여야 하므로 동 심판에 대한 심결이 확정된 후에는 다시 동일한 심판을 청구할 수 없다. 따라서 일사부재리의 원칙이 적용될 여지가 없다. 라고 쓰여 있습니다. 여기서 일사부재리의 원칙이 적용될 여지가 없다는 것이 일사부재리 원칙 자체가 성립하지 않는다는 뜻이고, 다시 동일한 심판을 청구할 수 있다는 뜻은 아닌게 맞나요? 그리고 송달받은 날부터 30일내에 청구해야 하는거랑 심결확정 후에 동일한 심판 청구할 수 없는 거랑 어떠한 상관관계가 있는지 이해가 잘 되지 않습니다ㅠㅠ 답변 기다리겠습니다. 저작자 표시컨텐츠변경비영리",다시 심판청구하면 기간경과로 심결각하됩니다. 열공하세요~, ,,20.06.24
특허법,조문,136조2항,[136조2항] 소송계속의 시기,"안녕하세요 수험적합성은 좀 떨어지는것같은데 궁금증이 남아 질문드립니다 Q. 136조 2항 (정정심판청구시기)의 소가 특허법원에 ""계속중""인 경우~ 여기서 소송계속 발생시기가 소제기시인가요? 민소법에서는 소송계속 발생시기의 판례입장이 부본송달시라고 배웠는데 특허법원의 무효취소소송도 당사자계라 민소법의 판례논리로 부본송달시인가라는 의문이 들어서요 감사합니다",안녕하세요? 네. 견해의 대립이 있지만 판례와 같이 부본송달시라고 보는 것이 적절해 보입니다. 열공하세요~, ,,20.06.26
특허법,판례,,[판례] 2016후2522 전원합의체 판결 의미,"대법원 2020. 1. 22. 선고 2016후2522 전원합의체 판결 [등록무효(특)] [공2020상,483] [다수의견] 재심은 확정된 종국판결에 대하여 판결의 효력을 인정할 수 없는 중대한 하자가 있는 경우 예외적으로 판결의 확정에 따른 법적 안정성을 후퇴시켜 그 하자를 시정함으로써 구체적 정의를 실현하고자 마련된 것이다. 행정소송법 제8조에 따라 심결취소소송에 준용되는 민사소송법 제451조 제1항 제8호는 ‘판결의 기초로 된 행정처분이 다른 행정처분에 의하여 변경된 때’를 재심사유로 규정하고 있다. 이는 판결의 심리·판단 대상이 되는 행정처분 그 자체가 그 후 다른 행정처분에 의하여 확정적·소급적으로 변경된 경우를 말하는 것이 아니고, 확정판결에 법률적으로 구속력을 미치거나 또는 그 확정판결에서 사실인정의 자료가 된 행정처분이 다른 행정처분에 의하여 확정적·소급적으로 변경된 경우를 말하는 것이다. 여기서 ‘사실인정의 자료가 되었다’는 것은 그 행정처분이 확정판결의 사실인정에서 증거자료로 채택되었고 그 행정처분의 변경이 확정판결의 사실인정에 영향을 미칠 가능성이 있는 경우를 말한다. 이에 따르면 특허권자가 정정심판을 청구하여 특허무효심판에 대한 심결취소소송의 사실심 변론종결 이후에 특허발명의 명세서 또는 도면(이하 ‘명세서 등’이라 한다)에 대하여 정정을 한다는 심결(이하 ‘정정심결’이라 한다)이 확정되더라도 정정 전 명세서 등으로 판단한 원심판결에 민사소송법 제451조 제1항 제8호가 규정한 재심사유가 있다고 볼 수 없다. [질문내용] 임병웅 변리사님 안녕하세요. 항상 친절히 답해주셔서 감사드립니다. 아래 (1),(2)부분 의미가 이해되지 않아 질문드립니다. 민사소송법 제451조1항8호의 재심사유로 인정되기 위해서는, (1)확정판결에 법률적으로 구속력을 미치거나 또는 (2)그 확정판결에서 사실인정의 자료가 된 행정처분이 (3)다른 행정처분에 의하여, (4)확정적으로 (5)소급적으로 변경된 경우여야 한다고 판시하였는데요 (3)은 해당 판례에서 정정인용심결임을 전제로, (4)정정무효심판 등 존재로 확정적이지 않고, (5)공법적 사법적 완전한 의미의 소급이 아니라고 하였습니다. 그런데 (1) , 또는 (2)에 대해서는 전혀 언급하고 있지 않은데요.. 무효심판의 심결취소소송 판결에 정정인용심결이 법률적 구속력이 있나요...? 무효심판의 심결취소소송 절차에서 무효심판의 심결문은 공문서로서 '증거로' 사실인정 자료가 된 행정처분인가요...? 그렇지 않고서는, 전원합의체가 (4),(5)를 배척하는 이유를 잘 모르겠습니다.... 감사합니다!","안녕하세요? 무효심판의 행정처분은 무효심판의 <심결>인데, 1) 정정인용심결의 확정은 소급하여 특허결정된 것으로 보게 되는데, 특허결정은 행정처분이 아니라서 (1)(2)의 요건에서의 행정처분에 해당하지 않는다는 점, 2) 정정심결이 확정된 경우 일사부재리가 적용되지 않고, 정정무효심판에 의해 다툴 수 있기 때문에 (4)의 요건에 해당하지 않는다는 점, 3) 소급효의 인정은 특허심사·심판절차의 내용과 효력을 정정 후 명세서 등에 일체성을 유지하면서 승계시킴으로써 특허심사·심판절차와 조화를 유지하면서 정정제도의 실효성을 추구하고 특허권자가 정정으로 인해 불이익을 받지 않도록 한 것이지, 정정 전의 명세서 등에 따라 발생된 모든 공법적, 사법적 법률관계를 소급적으로 변경시킨다는 취지로 해석하기 어려워 (5)의 요건에 해당하지 않는다는 점 을 근거로 하고 있습니다.", ,,20.07.03
특허법,조문,161조,161조 심판청구의 취하,"안녕하세요 변리사님. 복습 중에 심판의 종료에서 심판은 직권주의 적용이라 청구포기, 인낙 등이 안된다고 배웠습니다. 그러면 실제로 두 당사자가 포기, 인낙등의 생각을 가지고 있으면 심결시 이해관계가 소멸하였다 하여 심결각하하게 되나요? 감사합니다.",안녕하세요? 생각이 있는 것이 아니라 합의를 하면 이해관계가 소멸합니다. 열공하세요~, ,,20.07.07
특허법,조문,163조,[163조] 일사부재리,변리사님 안녕하세요 전소 심판단계 진보성 무효심판청구 기각 심결취소소송 단계 기재불비 주장 기각판결 확정 기재불비이유로 무효심판 청구시 일사부재리 위반인가요? 아니라면 후소는 어떻게 처리되어야할까요?,안녕하세요? 일사부재리 걸리지 않습니다. 선심판의 본안심결은 진보성 기각으로 확정되기 때문입니다. 후심판청구는 본안심리를 하게 됩니다. 열공하세요~, ,,20.07.16
특허법,조문,164조,(164조)일사부재리와 심결취소소송,"안녕하세요 진보성위반 이유로한 무효심판에서, 심판단계에서 인용1을 이유로 신청했으나 기각 심결취소소송단계에서 인용2를 이유로주장했으나 기각되어 기각심결이 확정된 경우, 동일특허에 제3자가 인용2를 근거로 진보성위반 무효심판청구시 이는 일사부재리에 반하지않나요? 제 생각으로는 인용2도 소송단계에서의 “심결”의 증거로 쓰인 것이라 생각되어 후심판에서 주장시 동일증거에 의한 것이라고 보이는데요, 한 변리사님은 01년개정에서 ‘판결’은 일사부재리 적용대상에서 빠짐을 근거로 아니라고하십니다. 궁금합니다","안녕하세요? 판례는 없지만 일사부재리에 걸리지 않은 것으로 해석됩니다. 말씀하신 것처럼 법 개정시 판결이 삭제되었고, 인용2는 심결문에 나와 있지 않은 증거이기 때문입니다. 한편, 이 문제를 가지고 심결취소소송의 심리범위가 무제한설이 되는 것을 비판하기도 합니다. 제목이 질문규칙에 맞지 않으니 수정해 주세요~", ,,20.07.23
특허법,조문,163조,[163조] 일사부재리의 판단시점,"안녕하세요. 임병웅 변리사님. 강의 잘 듣고 현재 복습중입니다. 책에 1072~1073p에 있는, ""..그러나, 심판청구 당시에는 신규성 위반이라고만 했으나 심결취소소송단계에서 신규성 위반 이외에 다른 무효사유(진보성 위반)를 주장하는 경우에는 일사부재리 판단이 심판청구시를 기준으로 하기 때문에 인정될 수 없다.""(2018허1523) 그리고 1075p에 있는 일사부재리 적용시점 에 대한 질문입니다. 위 판례에 따르면, 1.원심결 확정(신규성 위반) 2.위 심판 청구(신규성 위반) 3.위 심판 심결각하(일사부재리) 4.위 심결취소소송(진보성 위반 주장) 이때 책의 내용대로라면 심판청구시를 기준으로 일사부재리를 판단하므로 심결취소소송에서 무슨 주장을 하던 일사부재리로 심판을 각하한 심결은 적법하다는 것은 이해하였습니다. 그런데 해당 판례의 대법원 판례(2018후11360)에서는, 일사부재리 판단시를 심결시로 해야 하며, 2009후2234에서 심판청구시로 일사부재리 판단시를 한 것은 원심결 확정 여부만을 심판청구시에 판단한다는 뜻을 밝혔습니다.(제가 잘못 이해했을 수도 있습니다 ㅠ) 1. 그렇다면 책의 내용이 수정되어야 하는건가요? ex) 일사부재리 판단시 원심결확정여부 : 심판청구시 동일사실증거여부 : 심결시 2. 2018후11360의 법리에 따라도, 위 사건에서 심결취소소송 중에 진보성 위반 주장을 해봤자, 거절결정불복심판에 대한 심결취소소송에서는 대상이 되는 심결의 위법성 여부만 따지고 새로운 인용대상은 들지 못하므로, 어쨌든 심결은 적법하고 취소소송은 기각되는 것인가요? 위 판례와 관련해 변리사님이 이전에 답변해주신 내용에서, 진보성 주장을 할 순 있지만 해당 심결이 위법하다고는 할 수 없다고 답변하셔서 확인차 질문드립니다. 감사합니다!","1. 네 수정되어야 합니다. 2. 진보성 주장으로 일사부재리 위반을 해소할 수 없습니다. 따라서 기각됩니다. 참고로, 최근 대법원 판례에 따라 추록은 판례를 최대한 반영하여 11-12월 정도에 배포할 예정입니다. 열공하세요~", ,,20.07.28
특허법,조문,133조,[133조] 44조 위반의 따른 무효심판 청구의 이익,"안녕하세요 변리사님! 공부 중 궁금증이 생겨서 질문드립니다. Q1) 44조 위반으로 133조의 무효 심판을 청구는 특받권 가진자와 심사관만이 할 수 있는 것으로 알고 있습니다. 그런데 특받권이 공유인데 특허를 받지 못한자가 44조 위반으로 무효심판을 청구하면, 33조1항 본문 위반과는 다르게 정당한 권리자로서 보호받지 못해서 굳이 이전청구를 하지 않고 무효심판을 청구하지 않을 것 같은데 그럼 44조 위반으로 무효심판 청구는 주로 심사관이 하는 건가요? Q2) 또한 99의2조의 특허권의 이전청구에서 이전청구를 받은 상대방이 이유없이 이전청구를 거절 할 수 있는지도 궁금합니다. 항상 감사드립니다!","안녕하세요? 1. 특허를 받을 의사가 없고, 상대방만 특허발명을 실시하게 할 필요가 없다면 무효심판을 청구하게 될 것입니다. 2. 이전청구는 법원에 소 제기를 통해 하는 것입니다. 열공하세요~", ,,20.07.29
특허법,조문,136조,[136조] 정정심판,"안녕하세요 변리사님. 정정심판부분 복습하던 중 이해가 안가는 것이 있어 질문드립니다. 리담특허법19판 p1166 [표7-12]에서 특허무효심판에 대한 인용심결/특허취소신청에 대한 취소결정이 각각 1)정정심판이 심판원에 계속 중, 2)특허법원에 계속 중, 3)대법원에 계속 중 일때, 확정되어 소급소멸한 경우입니다. 이때 대법원에 계속 중인 경우, 대법원에서 원래는 파기환송해야 하나 대부분 직접 파기소각하를 한다고 배웠습니다. 궁금한게 특허법원에 계속 중인 경우에도, 소각하를 한다고 하는데 이것 또한 원래는 심판원의 원심결을 취소하고 심판원으로 환송해야하지만 그냥 특허법원에서 소각하를 하는 것으로 보아야 하나요? 교재에는 보통 취소소송을 구할 실익이 없어져 소각하한다고 하는데, 특허법원에서 판단하는 것은 심결의 위법여부인데 무효 또는 취소되었으니 존재하지 않는 특허를 상대로 심결을 내렸으니 부적법하므로 심결취소 환송하면 심판원에서 심결각하를 하는게 맞는거지 않나해서 여쭤봅니다. 항상 좋은 답변 감사합니다. 저작자 표시컨텐츠변경비영리",적법성 심리를 통해 통과한 경우에 본안심리(심결의 위법성 판단)를 합니다. 적법성 심리의 하나인 소의 이익이 없으면 본안심리로 갈 필요없이 소각하됩니다. 열공하세요~, ,,20.08.17
특허법,조문,136조,[136조] 정정심판 각하할때외 기각할때 질문드립니다.,"정정심판에서 136조 2항 요건은 각하사유이고 나머지 136조 1항, 3~5항은 흠결시 기각한다고 알고 있었는데 판례중에 1항 흠결시 심결이 부적법하다 라는 판례가 있어서 136조 1항이 적법요건인지, 본안 요건인지 궁금합니다. 저작자 표시컨텐츠변경비영리",본안심리 대상입니다., ,,20.08.31
특허법,조문,163조,[163조] 일사부재리 동일증거,"안녕하세요 변리사님! 일사부재리 대법판례태도와 중요증거설의 입장에 관해 귱금한점이 있어 질문드립니다 . 다음과같은 경우 현재판례입장 및 중요증거설 입장에서 동일증거인지 궁금합니다 제1심판 - 선행문헌A 진보성위반 무효심판 기각심결확정 제2심판 - 선행문헌B 진보성위반 무효심판청구 했으나, B에의해 진보성위반되지 않는경우 이경우, B는 전심결 결론을 번복할만큼 유력하지 않아 중요증거설 및 그와 같은 입장인 판례의 입장에서 동일증거로 취급되므로 일사부재리 위반의 각하인가요? 아니면 동일증거 당연히 아니므로 기각의 본안심결하나요? 답변 항상 감사드립니다!",안녕하세요? 각하됩니다. 열공하세요~, ,,20.09.03
특허법,조문,,"권리범위확인심판의 ""다툼이 없는 경우""","안녕하세요! 기본서 1129p의, 권범확심에서 다툼이 없는 경우에 대한 질문입니다. 90후373에서는, 확인대상발명이 특허발명의 권리범위에 속하지 않는다는 점에 관한 다툼 X -> 심결각하 또 2014후2849에서는, 확인대상발명에 대해 침해 주장 현재에도,미래에도 X -> 심결각하 라고 되어 있었으며, 2014후2849의 심결각하에 대한 비판도 같이 적혀 있었습니다. 1. 그렇다면 2014후2849는 기각심결로 종결되었어야 한다는 것인데, 그 이유가 2014후2849에서는 90후373과 다르게 ""미래에도"" 침해 주장을 하지 않을 것이라고 했기 때문에 일사부재리를 발생시켜서 피고를 보호하기 위함인가요? 2. 그렇다면 같은 이유로 적극적 권범확심에서 원고가 확인대상발명이 권리범위에 속하지 않음을 현재에도, 미래에도 주장하지 않을 것이라고 말한 경우에도 이해관계 소멸에 따른 심결각하가 아니라 기각심결을 내려야 하는 것인가요? 항상 회독시 이 부분이 헷갈려서 궁금한 점 확인 차 질문드립니다. 감사합니다! 저작자 표시컨텐츠변경비영리","일방의 의사를 당사자간의 합의로 볼 수 없다는 것입니다. 따라서, 본안심리를 하는 것이 타당합니다. 열공하세요~", ,,20.09.08
특허법,조문,133조,[133조] 당사자 적격,"안녕하세요 변리사님! 특받권흠결을 이유로 한 무효심판의 당사자적격에 대해 궁금한점이 있습니다 A단독으로 특받권 소유중인데, B와 공유중인것으로 착각하여 공동출원하여 공유등록받은경우에 무효심판 당사자적격과 관련하여 질문드립니다, Q1.A는 133조1항에 따라 정당권리자로서 ""자신의"" 특허권에 대해 무효심판을 청구할 수 있나요? Q2.가능하다면 139조에 따라 모든 특허권자가 당사자가 되야 할텐데, 그렇다면 청구인A 피청구인A,B가 되는 것인가요? Q3.아래는 관련사건인 2011허11750 의 중간부분 입니다. 아래에서 (3)부분이 궁금한것과 관련된 것인데, 이부분은 원고주장의 요지이므로 판시사항은 아닌것이어서, 이러한 사례에 대한 판례태도는 없다고 생각해도 될까요? ""2. 원고의 심판청구의 적법 여부 가. 원고 주장의 요지 (1) 원고는 이 사건 특허발명의 진정한 발명자인 라더마커(Radermaker)로부터 특허를 받을 수 있는 권리를 양수한 유일한 승계인인 반면, 피고들은 이 사건 특허발명의 발명자가 아니어서 이 사건 특허에 대하여 권리가 없으므로 피고들의 지분권에는 무효사유가 있다. (2) 특허법 제133조 제1항 제2호는 제33조 제1항 본문의 규정에 의하여 특허를 받을 수 있는 권리를 가지지 아니한 경우 를 등록무효사유로서 규정하고 있는바, 특허법 제33조 제1항에서 발명자 또는 그 승계인이 특허법에서 정하는 바에 의하여 특허를 받을 수 있는 권리를 가진다고 규정하면서, 같은 조 제2항에서 공동발명자는 특허를 받을 수 있는 권리를 공유한다고 규정하고 있으므로, 위 특허법 제133조 제1항 제2호는 공동발명자가 아닌 자를 상대로 한 특허의 일부 지분권에 대한 무효심판청구를 허용하고 있는 것이다. (3) 또한 등록된 특허의 공유자 전원이 특허무효심판의 당사자로 된 경우에는 특허법 제139조 제2항에도 위배되지 않는 것으로 보아야 한다. 나. 판단 특허권은 특허발명을 독점적, 배타적으로 지배할 수 있는 권리로서..."" 바쁘신 중에도 답변해주셔서 항상 감사드립니다!",1.2. 판례는 없지만 이해관계를 긍정하기 어려울 것으로 보입니다. A에게 특허권의 권리의 존속으로 인하여 불이익을 받을 염려가 없어 보입니다. 그리고 현실적으로 99조의2에 따라 이전청구를 할 수 있는데 무효심판을 청구한다는 것이 말이 안 됩니다. 3. 대법원에서 지분에 대한 무효심판청구불가라고 판단하였습니다. 열공하세요~, ,,20.09.09
특허법,조문,163조,[163조] 일사부재리 판단시점,안녕하세요. 이번에 리담특허법 추록보고 일사부재리 부분에서 '동일 사실 및 동일 증거' 는 '심결시' 기준으로 판단 '선행심결의 확정시점'은 '심판청구시' 기준으로 판단 한다고 되어있는데요. 1. 기존과 변경된 부분인건가요? 2. 기출문제 선지에서 '일사부재리 원칙 적용 여부의 판단 기준 시점은 해당 심판의 심결시이다.' 라는 지문이 나오면 o 인가요 x 인가요? 일사부재리 원칙의 적용 시점의 원칙?이 궁금합니다. 감사합니다. 저작자 표시컨텐츠변경비영리,1. 네 2. x입니다. 열공하세요~, ,,20.09.10
특허법,조문,170조,[제170조] 보정각하불복이 이유 있을때 심판의 결과,안녕하세요 변리사님! 거절결정 불복심판에서 보정각하불복을 했는데 보정각하 불복이 이유있다고 인정되는 경우 Q) 심판관이 보정된 청구범위로 심사를 해서 특허결정 or거절결정을 하는건가요? 아니면 심사를 하지 않고 환송시키는 건가요? 답변 항상 감사드립니다!,네. 보정된 명세서를 가지고 심사합니다., ,,20.09.17
특허법,문제,135조,[제 135조] 소극적권리범위확인심판,"위 보기 1번과 관련하여 해설에는 소극적권리범위확인심판의 피청구인이 '청구인이 실시예정이라고 주장하면서 특정한 확인대상발명'에 대해 권리범위에 하지 않는다는 점에 대해서는 아무런 다툼이 없는 경우라면 소극적권리범위확인심판은 심판청구의 이익이 없다고 하였는데, 이를 정답에 적용하면 '침해를 주장하지 않고 있으며 향후에도 주장할 의사가 없다'고 진술할 시에는 심판청구의 이익이 없다는 결론이 나옵니다. 하지만 제 생각에는 권리범위와 관련하여서 특허권의 침해에도 권리범위 내에서 실시라는 조건이 있지만 이용관계에서도 그것이 만약 사상상의 실시라면 all element rule에 따라 권리범위에 속할수도 있는데, 따라서 꼭 침해를 주장하지 않거나 않을 예정이라고 하여도 이용발명에서만큼은 선원특허권자의 동의를 받아야하기 때문에 소극적권리범위확인심판의 이익을 부정할 수 없는 것은 아니라고 생각하는데, 제 생각에 무엇이 틀렸는지 궁금하여 질문드립니다. (침해를 주장하지 않거나 주장하지 않을 예정이라는 것은 이용관계에 있어서도 동의를 받지 않아도 후원특허권자의 발명의 실시를 용인하겠다는 것과 같은 것인지 궁금합니다.)","1, 침해를 주장하지 않겠다는 것은 이용관계도 동의를 받지 않아도 됩니다. 동의를 받아야 하는 이유는 침해이기 때문입니다. 2. 참고로 1번 보기는 일방의 진술을 당사자간의 합의로 보고 있다는 측면에서 비판받는 판례입니다.", ,,20.09.28
특허법,문제,163조,[163조] 일사부재리의 원칙,"보기 5번과 관련하여 심결확정, 동일심판, 동일취지, 동일사실 및 동일증거가 청구되었을 때 일사부재리의 원칙에 위반되는 것으로 알고있는데, 보기 5번에서는 첫번째 심판에서 신규성 위반을 청구이유로 한 것으로 보입니다. 그리고 두번째 심판에서도 신규성 위반을 이유로 청구하였는데, 이는 청구이유일 뿐, 사실 및 증거는 첫번째 심판과 충분히 달라질 수 있고, 따라서 일사부재리 원칙에 위반되지 않는다고 생각하는데, 보기 5번에서는 '인정될 수 없다', 즉 일사부재리에 위반하므로 심결각하를 하여야 한다고 나와있습니다. 앞서 말씀드린 이유로 일사부재리에 위반하지 않을 수 있다고 생각하는데, 위반한다고 나와있는 이유가 궁금합니다. 답변 부탁드리겠습니다. 감사합니다.",, ,,20.10.04
특허법,조문,132조의2,[132조의2]특허권자의 특허취소신청,"안녕하세요 2004두14274 판례를보면 동일발명 동일자출원간과 중복특허된 사안에서 특허결정받은출원인은 자기출원 특허결정 취소를 법원에구할 법률상이익이없다고 보더군요 허나 17개정법상 인정된 취소신청제도의 취지, 또 누구든지청구할수 있다는 점에 비추어볼때 (1)특허권자는 자신의 특허에대해 취소신청은 허용될 수 있을까요? 대법원 판례상 특허권 포기로는 선출원주의위반 하자가 치유되지않아서 허용될수 있을지 궁금합니다. 실무상 이런사안이있나도 조금 궁금해지네요 (2)특허등록 후 소급무효가 된 경우에 있어서 선출원지위가 존속하는지에 변리사님들 사이에 조금 차이가있던데요 소멸된다고 보아야하나요? 감사합니다","1. 글쎄요. 누구든지에 특허권자가 들어가는 건 난센스인 것 같네요. 특허료를 납부하지 않음으로써 해결할 수 있는데, 특허료를 납부하고 얼마지나지 않아서 취소신청을 한다는 것 자체가 의미가 없어 보입니다. 2. 판례가 선출원의 지위를 부정하고 있으나 비판이 있습니다. 기본서를 정독해 보세요.", ,,20.10.06
특허법,문제,132의17,[132의17]거절결정불복심판,"위 문제 보기3번과 관련하여 보기 상황의 거절결정불복심판에서 취소환송 된 경우 '취소환송 전의 거절이유통지에 대한 보정에 따라 발생한 거절이유'라는 것은 결국 취소환송 '전'이기 때문에 심사절차에서 발생한 거절이유라고 판단되는데, 그럼에도 불구하고 최초거절이유통지를 하는 것은 해설에 나와있듯이, 출원인의 절차적인 이익측면이나 직권재심사의 상황과 비슷하게 생각하고 이해하면 되는 것인가요? 관련된 법조문은 없는지 궁금합니다. 답변해주시면 감사하겠습니다. 감사합니다.","네, 처음부터 다시 시작하는 것이기 때문입니다. 법조문은 법 제47조제1항제1호가 근거입니다. 기본서에 나와 있는 내용이니 정독해 보세요.", ,,20.10.06
특허법,조문,135조,"[135]간접침해와 권리범위확인심판,자유실시기술항변","안녕하세요 특허발명 (ABC)와 그 구성 중 전용품(B)가 있을때 제3자가 (AB)를 실시하고 있다면요 (1)특허권자는 간접침해 확인위한 권리범위심판청구하며 B를 특정할 수도 있고 AB로 특정할 수도 있는것이 맞나요? (2013후1109등) (2)간접침해시 자유실시기술항변의 판단대상과관련하여(2008허4523) “위 실시 부분의 구성만으로 한정하여 파악할 것은 아니고, 위 실시 부분의 구성과 함께 심판청구인이 그 생산에만 사용되는 것으로 특정한 대응제품의 구성 전체를 가지고 그 해당 여부를 판단하여야 할 것이다.” 라는 문구가 있습니다 1)이 사건은 B가아닌 AB로 확인대상발명으로 특정한사안이라고 볼 수 있는 것인가요? 2)그렇다면 이 판례와 달리 B로 확인대상발명으로 특정하였다 하더라도 심판물이라 할 수 있는 B와 별도로 자유기술항변은 AB를 가지고 판단하는게 맞나요? 감사합니다",네. 모두 이해하고 있는 내용이 맞습니다., ,,20.10.10
특허법,문제,,특허법원 2000.3.31.선고99허6640 자백 또는 자백간주,"안녕하세요! 객관식 751번 문제를 풀다가 자백 또는 자백간주에 대한 의문점이 있어 질문을 올립니다. 해당 문제는 '특허심판에 관한 설명으로 옳지 않은 것은?'입니다. 5번 보기 '특허발명의 진보성 판단의 대상이 되는 선행기술이 어떠한 기술구성을 가지고 있는지 자백의 대상이 될 수 있다'에서 해당 보기는 '소송과정'에서 사실 자백에 해당되기 때문에 틀린 지문이라고 생각했습니다. 심판 계속 중 자백 또는 자백 간주가 안되는 것이고, 소송 상에서는 사실에 대한 자백 또는 자백 간주만 된다고 알고 있는데, 해당 문제가 중복 정답인 것인지 궁금합니다. 감사합니다.","특허심판은 심판단계에서 계속 중일 수 있고, 소송단계에서 계속 중일 수 있습니다. 문제는 어느 단계에서 계속 중인지 명확히 구분되어 있지 않습니다. 따라서, 특허심판이 소송단계에서 계속 중일 때는 틀린 지문이 아닙니다.", ,,20.10.11
특허법,조문,134조,[134조]존속기간 연장등록무효심판의 심판청구인 적격 관련 질문입니다.,"임병웅 변리사님, 무효심판을 포함하여 존속기간 연장등록 무효 심판 또한 청구인 적격은 이해관계인 또는 심사관이라고 134조 1항에 보면 나와있는데, 올해 객관식 문제 523번의 3번 지문에 보면 본인이 출원하고 본인이 무효심판을 청구한 것이 옳은 지문으로 평가되어 있는데, 본인도 이해관계인에 포함시킬 수 있을까요? 물론 특허료를 반납 받을 수 있다는 것을 생각해보면 이해관계인의 범주 안에 넣을 수 있을 것 같긴 한데.. 어떻게 생각해야 하는지, 혹 문제 정답이 복수 정답 처리가 될 수 있는 것인지 답변해주시면 감사드리겠습니다!! 환절기 감기 조심하세요!","네. 지문이 조금 매끄럽지 못하네요. <연장등록되었다가>룰 <연장등록된 경우>로 수정해야 될 것 같습니다. 한편, 본인도 이해관계인에 포함되는 것은 청구인과 피청구인이 일치된다는 것인데, 맞지 않습니다.", ,,20.10.12
특허법,조문,135조,[135조]권리범위확인심판,"안녕하십니까 변리사님 문제를 풀던중에 선지의 내용에 ""피청구인이 실시하지 않고 있는 물품을 대상으로 한 적극적 권리범위 확인 심판청구는 확인의 이익이 없어 기각되어아 한다"" 라고 되어있었는데 기각이 아니라 각하하여야 하기 때문에 틀린 선지라고 하셨습니다. 그런데 각하로 고쳐도 현재 실시하지 않더라도 과거에 실시한적이 있으면 과거에 실시한적 있었던 사항에 대하여 적극적 심판청구하는것도 실익이 있기 때문에 단지 현재 실시하지 않고있다고해서 각하하지 않는것 아닌지 궁금합니다.",네. 과거에 실시한 적이 있다면 각하하지 않고 본안심리를 하게 됩니다., ,,20.10.17
특허법,조문,139조,139조 심판의 당사자 - 이해관계의 판단시점 질문입니다.,"안녕하세요. 강의 듣고 복습하다가 이해가 잘 안되어 질문 드립니다. 심판의 당사자적격에서 이해관계의 존부 판단하는 시점은 심결시-라고 하는데, 교재1030p에서 심판청구인은 심판 청구시 청구서에 이해관계에 관한 주장을 적어야 하고 이는 직권조사사항으로서 “심판청구서”를 통해 이해관계 존부 여부에 대해 판단하기 어려운 경우 이해관계가 있음을 주장하여 입증하도록 보정을 명하고 ...(후략) 라고 기술되어 있는 부분을 보면 심결시 판단하더라도, 청구 시에도 이해관계를 요하게 되는 것이 아닌가 싶습니다. 이렇게 보면 강의트의 <심판청구 시 이해관계 성립되었던 청구도 심결시 이해관계가 소멸되면 부적법하여 심결각하된다> 는 내용은 이해되는데, <심판청구 당시에는 이해관계가 없는 경우라도 심결 시에 이해관계가 있으면 적법한 심판청구로 인정되며>라는 내용과는 맞지 않나 생각이 들어서 질문 드립니다. 긴 질문 읽어주셔서 감사합니다.","안녕하세요? 이해관계 여부는 본안심리하는 과정에서 판단한다고 이해하면 됩니다. 즉, 본안심리 과정 중 이해관계가 없으면 직권조사하고, 그 과정에서 처음에는 없더라도 나중에 생긴 경우에는 적법한 심판청구로 인정한다는 의미입니다. 열공하세요~", ,,20.10.28
특허법,조문,155조,[155조] 보조참가인,"안녕하세요 보조참가인 관련 질문드립니다. '보조참가인은 피참가인에 반하여 모순되는 행동을 할 수 있다'라는 문장이 옳은 문장이 맞나요? 당사자참가와 다르게 보조참가는 피참가인과 동등한지위가아닌 종속된 지위를 갖는 것으로 알고있는데, 보조참가인의 효과파트 필기내용은 그와 상반되어 제가 잘못 필기한 것인지 여쭙습니다. 감사합니다.^^ 저작자 표시컨텐츠변경비영리","피참가인도 자신의 이익을 주장하기 심판절차에 관여하는 것이기 때문에 모순되는 행위를 할 수 있습니다. 다만, 법 제155조제2항의 반대해석상 청구인이 심판청구취하한 후에는 독자적으로 절차를 밟지 못할 뿐입니다. 열공하세요~", ,,20.11.09
특허법,조문,136조,[136조] 정정심판,"안녕하세요. 136조와 관련하여 질문드립니다. 특허, 정정 무효심판의 경우 심취소로 특허법원에서 계속중인 때에는 변론종결시까지 정정심판을 청구할 수 있는 것으로 알고있습니다.(136조2항1호 단서) 반면에, 특허취소신청의 경우에는 특허취소결정에 불복하여 특허법원에서 계속중일 때, 정정심판을 청구할 수 없는 것으로 알고있습니다. 그렇다면 해당과정에서 정정이 필요할 때, 어떻게 해야하는 것이며 제가 알기로는 특허, 정정 무효심판의 불복절차(특허법원)와 병행(취소심과 무효심)하면 정정심판청구가능한 것으로 아는데, 해당방법밖에 없는 것인가요? 감사합니다.","안녕하세요? 취소결정에 대한 취소소송은 제한설이기 때문에 새로운 주장을 하지 않고, 따라서 정정심판이라는 방어적 기회를 부여하지 않아도 됩니다. 기본서를 정독해 보세요~", ,,20.11.10
특허법,조문,170조1항,[170조 1항] 거불심 보정각하결정의 예외,"변리사님 안녕하세요! 170조 1항에 따라 거불심 청구 이전의 부적법한 보정이 거불심에서 발견되면 보정각하하지않고 최후거절이유를 통지한다고 배웠는데요, 만약 이때 발견한 부적법 보정이 직권재심사에 따른 취소결정 전의 보정인 경우에는 최초거절이유를 통지하는 것인가요? 즉, 타임라인이 부적법보정 > 직권재심사로 인한 취소결정 > 특허거절결정 > 거불심청구 > 부적법보정발견인 경우 최초거절이유를 통지하는 것인가요? 늘 친절한 답변 감사드립니다!!","안녕하세요? 네, 법 제47조제1항제2호 괄호에 해당하지 않기 때문에 최초거절이유통지를 하는 것이 맞습니다. 열공하세요~", ,,20.11.10
특허법,조문,133조의2,[133조의2] 정정무효심판에서 정정의 보정시기,"안녕하세요, 정정무효심판상의 정정청구의 보정시기를 ""정정불인정 이유 통지에 따른 의견서 제출기간 또는 심판 청구인의 증거의 제출 또는 새로운 무효사유의 주장으로 인하여 심판장이 정한 정정청구기간에 정정청구서에 첨부된 정정한 명세서 또는 도면에 대한 보정 가능""이라고 알고 있었는데 리담객관식 특허법에는 ""특허권자는 정정청구를 할 수 있는 기간 또는 의견서 제출기간에 정정청구서에 첨부된 정정한 명세서 또는 도면에 대하여 보정을 할 수 있다""라고 되어 있는데요 특허취소신청, 특허무효심판, 정정무효심판에서 모두 후자가 맞는건가요? 감사합니다 저작자 표시컨텐츠변경비영리",안녕하세요? 네. 법조문을 확인해 보세요., ,,20.11.11
특허법,조문,135조,[135조] 권리범위확인심판에서의 무효의 항변과 자유실시기술의 항변,"안녕하세요. 권리범위 확인심판에서 진보성 결여에 의한 무효의 항변은 불가하고 자유실시기술로부터 용이하게 실시하는 경우에 자유실시기술의 항변은 가능한 것으로 알고있습니다. 심리가능 여부에 대하여 두 유형을 구별하기 어려움이 있는데, 단순히 판례 문구 그대로를 키워드로 무효의 항변 -> ""진보성"" 자유실시기술의 항변 -> ""공지기술로부터 쉽게(용이하게) 실시"" 라고 기억하면 될까요?",안녕하세요? 아닙니다. 특허발명과 공지기술의 대비인지 아니면 확인대상발명과 공지기술의 대비인지 여부에 따라 구별해야 합니다. 열공하세요~, ,,20.11.13
특허법,조문,133조의2,[133조의2]특허무효심판에서의 정정청구,"변리사님 안녕하세요 정정청구를 공부하다가 정정청구서가 궁금해서 한번 찾아봤는데 맨 밑에 청구서를 ""특허청장(특허심판원장)에게 제출한다."" 고 나와있습니다. 정정청구 절차에서 서류를 제출할때 '심판장'이 아닌 '특허청장 또는 특허심판원장'에게 서류를 제출하는 별 다른 이유가 있는건가요? 아니면 실무상 그런건가요..?? 오히려 심판 중 정정청구에 대한 서류를 특허청장에게 제출하면 특허심판원을 분리시켜 놓은 권리를 침해하게 되는건 아닌가 궁금증이 들었습니다... 사실 수험공부랑 큰 관련은 없을거 같은데,,,너무 궁금해서 질문드립니다..ㅎㅎ 감사합니다!",네. 특허청장이 아닌 심판원장에게 제출합니다. 양식이 잘못되었네요., ,,20.11.21
특허법,문제,162조,"[162, 163] 일사부재리","객 778번 문제 문의드립니다. 2번 ) 일사부재리 원칙 적용 여부의 판단기준 시점은 심결시이다. -> 옳은 지문 아닌가요? (심결 확정여부만 심판청구시에 적용) 기출문제라, 확실히하고자 문의드립니다.","동일사실 및 증거는 심결시, 본안심결확정은 심판청구시입니다.", ,,20.11.25
특허법,문제,163조,[163] 일사부재리,"객 778번 4번 지문 문의드립니다. 4번) 확정심결과 확정판결사이에는 일사부재리 원칙이 적용되지 않는다. -> 확정심결이 있은 후에, 동일사실 및 동일증거로 소송가능하다고 보면 될까요? -> 확정심판이 있은 후에, 동일사실 및 동일증거로 심판가능하다고 보면 될까요? (단, 기판력 등 논외)",1. 심판과 소송은 별개이니 일사부재리가 적용되지 않습니다. 2. 일사부재리에 걸립니다., ,,20.11.25
특허법,조문,136조,[136조]정정심판이 대법원에 계속중일때 확정된경우,안녕하세요 ㅎㅎ문제를풀던중 2007년판결을보니 특허의무효심판이 상고심 계속중 당해 특허의 정정심결이확정되면 재심사유가되므로 파기환송한다고했는데 2020 년 판결을보면 특허무효심판의 심결취소소송의 사실심변론종결 이후에 정정한다는 심결이 확정되어도 재심사유가 있다고 볼수없다 라고 하는데. 그렇다면 특허무효심판이 상고심계속중(대법원계속중) 정정심결이 확정되면 재심사유가 아니므로 파기환송하지않고 정정 전 특허발명에의해 법령위반이 존재하는지 판단하는지 궁금합니다. 항상좋은답변감사합니다,"네. 그렇습니다. 그 결과 파기환송된다면, 특허법원에서 정정 후 명세서 또는 도면에 의해 무효사유가 있는지 여부를 검토하게 됩니다. 열공하세요~", ,,20.12.03
특허법,문제,162조,"[162,163조] 심판-심결 질문드립니다.","안녕하세요 변리사님 문제집 769쪽 4번 선지 관련 질문드립니다. 문제를 풀다가 권리범위확인심판과 헷갈리는 부분이 있어 여쭤봅니다. 해당 선지처럼 ‘특허무효심결이 확정되면 법원도 이 심결에 구속된다’는 맞는 지문이지만 ‘권리범위확인심판이 확정되면 법원도 이 심결에 구속된다’는 틀린 지문인가요? 그리고, 리담 특허법 1070쪽에는 ‘기속력’, 도해 특허법 248쪽에는 ‘구속력’이라고 나오는데 같은 뜻이 맞겠죠? 감사드립니다!",1. 네 2. 네, ,,20.12.06
특허법,조문,136조,[136조] 정정심판이 대법원에 계속중일때 확정된경우,1.상고심계속중 정정심결이 확정되어도 정정 전 명도에의해 판결하여 기각되면 그대로 종료되고 2.상고심계속중 정정심결이 확정되어도 정정 전 명도에의해 판결하여 인용되어 파기환송하면 정정 후 명도로 무효사유여부를 검토하는건가요?,네. 그렇습니다. 검색해 보시면 강의자료를 올려놓은 것이 있으니 참조하세요., ,,20.12.09
특허법,조문,162조,[162조] 심결의 효력 관련 질문드립니다,"안녕하세요 변리사님 구글, 네이버 등에 검색해봐도 명쾌해지지 않는 부분이 있어 질문드립니다. 심결등본이 당사자 등에게 송달되어 심결이 성립하면 심결한 심판기관 자신도 내용을 철회하거나 변경하는 것이 허용되지 않는 걸 기속력이라고 하는데, 여기서 ‘송달되어’는 당사자가 받으면 그때부터 기속력이 생긴다는 말인지 심판원에서 당사자에게 보내면 그때부터 기속력이 생긴다는 말인지 궁금합니다. 민법은 도달주의 원칙이지만, 산재법에는 가끔 ‘발송시’를 기준으로 하는게 있어 헷갈려 여쭤보게 되었습니다. 감사합니다.",당사자가 받은 것으로 해석이 됩니다. 열공하세요~, ,,20.12.10
특허법,조문,163조,[163조] 동종심판 여부 질문,"안녕하세요 도해 14판249쪽은, 무효심판내 정정이 있는 경우 그 심결 확정후의 정정무효심판은 163에 의해 심결각하한다고 합니다. 그런데 2016후403은 동종절차가 아님을 근거로 정정무효심판을 163 적용없어 각하하지 않았습니다. 도해특허 내용은 심판실무내용이므로 판례를 중심으로 정리하면 되는지 궁금합니다. 감사합니다.","잘못 이해하고 있습니다. 2016후403의 정정심판은 무효심판과 비교하여 동일사실 및 동일증거에 의한 것이 아니기 때문에 일사부재리에 저촉되지 않습니다. 한편, 질문규칙에 맞지 않으니 다음부터는 찾아보지 않고 답변할 수 있도록 질문해 주세요.", ,,20.12.22
특허법,조문,136조,[136조] 136조 8항에 대해 질문드립니다.,"안녕하세요 변리사님, 특허법을 공부하면서 질문이 생겨 질문드립니다. 136조 8항에서, 특허권자는 전용실시권자, 통상실시권자, 직무발명에 대한 통상실시권자, 질권자의 동의를 얻어야 정정심판을 청구할 수 있다고 되어 있습니다. 이에 따라, 정정심판을 청구할 때 심판청구인(특허권자)는 위 사람들의 동의를 받은 동의서를 제출해야 한다고 알고 있습니다. 만약 특허권자가 위 동의를 얻지 않고(동의서를 제출하지 않고) 정정심판을 청구하게 되면, 심판장의 보정명령 절차 후 결정각하에 해당하는지, 아니면 심결각하에 해당하는지 궁금합니다.",결정각하됩니다., ,,20.12.23
특허법,조문,155조,[155조]참가,"변리사님 안녕하세요 155조 참가 조문에서 1항: 제 139조 제1항에 따라 심판을 청구할 수 있는 자는 심리가 종결될 때 까지 그 심판에 참가할 수 있다. 3항 심판의 결과에 대하여 이해관계를 가진 자는 심리가 종결될 떄까지 당사자의 어느 한쪽을 보조하기 위하여 그 심판에 참가할 수 있다. 1항에서 이야기하는 ""139조 1항에 따라 심판을 청구할 수 있는 자"" 는 139조에 1항에서 심판을 청구할 수 있는 자( 즉 당사자계 심판에서 청구인 적격이 있는 이해관계인이나 심사관)이라고 해석이 됩니다. 그렇다면 3항에서 ""이야기 하는 심판의 결과에 대하여 이해관계를 가진 자""와 1항에서 이야기하는 ""당사자계심판에서 청구인 적격이 있는 이해관계인""은 어떤 점에서 차이가 있나요..?",심결(심판의 결과)에 대한 이해관계 정도(A)의 수준이 당사적 적격에 대한 이해관계(B)보다 더 낮습니다. 그 결과 B 수준의 이해관계를 가진 자는 당사자 참가뿐만 아니라 보조참가도 할 수 있습니다., ,,20.12.31
특허법,조문,137조,[137조] 정정무효심판 -리담특허판례집 제5판,"질문이 있어 글 남깁니다. (질문양식에 맞춰 수정함) • 리담특허판례집 338쪽 333번 - 특허법 137조 제1항은 특허발명의 명세서 또는 도면의 정정이 같은 법 132조의2 제1항 또는 제136조 제1항의 규정에 위반된 경우에는 그 정정의 무효심판을 청구할 수 있다고 규정하고 있으므로, 가사 특허발명이 청구범위를 실질적으로 변경한 내용으로 정정된 것이라고 하더라도, 정정의 무효심판에서 그 위법여부를 다툴 수 있음은 변론으로 하고, 정정된 특허발명을 당연무효라고 할 수 없다 • 해당 판례 원문 - 구 특허법(2001. 2. 3. 법률 제6411호로 개정되기 전의 것) 제137조 제1항은 특허발명의 명세서 또는 도면의 정정이 같은 법 제136조 제1항 내지 제3항의 규정에 위반된 경우에는 그 정정의 무효심판을 청구할 수 있다고 규정하고 있으므로, 가사 특허발명이 특허청구범위를 실질적으로 변경한 내용으로 정정된 것이라고 하더라도, 정정의 무효심판에서 그 위법여부를 다툴 수 있음은 별론으로 하고, 정정된 특허발명을 당연무효라고 할 수 없다. • 특허법 제137조 제1항 - 이해관계인 또는 심사관은 제132조의3 제1항, 제133조의2 제1항, 제136조 제1항 또는 이 조 제3항에 따른 특허발명의 명세서 또는 도면에 대한 정정이 다음 각 호의 어느 하나의 규정을 위반한 경우에는 정정의 무효심판을 청구 할 수 있다. • 질문 - '132조의2 제1항'이 아닌 '132조의3 제1항 또는 133조의2 1항' 으로 변경해야 되는게 아닌지 궁금합니다. 미리 답변에 대한 감사의 마음 전합니다. 감사합니다","문의하신 내용을 살펴보니, 구법을 현재법으로 변환하는 과정에서 오류가 있었네요. 문의하신 내용대로 수정하겠습니다~ 감사합니다.", ,,21.01.01
특허법,문제,134조,[134조] 803번문제_연장등록무효심판의 소의이익,"안녕하세요. 803번 2번지문 문의드립니다. '연장등록무효심판은 특허권이 무효로 되어 소멸된 경우에도 청구가 가능하다' 특허권 존속기간이 연장된 경우에 있어서, 특허가 후발적무효로 될 시에도 연장등록무효심판의 청구가 불가한지 문의드립니다. 후발적 무효로 된 특허에 대해서는, 존속기간연장등록을 무효화함으로써 소급효 실익이 있지 않은가요? 확인 부탁드립니다. 감사합니다. 저작자 표시컨텐츠변경비영리","특허가 무효로 되면, 원래의 존속기간이 소급소멸하든지 장래를 향해 소멸하든지 상관없이 연장된 존속기간은 없어지기 때문에 무효심판을 청구할 이익이 없습니다.", ,,21.01.06
특허법,조문,136조,[136조] 2016후2522전합판결에 대해,2016후2522 전합 판결에 의해서 이 문제답도 x로 변경되는 것이 맞는지 궁금합니다.,네. 재심사유가 아니네요., ,,21.01.08
특허법,조문,155조,[155조] 참가 이해관계인,변리사님 안녕하세요 [2017후2819] 특허권의 실시권자가 특허권자로부터 권리의 대항을 받거나 받을 염려가 없다는 이유만으로 무효심판을 청구할 수 있는 이해관계가 소멸되었다고 볼 수 없다. 판례 마지막 부분만 인용했습니다. Q1. 위 판례에서 실시권자도 무효심판을 청구할 수 있는 이해관계인이라고 판시했는데요. 이 실시권자에 전용실시권자와 통상실시권자 모두 포함되는건가요? Q2. 그렇다면 실시권자(전용/통상)는 155조 1항에서 이야기하는 당사자참가인이 될 수 있는건가요? 항상 감사드립니다.,1. 네 2. 네. 청구인측에 당사자 참가인이 될 수 있습니다. 열공하세요~, ,,21.01.12
특허법,판례,136조,[136조] 2011후620 판례,,"안녕하세요. 해당 판례 중 '특허를 무효로 한다는 심결이 확정되었을 때에는 그 특허권은 처음부터 없었던 것으로 보게 되므로, 무효로 된 특허에 대한 정정의 무효를 구하는 심판은 그 정정의 대상이 없어지기게 된 결과 정정 자체의 무효를 구할 이익도 없어진다고 할 것이다.' 2011.6.30. 선고 2011후620 에서 소급효가 적용되는 무효로서 정정의 대상이 사라졌기 때문에 정정에 대한 심판(정정무효심판)을 청구할 이익이 없어졌다고 나와 있습니다. 15년도 기출 문제에서도 판례 지문과 동일하게 출제되었는데, 20번. ㄱ. 특허발명에 대한 정정무효심판청구가 기각되고 난 후 해당 기각 심결의 취소를 구하는 소송이 계속되던 중 그 특허발명에 대한 무효심결이 확정 되었을 경우, 위 정정무효심판의 기각 심결에 관한 소는 부적법하다. 여기서 '무효심결'이 확정되었다고만 언급하고, 위 판례와 같이 소멸효에 해당하는지 장래효에 해당하는지 언급이 되어 있지 않습니다. 그러나 문제를 풀 때에는 보기에 정답이 있어서 옳다고 체크를 하고 풀었습니다. 엄밀하게 따져보면(?) 소멸효를 전제로 옳다고 해야 하는 것이 맞나요?? 항상 감사합니다. 저작자 표시컨텐츠변경비영리", ,,21.01.14
특허법,조문,186조,[186조]무효심판 심결취소소송에서 새로운 무효사유 주장가부,"안녕하세요 변리사님! 등록무효심판 청구사건에 대한 심결취소소송에 있어서 심결취소소송의 심리범위에 제한을 두지 아니하여 심판절차에서 주장하지 아니한 새로운 무효사유에 관하여도 주장·입증할 수 있고 이에 대하여 심리·판단할 수 있는 점 등에 비추어 볼 때, 등록무효심판의 심결 후에 특허청구범위가 정정되었다고 하더라도 심결취소소송에서 특허법원이 정정된 특허청구범위를 심결의 기초로 하여 특허발명에 무효사유가 존재하는지 여부를 판단할 수 있다.(2005허10213) 일사부재리 원칙 위반을 이유로 등록무효 심판청구를 각하한 심결에 대한 취소소송에서 심결 시를 기준으로 동일 사실과 동일 증거를 제출한 것인지를 심리하여 일사부재리 원칙 위반 여부를 판단하여야 한다. 이때 심판청구인이 심판절차에서 주장하지 않은 새로운 등록무효 사유를 주장하는 것은 허용되지 않는다. 따라서 이러한 새로운 등록무효 사유의 주장을 이유로 각하 심결을 취소할 수 없고, 새로운 등록무효 사유에 대하여 판단할 수도 없다(2018후11360) 위 판례에서는 심결취소소송에서 새로운 무효사유를 주장이 가능하다 하고, 아래 판례에서는 불가능하다고 하는데 이러한 차이가 어떠한 이유에서 발생한 것인지 궁금합니다. 감사합니다!","2018후11360은 일사부재리 위반이라는 각하심결의 위법성 여부를 판단할 때 심결시까지 제출한 청구서를 토대로 동일사실 및 동일증거인지 여부를 판단한다는 것이고, 2005허10213은 본안심결의 위법성 여부를 판단할 때 무제한설에 의해 심판원에서 주장하지 않았던 무효사유도 주장할 수 있다는 것입니다. 즉, 2018후11360은 일사부재리 요건의 판단시점과 관련된 지문입니다. 제목이 규칙에 맞지 않으니 수정해 주세요~", ,,21.01.21
특허법,조문,132조의17,[132조의17] 거불복심판에서 거절이유통지와 의견서 제출기회,심사단계에서 거절이유통지하고 의견서제출기회를 주었다고해서 심판단계에서 동일한 거절이유더라도 그 거절이유가 심사단계의 거절결정의 이유가 아니라면 다시 의견서 제출기회를 주어야하는건가요??,실질적인 대응 기회를 주었기 때문에 다시 주지 않아도 됩니다., ,,21.01.25
특허법,조문,170조,[170조] 거절결정불복심판 청구 내 보정에 대한 거절이유 통지,"안녕하세요. 상표 최신판례 2017후1779 판결을 공부하면서 특허법 170조에서 준용하는 거절결정불복심판 청구에서의 보정에 대한 거절이유 통지에 대해 제가 잘못 생각하는 부분이 있는 것 같아 질문드립니다. 해당 상표 판례를 특허에 대입하여 질문을 드리자면, 특허출원 A,B/A,B,C (청구범위/발명의설명) 발명의 설명 중 A가 신규성 위반으로 최초거절이유통지를 받고, 출원인이 이에 대한 삭제보정을 한 후, 이와 다른 거절이유를 발견하고, 이에 대해 거절이유통지 후 최종적으로 거절결정을 하고(해당 A와 관련된 부분은 거절이유가 해소되었다고 가정), 거절결정불복심판 청구를 하고 해당 A를 추가하는 보정을 한다면 심사단계에서의 거절결정이유와 다르다 하더라도 이미 특허출원인에게 의견서제출기회를 주었기 때문에 바로 거절결정을 해야 한다고 생각했습니다.(해당 판례를 보기 전만 하더라도....) 그런데 위 판례를 보고 제가 아래 두 가지 이유와 관련하여 혼동이 옵니다.. 1. 상표 최신판례와 같이 심판단계에서 심사단계에서의 거절결정이유와 다른 거절이유가 있다면, 심사단계에서 이미 의견서 제출기회를 주었더라도 다시 의견서제출기회를 주나요? 2. 170조 2항과 관련해서 '거절결정불복심판 단계에서 준용하는 63조는 특허거절결정의 이유와 다른 거절이유를 발견한 경우에만 적용한다'는 것은 상표 최신판례와 같은 취지의 법조문인가요?? 항상 감사합니다. 저작자 표시컨텐츠변경비영리","1. 판결을 살펴보면 다시 의견제출기회를 주어야 한다는 내용이네요. 2. 원거절이유가 해소되었음을 전제로 새로운 거절이유를 검토한다는 것은 법 제170조제2항의 내용이고, 판결과 부합되는 부분이네요. 다만, 문의하신 사실관계는 A를 추가하는 보정이 청구범위의 확장이므로 인정될 수 없고, 따라서 전제조건이 잘못되었습니다. 열공하세요~", ,,21.01.28
특허법,판례,135조,[135조]적극적 권리범위확인심판에서 양 발명의 동일성 관련 판례,"안녕하십니까! 리담특허법 판례 251페이지 비고의 판례입니다. <이 경우 확인대상발명과 피심판청구인이 실시하고 있는 발명의 동일성은 피심판청구인이 확인대상발명을 실시하고 있는지 여부라는 사실확정에 관한 것이므로 이들 발명이 사실적 관점에서 같다고 보이는 경우에 한하여 그 동일성을 인정해야 하며(2011후2626), 요지가 동일하여 균등관계에 있다고 할지라도 확인대상발명이 특정되었다고 볼 수 없다(94후2247)> 여기서 사실적 관점에서 같은 것과 요지가 동일하여 균등관계에 있는것을 다르게 보는 것 같은데, 그 둘이 문언적, 내재적, 실질적 동일성과 관련해서 어떤 차이가 있는건가요??",특허요건에서의 동일성과 관점이 다른 개념입니다. 사실적 관점에서 동일은 실시하고 있는 그대로 특정하라는 의미입니다. 열공하세요, ,,21.02.01
특허법,문제,136조,[136조] 정정심판,"안녕하세요 변리사님 객관식 843쪽에서, ㄱ에서 후발적 무효심결이 확정된 것이라면 정정무효심판 기각심결에 관한 소가 부적법하지 않지 않나요? 감사합니다",네. 그렇습니다. 소급효인 경우 부적법합니다. 열공하세요~,"감사합니다.! 그런데 ㄱ은 옳은 지문인데, 그렇다면 판례 문구 그대로이기 때문에 후발적 무효를 생각할 필요 없이 저대로 나오면 맞는 지문으로 처리하면 될까요?","사실 정확히 옳은 지문인 아닌데, 상대적으로 문제풀이를 해야 하다 보니, 옳은 지문으로 처리된 것입니다.",21.02.05
특허법,문제,135조,[135조] 권리범위확인심판 확인대상발명 특정,"임변리사님 안녕하세요? 권리범위확인심판에서 확인대상발명 특정 관련해 질문이 있습니다. 리담객 기출문제를 풀다가, 815쪽 12년 기출문제 2번 선지는 <확인대상발명 설명서에 특허발명의 구성요소와 대응하는 구체적인 구성이 일부 기재되어 있지 않거나 불명확한 부분이 있다면, 나머지 구성만으로 확인대상발명이 특허발명의 권리범위에 속하는지 여부를 판단할 수 있더라도 확인대상발명은 특정되어 있다고 볼 수 없다.> -> 틀린 지문 (즉 특정되어 있다) 822쪽 16년 기출문제 2번 선지는 <확인대상발명의 특정에 미흡함이 있다면 심판의 심결이 확정되더라도 일사부재리의 효력이 미치는 범위가 명확하다고 할 수 없으므로 나머지 구성만으로 확인대상발명이 특허발명의 권리범위에 속하는지 여부를 판단할 수 있는 경우라 하더라도 심판청구를 각하해야 한다.> -> 옳은 지문 두 문장을 아무리 비교해 읽어봐도 왜 두 경우가 다른 결론이 나오는지 모르겠습니다... 첫 문장에서는 해설에 독립항 종속항 이야기가 있던데,, 어떻게 이해해야 좋을까요? 답변 부탁드리겠습니다. 감사합니다!","글 815p, 2번 선지는 청구원인으로서 특정이고, 822p, 2번 선지는 청구취지로서 특정입니다. 청구원인으로서 특정은 대비가능하도록 특정을 말하는 것이고, 청구취지로서의 특정은 사회통념상 다른 것과 구별되도록 특정을 말하는 것입니다. 청구취지로서의 특정되어야 하는 이유가 일사부재리의 효력의 미치는 범위를 명확히 하기 위함이고, 청구원인으로서 특정되어야 하는 이유는 권리범위의 판단이 되어야 하기 때문입니다. 이런 관점에서 다시 읽어보시면 이해가 될 것입니다. 열공하세요~", ,,21.02.06
특허법,조문,136조,[136조] 정정심판,"제136조 2항에서 정정심판의 청구시기를 제한하고 있는데, 제136조 2항 1호 단서에서는 대법원단계는 법률심이므로 사실심 변종시까지만 정정심을 허용하고 있는데, 제136조 2항 2호를 보면 해석상 대법원 단계에서도 정정심판 청구가 허용될 것으로 보이는데 이러한 차이가 생기는 이유가 궁금합니다. 그리고 만약 취소심이 계속 중인 상태에서 무효심이 상고심 계속중이면 정정심판은 136조2항 1호 단서에 의해 청구 불가하다고 봐야할 지도 궁금합니다. 감사합니다.","1. 특허법원의 심리범위가 무제한설이기 때문에, 대법원 단계에서도 이를 고칠 기회를 주는 것이 맞다는 것이 그 취지입니다. 다만, 최근의 2522 전합 판결에 이를 고치는 것이 판결의 위법성 판단에 영향을 미치지 않습니다. 2. 네. 해석상 청구불가이네요. 열공하세요", ,,21.02.06
특허법,조문,135조,[135조] 확인대상발명의 특정정도,판례강의 교재 213페이지의 [3]의 특허권의 권리범위확인심판을 청구하기 위한 요건으로서 심판청구의 대상이 되는 확인대상발명의 특정정도에서 ‘서로 대비할 수 있을 만큼’이라고 기재되어있는데 이때 청구취지로서의 특정은 만족하였다는 전제하에 기재되어있는 것인가요?,청구취지로서 특정이 안 되었다면 청구원인으로서 특정은 살펴볼 필요도 없이 각하됩니다., ,,21.02.07
특허법,조문,132조의17,[132조의17] 거불복심판에서 의견서제출기회,상표 최신판례에서는 심사단계에서 거절이유 통지하고 의견서 제출기회 주었어도 거절결정에 관련된 사항이 아니면 심판에서는 다시 한번 거절이유 통지하고 의견서제출기회 주어야 한다고 되어있는데 특허도 똑같나요??,"네. 그렇습니다. 상표법의 최신 판례를 그대로 적용해야 할 것 같네요. 특허법으로 변환해서 얘기하면 법 제170조 제2항의 ""다른 거절이유를 발견한 경우""에 해당하기 때문에 거절이유통지를 해야 한다는 것입니다. 판례는 법170조제2항을 문언 그대로 해석해야 한다는 것이 그 요지입니다. 열공하세요~", ,,21.02.10
특허법,조문,136조,[136조],"안녕하세요? 저 동그라미 부분이요, 대법원에서 기각 판결이 나면 심판원으로 되돌아가기 때문에 심판원에 되돌아 온 이후 정정 후 명도로 판단한다는 말인가요? 대법원에서 파기환송이 되면 그 전심인 특허법원으로 돌아가는 것은 알겠는데 저 두 경우 대법원에서 기각심결이 나면 왜 전심인 특허법원으로 돌아가지 않고 심판원으로 돌아가나요? 저 두가지 경우는 왜 기각 확정이 안난것인지 궁금합니다.","특허법원에서 취소환송한다는 판결이 대법원에서 유지되었으니, 심판원으로 되돌아가는 것입니다. 열공하세요~", ,,21.02.11
특허법,조문,135조,135조 권리범위확인심판 심리범위,"안녕하세요 변리사님. 135조 심리범위에 대해 실시권,권리소진,권리남용의 항변은 안되고 96조 등의 효력제한 사유는 주장이 가능하다 배웠습니다. 그런데 이해가 안가는 부분이 실시권,권리소진 등 항변이 안되는 취지(이유?)가 권리범위확인 심판의 법정성질이 사실관계 확정이 아니라 특허권의 권리범위가 대상물과의 관계에서 구체적으로 효력이 미치는지의 권리관계 확정이여서 대세적 관계가 아닌 대인적 효력 제한사유 같은 실시권,권리소진 등의 항변은 판단하지 않는 걸로 알고 있습니다. 그런데 96조 효력제한 사유도 예를 들어 연구개발 같은 것은 개인적인 제한 사유의 주장인데 실시가 특허권 권리범위에 해당하는지를 판단하는 권범심 성질에 비추어보면 권리소진처럼 효력제한 사유를 판단 못하는 것 아닌가 질문드립니다. 미리 답변 감사드립니다. 저작자 표시컨텐츠변경비영리","대인적 제한과 대물적 제한의 개념을 모르고 있습니다. 대물적 제한은 행위 자체의 제한으로 주체가 누구인지 상관없이 효력범위가 제한되는 것이고, 대인적 제한은 동일한 행위를 했더라도 주체가 누구이냐 여부에 따라 침해 여부가 갈리는 것을 말합니다. 열공하세요~",이해되었습니다! 감사합니다. 혹시 저런 법률의 의한 제한사유를 권범심에서 판단한 판례는 없을까요? 아무리 찾아봐도 없는거 같더라구요..,특허법원 2008. 12. 30. 선고 2008허4936 기본서 찾아보시면 있습니다.,21.04.18
특허법,조문,159조,[159]직권심리의 CASE에 대한 강의내용에 관한 질문,"항상 좋은 강의 잘 듣고 있습니다! 72강 강의 중 직권심리의 CASE에 대한 강의노트 설명 중 의문이 있어 질문드립니다. 아래 1항 2항 4항에 대한 직권 심리 예시들 중 1,2항과 같은 직권 심리는 159조 1항에 위반되고 4항 같은 경우는 159조 2항에 위반된다고 설명을 해주셨는데 이 청구의 취지가 ""제1항 내지 제3항은 무효이다""이므로 ""제1항이 제42조제8항 위반이다.""라는 직권 심리는 청구인이 신청한 무효라는 취지가 아닌 거절이유라는 취지에 대한 심리라는 이유로 159조 2항을 위반한 것으로 볼수는 없는지 궁금합니다.","다른 무효사유는 신청하지 않은 이유에 해당하는 것이지, 취지에 해당하지 않습니다.", ,,21.04.28
특허법,조문,135조,"[97조,135조] 권리범위 확인심판에서의 항변","변리사님 안녕하세요! 특허권의 효력의 제한과 균등론에서의 4요건인 특별한 사정이 없을것에 대해 조금 헷갈리는것같아 질문 드립니다. 특허권의 효력의 제한 중 법률의 제한(96,81-3,181)/특허권하자에 의한제한(동일성 실 기)/자유기술에의한 제한 등이 있었습니다. 그런데 균등론에서 4요건인 특별한사정이 있는것에 대해 피의자가 항변할수 있다고 하셨습니다. 1. 그러면 효력의 제한 중 출원경과참작의 원칙 또한 특허권의 효력의 제한에 포함되는것으로 보아도 될지, 2. 권리범위 확인심판의 표에 출원경과참작의 원칙도 포함된다고 생각해도 될지(인정,인정 으로)가 궁금합니다. 감사합니다!","1. 네. 포함됩니다. 다만, 보호범위판단 중 특허발명의 특정이나 특허발명의 실시인지 여부를 판단할 때 검토합니다. 2. 네. 포함됩니다. 보호범위판단의 카테고리 안에서 검토하는 것이니까요. 열공하세요~", ,,21.05.08
특허법,조문,133조,133조 독립항에 대해 무효심결 확정,안녕하세요 변리사님. 1. 독립항과 종속항이 있는 청구범위에 대해서 후에 독립항만 무효로 소멸하면 종속항은 '그 때'부터는 종속항이 아닌 독립항이 되는건가요? 2. 독립항이 무효로 되면 종속항에서 인용하고 있는 문구를 독립항 식으로 고쳐진걸로 바뀌어서 명세서 공개되나요? 예를들어 독립항이 A+B이고 종속항이 1항에 있어서 C를 부가한 발명이라고 하면 독립항 무효되면 '1항에 있어서'라는 문구를 없애고 A+B+C라고 특허청(?)쪽에서 바꿔서 공개하나요? 아니면 무효심판절차들이 다 공개되니 굳이 안고치고 명세서 찾아보는 사람이 알아서 보고 판단하는건가요? 매번 답변 감사드립니다!,1.2. 정정청구나 정정심판을 하지 않으면 법 제42조제4항제2호 위반의 무효사유가 존재합니다., ,,21.05.10
특허법,조문,140조,[140조] 책 내용 중 중복심판청구의 금지 질문,"아직 제가 중복심판청구의 금지 부분을 공부하지 못했고, 71강에 심판의 청구 강의를 들었는데요. 71강 57분부터 변리사님이 ""권리범위심판과 관련된 판례가 있는데, 적극적 권리범위 심판과 소극적 권리범위 심판을 동일 심판으로 보고 있습니다."" 라고 말씀해주셨는데, 책 1050페이지에는 '적극적 권리범위확인심판과 소극적 권리범위확인심판이 동일한 심판이라고 할 수 없다'고 기술이 되어있습니다. 판례와 원칙이 다른 부분인가요??","일사부재리의 원칙에서는 동일심판으로 보고 있고, 중복심판청구금지의 원칙에서는 동일심판으로 보고 있지 않습니다. 열공하세요~", ,,21.05.16
특허법,조문,135조,135조 권리범위확인심판 질문,안녕하세요 질문드립니다. 1. 확인대상발명을 현재 실시하고 있지 않더라도 과거 실시했다면 적극적 권리범위 확인심판에서 확인의 이익이 있다 2. 피청구인이 실시하지 않고 있는 물품을 대상으로 한 적극적 권범확 청구는 확인의 이익이 없어 심결 각하된다 이 두 지문이 모두 맞는 지문이네요. 제가 생각할때는 두 지문이 배치되는 것 같아서요 제가 어떤 점을 잘못 생각하고 있는 걸까요?,"1. 과거의 이해관계도 포함된다는 것입니다. 2. 미래의 이해관계는 포함되지 않는다는 것입니다. 다만, 2번의 경우 피청구인이 (실시한 적이 없고), 실시하지 않는 물품...이라고 표현하는 것이 정확한 표현이라고 할 수 있습니다.", ,,21.05.17
특허법,조문,135조,[135조] 청구원인으로서 특정 심결각하,안녕하세요 변리사님 청구취지로서 특정이 명확하다면 일사부재리 효과가 미치기 때문에 청구원인으로서 특정이 불명확하더라도 각하심결하지 않고 본안심결이 가능하다고 판례에 나와있는데 필기노트 p491 도표에 보면 대비 가능할 정도 특정이 안될시 아래 화살표로 심결각하라고 되어 있습니다. 청구원인으로서의 특정 역시 적법성 심리이기 때문에 이론상 심결각하해야 하지만 판례는 심결각하하지 말고 본안심리 해주라고 한다 이렇게 이해하면 될까요?,"대응되는 구성요소가 없으면 청구원인으로 특정이 안되면 심결각하하는 것이 맞지만, 독립항과 종속항의 관계에서는 독립항의 권리범위에 속하지 않는다면 종속항의 대등되는 구성요소가 없더라도 권리범위에 속하지 않는다는 심결을 할 수 있다고 이해하는 것이 맞습니다.", ,,21.05.18
특허법,조문,136조,[136조] 10항 해석 및 판례 관련,"안녕하세요? 136조 관해서 간단한 질문이 있어 글을 쓰게 되었습니다. 10항 (소급효) 에 따르면 정정 심결이 확정된 경우 그 정정 후의 명세서 또는 도면에 따라 1 특허출원 2 출원공개 3특허결정 또는 심결 4 특허권의 설정등록이 된 것으로 보는데요 2011후620판결(+기출)을 설명하시면서 조약우주의 기초가 되는 최명도는 정정 후 범위에 포함되지 않는다고 하셨습니다. 10항에 따르면 특허출원 시의 명세서와 도면 (저는 이게 최명도라고 이해했습니다.) 도 정정된 것으로 봐야할 것 같은데, 제가 어디서 헷갈렸는지 궁금합니다. 미리 감사드립니다!","전혀 잘못 이해하고 있습니다. 조약우주의 기초 출원은 최명도를 기준으로 하기 때문에, 정정이 영향을 미치지 않는다는 것이 요지입니다. 즉, 최초란 단어가 있으면 등록 전 보정이나 등록 후 정정이 있더라도, 이와 상관없이 출원할 때 처음으로 첨부된 것으로 기준으로 한다는 의미입니다. 열공하세요~", ,,21.05.24
특허법,조문,138조,[138조] 통상실시권 허락의 심판,"138조 2항에서 일반적인 경우에 통실허 심판을 청구한 특허발명이 그 이전의 특허발명과 비교하여 ‘중요한 기술적 진보’가 있지 않으면 통상실시권을 허락해서는 안 된다고 되어있는데요, 138조3항 cross-license의 경우에는 조문에 그런 말이 없어서 ‘중요한 기술적 진보’가 있는지 여부는 고려 안 해도 되는 것인가요? 그리고 이 둘을 구별하여 정확히 정리할 필요성이 있을까요? 감사합니다!",네. 요건이 완전히 다릅니다., ,,21.05.26
특허법,조문,136조,[136조] 정정의 대상,안녕하세요. 정정심판청구를 할 때 한 청구항 내에서 수개의 정정이 이뤄지는 경우 모든 정정 사항이 전부 제136조1항 각호의 정정대상이 되어야만 하는건지 궁금합니다. (Ex. 1항에서 약리기전부가 정정과 의약용도한정하는 정정이 함께 이루어지는 경우 정정대상 해당해 실확변 요건 등 따져 인용심결가능한지 혹은 정정대상 해당되지않아 기각심결돼야 하는지) 감사합니다.,네. 그렇습니다. 청구항 자체가 법 제136조 제1항 각호에 해당해야 합니다. 열공하세요~, ,,21.06.24
특허법,조문,142조,[142조]심결각하,"안녕하세요. 권리대권리간 적극적 권리범위확인심판이라는 이유로 각하하고자 할 때 보정으로 하자 치유 불가하여 별도 의견제출기회없이 제142조에 따라 바로 각하가능하다고 보아야 할 지, 아니면 제159조 2항에 따라 의견제출기회를 부여해야하는 지 궁금합니다. 감사합니다","권리대권리 간의 적극적이 이용관계인지 아니면 저촉관계인지 확인은 본안심리하는 과정에서 이루어지기 때문에, 답변서 제출기회를 준 후 심결각하됩니다. 참고로 답변서 제출기회는 법 제147조제1항에 의한 것으로 법 제159조의 의견제출기회와 다른 개념입니다. 열공하세요~", ,,21.06.24
특허법,조문,135조,[135조] 권리범위확인심판의 심결 내용,"리담 특허법 1159pg 4-(1) 심결 내용의 본문에는 "" 심판청구의 이유가 타당하지 않다고 인정된 때에는 기각심결을 하여야 하며, 청구 취지에 반하는 심결을 해서는 아니 된다. 예를 들어 심판청구인이 소극적 권리범위확인 심판을 청구한 경우에 확인대상발명이 상대방의 권리범위에 속한다고 심결함은 심판청구인이 신청하지 아니한 청구를 심결한 것이어서 위법하다."" 라고 써 있었습니다. 그렇다면 소극적 권리범위 확인 심판에서 기각심결이 확정된 경우 이는 '해당 실시가 권리범위에 속한다'가 아니라 그저 해당 심판 청구의 이유가 타당하지 않다를 의미하는 건가요? 아니면 '해당 실시가 권리범위에 속한다""라는 의미이지만 그저 심결문에 그렇게 표현을 하면 안되는 건가요?",심판 청구의 이유가 타당하지 않다라고 표현해야 한다는 것입니다. 결국 반대해석하면 권리범위에 속한다는 의미가 될 것입니다. 열공하세요~, ,,21.06.24
특허법,조문,136조,[136조] 정정심판,"정정심판과 특허취소신청, 특허무효심판의 관계에 대한 설명에서 강의노트 507pg를 살펴보면 정정심판에 대한 인용심결이 확정된 경우 특허법원에 특허취소 신청이 계속 중인 경우에는 취소환송이 된다고 써있습니다. 그렇다면 이에 대한 심리를 정정 전 명.도를 가지고 하여 인용심결이 될 때만 취소환송을 하는 것인지 아니면 다른 사유를 통해 ex)민사소송법 451조 1항 9호(특허취소결정 또는 심결에 영향을 미칠 중요한 사항에 관하여 판단을 누락한 때), 아니면 정정이 있었다는 사살 자체로 그냥 인용심결 후 취소환송되는지 궁금합니다. 저작자 표시컨텐츠변경비영리","정정의 소급효로 판단의 대상이 정정후 명도로 바뀌었기 때문에, 다리 심리하라고 심판원으로 되돌려 보내는 것입니다. 열공하세요", ,,21.06.27
특허법,조문,159조1항,"159조 1항, 135조",1. 당사자 또는 참가인이 신청하지 아니한 이유로 심리할 때는 당사자 또는 참가인에게 의견 진술 기회를 줘야 하는 이유가 당사자 또는 참가인이 모르는 사이에 불리한 자료가 심판관에게 모아지기 때문이라고 하는데 오히려 직권심리를 하면 당사자 또는 참가인에게 이득이 되는 상황이니 의견 진술 기회를 부여하지 않아도 상관없는거 아닌가요? 당사자 또는 참가인의 목적은 결국 특허를 무효로 만드는 것인데 본인들이 청구한 이유로 무효가 되었건 심판관이 직권으로 심리한 이유로 무효가 되었건 결국 무효가 되는건 똑같은데 당사자 또는 참가인에게 어떠한 점이 불리하게 작용하는지 잘 모르겠습니다. 2. 특허권자(원고)가 이해관계인(피고) 현재 실시제품에 대해서는 침해를 주장하지만 피고가 실시할 계획이라고 주장하는 확인대상발명에 대해서는 침해를 주장한 적이 없고 주장할 의사가 없다고 진술하면 권리범위확인심판청구의 이익이 없다고 나와있습니다. 그런데 확인대상발명에 대해서만 침해를 주장하지 않았을 뿐 현재의 실시제품 관련해서는 침해를 주장했기 때문에 피고가 현재 실시하고 있는 이해관계인이라고 볼 수 있어서 심판청구의 이익이 있는거 아닌가요?,"1. 당사자는 심판청구인뿐만 아니라 피청구인(특허권자)도 포함되는 개념이고, 참가인도 피참가인측에 참가할 수 있습니다. 2. 확인대상발명의 설명서 또는 도면에 기재된 발명에 대해 이해관계가 있는지 판단합니다. 열공하세요~", ,,21.06.28
특허법,조문,139조,139조] 공동심판에서의 당사자적격,"139조 1항을 보면 동일한 특허권에 관하여 제133조제1항, 제134조제1항ㆍ제2항 또는 제137조제1항의 무효심판이나 제135조제1항ㆍ제2항의 권리범위 확인심판을 청구하는 자가 2인 이상이면 모두가 공동으로 심판을 청구할 수 있다. 1. 여기서 135조 1항은 적극적 권리범위확인심판이라서 청구인이 특허권자, 전용실시권자인데 이경우에도 공동으로 심판을 청구할 수 있는거 맞죠??? 2. 만약 청구할 수 있으면 139조 3항의 예외로 보면 되나요?? 139조 1항에서 다른 청구인은 전부다 이해관계인이고 강의중에서도 139조 1항 설명할때 이해관계인이 공동으로 심판을 청구할 수 있다고 하셔서 135조 1항은 청구인이 달라서 계속 궁금하다 질문남깁니다.","1.2. 법 제139조 제3항은 공유인 경우이고, 법 제139조 제1항의 경우는 특허권자, 전용권자가 공동으로 한 경우로서 그 내용을 달리합니다. 열공하세요~", ,,21.06.30
특허법,조문,135조,"135조, 129조] 권리범위확인심판 중 특허발명이 제법발명인 경우","리담특허법 19판 p.1143에 “따라서 특허권자는 *물건*이 출원 전에 공지되지 않았다면 확인대상발명의 물건이 특허된 제법발명에 의해 생산된 것이라는 것을 입증할 필요없이 1) 특허된 제법발명에 의해 생산된 물건이 출원 전 공지되지 않았다는 점, 2) 확인대상발명의 물건이 구성완비의 원칙, 균등론에 의해 특허된 제법발명에 의해 생산된 물건의 실시라는 점을 입증하면 된다.” 라는 문장이 있습니다. Q1) *물건*이 특허발명에 의해 생산된 물건인지, 확인대상발명에 의해 생산된 물건인지 궁금합니다. Q2) 2)번 문장이 이해가 잘 되지 않습니다. 일반적인 흐름으로 이해했을 때, 확인대상발명에 의해 생산된 물건이 특허발명에 의해 생산된 물건의 권리범위에만 속하면 된다고 생각하는데 저 문장을 해석하면 특허발명에 의해 생산된 물건이 확인대상발명에 의해 생산된 물건의 제조장치이다? 정도인 것 같은데 전반적인 이해가 부족한 것 같습니다. Q3) 문장에 대한 전반적인 질문입니다. 왜 특허권자가 A를 입증할 필요 없이 1), 2)를 입증하면 되는지 잘 모르겠습니다.","1. 특허발명에 의해 생산된 물건입니다. 2. 특허발명에 의해 생산된 물건과 확인대상발명에 의해 생산된 물건을 비교하여, AER, 균등론이 적용되어야만 권리범위에 속하게 됩니다. 이를 표현한 것입니다. 3. A가 무엇인지 모르겠네요. 한편, 1), 2)만 입증하면 되는 것은 특허된 방법으로 생산된 것으로 추정되기 때문입니다. 열공하세요~", ,,21.07.01
특허법,조문,136조,[136조] 사실심 변론종결 후 정정심판 인용심결확정 전원합의체 판결 질문드립니다.,[136조] 사실심 변론종결 후 정정심판 인용심결확정 전원 안녕하십니까 필기노트 p510에 있는 표에 대해 질문드립니다. 아래 사진 첨부하였습니다. 위에서부터 1번으로 번호를 매겨서 아래 8번까지 있다고 볼 때 4번에 대한 질문이 있습니다. 6번부터 8번은 1번부터 4번을 반대로 뒤집은 것이라 똑같다고 생각했습니다. 1번부터 4번을 살펴보면 1번의 경우 : 대법원에서 정정 전 명도로 특허법원의 기각판결이 위법한지 판단 -> 위법하지 않아 기각판결 -> 기각확정 (단 특허권의 범위는 정정후 명도) 2번의 경우 : 대법원에서 정정 전 명도로 특허법원의 기각판결이 위법한지 판단 -> 위법하여 파기환송 -> 특허법원에서 정정 후 명도로 심리 3번의 경우 : 특허법원에서 정정 전 명도로 심판원의 기각심결이 위법한지 판단 -> 위법하여 취소환송 -> 심판원에서 정정 전??/후??(도표상 정정후란 박스 없으니까 정정전 명도라고 판단했습니다) 명도로 심리 -> 인용심결(특허무효) -> 특허권자가 대법원에 상고 -> 대법원에서 정정 전 명도로 특허법원의 인용판결 위법한지 판단 -> 위법하여 파기환송 -> 특허법원에서 정정후 명도로 심리 4번의 경우 : 특허법원에서 정정 전 명도로 심판원의 기각심결이 위법한지 판단 -> 위법하여 취소환송 -> 심판원에서 정전 전??/후??(도표상 정정후란 박스가 있는데 3번과 같이 정정 전이어야 하는게 아닌가 생각했습니다. 혹은 3번도 정정후인가?라는 생각을 했습니다) 명도로 심리 -> 인용심결(특허무효) -> 특허권자가 대법원에 상고 -> 대법원에서 정정 전 명도로 특허법원의 인용판결 위법한지 판단 -> 위법하지 않아 기각판결 -> 기각확정??(대법원에서 최종판결이 났으니까 1번처럼 기각확정이라고 오른쪽에 박스가 있어야하지 않나?라고 생각했습니다) 굵은 글씨+밑줄 그어진 세 부분에 대한 질문 드립니다. [질문1] 첫번째 밑줄 : 정정 전인지 후인지? 저는 개인적으로 사실심 변론종결 후 정정심판이 확정되어 정정 전이라고 판단했습니다. [질문2] 두번째 밑줄 : 정정 전인지 후인지? 3번과 4번이 같아야 하는게 아닌지? 저는 3번과 같아야 하는 것 같아 정정 전이라고 생각했습니다. 왜 심판원에 계속 중인 때 옆에 '정정후 명도 의해 심리' 박스가 들어가 있는지 모르겠습니다. [질문3] 세번째 밑줄 : 1번과 같이 4번에도 '상고기각확정'박스가 들어가야 하지 않는지? 에 대해 질문드립니다. 감사합니다. 합의체 판결 질문드립니다.,"1. 완전히 잘못 이해하고 있습니다. 심판원 기각-특허법원 인용-대법원 인용-다시 특허법원에서 정정후 명도에 의해 심리가 됩니다. 2.3.도 마찬가지입니다. 특허법원에서 인용판결(취소환송)이 내려지더라고 대법원에 상고하면, 대법원에서 판결이 확정되기 전까지 특허심판원으로 환송되지 않습니다. 열공하세요~", ,,21.07.01
특허법,조문,135조,[135조] 권리범위확인심판 판단시점 관련,허가등에의한 존속 기간 연장등록이 된 특허의 경우 심결시 가 언제냐에 따라 보호범위 판단을 95 조에 의할지 97조에 의할지 달라지나요? 침해소송은 침해기간 나눠 판결이 날텐데 권범심은 속부판단만 하므로 어떻게 판단이 되는지 혼란스러워 잘문드립니다,"아직 이와 관련된 판례는 없지만, 시기적 요건을 고려해 보면 심판청구시 당시 계속중인 특허의 권리범위에 속하는지 여부를 판단함이 타당합니다. 즉, 원래의 존속기간 중 청구한 것이라면 법 제97조에 의해, 연장된 존속기간 중 처구한 것이라면 법 제95조에 의해 판단합니다. 열공하세요~", ,,21.07.01
특허법,조문,135조,[135조] 확인대상발명의 특정 정도,"p. 497의 위 그림에서는 사회통념상 구별 가능하고(청구취지로서의 특정), 대비가능할 정도로 특정되어야만(청구원인으로서의 특정) 본안심결이 가능하다고 되어있는데, p.496에는 청구취지로서의 특정이 명확하다면 청구원인으로서의 특정이 불명확하더라도 본안심결이 가능하다고 기재되어있습니다. 위 두 페이지의 내용이 말하는 결론이 약간은 다른 것 같은데 둘 중 어느 내용이 맞는지 궁금합니다.","독립항과 종속항의 관계에서는, 종속항의 대응구성요소가 없더라도(청구원인으로서 특정이 불명확), 독리항의 권리범위에 속하지 않으면 종속항의 권리범위에 속하지 않기 때문에(대비 가능), 본안심결을 할 수 있습니다. 열공하세요~", ,,21.07.03
특허법,조문,140조,[140조] 특허발명이 제법발명인 경우,"140조 3항 확인대상 발명 특정 관련 논점에서 2003후2164 판례는 특허발명이 제법이고 확인대상 발명이 물건인 경우에, '특정한 생산방법에 의하여 생산한 물건'을 특정하여 청구 가능하다 했는데요 이경우 생산방법의 추정(129조)을 적용할 여지가 있는지? 아니면 129조는 본안판단에서만 적용될 수 있는 것인지? 의문이 든 이유가 권범심에서는 결국 확대발 특정시 생산방법을 설명서에 기재해야 하는데 본안 판단에서만 129조 추정 가능하면 사실상 129조가 의미가 없는 것이 아닌가 해서 질문드립니다.","물건이 출원전에 공지되지 않았다면 제129조가 적용되고, 이때에는 생산방법을 기재하지 않아도 됩니다. 리담특허법의 권리범위확인심판 파트에 관련내용이 있으니 읽어 보세요.", ,,21.07.04
특허법,조문,133조,133조] 손해배상청구 인용판결 후 무효심결 확정된 경우,"특허권에 기한 손해배상청구 인용판결후, 무효심결 확정된 경우에 재심으로 손해배상 청구를 뒤집을 수 있을지 자체가 문제가 될 수 있나요? 종래는 당연히 된다고 생각했었는데, 최근 2016후2522 전원합의체 판례에서 정정심판의 경우 재심사유 안된다는 판례가 나와서 무효심판의 경우에도 재심사유가 될 수 없다는 논의가 있는 것인지 궁금합니다.",논의는 없습니다. 재심사유에 해당합니다. 열공하세요~, ,,21.07.04
특허법,조문,136조,[136조] 2016후2522 전합 판결,"p.516에서의 그림은 사실심 변론종결 후 정정심판의 인용심결확정 시점이 상고 이전인데, p.513에서의 그림은 사실심 변론종결 후 정정심판의 인용심결확정 시점이 상고 이후입니다. ^사실심 변론종결 후^ 라는 표현에서 상고 이후가 되어야 하는게 맞는 것 같은데 p.516에서 사실심 변론종결 후 정정심판의 인용심결확정 시점이 상고 이전이 될 수 있는 이유가 궁금합니다. 또한, p.516 에서 정정 전 명도에 의해 판결의 법률 위반 심리 시점 과 상고 시점이 동일한데 이 이유 또한 궁금합니다.",1. 특허법원의 사실심 변론종결후 인용심결이 확정된 경우를 전제로 하는 판결입니다. 참고로 대법원에서는 사실심리를 하지 않습니다. 2. 대법원에서는 사실심 변론종결후 인용심결이 확정되었다면 정정전 명도에 의해 심리를 한다는 의미입니다. 열공하세요~, ,,21.07.06
특허법,조문,163조,[163조] 일사부재리의 동일 증거,"일시부재리 동일증거 판단시 전 심판이 심취소 까지 간 경우, 심판이나 심취소에서 제출된 증거라면 전심에서 판단된 증거라고 볼 수 있나요? 아니면 심취소에서만 제출된 증거는 동일 증거로 치지 않는 건가요? 저작자 표시컨텐츠변경비영리",동일증거라고 봐야 합니다. 그래야 모순저촉을 피한다는 일사부재리 원칙의 취지에 부합하기 때문입니다. 열공하세요~, ,,21.07.12
특허법,조문,136조,[136조] 정정심판의 인용심결 확정의 효과,"안녕하세요, 변리사님. 노트를 어떻게 해석해야 할 지 헷갈려 질문드립니다. 해당 가로축들 모두 1. 대법원까지 소송이 진행된 경우이고, 2. 정정심판의 인용심결은 사실심 변론종결 이후 확정된 그림이라 이해하면 될까요? 빈약한 질문이지만 확실히 하고자 질문드립니다. 바쁘시더라도 답변해 주시길 부탁드립니다. 감사합니다.","네. 2가지를 가정한 그림입니다. 이 때 대법원은 정정 전 명도에 의해 법률 위반을 심리하게 되고, 그 결과 8가지 CASE가 나올 수 있는데 이를 전부 그림으로 그린 것입니다. 열공하세요~", ,,21.07.16
특허법,조문,135조,[135조] 권리범위확인심판 실시가능성(미래의 이해관계),"변리사님께서 실시가능성에 대해 설명해주시면서 이 강의노트를 설명해주셨는데 설명을 들으면서 근복적으로 이해가 안되는 부분이 있어 이렇게 질문을 드립니다. 특허권자 甲이 A(현재이해관계)로 특정해서 침해소송을 걸었는데, 굳이 B(미래이해관계)를 소극적 확인심판청구를 걸어서 얻는 이득이 무엇인지 모르겠습니다. 어차피 미래의 사용이 침해든 아니든 간에 지금 A침해 인데 왜 乙은 B를 특정해서 확인심판청구를 하는 건가요?","여러가지 이유가 있을 수 있습니다. 예를 들어, A가 침해이니 B로 바꿔 실시하고자 하는데, 그 전에 확인을 받아두려는 진정한 의도가 있을 수도 있고, B를 A와 비슷하게 특정하여, 심판원에서 유리한 심결을 받아서 이를 활용하고자 하는 의도도 있을 수 있습니다. 열공하세요~", ,,21.08.02
특허법,조문,135조,135조 권리범위 확인심판에서 균등범위의 확인대상 발명이 특정되는지 여부,"두 사진의 빨간 부분을 제가 이해한 바는 확인대상 발명이 균등범위 : 특정됨 확인대상 발명이 동일, 군등범위여서 특정됐으나 피청구인이 그 발명을 실시하는 게 아닌 확인대상 발명과 균등한 발명을 실시 : 특정 안 됨 이게 맞나요? ? 감사합니다 ~","네. 정리해 보면, 특허발명---(A)--확인대상발명---(B)---실시대상물이라고 했을 때, (A)는 AER, 균등론 적용하는 것이고, (B)는 사실적 관점에서 일치해야 하는 것입니다. 열공하세요~", ,,21.08.11
특허법,조문,163조,[163조] 일사부재리.163조 단서의 해석에 관하여 질문있습니다.,"안녕하세요 임병웅변리사님. 위 강의노트468p 나. 에서 ""하지만 일사부재리 원칙은 심판청구의 적법요건일 뿐이여서, 위와 같은 경우라도 일사부재리 원칙을 위반하여 심판청구가 부적법하다고 한 각하심결을 본안에 관한 실체심리가 이루어진 기각심결과 동일하게 취급하는 것은 문언의 가능한 해석 범위를 넘어선다."" 이부분이 잘 이해가 안갑니다ㅜㅜ '후행심판에서 새로 제출된 증거가 선행확정심결을 번복할 수 있을지를 판단하는 과정속에서, 본안에 관한 판단이 선행되는 것과 같은 결과가 발생하는 것이 실체심리가 이루어진 기각판결처럼 보여도 각하판결이고 따라서 163조 단서에 따라 일사부재리 위반이 아니다?' 라고 생각하면될까요...? 항상 좋은 강의감사합니다.",네. 정확히 이해하고 있습니다~, ,,21.08.12
특허법,조문,137조,[137조] 정정무효심판 중 정정청구의 특허발명,"안녕하세요 변리사님. 최초 등록된 특허발명 명세서A > 정정심판으로 정정하여 특허발명 명세서B가 되었다고 할 때 1. 그 후 특허무효심판이 청구되었을때 특허권자가 무효심판에서 정정청구 할 시 정정의 객체적요건(특허발명의 명세서 또는 도면 기재사항 범위 내)의 대상이 되는 특허발명은 명세서 B가 맞나요? 2. 위 사례에서 특허무효심판이 아닌 A>B로의정정무효심판이 청구되었을때 특허권자가 정정무효심판에서 정정청구 할 시 정정의 객체적요건의 대상이 되는 특허발명은 1번의 특허무효심판과 달리 명세서A 인가요?, 아니면 B인가요? 3. 즉 명세서A의 범위내에서 한 정정청구가 적법하게 판명되어 명세서C가 되었을때 정정무효심판 대상이 B에서 C로 바뀌는것인가요 아니면 명세서B의 범위내에서 한 정정청구가 적법하게 판명되어 명세서C가 되었을때 정정무효심판 대상이 B에서 C로 바뀌는것인가요? 1번 2번 상황에서객체적 요건의 대상이 B,A로 각각 달라야할것 같은데 정정은 소급효가 있고, 부적법한 정정도 정정무효가 확정되기 전까진 당연무효라 할 수 없으며 최초란 말도 법조문에 없으니 2,3번도 명세서B 범위 내에서 정정해야 하는지 헷갈립니다",1. 네 2. B입니다. 3. B-C입니다. 정정의 소급효에 대한 개념을 이해 못 하고 있습니다. 열공하세요~, ,,21.08.18
특허법,조문,136조5항,136조 5항에서 136조 1항 3호가 빠지는 이유와 관련해 질문드립니다.,"리담특허법 1118p에서 136조 5항에서 136조 1항 3호가 빠지는 이유와 관련하여 정정대상이 아니었던 다른 부분에 분명하지 않은 기재가 있더라도 이 때문에 정정을 인정하기 않는 일이 없게 하려는 것이라고 설명하였습니다. 그런데 136조 1항 1,2호에 해당하는 정정을 하더라도 정정대상이 아니었던 부분에 분명하지 않는 기재가 있을 수 있지 않나요? 이 경우에는 분명하지 않은 기재가 있다는 이유로 정정을 인정하지 않을 수 있는 것인가요? 이런 의문 떄문에 이 설명이 잘 와닿지 않았습니다. 제가 혹시 잘못 이해한 부분이 있을까요?","정정은 명세서 또는 도면 전체에 대해 인정해 달라는 것입니다. 따라서, 분명하지 아니한 기재의 명확히 하는 경우에도 정정도 특허출원할 때 특허를 받아야 한다면 명세서 또면 도면 전체가, 특허출원할 때 완벽히 기재불비가 없어야 한다는 것입니다. 이렇게 하는 것은 특허권자에게 너무 부담감이 생기게 한다는 것입니다. 열공하세요~", ,,21.08.29
특허법,문제,163조,[163조] 일사부재리,"기출 지문 중 ""확정 심결과 확정 판결 사이에는 일사부재리 원칙이 적용되지 않는다.""(O) 에 대해 질문이 있습니다! 일사부재리는 적법성심리를 통해 판단하고 위반시 심판청구가 부적법하여 심결각하 되는 것으로 알고있습니다. 그래서 전 이 지문이 맞는 이유를, 지문에선 이미 확정된 심결과 판결 사이에서의 적용여부를 물어보았기 때문에 심판이나 소송 도중에 판단하는 것이 아니라서 일사부재리가 적용되지 않기 때문에 맞는 지문이라고 생각했는데 맞는 생각인가요..??","틀린 생각입니다. 개정되기 전의 구법을 물어보고 있습니다. 판결이 확정된 경우 적용된다고 하면 각하심결인 경우에도 적용된다는 것인데, 문제가 있어 삭제한 것입니다. 리담특허법 각주를 읽어보세요~", ,,21.09.02
특허법,조문,154조,[154조] 중복심판에서 청구의 동일,변리사님 안녕하세요 중복심판금지에서 청구의 동일성을 요하지 않습니까? 그런데 만약 정정심판에서 청구항1에대해 정정을 구하는 것과 청구항2에대해 정정을 구하는 두 심판이 있다고 하면 그 두 심판은 정정을 구하는 청구항이 달라 청구의 동일성이 인정되지 않는 것인가요? 아니면 정정을 구한다는 청구가 동일하기 때문에 같은 청구인건가요? 만약에 정정심판을 구하고 청구범위를 정정하여 심판을 청구하였는데 그 이후에 정정을 하고싶은 부분이 더 생겼다면 어떻게 조치해야 하나요? 감사합니다,1. 다른 청구입니다. 2. 또 정정심판을 청구하면 됩니다. 열공하세요~, ,,21.09.03
특허법,조문,170조,"[170조, 176조] 최후거절이유통지, 최초거절이유통지","안녕하세요 임 변리사님? 강의를 들은지 시간이 좀 지나서 정확히 기억이 안나 질문하게 되었습니다. 첫번째 사진에서 최후 거절이유 통지 후 보정3에 의한 36조 거절이유가 새로 생겼는데, 심판단계에서는 보정각하 사유 임에도 최후 거절이유통지를 해주고 (170조 1항 괄호) 두번째 사진에서는 거절결정취소 후 심사관에게 환송되고 나서는 모든 사유를 최초거절이유통지 한다고 해석했는데 1. 그렇다면, 결론이 심판단계에서 보정의 적법성과 기통지 거절이유가 극복 됐는지 확인 중에 3번 보정이 부적합한 걸 알게되면 최후거절이유통지를 하고 못보고 넘어가서 인용심결하고 환송했는데, 심사관이 보정이 부적합했다라는 걸 알면 최후가 아니라 최초라는 의미인걸 까요? 2. 제가 심판절차를 공부해본 바로는 0. 보정의 적법성을 따지고 1. 원거절 이유가 해소됐으면 자판 또는 환송인데 만약 그렇다면 두 가지 케이스가 참 불합리 하다고 나껴집니다ㅠ ㅠ 하나는 자판중에 발견하면 최후이고 다른 하나는 환송후에 심사단계에서 하면 최초이고 그냥 판단 주체가 다를 뿐인데 말이죠.","1. 환송되었다는 것은 거절결정이 잘못되었다는 것을 전제로 하는 것이기 때문에 reset 후 처음부터 다음 시작하는 것이고, 심판 계속 중이라는 것은 거절결정이 잘못되었는지 아직 결정이 나지 않은 상태라는 것이기 때문에 reset이 안 되고 최후거절이유통지를 하는 것입니다. 2. 잘못이해하고 있네요. 원거절이유 해소가 되고, 새로운 거절이유가 발견되지 않은 경우에 거절결정을 일단 취소하고, 그 후 자판(특허결정) 또는 환송됩니다. 자판이라는 것이 다시 거절이유통지를 한다는 의미가 아닙니다. 열공하세요~", ,,21.09.08
특허법,조문,133조,"[133조, 35조] 무권리자의 특허가 다른 이유로 소급소멸한 경우 무효심판 청구","안녕하세요. 정당권리자의 출원 및 무효심판청구에 대한 질문드립니다. 특허권이 소급소멸한 경우 무효심판 청구는 실익이 없어 불가능하다고 알고 있습니다. 그런데 제 35조 규정은 제 33조 1항 본문에 따른 이유로 무효심결이 확정된 경우에만 적용하는바, 다른 사유로 무효심결이 확정된 경우는 35조의 적용이 불가능한 것으로 알고 있습니다. 그렇다면 무권리자의 출원이 착오 등록되고, 제 33조 1항 본문이 아닌 이유로 무효심결이 확정된 경우, 35조의 적용을 받기 위해 33조 1항 본문을 위반을 이유로한 무효심판을 별도로 청구할 수 없게 되고, 당해 발명이 무권리자의 출원에 의하여 공개까지 되었었다면 1년이 지난 시점에서 정당한권리자가 구제받을 수 있는 수단은 없는것인가요?","네. 그렇습니다. 그런데, 생각해 보면 정당한 권리자도 다른 무효사유가 있을 것으로 여겨집니다. 열공하세요~","답변 감사합니다!! 발명 자체 또는 다른 출원이나 발명에 의한 무효사유가 없다면, 예를들어 명세서 기재불비 등에 대해서는 정당한 권리자의 출원에는 무효사유가 없을 여지가 있지는 않나요?",그런 경우는 아직 실무가 없기 때문에 뭐라고 말씀드리기가 어렵네요.,21.09.14
특허법,조문,,일사부재리 적용시점,"안녕하세요 교수님 일사부재리 적용시점 관련 질문드립니다 '동일 사실 동일증거'는 심결시 기준 '본안심결 확정시점'은 심판 청구시 기준이라고 배웠습니다 저는 이 말을 적용여부는 청구시 기준, 위반여부는 심결시 기준이라고 이해했는데 맞는지 궁금합니다!","심결시를 기준으로 일사부재리 위반 여부를 판단하는데, 본안심결확정은 청구시에 확정되었는지 여부, 동일사실 및 동일증거인지 여부는 심결시를 기준으로 판단한다고 이해하는 것이 정확합니다. 제목이 질문규칙에 맞지 않으니 수정해 주세요.", ,,21.09.27
특허법,조문,163조,[163조] 일사부재리 전부무효심판과 일부무효심판,"1. 내용 163조 일사부재리에서 전부무효심판과 일부무효심판은 동일한 심판으로 본다. 2. 질문 이때 전부무효심판이 먼저 확정된 경우와 일부무효심판이 먼저 확정된 경우를 나누어 생각해 보았는데, 1) 전부무효심판이 먼저 확정된 경우 -> 전부에 대해 심리가 진행되었으므로, 일부에 대해 다시 무효심판을 청구하는 경우 일사부재리 적용 가능한 것은 이해가 가지만, 2) 일부무효심판이 먼저 확정된 경우 -> 전부에 대해 무효심판이 청구되었을 때, 일부무효심판에 포함되지 않았던 청구취지에 대해서는 전 심판에서 심리되지 않았으므로 일사부재리 원칙이 적용되지 않아야 한다는 생각이 들었습니다. 그렇다면 책에 기술되어 있는 '전부무효심판과 일부무효심판은 동일한 심판으로 본다'라는 문구는 일부무효심판이 전 심판인 경우 어떻게 이해해야 하나요? (전부무효심판 중 일부무효심판과 청구취지가 겹치는 부분에 일사부재리 원칙이 적용 되어, 그 외의 부분에 대해서만 전부무효심판이 아닌 일부무효심판을 청구해야한다)라고 보는 것이 맞나요?","후자의 경우, 즉, 2)의 경우 일사부재리에 위반되는 청구항만 심결각하됩니다. 열공하세요~", ,,21.09.30
특허법,조문,135조,[135조]권리범위 확인심판 공지기술제외,"안녕하세요! “ 등록된 특허의 일부에 그 발명의 기술적 효과발생에 유기적으로 결합된 것이 아닌 공지사유가 포함되어 있는 경우 그 공지부분에까지 권리범위가 확장되는 것이 아닌 이상 그 등록된 특허발명의 전부가 출원 당시 공지공용의 것인 경우에도 특허무효의 심결의 유무에 관계없이 그 권리범위를 인정할 수 없다.”(81후56) “ 대법원은 특허의 일부 또는 전부가 출원 당시 공지공용의 것인 경우까지 특허청구범위에 기재되어 있다는 이유만으로 권리범위를 인정하여 독점적·배타적인 실시권을 부여할 수는 없으므로 권리범위확인심판에서도 특허무효의 심결 유무에 관계없이 그 권리범위를 부정할 수 있다고 보고 있으나, (이러한 법리를 공지공용의 것이 아니라 그 기술분야에서 통상의 지식을 가진 자가 선행기술에 의하여 용이하게 발명할 수 있는 것뿐이어서 진보성이 부정되는 경우까지 확장할 수는 없다.)”(2012후4162) 두 전합 판례에서 설시한 “일부 또는 전부” 라는 부분에서 일부가 공지기술인 경우도 권리범위 부정이 되는 것으로 표현한 것 같은데, 다른 대법원 판례(유기적으로 결합된 전체로서 판단해야하고, 공지된 부분 제외 X)와 배치되는 것은 아닌가요?객관식에서 두 판례 다 옳은 것으로 보면 될까요?","대법원 판례에서 말하는 일부공지는, 하나의 청구항에 여러 개의 발명이 있는데 그 중 일부 발명이 공지기술과 동일한 경우를 말합니다. 즉, 구성요소 단위가 아닌 발명 단위로 얘기하고 있는 것입니다. 따라서, 둘 다 옳은 판례입니다. 열공하세요~", ,,21.10.03
특허법,조문,138조,[138조] 통실허심판에서 특허권자와 실시권자의 개별적인 청구,"안녕하세요! 질문1) 138조의 통실허 심판을 통해 정당한 실시권원을 얻는 것은 각 특허권자, 전용실시권자, 통상실시권자의 심판청구를 통해 개별적으로 얻어지는 것인가요? 예를들어, 특허권자의 청구에 의해 인용되어도 실시권자들의 실시는 침해를 구성하나요? 질문2) 연결되는 질문으로 만약 위의 질문의 답이 “옳음”이라면, 만약 통상실시권자가 통실허 심판을 청구하여 인용된 경우, 선원권리자는 3항에 의한 허락을 통상실시권자에게 받는 것은 말이 안되는데, 이 경우에는 특허권자 또는 전용실시권자에게 허락을 받고 그게 안되면 ‘실시를 허락하지 않음’을 이유로 심판을 청구할 수 있는 것인가요? 아니면 ‘허락을 받을 수 없는 때’에 해당하여 바로 청구가 가능한 것인가요?","1. 네, 그렇습니다. 2. 후출원 통상권자는 크로스 라이선스의 피청구인이 이론적으로 될 수 없기 때문에, 입법불비로 비판하면 됩니다. 열공하세요~", ,,21.10.03
특허법,조문,135조,[135조] 확인대상발명 특정,"안녕하세요. 확인대상발명 특정에 대해 궁금한점이 있습니다. 질문1) 판례1. '당사자 사이에 심판청구인이 현재 실시하고 있는 기술이 특허권의 권리범위에 속하는지에 관하여만 다툼이 있을 뿐이고, 심판청구인이 장래 실시할 예정이라고 주장하면서 심판대상으로 특정한 확인대상발명이 특허권의 권리범위에 속하지 않는다는 점에 관하여는 아무런 다툼이 없는 경우라면, 그러한 확인대상발명을 심판대상으로 하는 소극적 권리범위확인심판은 심판청구의 이익이 없어 허용되지 않는다.' 판례2. '소극적 권리범위확인심판에서는 심판청구인이 현실적으로 실시하는 기술이 심판청구에서 심판의 대상으로 삼은 구체적인 발명과 다르다고 하더라도 심판청구인이 특정한 발명이 실시가능성이 없을 경우 그 청구의 적법 여부가 문제로 될 수 있을 뿐이고, 여전히 심판의 대상은 심판청구인이 특정한 확인대상발명을 기준으로 특허발명과 대비하여 그 권리범위에 속하는지 여부를 판단하여야 한다.' 판례1에서, 다툼이 없는 경우에는 청구의 이익이 없어 부적법각하된다고 하는데, 판례2에서는 여전히 심판청구인이 특정한 발명으로 권리범위를 판단해야한다고 해서 두 판례가 모순이 있는 것처럼 느껴집니다. 어떤 차이가 있는지 궁금합니다. -------------------------------- 질문2) 객관식 p.543 에서, 특허권자 '갑'이 'a+b+c1'을 등록했고, '병'이 'a+b+c2+d'를 실시하고 있는것을 보고 적극적 권리범위확인심판을 청구했습니다. 선지1번에서, '갑'은 확인대상발명을 'a+b+c2'로 특정할 수 있다고 합니다. 확인대상발명의 특정은 특허발명의 구성요소와 대비될정도로만 기재하면 되기 때문에 맞는 선지라는 건 알겠습니다. 그런데 적극적권리범위확인심판에서는 실시자의 발명과 사실적관점에서 동일하게 특정해야하는 것 아닌가요...? 확인대상발명 특정하는 부분이 자꾸 헷갈립니다. 제가 어느 부분을 놓치고 있는것인지 궁금합니다.","1. 판례 2는 심판으로 삼은 대상에 대해서 미래의 이해관계에 대해 판단해야 한다는 것이고, 판례 1은; 미래의 이해관계와 관련하여 다툼이 없다는 것입니다. 2. 실시하고 있는 구성 전부를 사실적 관점에서 대응가능하게 특정하는 것이 아니라, 특허발명과 대응되는 구성 이상만 사실적 관점에서 특정하면 됩니다. 열공하세요~", ,,21.10.04
특허법,조문,162조,[162조]심결등에 대한 소,"안녕하세요 변리사님. 특허와 상표에서 두 판례 관련하여 질문있습니다. <대법원 2020. 1. 22. 선고 2016후2522 전원합의체 판결> 행정소송법 제8조에 따라 심결취소소송에 준용되는 민사소송법 제451조 제1항 제8호에서 재심사유로 정한 ‘판결의 기초로 된 행정처분이 다른 행정처분에 의하여 변경된 때’의 의미 / 특허권자가 정정심판을 청구하여 특허무효심판에 대한 심결취소소송의 사실심 변론종결 이후에 특허발명의 명세서 또는 도면에 대하여 정정을 한다는 심결이 확정된 경우, 정정 전 명세서 등으로 판단한 원심판결에 민사소송법 제451조 제1항 제8호가 규정한 재심사유가 있는지 여부(소극) <대법원 2017. 12. 22. 선고 2016후373 판결> 포도주, 와인쿨러’ 등을 지정상품으로 하여 “ ”와 같이 구성된 출원상표가 ‘와인’을 지정상품으로 하여 “ ”와 같이 구성된 선출원상표와 대비하여 표장과 지정상품이 유사하므로 구 상표법 제8조 제1항에 해당되어 등록될 수 없다고 본 원심판결 선고 이후 선출원상표에 대한 등록무효심결이 내려져 확정된 사안에서, 선출원상표가 선출원되어 유효하게 등록되었음을 기초로 한 원심판결에 민사소송법 제451조 제1항 제8호에 규정된 재심사유가 있다고 한 사례 특허와 상표에서의 각 판례가 상반되는 것 처럼 느껴지는데, 정정과 무효 모두 소급효가 있더라도, 민사소송법 제451조 제1항 제8호의 적용에 있어서는 다르게 취급하는 것인가요? 제가 어디를 잘못이해하고 있는 것인가요?",네. 무효가 되면 권리가 소멸하므로 이에 대해서는 재심사유가 존재합니다., ,,21.10.12
특허법,조문,133조,[133조] 특허무효심판 청구인 요건,"변리사님 안녕하세요? 심사관도 특허무효심판을 청구할 수 있으며, 심판청구 당시에만 심사관의 지위에 있으면 된다고 하셨는데 이미 특허가 등록이 되고 무효심판을 청구하는 시점에서는 특허를 등록결정한 심사관만이 심사관의 지위에 있는 것 아닌가요? 심판청구 당시에 심사관의 지위에 있고 등록결정한 심사관이 아닌 경우에 어떤 것이 있는지 궁금합니다. 감사합니다. 저작자 표시컨텐츠변경비영리",등록결정한 심사관이 아니어도 젼혀 상관없습니다. 열공하세요~, ,,21.10.18
특허법,조문,138조,[138조] 통상실시권 허락의 심판 조문,1. 138조 2항은 저촉이 아닌 이용관계인 경우만 해당하나요? 2. 138조 3항 크로스라이선스에서 선출원권리자가 통실허 심판에 따른 허락이 아니라 그냥 허락해준 경우는 138조 3항이 적용되지 않나요? 감사합니다!,1. 네 2. 네 열공하세요~, ,,21.10.20
특허법,문제,162조,162조 리담객 776 질문입니다,3번 지문은 왜 어째서 그런건가요? 무슨 말인지 잘 모르겠습니다,결정계 심판은 일사부재리 원칙이 적용되지 않습니다. 기본서를 정독해 보세요~, ,,21.10.29
특허법,조문,135조,[135조] 권리범위확인 심판,"안녕하십니까. 객관식 문제를 풀던 중 이해가 잘 되지 않아서 질문드립니다. 해당 문제에서 (가)의 경우가 조금 이해가 잘 되지 않습니다. 소극적 권리범위 확인 심판은 과거, 현재 실시발명 뿐만 아니라 미래에 실시할 가능성이 있는 발명에 대해서도 권리범위 확인 심판을 청구할 수 있습니다. 이 말은 반대로 미래의 실시 가능성이 없더라도 현재 혹은 과거에 실시했더라면 확인 심판을 청구할 수 있다는 의미로 생각했습니다. 따라서 ""갑은 X의 실시를 중단하고 향후 실시하지 않는다"" 라는 합의를 통해서 미래에 대한 실시는 발생하지 않지만 여전히 과거에 X를 제조, 판매했기에 심판을 청구할 이해관계에 있다고 볼 수 있다고 생각했습니다. 이와 더불어 해당 합의를 통해 갑이 자신이 실시한 X가 을의 Y의 권리범위에 속한다고 하지 않았기 때문에 여전히 이해관계가 성립하고 그렇다면 소극적 권리범위확인 심판을 청구할 수 있지 않나요? 저작자 표시컨텐츠변경비영리","좋은 의견이시네요. 합의의 내용, 합의전후의 사정 등을 고려하여 이해관계 소멸 여부를 검토해야 하는데, 문의하신 것처럼 합의의 내용만으로는 권리범위에 속함을 인정한다는 것이 명확히 드러나 있지 않습니다. 그러나 실시하던 중 실시를 중단하고 더 이상 실시하지 않겠다는 합의를 통해 침해소송에서 벗어난 것으로 보이므로, 권리범위확인심판의 이해관계가 소멸된 것으로 이해되네요. 열공하세요", ,,21.10.30
특허법,문제,135조,135조] 소극적 권리범위확인심판 일부기각,"안녕하세요 변리사님, 객관식문제집 풀다가 궁금한 점이 생겨 질문 올립니다. 특객 815번 2번보기입니다. 옳은보기: 특허발명의 전항에 대하여 소극적 권리범위 확인심판을 청구한 사건에서 특허심판원이 확인대상발명이 일부 청구항의 권리범위에 속한다는 이유로 나머지 청구항의 권리범위에 속하는지 여부를 판단함이 없이 심판청구인의 청구를 기각한 심결은 나머지 청구항에 대한 판단이 누락되어 그 부분 심결이 위법하다. https://m.cafe.daum.net/ezpatent/7ZHQ/829?searchView=Y 이 게시글과 같은 질문인데요, 19년 1월에 있었던 이 게시글에서는 ""소극적 권리범위 확인심판에서 일부인용은 가능하지만, 모든 청구항에 대해 판단한 후에 일부인용을 내릴 수 있고, 어쨋든 모든 청구항에 대해 심판을 청구했다면, 일부청구항만을 판단해서는 안된다."" 라고 이해하라고 되어 있는데 수업때는 소극적 권리범위 확인심판은 일부인용 일부기각이 불가능하다고 가르쳐 주셔서 헷갈립니다. 소극적 권리범위 확인심판에서 전부인용 또는 전부기각만 해야 한다면 확인대상발명이 특허발명의 일부 청구항의 권리범위에 속한다면 이미 전부인용은 할 수 없는 상태이므로 나머지 청구항의 권리범위에 속하는지 여부를 판단할 필요도 없이 전부기각을 하여야 할 것 같은데.. 따라서 나머지 청구항에 대한 판단이 누락되었다고 해서 심결이 위법하다고 한 저 보기가 잘 이해가 안됩니다. ""소극적 권리범위 확인심판에서 일부인용은 불가능하지만, 모든 청구항에 대해 판단한 후에 전부기각/전부인용 해야한다."" 라고 이해해야 할까요? 감사합니다.","복수의 청구항을 가진 특허발명에 대하여 청구항을 특정하지 않고 권리범위확인심판을 청구한 경우 그 판단의 대상이 무엇인지의 문제가 있다. 권리범위확인을 구하는 청구항이 구체적으로 특정되지 않았더라도, 심판청구인의 의사를 합리적으로 해석한다면, 소극적 권리범위확인심판의 경우에는 모든 청구항 중 어느 하나의 권리범위에도 속하지 않는다는 확인을 구하는 것(단순 병합)으로 보아야 한다. 모든 청구항에 대해서 인용심결이 되어야만 확인대상발명이 상대방의 권리범위에 속하지 않는다는 심판의 목적을 달성할 수 있기 때문이다. 기존의 논란이 있었는데, 최근 판례 및 실무의 태도입니다. 리담 특허법에 기술된 내용이니 참고하세요~","단순병합의 경우 일부판결을 할 수 있으며, 어느 하나의 청구에 대하여 재판을 누락하면 추가판결의 대상이 되는 것이지 누락한것이 위법한것은 아니라고 민소에서 배웠는데요. 그건 여기에는 적용이 안되나요?","문의하신 내용은 다른 사실관계인 것 같네요. 문제집의 지문은 소극적 권리범위확인심판의 청구는 모든 청구항에 대해 권리범위에 속하지 않는다는 심결을 구하는 단순병합이기 때문에, 심판청구를 기각하기 위해서는 청구항별로 판단이 모두 이루어져야 한다는 것이고, 문의하신 내용은 심판청구에 대하여 일부 청구항에 대한 일부기각이 이루어진 경우 나머지 청구항에 대한 판단도 추가판결의 대상이라는 것입니다. 열공하세요~",21.11.11
특허법,조문,170조,[170조] 거절결정불복심판,보정각하결정이 있었던 경우에는 거절결정불복심판을 담당하는 심판관은 심사단계와 다른 거절이유를 발견하더라도 특허출원인에게 별도의 의견서 제출 기회를 주지 않고 거절결정을 자판할 수 있다. 2010년도 기출문제 지문 중 하나입니다. 틀린지문으로 돼있는데 논점을 잘 모르겠어서 질문드립니다. 제가 생각하기에 해당 지문에서 물어보는 논점이라고 생각되는 것은 1. 보정각하결정이 있는 경우 거불심에서 새로운 보정각하사유를 근거로 보정각하결정 유지하더라도 의견서 제출할 수 있는 기회를 주지 않아도 된다. 2. 보정각하결정은 해결된 것으로 보고 거불심에서 새로운 거절이유를 발견하면 의견서 제출 기회를 주어야한다. 3. 거불심에서 거절결정은 준용하지 않기 때문에 거절결정은 자판할 수 없다. 3가지인데 이중에 어떤 논점을 물어보는걸까요? 답변 미리 감사드립니다!,"원거절이유가 해소되지 않았다면, 다른 거절이유를 발견하더라도 의견제출기회를 주지 않고 기각할 수 있다"" 라고 표현해야 정확합니다. 정리하면, 3번의 개념입니다. 열공하세요~ 제목이 틀렸으면 수정해 주고요.", ,,21.11.17
특허법,문제,138조,"[138조] 리담객관식 564,654번 문제","안녕하세요 변리사님! 통실허심판 청구권자는 특허권자, 전용실시권자, 통상실시권자가 가능하다고 조문상 되어있지만 선출원 통상실시권자는 크로스 라이센스 요건인 통상실시권을 타인에게 허락해야 한다는 요건을 만족할 수 없어서 사실상 빠져야 하는 입법 불비라고 알고 있습니다. 564번 보기 4 '특허법 138 통실허심판은 이용발명의 특허권자와 전용실시권자, 등록된 통상실시권자가 이를 청구할 수 있다' 가 통상권자가 입법불비이기 때문에 틀린 보기로 되어있고, 654번 보기 4 '통상실시권자는 적극적 권리범위학인심판은 청구할 수 없으나, 통상실시권허락심판은 청구할 수 있다' 가 맞는 보기로 되어있는데, 해설에는 138조 인용으로 맞는 보기로 되어있습니다. 제가 문제를 잘못 이해한건가요..? (셤때 나오면 맞다고 해야하나요 입법불비니 틀리다고 해야하나요?)","잘못 이해하고 있네요. 564번 등록을 요하지 않기 때문에 틀린 지문이고, 654번은 옳은 지문입니다. 법조문 그대로 해석하고 있는 것입니다. 열공하세요~", ,,21.11.18
특허법,조문,136조1항,[136조1항] 청구범위를 감축하는 경우,안녕하세요 정정범위와 관련하여 기본서의 부분에 추록으로 추가된 내용입니다 청구항 삭제는 감축하는 케이스로 허용되는것으로 알고있었는데 ex) 청구항1. (삭제) 청구항2. A+B 위의 예와 같이 기존의 허용되던 정정이 부적법한것으로 변경이 된것인건지 추록만으로는 이해되지 않아서 질문드립니다 질문을 작성하다 생각이 난건데 혹시 전체 청구항을 삭제하는것은 안된다는 내용인가요? 저작자 표시컨텐츠변경비영리,"네, 그렇습니다. 청구범위(청구항 전제) 삭제는 안된다는 것입니다. 열공하세요~", ,,21.11.21
특허법,문제,136조,"[136, 137] 특허무효심판과 정정무효심판의 관계 (15년 기출)",보기 ㄱ 을 보면 정정무효심판이 특허법원에 계속 중 특허무효심결이 확정된 경우 '소는 부적법'하다 나와있습니다. 정정심판과 무효심판의 관계에서 배운 바에 의하면 정정심판에 대한 소가 특허법원에 계속 중 특허무효심결이 확정되면 법률상 이익이 없어 '소각하'된다 배웠습니다. 여기서 말한 '소 각하'가 위 문제에서 말한 '소가 부적법'하다와 같은 의미인지 아니면 제가 잘못 이해하고 있는지 궁금합니다. 항상 좋은 강의 감사합니다!,"네. 소가 부적법하여 본안심리를 할 수 없고, 그래서 소 각하하겠다는 것입니다. 열공하세요~", ,,21.11.24
특허법,조문,135조,[135조] 소극적권리범위확인심판에서 특정한 발명과 실제 실시하는 기술이 다른 경우,"위 밑줄쳐진 '그 청구의 적법 여부가 문제로 될 수 있을 뿐이고' 에 대한 의미가 확실히 이해되지 않아 질문 드립니다! 특정한 발명이 미래 실시가능성이 없다면 청구의 적법 여부에 대해 부적법하여 각하심결이 되는 것인지, 특정한 발명의 미래 실시가능성과 무관하게 일단 특정한 발명으로 권리범위에 속하는지 심리를 계속 진행하는 것인지, 아니면 제가 잘못 이해하고있는지.. 궁금합니다! 항상 좋은 강의 감사합니다!","미래 실시가능성이 없다면 각하하고, 있다면 본안심리를 한다는 것입니다. 열공하세요~", ,,21.11.25
특허법,조문,135조,[135조] 권리범위확인심판의 심리범위,"권리범위확인심판에서는 특허발명에 신규성 흠결이 있는 경우, 혹은 기술적 범위를 특정할 수 없는 경우 권리범위를 부정하고 있습니다. 그렇다면 특허심판원은 무효사유가 있어 권리범위가 부정되는 특허발명에 대한 적극적 권리범위확인심판이 청구된 경우, 해당 심판을 확인의 이익이 없어 심판청구가 부적법하다는 취지로 심결각하해야 하는 것인지, 혹은 권리범위에 속하는 것은 아니기 때문에 기각심결 해야 하는 것인지 궁금합니다. 이와 관련하여 권리범위확인심판에서 특허발명의 진보성이 없다는 사유로 권리범위를 부정할 수 없다는 판시를 한 전원합의체의 보충의견은 다음과 같습니다. ""또한 심판청구의 이익이 있는지는 직권조사사항이므로, 반대의견과 같이 특허가 진보성이 없어 특허무효심판에 의하여 무효로 될 것임이 명백한 경우에 그에 관한 권리범위확인심판 청구의 이익이 없다고 본다면, 모든 권리범위확인심판 및 이에 대한 불복절차에서 특허심판원이나 특허법원은 당사자의 주장과 관계없이 항상 직권으로 특허가 진보성이 없어 특허무효심판에 의하여 무효로 될 것이 명백한지 여부를 심리하여야 할 것이다. 이는 특허심판원이나 특허법원에 과도한 심리 부담을 주는 것이 되어 부적절하다. "" 이를 보면 판례는 특허발명의 무효사유를 심리하는 것은 본안심리에 논리적으로 앞서 판단되어야 하는 심판청구의 적법 요건을 판단하는 것이라고 하는 것 같습니다. 반면에, 신규성 흠결의 특허발명에 대한 적극적 권리범위심판이 청구된 사건에서 판례는 ""그 등록된 특허발명의 전부가 출원 당시 공지공용의 것인 경우에도 특허무효의 심결의 유무에 관계없이 그 권리범위를 인정할 수 없다."" 라고 판시하여 권리범위확인심판의 본안심리 대상인 특허발명의 권리범위에 대해 논하며 특허발명의 하자유무가 본안심리 대상인 것이라고 하는 것 같습니다. 만일, 특허권하자가 심판의 적법요건이었다면, '해당 특허발명은 신규성 흠결로 보정할 수 없는 하자가 있어 심판청구의 확인의 이익이 없다.' 라고 판시하는 것이 더 적합할 것 같습니다. 이러한 판단에 어떠한 오류가 있는지, 결과적으로 권리범위확인심판에서 특허권의 하자(신규성 흠결, 기술적 범위를 특정할 수 없는 기재불비)가 발견되었을 때 심판원은 어떤 심결을 내리는지 의문이 생깁니다.",1. 진보성 위반이 명백한 경우를 확인의 이익이 없는 경우(심판청구요건)로 볼 수 없다는 것이 전합 판결의 보충의견입니다. 2. 신규성 등 특허요건의 하자는 본안심리 대상으로 각하가 아닌 기각됩니다. 제목에 법조문이 빠져 있네요. 수정해 주세요~, ,,21.11.30
특허법,문제,135조,[135조] 권리범위확인심판과 특허권소진 관련 질문있습니다.(17년기출),"안녕하세요 임병웅 변리사님. 위 17년기출 8번 문제 중 4번지문이 틀렸고, 이에 관련해서 해설지에 ""확인대상발명의 실시와 관련된 특정한 물건과의 관계에서 특허권이 소진되었다 하더라도 그와 같은 사정은 특허권 침해소송에서 항변으로 주장함은 별론으로 하고 확인대상발명이 특허권의 권리범위에 속한다는 확인을 구하는 것과는 아무런 관련이 없다.(판례)"" 라고 나와있습니다. 제가 위 4번지문을 보고 처음 이해했던것은 특허권이 소진되었다는 주장은 권리범위확인심판에서 판단하는것이 아니라서 확인의 이익이 없는게 맞다고 생각하였는데 제가 어떤부분을 잘못생각했는지 궁금합니다. 해설지에 나온 판례와 4번지문에 비추어볼때, '적극적 권리범위확인심판에서 확인대상발명의 실시와 관련된 특정한 물건에 대하여 특허권이 소진되었다는 주장을 하지 못한다는 것이고, 특허권이 소진되었다는 사정이 권리범위확인심판의 확인의 이익이 부정되는 것은 아니다.' 라고 이해하면 될까요?? 항상 좋은 수업 감사드립니다.","네, ""권리소진, 실시권과 같은 정당한 권원은 권리범위확인심판과 아무련 관련이 없다."" 고 이해하면 됩니다. 열공하세요~", ,,21.12.06
특허법,문제,133조의2,[133조의 2] 특허무효심판,"안녕하세요 리담 객관식 882페이지 5번 지문에서 질문드립니다. 특허무효심판이 계속되고 있는 경우에는 특허의 정정에 의해야만 하고, 정정심판을 청구할 수 없다. 라는 지문에서, 저는 특허무효심판이 계속되고 있다는 말이 심판원에 계속되고 있다는 것으로 이해하여 옳은 지문이라고 생각했으나, 해설을 통해 옳지 않은 지문임을 확인했습니다. 1. 특허무효심판이 계속되고 있다는 말이 심판원 뿐만 아니라 무효심판에 불복하고 상고한 경우까지를 통틀어서 심판원~대법원 어딘가에서 계속되고 있다는 것을 이야기하는 것인가요? 2. 만약 그렇다면 심판원에 계속되고 있는 경우는 항상 지문에서 반드시 심판원에 계속중이라는 말을 해주는 것인지, 어떻게 표현되는지 궁금합니다.","1. 네 2. 네, 심판원에 계속중이라고 표현합니다. 열공하세요~", ,,21.12.08
특허법,조문,136조,[136조] 정정심판,"안녕하세요? 대판2002후413 판결 질문인데요. ""정정 전 청구범위에 기재되어 있던 발명을 그대로 청구항만 달리하여 기재한 경우에는 청구범위 실질적 내용은 동일하다 할 것이어서 정정의 범위의 제한사유인 청구범위의 실질적 변경에는 해당하지 아니한다.""라고 명시되어있는데요. 그렇다면 136조1항1호 청구범위를 감축하는 경우에 위반되는 것은 맞나요? 즉, 특객 강의에서 변리사님이 청구범위를 유지, 확장, 변경하는 경우는 정정불가하고 오직 감축하는 경우에만 정정을 할 수 있다고 말씀하셔서 위 판례 사안에서 결국 청구범위를 실질적 변경하는 경우는 아니라고해도 청구범위를 ""감축""하는 경우가 아닌 ""유지""하는 경우에 해당하여 정정을 불허용해야 하는 것인지 질문드립니다.","일부청구항은 유지이고 다른 청구항은 감축이라면, 전체적으로 청구범위의 감축이니 정정이 인정됩니다. 열공하세요~", ,,21.12.19
특허법,문제,132조의16,[132조의 16] 거절결정불복 심판,"안녕하세요? 리담객 p.908 2번 지문인데요. 판례 : 거절결정불복심판청구를 기각하는 심결의 취소소송단계에서 특허청은 심결에서 판단되지 않은 것이라고 하더라도 거절결정의 이유와 다른 새로운 거절이유에 해당하지 않는 한, 심결의 결론을 정당하게 하는 사유를 주장•입증할 수 있다. 위 판례의 취지가 심판단계에서 판단되지 않은 것이라도 심사단계에서는 판단된 것이어서 소송단계에서 심결의 결론을 정당하게 하는 사유를 주장 입증할 수 있다는 것인가요? 감사합니다.","심사단계에서 출원인에게 대응기회를 주었다면, 소송단계에서 특허청장이 이를 이유로 거절결정이 타당하다고 주장할 수 있다는 것입니다. 조문이 틀렸네요. 법 제132조의17입니다.", ,,21.12.19
특허법,조문,138조,[138조] 통상실시권 허락 심판,"안녕하십니까 문제를 풀던 중 헷갈리는 부분이 있어서 질문드립니다. 객문 15판 p 859에 있는 12년 기출 문제로 해당 문제에서 갑은 선출원 특허권자로 접착제에 대한 특허를 가지고 있고 을은 후출원 특허권자로 해당 접착제를 사용하여 만든 뛰어난 집광필름에 관한 발명에 대하여 특허를 가지고 있습니다. 이러한 상황에서 지문 5번에는 다음과 같이 기술되어 있습니다. 5) 을이 갑을 상대로 통상실시권허락의 심판을 통해 통상실시권을 획득한 경우, 을의 허락이 없더라도 갑은 통상실시권허락의 심결에 의하여 집광필름을 실시할 수 있다. 저는 해당 지문에서 말하는 ""통상실시권허락의 심결"" 이 앞선 조건에서 주어진 을이 갑을 상대로 청구한 심판을 통해 얻어진 통상실시권이라고 생각해서 옳지 않은 지문이라고 생각했는데 답은 이를 옳은 지문이라고 하고 있습니다. 그렇다면 여기서 말하고 있는 ""통상실시권허락의 심결""은 을이 갑에게 청구한 심판에서 비롯된 심결이 아니라 갑이 을을 상대로 별도로 청구한 138조 3항에 따른 심결을 의미하는 것인가요?","조문 공부가 아직 덜 될 것 같네요. 제138조제3항과 매칭시키면 바로 이해가 될 것입니다. ""통상실시권허락심판에 따라 통상실시권을 허락한 자"" =갑이 을에게 통상실시권허락심판에 의해 통상실시권을 허락 ""그 통상실시권을 허락받은 자의 특허발명을 실시할 필요가 있는 경우 그 통상실시권을 허락받은 자가 실시를 허락하지 아니하거나 실시의 허락을 받을 수 없을 때에는 통상실시권을 허락받아 실시하려는 특허발명의 범위에서 통상실시권 허락의 심판을 청구할 수 있다."" = 을의 허락이 없더라도 갑은 통상실시권허락심판의 심결에 의해 집광필름을 실시할 수 있다. 이렇게 매칭시키면 됩니다. 열공하세요~", ,,21.12.20
특허법,문제,136조,"[136조] 정정심결 확정시 정정 전, 후 과실추정","안녕하세요 변리사님, 질문 있어서 글 올립니다. 강의노트 512pg에서는 '정정심결이 확정된 경우에도 정정 전 청구범위로 타인의 침해죄를 판단해야한다' 를 나타내고 있지만, 2012년 기출 18번 4번 지문(리담특허객 879pg)에서의 판례의 경우, '정정심결이 확정되어도 과실 추정은 정정 전,후로 하여 그대로 유지된다' 라고 나와있습니다. 이 둘의 차이를 어떻게 구분해야할까요? 침해죄는 정정 전으로, 과실추청은 정정 전후 동일. 로 받아들여야 하나요?","침해죄인지 여부와 과실 추정은 전혀 다른 개념입니다. 따라서, 문의하신 것처럼 별도로 생각해야 합니다. 열공하세요~", ,,21.12.23
특허법,조문,139조,[139] 4항 일인에게 정지원인이 있는경우,1항에서 이해관계인 2명이 공동심판청구한경우 이해관계인 1명에게 정지원인이 있는경우 다른 심판청구인에게도 효력이 있는거죠? ( 특허 공유자 사이에서만인건지 궁금합니다,네. 이해관계인도 합일합정의 요청이 있기 때문에 1인에게 정지원인이 있는 경우 전원에게 효력이 미칩니다. 열공하세요~, ,,22.01.04
특허법,문제,141조,[141] 심판장 결정각하 대상,"3번 지문에서 권리범위. 확인심판의 청구서에 확인대상발명응 첨부하지 아니한 경우 = 140조 3항 위반 = 141조 1항 1호에 해당 = 141조 1항의 심판장 보정명령대상 --> 지정된 기간안에 보정하지 아니하거나 그 보정이 요지변경인 경우 ; ' 심판청구 ' 를 심판장 결정각하. ---- 이거구 ' 심판청구서 ' 을 각하하여야 한다 이건 아닌거죠? 141조 2항에서 ; (심판청구서 또는 해당 절차와 관련된) 청구나 신청들을 결정각하 하여야 한다 문장이 이렇게,,, 되는거 맞나요?",심판청구서를 결정각하해야 한다고 되어야 맞는 지문입니다. 열공하세요~, ,,21.01.05
특허법,문제,135조,[135] 권리범위 확인심판,"안녕하세요 변리사님 2번 보기가 잘 이해가지 않아 질문 드립니다. 먼저 2번보기의 의미를 청구취지로서의 특정이 불명확하기때문에 나머지 구성 만으로 권리범위판단이 가능하더라도 확인대상발명이 특정되었다 볼 수 없어 각하해야 된다고 생각했습니다. 그래서 2번보기가 맞다고 생각했고, 설령 보기가 청구원인으로서의 특정을 의미한다 하더라도 원칙에 해당하는 특허발명의 구성요소에 대응하는 부분의 구체적인 구성을 기재한다는 논리대신 예외에 해당하는 독립항과 종속항의 관계에 있어서의 특정이 지문이 틀린 근거로 나오는지 궁금합니다. 항상 감사드립니다.","청구취지로서 특정과 청구원인으로서 특정의 개념을 잘 모르고 있습니다. 1. 청구취지로서 특정 = 구별가능하도록 특정 2. 청구원인으로서 특정 = 대비가능(권리범위판단가능)하도록 특정 입니다. 여기서, 대비가능은 2.1. 대응되는 구성이상 기재 2.2. 다만, 독립항의 권리범위에 속하지 않은 경우 종속항의 권리범위에 속하지 않기 때문에 종속항의 대응구성 기재 불필요 입니다. 지문은, 대비가능(권리범위판단가능) 특정되었다면 청구원인으로서 특정을 만족한다는 것입니다. 열공하세요~","감사합니다! 추가적으로 질문하나만 더드리고 싶습니다. 지문은 청구원인으로서의 특정이라고 하셨는데 그렇다면 청구취지로서의 특정은 만족되었다는 전제하에 지문에서 청구원인으로서의 특정을 물어보는 것인가요? 그리고 청구취지, 청구원인으로서의 특정이 각각 만족되지 않았을때 심결각하를 하고 만족되었다면 본안심결을 하는것인가요?",네. 그렇습니다. 기본서와 강의노트(그림)에 기술되어 있으니 한 번 읽어 보세요~,22.01.06
특허법,문제,136조,[제136조] 정정심판,"안녕하세요 객관식 문제집을 풀던 중에 질문드립니다. 849페이지에서, 3번지문과 4번지문에 대해 이해가 가지 않는 부분이 있습니다. 1. 3번지문 ' 특허취소신청이 특허심판원에 계속 중인 때부터 그 결정이 확정될 때까지의 기간에는 청구범위의 구성 A를 그 하위개념의 ""a""로 감축하는 정정심판을 청구할 수 없다.' 가 맞는 지문인데, 저는 취소신청이 심판원에 계속 중이더라도 무효심판이 특허법원에 계속 중이라면 정정심판을 청구 할 수 있는 것이라고 생각했습니다. 왜 맞는 지문이 되는지 궁금합니다. 2. 4번지문 '정정의 무효심판의 심결에 대한 소가 특허법원에 계속 중인 경우에는 특허법원에서 변론이 종결된 날까지 ""청구범위를 감축""하는 정정심판을 청구할 수 있다.' 또한 옳은 지문인데, 이 지문을 옳은 것으로 고르는 점에는 의문이 없습니다만 추가적으로 궁금한 부분이 있어 질문드립니다. 2-1. 우선 청구범위를 감축하는 것 이외 잘못기재된 사항의 정정이나 명확하지 않는 것을 명확하게 하는 것 또한 가능한 것이 맞는지 궁금합니다. 2-2. 취소심판과 무효심판이 동시에 계속 중이면서 무효심판이 특허법원에서 계속 중인 때에는 변론 종결시까지 정정심판을 청구할 수 있고 이외에는 무효심판 확정 시까지 정정이 가능한데, 전자의 경우 변론종결시까지로 한정한 이유가 따로 있는지 아니면 그냥 조문상에 그렇게 되어있기 때문인지 궁금합니다. 이 부분이 계속 기억에 남지 않아서 질문드립니다 ! 감사합니다. 좋은 하루 보내세요! 저작자 표시컨텐츠변경비영리","1. 원칙적인 부분만 물어보는지 예외적인 부분을 포함하여 물어보는지 문제를 보면서 상대적으로 파악해야 합니다. 2-1. 맞습니다. 2-2. 무효심판의 심결취소소송이 무제한설인데 변론종결전까지만 새로운 주장이 가능하기 때문에, 새로운 주장이 가능한 기간에 한해서 취소신청절차에서도 정정심판을 청구할 수 있다는 것입니다. 열공하세요", ,,22.01.09
특허법,문제,138조,[138조] 통상실시권의 범위,"안녕하세요 객관식문제집 855페이지에서 질문드립니다. 4번지문에서 통상실시권허락심판에 의한 강제실시권의 범위는 통상실시권허락심판 청구당시 실시 또는 분비를 하고 있는 발명 및 사업의 목적의 범위에 한한다. 가 틀린지문이라고 하는데, 왜 틀린지문이 되는 것인지 궁금합니다. 감사합니다! 저작자 표시컨텐츠변경비영리",청구당시 실시 또는 분비를 하고 있는 발명 및 사업의 목적의 범위가 아니라 심결에 의해서 정해진 범위입니다. 열공하세요~, ,,22.01.09
특허법,문제,186조,[186조] 무효심판 심결취소송에서의 정정효과,"안녕하세요! 무효심판에 대한 심결 후 정정심판이 인용된 경우, 무효심판 심결취소송에서의 정정효과에 대해 질문드립니다. 1) 등록무효심판 청구사건에 대한 심결취소소송에 있어서 심결취소소송의 심리범위에 제한을 두지 아니하여 심판절차에서 주장하지 아니한 새로운 무효사유에 관하여도 주장·입증할 수 있고 이에 대하여 심리·판단할 수 있는 점 등에 비추어 볼 때, 등록무효심판의 심결 후에 특허청구범위가 정정되었다고 하더라도 심결취소소송에서 특허법원이 정정된 특허청구범위를 심결의 기초로 하여 특허발명에 무효사유가 존재하는지 여부를 판단할 수 있다. 2) 특허권자가 정정심판을 청구하여 특허무효심판에 대한 심결취소소송의 사실심 변론종결 이후에 특허발명의 명세서 또는 도면이 확정되더라도 정정 전 명세서 등을 판단한 원심판결에 민사소송법 제 451조 제1항 제8호가 규정한 재심사유가 있다고 볼 수 없다. 2번 판례에서 재심사유가 있다고 볼 수 없다는 것은 정정 전 명세서로 취소소송에서 판단한 것이 적법하다는 것으로 이해했습니다. 그런데 1번 판례에서는 정정후의 명세서로 판단해야 한다는 취지의 판결로 생각됩니다. 이 두 판례의 결론이 달라지는 것이 어떤 이유인지 궁금합니다. 감사합니다 !","1번 판결은 무제한설의 적용을 받고, 2번 판결은 심리종결후이기 때문에 무제한설의 적용을 받지 않습니다. 즉, 사실심이 끝난 후 정정심판의 확정된 심결은 영향을 미치지 않는다는 것입니다. 열공하세요~","답변감사합니다! 그런데 1번 판결도 심결 후에 정정되었는데, 왜 2번과 달리 취급하는지 잘 모르겠습니다 ㅠㅠ",1번 판결은 심결후에 정정되었으니 특허법원(사실심)에서 다시 무제한으로 다툴 수 있는 것입니다.,22.01.10
특허법,문제,133조,[133조] 특허무효심판 이해관계인 판단시점,"안녕하세요 변리사님, 질문 올립니다. 제가 다른 문제집을 풀다가 '특허권이 특허료의 불납으로 소멸한 경우에도 이해관계인은 특허권의 무효심판을 청구할 수 있으며, 이해관계는 심판청구 당시에 존재함으로써 족한 것이지 특허권이 존속하고 있는 기간 중에 존재하여야 하는 것이 아니다.' 라는 지문을 보고 '이해관계인 판단시점은 심결시이므로 틀린 지문이구나' 라고 판단했지만, 옳은 지문으로 나왔습니다. 혹시 제가 잘 못 알고있는건지 궁금합니다. 임병웅 변리사님의 강의노트를 보면 135조, 138조 이해관계인 판단시점은 나와있지만 무효심판 경우는 따로 안나와있어서 제가 잘 못 알고있는건지 혼동이 생기네요. 저 지문은 대법원 1989.5.23. 선고 88후578판결 이라고 나와있습니다! 감사합니다.","심결시를 기준으로 합니다. 판결의 사실관계는 존속기간내에는 이해관계가 없더라도 심판을 제기 당시에 이해관계가 있으면 된다는 것이네요. 판결의 문구를 ""심판을 제기후 심결 당시""라고 표현하면 정확한 표현이 되겠네요. 제목이 질문규칙에 맞지 않으니 수정해 주세요.", ,,22.01.12
특허법,조문,135조,"[135조] 권리범위확인심판 일부인용, 일부기각","안녕하세요 리담특허법판례강의를 듣다가 궁금한 점이 있어 질문을 남깁니다. 적극적권리범위확인심판은 일부 청구항이라도 권리범위에 속하면 심판청구의 목적을 달성하므로 일부인용, 일부기각이 가능하다고 하셨고, 소극적권리범위확인심판은 전부다 권리범위에 속하지 않아야 심판청구의 목적을 달성한다고 하셨습니다. 근데 일부인용, 일부기각에 대해 언급이 없으셔서 헷갈립니다ㅠㅠ 그래서 소극적권리범위확인심판이 일부인용, 일부기각이 되는지 알기위해 리담특허법판례책 p313비고란을 읽어보았더니, 소극적권리범위확인심판은 단순병합으로 본다라고 써있고, 그 아래 문단에 단순병합은 일부인용, 일부기각을 할 수 있다고 하는데, 그러면 소극적권리범위확인심판도 일부인용, 일부기각이 되는 것인가요?? 적극적권리범위확인심판은 청구인이 의사를 밝히지 않는 한 단순병합으로 봐서 모든 청구항들을 다 판단한 다음 일부인용, 일부기각심결을 할 수 있고, 소극적권리범위확인심판은 단순병합으로 봐서 모든 청구항들을 판단한 다음 일부인용, 일부기각심결을 할 수 있다. 라고 두 심판의 결론이 비슷하게 나오는데 이 결론이 맞는지도 궁금합니다.","네, 청구항별 단순병합이면 일부인용, 일부기각이 가능합니다. 소극적 권리범위확인심판은 단순병합이고, 적극적 권리범위확인심판은 논란이 있으나 실무는 ⅰ) 장차 일부 청구항이 무효심판에 의하여 일부 무효로 될 수 있으므로 이러한 경우를 대비하여 청구항별로 속부 판단이 요구되는 점, ⅱ) 청구인이 전체 청구항에 대하여 심판 수수료를 지불한 점, ⅲ) 어느 하나의 청구항에 속한다는 인용심결을 받았으나 다른 청구항에 속한다는 확인을 받을 필요가 있는 경우 재차 심판을 청구해야 한다는 점 등을 고려할 때 이 역시 단순병합으로 본다는 것입니다. 열공하세요~", ,,22.01.14
특허법,문제,134조,[134] 객관식 807페이지 질문입니다.,"안녕하세요, 변리사님. 객관식 807페이지 풀다가 궁금한 점이 있어서 글 남깁니다. 위에 보기2번이 소멸 후에는 청구가 불가능하므로 정답이라고 되어 있는데 134조 3항은 133조 2항을 준용하고 있고, 133조 2항은 특허권이 소멸된 후에도 청구할 수 있다고 되어 있어서 이해가 잘 가지 않네요. 제가 어떤 부분을 놓친 걸까요? 감사합니다.","원래 특허권의 존속기간이 존속기간 만료로 소멸한 경우에, 그 후 연장된 존속기간이 시작되는 것입니다. 따라서, 존속기간 만료로 소멸하지 않고 무효로 소멸한 경우에는 연장된 존속기간은 존재하지 않습니다. 한편, 제134조제3항에서 제133조제2항을 준용하는 것은, 연장된 존속기간 중은 물론 연장된 존속기간이 소멸된 경우에도 청구할 수 있다는 의미입니다. 열공하세요~", ,,22.01.15
특허법,문제,136조2항,[136조2항] 정정심판청구기간 질문입니다.,"특객 840번 5번 지문에서 특허취소신청이 특허법원에 계속 중인 경우에도 정정심판을 청구할 수 있는 경우가 있다. 는 지문이 옳은 지문이라고 하셨는데, 법조문에서는 취소신청이 심판원에 계속중인 때부터 결정확정될 때까지 정정심판을 청구할 수 없다하여 법원에 취소신청 계류중에는 청구가 불가능하다고 생각하였습니다. 어떤 사안의 경우 가능한 것인지 알고싶습니다.",법 제136조제2항제1호 단서의 경우 가능합니다. 한 번 살펴보세요~,"단서의경우는 '무효 또는 정정무효심판의 심결에관한 소가 특허법원에계속중인경우 변론종결된날까지 정정심판할수있다'고 되어있습니다. 그래서 136조2항1호본문에의하면 취소신청에대한 심결확정까지는 정정심판을청구할수없는바, 취소신청이먼저 특허법원에 계속중이라면 정정심판청구는 불가능하고, 무효나 정정무효심판있어서 심판원계속중이면 정정심판청구불가능하나(136조2항2호),특허법원 계속중이라면 정정심판청구가 가능한것이라 생각하였습니다.(136조2항1호 단서) 취소신청이 136조2항1호단서에해당하면 취소신청이 특허법원 계속중인경우 정정심판이 가능하단 취지의 답변을 주셨는데, 그렇다면 취소신청과, 무효심판이 모두 특허법원에 계속중인경우에 136조2항1호본문이 아니라 단서가 적용되어 취소신청이 특허법원에계속중이어서 결정이 확정되지 않았더라도 무효심판이 특허법원에 계속중이라면 정정심판이 가능하다 보는것인가요? 단서규정을 보고서도 잘 이해가가지않아 다시질문드려 죄송합니다ㅜㅠ","제136조제1항제1호단서는 취소신청과 무효심판이 서로 겹치는 경우에 적용되는 규정입니다. 취소니청과 같이 계속 중인 무효심판이 무제한설에 의해 심리하다 보니 새로운 주장이 가능하고, 정정심판을 청구할 수 있는 기회를 주겠다는 것입니다. 기본서 한 번 읽어 보세요~",22.01.17
특허법,조문,170조,[170조] 거절결정불복심판 자판,미리 답변감사드립니다! 특허법에서의 거절결정불복심판에서는 1.원거절이유가 해소되고 다른 거절이유가 없을때 ->인용심결 2-1 원거절결정이 해소되지않은경우나 2-2 원거절결정은 해소되었지만 다른 거절결정이 있는경우 ->기각심결을 하는데 거절결정에 대해서는 자판이 불가하여 새로운 거절이유로 기각심결을 하는것은 안되는걸로 알고있습니다. 그렇다면 2-1의 경우와 2-2의 경우는 출원인이 심결을 보고 기각심결을 받았을 경우 원거절이유가 해소되었는지 안되었는지 모른 상태로 남아있는 것인지 의문이 들어 질문드립니다!,"심결문에 기각한 이유가 기재됩니다. 그리고, 2-2의 경우 법 제170조제2항에 따라 출원인에게 의견제출기회를 주게 되어 있습니다. 열공하세요~", ,,22.01.18
특허법,조문,158의2,"[158의2] 적시제출주의(실기한 공격, 방어방법의 각하 주체)","안녕하세요. 이번 최신 개정된 특허법조문 158의2에서 준용하고 있는 민소149조(실기한 공격, 방어방법의 각하)를 보면 ""당사자가 제146조의 규정을 어기어 고의 또는 중대한 과실로 공격 또는 방어방법을 뒤늦게 제출함으로써 소송의 완결을 지연시키게 하는 것으로 인정할 때에는 법원은 직권으로 또는 상대방의 신청에 따라 결정으로 이를 각하 할 수 있다.""로 주체는 법원으로 나와있었습니다. 그런데 이번 리담 특허법 추록에서 특허법 158의2 조문을 풀이한 것을 보니 ""당사자가 고의 또는 중대한 과실로 공격 또는 방어방법을 뒤늦게 제출함으로써 심판의 완결을 지연시키게 하는 것으로 인정할 때에는 심판장은 직권으로 또는 상대방의 신청에 따라 결정으로 이를 각하할 수 있다."" 로 확인하였습니다. 제가 아직 민소법을 잘 모르지만 최근 들어온 조문이다보니 꼼꼼하게 확인하던 중에 민소법 147조 1항 ""재판장은 당사자의 의견을 들어 한 쪽 또는 양 쪽 당사자에 대하여 특정한 사항에 관하여 주장을 제출하거나 증거를 신청할 기간을 정할 수 있다""로 되어있었고 리담특허법 추록에서 특허법 158의 2를 풀이 한것을 확인하니 ""심판장은 당사자의 의견을 들어 한 쪽 또는 양 쪽 당사자에 대하여 특정한 사항에 관하여 주장을 제출하거나 증거를 신청할 기간을 정할 수 있다""로 되어있는 것을 확인하였습니다. 따라서 민소법에서 ""법원""과 ""재판장""을 구분시킨다면 특허법 158의2에서 민소 149조를 준용 할 때 주체가 ""심판장""이 아니라 ""심판원""이어야 하지 않을까?라는 궁금중이 들게 되었습니다. 너무 많이 들어가나라는 생각이 들면서도 최근에 들어온 조문이다보니 확실하게 잡고가자라는 생각에 이렇게 질문을 남기게 되었습니다. 긴 글에도 답변주셔서 감사합니다. 저작자 표시컨텐츠변경비영리","꼼꼼하게 보셨네요. 그런데, 특허법에서는 제141조를 보면, 심판장이 심판 청구 이외의 청구나 신청 등을 결정으로 각하하도록 규정되어 있기 때문에, 심판장으로 기재한 것입니다. 법 조문이 제146조의2가 아니라 제158조의2 이니 제목과 내용을 수정해 주세요~.", ,,22.01.19
특허법,조문,170조,[170조] 의견서제출통지,"먼저 좋은 강의 감사드립니다. 170조 2항과 관련하여 심사단계 거절결정의 이유와 다른 거절이유 발견시 의견서제출기회 줘야한다고 되어있는데요. 만약 심사단계에서 '진보성' 부정된다는 이유로 거절결정 받았는데, 후에 거절결정불복심판을 기각하는 이유가 '진보성'과 '기재불비'라면 심사단계에서의 거절결정과 같은 이유인 '진보성' 부정이 기각심결 사유에 포함된다 하더라도 '기재불비'에 대해서 의견서제출기회 부여하지 않은 것이 위법한지 궁금합니다. 제가 다른 판례 사안과 헷갈려서 조문과 예시를 들어 질문드립니다. 답변해주시면 감사하겠습니다. 저작자 표시컨텐츠변경비영리",위반이 아닙니다. 원거절결정의 거절이유가 해소됨을 전제로 새로운 거절이유에 대한 의견제출기회를 주는 것입니다. 열공하세요~, ,,22.01.21
특허법,문제,154조8항,[154조8항] 중복심판청구 금지,"22년 59회 변리사 1차 시험대비 1회 한빛 실전모의고사 1번문제 1번 지문에 대해 질문이 있습니다. 일사부재리의 경우 심판청구 시를 기준으로 심결이 확정되지 않아 위배되지 않지만, 중복심판청구 금지의 경우 동일인, 동일심판, 심결 시를 기준으로 심판 계속 중이어서 중복심판에 해당하는 것으로 이해하였습니다. 문제에서 ""심판 1과 다른 무효심판을 청구한 사정이 존재한다.""에서 '다른' 때문에 1번 지문이 맞는 것이라면 일사부재리 요건 중 동일한 심판에 해당하지 않으므로 2번 지문에서도 일사부재리에 위배되지 않는 것이 옳다고 생각하였는데 이것이 맞는 지 궁금합니다.","지문 1은 심판 2 청구 당시 본안심결이 확정되지 않아서 일사부재리가 적용되지 않고, 지문 2은 심판 2 청구 당시 본안심결이 확정되어서 일사부재리가 적용됩니다. 둘 다 같은 무효심판이라는 전제에서 문제가 설계된 것 같은데, 다른의 의미를 잘못 이해하고 있네요. 열공하세요~", ,,22.01.23
특허법,조문,135조,[135조] 적극적 권리범위확인심판,안녕하세요 변리사님 적극적 권리범위 확인 심판은 ‘실시예정’인 확인대상발명에 대해서는 청구할 수 없는 것인지 궁금합니다.,"네, 실시예정인 미래의 이해관계인을 대상으로는 적극적 권리범위확인심판을 청구할 수 없습니다. 열공하세요~", ,,22.01.27
특허법,조문,142조,[142조] 심판 적법성 심리 단계에서의 보정명령,"변리사님 안녕하세요! 심판 적법성 심리 단계에서의 보정명령 주체에 대해 질문드립니다. 심판의 방식심리 단계 흠결은 심판장이 보정명하고 치유X시 심판장이 결정각하하는것으로 알고있습니다. 적법성 심리 단계에서는 조문상의 표현으로 보자면, ""제142조(보정할 수 없는 심판청구의 심결각하) 부적법한 심판청구로서 그 흠을 보정할 수 없을 때에는 피청구인에게 답변서 제출의 기회를 주지 아니하고, 심결로써 그 청구를 각하할 수 있다.""라고 되어있고, 만약 보정가능한 것이라면 심판청구인에게 보정명하여야 각하 할 수 있다고 알고 있습니다. 질문) 적법성 심리단계에서의 심리주체는 심판관합의체이지만 보정명령은 심판장이 하는게 맞나요? 명확한 조문표현이 없어 질문드립니다. 감사합니다.","네, 심판장 명의로 합니다. 열공하세요~", ,,22.02.01
특허법,문제,154의2,[154/2] 전문심의원 지정 결정 취소,4번지문이 심판장이 취소하여야 한다 아닌가요?,"정확히 표현하면 원칙적으로, 법원은 특허심판원으로 바뀌게 됩니다. 다만, 민소법 제164조의2 제3항에서 법원은 심판장으로 바뀝니다. 심판단계에서 의견진술의 기회는 심판장이 주기 때문입니다. 따라서, 4번에서도 심판장을 특허심판원으로 바꾸는 것이 더 정확합니다. 열공하세요~", ,,22.02.02
특허법,조문,134조,134조]존속기간연장등록 무효심판,"해당 문제의 2번 지문에 대한 질문입니다. 134조 3항을 보면 133조 2항을 준용한다고 되어있고, 133조 2항은 특허권이 소멸된 후에도 청구할 수 있다고 되어있습니다. 저는 예를들어 2020년까지가 원래 존속기간이고 2023년까지 존속기간이 연장되었는데, 연장된 존속기간 중인 2022년에 특허권자에게 후발적 무효사유가 발생하고 그 후 무효심결이 확정되었다면 2022년부터 특허권이 소멸할텐데, 만약 2021년에 특허권 침해가 있었다면 그 당사자는 존속기간 연장등록무효심판을 청구하여 특허권이 2020년에 존속기간 만료로 소멸하도록 할 청구이익이 있다고 생각했습니다. 그런데 해당게시판에서 검색하다보니 특허권이 소멸되면 연장된 존속기간도 함께 소멸된다고 하시던데 그럼 위 예시에서 2022년 후발적 무효사유가 발생하고 무효심결이 확정되었을때 2022년 무효사유 발생시부터 특허권이 소멸하는 것이 아니라 연장된 존속기간도 함께 소멸하여 2020년부터 특허권이 소멸하는 건가요? 특허권이 무효심결의 확정으로 소멸하면 연장된 존속기간도 함께 소멸하는 건 어디에 근거하는 것인지도 궁금합니다. 책에는 무효심결의 확정으로 소멸하면 청구할수없다고만 되어있고 이유는 안 나와있어서요.","1. 연장된 존속기간 동안 법 제133조제1항각호의 특허무효사유, 문의한 것처럼 후발적 사유가 발생한 경우에 어떻게 처리할지 여부는, 특허법의 공백 부분으로서 단정해서 말할 수 없는 영역입니다. 수험생 입장에서는 몰라도 됩니다. 2. 특허법 제134조제3항에서 준용되는 제133조제2항의 내용은 연장등록의 존속기간이 만료된 후에도 청구할 수 있다는 것입니다. 한편, 연장된 존속기간은 원래의 존속기간이 그 기간의 만료로 소멸된 경우에 이어서 효력이 연장되는 것입니다. 그 기간의 만료 이외의 사유로 특허권이 소멸된 경우에는 연장된 존소기간이 있을 수 없습니다. 열공하세요~", ,,22.02.02
특허법,조문,176조,[176조] 인용심결의 주체,176조에서 보면 인용심결의 주체는 심판관이라 나와있습니다. 방식/적법성/본안 심리에서의 주체가 헷갈려 질문 드립니다. 결정계심판과 당사자계심판에서 동일하게 방식심리는 심판장이 하고 각하결정은 심판장이 한다. 적법성심리는 심판관합의체가 하고 각하심결은 심판관이 한다. 본안심리는 심판관합의체가 하고 인용/기각심결은 심판관이 한다. 가 맞는지 궁금합니다. 항상 좋은 강의 감사합니다.,"방식심리는 심판장이 하는 것이고, 적법성, 본안심리 모두 심판관합의체가 합니다. 법 제176조에 말하는 심판관은 심판관합의체를 의미합니다. 열공하세요~", ,,22.02.03
특허법,조문,135조,[135] 확인의 이익,다투지않는다는 의사표시를 한 경우 ; 다투지 않는것이 명백한 경우에 해당하지 않나요? 판례태도는 아무런 다툼이 없는 경우 ; 청구이익 없어서 심결각하 향후에도 주장할 의사가 없다고 진술한 점 ; 심결각하 인데 심사실무는 판례태도랑 다른건가요?,"다툼이 없는 경우란 다투지 않겠다고 합의한 경우를 말합니다. 합의란 양 당사자가 논의하여 공통된 결론에 이른 것인데, 일방의 진술이 있다고 하여 합의가 되었다고 말할 수 없습니다. 따라서, 판결이 비판받고 있는 것입니다. 열공하세요~", ,,22.02.04
특허법,문제,139조,[139조] 무효심판 이해관계,"안녕하세요, 한빛 2회차 모의고사 12번의 4번 지문과 관련하여 질문이 있습니다. 4번 지문을 보면 '상대방의 등록권리를 인정하고 그 권리에 위반되는 행위를 하지 않는다는 내용의 약정을 하였다면 무효심판의 이해관계는 소멸하지 않는다.' 라고 되어있습니다. 그리고, 2021 리담특허법 강의노트 452p 표를 보면 분명히 <권리를 인정하고 권리에 위반되는 행위를 하지 않겠다> -> 무효심판의 이해관계 소멸 이라고 정리되어 있습니다. 강의노트에 있는 표와 2회차 모의고사의 위 지문이 완벽히 동일한데, 강의노트에서는 이해관계가 소멸한다고 나와있고, 이번 모의고사에서는 이해관계가 소멸하지 않는다(4번 지문이 옳은 지문이다)고 하셨습니다. 둘이 충돌되는 것처럼 보이는데 어떻게 이해해야 하는 것인지, 만약 저 지문이 맞는 지문이라면 강의노트에 있는 표는 어떻게 수정해야 하는 것인지 답변 부탁드립니다. 감사합니다! (모의고사 출제자가 임병웅 변리사님이 아니실 수도 있지만, 수강생의 입장에서 너무나 혼동되어 질문드립니다 ㅜㅜ)","틀린 지문입니다. 참고로, 저는 모의고사와 전혀 관계가 없습니다. 열공하세요~", ,,22.02.06
특허법,문제,163조,[163일사부재리]판단시점,"안녕하세요 변리사님 일사부재리 판단시점에 대해 질문이있습니다. 일사부재리에대해 동일사실,증거에 대해서는 심결시 본안심결확정에 대해서는 심판청구시라고 알고있습니다. 리담객관식문제 중 일사부재리 원칙 적용여부의 판단기준시점은 해당심판의 심결시이다. 정답-> 심판청구시이다. 라고되어있는데, 만약에 위 판단시점이 지문으로 나왔을때 원칙적으로는 심판청구시이고, 심결시가 답이되는지문은 동일사실,동일증거라는 키워드가 나와야한다고 기억하면될까요? 저작자 표시컨텐츠변경비영리","해설이 틀린 것입니다. 본안심결이 확정되었는지 여부는 심판청구시, 동일사실 및 동일증거인지 여부는 심결시라고 생각하면 됩니다. 열공하세요~", ,,22.02.07
특허법,조문,154의2,[154조의2]전문심리위원 질문입니다.,"조문을보면 6항에 제척,기피에 관하여만 쓰여있고, 회피와 관련하여는 언급이 없어보입니다. 그렇다면 심판장이 직권으로 전문심리위원 지정경우 심리위원은 회피할 수 없다고 봐야하는건가요?","전문심리위원은 공무원이 아니기 때문에 허가를 받지 않고도, 자신의 의사에 의해 심판에 참여하지 않을 수 있습니다. 따라서, 회피(제153조의2)를 준용하지 않는 것입니다. 열공하세요~", ,,22.02.12
특허법,조문,135조,[135조] 권리범위 확인심판청구이익,"변리사님 안녕하세요^^ 특상 권범심 관련하여 질문있습니다. 특허에서는 권범심 중 무효의항변이나 자유실시의항변이 가능하여 무효사유판단이 가능한 것으로 알고있습니다. 상표에서는 특허와 다르게 이러한 주장이 불가한것에 가까운데, 그렇다면 아래의 지문이 특허에서는 틀린것으로 봐야할까요? 즉, 특허에서는 등록특허가 무효로 될 것임이 명백한 경우라면(진보성제외) 권범심청구이익이 인정되지 않는다가 맞을까요? 답변 감사합니다. 좋은하루되세요^^ 저작자 표시컨텐츠변경비영리","동일성실시를 제외하고는 권리범위가 인정되기 때문에 심판청구의 이익이 인정됩니다. 따라서, 특허에서는 맞는 지문입니다. 열공하세요~","답변 감사합니다. 동일성실시라는것이 권범심 무효의 항변 중 신규성, 확선, 선출원 등의 권리범위 부정 사유를 말씀하시는 것 맞나요? 그 이외의 사유로 무효로 될 것임이 명백한 경우에는 권리범위가 부정되는 것이 아니기에 심판청구의 이익이 있다는 것으로 이해하면 되나요?","네, 맞습니다.",22.02.14
특허법,조문,165조,[165조] 특허취소신청 비용 부담,"결정계 심판은 청구인이, 당사자계 심판은 통상실시권허락심판을 제외하고 패심자가 부담하는 것으로 알고 있습니다. 165조를 살펴보면 특허취소신청은 제외되어 있는 것 같은데, 특허취소신청의 비용은 누가 부담하는지 교재를 찾아봐도 내용을 찾기 힘들어 질문 올립니다.","아래의 제132조의15를 읽어보세요. 제132조의15(심판규정의 특허취소신청에의 준용) 특허취소신청의 심리ㆍ결정에 관하여는 제147조제3항, 제157조, 제158조, 제164조, 제165조제3항부터 제6항까지 및 제166조를 준용한다.", ,,22.02.14
특허법,조문,138조,[138조] 통상실시권자의 피청구인 적격,"안녕하세요. 임병웅 변리사님, [21판 리담특허법 p1057] 크로스 라이선스(138조 3항) 에서 ""통상실시권자가 이론상 통상실시권허락시판의 피청구인이 될 수 없다고 보는 것이 타당하다고 생각된다. 그러므로 입법론의 재고가 요청된다.""라는 부분이 잘 이해가 안되어서 질문 드립니다. 이 뜻이, 일반적인 통상실시권허락심판(138조 1항, 2항)에서는 통상실시권자가 청구인으로 포함이 되지만, 크로스 라이선스(138조 3항)에서는 통상실시권자가 피청구인으로 포함되지 않는다는 뜻인가요. 아니면 현재는 138조에서 통상실시권의 피청구인적격을 다루고 있지 않다는 뜻인가요?",네. 전자의 의미입니다. 통상실시권자는 타인에게 통상실시권을 허락해줄 권원을 가지고 있지 않기 때문입니다. 열공하세요~, ,,22.03.16
특허법,조문,132조17,[132조17] 거절결정불복심판,"먼저 좋은 강의 감사드립니다. 다름이 아니라 거절결정불복심판의 심리와 관련하여 심사단계에서 신규성 거절이유가 있음에도 진보성 없음으로 거절결정하였다면 (즉, 거절이유가 타당하지 않다면) 거불심 청구하여 진보성 없다는 심사관의 결정이 타당하다면 심사단계의 거절이유가 틀리더라도 기각심결 내려야 하는 것인가요? 답변부탁드리겠습니다. 저작자 표시컨텐츠변경비영리","네, 다만 제170조제2항에 의해 거절이유통지를 하여야 합니다. 열공하세요~", ,,22.03.28
특허법,판례,135조,[135조] 권리범위확인심판,"먼저 좋은 강의 감사드립니다. 권리범위확인심판에서 확인대상발명의 특정과 관련하여 특허법 판례(2011후2626)는 확인대상발명과 피심판청구인이 실시하고 있는 발명의 동일성은 피심판청구인이 확인대상발명을 실시하고 있는지 여부라는 사실확정에 관한 것이므로 이들 발명이 사실적 관점에서 같다고 보이는 경우에 한하여 그 동일성을 인정하여야 한다. 라고 하고 상표법 판례(2010후1268)는 업무표장권의 적극적 권리범위확인심판에서 심판대상으로 삼고 있는 확인대상표장과 피심판청구인이 실제로 사용하는 표장이 동일하지 않은 경우에는 확인의 이익이 없어 그 심판청구는 부적법하나, 확인대상표장과 실사용 표장이 차이가 있더라도 그 차이나는 부분이 부기적인 것에 불과하여 양 표장이 동일성의 범위 내에 있는 경우에는 확인의 이익이 있다. 라고 합니다. 전자의 경우, 엄격한 완전한 동일성 요구임에 반해, 후자의 경우, 특허법에서의 실질적 동일성과 같은 정도의 동일성 정도면 족하다는 태도로 이해했습니다. 그런데, 양자의 차이가 어디서 나오는 것인지 잘 모르겠습니다. 권리범위확인심판은 일사부재리와 같은 대세적효력이 있기 때문에 특허법 판례와 같이 매우 엄격하게 해석하는 것이 맞다고 생각하는데, 상표법의 경우, 동일성 범위까지 용인하는 이유를 잘 모르겠습니다. 답변해주시면 감사하겠습니다.","상표법 판례를 제가 자세히 공부하지 않아서 잘 모르겠으나, 특허법 판례가 더 타당해 보이네요. 열공하세요~", ,,22.04.15
특허법,조문,136조,[136조] 정정시 청구범위제한,"청구범위를 실질적으로 확장하거나 변경하지말아야하는데 1.진보성흠결을 이유로한 무효심판에서 특허권자가 청구항을 A+B에서 A +b1으로 정정했을시, 진보성흠결이 극복되면 하위개념이여도 제3자에게 불측의손해를 주어 실확변으로 볼수있는건가요?? 2.정정으로 신규성이나 진보성을 이유로한 무효심판에서 실확변에 걸리지 않고 이길수있는 방법이있나요? 간단한 예시라도 들어주시면 감사하겠습니다! 3. 발명의설명에 A+B만있을시 청구범위를 A+B에서 A+b로 정정시 이것또한 신규사항추가에 해당하는거라 보면되나요?","1.2. 새로운 목적 및 효과를 갖는지 여부가 중요한 판단법리인데, A+b1 발명이 명세서에 개시된 것이라면 새로운 목적 및 효과를 갖는다고 보기 어렵기 때문에 정정이 인정될 가능성이 큽니다. 또 다른 가장 간단한 예시는 하나의 청구항에 여러 개의 발명이 있는데 일부가 신규성, 진보성 위반이라면 이를 삭제하는 것이 있을 수 있겠네요. 3. 네, 신규사항추가에 해당합니다. 열공하세요~", ,,22.04.27
특허법,조문,156조,"[156조, 159조] 심판참가, 직권심리","안녕하세요. 159조에서 1항은 당사자 및 참가인이 신청하지 않은~ 이고 2항은 청구인이 신청하지 않은~ 이렇게 나와있는데 이때 청구인은 심판의 청구인 즉 당사자라고 생각이 됩니다. 그럼 왜 이때 참가인은 포함이 안되나요,,? 참가인도 참가신청서에 취지와 이유를 모두 기재하는데 왜 안되는지 궁금합니다. 그리고 참가신청서는 조문을 보면 심판장에게 제춣하여야 하는데, 책을 보면 1067p에 특허심판원장에게도 청구할 수 있다고 나와있어서 조문을 따르는게 맞는지 둘다 맞는지 궁금합니다. 감사합니다.",1. 당사자가 처분을 원하는 범위내에서 심리할 수 있다는 것이 법 제159조제2항의 내용입니다. 참가인은 이에 대해 이해관계가 있으면 참가하는 것이고요. 2. 법조문은 심판장이나 시행규칙은 심판원장에게도 할 수 있다고 되어 있습니다. 열공하세요~, ,,22.04.28
특허법,조문,170조,"[170조, 172조] 특허거절결정불복심판","안녕하세요. 170조에서 심사 규정을 준용하는데, 이때 보정각하는 ‘심판청구 후 최후거절이유통지에 따른 의견서 제출기간’의 보정에만 할 수 있다고 배웠습니다. 1. 그런데 심판청구 전에는 어떻게 최후거절이유통지를 할 수 있는 것인지 모르겠습니다. 이때 거절이유통지는 심리가 아닌 심사단계에서의 거절이유통지일까요…? 그러면 또 준용하는 47조1항1,2호의 보정은 심리단계에서의 거절이유통지에 따른 의견서제출기간인가요? 너무 헷갈려서 질문드립니다… 2. 거불심은 심사에서의 거절결정을 취소하여 줄 것을 요구하는 심판인데, 왜 심사에서의 거절결정이유에 국한되지 않고 전면적 재심리를 하는 건지, 또 보정의 기회는 대체 왜 주는 것인지 잘 이해가 안갑니다… 이렇게 보정할 수 있는 기회를 준다면 그것은 거절결정의 당부에 대한 판단이 아니라 단순히 보정 기회의 연장 아닌가요…? 심판청구서와 함께 거절결정 당시의 명도를 그대로 제출하는 것인지, 보정된 명도로 심판청구를 하는 것인지 궁금합니다. 3. 심사단계에서 미리 통지한 이유이지만 거절결정의 이유가 아니라면 보정각하를 할 수 없고 거절이유통지를 해야한다고 하는데, 이러면 심사에서 밟은 특허에 관한 절차 전부가 심판에서 효력이 있다고 하기 어려울 것 같은데 172조는 일부 절차가 효력이 있다고 이해하면 될까요? 괜찮으시다면, 심사에서 밟은 특허 중 어떤 것이 심판에서 효력이 있는지 예를 들어 설명해주실 수 있을까요? 거불심이 너무 어려워서 170조에서 막혀버렸습니다…ㅠㅠㅠ 질문이 길어 죄송합니다. 답변 주시면 감사하겠습니다.","1. 네 심판청구전 일반심사단계나 재심사단계 등에서의 거절이유통지를 말합니다. 2. 거절결정당시의 명도를 제출합니다. 그리고, 기존의 거절이유가 타당하다면 의견제출기회를 주지 않을 것입니다. 새로운 거절이유를 근거로 거절결정이 타당하다고 한다면 출원인에게 새로운 거절이유의 극복기회를 보장해 주어야 합니다. 3. 예를 들어, 심사단계에서 최초거절이유통지에 대한 보정을 하여 새로운 거절이유가 발생하였는데, 심판단계에서 발견한 경우 그 효력이 그대로 인정되기 때문에 최후거절이유통지를 합니다. 열공하세요~", ,,22.04.28
특허법,조문,160조,[160조] 심리심결의 병합분리,"안녕하세요! 160조 조문을 보면 심판관은 당사자 양쪽 또는 어느 한쪽이 동일한 둘 이상의 심판에 대하여 심리 또는 심결을 병합하거나 분리할 수 있다고 하는데, 조문만 보면 심판이 계속 중이어야 한다는 요건이 없어서 확정된 심결도 분리, 병합할 수 있다고 생각했는데 책 1114 페이지 그림 7-5를 보니 아닌 것 같아서 질문 드립니다! 왜 심판 계속 중일 때만 가능한가요? 뭔가 너무 당연한거 같기도 한데 명쾌하게 맞아떨어지지 않아서 궁금합니다… 감사합니다!","심판절차에 대한 이해가 부족합니다. 구체적으로, 심리, 심결이 끝난 후 등본이 송달되고 심결이 확정됩니다. 열공하세요~", ,,22.04.28
특허법,조문,170조,[제170조] 특허법 170조2항과 상표법 123조3항 차이,"안녕하세요 변리사님 규정표현 차이가 있는부분이 이해가 안가서 질문드립니다! 1. 특허법 규정 (63조 1항 본문) 심사관은 다음 각 호의 어느 하나에 해당하는 경우 특허출원인에게 거절이유를 통지하고, 기간을 정하여 의견서를 제출할 수 있는 기회를 주어야 한다. (170조 2항) 제1항에 따라 준용되는 제63조는 특허거절결정의 이유와 다른 거절이유를 발견한 경우에만 적용한다. 2. 상표법 규정 (55조 1항 본문) 심사관은 다음 각 호의 어느 하나에 해당하는 경우에는 출원인에게 미리 거절이유를 통지하여야 한다. (123조 3항) 제1항에 따라 준용되는 제55조를 적용할 때에는 해당 상표등록거절결정의 이유와 다른 거절이유를 발견한 경우에도 준용한다. 규정상 특허 거절결정불복심판에선 거절결정의 이유와 ""같은"" 거절이유를 발견한 때에는 의견제출기회 부여없이 기각심결 가능한 것으로 보이고, 상표 거절결정불복심판에서는 거절결정의 이유와 같은 거절이유를 발견한 때에도 다시한번 의견제출기회를 부여하라는 것으로 보이는데 혹시 같은 취지의 위 규정들이 다르게 규정된 특별한 이유가 있을까요? 부득이하게 상표법 질문을 섞어서 하게된점 죄송합니다 ㅠㅠ 논의가 없는 부분이면 그냥 개별적으로 암기하도록 하겠습니다!","동일한 의미로 해석되고 있습니다. 상표법 제123조제3항도 동일한 거절이유가 해소되었음을 전제로 다른 거절이유가 발견된 경우에 거절이유통지를 한다는 것입니다. 판례도 살펴보니, 그와 같이 해석하고 있네요. 열공하세요~", ,,22.05.06
특허법,조문,155조,[155조] 심판청구인과 당사자 참가인의 구별실익,"안녕하세요! 당사자 참가 관련해서 의문점이 생겨 질문 드립니다. 무효심판, 권리범위 확인 심판을 청구하는 자가 2명 이상이면 공동으로 청구할 수도 있고, 일부만이 청구할 수도 있는데 이 경우에 당사자적격이 있는 사람은 참가자로서 참가할 수도 있다. 즉 청구인의 지위이면 직접 청구인이 되는 방법과 당사자참가하는 방법 두가지가 있다. 라고 이해했는데요. 첨부한 필기노트를 보면 직접 청구인이 되는 경우와 당사자 참가하는 경우에 심판에 관여할 수 있는 범위나 한명이 취하했을 경우 지위(심판계속 가능)등에서 큰 구별실익이 없는 것 같습니다. 그런데 이 두가지를 나누어 두는 이유가 무엇인가요? 구별실익이 있나요?",당사자 참가를 한 경우 공동으로 심판을 청구한 것과 동일하게 됩니다. 열공하세요~, ,,22.05.13
특허법,판례,135조,135조] 소멸된 특허권의 권리범위확인심판 청구의 이익,"객관식 835번 질문입니다! 첨부된 사진 ㄱ번 보기에서, 권리가 후발적 무효사유로 소멸된 경우 등록 후 소멸 전까지의 실시에 관해서는 권리행사가 있을 수 있기 때문에 권리범위 확인을 구할 이익이 있지 않나요?",판례가 인정하지 않습니다. 기본서를 한번 읽어 보세요~, ,,22.05.16
특허법,조문,161조,[161조] 공동심판청구 취하,"안녕하세요, 심판청구의 취하 파트에서 개념정리가 안 되는 부분이 있어 질문드립니다. 리담특허법(20판) 제7편 제5장 2절 주체적요건 1069p 1. 주체적 요건 심판청구인(공동심판청구인의 경우 일부 심판청구인)은 피청구인의 답변서 제출이 없는 경우에는 피청구인의 동의를 받지 않더라도 취하할 수 있으나 피청구인으로부터 답변서가 제출된 후에는 그의 동의를 받아야 한다. 위 지문에서 괄호 부분, ""공동심판청구인의 경우 일부 심판청구인""의 의미는 공동심판청구의 경우 심판청구의 취하는 공동심판청구인 중 각자가 (공동심판청구인들 동의없이) 취하할 수 있다는 뜻인가요? 11조 1항 4호와 비교하였을 때 제가 개념을 오해한 부분이 있는 것 같아 질문드립니다","글 괄호의 의미는, 공동심판청구라는 것이 각자 심판청구해야 할 것을 한꺼번에 한 것이고, 따라서 각자 취하할 수 있다는 것입니다. 이 경우 일부가 취하하면 나머지 심판청구인이 계속 심판을 진행하게 되고, 그렇게 하더라도 일사부재리효가 발생하여 대세효가 인정되기 때문에 심판피청구인에게 불이익을 주는 것은 아닙니다. 제11조제1항제4호는 이 사안과 다른 것으로서, 하나의 청구에 대한 취하는 전원이 해야 한다는 것입니다. 열공하세요~", ,,22.05.17
특허법,조문,,무효심판의 취하에 대해서 질문이 있습니다.,리담특허법 21판 1220페이지에 취소신청과 무효심판과의 비교 표 7- 14에 무효 심판 취하에서 답변서가 제출된 후에는 불가 라고 적혀 있는데 무효심판의 취하는 답변서가 제출된 후에는 피청구인(특허권자)의 동의가 있으면 가능한 것이 아닌가요? 제가 잘못 이해하고 있는 것이 있는거 같아서 질문드립니다.,"동의없이 불가인데, (동의없이)가 빠졌네요. 열공하세요~", ,,22.05.20
특허법,조문,136조,[136조] 정정심판의 청구시기,"리담(20판) 정정심판 4.청구기간 파트 중 (1168p) 2. 특허무효심판 또는 정정의 무효심판이 특허심판원에 계속중인 기간 2) ""특허심판원에 계속 중""인 경우란 특허무효심판의 청구서 부본이 특허권자에게 송달된 때부터 심결까지의 기간을 말한다. 심결 이후부터 심결에 대한 제소 가능 기간까지는 법원에 특허무효심판에 대한 소 제기가 가능하므로 특허심판원에 계속 중이라고 해석되지 않는다. 위 해설을 참고하면 그림7-9의 제가 물음표로 표시한 부분은 ""특허심판원에 계속 중""인 경우가 아니어서 136조 2항 2호에 해당하지 않게 되고 따라서 정정심판 청구가 가능한가요? 또, 위 제소가능기간의 경우 147조1항, 159조1항에 해당되지도 않아서 정정청구는 불가하다고 이해하는게 맞는지 궁금합니다",예리하시네요. 개정된 심판실무에 의하면 정정심판청구가 안 되네요. 물론 정정청구도 안 되고요. 열공하세요~, ,,22.05.20
특허법,조문,136조,"[136조] 정정심판과 취소신청, 특허무효심판과의 관계에서 질문 있습니다.",리담 p.1197이나 강의노트 p.460 표 대법원에 계속 중에서 정정 전 특허발명에 의해 법령 위반이 존재하는지 판단에서 강의에서는 특허무효심판임을 전제로 법령에 위반이 있으면 파기환송하여 특허법원에서 정정 후 특허발명에 의해 무효사유를 심리하고 위반이 없다면 기각판결 확정 되어 특허가 소급 소멸 한다고 하셨었는데 만약에 취소신청이 대법원에 계속 중에 정정심판의 인용심결이 확정 된 경우라면 그리고 이 때 정정 전 특허발명에 의해 법령 위반이 있어서 파기 환송하였다면 특허법원에서 정정 후 특허발명에 의해 취소사유를 검토 할 수가 있는 것인지가 궁금합니다. 특허법원에 계속 중이라면 제한설을 취하는 특허취소신청의 경우는 심판원으로 취소환송을 하여 정정 후 특허발명에 의해 취소사유를 심리하지 않기 때문에 대법원에서 파기환송하고 특허법원으로 내려오면 특허법원에서 다시 한번 취소환송을 하여 심판원까지 내려오는지가 궁금합니다. 그리고 이런 고민을 해야하는지도 궁금합니다. 괜히 너무 자세하게 파고드려는 것이 아닌가 하는 생각이 들었습니다...,"네, 취소결정에 대한 취소소송은 제한설을 취하고 있기 때문에, 심판원에서 다시 심리를 하게 될 것입니다. 열공하세요~", ,,22.05.21
특허법,조문,140조,[140조] 정정심판의 청구인 보정,"안녕하세요, 140조 2항 1호의 당사자 중 특허권자 기재 보정에서 질문 드립니다 위 스크린샷의 표시와 같이 강의노트에서는 당사자계 심판의 당사자로 한정하고 있는데, 그러면 정정심판의 청구인(특허권자) 보정의 경우는 140조 2항 1호의 해당사항이 없다고 이해하면 될까요?","그러고 보니, 강의노트의 표현에는 정정심판이 빠져 있네요. 정정심판의 경우도 마찬가지로 적용됩니다. <당사자계 심판>을 <심판>으로 수정해야 할 것 같네요. 열공하세요~", ,,22.05.22
특허법,조문,136조,[136조]정정심결 이후 무효심판 대법원단계,"전제내용: 무효심판이 청구되어 인용되었고 특허권자가 심결취소소송을 제기하여 기각판결이 났는데 다시 특허권자가 상고 제기하며+정정심판 청구한 경우 정정심결이 인용되었더라도, 정정 전 명세서로 대법원에서 진보성을 따진다 하였을 때, 이때 ""대법원에서 인용판결 하였다"" 의 의미가 1)정정 전 명세서로 심리하였을 때 원심의 오류를 발견하고 상고심 자체적으로 진보성을 인정하여 인용판결하였다는 의미인지,(=즉 무효아니다.=끝!=파기환송없음) 2)파기환송하여 특허법원에서 정정 후 명세서로 다시 진보성을 판단하여 이때 진보성이 인정되어 인용판결을 내렸다는것인지 질문드립니다. (=결론은특허무효아니다=끝!) 3) 1,2도 아니면 정정 전 명세서로 심리하여 진보성이 인정되어 인용판결(=상고를 인용한다=무효아닌지인지는모르겠지만 특허법원 너 판결은 틀렸어)(<-맞나요??)을 내렸고, 파기환송되어 특허법원단계에서 정정후 명세서로 다시 심리하게한다(이때부터의 결론은 모름. 진보성있으면 무효아니고 없으면 다시 무효) 이 의미가 맞는것인지요?? 다른 질문 4)또 대법원에서 인용판결=파기환송만을 뜻하는 것인지 아니면 대법원에서 내릴수 있는 판결은 1.자체인용판결가능하고 2.기가판결가능하고 3.파기환송도 가능 한것인지 헷갈려서 질문드립니다..","3) 번이 맞고, 인용판결은 파기환소을 의미합니다. 열공하세요~", ,,22.05.22
특허법,조문,154조,[154조] 특허취소신청의 중복심판청구금지,"154조 8항 특허심판이 계속 중인 사건에 대하여 당사자는 다시 심판을 청구하지 못한다 안녕하세요, 특허취소신청은 중복심판청구금지가 적용이 안 되나요?","네, 안 됩니다. 취소신청은 기간 내에 이유를 보정할 수 있고, 기간이 끝난 후 병합심리하니깐, 중복취소신청을 할 필요가 없습니다. 열공하세요~", ,,22.05.22
특허법,조문,136조,[136조] 정정청구 시기,"안녕하세요 위 표에서, 표에 적혀있진 않지만, 취소신청이 심판원 계속 중이면 무효심판이 특허법원/대법원 계속 중이어도 132의3에 의해 정정청구는 가능한 것이라고 이해해도 될지 질문 드립니다","사실 명확하지 않지만, 법조문에 의하면 가능한 것으로 이해됩니다. 열공하세요~", ,,22.05.24
특허법,조문,136조,[136조]정정심판과 침해죄에 대해,"2005도 12621 강의노트 판례를 보는데 잘 이해가 안되서 이렇게 질문을 드립니다. 甲이 A를 특허출원 후 A1으로 정정심판청구하여 정정되었는데 여기서 乙이 A2를 실시하고 있는데 乙에게 침해를 주장할 수 있는 이유가 뭔가요? 정정시 소급효가 적용되는데 그렇다면 A2의 실시는 A1가 다르기 때문에 침해가 아닌게 아닌가요? 여기서 甲이 의식적으로 A2를 제외한게 아니여서 침해 주장이 가능한건가요? 두 번째로는 ""침해 성립요건A1을 만족함을 전제로 침해죄A에 해당하는지 판단"" 이 말이 도저히 이해가 되지 않습니다. 甲이 A->A1 or A2 한정하여 정정할텐데 이중에서 甲의 정정후 청구범위와 乙의 실시가 같아야지 침해죄를 물을 수 있는건가요? 같지 않더라도 왜 침해를 물을 수 있는지도 잘 모르겠습니다.","보호범위 판단에 대한 이해가 부족합니다. 침해성립요건 판단 중 보호범위 판다는 all elements rule과 균등론에 의합니다. 예를 들어, A가 a+b+c, A1이 a+b+c+d, A2가 a+b+c+d+e인 경우, A2 실시는 A1의 침해가 됩니다. 다만, A가 기술적 범위를 특정할 수 없는 경우에는 A에 대한 보호범위 자체가 인정되지 않기 때문에 A2 실시는 A의 침해가 되지 않습니다. 열공하세요~", ,,22.05.30
특허법,문제,140조,[140조] '요지변경이 아니다'와 '요지변경이어도 상관없다'의 차이,"안녕하세요 변리사님. 객관식 문제집 해설 중 궁금한 점이 있어서 질문드립니다. 심판청구서의 보정 중 요지변경임에도 보정이 허용되는 예외 3가지에서 청구인의 기재를 바로잡기 위한 경우, 정확히 말하면 '요지변경에 해당하나 심판 각하를 막기 위해 예외적으로 허용된다'이라고 이해했는데요. 객관식 문제집 764번의 첫 번째 보기가 ""심판청구서에 기재한 당사자 중 특허권자의 기재를 바로잡기 위하여 보정하는 경우는 요지변경이 아니다""가 O라고 되어 있어서 이 부분 여쭤보려고 합니다. 물론 해당 문제에서는 명확히 틀린 보기가 있어서 답을 고르는 데 문제는 없지만, 만약 이 보기 단독으로 OX를 판단해야 한다면 어떻게 해야 할까요? 저작자 표시컨텐츠변경비영리","둘 다 맞는 표현입니다. 법 제140조제2항 단서의 그러하지 아니하다의 해석의 문제로서, 보정이 인정된다는 것입니다. 제목에서 조문이 틀렸네요. 제140조로 수정해 주세요.", ,,22.06.14
특허법,조문,170조,[170조]거절이유통지규정에 관한 상표법 제123조와의 비교 - 새로운 거절이유,"안녕하세요 특허법 제170조 2항은 제63조의 규정이 ""거절결정의 이유와 다른 거절이유 발견한 경우'에만' 적용된다""고 규정하고 있습니다. 그런데 상표법 제123조 3항은제55조 규정이 ""거절결정의 이유와 다른 거절이유를 발견한 경우'에도' 준용된다""고 규정하고 있습니다. 2017후1779(ANDRE사건)의 요지에 비추어 특허 상표 모두 '에만'의 의미로 해석하고 있다고 보여지는데, 위 상표법 규정을 어떻게 받아들여야할지 질문드립니다. 저작자 표시컨텐츠변경비영리",밑에 같은 질문이 있네요 확인했습니다 감사합니다~, ,,22.07.04
특허법,조문,136조,[136조] 2016후2522 전합,"여기서 마지막 문장이 잘 이해가 되지 않습니다. 1) 민사소송 종국판결 확정전에 정정의 재항변을 제출하지 않았으면 어차피 소급하여도 사실심 변론종결 이후이기 때문에 2016후2522 케이스는 정정심판청구를 사실심 변론 종결 이전에 하였기에 논점이 있었지만, 위 경우는 당연히 안되는 건데 법리가 그대로 적용된다고 봐야하는지가 의문입니다. 마지막 문장이 정정의 재항변을 제출하였음에도~ 가 되어야 할 것 같다는 의미였습니다! 그리고 여기서 종국판결이 2심에서의 판결을 의미하는지도 궁금하네요. 2) 또한, 재심은 확정된 종국판결에 대하여 적용하는 것으로 알고 있는데 제가 아는 확정의 정의는 상소(항소, 상고)가 불가능하여 심리가 완전히 종결한 상태입니다. 그런데 2016후2522의 경우 기각판결 이후 상고가 가능함에도 불구하고 민사소송법 451조 1항 8호의 재심사유 적용여부를 따질 수 있는 이유가 궁금합니다. 아니면, 해당 심급에서 심리가 종료하면 그 자체를 확정된 종국판결이라고 부르는건가요? 확정의 정의에 약간 혼동이 있는 것 같습니다.",". 정정심결의 확정을 이유로 민사소송을 재심으로 다툴 수 없다는 것입니다. 2. 확정의 의미는 더 이상 불복할 수 없는 상태가 맞습니다. 한편, 상고심에서 그대로 확정되었을 때 재심사유가 발생할 여지가 있는 경우 법률 위반으로 봅니다. 열공하세요~", ,,22.07.24
특허법,조문,136조,[136조] 정정심판 및 정정청구 질문,"안녕하세요 질문 2가지 있습니다! 1. 아래 강노459에서 특허취소신청/특허무효심판/정정무효심판이 특허법원/대법원에 계속 중일 때, 정정청구 못 하는 이유가 정정청구는 심판 절차에서만 가능해서 그런건가요?? 2. 아래 강노 464에서 맨 마지막 칸의 X 3개의 이유가 뭔지 알 수 있을까요??","1. 네, 법 규정이 없습니다 2. 표가 틀렸는데, 심판원 계속 중 - 정정청구가능(법 132의3) 특허법원 계속 중 - x 대법원 계속 중 - x 입니다. x인 이유는 1번과 같습니다. 열공하세요~", ,,22.07.29
특허법,조문,159조,[159조] 직권심리,"1. 1번 판결에서 환송되기 전 의견제출기회를 다 준 이유가 심판단계에서 직권심리하면서 의견서 제출기회를 주었기 때문이라고 하셨는데, 위 사실관계를 보고 직권심리여부를 어떻게 파악할 수 있는지가 궁금합니다. 참증A로는 진보성이 있다는 이유로 기각되었으므로, 이유가 달라야하기에 무효심판청구인이 참증A와 동일성이 있다고 주장하였구나라고 유추해야하는건가요? 2. 2번 판결인 98허9871을 보면 ""거절이유통지에 기재되어 있지 아니한 새로운 공지기술을 들면서 이에 의하면 거절결정 및 심결이 정당하다고 주장할 수 있다면, 출원인은 위 새로운 거절이유에 대하여 의견서나 보정서를 제출할 수 있는 기회를 박탈당하는 결과가 된다. 다만 새로운 증거라도 거절이유를 보충하는 것이라면 소송에서 제출이 허용된다""라고 적혀있습니다. 그렇다면, 일례로 소송단계전 공지기술 A를 이유로 동일성이 있다고 거절결정하였다면, 소송단계에서 공지기술 B를 이유로 동일성이 있다고 주장하는 것은 새로운 증거라도 거절이유를 보충하는 것이므로 소송에서 제출이 허용되며, 공지기술 B를 이유로 용이하다라고 주장하는 것은 새로운 거절이유에 대하여 의견서나 보정서를 제출할 수 있는 기회를 박탈당하는 결과가 되어 소송에서 제출이 불가능하다라고 이해하였는데 잘 이해했는지 궁금합니다!","1. 사실관계를 자세히 보니 제가 잘못 파악했네요. 특허법원에서 B 증거로 진보성 위반이라고 판단하였다면 법 제189조제3항에 의해 심판원이 특허법원의 판결에 기속되므로, 의견제출기회를 주지 않고 이를 근거로 무효심판의 인용심결을 할 수 있다는 것이 요지네요. 결국 이때에는 법 제157조 제5항이 적용되지 않는다는 것입니다. 2. 잘못 이해하고 있습니다. 법조문을 달리하면 거절이유를 달리하고, 법조문을 같이하더라도 사실을 달리하면 거절이유를 달리합니다. 공지기술 A와 공지기술 B는 다른 거절이유에 해당하기 때문에 [기존의 거절이유]를 보충하는 경우라고 할 수 없습니다. 열공하세요~", ,,22.07.31
특허법,문제,162조,[162] 심결에 의한 종료 객관식 786번,안녕하십니까. 수업 중 풀이해주신 786번 문제 중 답인 4번이 이해가 되지 않아 질문드립니다. 우선 확정 심결과 확정 판결 사이 라는 개념도 와닿지않습니다ㅜㅜ 왜 이 사이엔 일사부재리 원칙이 적용되지 않는지 모르겠습니다. 그냥 4번 문장 그대로 외우면 되는건지요?ㅜㅜ 사진 첨부 드립니다.,"기본서 일사부재리 파트에 보면 다음과 같이 기술되어 있습니다. 구 특허법(2001. 2. 3. 법률 제6411호로 개정되기 전의 것) 제163조는 “이 법에 의한 심판의 심결이 확정 등록되거나 판결이 확정된 때에는 누구든지 동일사실 및 동일증거에 의하여 그 심판을 청구할 수 없다.”라고 규정하고 있었는데, 개정법은 등록되지 않은 심결에도 일사부재리가 적용되는 것으로 변경하였고, 1998. 3. 1. 특허법원 설립 이후의 특허법원 판결이나 대법원판결 및 실체 심리가 없는 각하심결에도 일사부재리가 적용되는지에 관한 해석상의 다툼에 대하여 ‘판결이 확정된 때’ 부분을 삭제하고, 단서 규정을 신설함으로써 다툼의 여지가 없게 하였다(김신, “확정심결의 일사부재리”, 「특허소송연구」 제7집, 특허법원, 2017, 154면).", ,,22.08.03
특허법,조문,133조,[133조] 이해관계인,"2017후2819 전합 판결에서 ""특허권의 실시권자가 특허권자로부터 권리의 대항을 받거나 받을 염려가 없다는 이유만으로 무효심판을 청구할 수 있는 이해관계가 소멸되었다고 볼 수 없다."" 라고 명시하고 있습니다. 조문 강의 중에 이해관계인의 정의가 기존에는 권리의 대항을 받을 염려가 없는 자, 권리의 소멸에 대해 직접, 현실적으로 이해관계를 가진 자로 나뉘고 있었는데 전합 판결로 인해 후자의 정의로 통일되었다고 설명해주셨는데요~ 위 문장에 따르면 ~ 염려가 없다는 이유로 이해관계가 소멸되었다고 볼 수 없다고 명시하고 있으므로, 전자의 정의가 권리의 대항을 받을 염려가 있는 자로 해석해야 할 것 같은데 잘 이해하였는지 궁금합니다.","대법원 판례가, (1) 권리의 대항을 받을 염려가 없는 자 (2) 권리의 소멸에 대해 직접, 현실적으로 이해관계를 가진 자 로 나뉘다가 전합에서 (2)로 통일화했기 때문에, 대항을 받을 염려가 없다고 할지라도 (2)의 요건을 충족한다면 이해관계인이라는 것이 요지입니다. 전자의 정의를 버리겠다는 것이 판례인데, 전자의 정의를 권리의 대항을 받을 염려가 있는 자로 해석한다는 것은 완전히 잘못 이해하고 있습니다. 열공하세요~","감사합니다! 그런데, 리담특허법 21판 p.1060에 기존의 대법원 판례는 1) 특별한 사정이 없는 한 특허를 무효로 할 구체적 이익이 없다거나 그 허락기간에는 그 권리의 대항을 받을 염려가 없으므로 업무상 손해를 받거나 받을 염려가 없어 실시권자는 이해관계인이 아니라는 소극설의 입장이라고 서술되어 있습니다. 그렇다면 소극설의 입장이 권리의 대항을 받을 염려가 없어 이해관계인이 아니라고 주장하고 있으므로, 전자의 정의는 권리의 대항을 받을 염려가 있는 자가 되어야 하는 것이 맞는 것 같은데 이 부분이 궁금하네요. 또한, 대항을 받을 염려가 없다고 할지라도 (2)의 요건을 충족한다면 이해관계인이라는 것이 요지이고 전자의 정의를 버리겠다는 것이 판례라면, 전자의 정의가 권리의 대항을 받을 염려가 있는 자가 되어 (1)이 아니더라도 (2)의 요건을 충족한다면 이해관계인이다.라고 해석하는 것이 전자의 정의를 버리는 것처럼 보여서 다시 질문드립니다.","이상한 논리를 가지고 계속 접근하고 있네요. 권리의 대항을 받을 염려가 있는지 여부와 상관없이, 소멸에 대해 직접적이고, 현실적인 이해관계가 있는지 여부에 따라 이해관계인지 판단하겠다는 것이 판례입니다.",22.08.12
특허법,조문,135조,135조] 권리범위확인심결에 대한 취소소송절차에서 정정심결확정에 의한 소급효,"안녕하세요 판례집 297번 판례 비고에서 질문드립니다. ""특허의 무효심판사건이 상고심에 계속 중 당해 특허의 정정심결이 확정된 경우, 그 특허발명은 특허법 제136조 제 8항에 의하여 정정 후의 명세서대로 특허출원이 되고, 특허권의 설정등록이 된 것이므로, 정정 전의 특허발명을 대상으로 하여 무효여부를 판단한 (1)원심판결에는 민소법 제 451조 제1항 8호 소정의 재심사유가 있어 판결에 영향을 끼친 법령위반의 결과로 되었다 할 것이므로 원심판결을 파기하고, 사건을 원심법원에 환송한다""고 하여 (2)심결시 후 정정심결확정에 의한 소급효가 인정되는 경우 이를 고려하여 심결의 위법성을 판단하고 있다. (1)원심판결 = 무효심판 심결 (2)심결시 후 = 무효심판 심결 후 이렇게 이해하면 되는걸까요? 질문을 쓰던 중에 이해가 된 것 같아서 확인차 질문드립니다! 늘 감사드립니다.","(1)은 특허법원 판결을 말하고, (2)는 무효심판 심결 후를 말합니다. 열공하세요~", ,,22.08.14
특허법,조문,137조,[137조]정정의 무효심판,"137조는 133의2 6항을 준용하지 않고, 그 이유가 정정무효심판은 청구항별로 청구가 불가능하기 때문이라고 설명해주셨습니다. 그렇다면 만약에 정정무효심판이 청구되고 전체 단위로 하여 정정청구를 할 때, 모든 청구항에 대해 정정무효심판이 청구되었지만, 정정청구를 개소단위가 아닌 전체단위로 하더라도 모든 청구항에 대해 정정청구를 해야하는 건 아니므로, 정정무효심판청구와 정정청구가 동시에 된 청구항과 정정무효심판청구는 되었지만 정정청구는 되지 않은 청구항이 공존할 것입니다. 이 상황에서 정정무효심판청구와 정정청구가 동시에 된 청구항의 정정청구 적법성을 판단할 때 무효심판과 취소신청의 경우 등록 가능 여부를 판단하지만, 정정무효심판의 경우 정정의 적법성을 판단하므로, 특허무효심판이 청구된 청구항을 정정하는 경우와 달리 중복판단의 문제가 생기지 않으므로 정정청구가 되어 136조 5항 요건에 해당하는 모든 청구항에 정정무효심판청구 여부와 무관하게 136조 5항을 적용하여야 한다고 이해하였는데 잘 이해하였는지 궁금합니다.","그 입법취지를 세심히 살펴보면, 정정무효가 된다고 할지라도 정정만 없었던 것으로 보고 특허는 유지되므로, 또 다시 정정심판 등을 통해 특허권자의 보호를 할 수 있기 때문에, 정정무효심판절차의 지연 문제가 발생하지 않습니다. 열공하세요~", ,,22.08.14
특허법,조문,132조의17,[132조의 17] 거절결정불복심판 심결취소소송에서 제한설,"안녕하세요 사례집 공부하던 중에 질문드립니다. 1. 보정각하결정이 위법하다고 판단할 경우 특허법원의 심리범위(347번판례)에 대해 설명해주시면서, 심사와 심판단계에서는 출원인에게 의견제출기회가 주어지지만 심결취소소송단계에서는 출원인의 대응기회(의견제출기회)가 주어지지 않는다는 관점에서 제한설을 채택한다고 필기되어 있습니다. 결정계 심판의 경우를 설명해주신 것이 맞는지 궁금합니다. 2. 거절결정불복심판 심결취소소송에서, 새로운 거절이유의 주장 및 그 증거제출이 허용되지 않는다는 판례(342번 판례) 또한 결정계 심판이기 때문에 제한설이고, 당사자계 심판의 경우에는 여전히 무제한설인 것으로 이해하면 될까요?? 3. 대법원-제한설 소송단계- 결정계는 제한설, 당사자계는 무제한설 이렇게 이해하면 되는 것이 맞는지 궁금합니다. 좋은 하루보내세요! 저작자 표시컨텐츠변경비영리","1. 네 2. 네 3. 대법원은 법률심이고 특허법원에서 확정된 사실관계에 의하므로, 법의 적용의 적법성만 검토한다고 이해하면 됩니다. 열공하세요~", ,,22.08.15
특허법,조문,135조,[135조] 적극적 권리범위 확인심판,"적극적 권리범위확인심판 청구에 있어서 특허권자가 확인심판대상으로 특정한 발명과 피심판청구인이 실시하고 있는 발명 사이에 동일성이 인정되지 아니하면, 원칙적으로 심판청구인의 적극적 권리범위확인심판은 부적법하므로 각하된다.(O) 여기서 적극적 권범심에서 확인대상발명이 실시주장발명과 일치하지 아니한 경우 요지변경이라도 보정을 통해 이를 일치시킬 수 있다고 알고 있는데 , 왜 보정명령이 아닌 부적법 각하인지 설명 부탁드립니다ㅠㅠ!",보졍가능하다면 보정명령하고 심결각하합니다., ,,22.08.25
특허법,문제,138조,[138조] 크로스라이센스,"위 문제에서, 3번의 경우에는 갑이 을에게 통상실시권을 설정해주었을 때 비로소 크로스라이센스의 요건을 만족하여 옳은 지문이 되는 것이 아닌가요? 상대적으로 풀어서 답을 맞추기는 했는데, 상대적으로 푸는 문제가 맞는 것인지 아니면 제가 오해하고 있는 부분이 있는지 궁금합니다. 감사합니다!",올바르게 이해하고 있습니다. 열공하세요~, ,,22.08.27
특허법,조문,136조,[136조]정정심판,"질문드립니다. 1. 136조 2항 각호에서 정정심판을 청구할 수 없는 기간을 명시하고 있는데 명확하지 않은 부분이 있는것 같아 질문드립니다. 2호에서는 무효심판이 심판원에 계속 중이지만 않다면 정정심판을 청구할 수 있는 것으로 나와있는데, 1호에서는 취소신청이 심판원에 계속중인 때부터 확정 전이라면 정정심판을 청구할 수 없지만, 동시에 무효심판에 대한 심결 취소의 소가 특허법원에 계속 중이라면 변론종결일까지만 정정심판 청구가 가능하다고 하고 있습니다. 즉, 2호에 따르면 무효심판이 대법원에 계속 중이라도 정정심판청구가 가능한데, 1호에 따르면 취소신청이 함께 진행중이라면 특허법원에서의 변론 종결일까지만 정정심판 가능한 것으로 해석되어 무효심판이 대법원에 계속 중이라도 정정심판청구가 불가능하다는 의미로 해석됩니다. 서로 상충되는 부분이 있는것 같아 이러한 경우 1호에 따른 해석으로 정정심판 청구 가능기간을 따져야 하는것인지 궁금합니다. 2. 정정심판의 인용심결이 무효심판의 사실심 변론 종결 이후에 확정되었다면 민소법 451조 1항 8호의 재심사유가 있다고 볼 수 없다는 2016후2522전합판결은 위의 정정심판 청구 가능기간과는 별개의 독립적인 문제라고 이해하고 있는데 옳게 이해하고 있는지 궁금합니다.","1. 네, 둘 다 계속 중인 경우에 법 제136조제2항제1호괄호가 적용된다고 이해하면 됩니다. 2. 네, 전혀 별개의 사안입니다. 열공하세요~", ,,22.08.30
특허법,조문,154조,"[154,157~160조] 직권진행주의 주체 질문입니다","변리사님 안녕하십니까. 심판파트 직권진행주의 부분을 공부하다 주체에 대해 질문이 생겨 글 남기게 되었습니다! 당사자가 참가하지 않아도 심판을 진행시키는 것, 기일을 변경하거나 기간을 연장하는 것은 ""심판장""이, 심리 또는 심결의 병합,분리 , 중지 또는 중단된 절차 등의 수계는 ""심판관""이 주체가 되는것으로 확인했습니다. 이 부분에서 ""심판관""이 주체가 되어 행하는 처분들은 실제로 ""심판관합의체""가 협의하여 내리는 처분이지만 편의상 조문에 ""심판관""으로 나와있는 것인지, 혹은 ""심판관합의체""에 속한 3인의 ""심판관"" 중 어느 1인이라도 할 수 있다는 것인지 궁금합니다! (심판관합의체가 아닌 심판장을 제외한 심판관이 단독으로 무언가를 진행할 수도 있는걸까요?) 항상 좋은 강의 해주셔서 정말 감사드립니다!",조문에서 심판관은 심판관합의체를 의미하는 것입니다. 열공하세요~, ,,22.08.31
특허법,조문,136조,[136조] 정정심판의 청구시기,"안녕하세요 변리사님 P.1190-2) 두번째줄에서 ""심결 이후부터 심결에 대한 제소 가능 기간까지는 특허심판원에 계속 중이라고 해석되지 않는다.""는 말은 무효심결시부터 취소소송가능기간까지는 제136조제2항제2호에 해당하는 기간이 아니므로 정정심판을 청구할 수 있고 P.1191 그림 7-9에서 노란색의 기간에는 정정심판을 청구할 수 있다는 거 아닌가요?? 2)의 내용과 그림이 다르다고 생각돼서 어느 부분을 이해 못 한건지 질문드립니다ㅠ","네, 그림이 틀렸습니다. 무효심결 이후 정정심판을 청구할 수 있습니다. 열공하세요~", ,,22.09.20
특허법,조문,136조,136조] 정정심판 청구기간의 예외,"안녕하세요 변리사님 정정심판 청구기간 예외에서 특허취소신청이 심판원에 계속중인 경우 정정심판청구가 불가능하더라도(정정청구로 대체가능하므로), 동시에 해당기간에 무효심판에 대한 소가 특허법원에 계속중에 있다면 그 소송중에는 변론종결시까지 새로운 사항이 추가될 수 있어서 방어권 부여의 차원으로 정정심판 청구할 수 있는 것 맞나요? 결국 136조2항2호의 해석상 특허/정정무효심판이 특허법원이나 대법원에 계속중인 경우에 정정심판이 가능한 것과 같은 취지로 이해하면 되는 건가요?!","네, 결국 취소신청이 심판원에 계속중이고 무효심판에 대한 심결취소소송이 특허법원에 계속중이면, 정정청구도 할 수 있고, 정정심판청구도 할 수 있습니다. 열공하세요~", ,,22.09.23
특허법,조문,154조,[154조] 권리범위확인심판과 중복심판청구금지,"안녕하세요~ 변리사님:) 적극적 권리범위확인심판, 소극적 권리범위확인심판 간에 중복심판청구금지 원칙에서는 동일심판으로 보지 않는다고 배웠는데요. 리담 기본서와 강의노트에 나와있는 관련 판례 2008허 12289에 대해 '중복심판 입법 전 사건에 대한 판례기 때문에 중복심판에 대해 판단하지 않은 것이고 154조 8항이 개정되어 시행된 이후 출원된 특허에 대해서는 적극적 권리범위확인심판, 소극적 권리범위확인심판 간에도 중복심판청구금지가 적용된다'는 해석을 읽고 혼란이 와서 질문드립니다. 그냥 기존 강의 내용대로 동일심판 불인정된다-로 정리하면 되는 것일까요? 해당 판례에 관련된 부분 첨부합니다! 3. 심판청구의 적법 요건에 관한 판단 가. 중복심판에 해당하는지 여부 특허법 제154조 제8항은 2006. 3. 3. 법률 제7871호로 개정된 법률에 새로 입법된 조항으로 2006. 10. 1.부터 시행되는 규정이다(부칙 제1조). 그런데 동법 부칙 제6조에 의하면 위 법 시행 당시 종전의 규정에 의하여 제출된 특허출원에 대한 심사·특허등록·특허권·심판·재심 및 소송은 종전의 규정에 의한다고 규정되어 있어, 위 개정규정의 시행일 이전인 2005. 5. 13.에 출원된 이 사건 특허발명은 위 개정규정의 적용대상이 아니다. 따라서 위 개정규정이 적용됨을 전제로 하는 원고의 위 주장은 더 나아가 살펴볼 필요 없이 이유 없다","판결은 법 제154조제8항이 적용되지 않는다는 것일뿐, 법 제154조제8항이 적용된 후에는 어떻게 할 것인지에 대해서는 언급이 없습니다. 따라서, 새로운 판결이 나오기 전까지는 기존의 판결을 익히고 있는 것이 좋습니다. 열공하세요~", ,,22.09.26
특허법,조문,135조,[135조] 청구취지/원인으로서 확인대상발명의 특정,"안녕하세요 변리사님~! 리담기본서 정독 중 의문점이 생겨 질문남깁니다. 99후2372 판결에서는 ""확인대상발명이 특허발명과 대비할 수 있을 정도로 구체적으로 특정되지 않았음에도 특허심판원이 확인대상발명에 대한 보정을 명하는 등의 조치를 취함이 없이 본안에 나아가 심결""한 경우 원심을 파기해야 한다고 되어 있습니다. ""대비""라는 단어 때문에 확인대상발명이 ""청구원인""으로서 특정되지 않은 경우 부적법한 심판청구로 본안심결을 해선 안 된다고 이해하였습니다. 그러나 몇페이지 뒤에 ""청구취지로서 특정이 명확하다면 청구원인으로서 특정이 불명확하더라도 각하심결하지 않고 본안심결이 가능""하다고 서술되어 있어 위 판례를 어떻게 이해해야 하는가에 관한 질문입니다. 바쁘신 와중에 답변 주셔서 항상 감사드립니다😊","위의 판결은 원칙이고, 아래 판결은 예외적으로 독립항과 종속항의 관계에서 판결입니다. 열공하세요~", ,,22.09.26
특허법,문제,133조,[133조] 특허무효심판,"안녕하세요, 변리사님. 객관식 문제집을 풀던중 궁금한것리 생겨 글 남기게 되었습니다. 아래 문제 2번 보기를 보면 '발명의 배경이 되는 기술을 기재하지 않았음에도 불구하고 착오로 등록되었다는 것을 이유로 하는 무효심결이 확정되면 특허권이 소급적으로 소멸된다'라고 되어있고, 해설에는 이 경우 제 42조 3항 2호에 위반되어 거절이유에만 해당하므로 틀린 답안이라고 되어있습니다. 그런데 제가 공부했던 내용으론 배경기술을 기재하지 않은 경우엔 42조 9항 위반에 해당하여 보정명령 후 무효가 되는 절차를 따르는 것이고, 배경 기술을 기재했지만 잘못 기재한 부분이 있는 경우에 42조 3항 2호에 위반된다는 것으로 기억하고 있던터라 혹시 제가 잘못 알고 있는 부분이나 놓치고 있는 부분이 있는걸까요..?","지문이 배경기술의 항목을 기재하지 않았다는 것인지(이 경우 제42조제9항 위반), 항목을 기재하였으나 특허를 받으려는 발명과 상관없는 것을 기재한 것인지(이 경우 제42조제3항제2호 위반) 명확하지 않으나, 후자처럼 느껴집니다. 잘 모르겠으면 상대적으로 풀이하면 됩니다. 열공하세요~", ,,22.10.09
특허법,조문,136조,[136조] 정정심판과 정정청구,"안녕하세요, 변리사님. 정정심판과 정정청구의 경우 정정은 1개의 일체불가분한 사항에 대한 청구이므로 일부인용이나 기각심결이 불가능한 것으로 알고 있는데, 이것이 청구항마다 청구도 불가능한것으로 이어지는 것인가요? 아니면 이와 별개로 청구항별 청구는 가능하지만 일부인용이나 기각은 불가능 한건가요?? 감사합니다.","정정심판을 청구할 때는 정정한 <명세서 또는 도면>을 첨부합니다. 첨부된 <명세서 또는 도면>은 청구취지의 일부를 구성하므로, 전체에 대해 정정의 인정여부를 판단하지 않으면 법 제159조제2항에 위반되는 것입니다. 다시 말하면, 청구항별로 청구하는 것이 아니라 <명세서 또는 도면> 전체를 청구하는 것입니다. 열공하세요~", ,,22.10.16
특허법,문제,135조,[135조] 청구취지로서 특정 vs 청구원인으로서 특정,"안녕하세요, 변리사님! 객관식 문제를 풀다 826번 3번 선지에서 헷갈리는 부분이 있어 제가 정리한 바가 맞는지 질문드립니다. 객관식 826번 3번 선지의 내용은 다음과 같습니다. ""확인대상이 불명확하여 특허발명과 대비대상이 될 수 있을 정도로 구체적으로 특정되어 있지 않다면 특허심판원으로서는 요지변경이 되지 않는 범위 내에서 확인대상발명의 설명서 및 도면에 대한 보정을 명하는 등의 조치를 취해야 하고 그럼에도 그와 같은 특정이 미흡하다면 심판청구를 각하해야 한다."" 저는 이 선지에서 '특허발명과 대비대상이 될 수 있을 정도로'를 보고 청구원인으로서 특정을 의미하는 것이라 이해하였고, 도해 p.278에서 '청구취지로서 특정이 명확하다면 청구원인으로서 특정이 불명확하다고 할지라도 각하심결하지 않고 본안심결할 수 있다' 부분을 읽고 해당 선지는 청구취지가 불명확한 것을 의미하지 않기 때문에 틀린 것이라 생각했습니다. 그런데 맞는 선지였더라구요.. 관련 내용을 본 카페에서 찾아본 결과 이미 저와 비슷한 생각을 가지셨던 분이 질문을 올리셨고 변리사님께선 그 글에 '청구원인으로서 특정이 불명확해도 본안심결 가능'한 경우는 독립항과 종속항의 경우라고 언급하셨는데, 그러면 제가 정리한 바로는 1. 청구원인으로서 특정도 원칙적으로는 대응되는 부분의 구체적 기재를 하고 특정이 불분명한 경우 청구취지로서 특정이 불명확한 경우와 마찬가지로 보정명령 조치를 취해야 한다. 다만, 예외적으로 독립항과 종속항의 경우 독립항의 권리범위에 속하지 않으면 보정명령하지 않은채 심리에서 종속항의 권리범위에 속하는지 여부를 개별적으로 판단한 후 본안심리한다. 2. 청구취지로서 특정은 사회통념상 다른 것과 구별될 수 있을 정도로 구체적으로 특정하는 것이고, 청구원인으로서 특정은 특허발명과 서로 대비할 수 있을 만큼 구체적으로 특정하는 것인데, 문제를 풀땐 '다른 것' vs '특허발명', '구별' vs '대비' 이렇게 워딩으로 구별한다. 라는 내용이 되는데, 제가 이해한 바가 맞나요? 항상 상세한 답변 감사드립니다!","네, 정확히 이해하고 있습니다. 열공하세요~", ,,22.10.18
특허법,조문,136조,[136조] 정정에 관하여 질문드립니다.,"안녕하세요 임병웅 변리사님. 변리사님의 강의를 수강하고 있는 수강생입니다. 정정에 관해 의문이 있어 질문드립니다. 적법한 정정의 경우에는 소급효가 있다고 강의에서 배웠고, 리담특허법에서도 확인하였습니다.(1228p) 그렇다면 특허에서 정정이 이루어질 경우, 그 정정은 소급효가 있으므로 소급적용되어 후등록배제효가 인정되어야 할 것이라고 생각하였습니다. 구체적으로, 1. 甲이 청구범위를 a+b+c+d로 최초 출원한 뒤, 2. 乙이 청구범위를 a+b+c+d+e로 출원한 상태에서, 3. 甲이 청구범위를 a+b+c+d+e로 정정함. 이 경우, 乙의 출원은 거절되지 않는데, 그렇다면 위의 생각과 다르게 소급적용을 통한 후등록배제효가 인정되지 않는다는 이야기가 됩니다. 이 부분에 혼동이 있어 질문을 드리고자 합니다. 또한 만약 제가 생각한 것이 옳다면, 정정의 소급효라고 정함으로서 가져가게 되는 다른 효과는 어떤 것이 있는지 여쭤보고자 합니다.","청구범위를 a+b+c+d+e로 하는 정정이 인정된다면, 법 제136조제3항에 의해 갑 출원의 최초 명세서 또는 도면에 a+b+c+d+e가 기재되어 있어야 하고, 그렇다면 을 출원은 법 제29조제3항 위반으로 특허를 받을 수 없습니다.", ,,22.10.22
특허법,문제,136조,[136조] 객관식 881번 다 지문과 2005도1262 관계,"안녕하세요, 변리사님! 객관식 문제를 풀다가 잘 정리가 되지 않는 지문이 있어 질문드리게 되었습니다! 리담 객관식 881번 (다) 지문은 ""정정심판에 의한 정정 전의 특허를 근거로 하여 특허권자가 침해자의 침해행위에 의하여 받은 이익의 액을 손해배상으로 이미 받은 경우 특허권자는 이를 반환할 필요성이 없다"" 고 했는데, 저는 2005도1262판결에서 ""정정심판에서 정정하는 심결이 확정된 경우 특허권 침해죄에 해당하는지 여부를 판단함에 있어 정정 전의 청구범위를 침해대상 특허발명으로 하여야 한다""는 부분을 떠올리고 옳다고 체크했는데 옳지 않다고 하더군요.. 전자와 후자의 차이는 민사상 침해여부 판단은 정정 후의 청구범위에 따르지만 형사상 침해죄 판단은 정정 전의 청구범위에 따른다는 것으로 보이는데, 제 생각이 맞나요? 항상 상세한 답변 해주셔서 감사합니다!",네. 맞습니다., ,,22.10.23
특허법,조문,158의2,[158의2] 민소법 준용규정과 심판장,"안녕하세요, 변리사님! 심판총칙에서는 민사소송법 준용 규정들이 많이 보임을 확인할 수 있는데, 민사소송법 조문을 확인할 때 '재판장'이나 '법원' 등의 주체를 어떻게 치환해야 하는지 궁금해서 질문드립니다. 154의2조는 5항에서 ""이 경우 ""법원""은 ""심판장""으로 본다""라는 지문이 명시적으로 쓰여 있지만, 154조 7항, 8항, 158의2조, 165조 3항, 4항에서 준용하는 민소법 규정들은 명시적으로 ""법원, 재판장은 심판장으로 본다""는 문구가 쓰여 있지 않아도 심판장으로 보는 것이 맞는지 궁금합니다. 항상 질문 받아주셔서 감사합니다!","살펴보니, 재판장을 심판장으로 보는 것은 맞으나, 법원을 일률적으로 심판장으로 보는 것은 아닌 것으로 보입니다.", ,,22.10.23
특허법,문제,163조,[163조] 리담 객 795번 질문,(나) 보기 질문입니다. 일사부재리가 적용되지 않는 것 까지는 이해했습니다. 그러면 을이 청구한 심판은 어떻게 되나요? 동일증거 동일사실임에도 본안판단 진행하나요?,"네, 본안심리하게 됩니다.", ,,22.10.27
특허법,조문,137조,137조 정정무효심판 도해특허법,"객체적 요건의 대상부분애 A라고 쓰여있다고 하면, A에 해당하지 않을것이 되어야 옳지 않나요? 감사합니다. 저작자 표시컨텐츠변경비영리","네, A에 해당하지 않을 것이라고 이해하면 됩니다. 열공하세요~", ,,22.10.30
특허법,문제,138조,[138조] 리담 특객 15판 문제 859 - 통상실시권허락심판 질문,"안녕하세요 변리사님. 언제나 친절한 답변 주셔서 감사 드립니다. 위 문제에서 2번이 정답이라 생각하고 해설을 확인하였는데, 위와 같이 마크업한 부분이 정확히 이해가지 않아 질문 드립니다. 처음에는 ""병""이 ""갑""의 실시권을 획득하면 ""을""에게 납품하는 데 지장이 없는 것으로 생각하였습니다. 마크업한 해설 부분에서는 ""병""이 ""갑""에게 통상실시권허락심판을 청구하려면 ""을""의 실시권자여야 한다고 설명하고 있습니다. 이 해설의 근거가 되는 부분이 138조1항의 ""자기의 특허발명의 실시에 필요한 범위에서"" 조문이라고 예상을 해 보았는데, 제가 제대로 이해한 것이 맞을까요? 다시 한 번 정리하자면, ""병""이 ""갑""의 [실시권 허락]을 직접 받아내면 문제가 없는데, [통상실시권허락심판]을 청구하는 데 필요한 요건이 ""자기의 특허발명의 실시에 필요한 범위에서"" 이기 때문에 먼저 ""을""의 실시권자가 되어야 하는 것인가요? 답변 부탁 드리겠습니다. 감사합니다!","법 제138조제1항을 읽어 보세요. ""특허권자, 전용실시권자 또는 <<<<<통상실시권자>>>>는 해당 특허발명이 제98조에 해당하여 실시의 허락을 받으려는 경우에 그 타인이 정당한 이유 없이 허락하지 아니하거나 그 타인의 허락을 받을 수 없을 때에는 자기의 특허발명의 실시에 필요한 범위에서 통상실시권 허락의 심판을 청구할 수 있다.""", ,,22.10.31
특허법,조문,133조,"[133조, 136조] 무효심판취지통지, 정정심판청구시기","1. 133조 4항에 의해 무효심판이 청구되면 그 취지를 등록권리자들에게 알려야 하는데, 이때 법정실시권자는 등록권리자가 아니므로 통지해주지 않나요? 2. 136조 2항 1호 본문에서 특허취소신청이 심판원에 계속중이면 정정청구가 가능해서 방어권 문제가 발생하지 않기 때문에 정정심판청구가 불가한 것으로 이해했습니다. 그렇다면 136조 2항 1호 단서에 대해서도 같은 논리로, 무효심판심결취소소송이 동시에 진행중이어도 정정청구(132조의3)가 가능한 때라면 정정심판 청구가 불가능해야 하는 것이 아닌가 의문이 들었습니다. 3. 특허취소결정과 결정계 심판에 대한 소송이 심리범위 제한설을 따르는 이유가 '출원인(특허권자)의 대응기회를 박탈하지 않기 위해서'라고 이해했습니다. 그렇다면 무제한설을 따르는 당사자계 심판의 경우에는 이 대응기회 박탈의 문제점이 생기지 않는 것인지가 궁금합니다. 특허법원 대법원 계속 중에 정정심판청구가 가능한 것을 통해 제도적으로 그 문제를 해결하고 있다고 이해하면 될까요? 만일 그렇다면 결과적으로, 결정계는 제한설 심리범위에 의해, 당사자계는 정정심판청구에 의해, 심판부터 소송까지의 전 과정에 걸쳐 방어권 부족의 문제가 없게 된다고 볼 수 있을까요? 제 이해가 부족해서 질문이 다소 혼란스러운 것 같아 죄송합니다. 늘 좋은 강의 감사합니다 변리사님! 저작자 표시컨텐츠변경비영리","1. 네 2. 취소신청이 특허법원, 대법원에 계속 중인 경우에는 정정청구가 불가능하여 정정심판을 인정해 줄 필요가 있고, 심판원에 계속중인 경우에는 정정청구가 가능하기는 하나, 정정심판청구와 택일하여 방어권 행사를 할 수 있도록 하겠다는 취지입니다. 3. 네. 열공하세요~", ,,22.11.01
특허법,조문,136조,[136조] 정정심판 인용심결,"도해 특허법 282쪽에 정정심판의 인용심결시 ""청구범위에 대한 신뢰의 이익을 보호하기 위해 정정전의 청구범위를 기준으로 침해죄를 판단 : 고의가 조각된 것으로 여겨짐"" 라고 적혀있는데, 고의가 조각된 것으로 여겨진다는 뜻을 잘 모르겠습니다. 설명 부탁드립니다. 감사합니다!","침해죄는 고의범만 처벌하는데, 부적법한 정정이 인정될 것이라고는 것을 예상하고, 고의적으로 침해하는 것을 상정하기는 어려울 것이라고 의미입니다. 열공하세요~", ,,22.11.10
특허법,조문,155조,[155조] 참가 신청서 작성 관련 질문,"안녕하세요 변리사님 너무 사소한 부분이라 시험과는 큰 상관이 없을 것 같지만... 궁금해서 질문 작성합니다. 참가 신청서 작성 할 때, 155조 1항 (당사자 참가)의 경우에는 참가의 취지에 어떤 심결을 구하는지와 어느 쪽에 참가하는가를 표시한다고 했는데 당사자 참가는 청구인측에만 참가할 수 있잖아요. 그럼 어느 쪽에 참가하는지는 표시하지 않아도 무관한거 아닌가요? 실무는 어떻게 진행이 되나요?",특허법 시행규칙에서 서식을 찾아보니 다음과 같이 되어 있네요. 【참가의 종류】란에 다음 예와 같이 청구인측 및 피청구인측 참가구분과 「특허법」 제155조제1항에 따른 당사자 참가 또는 「특허법」 제155조제3항에 따른 보조 참가 여부를 적습니다. [예] 【참가의 종류】 청구인측 보조 참가, ,,22.11.15
특허법,문제,141조,141조] 리담특객 823p,안녕하세요 823페이지 문제에 질문이 있어 글 올립니다. 적극적 권리범위확인심판에서 확인대상발명 특정의 잘못이 있는경우 141조 1항 1호 위반으로 결정각하가 되어야한다 생각했는데 ( 일치하지 않는 확인대상발명은 보정또한 가능하기때문에 141조라고 생각하였습니다) 심결각하가되는 이유가 궁금합니다.,"설명서 또는 도면이 첨부되지 않으면 결정각하 첨부되었으나 실시하고 있는 발명과 불일치하면 심결각하 이렇게 이해하면 됩니다. 참고로, 결정각하든 심결각하든 보정가능한 경우라면 보정명령은 합니다. 열공하세요~", ,,22.11.21
특허법,조문,136조,[136조] 정정심판청구,"1. 특허무효심판의 심결에 대한 취소소송이 특허법원이나 대법원에 계속 중인 경우에는 , 정정심판을 청구 할 수 있다고 하였는데, 취소신청은 제한설이라서 정정심판 불가라 하였으면서 대법원은 법률심인데도 정정심판을 청구할 수 있나요? (영향이 없는데 굳이 가능한것인지?..) 2. 취소신청이 특법 대법에 계속중일 경우 제한설이라 정정청구 정정심판 불가지만 무효심판이 심판원에 계속중일경우 정정청구가 가능하다 그럼 마찬가지로 원래는 취소신청이 특법 대법에 계속중일 경우 제한설이라 불가지만 무효심판이 대법원 계속중 정정심판 가능하다고 하였으니 가능한것 아닌가요? 왜 마지막줄이 x 인지 설명부탁드립니다! 🥲","1. 특허법원이 무제한설이니 새로운 주장이 가능하고, 대법원에서도 특허법원의 새로운 주장에 대한 방어기회를 부여한다는 것입니다. 2. 그림이 잘못 되었습니다. 취소신청이 심판원에 계속 중일 때, 무효심판이 (1)심판원 계속 中 - 정정청구 가능(法 132의3, 133의2) (2)특허법원 계속 中 - 정정청구 가능(法 132의3) -정정심판청구 가능 (단, 변론종결전까지) (法 136①Ⅰ단서) (3)대법원 계속 中 -정정청구 가능(法 132의3) 이렇게 바뀌어야 합니다. 열공하세요~", ,,22.11.30
특허법,조문,136조,[136조] 정정심판,"무효심판이 특허법원 대법원 계속 중 정정심판청구가 가능한데, (취소신청이 특허법원 계속 중+무효심판 대법원 계속 중)일 경우에도 정정심판 청구 가능한가요?","안 됩니다. 법 제136조제1항제1호를 보면 다음과 같이 기재되어 있습니다. ""1. 특허취소신청이 특허심판원에 계속 중인 때부터 그 결정이 확정될 때까지의 기간. 다만, 특허무효심판의 심결 또는 정정의 무효심판의 심결에 대한 소가 특허법원에 계속 중인 경우에는 특허법원에서 변론이 종결(변론 없이 한 판결의 경우에는 판결의 선고를 말한다)된 날까지 정정심판을 청구할 수 있다."" 열공하세요~", ,,22.12.02
특허법,조문,135조,[135조] 권리범위확인심판의 확인대상발명 특정과 관련된 문의 / 기출문제 두 문항 사이의 결론에 대한 모순점 의문,"교수님, 안녕하십니까. 변리사 시험을 준비 중인 학생입니다. 요즘 눈도 많이 오고 날씨가 많이 쌀쌀해졌는데, 건강 꼭 챙기시면서 한해 마무리 잘 하셨으면 좋겠습니다 ! 바쁘신 와중에 질문에 대해 답변해주시려 이 글을 읽어주셔서 감사합니다 ! [ 권리범위확인심판의 확인대상발명 특정과 관련된 문의 / 기출문제 두 문항 사이의 결론에 대한 모순점 의문 ] 변리사 시험 49회 기출 (특허) 문제 01-2번 문항 : 확인대상발명의 설명서에 특허발명의 구성요소와 대응하는 구체적인 구성이 일부 기재되어 있지 않거나 불명확한 부분이 있다면, 나머지 구성만으로 확인대상발명이 특허발명의 권리범위에 속하는지 여부를 판단할 수 있더라도 확인대상발명은 특정되어 있다고 볼 수 없다. 해설 : X (특정되었다고 볼 수 있다) , 확인대상발명의 설명서에 특허발명의 구성요소와 대응하는 구체적인 구성이 일부 기재되어 있지 않거나 불명확한 부분이 있다고 하더라도, 나머지 구성만으로 확인대상발명이 특허발명의 권리범위에 속하는지 여부를 판단할 수 있는 경우에는 확인대상발명은 특정된 것으로 보는 것이 타당하다. (대법 2010후296) 변리사 시험 56회 기출 (디자인보호법) 문제 38-2번 문항 : 특허심판원은 확인대상디자인의 일부 구성요소가 불명확하여 다른 것과 구별될 수 있을 정도로 구체적으로 특정되어 있지 아니하더라도 확인대상디자인이 등록디자인의 구성요소들의 일부만을 갖추고 있고 나머지 구성요소가 결여되어 있어 등록디자인의 권리범위에 속하지 않음이 명백한 경우라면 등록디자인의 권리범위에 속하지 않는다는 판단을 하여야 한다. 해설 : X (판단을 하여서는 아니 된다) , 확인대상발명의 특정이 불명확한 경우라면 특정을 위해 보정 등의 조치를 명해야 함에도 불구하고 확인대상발명을 특정하지 아니한 채 특허심판원에서 확인대상발명이 권리범위에 속하는지 유무를 판단하는 것은 심결이 확정되더라도 일사부재리의 효력이 미치는 범위가 명확하다고 할 수 없으므로 위법이다. (대법 99후2372 등) 저는 이 문제의 문항과 해설을 보면서 아래와 같이 생각하였습니다. 1. 디자인보호법 문제의 해설에서, 확인대상발명의 특정이 불명확한 경우라면 본안 판단을 내리는 것이 위법하다는 것은 명백함. 2. 특허법 문제의 해설에서, 판례(특허발명의 구성요소와 대응하는 구체적인 구성이 일부 기재되어 있지 않거나 불명확한 부분이 있다고 하더라도, 나머지 구성만으로 확인대상발명이 특허발명의 권리범위에 속하는지 여부를 판단할 수 있는 경우에는 확인대상발명은 특정된 것으로 보는 것이 타당하다.) 내용을 확인. 3. 특허법 문제의 보기와 디자인보호법 문제의 보기를 비교해 봄. 특허법 - 확인대상발명의 설명서에 특허발명의 구성요소와 대응하는 구체적인 구성이 일부 기재되어 있지 않거나 불명확한 부분이 있다면 / 나머지 구성만으로 확인대상발명이 특허발명의 권리범위에 속하는지 여부를 판단할 수 있더라도 / 확인대상발명은 특정되어 있다고 볼 수 없다 디보법 - 확인대상디자인의 일부 구성요소가 불명확하여 다른 것과 구별될 수 있을 정도로 구체적으로 특정되어 있지 아니하더라도 / (확인대상디자인이 등록디자인의 구성요소들의 일부만을 갖추고 있고 나머지 구성요소가 결여되어 있어) 등록디자인의 권리범위에 속하지 않음이 명백한 경우라면 / 등록디자인의 권리범위에 속하지 않는다는 판단을 하여야 한다. 공통적으로 확인대상발명(디자인)의 일부 구성요소가 기재되어 있지 않거나 불명확한 부분이 존재함 / 그러나 나머지 구성만으로 권리범위에 속하는지 여부를 판단할 수 있음. /// 앞 두 단락은 조건, 마지막 단락은 질문의 요지로 파악함. 따라서 같은 조건이라고 생각함. 4. 디자인보호법 문제의 해설에서는 해당 조건을 '확인대상발명의 특정이 불명확한 경우'라고 판단하였지만 / 같은 조건의 상황에서 특허법 문제 해설 및 판례는 해당 조건을 '확인대상발명의 특정이 되었다'고 판단함. 이에 같은 컨디션에 대해 상반된 판단을 하였다고 생각하여 의문을 가지게 됨. 5. 리담특허법 책을 통해 해당 판례에 대한 평석을 확인함. 해당 내용을 발췌함. (리담특허법 1165p) 2010후296 판결은 확인대상발명이 독립항의 권리범위에 속하지 아니하면 종속항에 대응되는 부분의 구성이 기재되어 있지 않거나 불명확한 부분이 있다고 하더라도 나머지 구성(독립항의 구성)만으로 확인대상발명이 특허발명의 권리범위에 속하는지 여부를 판단할 수 있는 경우에는 확인대상발명이 특정된 것으로 볼 수 있고 //그 결과 종속항의 권리범위에도 속하지 아니한다고 판단한 최초의 사레이다. 독립항의 권리범위에 속하지 않는다고 판단되는 경우 종속항에 대응되는 부분의 구성의 기재를 모두 요구할 필요가 없을 것이다. 어처피 종속항에 대응되는 부분의 구성의 기재를 하더라도, 종속항의 권리범위에 속하지 않게 되기 때문이다. 그러나 이는 독립항의 권리범위가 인정됨을 전제로 하는 것으로서 ~~ 이하 중략. 판결은 확인대상발명의 청구취지로서의 특정과 청구원인으로서의 특정의 구별에서 그 의미를 찾을 수도 있다, 확인대상발명의 심판대상물로서 특정 자체는 사회통념상 다른 것과 구별될 수 있도록 기재하여 적법하게 이루어진 것이어서 적어도 일사부재리의 효력이 미치는 객관적 범위는 정할 수 있음을 전제로, 나아가 청구원인으로 특허발명의 구성과 대비할 수 있도록 설명서 및 도면에 의해 구체적인 구성을 기재함에 있어 그 특정의 정도를 완화할 수 있다는 의미이다. 6. 디자인보호법 문제의 보기에서 ['다른 것과 구별될 수 있을 정도록 구체적으로 특정되어 있지 아니하더라도'] 라는 문구를 확인. 이 문구로 인해 심판대상물로서의 특정이 미흡하여 일사부재리의 효력이 미치는 객관적 범위를 정할 수 없기에 청구취지로서의 특정이 되지 않았고 또한 본안판단을 할 수 없다는 것으로 받아들임. 7. 그렇다면 특허법 문제 보기의 조건은 <'다른 것들과 구별될 수 있도록 구체적으로 특정되어 있어' 청구취지로서의 특정이 되었다는 가정 하에> 청구원인으로서의 특정이라는 관점에서 구체적인 구성을 기재함에 있어 그 특정의 정도를 완화할 수 있다는 것을 의미로 해석해야 하는 것으로 보이는데, 이 부분이 난해함. 질문사항 : 시험에 적합한 질문이 아니라는 것을 알지만, 궁금증이 생겨 질문드리고자 합니다. 시간 순서대로 제 생각의 흐름을 적어 의문이 드는 부분을 정확하게 파악해보려 노력했습니다. 변리사 기출 문제 풀이 중 특허법, 디자인보호법에서 비슷한 조건의 문항에 대한 결론에 의문이 생겨 탐구하기 시작했고, 리담특허법 책을 통해 의문을 해결했습니다. (제가 잘못 이해하고 넘어간 부분이 있을 수도 있어서 지도 부탁드립니다.) 다만, 문제 풀이의 부분에 있어 청구취지로서의 특정과 청구원인으로서의 특정에 대한 명확한 구분 없이 '확인대상발명은 특정되어 있다' 등의 표현으로 문제를 출제하는 것으로 보입니다. 이에 대하여 문제를 푸는데 있어 혼동하지 않고 현명하게 문제를 풀 수 있는 방법에 대한 조언을 조심스럽게 요청드리고 싶습니다 ! 또한 7번에서 적은 내용과 관련하여, 특허법 문제에서의 조건과 디보법 문제에서의 조건에서의 차이점과, 특허법 문제 보기의 내용에 대해 왜 혹은 어떤 이유로 <'다른 것들과 구별될 수 있도록 구체적으로 특정되어 있어' 청구취지로서의 특정이 되었다는 가정 하에> 를 해야 하는지도 궁금합니다 !","1. 청구취지로서 특정과 청구원인으로서 특정을 구분해야 합니다. 청구취지로서 특정이 되지 않았다면 청구원인으로서 특정은 아예 고려대상이 아닙니다. 2. 청구취지로서 특정(다른 것과 구별)이 되지 않으면 무조건 각하합니다. 3. 청구원인으로서 특정(대비 가능)은 원칙은 대응 구성를 기재해야 하나, 예외적으로 대응 구성을 기재하지 않아도 되는 경우가 있습니다. 4. 99후2372은 청구취지로서 특정에 대한 지문이고, 2010후296은 청구원인으로서 특정에 대한 지문입니다. 5. 팁을 드리자면, <구별>, <대비>, <대응>이 완전히 다른 개념입니다. 이 단어만 잘 살펴도 문제풀이를 하는데 상당히 도움이 될 것입니다. 열공하세요~", ,,22.12.14
특허법,조문,138조,[138조] 상표권자와의 저촉관계,"상표권자와의 저촉관계에서 개념이 잘 안잡혀 질문드립니다 선출원: 상표권 후출원: 특허권인 경우 138조 4항 본문 해석상 상표권자에게는 통상실시권 허락의 심판을 청구할 수 없다, 곧 특허를 상표적으로 사용하는 것은 허락에 의하지 않는 한 불가하다 선출원: 특허권 후출원: 상표권 통상사용권허락심판 자체가 없기 때문에 통상사용권 허락심판 청구가 불가하다 제가 이해한 결과와 증거가 맞나요?","네, 맞습니다. 열공하세요~", ,,22.12.15
특허법,조문,170조2항,170조 2항,"170조 2항과 관련하여 이해가 안되는 부분이 있어서 질문을 올립니다. 강의노트 P498에서 거절결정불복심판청구 기각 심결의 취소소송절차에서 특허청장은 거절결정의 이유 외에도 심사나 심판 단계에서 의견서 제출의 기회를 부여한 사유 및 이와 주요한 취지가 부합하는 사유를 해당 심결의 결론을 정당하게 하는 사유로 주장할 수 있고, 심결취소송의 법원은 이를 심리 판단하여 심결의 당부를 판단하는 근거로 삼을 수 있다. 고 나와 있고 강의노트 P435에서 거절이유 통지를 하지 아니한 채 거절결정의 이유와 다른 거절이유를 들어서 거절결정이 결과에 있어 정당하다는 이유로 거절결정불복심판청구를 기각한 심결은 위법하다. 예를 들어, 심사단계에서 미리 거절이유를 통지한 사유라고 하더라도 그 사유를 거절결정에서 거절이유로 삼지 않았다면 이와 같은 사유는 거절결정에 대한 심판절차에서는 '거절결정의 이유와 다른 거절이유'에 해당하므로, 심판단계에서 심판청구인이 위 사유에 대해 실질적으로 의견서 제출 및 보정의 기회를 부여받았다고 볼만한 특별한 사정이 없는 한 이를 심결의 이유로 하기 위해서는 다시 그 사유에 대해 거절이유를 통지하여야 한다. 고 적혀 있습니다. P498의 사례와 P435의 사례 차이점은 심판 단계에서 거절이유와 다른 거절이유에 대해서 OA의견서제출 기회부여 했는지 여부의 차이로 결과가 다른 것으로 알고 있는데, P435에서는 심사단계에서 미리 의견서 제출기회부여 했기 떄문에 문제가 안되지 않나요? 위 첫단락 P498문구에서 빨간색 문구인 심사나 심판단계라고 적혀 있으니, P435처럼 심사단계에서 의견서제출기회부여한 것도 인정해야 하는 것이 아닌가요?","법 제170조제2항의 해석과 관련하여 논란이 있었으나, 대법원은 출원인의 절차적 이익 확보 측면에서 심판단계에서 특허거절결정의 이유와 다른 거절이유를 발견한 경우에는 반드시 거절이유통지를 하여야 하며, 그렇지 않은 경우 위법하다는 것입니다. 한편, p498은 각각 거절이유통지를 하여 출원인의 절차적 이익 확보를 한 이후에, 심결취소소송의 심리범위에 대하여 제한설의 입장에서 그 범위가 어디까지인지를 판시한 것입니다. 열공하세요~", ,,22.12.19
특허법,조문,135조,[135조] 확인대상발명의 특정 여부 심리 주체,"안녕하세요 변리사님 권리범위확인심판에서 확인대상발명의 설명서 및 필요한 도면 첨부 여부는 심판청구서 기재사항으로서 ""심판장의 방식 심리 대상""이고 확인대상발명의 특정 여부는 ""심판관합의체의 적법성 심리 대상""으로 알고 있습니다. (리담 1087면) 대법원 2011.9.8.선고 2010후3356 판결에서 확인대상발명의 일부 구성이 불명확하여 다른 것과 구별될 수 있는 정도로 구체적으로 특정되어 있지 않다면, 특허심판원은 요지변경이 되지 아니하는 범위 내에서 확인대상발명의 설명서 및 도면에 대한 보정을 명하는 등 조치를 취해야 하며, 그럼에도 그와 같은 특정에 미흡함이 있다면 (...중략), 심판청구를 각하하여야 한다. - 리담 21판 1162면 파란색 문장은 ""확인대상발명의 특정 여부""를 의미한다고 생각되는데 그러면 이때 심판청구 각하의 주체로서 말하는 특허심판원은 ""심판관합의체""를 말하므로 이때의 각하는 ""심결각하""인 것 맞나요?","네, 맞습니다.","그러면, ""특허의 권리범위확인심판 청구에서 심판청구대상이 되는 확인대상발명의 특정 정도 및 확인대상발명의 일부 구성이 불명확하여 다른 것과 구별될 수 있는 정도로 구체적으로 특정되어 있지 않은 경우, 심판장은 기간을 정하여 보정을 명하여야 한다."" 이 지문은 심판장이 아니라 심판관합의체가 보정을 명하여야 하니까 틀린 지문이라고 보면 되나요??","보정명령은 심판장이 하고, 심결각하는 합의체가 합니다. 맞는 지문입니다",22.12.20
특허법,조문,162조,162조] 심결의 주체 관련 질문,"안녕하세요 변리사님 Q1) 거절결정불복심판에서 심결의 주체는 ""심판관""인데(176조1항), 이때 심판관이란 ""심판관 1명""을 말하는 건가요? 아니면 심판관 3명 또는 5명의 ""심판관 합의체""을 말하는 건가요? Q2) 특허취소신청은 ""심판관 합의체""로서 ""결정""하고, 나머지 심판(무효심판, 권리범위확인심판, 정정심판, 통상실시권허락심판)은 모두 ""심판관 합의체""로서 ""심결""하는 것 맞나요? 심결은 합의체로서 심판관이 내리는 것이라고 알고 있는데, 거절결정불복심판의 조문에 심판관이라 나와있어 다른 심판들의 심결 주체도 조금 헷갈려서 질문드립니다..",1. 네 2. 네 열공하세요, ,,22.12.20
특허법,조문,138조,제138조 통실허 심판 대가지급관련하여,"안녕하세요 강사님, 제138조 통실허 심판 대가지급 관련하여 질문올립니다. 138조 4항에 따르면 제1항 및 제3항에 따라 통상실시권을 허락 받은 자는 특허권자, 실용신안권자, 디자인권자 또는 그 전용실시권자에게 대가를 지급하여야 한다. 다만, 자기가 책임질 수 없는 사유로 지급할 수 없는 경우에는 그 대가를 공탁하여야 한다. 고 적혀있습니다. 여기서 밑줄 친 부분에 상표권자에 대한 언급은 나와 있지 않은데요, 상표권자의 경우에는 대가지급 없이 무상으로 실시할 수 있어서 언급되지 않는건가요? 아니면 상표권에는 강제실시권이 없기 때문에, 통실허 심판이 불가능해서 언급이 없는 건가요? 그 이유가 궁금해서 질문올립니다.",불가능해서 그렇습니다. 기본서를 한 번 읽어 보세요. 메리 크리스마스~, ,,22.12.23
특허법,문제,135조,[135조]리담 특객 826p 질문,"변리사님 안녕하세요? 권리범위확인심판을 공부하다 질문이 생겨 문의드립니다. 대법원 2010후 3356 판결에서는 청구취지로서의 특정이 되었다면, 일사부재리효가 미치는 범위가 명확하므로 청구원인으로서 특정이 되지 않더라도 본안심리를 할 수 있는 것으로 보고 있습니다. 그러나 문제집 826p의 3번 보기에서는 확인대상발명이 불명확하여 특허발명과 대비대상이 될 수 있을 정도로 구체적으로 특정되어 있지 않다면 요지변경에 해당한다고 보아 보정을 명하고, 보정하지 아니하면 심판청구를 각하하여야 한다고 적혀 있습니다. 그러나, 대비대상이 될 수 있을 정도로 특정은 청구원인으로서의 특정이고, 앞선 대법원 판결에 의하면 청구원인으로서 특정이 미완이더라도, 청구취지로서의 특정되었다면, 본안심리를 할 수 있는 것이 아닌지 궁금하여 질문드립니다. 감사합니다. 저작자 표시컨텐츠변경비영리","1. 청구취지 특정: 구별 2. 청구원인 특정: 대비 2-1. 원칙: 대응구성 2-2. 예외: 독립항과 종속항의 관계 입니다. 청구원인으로서 특정이 미완이라는 것은 대응구성이 없더라도, 독립항과 종속항의 관계에서 대비가능(권리범위 판단 가능)한다면 본안심리를 할 수 있다는 것입니다. <구별>, <대비>, <대응>의 차이점을 모르고 있습니다. 열공하세요~", ,,22.12.28
특허법,조문,136조6항,[136 6항] 의견서 제출 기회,"안녕하세요. 질문드립니다. 심판절차에서 직권심리 후 의견서 제출 기회를 부여하는 주체가 132의 13에서 심판장, 157에서 심판장, 159에서 심판장 이라고 되어있는데 정정심판절차에서 직권심리 후 의견서 제출 기회를 부여하는 주체가 136 6항에서 심판관인 이유가 있을까요?? 어떤 차이때문인지 궁금해서 질문드립니다. 감사합니다. 저작자 표시컨텐츠변경비영리","의견제출기회는 심판장이 부여하고 있습니다. 법조문에서 심판관이라고 표현하는 부분은, 실무상 합의체인 경우가 대부분이나, 일부 심판장인 경우도 있습니다. 참고로, 별로 중요하지 않은 부분이니 신경쓰지 않아도 됩니다. 열공하세요~", ,,22.12.29
특허법,조문,136조,[136] 정정심판과 특허무효심판과의 관계,"안녕하세요. 질문드립니다. 대법원 2016후 2522 전합 판례 관련해서 강의노트에 그려주신 모든 케이스들에서 특허심판원-이해관계인 기각심결 (무효x) 특허법원-이해관계인 인용심결 (무효o) > 취소환송 사변종 후 정정심판 인용심결확정 대법원-특허권자 인용판결(무효x) > 파기환송 이 케이스에서 그렇다면 특허법원에서 취소환송된 심결에 대해 특허심판원에서 정정 후 명도로 다시 다투고 대법원에서 파기환송된 심결에 대해 특허법원에서 정정 후 명도로 다시 다투게 되어 하나의 정정 후 특허권에 대해 특허심판원, 특허법원에서 둘다 다투게 되는것인가요???? 환송이 두번이 되니까 잘 이해가 안가 질문드립니다. 감사합니다.","특허법원 판결이 파기되었으니 특허법원으로 환송되면, 특허법원에서 정정후 명도에 의해 다툼을 하게 됩니다. 열공하세요~", ,,22.12.29
특허법,문제,163조,[163조] 일사부재리 원칙 적용시점,"안녕하세요 변리사님 리담객관식 786면에서 ""일사부재리 원칙 적용 여부의 판단 기준 시점은 해당 심판의 심결시이다""라는 지문이 틀리고 ""심판청구시""이다 라는데 일사부재리 원칙 위반 여부는 ""심결 시""를 기준으로 판단하고, 선행심결의 확정시점은 ""심판청구 시""를 기준으로 하면 일사부재리 원칙 적용 여부의 판단 기준 시점을 ""심결 시""라고 해야하는 거 아닌가요..?? 뭘 잘못 알고 있는 건지 모르겠습니다..","해설이 틀린 것 같네요. ""단, 본안심결의 확정은 심판청구시이다."" 가 옳은 표현입니다. 열공하세요~","그러면 ""일사부재리 원칙 적용 여부의 판단 기준 시점은 해당 심판의 심결시이다""라는 지문 자체는 옳은 건가요??",틀린 지문입니다.,22.12.29
특허법,문제,133조,[133] 판단시점,"안녕하세요 세가지 질문드립니다. 1. 리담 객 p.383 나번 지문에서 변경출원이 최초 첨부된 실용신안등록청구범위에 기재된 사항의 범위를 벗어난것으로 특허권 설정등록 후에 인정된 경우 그 변경출원은 특허무효사유가 존재한다 (x) 이때 틀린이유가 1. 최초 청구범위가 아닌 최초 명세서 도면범위 내 2. 설정등록 후 인정된 경우는 무효사유 아님 이라고 정리해도 될까요?? 2. 여기서 의문이 생겼는데 후발적 무효사유는 설정등록 후 권리능력 상실 또는 조약 위반 해당 원시적 무효사유는 출원시(29) 또는 특허결정시(33,44,32..) 133 1항 4호 제외한 각호 해당 인지를 판단 3. 또한 심사(주실조절)와 같이 거절결정불복심판(주실조절) 무효심판(주실조후)은 각 판단시에 객체적요건 판단 다른 요건은 심결시에 판단 권리범위확인심판 통실허심판 정정심판의 요건은 심결시에 판단 이렇게 정리하는것이 맞을까요?? 감사합니다.","1. 최초 명세서 또는 도면을 벗어난 경우에만 무효사유라고 이해하면 됩니다. 즉, 최초 청구범위를 벗어났더라고 최초 명세서 또는 도면을 벗어나지 않았다면 무효사유가 아닙니다. 2.3. 기본적으로 전부 그 판단시를 기준으로 하나, 구체적으로 요건의 기준에 따라 달라질 수 있다고 이해하면 됩니다. 예를 들어, 신규성 판단도 특허여부결정시를 기준으로 하나 그 중 ""특허출원전""의 요건에 따라 공지기술은 출원시 전에 존재하여야 한다고 이해하면 됩니다. 열공하세요~", ,,23.01.05
특허법,조문,,"심사, 심판, 소송의 요건판단","특허법에서 각 절차와 OA가 어떻게 되는지 정리가 잘 안됩니다. 출원 / 보정 / 심판청구 / 취소소송에서 어떤 과정에서 어떤 요건을 만족하면 어떤 OA를 하는지 정리가 잘 안됩니다. <심판> 1. 심판에서 심판장이 각하하는 경우와 심판원장이 각하하는 경우가 있던데 둘의 사유에 어떤 차이가 있는지 정리가 잘 안됩니다. 청구서의 각하가 심판원장이 하는 것이고 심판장은 청구의 각하를 하는 것도 아닌 것 같고 계속 햇갈립니다. 2. 심판에서 청구서의 각하(141) : 140조 1,2,3,5항의 ""미제출""과 청구방식 위반, 행대수의 위반인 경우 보정기회 부여하고 각하 심판에서 보정불가한 청구의 각하(142) : 보정할 수 없는 하자의 경우 보정기회를 부여하지 않고 각하 라고 하는데 140조 1,2,3,5항의 미제출과 방식의 위반이 어떻게 다른 것인지도 궁금합니다. 3. 심판에서 심결각하되는 사유와 결정각하되는 사유의 기준이 어떻게 되는지 모르겠습니다.","1. 심판원장이 각하하는 경우는 없습니다. 심판이 청구되면 원장이 방식심사를 하여 무효나 불수리를 하고, 통과하여 심판관합의체가 지정되면 심판장이 방식심리를 하여 각하됩니다. 2. 예를 들어, 제출하였는데 청구취지를 기재하지 않은 경우는 방식위반입니다. 3. 형식적으로 하자가 있으면 결정각하, 형식적으로 하자가 없으나 내용의 하자가 있으면 심결각하합니다. 제목이 질문규칙에 맞지 않습니다. [제141조, 제142조]를 추가해 주세요.", ,,23.01.05
특허법,문제,132조의17,[132조의17] 거불심 심결취소소송 제한설,"안녕하세요 취소소송관련해서 리담객관식 지문 질문드립니다. 거절결정불복심판청구를 기각하는 심결의 취소소송단계에서 특허청은 심결에서 판단되지 않은 것이라고 하더라도 거절결정의 이유와 다른 새로운 거절이유에 해당하지 않는 한, 심결의 결론을 정당하게 하는 사유를 주장•입증할 수 있다. 거불심의 심결취소소송은 제한설이기 때문에 심결에서 판단되지 않은 사항을 주장입증 할 수 없다고 생각했습니다.제가 어떤부분을 잘못 이해하고 있을까요? 감사합니다!","제한설의 취지 자체가 출원인의 대응기회 확보입니다. 따라서, 출원인에게 실질적 대응기회를 준 경우에는 가능합니다. 열공하세요~", ,,23.01.08
특허법,문제,162조,[162조] 리담 기출문제 786면,"안녕하세요 변리사님 리담 기출문제 786면 질문드립니다. 보기 2번이 틀린 보기이므로, 해설과 같이 ""일사부재리 원칙 적용 여부의 판단기준 시점은 해당 심판청구시이다.""로 해석할 수 있는데 원칙이라는 기준이 뭔지 잘 모르겠습니다. 동일 사실, 동일 증거 판단시점 : 심결시 선행심결확정시 판단시점 : 심판청구시 이렇게 구분하는데, 둘 중에 어떤 것이 원칙이고 어떤 것이 예외인지 어떻게 파악하나요??","원칙은 심결시이나, 본안심결의 확정은 청구시라고 이해하면 됩니다. 2번은 본안심결의 확정을 배제하고 기술되어 있어서 틀린 지문입니다. 열공하세요~", ,,23.01.08
특허법,문제,135조,[135조] 리담 기출문제 825면,"안녕하세요 변리사님 리담 기출문제 825면 질문드립니다. 보기 4번이 틀린 이유가 ""대비하여"" 라는 문구때문에 틀린게 맞나요? '대비할 필요도 없이 권리범위를 인정할 수 없다'라고 고쳐야 옳은 지문일까요? 저작자 표시컨텐츠변경비영리",네. 그렇습니다., ,,23.01.08
특허법,문제,137조,137] 정정무효심판에서 특허의 정정,안녕하세요. 질문드립니다. 4번 해설에 따르면 3번이 틀린선지가 되는것 아닌가요?? 답이 4번으로 되어있어 질문드립니다. 감사합니다.,"4번이 틀린 지문이 맞습니다. 해설도 그렇고요. 참고로 제137조제4항을 보면, 제133조의2제6항을 준용하지 않습니다. 열공하세요~", ,,23.01.10
특허법,조문,137조,[137조 정정무효심판] 정정심판과 정정무효심판과의 차이점,"<2011후 620 판결> 특허를 무효로 하는 심결이 확정되었음에도 불구하고 정정무효심판청구에 대한 기각심결의 취소를 구할 법률상의 이익이 존재하는지 여부(소극) 여기에서 질문이 하나 있습니다. 바로 후발적 무효사유가 발생한 경우입니다. 정정심판의 경우 ""정정심판은 특허권이 소멸된 후에도 청구할 수 있다. 다만, 특허취소결정이 확정되거나 특허를 무효(제133조제1항제4호에 의한 무효는 제외한다)로 한다는 심결이 확정된 후에는 그러하지 아니하다.""라고 규정되어 있습니다. 즉, 정정심판은 후발적 무효사유의 경우에도 청구할 수 있다는 뜻입니다. 하지만, 정정무효심판은 법률상 이러한 규정이 존재하지 않습니다.(준용한다고 되어있지도 않습니다)그렇다면 후발적 무효사유에 의해 특허무효심결이 확정된 경우라 하더라도 정정무효심판은 청구하는 것이 불가능한건가요? 만약에 불가능하다면 그 이유가 무엇인가요? 항상 친절한 답변 감사드립니다 임 변리사님 저작자 표시컨텐츠변경비영리","후발적 무효사유로 소멸한 경우에는 존속하고 있는 시기의 특허가 정정된 명세서 또는 도면에 의해 유지되고 있기 떄문에, 정정무효심판을 청구할 수 있습니다. 열공하세요~", ,,23.01.11
특허법,문제,135조,[135조] 권리범위확인심판 확인대상발명 특정,"관련 질문이 많긴 하지만 제가 생각하는 것이 맞는지가 궁금하여 질문드립니다. 12년 변시 기출문제입니다. 12년 기출에서 확인대상발명이 특허발명과 대응되는 구성요소가 일부 없지만 독립항만으로도 충분히 특허발명과 대비(권리범위 속부를 판단)할 수 있어서 특정되었다고 보는 것이 맞는 것인지가 궁금합니다. --> 청구취지 특정 O, 청구원인 예외적으로 특정 O 16변 변시 기출입니다. 16년 기출에서는 일사부재리의 효력이 미치는 범위가 명확하지 않다는 것으로 볼 때 다른 발명과 구별할 수 없을 정도로(청구취지로서) 특정되어 있지 않음을 뜻하고 있어서 청구를 각하해야하는 것인가요? --> 청구취지 특정 X 저작자 표시컨텐츠변경비영리","네, 이해하고 있는 것이 맞습니다.", ,,23.01.11
특허법,문제,136조,[136] 정정심판,"5번 지문에서 정정심판이 특허법원이나, 심판원에서 확정되면 둘 다 사실심이니깐 청구범위는 정정 후의 청구 범위를 기준으로 판단해야 하는 거 아닌가요? 권리남용 판례에서 진보성이 위반되었고 명백하면 특별한 사정이 없는 경우는 권리남용으로 행사가 불가하다라는 판례에 의하면 정정을 통해 기재불비를 해소한다면 권리범위를 인정할 수 있는데 침해의 경우에도 당연히 정정후의 청구 범위로 판단해야 하는거 아닌가요? (혹시 어차피 정정 전이나, 정정 후나 청구범위를 실질적으로 확장하거나 변경할 수 없기 때문에 정정 전의 청구범위로 침해죄를 판단하는 건가요?)","침해는 정정후에 청구범위를 기준으로 하나, 침해죄는 정정전의 청구범위를 기준으로 해야 한다는 것이 판결의 요지입니다. 열공하세요~", ,,23.01.12
특허법,조문,135조,[135조] 확인대상발명의 특정,"안녕하세요 변리사님. 권리법위확인심판의 확인대상발명의 특정과 해석에 대해 질문드립니다. 리담 특허법 1167p에서 확인대상발명의 특정과 해석의 원칙으로 ""설명서를 중심으로 확인대상발명의 구성을 파악하여야 하고, 기술적 의미를 정확히 알 수 없는 경우에는 도면 등의 기재를 참작하여 파악하여야 하지만, 특별한 사정이 없는 한 도면에 의해 설명서에 기재된 확인대상발명의 구성이 제한되거나 확장되어 해석하는 것은 허용되지 않아야 한다."" 라고 기술되어 있습니다. 그리고 확인대상발명의 설명서와 도면의 불일치가 있는 경우 설명서 기준으로 기술적 구성을 파악하여야 한다고도 되어 있습니다. 2017후 2291 판례에서는 ""확인대상 발명의 설명서에 불명확한 부분이 있거나 설명서의 기재와 일치하지 않는 일부 도면이 있더라도, 확인대상 발명의 설명서에 기재된 나머지 내용과 도면을 종합적으로 고려하여 확인대상 발명이 특허발명의 권리범위에 속하는지 여부를 판단할 수 있는 경우에는 확인대상 발명은 특정된 것으로 보아야 한다.""라고 판시되어 있습니다. 겉보기에는 설명서와 도면이 불일치하는 경우 1. 설명서 기준으로 2. 도면을 종합적으로 고려 로 나누어지는 것 같습니다. 그렇다면 '확인대상발명의 설명서와 도면의 불일치가 있는 경우 설명서 기준으로 기술적 구성을 파악하여야 한다'는 법리는 원칙의 '도면에 의해 설명서에 기재된 확인대상발명의 구성이 제한되거나 확장되어 해석하는 것은 허용되지 않아야 한다.' 와 통하는 것이고, 2017후 2291 판례의 ""불일치하는 도면이 있더라도 설명서와 도면을 종합적으로 고려하여 확인대상 발명이 특허발명의 권리범위에 속하는지 여부를 판단할 수 있는 경우에는 확인대상 발명은 특정된 것으로 보아야 한다.""는 법리는 원칙의 ""기술적 의미를 정확히 알 수 없는 경우에는 도면 등의 기재를 참작하여 파악하여야 한다""와 통하는 것으로 이해해야 하는 것인지 질문드립니다.",2017후 2291 판결은 청구원인으로서 특정에 관한 내용입니다. 설명서에 <대응>구성이 없거나 불명확하더라도 <대비(권리범위판단)> 가능한다고 특정된 것으로 본다는 것입니다. 열공하세요~, ,,23.01.12
특허법,조문,163조,[163조 일사부재리],"도해특허법 275쪽에서 적용시점의 심결시에 혼란이 와 질문드립니다. 여기서 심결시란 지금 진행중인 심판의 심결 시에 본안심결이 확정되어 있다면 일사부재리효가 적용되어 심결각하 된다는 것인가요? 법 취지를 생각하면 본안심결 심결시를 기준으로 뒤를 봣을 때 동일내용 동일사실에 대해 청구했으며 보지 않고 바로 각하시킨다고 이해했었는데요 ""심판청구 당시에는 신규성 위반이라고만 하였으나 심결취소송단계에서 신규성 위반 이외에 다른 무효사유(진보성 위반)을 주장하는 경우에는 일사부재리의 판단이 심결시를 기준으로 하기 때문에 불인정""이라는 말이 잘 와닿지않습니다 ㅠ 불인정은 동일사실이 아닌 청구임을 불인정 한다고 이해했는데 맞나요? 저작자 표시컨텐츠변경비영리","일사부재리를 전혀 잘못 이해하고 있네요. 1. 판단은 후심판청구를 기준으로 하는 것이지 선심판청구를 기준으로 하는 것이 아닙니다. 2. 확정은 후심판청구시, 동일사실 및 동일증거는 후심판의 심결시를 기준으로 합니다. 3. 동일사실 및 동일증거는 후심판의 심결시를 기준으로 하니, 후심판의 심결시에는 신규성 위반이라고 하였으나, 심결취소소송단계에서 진보성 위반도 추가하는 것은 인정하지 않겠다는 것입니다. 열공하세요~", ,,23.01.21
특허법,문제,140조,[140조] 심판단계에서 거절결정 가능 여부,"안녕하세요 문제풀이 중에 질문드립니다. 거불심의 경우에 심사단계의 결정에 대해 인용하거나 기각하는 심결만을 할 수 있다고 생각했는데, 2번 지문에서 거절하는 내용의 심결을 할 수 있다고 되어있어서 질문드립니다. 거절하는 내용의 심결 = 거불심 기각 심결 이라고 보아야 할까요 아니면 심판단계에서도 거절결정을 할 수 있다는 말일까요? 늘 감사드립니다 새해 복 많이 받으세요!","전자가 맞습니다. 심판단계에서는 이미 거절결정이 된 상태이니, 다시 거절결정을 할 수 없습니다. 즉, 제170조제1항에서 제62조를 준용하지 않습니다. 새해 복 많이 받으세요~", ,,23.01.22
특허법,조문,164조의2,[164조의2] 조정의 대상 질문입니다,"안녕하세요 임병웅변리사님 리담상표법을 보면 '조정의 대상은 침해소송과 연관(진행 중 또는 예정)된 심판사건으로 분쟁보다는 조정을 통해 합의를 이끄는 것이 유리한 경우이며, 결정계 사건이나 산업재산권의 무효 및 취소 여부, 권리범위의 확인 등에 관한 판단만을 요청하는 사항은 조정의 대상이 아니다'라고 하는데 이 내용은 특허에서도 똑같은건가요?","상표법 규정을 살펴보니, 특허법과 다르지 않네요. 실무적으로 문의한 것처럼 운영될 여지는 있으나, 조정의 대상을 무엇으로 할 것인지는 심판원의 재량사항이라고 이해하고 있는 것이 더 적절해 보이네요. 열공하세요~", ,,23.01.25
특허법,조문,133조,[133] 실시권자의 무효심판 청구 이익과 예외,"실시권자의 무효심판청구 이익이 있다고 하는 판례에서 예외로 언급하는 ""제한없는 실시""가 무상 + 제약없는 실시이고 유상이거나 무상이더라도 실시에 제약이 있다면 무효심판 청구의 이익이 있다고 볼 수 있다는 뜻으로 이해했는데 맞는지",맞습니다., ,,23.01.27
특허법,문제,134조,[134] 존속기간 연장 무효의 제한,"객관식 p. 820 (1), (2) (1) 기간 과다의 연장무효는 과다한 기간에 대해서만 무효로 하지만 연장무효에서 연장허가의 대상이 아니였던 청구항에 대해 연장을 받은 경우라도 무효심판에서 허가대상이 아니였던 청구항만 연장을 무효로 하고 정당하게 연장된 청구항에 대해서는 연장을 유지하지 않고 연장 전체를 무효로 한다는 뜻이 맞는지. 둘을 다르게 보는 이유가 있는지 (2) 무효가 후발적무효이고 + 무효로 된 시점이 연장되기 전의 존속기간 이후라면 무효청구가 가능한 것 아닌지 연장전 존속기간 만료일 –> 후발무효의 소멸시점 –> 연장후 존속기간 만료일 인 경우.",1. 전체를 무효로 합니다. 2. 연장계속 중 후발적 무효사유가 발생하는 경우는 입법상 공백입니다., ,,23.01.27
특허법,조문,138조,[138] 크로스라이선스의 청구권자,"조문에서 통실허의 크로스 라이선스의 청구인에 디자인권자, 실용신안권자만을 언급하는데(98조) 디자인권, 실용신안권의 전용실시권자도 포함하는 것이 맞는지",법에 규정은 없지만 맞다고 보입니다., ,,23.01.27
특허법,조문,141조,"[141, 142] 방식심사와 방식심리",강의노트 p. 423에서 심판의 진행이 방식심사 → 방식심리 → 적법성 심리인데 방식심사와 방식심리의 대상이 어떻게 다른지,"방식심사는 특허심판원장이 하는 것이고, 방식심리를 심판장이 하는 것입니다.", ,,23.01.27
특허법,조문,154조,[154] 심판과 취소소송의 이익,각 단계에서 이익의 유무에 대해 판단할 때 심판의 경우 1. 심결을 내릴 특허가 존재하지 않으면 심결의 이익 없음으로 심결각하. 2. 심결을 내려도 의미가 없는 경우(정정심판 → 취소에서의 정정으로 이미 동일한 정정이 되었음 등) 부적법한 심판의로 심결각하. 취소소송의 경우 1. 판결을 내릴 특허가 존재하지 않으면 소이익 없음으로 소각하 2. 심판의 심결이 정당한 심결과 다르지 않다면 소이익 없음으로 소각하 3. 특허가 존재하고 정당한 심결돠 다르다면 취소환송 이렇게 알고 있는데 맞는지,"1. 각 심판별로 다 차이가 있는지, 획일화해서 말할 수 없습니다. 2. 당사자간 합의는 기본서의 심결취소소송에 다음과 같이 기술되어 있네요. 당사자 간의 합의가 심결 이후에 있으면 소의 이익이 없으므로 소를 각하하여야 하나, 그러나 당사자 사이의 합의 내용이 원고가 심결취소소송을 포기하고 특허심판원의 심결을 그대로 받아들여 이를 확정시키겠다는 취지라면 소각하 판결을 하여도 별 문제가 없을 것이나, 만일 합의의 전체적인 취지가 심결을 포함한 심판절차까지 처음부터 없었던 것으로 하겠다는 취지인 경우도 있을 수 있고, 이러한 경우에는 원고가 소취하서를 제출하지 아니하면 합의가 있었다는 이유만으로 곧바로 소각하를 하는 데에는 주의를 요한다. 심판단계에서 당사자 간의 합의가 이루어질 경우에는 심판의 이익이 없으므로 심판청구를 각하하여야 함에도 실체 판단을 한 심결은 위법하므로 그 심결은 취소되어야 한다. 다만, 예외적으로 권리범위확인심판청구를 기각한 심결의 취소소송에서는 소의 이익을 인정하기가 곤란할 것이다. 법원에서 원고 청구를 인용하여 심결을 취소하더라도 특허심판원은 어차피 원고의 권리범위확인심판청구를 각하할 것이므로, 굳이 기각심결의 취소를 구할 이익이 없다.", ,,23.01.27
특허법,조문,157조,[157] 증거보전 신청의 대상,"조문에서 증거보전 신청은 심판청구 전에는 특허심판원장에게 하고, 심판계속 중에는 그 사건의 심판장에게 하여야 한다. 라고 하여 심판청구 후 ~ 심판 개시 전의 기간에는 누구에게 청구할지 명시되어 있지 않은데 이 경우는 누구에게 청구해야 하는지",심판청구후부터가 심판계속중입니다., ,,23.01.27
특허법,조문,161조,[161] 심판청구의 취하기간,1. 심판청구의 취하가 심결확정 전까지 가능하다 함은 등본 송달 이후 3개월의 기간동안에도 상대방의 동의만 있다면 심판청구를 취하할 수 있는 것이 맞는지,3개월이 아니라 30일입니다., ,,23.01.27
특허법,조문,136조10항,[136 10항] 정정심판확정의 효과,"안녕하세요. 질문드립니다. 심결취소소송 사실심변론종결 이후에 특허발명의 명세서 또는 도면에 대하여 정정을 한다는 심결이 확정되더라도 정정 전 명세서 또는 도면으로 판단한 원심판결에 재심사유 없다는 판례에서 그 근거로 '심결'이 판결의 기초가 된 행정처분이고 136 10항에 따라 정정심판확정의 효과는 '특허결정'에 대해 생기는 것이므로 이는 심결취소소송에서의 심리판단 대상일뿐, 판결의 기초가 된 행정처분으로 볼수없다고 설명해주셨는데 136 10항에 따르면 특허발명의 명세서 또는 도면에 대하여 정정을 한다는 심결이 확정되었을 때에는 그 정정 후의 명세서 또는 도면에 따라 특허출원, 출원공개, 특허결정 또는 '심결' 및 특허권의 설정등록이 된 것으로 본다. 라고 되어있어서 '심결'도 정정심판확정에 따라 바뀌는것 아닌가요??? 감사합니다. 저작자 표시컨텐츠변경비영리","여기서, 심결은 등록전의 심결이니 정정심판의 심결이 아니라 거불심의 심결을 말합니다.", ,,23.01.27
특허법,문제,163조,[163조] 정정심결 일사부재리,안녕하세요 일사부재리 관련해서 질문드립니다. 정정심결이 확정된 경우 일사부재리가 적용되지 않는다는 것은 어떤 의미인가요? 왜 적용되지 않는 것인지도 궁금합니다 감사합니다,"기본서의 일사부재리 파트를 보면 다음과 같이 기술되어 있네요. 정정심판(法 136)은 특허권자만이 청구할 수 있으므로 이에 관한 심결에 대하여 특허권자가 동일하게 정정한 명세서 또는 도면을 가지고 다시 심판을 청구하는 일도 없을 것이며, 정정한 명세서 또는 도면을 동일사실로 보기 어려우므로 일사부재리가 적용되지 아니한다고 봄이 타당하다.", ,,23.01.29
특허법,문제,138조,[138조] 객관식 질문,"안녕하세요 객관식문제집 581페이지에서 질문드립니다 저는 2번에서 통상실시권은 채권적권리에 불과하기 때문에 침해금지 및 손배청을 할 수 없다고 생각했고, 4번지문은 조문대로라서 맞다고 생각했습니다. 왜 4번이 정답이 되는지 잘 모르겠습니다. 감사합니다!",통상실시권자는 등록을 필요로 하지 않습니다., ,,23.01.29
특허법,문제,135조,[135조]권리범위확인심판,"안녕하세요 18년 기출선지 권리범위확인심판에서 확인대상발명의 일부 구성이 불명확하여 다른 것과 구별될 수 있는 정도로 구체적으로 특정되어 있지 않다면, 특허심판원은 요지변경이 되지 아니하는 범위 내에서 확인대상발명의 설명서 및 도면에 대한 보정을 명하는 등 조치를 취해야 하며, 그럼에도 그와 같은 특정에 미흡함이 있다면 심판청구를 각하하여야 한다. 질문 : 청구취지가 특정되지 않았을 때 1. 방식심리에서 심판장이 발견하면 보정명령 후 심판청구서 각하 2. 합의체가 발견하면 위 선지처럼 보정명령 후 심판청구 각하 되는것인가요? 감사합니다.","잘못 이해하고 있습니다. 청구취지가 불명확한지는 적법성 심리에서 판단대상이고, 만족하지 않으면 심결각하됩니다. 즉, 방식심리 대상은 아닙니다.","안녕하세요! 게시글을 보고 질문이 생겨서 댓글로 질문합니다...! (2012년도 49회 13번) 심판청구방식에 관한 설명으로 옳지 않은 것은?이라는 문제에서 5번선지: “청구의 취지가 특정되지 않는 경우에 심판장은 기간을 정하여 그 보정을 명하고 이에 응하지 않을 때는 심판청구서를 결정으로 각하하여야 한다.” (O) 라고 되어있는데, 게시글 본문(18년도 기출선지)은 [권리범위확인심판에서 확인대상발명이 다른 것과 구별될 수 있는 정도로 특정되어있지 않으면, 청구취지를 특정할 수 없어 일사부재리효를 미치는 범위가 불명확하기 때문에 ‘심판관 합의체’가 ’심결각하‘ ]하는 것이고, 12년도 기출선지는 [심판청구서에서 청구취지가 특정되지 않은 것은 특허법 제140조 제1항 제4호 위반으로 ‘방식심리’에서 ‘심판장’이 심판청구서를 ‘결정각하’]하는건가요?","청구취지기재를 문의한 것과 확인대상발명의 특정을 문의한 것을 섞어 놓았네요. 청구취지기재가 형식적으로 적법하지 않으면 제141조의 방식심리대상이고, 형식적으로 적법하나 내용적으로 다른 것과 구별되지 않으면 제142조의 적법성심리대상입니다.",23.01.29
특허법,조문,133조,[133조] 특허무효심판 조약 위반의 경우,"안녕하세요 변리사님! 특허무효사유를 주실조후로 저희가 정리를 하잖아요 그런데 ""조""는 조약위반이고, 후발적 무효사유에도 ""그 특허가 조약을 위반한 경우""가 있습니다. 제가 객관식 806번 2번 선지 ""등록 후 조약을 위반하여 무효심결이 확정된 경우 보상금청구권은 처음부터 발생하지 아니한 것으로 본다""를 보고 저는 주실조후의 ""조""에 해당하여 소급적 무효가 된다고 판단했는데요. 해설에서는 후발적 무효사유로 판단했습니다. 같은 조약 위반인데 어떻게 구분하여 판단해야할까요? 저작자 표시컨텐츠변경비영리","<등록 후>는 후발적 무효사유, <등록 전>는 원시적 무효사유입니다.", ,,23.01.29
특허법,조문,155조,[155조] 참가제도의 준용,"당사자계와 달리 결정계의 경우 참가제도를 준용하지 않는다고 알고있는데 문제집을 풀다가 상표에서는 거절결정 불복의 경우에도 보조참가가 가능하다는 내용을 보아서 햇갈립니다. 결정계 심판에서 당사자참가와 보조참가 모두 준용하지 않지만 취소소송에서는 행정소송의 원칙에 따라 참가를 인정하되 보조참가만을 인정하는 것이 맞나요? 특허에서와 상표, 디자인에서 결정계 심판의 참가제도에 다른 점이 있는지도 궁금합니다.",다른 점 없습니다. 기본서의 심결취소소송 파트 읽어 보세요., ,,23.01.31
특허법,문제,136조,[136조] 정정심판 시기적 요건,"안녕하십니까 강사님, 리담객관식 846p 5번 보기 ""특허취소신청이 특허법원에 계속중인 경우에도 정정심판을 청구할 수 있는 경우가 있다""가 맞는 보기라고 나와 있는데, 취소신청의 심결취소소송인 경우 제한설이 적용되어 정정심판청구가 안 되는 것 아닌가요?","아래의 단서 그대로 해석하면 됩니다. 특허취소신청이 특허심판원에 계속 중인 때부터 그 결정이 확정될 때까지의 기간. 다만, 특허무효심판의 심결 또는 정정의 무효심판의 심결에 대한 소가 특허법원에 계속 중인 경우에는 특허법원에서 변론이 종결(변론 없이 한 판결의 경우에는 판결의 선고를 말한다)된 날까지 정정심판을 청구할 수 있다.", ,,23.02.02
특허법,문제,138조,[138조] 통상실시권허락심판 cross licence,"안녕하십니까 강사님, 위 문제 5번 보기 후단의 통실허심판의 심결을 문맥상 을이 갑에게 청구한 통실허심판이라고 보았는데, 그 의미를 갑이 을에게 청구한 통실허심판의 심결(cross license)이라고 보아야 하는 것인가요? 5번이 맞는 보기라고 나와 있어서, 정답의 이유가 잘 이해되지 않아 질문드립니다.",제138조제3항으로 이해됩니다., ,,23.02.02
특허법,조문,140조,[140조] 심판청구서 보정,안녕하세요 심판청구기간에는 심판청구서의 보정을 자유롭게 할 수 있으나 심판청구기간이 지난 후부터 (심판장이 보정명령을 내렸을 때) 요지변경이 불가한 것인가요? 심판청구서의 보정은 시기적으로 언제까지 가능하다는 제한은 없는 것인가요? 감사합니다 저작자 표시컨텐츠변경비영리,"기간과 상관없이 원칙은 요지변경불가이고, 심결시까지 가능합니다", ,,23.02.04
특허법,문제,135조,[135조] 권리범위확인심판에서의 권리확정,"안녕하세요! 권리범위 확인심판에서는 사실관계를 확정하는 것이 아니라 권리관계를 확정하는 것이라고 리담특허법 교재에서 공부했습니다, 그래서 1번 지문처럼 사실확정에 관한 것이라고 하면 틀린 것으로 생각했는데 왜 옳은 내용이 되는지 잘 모르겠습니다",특허발명과 확인대상발명의 대비 - 권리관계의 확정 확인대상발명과 실시발명의 대비 - 사실적 관점 일치 입니다., ,,23.02.06
특허법,조문,135조,[135] 권리범위확인심판,"권리범위확인심판 판례 중 이런 판례가 있습니다. 편의상 몇몇 단어는 조금 생략하겠습니다. ""권리범위확인심판에서는 특허발명의 진보성이 부정된다는 이유로 그 권리범위를 부정하여서는 아니된다. 다만 대법원은 .. 공지공용의 것인 경우까지... 권리범위를 인정하여 독점적, 배타적인 실시권을 부여할 수는 없으므로... 특허무효의 심결 유무에 관계없이 그 권리범위를 부정할 수 있다고 보고있다."" (81후25 전원합의체 판결) ""이러한 법리를 공지공용의 것이 아니라 그 기술분야에서 통상의 지식을 가진자가 선행기술에 의하여 용이하게 발명할 수 있는 것뿐이어서 진보성이 부정되는 경우까지 확장할 수는 없다."" (2012후4162 전원합의체) 라고 되어있는데요! 2019 기출문제 권리범위확인심판에서 나온 문제 중 3번선지가 이렇게 되어있습니다. 3.권리범위 확인심판에서 특허발명과 대비되는 확인대상발명이 공지기술과 동일한 경우 뿐만 아니라 그 기술분야에서 통상의 지식을 가진 사람이 공지기술로부터 쉽게 실시할 수 있는 경우에는 그 확인대상발명은 이른바 자유실시기술로서 특허발명과 대비할 필요 없이 특허권의 권리범위에 속하지 않는다고 보아야 한다."" 라고 되어있습니다. 문제는 이게 옳은 선지라는건데, 그렇다면 위의 판례와 충돌하는 것 아닌가요? 분명 판례에서는 ""그 기술분야에서 통상의 지식을 가진자가 선행기술에 의하여 용이하게 발명할 수 있는 것뿐이어서 진보성이 부정되는 경우까지 확장할 수는 없다."" 그래서 권리범위확인심판에서 그 권리범위를 부정하면 안된다라는게 위 판례인데 왜 이 3번선지가 맞는 것인지 모르겠습니다. 그리고 '공지공용의 것'이라는게 공지기술을 말하는 건가요?? 그럼 답변기다리겠습니다. 감사합니다!","무효의 항변(첫번째 판결), 권리남용의 항변(두번째 판결), 자유기술의 항변(세번째 판결)을 구분 못 하고 있네요. 기본서에서 꼭 확인하고 넘어가세요. 그리고 공용=공연실시입니다.","공연 실시 되었다는게 누구에게나 다 공개가 되었다는건데 그렇다면 이게 공지기술인거 아닌가요? 공지기술, 공지공용, 공연실시 너무 헷갈리네요. 기본서나 강의노트 어딜로 가야 해당 내용을 확인할 수 있을까요?",공지기술 - 제29조제1항각호 중 어느 하나 공지공용 - 제29조제1항제1호 공연실시 - 제29조제1항제1호후단,23.02.07
특허법,조문,136조,[136조] 심결 취소 소송의 사실심 변론종결후 정정인용심결확정의 case 질문입니다.,"정정심판과 특허취소신청, 특허무효심판의 관계에 대해서 살펴보면, 정정심판에 대한 인용심결이 확정된 경우, 취소신청이나 특허무효심판이 심판원에 계속중인지, 특허법원에 계속 중인지, 대법원에 계속중인지에 따라서 세 가지 케이스로 나뉩니다. 제가 궁금한 건 대법원에 계속중인 경우, 정정심판에 대한 인용심결이 확정된 경우입니다. 강의노트 462페이지 내용을 보면 '인용심결 확정으로 정정된 내용대로 출원, 특허결정, 등록된 것으로 보지만, 특허결정은 심결취소소송에서 심리, 판단해야 할 대상일 뿐 판결의 기초가 된 행정처분으로 볼 수 없기 때문에 민소법 제451조제1항제8호의 재심사유라는 할 수 없고, 따라서 법률심인 대법원에서는 정정 전 특허발명에 의해 다른 법령 위반이 존재하는지 판단함. 만일 법령위반이 존재하여 대법원에서 파기환송하면 사실심인 특허법원에서 정정 후 명세서 또는 도면을 대상으로 무효사유를 심리함' 이라고 나와있습니다. 이 내용을 읽고 제 생각을 정리해봤는데, 1. 정정심판청구가 인용심결확정되어 '특허결정'에 소급효를 부여하게 된다하더라도 '기각 판결'의 기초가 된 '무효심결'과 연관된 게 아니므로 재심사유에 해당하지 않음. 2. 재심은 심판원에서 이루어지는데 재심사유 아니니까 심판원으로 환송되지 않음 3. 그렇다면 정정 후 명세도 도면으로 판단을 해야할 것 같지만, 대법원에서의 절차는 이전 특허법원에서의 절차까지 주장한 내용을 가지고 위법성을 판단하는 법률심이기 때문에 정정 후의 명세서 도면을 받아들이고 판단할 수 없음 4. 따라서 법률심에서 정정 전 명세서 도면으로 법령 위반이 존재하는지를 판단해야함 이라고 생각했습니다. 맞는 건가요?","민소법 제451조제1항제8호를 정확히 이해해야 합니다. 인용심결확정의 효과로 인한 소급효는 판결의 기초가 된 행정처분이 아니므로 재심사유에 해당하지 않고, 따라서 대법원에서는 특허법원의 확정된 사실심리를 토대로 법률심을 해야 한다는 것입니다. 이렇게 이해해야 합니다.", ,,23.02.08
특허법,판례,136조,[제136조] 정정에 대한 판례 질문합니다!,"리담 특허법 판례 제6판의 284번 판례와 323번 판례를 보고 혼동이 되어 글을 쓰게되었습니다! [284번 판례]특허법원 1999.7.1.선고98허9840판결 내적부가에 의한 정정이 청구범위를 실질적으로 변경시키는지 여부:상위개념을 하위개념으로 정정하되 하위개념의 발명이 선택발명이 되어 특허성을 가지게 되고 또 그 하위개념의 발명이 특허명세서에 기재가 되어 있지 않는 경우에는 그러한 정정은 특허청구의 범위를 실질적으로 변경하는 경우에 해당한다 할 것이나, 그렇지 아니하고 특허청구의 범위에 기재된 상위개념의 발명을 명세서에 기재된 하위개념의 발명으로 감축하여 정정하는 것은 특허청구의 범위를 실질적으로 확장하거나 변경하는 경우에 해당하지 아니하고 제3자에게 예측하지 못하는 손해를 줄 염려가 없다 할 것이어서 허용되어야 할 것이다. [323번 판례]대법원 2014.2.27.선고2012후3404판결 상위개념을 하위개념으로 정정하였다고 하더라도 명세서 또는 도면에 기재된 사항의 범위를 벗어난 경우 신규사항추가로서 정정이 인정되지 않는다는 사례: 특허발명의 명세서 또는 도면의 정정은 그 명세서 또는 도면에 기재된 사항의 범위 이내에서 할 수 있다(특허법 제136조 제2항). 여기서 ‘명세서 또는 도면에 기재된 사항’이라 함은 거기에 명시적으로 기재되어 있는 것뿐만 아니라 기재되어 있지는 않지만 출원 시의 기술상식으로 볼 때 그 발명이 속하는 기술분야에서 통상의 지식을 가진 사람이면 명시적으로 기재되어 있는 내용 자체로부터 그와 같은 기재가 있는 것과 마찬가지라고 명확하게 이해할 수 있는 사항을 포함하지만, 상위개념을 하위개념으로 정정하였다고 하더라도 그러한 사항의 범위를 넘는 신규사항을 추가하여 특허발명의 명세서 또는 도면을 정정하는 것은 허용될 수 없다. 정정은 동일성 유형 중 A유형의 범위 내의 것만 동일한 것으로 보므로, [상위개념 -> 하위개념]으로의 정정은 ‘실질적 동일성’범위로서 문언적, 내재적 동일성의 범위를 벗어나는 것이라서 [상위개념을 하위개념으로 정정하는 것은 허용되지 않는다]라고 결론을 내려 기억하고 있었습니다..! 그런데 98허9840판결은 [상위개념을 하위개념으로 감축 정정하는 것은 ~~~허용된다]의 결론이라서, 일률적으로 판단을 하면 안될 것 같아서 이렇게 질문드립니다. 2012후3404판결에서 정정이 허용되지 않는다는게 “상위개념->하위개념의 정정”이라서가 아니라, 맨 마지막 문장에서 (상위개념을 하위개념으로 정정하였다고 하더라도)그러한 사항의 ”범위를 넘는 신규사항의 추가”가 문제되어 정정이 허용되지 않는 것일까요? 감사합니다","법 제136조제3항과 제4항은 각각 독립된 정정요건입니다. 98허9840 판결은 제3항은 만족함을 전제로, 제4항을 만족하는지 판단하고 있는 것입니다. 그에 반해 2012후3404 판결은 제3항을 만족하는지 판단하고 있는 것이고요. 제목이 질문규칙에 맞지 않으니 수정해 주세요.", ,,23.02.10
특허법,문제,133조,[133조] 정정심판의 심결취소소송 특허법원 계속중 무효심결 확정,"1번이 옳은 선지인데, 그럼 청구항 1에 대한 심결취소소송은 일부각하심결 내려지고 나머지 전부승소또는패소심결을 하게 되는 건가요? 저는 청구항1은 판단하지 않고 전부승소 또는 패소심결을 한다고 생각하였는데, ""청구항 1에 대한 심결취소소송부분만 각하""된다는 표현때문에 질문드려요! 항상 답변 감사합니다.","네, 그렇습니다. 판결문을 붙이면, 아래와 같습니다. 판결문에서 제2항 내지 제11항 발명이 문제에서의 제1항 발명과 대응됩니다. '그렇다면 이 사건 제2항 내지 제11항 발명에 대한 이 사건 소는 소의 이익이 없어 부적법하므로 이를 각하하고, 이 사건 제1항 발명에 대한 원고들의 청구는 이유 있으므로 이를 인용하기로 하며, 각하하는 부분은 피고의 정정심판청구에 의한 것이므로 소송비용 전부를 피고의 부담으로 하기로 하여, 주문과 같이 판결한다.""", ,,23.02.14
특허법,조문,133조,[제133조] 이해관계인 질문합니다,"(심판의 당사자와 관련된 도해 특허법 248.p) ’당사자 적격자>이해관계인‘칸에서 (3.구체적인 예)들 중에서 심사관은 이해관계가 인정되지 아니한다고 되어있는데, 그러면 특허법 제113조 제1항에 따르면 심사관은 무효심판청구를 할 수 있는데, 이해관계가 없어도 무효심판청구가 가능한 것이라는 말일까요...? 감사합니다!","법조문에 대한 이해가 부족하네요. 아래의 제133조제1항을 다시 읽어 보세요. ① 이해관계인(제2호 본문의 경우에는 특허를 받을 수 있는 권리를 가진 자만 해당한다) 또는 심사관은 특허가 다음 각 호의 어느 하나에 해당하는 경우에는 무효심판을 청구할 수 있다. 이 경우 청구범위의 청구항이 둘 이상인 경우에는 청구항마다 청구할 수 있다. <개정 2016. 2. 29., 2021. 10. 19.>", ,,23.02.14
특허법,조문,163조,[163]일사부재리의 전 확정심결과 동일증거 판단에 관한 질문드려요,"전 심판절차 내 에서는 제출되지는 않았었지만, 전 심결의 취소소송에서만 증거로 제출된 자료들도 후심판에서 동일 증거인지 판단자료가 되나요? ​ ㅡㅡㅡㅡㅡㅡㅡㅡㅡㅡㅡ 예를 들어 증거1로 신규위반무효 심판 청구했고 기각 후 심결 취소소송에서 증거2를 주장(무제한설)했지만 결국 기각판결된 경우 , 그 후에 증거2에 기해 신규위반 무효심판 또 청구했을 때 ㅡㅡㅡㅡㅡㅡㅡㅡㅡㅡㅡ ​ 일사부재리 위반으로 보는지 궁금해서 질문드려요 :)","네, 취소판결이 심판원에 기속력이 있고, 심결의 모순저촉방지라는 취지를 생각해 보면, 일사부재리 위반으로 보는 것이 맞습니다. 열공하세요~", ,,23.03.10
특허법,조문,138조,[138조]통상실시권,"갑 a+b 발명1 을 a+b+c 발명2 병 a+b+c+d 발명3을 각각 출원했을 때 병은 실시를 위하여 갑, 을 모두에게 통상실시권에 대한 허락을 구하거나 심판을 청구해야 실시가 가능한가요? 그리고 이러한 경우에 갑, 을 모두에게 대가를 지급해야하나요? 수험적인 질문인지는 모르겠지만 단순히 궁금해서 질문 드립니다! 감사합니다!","네, 수험적인 질문이고요. 모두에게 대가를 지급해야 합니다. 열공하세요~", ,,23.03.10
특허법,조문,164의2,[164의2] 조정위원회 회부 등,"안녕하세요 임병웅변리사님! 도해특허법 chapter.6 심판 목차에서 '164의2(조정위원회 회부), 심판비용(165), 집행권원(166)'이 심판각론파트에 속해 있는데, 세 조문 모두 각 심판에 공통적으로 적용할 수 있으니까 총론파트로 넣어서 공부해도 되나요??","네, 심판총론이 맞습니다. 열공하세요~", ,,23.03.29
특허법,문제,136조,[136조] 정정 인용심결에 따른 심판청구대상 보정,"안녕하세요 임병웅변리사님! 객관식 763p 1번지문이 '특허의 무효심판청구의 대상이 된 특허발명이 정정심판의 결과에 의하여 정정된 경우 정정 후의 특허발명을 심판청구의 대상으로 변경하는 보정은 요지변경으로 보지 아니한다.'인데, 정정심판에서 인용심결이 내려지면 정정된 내용으로 소급하여 출공결심설 된 것으로 보고 정정 후 명도를 기준으로 판단하는데, 심판청구 대상을 변경하는 보정을 왜 하는 건가요??","현재의 무효심판청구서에 기재된 정정전 특허발명을, 정정후의 특허발명으로 보정하여야 무효심판에서 다툴 수 있기 때문입니다", ,,23.04.03
특허법,조문,132조의17,[132조의17] 거결심에서의 보정,"거결심에서의 최초거절이유통지는 기존 심사단계에서 거절이유로 지목되지않은 부분에 한정한다고 이해하였습니다 그럼 거절결정에 불복함에 있어서 심사절차에서 최종적으로 거절이유로 지목된것을 보정하는 건 재심사청구를 통한 보정으로만 할수있다는 의미인가요? 추가적으로, 만약 이런상황에서 거결심을 청구하면 그대로 oa없이 기각심결이 나는건가요? 이 경우 바로 거절결정하지않고 최종oa를 한다고했던것같은데.. 머릿속에서 섞여서 혼란합니다 너무기본적인 질문같은데 제가 못찾은건지 책으로 해결이되지않아 부득이 질문드립니다 ㅜㅜ 답변 기다리겠습니다. 감사합니다",1. 심판청구할 때는 보정이 안 됩니다. 2. 심판관합의체는 거절결정이 적법한지 다시 심리를 합니다. 열공하세요~, ,,23.04.03
특허법,조문,136조,[136조] 정정 인용심결에 따른 심판청구대상 보정,"안녕하세요. 며칠전에 올렸던 질문에서 '현재의 무효심판청구서에 기재된 정정 전 특허발명을, 정정 후의 특허발명으로 보정하여야 무효심판에서 다툴 수 있기 때문에 정정 인용심결에 따라 무효심판 청구대상을 보정한다'고 답해 주신 것과 관련해서 추가적으로 질문이 생겨 올립니다! 1. 무효심판 청구시 심판청구인이 법정사항 4가지(당사자 정보, 대리인 정보, 심판사건 표시, 청구취지 및 이유)만을 적어 낼텐데, 피청구인이 정정 인용심결에 따라 심판청구서를 변경하는 보정을 하면 어떤 부분을 보정하게 되는건가요? (심판 청구대상을 변경하는 것이면 취지의 보정일 것 같은데, 해당 보정의 경우엔 요지 변경으로 보지 않아서 청구취지를 보정하는 것이라도 허용되는 건가요?) 2. 강의노트 '정정심판과 특허취소신청, 특허무효심판의 관계' 내용 중 무효심판이 특허심판원 or 대법원에 계속중 정정심판에 대한 인용심결 확정된 경우 정정 후 명도로 특허 무효사유를 심리한다고 되어있는데, 이때에도 위와 같이 피청구인이 정정된 특허발명으로 심판청구서를 보정했기 때문에 정정 후 명도를 기준으로 판단하는 건가요? 답변 감사드립니다!","1. 무효심판을 청구할 때는 특허발명이 무엇인지 특정해야 합니다. 그리고, 특허발명의 청구항이 무엇이고, 왜 무효사유가 있는지를 기재해야 하는 것이고요. 그래서, 특허발명이 정정으로 바뀌었다면 심판청구서를 보정해야 합니다. 2. 사실관계를 잘못 기재하고 있네요. 특허심판원과 특허법원의 사실심 변론종결전까지만 정정후 특허발명에 의해 무효사유를 심리합니다. 그리고, 특허법원에 계속중일때는 심판청구서를 보정하는 것이 아니나 소장을 보정합니다. 열공하세요~", ,,23.04.07
특허법,조문,133조,[133조] 133조1항2호와 정당한 권리자의 보호 투트랙,"133조1항2호본문에 의하여 33조1항본문 위반인 경우뿐만 아니라, 44조 위반인 경우에도 무효심판을 청구할 수 있으니, 44조 위반인 경우에 대해서도 정당한 권리자의 보호를 투트랙으로 진행할 수 있는 것 아닌가요? (죽이고 소급효, 안죽이고 이전청구) 33조1항본문 위반인 경우에는 투트랙이나 44조 위반인 경우에는 원트랙으로 정당한 권리자의 보호가 가능하다고 하신 것과 헷갈려서 질문드립니다. 매번 양질의 강의 감사합니다. 저작자 표시컨텐츠변경비영리",제34조와 제35조를 읽어보셔요. 제33조제1항본문의 경우만 적용됩니다. 열공하세요~, ,,23.05.04
특허법,조문,141조,[141조] 심판장의 심판청구서 결정각하,"기본서 1084p 상단부분입니다. 1) 141조2항에서는 심판청구서의 보정이 요지변경에 해당하면 심판장은 그 심판청구서를 결정으로 각하하여야 한다.고 하는 반면에, 2) 그 이후의 심판편람 내용에서는 요지변경이라도 바로 각하하지 말고 (중간생략) 다시 심판청구서를 보정할 기회를 주는 것이 바람직하다."" 라고 하여, 아무리 선해하여 읽으려 해도 두 내용이 모순처럼 느껴져서 질문드립니다.. (+추가) 혹시 141조2항은 단지 훈시적 규정이라 따르지 아니하여도 위법이 아닌 것인건가요? 그냥 깔끔하게 조문중심으로 기억하고 편람 내용은 가볍게 스킵하면 괜찮을까요?",1. 요지변경인지 너무 타이트하게 보지 말라는 의미로 이해하면 됩니다. 2. 제141조제2항은 훈시적 규정이 아닙니다. 열공하세요~, ,,23.05.09
특허법,조문,135조,[135조] 확인대상발명의 특정과 일사부재리효의 관계,"기본서 1162p~1163p입니다. 확인대상발명의 특정과 일사부재리 효과의 관계에서, 163조 [일사부재리]의 입법취지를 ""법적 안정성의 확보""로 이해하여 하기와 같이 이해/정리해두어도 무방할까요? 1. 청구취지로서의 특정이 명확한 경우: 일사부재리의 효과가 미치는 범위가 명확하므로, 법적 안정성을 확보할 수 있기에 → 바로 각하심결하지는 않고 본안심결까지 진행해주고, 2. 청구취지로서의 특정이 불명확한 경우: 일사부재리의 효력이 미치는 범위가 명확하다고 할 수 없으므로, 이대로 심판절차를 진행하여 본안심결까지 가게 되면 자칫 법적 안정성을 해할 수도 있기에 → (나머지 구성만으로 ~ 판단할 수 있는 경우라도) 바로 각하심결 처리 항상 좋은 강의 감사드립니다. 저작자 표시컨텐츠변경비영리",다음과 같이 이해하면 됩니다. 1. 청구취지 특정 명확 (1) 권리범위 판단 가능(청구원인 특정 만족) - 본안심결 (2) 권리범위 판단 불가능 - 각하심결 2. 청구쥐치 특정 불명확 - 각하심결, ,,23.05.13
특허법,조문,136조,[136조] 정정무효심판,"리담 p1185 판례 2012후3404 ""상위개념을 하위개념으로 정정하였다고 하더라도 ~ 허용될 수 없다"" 라고 판시하였는데 신규사항 추가는 동일성 판단 시 A유형이고 상위개념을 하위개념으로 정정하였다면 동일성이 인정되지 않아 '당연히' 최명도 기재를 벗어나 신규사항 추가에 해당한다고 생각했습니다. 판례 문구에서 ""상위개념을 하위개념으로 정정하였다고 하더라도"" 라고 한 것이 상위개념을 하위개념으로 정정하면 일반적으론 동일성이 인정되지 않지만 개별적으로 판단해봐야 하기 때문이라고 이해하면 될까요?","하위개념이 특허발명의 명세서 또는 도면의 기재되어 있지 않다면, 기재된 사항의 범위를 벗어난 것이라는 의미입니다. 열공하세요~", ,,23.05.26
특허법,조문,136조2항,[136조 2항 단서] 정정심판 청구기간의 예외,"136조 2항 1호. 특허취소신청이 특허 심판원에 계속중인 때부터 그 결정이 확정될 때까지의 기간에 정정심판청구불가. 다만, 특허무효심판의 심결 또는 정정의 무효심판의 심결에 대한 소가 특허법원에 계속중인 경우에는 특허법원에서 변론이 종결된 날까지 정정심판을 청구할 수 있다. 2항 1호 단서에서 무효심판의 심결에 대한 소가 저 화살표로 표시한것 아닌가요? 강의에서 ""무효심판과 취소신청이 겹친경우""라고 표현하셨는데, 이걸 이해를 못하겠습니다.. 심판에서 내려진 심결에 대한 불복으로 소송을 하는 것으로 알고있는데, 소송파트 강의를 들어봐야 아는 부분일까요? 무효심판에 대한 심결취소소송이 사진에서 표시된 것이라면 ""소가 특허법원에 계속중"" 이려면 이미 심판에서 심결이 내려지고, 불복하여 적어도 특허법원에 소 제기한 때인데, 어떻게 다시 과거로 돌아가서 심판원 계속중에 심판청구가 가능하다는 건지 잘 모르겠습니다. 그와 동시에 2항 2호와 모순되기도 하고요...","취소신청과 무효심판은 별개의 사람에 의해 이뤄진다는 것을 모르고 있네요. 예를 들어, 취소신청인은 갑이고, 무효심판청구인은 을일 때, 두 절차가 별개로 진행될 수 있고, 중복될 수 있는 것입니다. 열공하세요~", ,,23.06.15
특허법,조문,136조,[136조] 정정심판,안녕하십니까 변리사님 대법원 2012후3404의 판례문구가 이해가 되지 않아 다시 한 번 질문하게 되었습니다 ㅜ 강의에서 정정은 동일성 a유형으로 특허발명의 명.도와 비교하여 문언적 내재적 동일성이 인정되는 범위 내에서만 가능하다고 하셨습니다 그렇다면 상위개념을 하위개념으로 정정하였다면 신규사항 추가인지 볼 것도 없이 동일성이 인정되지 않아 부적법하다고 생각하였습니다 다제가 판례 문구를 과하게 꼬아 생각하는걸까요?,"판례 문구를 잘못 이해하고 있네요. ""기재된 사항의 범위를 벗어났다 = 신규사항추가이다."" 입니다. 열공하세요~",그렇다면 기재된 사항 내라면 상위개념을 하위개념으로 정정하더라도 동일성 인정 되어 허용 되는 것인가요? 신규성 판단 시 실질적 동일성 판단 부분과 혼동이 옵니다 ㅜ,"기재된 사항 내라면 당연히 제136조제3항의 요건을 충족하는 것이고, 이것이 제136조제4항,제5항도 만족한다면 정정이 허용됩니다.",23.06.28
특허법,문제,136조,[136조] 정정심판,안녕하십니까 변리사님 기출문제 질문 있습니다! 1번 보기에서 2차 정정청구가 요지변경으로 부적법하면 (1차 정정청구는 2차 정정청구에 의해 취하 간주된 후)심리는 어떻게 진행되는 것인가요?,"1차 정정청구가 취하간주되니, 2차 정정청구는 1차 정정청구와 비교하지 않습니다. 지문에는 ""요지변경이 된 것으로 여부를 판단하고""라는 문구 자체가 말이 안되는 것입니다. 열공하세요~", ,,23.07.01
특허법,조문,132조의16,[132조의 16] 특허심판원의 구성,책 1051p에 심판장이 11명이라고 되어있는데 총 33개의 심판관합의체가 있다면 심판장도 합의체당 1명씩 33명이어야 하는것 아닌가요?,"현재, 심판원의 조직이 변경되어, 심판부는 총 36개이고, 심판장 50명, 심판관 56명을 두고 있습니다. 심판부별로 심판을 진행할 심판장과 심판관을 별도로 지정합니다. 특허심판원 사이트 들어가서 확인해 보세요~", ,,23.07.07
특허법,조문,154조,[154조] 중복심판청구금지의 원칙과 심판 계속 중의 의미,"안녕하세요. 기본적인 질문인듯 하지만 초학자여서 확인차 질문드립니다. (전제: 동일 당사자에 의한 동일 심판) 후심판 심결 시에 전심판이 계속 중인 경우, 중복심판청구금지의 원칙에 위배된다고 배웠고, 2016후2317 판결에서는 ""(전략)~후심판의 심결 시에는 전심판이 확정되어 중복상태가 해소된 경우~(후략)"" 라고 나와있어서, → ""심판 계속 중""상태는, 심결 시가 아니라 심결확정 시를 기준시점으로 종료되는 것으로 이해하면 되나요? cf1. 중복심판청구금지의 원칙은 특허법원, 대법원 계속 중도 포함된다고 하는데, 각각의 ""재판(?) 계속 중""상태도 사실심 변론종결 시, 법률심 변론종결 시를 기준시점으로 하여 종료되는 것으로 보면 될까요? cf2. 위 질문들 표현 중 안쓰이는 용어나 틀린 표현 등이 있다면 함께 지적해주시면 감사하겠습니다. 매번 좋은 강의 감사합니다.",1. 전심판과 후심판을 구분하지 못하고 있네요. 판례 문구는 후심판의 심결시를 기준으로 전심판이 확정된 경우 전심판이 계속중이지 않아서 중복심판청구금지의 원칙에 걸리지 않는다는 것입니다. cf1) 확정(더 이상 불복 불가 상태)전의 의미로 이해하면 됩니다. 열공하세요~, ,,23.07.09
특허법,조문,135조,"[135조] 권리범위확인심판의 시기적 요건, 스스로 자인한 경우의 판례","2. 판례집 311p 상단 비고에서 2004후1663판결의 사실관계 및 절차처리가 헷갈려서 질문드립니다. 1) 처음에 소극적 권범심에서 인용심결받은 후, 2) 특허권자가 불복하여 특허법원에 소 제기한 후, 3) 특허법원 단계의 변론준비절차에서 심판청구인(=피고)가 확인대상발명을 장래에 실시할 계획이 없어 스스로 자인한 경우에 해당하는 것으로 이해하였고, → 이 경우 심급으로 환송시킨 후 각하심결해야 하나, 소송절차의 경제성을 위해 그냥 바로 소각하처리하게 되는 건가요?","환송 후 각하하는 것이 맞습니다. 인용과 각하는 완전히 다릅니다. 인용은 이해관계인(심판청구인)이 심판에서 이기는 것이고, 각하는 이해관계인이 심판에서 지는 것입니다. 열공하세요~", ,,23.07.09
특허법,조문,163조,[163조] 후발적 무효사유와 일사부재리,"안녕하십니까 교수님, 항상 유익한 강의 감사드립니다. 리담특허법 교과서 p.1116의 그림 7-5의 도표의 일부를 그린 사진입니다. 그런데 갑의 심판청구에 대한 심결이 후발적 무효사유로 인한 경우라면 원칙의 경우와 마찬가지로 대상물이 없어 심결각하가 이루어져야 하는 것이 아닌가하는 생각이 듭니다. 감사합니다","후발적 무효사유는 특허권이 장래를 향해 소멸하는 것이므로, ""대상물이 없다""는 전제가 틀렸습니다. 무효심판청구는 특허권 존속중은 물론 특허권이 장래를 향해 소멸하는 경우에도 가능합니다. 열공하세요~", ,,23.07.10
특허법,조문,170조,[170] 거불복 심판에 대한 준용,"안녕하세요. 변리사님 170조 보시면 거불복 심판에 대해 준용하는 항들이 1항에 나와있는데요~ 1. 170조 1항에 나열되고 있는 항들이 거불복 심판을 준용한다라고 하는데, 도대체 그게 무슨말인건가요?? 예를들면 47조 1항 제 1,2 호가 준용되는 항 중 하나인데, 이건 심사단계지 심판단계가 아니잖아요~ 근데 심판단계에서 무엇을 준용한다라는 것이죠?? 2. 170조 2항에 보시면, 63조(거절이유통지)는 특허거절결정의 이유와 다른 거절이유를 발견한 경우에만 적용한다라고 되어있는데, 다음과 같은 말인가요?? <순서> 1) 거절결정(이유: 29조 1항 각호 위반) 2) 출원인이 거불복 심판 청구 3) '인용'심결(이유: 29조 1항 각호 위반 & '29조 2항 위반') 4) '거절이유통지' 라는 말인가요?? 즉, 거절결정할 때는 29조 2항이 그 결정의 이유로 없었는데 거불복 심판에 대한 심리 중 새로운 거절이유를 발견했기 때문에 인용심결을 하고, 거절이유(29조 2항)를 통지하면서 의견서 제출 기회를 줘야한다는 말인가요?? 회독을 하면서도 170조만 돌아오면 항상 뭔 말인지를 모르겠어서 찝찝한 마음으로 그냥 넘어갔었는데 이제는 이해를 딥하게 해야할 것 같아 이렇게 질문드립니다. 저작자 표시컨텐츠변경비영리","1. 심판단계에서도 최초, 최후 거절이유통지를 할 수 있고, 그 때 보정할 수 있다는 것입니다. 2. 진보성 위반에 대하여 인용심결을 하기 전에 거절이유통지를 하여야 한다는 것입니다. 열공하세요~","답변 감사합니다. 그렇다면 변리사님, 거절이유통지하고 의견서제출하면서 보정하는 이런 과정들이 심사단계에서만 진행될 수 있는게 아니라 심사가 끝나고 거불복 심판을 청구한 후, 즉 심판단계에서도 이렇게 OA후 의견서제출+보정하는 과정들이 가능한건가요?? 또한, 이게 심판의 심결 후 하는 소송에서도 가능한가요?","네, 심판단계까지 가능합니다.",23.07.21
특허법,판례,135조,[135조]확인대상발명의 특정,안녕하세요 변리사님 권리범위확인심판에서 확인대상발명의 특정방법에 대해 질문드립니다. 1. 2017후2291 판결은 ‘확인대상발명의 청구원인으로 특정’에 대한 판례라고 말씀해주셨는데 그렇다면 해당 판례는 확인대상발명이 청구취지로 특정이 되었다는 전제하에 내려진 판결인가요? 2. 첨부한 사진의 맨 아랫쪽에 적어둔 대로 확인대상발명의 특정방법(해당 두 판결)을 이해하는게 맞는지 한번 봐주시면 감사하겠습니다 :) 늘 좋은 강의 감사드립니다!,"1. 네, 그렇습니다. 2. 네, ""원인으로 특정"" = ""대비가능"" = ""권리범위 판단 가능""으로 이해하면 됩니다. 열공하세요~", ,,23.08.01
특허법,조문,170조,[170조] 심사단계에서의 보정각하처분,"기본서 p. 1128 각주 139) 보정각하가 적법한지 여부는 심사단계에서의 보정각하사유가 아닌 다른 사유에 의하여 판단될 수 있으며, 이 경우 청구인에게 의견서를 제출할 수 있는 기회를 주지 않아도 된다. <근거> 1. 63조 1항 단서 2. 심판절차에서 의견제출기회없이 보정각하결정이 적법하다고 판단하더라도, 소송절차에서 불복 가능 3. 가령 당사자가 신청하지 아니한 이유에 대하여 심리하면서 그 이유에 대한 의견제출기회를 주지 않았다고 하여 심결이 취소된다고 하더라도, 취소 후 새로 진행되는 심판절차에서 출원인이 보정의 부적법한 사유를 치유하기 위하여 다시 명세서 등 보정서를 제출할 수 있는 절차가 없어 사실상 심결취소의 필요성이 없다고 할 수 있는 점에 비추어 보면, ~~ 159조1항 위반으로 심결을 취소하여야 할 위법이 있다고 볼 수는 없다. 저 말이 무슨 의미인지 잘 모르겠습니다. 이유에 대한 의견제출기회가 없었다는 이유로 심결취소소송이 인용되고, 다시 심판이 진행되면 다시 심판이 처음부터 이루어지는 것 아닌가요? 170조에서 47조4항을 준용하고있고, 다시 심판이 처음부터 이루어지면 보정가능한 것이니 보정각하 사유를 치유할 수 있는 것 아닌가 하는 생각이 듭니다.","심판단계에서는 제170조제2항에 의거하여 거절결정의 이유와 다른 거절이유를 발견한 경우에만 의견제출기회를 주게 됩니다. 그렇다면, 이 경우에는 의견제출기회를 줄 수 있는 사유에 해당하지 않습니다. 열공하세요~", ,,23.08.07
특허법,조문,138조,138조]통실허 심판에서 디자인과 이용저촉시,안녕하세요 임병웅 변리사님 통실허 심판에서 상당한 기술적 진보 따질때 선출원 디자인과 이용 저촉시에는 안따지는 것이 맞나요??? 저작자 표시컨텐츠변경비영리,네. 기본서를 읽어 보세요., ,,23.08.15
특허법,조문,133조,[133조] 무효심결 확정의 소급효,"안녕하십니까 변리사님 항상 유익한 강의 감사드립니다. 도해특허법 17판 p249 하단 무효심판에 의한 무효 내용 중 ""무효심결이 확정된 경우에는 원칙적으로 특허권설정등록시로 소급하여 특허권이 소멸한다""라고 써있는데 133조 3항의 심결이 확정된 경우 그 특허권은 처음부터 없었던 것으로 본다. 와 같은 뜻인건가요? 처음부터 없었던 것으로 보는 것은 특허출원부터 없었던 것으로 보는 것이 아닌것인가요?",조문 공부가 제대로 되고 있지 않네요. 제87조제1항에 의하면 특허권은 설정등록에 의하여 <처음으로> 발생합니다. 열공하세요~, ,,23.08.17
특허법,문제,135조,135조] 권리범위확인심판 진보성,"변리사님 안녕하십니까! 객17판 299p 1번 보기에 질문이 있어 글 올리게 되었습니다! 청구항 1항,2항은 진보성 위반이라 권리남용이긴 하지만 권리범위를 부정할 수는 없어 권리범위확인심판을 청구하는 것은 특허법상 적절한 조치가 아니라 판단했는데 옳은 조치로 정답이 나와있어 질문 드립니다! 항상 좋은 강의 해주셔서 정말 감사드립니다!!","진보성 위반이 아니라, X가 다른 사유로 인해 권리범위에 속하지 않는다는 것을 이유로 소극적 권리범위확인심판을 청구했다는 의미로 이해하시면 됩니다. 권리범위에 속한다고 판단하는 것은 병뿐이고, 갑과 을은 권리범위에 속하지 않는다고 판단하고 있는 것입니다.", ,,23.09.11
특허법,조문,135조,[135] 소극적 확인심판 청구,안녕하세요 교수님! 강의를 듣던도중 이해가 안가는 부분이 있어 질문드리게 되었습니다 1. 을은 a를 실시하다가 확인대상을 b로 특정하여 소극적 확인 심판을 청구했네요! 이는 특허권자 갑의 침해소송제기로 인해 a실시가 특허권 침해가 될까봐 b라도 그 실시가 침해 아님을 인정받기 위해 을이 소극젇 확인 심판을 청구한건가요? 2. 인용심결확정에서 b 실시가 특허침해가 아니라고 판단되어도(권리범위가 아니여도) 처음 을이 실시한것은 a 였으니 a 특허침해로 갑에게 부당이득반환을 해야하나요? 3. ‘ 침해소송의 재판부 기망’ 자체를 이해하지 못하고 있습니다. 위 사안에서 어떤게 침해소송의 재판부 기망이라는 의미일까요? 미래 실시 예정이 아닌데 실시할것으로 소극적확인심판을 구하는 행위가 재판부 기망이라는 의미 일까요? 슬슬 강의의 끝이 보이네요. 항상 질문에 양질의 답변 남겨주셔서 감사드립니다!,"1. 자기는 a를 실시하는 것이 아니라 b를 실시하거나 실시할 의사가 있다는 것입니다. 2. a가 침해이면 민사상, 형사상 조치를 취할 수 있습니다. 3. 소극적에 대한 인용심결을 받으면서, 재판부에 이를 제출하면 재판부는 a와 b의 미세한 차이를 인식 못할 수도 있다는 것입니다.", ,,23.09.12
특허법,조문,136조,[136조] 정정심판과 침해죄 질문 (2005. 10. 14. 선고 2005도1262 판결),"안녕하세요, 2005도1262 판결의 해석 관련 질문드립니다. 해당 판결의 요지로 침해죄에 해당하는지 여부를 판단함에 있어 정정 전의 특허청구범위를 침해대상 특허발명으로 하여야 하는 것은 이해하였는데, 필기노트 하단부의 부연설명(말풍선 부분)은 이해가 잘 되지 않아 질문드립니다. 결국, 1) 침해 성립요건(A1)을 만족함을 전제로 침해죄(A)에 해당하는지 판단하여야 하므로, 2) 제3자의 실시행위가 정정 후 청구범위(A1)에 대하여 침해를 만족하지 않는다면, 침해죄도 당연히 성립하지 않는다. 로 일단 내용은 인지하였는데, 이 법리는 대법원 판결의 내용이므로 비판없이 암기하면 될까요? 아니면 대법원이 이렇게 판시한 것에 다른 이유가 있는 것인가요? 판례에 따르면 A로 침해죄 여부 판단을 하면 되는데, A1을 다시 또 고려해야 하는 이유가 이해가 잘 되지 않아 질문드립니다.. 답변 미리 감사드립니다.",침해가 성립하지 않으면 침해죄를 고려할 필요도 없기 때문입니다. 대법원은 침해죄 고려에 대해서만 얘기하고 있는 것입니다., ,,23.09.12
특허법,문제,138조,[138조] 문제집 정답 질문,"안녕하세요, 기출문제집 풀던 중 답지 표기에 오류가 있는 것인지 질문드립니다. 하기 문제의 정답은 해설의 내용에 의하면 2번으로 되어야 하는 것 맞나요?",오류가 없습니다. 병은 통상실시권자가 아니므로 심판청구를 할 수 없습니다., ,,23.09.12
특허법,조문,163조,163 일사부재리,일사부재리 원칙 위반을 이유로 등록무효심판청구를 각하한 심결에 대한 취소소송에서 심결시를 기준으로 동일 사실과 동일 증거를 제출한 것인지를 심리하여 일사부재리 원칙 위반 여부를 판단하여야 한다는 판례에서 제가 이해한대로 그린 그림이 맞는 그림인지 궁금합니다.,전혀 맞지 않습니다. 사실관계를 각색하면 아래와 같겠네요. 1. 갑-무효심판청구(신규성 위반-공지1) 2. 갑-기각심결확정 3. 병-무효심판청구(신규성 위반-공지1) 4. 병-일사부재리 위반으로 각하심결 5. 병-심결취소소송제기(진보성 위반-공지1) ---- 불허,병의 심결취소소송은 본안심리의 위법성에 대한 것이기 때문에 일사부재리 위반으로 된 각하심결과는 무관하다고 다시 이해했는데 맞나요? 질문하는것마다 전혀 맞지 않아서 너무 슬픕니다 ㅠ,"감을 못 잡고 있네요. 각하심결, 각하결정, 본안심결의 위법성을 특허법원에서 심리하는 것입니다. 심판청구서의 보정을 심결시까지 할 수 있고, 각하심결의 위법성을 판단할 때, 심결시까지 주장한 심판청구요건 이외의 다른 사유를 주장할 수 없다는 것이 판결의 요지입니다. 화이팅하세요~",23.09.24
특허법,문제,164조,[164조] 소송과의 관계,"안녕하십니까 변리사님 164조 관련하여 질문이 있습니다 3번 보기의 근거 조문이 164조라고 하였는데 164조에서의 “법원”이라는 표현이 특허법원과 민사법원등을 아울러 표현하는 것인가요? 또한 다른 조문 등에서 특허법원, 법원 이라고 되어 표현되어 있는 조문들은 각각 맥락에 맞게 해석하는 것인지 구별하여 표현된 것인지 궁금합니다","1. 네, 모든 법원을 다 말합니다. 2. 법원이 특허법원의 상위 개념입니다.", ,,23.10.21
특허법,문제,133의2,"[133의2], [136], [137]",위 문제 2번에서는 특허를 무효로 한다는 심결이 후발적 무효사유에 대한 심결인 경우에는 정정심판을 청구할 실익이 있기 때문에 틀린 보기라고 하였는데 아래 문제 ㄱ보기에서는 무효심결이 확정된 경우 정정무효심판 ㄱ각 심결에 대한 소가 부적법 각하된다고 하였습니다 ㄱ보기의 경우에도 후발적으로 소멸한 경우 여전히 정정 무효 심판 청구의 실익이 있다고 생각이 들어 두 판례가 배치된다고 생각하는데 어떻게 판단해야 되나요?,"조문에 보면 다음과 같이 기술되어 있습니다. ""⑦ 제1항에 따른 정정심판은 특허권이 소멸된 후에도 청구할 수 있다. 다만, 특허취소결정이 확정되거나 특허를 무효(제133조제1항제4호에 의한 무효는 제외한다)로 한다는 심결이 확정된 후에는 그러하지 아니하다. <개정 2016. 2. 29.>"" 즉, 위 문제 2번이 절대적 진리 측면에서 맞는 지문이고, 아래 ㄱ 지문은 후발적 무효사유인 경우 틀린 지문일 수 있으나, 상대적으로 문제풀이를 할 수밖에 없습니다. 다만, 요즘 출제경향은 아래 ㄱ 지문 같이 불명확한 지문은 지양되고 있습니다.", ,,23.10.21
특허법,조문,135조,[135조] 소극적 권리범위 확인심판 이해관계 판단 시점,"’이 사건 확인대상발명에 대해서는 특허권 침해를 주장한 적이 없고‘ 라는 말은 무슨 내용인지 이해가 안 갑니다 ㅠㅠ 위 판례 내용은 다툼이 없고 앞으로도 없을 거라는 당사자 한 명의 얘기를 듣고 합의를 한 것으로 보아 판결을 내서 문제가 있다고 하는데요, 1) 다툼이 없는 것의 객체가 무엇인가요? 그리고 2) ‘이 사건 확인대상발명’이라함은 소극적 권리범위확인심판에서 이해관계인이 제시한 확인대상발명에 대한 얘기가 맞는 것인가요?? 3) 결과적으로 특허권자가 침해라고 주장하는 실시 제품(예를 들어 A+B)에 대해서는 다투었으나 이해관계인이 소극적 권리범위확인심판에서 제시한 확인대상발명(A+b)에 대해서는 다툰 적이 없기에 심판청구의 이익이 없다는 결론으로 나오는 것인지요?",1. 이해관계인이 제시한 확인대상발명입니다. 2. 네 3. 네 열공하세요~, ,,23.10.24
특허법,문제,136조,136조 정정심판,"3번선지 후단은 특허취소신청에 대한 설명이어서 틀렸다 판단했습니다 1번에 정정심판에 대한 심결취소소송은 청구항마다 일부인용, 일부기각이 허용된다고 기억하는데 맞나요? 4번선지 파악시 위의 그림과 같이 이해하고 풀었는데 혹시 잘못 이해하고 있는 부분이 있나요? 결국 무효심판이 먼저 확정되었으므로 틀린 선지라고 판단하였습니다 질문드릴때마다 제가 오해하고 있는 논리가 있엇어서 각 선지별로 제가 판단한 논리에 오류가 있는지 여쭤보고싶습니다 감사합니다","네, 잘못 이해하고 있네요. 1. 3번 선지는 사실심 변론종결 전/후로 구분하지 않아서 틀린 지문입니다. 2. 일부인용, 기각 안됩니다. 3. 소급효인 경우에는 대상이 없어서 심결각하되고, 장래효의 경우에는 적법한 정정심판청구이므로 틀린 지문입니다. 열공하세요~ 참고로 아직 기본 개념에 대한 이해가 부족합니다. 화이팅하세요.", ,,23.10.24
특허법,조문,133조의2,[제133조의2] 특허무효심판에서 정정청구,"위에 나온 판례의 내용에 대한 질문 있습니다. ”심판원에서 정정청구를 인용한다음에 그걸 바탕으로 판단하였을 때 갑의 무효심판청구를 배척했고, 특허법원에 올라가서 심판원에 있던 판단에 대해 다시 판단을 해보니 정정청구가 불인정되는 게 맞았고 그걸 바탕으로 다시 판단해보니 심판원의 기각심결은 옳지 않았다고 판결했다.“ 라는 부분까지는 알겠습니다만, 1) 그 이후 대법원에서 판단이 이루어질 때는 특허법원에서의 ‘정정청구 불인정, 그로인한 1항-5항은 무효이다’라는 것이 옳고 그름을 판단하는 게 맞나요? 그리고 그 옳고 그름을 판단하면서 보니 정정이 불인정된 상황에서 본 3항은 무효사유가 없어서 파기환송이 되었고 결국은 무효사유가 없는 3항에 대한 정정청구도 같이 파기환송이 되어야하나 일체불가분적 성격으로 1-5항에 대한 모든 정정청구를 파기환송 하는게 맞는 것은 알겠는데요, 3) 1,2,4,5항도 정정불인정을 전제로 판단한 게 어떤 부분에서 잘못되었고 그것을 파기환송 했는지 모르겠습니다. 정정청구가 파기환송되었으니 정정이 안 된 1,2,4,5항을 보고 무효라고 판단한 상황은 옳기에 파기환송하면 안 되지 않나? 라는 생각이 들어서요. 제가 어떤 부분을 놓치고 있는지 모르겠습니다.ㅠㅠ 4) 그렇다면 결과적으로 정정청구가 옳고 정정 후 1-5항에 대해서는 무효사유가 없어 무효심판청구가 기각된다는 결론에 도달하는 게 맞나요?","특허법원에서 정정인정 여부를 다시 판단하니, 정정불인정을 전제로 1, 2, 4, 5가 무효사유가 있다는 판결을 유지할 수 없어서, 결국 전체를 파기환송한다는 것입니다.", ,,23.10.26
특허법,조문,136조,[136조] 정정심판 인용심결확정 후 문제,"이 그림이 잘 이해가 안 가네요 ㅠㅠ 1) 3번 케이스를 볼 때 ’심판원에서 심결취소소송을 제기하여 특허법원에 가서 판결을 받는 경우 결과가 다르면 취소환송을 해야하는데, 여기서 만약에 상고까지 가게되어 상고의 이유가 인정된다면 대법원에서 파기환송을 한다‘ 라고 이해하면 될까요? 2) 4번 케이스를 볼 때 ‘대법원에서 무효라고 하여 특허법원의 판결이 확정되면 취소환송을하여 심판원에 내려가서 다시 심판을 받게 되는데 이때는 정정 후 명도에 의해 심리를 받는다’ 이런 식으로 이해하면 될까요?","1. 네, 그 결과 특허법원에서는 기각판결이 내려질 것입니다. 2. 네. 맞습니다. 열공하세요~", ,,23.10.26
특허법,문제,163조,[163조] 리담기출문제집 263p 4번문항,"수정해서 다시 올립니다!! 263p 4번문항(해설지 121p) 4번만 답이라고 되어있는데요 2번선지에 선행심결 확정시점을 물어본게아니라 일사부재리 적용 판단기준시점이니 심결시 맞는거 같아서요 혹시 답이 2,4 둘다 맞는건가요???","일사부재리의 요건을 모르고 있네요. 청구시를 기준으로 하는 선행심결이 확정되었는지도 요건이고, 심결시를 기준으로 하는 동일사실 및 동일증거인지도 요건입니다. 열공하세요~",넵 그렇다면 저 선지가 틀린 이유는 두조건 다 언급하지 않고 단순히 심결시라고 해서인가요???,"네, 그렇습니다.",23.10.27
특허법,조문,138조,[138조] 크로스 라이선스 요건,"안녕하세요 변리사님. 138조 3항 크로스 라이선스의 요건에 관하여 질문이 있습니다. 3항에서 ""그 통상실시권을 허락받은 자의 특허발명을 실시할 필요가 있는경우""는 요건에서 제외시키셨는데, 이 부분도 크로스 라이선스의 요건 중 하나로 봐야하는것 아닌가요? 제가 볼 때 ""실시할 필요가 있는 경우""라 함은 실시를 필수적으로 해야만 하는 정당한 사유(당위성)이 있는 경우에 한하여 청구가 가능하다는 의미로 봐야한다고 생각합니다. 그렇게 본다면 이 역시 요건에 해당할텐데 요건에서 제외시키신 의중을 생각해보면, 해당 부분을 단순히 ""실시하고자 하는 경우""로 파악하신게 아닐까 하는 생각이 듭니다. 만일 그런 의미라면 3항의 다른 조건이 다 만족 됬을경우 선출원권리자의 의사에 따라 언제든 통상실시권의 허락을 요구하는 심판을 청구할수 있다는 건데 이럴경우라면 선출원권리자의 특허(A)를 구성요소로 하는, 그 뒤로 나오는 수많은 후출원특허들(A+B, A+B+C, A+D...)에 대해서 전부 선출원권리자가 실시권을 얻을 수 있다고 생각이 듭니다. 이용관계에 있는 후출원특허권자들은 자신의 발명의 실시를 위해서 필연적으로 선출원권리자의 허락이 필요할 것이고 이에 선출원권리자는 처음엔 거절했다가 후출원권리자가 심판청구하면 그때 허락만 해준다면 3항에 의해 그 후출원특허에 대한 실시권을 언제든 가질수 있는 특권이 생기는 것 아닌가요? 거기다 실시하려고 하는 특허는 꽤 괜찮은 기술들이니까 썩히지않고 실시하려 하고 심판청구까지하고 하는 것일텐데 그런 좋은 특허들에 대한 실시권을 선출원했다는 이유로 언제든 얻을수 있는 특권을 법에서 규정해뒀을리 없다고 생각합니다. 따라서 해당 조항에서 언급하는 ""실시할 필요가 있는 경우""는 단순히 개인의 의사가 아닌 별도의 당위성을 필요로 함을 내포하는 것으로, 청구를 하기 위해 충족되어야 할 요건 중 하나라고 판단되는데 이에 대한 변리사님의 생각이 궁금합니다. 감사합니다.","법조문 전체를 읽어 보지 않고, 자의적인 해석을 하고 있습니다. 법조문을 보면, ""③ 제1항에 따른 심판에 따라 통상실시권을 허락한 자가 그 통상실시권을 허락받은 자의 특허발명을 실시할 필요가 있는 경우""로 규정되어 있는데, 이는 심판에 의해 허락한 경우에만 선출원권리자가 심판을 청구할 수 있다는 것입니다. 한편, 허락에 의한 경우에는 계약조건에 의하여 선출원권리자가 실시할 수 있는 실시권을 얼마든지 확보할 수 있다는 것을 간과하고 있네요. 마지막으로, 특허법의 기본원칙은 선출원주의로, 이는 특허요건 판단뿐만 아니라 이와 같이 실시 권한 부여와 관련해서도 적용됩니다. 열공하세요~", ,,23.11.06
특허법,조문,138조,[138조] 통상실시권허락심판에 의한 실시권,"안녕하세요 변리사님 138조 관련하여 질문이 있습니다. 통상실시권허락심판에 의한 실시권은 [통상실시권]인데, 강의에서 변리사님께서 판서하실때 통상실시권허락심판에 의한 실시권은 [강제실시권]이라고 하셨습니다. 그렇다면 통상실시권이 곧 강제실시권에 해당하는것인가요? 그렇지만 (책 p1024의 1.의의) 에서는 ""통상실시권허락심판의 경우는 기술전문가로 구성된 심판관 합의체에 의하여 통상실시권이 허락되는점에서 특허청장의 결정에 의하여 통상실시권이 설정되는 재정에 의한 강제실시권의 경우와 구별된다""라고 언급이 되어있는데 이 문장이 {통상실시권=!강제실시권}을 의미하는 것인가요? 아니면 {통상실시권허락심판에 의한 강제실시권=!재정에 의한 강제실시권}이라는 의미인가요? (cf. 기호가 없어, =!을 Not equal의 의미로 사용하였습니다) 질문받아주셔서 감사합니다.","통상실시권은 발생원인에 따라 허락실시권, 법정실시권, 강제실시권으로 구분됩니다. 기본서에서 실시권 파트를 다시 정독해 보세요~", ,,23.11.07
특허법,문제,135조,[135조]실시주장발명이 특허발명의 권리범위에 속하는지의 여부,135조 안녕하세요 변리사님? 아래 1번 문제 3번 문항이 왜 틀렸는지 모르겠네요? 272쪽-01. 특허권자 (甲)은 (乙)이 실시하고 있는 대상물인 확인대상발명이 자기의 특허발명의 보 호범위에 속한다고 주장하면서 권리범위확인심판을 청구하였다. 이에 대해서 (乙)은 자기가 현실적으로 실시하고 있는 대상물은 확인대상발명이 아닌 다른 발명(실시주장 발명)이라고 주장하였다. 이에 대한 올바른 심판 결과는? ③ (Z)이 현실적으로 실시하고 있는 실시주장발명이 특허발명의 권리범위에 속하는지의 여부에 대해서 심결을 하여야 한다. 답 X //이상 저작자 표시컨텐츠변경비영리,"확인대상발명에 대해서만 권리범위에 속하는지 여부를 판단하는 것입니다. 확인대상발명과 실시주장발명이 불일치하는 경우, 특허권자가 확인대상발명을 실시하고 있음을 입증해야 하고 입증하지 못하면 심결각하됩니다. 열공하세요~", ,,23.11.08
특허법,조문,133조,[133조] 무효사유에서 분할출원 변경출원,"안녕하세요. 무효사유 질문드립니다. 분할출원과 변경출원은 52조 1항, 53조 1항 내용이 모두 무효사유가 되는 것인지 궁금합니다. 예를 들어 52조 1항에서 최명도 범위 내/외국어특허출원/각호 기간들 모두 무효사유가 되는 것인가요? 감사합니다.","조문을 보면 ""범위를 벗어난""이라고 되어 있습니다. 제133조 제1항 제7호, 제8호를 다시 한 번 읽어 보세요~", ,,23.11.09
특허법,조문,136조,[136조] 정정심판과 침해죄 판단/과실 추정,"변리사님, 안녕하세요. 기본서 1197p의 판례에 따르면 정정심결 확정 이후, 정정 전의 피고인의 행위에 대한 침해죄를 판단할 때는 정정 전의 청구범위를 대상으로 해야 한다고 하는데(소급효 인정x), 같은 페이지 하단에 따르면 제130조의 과실추정 법리는 정정을 전후하여 그대로 유지된다고 하며, 그 이유가 '정정으로 인해 청구범위의 실질적 변경이 있다고 할 수 없어서'라 합니다. 그렇다면 정정으로 인해 청구범위의 실질적 변경이 없는데, 왜 침해죄 판단 시는 소급효 효력을 인정하지 않는 것인가요? 제 생각으로는 '정정심판은 기재불비 등의 하자를 치유하고 특허권을 보호하기 위한 것이니, 그 정정심판 전 존재했던 하자에 의해 침해죄에 해당하지 않았던 피고인의 행위를 보호하기 위해서'가 침해죄 판단 시 소급효를 인정하지 않는 이유인 것 같고, 이와 같이 판단했음에도 불구하고 침해죄에 해당할 경우, 그 침해한 자에 대해서는 보호할 이득이 없다고 여겨 과실추정 법리는 그대로 유지되는 것 같습니다. 제 이해에 잘못된 부분이나 더 공부해야할 부분 말씀주시면 감사하겠습니다. 늘 좋은 강의 감사드립니다.","1. 일단 과실추정은 침해죄와 무관합니다. 침해죄는 고의범만 처벌하기 때문입니다. 2. 침해죄는 실시자, 고의가 없는 선의의 제3자에게 회복할 수 없는 불측의 손해를 줘서는 안 되기 때문에 적용에 신중을 기할 필요가 있기 때문입니다. 열공하세요~", ,,23.11.14
특허법,조문,132조,"[132] 132의 17,170조","안녕하세요! 강사님! 거불심관련해서 질문드립니다 Q1. 거불심에서 보정(최초최후거절이유통지 등)절차를 준용한다는 말은 ""거절결정 이후 거불심단계에서 인용심결 혹은 기각심결을 내려야하는데, 거절결정을 한 이유와 다른 거절이유를 발견했을 때, 최초, 최후 거절이유 통지를 거쳐 보정하도록 한다""인건가요? Q2. 그렇다면 다른 거절이유가 없을 때, 인용 혹은 기각심결을 바로 내리는 경우도 있는걸까요? Q3. + 거절결정이후 3개월 내에 거불심을 신청하는데 이 3개월 기간 내에는 보정을 따로 못하는걸로 기억하는데 맞을까요?! 질문에 답변주심에 미리 감사의 인사말씀 드립니다!!",1. 네 2. 네 3. 재심사청구하면서 보정할 수 있습니다. 제47조를 확인해 보세요. 열공하세요, ,,23.11.14
특허법,문제,135조,[135] 권리범위확인심판,"안녕하세요 강사님! 질문드립니다 4번문제에서요,2번지문을 보면 선등록권자는 후등록권자에게 권범심 청구할 이익이 없다고 했는데, 적극적 권범심은 이용관계일 경우에는 청구 가능하지 않나요? 그럼에도 답이 아닌 이유가 궁금합니다",동일한 두 개의 등록고안 --> 저촉관계라는 것입니다., ,,23.11.14
특허법,조문,156조,156조 참가,안녕하십니까 변리사님 리담 기본서 1071페이지 참가신청서 제출은 특허심판원장 또는 심판장에게 제출하여야 한다 (시행규칙 62조 ①) 이라고 되어 있는데 특허법 156조 조문에는 심판장에게 제출한다고 되어 있습니다. 시험에서 물어보면 어떻게 생각해야하는지 궁금합니다! 심판장에게 제출한다 (o) / 심판원장 또는 심판장에게 제출한다 (o) 로 둘 다 맞는 보기 처리하면 될까요? 저작자 표시컨텐츠변경비영리,심판장/심판원장 모두 맞는 지문으로 생각하면 됩니다. 열공하세요~, ,,23.11.20
특허법,조문,136조2항,[136조 제2항 제2호] 정정심판청구와 특허무효심판청구,"변리사님, 안녕하세요. 정정심판 관련해서 질문드립니다! '정정심판청구와 특허무효심판청구가 동시에 계속 중일 수 있는가' 에 대한 근거가 제 136조 제2항 제2호에 나와있다고 하셨는데요. 해당 조문에는 정정심판이 아닌 정정무효심판이 특허무효심판과 심판원에 계속 중인 경우인데, 왜 근거가 될 수 있는지 궁금합니다! 감사합니다.","법조문에 대한 이해가 부족합니다. 아래 조문은 다시 한 번 읽어보세요. ""② 제1항에도 불구하고 다음 각 호의 어느 하나에 해당하는 기간에는 <<<<정정심판>>>>을 청구할 수 없다. <신설 2016. 2. 29.> 2. 특허무효심판 또는 정정의 무효심판이 특허심판원에 계속 중인 기간""","답변 감사드립니다! 그럼 해당 조문은 특허무효심판이 특허심판원에 계속 중인 기간에는 정정심판을 청구할 수 없지만, 정정심판을 먼저 청구한 이후에는 특허무효심판을 청구할 수 있다고 이해해도 될까요?","네, 그렇습니다. 단편적인 답변보다는 기본서를 조금 더 정독해 보는 것을 추천합니다.",23.11.27
특허법,조문,136조,"[136조] (5)항. 청구범위의 감축, 잘못된 기재된 사항의 정정의 경우에 대해","변리사님, 안녕하세요? 136조 5항에서... “⑤ 청구범위의 감축, 잘못된 기재된 사항의 정정의 경우에 한해 청구범위에 적혀 있는 사항이 특허출원을 하였을 때 특허를 받을 수 있는 것이어야 한다.” 라고 명시되어 있는데요. 궁금한 것은 ""분명하지 아니하게 기재된 사항을 명확하게 하는 정정""에 대해서는 왜 이 조항이 적용되지 않는지 하는 것입니다. 286쪽-05문항 ⑤ 분명하지 아니하게 기재된 사항을 명확하게 하는 정정은 정정후의 청구범위에 기재된 사항이 특허출원을 한 때에 특허를 받을 수 있는 것이어야 한다. 해설 ⑤ 청구범위의 감축, 잘못된 기재된 사항의 정정의 경우에 한해 청구범위에 적혀 있는 사항이 특허출원을 하였을 때 특허를 받을 수 있는 것이어야 한다 136.(5). //이상 저작자 표시컨텐츠변경비영리","기본서에 다음과 같이 기술되어 있네요. ""2) 한편, 청구범위를 감축하거나 잘못 기재된 사항을 정정하는 경우에만 본 요건에 해당하는지 여부를 판단하고, 분명하지 아니하게 기재된 사항을 명확하게 하는 경우에는 본 요건에 해당하는지 여부를 판단하지 아니한다. 따라서 정정대상으로 삼지 아니한 다른 부분에 분명하지 아니한 기재가 있다고 하더라도, 이는 원칙적으로 별도의 정정심판이나 특허무효심판절차에서 다룰 사항에 불과하고 해당 정정을 불인정할 사유는 되지 못한다고 할 것이다. 이는 정정한 명세서 또는 도면의 전체에 의하여 정정의 인정 여부를 판단하는데, 정정대상으로 삼지 아니한 다른 부분에 분명하지 아니한 기재가 본 요건을 만족하지 못해 정정을 인정해 줄 수 없게 된다면, 정정의 인정범위를 너무 좁혀 특허권자의 입장에서 실효적인 대응수단으로 작동할 수 없게 되기 때문인 것으로 사료된다."" 기본서를 한 번 정독해 보세요~", ,,23.12.07
특허법,조문,133조,[133조] 특허 무효사유,"[133조] 특허 무효사유 변리사님, 안녕하세요? 342-15번 문제 옳은 정답이 2번이 아닌가요? , 교재 정답 ⑤ 는 오류로 보입니다. 아니면 혹시 2번이 틀렸다면 해설에서 “제출된 것으로 본다” 는 “간주”에 해당하므로 따라서 ‘추정’이 틀린말이란 뜻인가요? 하지만 5번은 명백히 틀린 지문으로 보이는데요? 342-15. 특허협력조약에 의한 국제특허출원에 관한 설명으로 옳은 것은? X o 342-15② 국제출원에 관한 서류가 우편의 지연으로 인하여 제출기간내에 도달하지 않은 경우에도 이러한 지연이 우편의 지연에 의한 것으로 인정된다면, 당해서류는 제출기간내에 제출된 것으로 추정한다. 해설 ② 법령의 규정에 의하여 특허청장에게 제출하는 국제출원에 관한 서류로서 제출기간이 정하여져있는 것을 등기우편에 의하여 제출하는 경우 우편 지연으로 인하여 당해서류가 제출기간내에 도달되지 아니하는 때에는 출원인은 당해서류를 제출기간의 만료일 5일이전에 우편으로 발송하였다는 사실을 증명하는 증거를 특허청장에게 제출할 수 있다. 다만, 당해서류를항공우편으로 발송할 수 있고 또한 항공우편외의방법으로는 도달에 통상 3일이상 소요되는 것이 명백한 경우 당해서류를항공우편으로 발송하지 아니한 때에는 그러하지 아니하다. 제출된 증거에 의하여 당해서류가 제출기간내에 도달되지 아니한 원인이 우편의 지연으로 인한 것이라고 인정되는 경우에는 당해서류는 제출기간내에 제출된 것으로 본다. X 342-15⑤ 외국어로 출원된 국제출원에서 원문의 범위를 벗어난 보정은 특허무효사유이나 국어번역문의 범위를 벗어난 보정은 거절이유에는 해당하지만 특허무효사유는 아니다. 해설 ⑤ 특허법 제62조, 제133조제1항.: 거절 결정 사유이며 무효사유임 제62조(특허거절결정) 심사관은 특허출원이 다음 각 호의 어느 하나의 거절이유(이하 “거절이유”라 한다)에 해당하는 경우에는 특허거절결정을 하여야 한다. 5. 제47조제2항에 따른 범위를 벗어난 보정인 경우 제133조(특허의 무효심판) ① 이해관계인(제2호 본문의 경우에는 특허를 받을 수 있는 권리를 가진 자만 해당한다) 또는 심사관은 특허가 다음 각 호의 어느 하나에 해당하는 경우에는 무효심판을 청구할 수 있다. 6. 제47조제2항 전단에 따른 범위를 벗어난 보정인 경우 제47조(특허출원의 보정) ② 제1항에 따른 명세서 또는 도면의 보정은 특허출원서에 최초로 첨부한 명세서 또는 도면에 기재된 사항의 범위에서 하여야 한다. 이 경우, 외국어특허출원에 대한 보정은 최종 국어번역문(제42조의3제6항 전단에 따른 정정이 있는 경우에는 정정된 국어번역문을 말한다) 또는 특허출원서에 최초로 첨부한 도면(도면 중 설명부분은 제외한다)에 기재된 사항의 범위에서도 하여야 한다. 정답 2, 교재 정답 오류로 보임","오류는 없습니다. 2번은 인식하고 있는 것과 같고, 5번은 제47조제2항전단(원문), 제47조제2항후단(번역문)인데 이에 대한 이해가 부족해 보입니다. 즉, 제47조제2항전단 위반은 거절이유, 무효사유이고, 제47조제2항후단 위반은 거절이유에만 해당합니다. 기본서에서 보정 파트를 한 번 살펴 보세요~", ,,23.12.13
특허법,조문,157조,157조 증거보전심판 등 부수적 심판,"안녕하세요 강사님 질문드립니다 도해 252페이지 부수적심판의 실익 “독립하여 불복 불허”라는 말은 1. 결정에 대한 불복이 불가하다 의 의미인지 2. 독립된 심펀에 부수하여, 불복은 가능하다 의 의미인지가 궁금합니다 두번째로 불복할수 있는 심판인지의 여부를 물어보는 문제가 꽤 나오던데, 위 질문에 답이 1번이라면, 부수적심판인 4가지는 불복 불가, 이외는 불복 가능! 이렇게 생각하고 문제를 풀어도 되는건가요?! 벌써 연말이네요! 항상 감사드립니다!!!",전자의 의미입니다. 열공하세요~, ,,23.12.22
특허법,조문,136조,[136조] 심리불속행의 의미 관련 질문,"안녕하세요 변리사님! 책을 읽다가 단어 의미를 모르겠어서 질문드립니다. 책 1190p 하단 >> 한편, 특허를 무효로 한다는 특허법원 판결(취소환송)이 대법원에 의하여 심리불속행 확정된 후 청구된 정정심판은 해당 특허무효심판이 특허심판원에 계속 중인 상태에서 청구된 것으로 보아 부적법하다. 결론적으로는 특허무효심판이 특허심판원에 계속 중이라 정정심판이 부적법하다는 것은 알겠는데 여기서 ""대법원에 의하여 심리불속행이 확정되었다""가 무슨 의미인가요?","대법원에 상고되었는데, 심리불속행으로 기각(각하)되었다는 것입니다. 혹시 ""심리불속행""의 개념을 모르고 질문한 것이라면, 민소법에서 나오는 개념인데 대법원의 업무 부담을 줄여주기 위한 제도로서, 그 이유를 기재하지 않은 것입니다. 구체적인 내용은 구글이나 네이버에 한 번 검색해 보세요. 열공하세요~", ,,23.12.22
특허법,조문,132조의3,"[제132조의3, 133조의2] 도해특허법 314p 정정청구의 시기적 요건과 정정명세서등의 보정","특허의 정정의 시기적 요건은 1. 답변서 제출기간 2. 심판장이 정한 기간 3. 직권심리에 대한 의견서 제출기간 (특허취소신청의 경우에는 취소결정하려고 취소이유통지하고 의견서 제출기간을 준 경우 이 기간) 정정명세서등의 보정의 시기적 요건은 1. 정정청구를 할 수 있는 기간 2. 정정청구의 직권심리에 의한 의견서 제출기간 제가 이해한게 맞다면, 같은 색깔끼리 똑같은 의미아닌가요?","전혀 다른 의미입니다. 강의노트에 그림을 그려 놨으니, 한 번 확인해 보세요.","정정명세서등의 보정: 1)정정청구를 할 수 있는기간 또는 2)정정청구의 직권심리에 의한 의견서 제출기간 1) 정정청구를 할 수 있는기간: 특허취소신청은 취소결정하려고 취소이유를 통지하고 준 의견서 제출기간 / 특허무효심판, 정정무효심판은 답변서 제출기간, 심판장이 정한 기간, 직권심리에 의한 의견서 제출기간(159조 1항) 2) 정정청구의 직권심리에 의한 의견서 제출기간: 136조의 6항, 159조 1항 혹시 이렇게 되어야 맞나요?",넵,23.12.28
특허법,문제,163조,[163조] 리담기출문제집 263p 4번,"보기 2번 질문입니다. 일사부재리 원칙 적용 여부의 판단 기준 시점은 해당 심판의 심결시이다. 를 옳게 고치면 어떻게 되나요? (""본안심결의 확정은 심판청구시이다"" 까지 추가해야 옳은 지문이되는건가요?)",네, ,,23.12.29
특허법,조문,136조,[136조] 정정심판 관련 질문입니다,"안녕하세요 변리사님! 특허취소신청.특허무효심판이 대법원 계속 중에 정정심판을 인정하는 심결이 확정된 경우, 재심사유가 있다고 볼 수 없으므로 대법원에서는 정정 전 특허발명에 의해 법령위반이 있는지 판단합니다 If 법령위반이 없는 경우 기각판결 확정 후 특허권이 소급소멸되는데, 왜 그런지 궁금합니다! 항상 감사합니다:)","판례를 잘라서 일부분만 읽으니, 이해가 안 되는 것입니다. 무효심판에서 무효심결이 내려져서 특허법원에서 기각된 후, 대법원에서도 기각된 케이스를 얘기하는 것 같네요. 이와 같이 특허권이 소급소멸할 수도 있지만, 무효심판에서 기각심결이 내려진 경우에는 특허권이 유지될 수도 있습니다. 강의노트에 그림이 있으니 참고하면 좋을 것 같네요. 열공하세요~", ,,23.12.30
특허법,판례,163조,[제163조] 권리범위확인심판의 중복심판 여부,안녕하세요 적극적 권리범위확인심판과 소극적 권리범위확인심판이 동일심판 불인정된다고 도해에 나와있는데 2016허2249 판례에서 동일심판으로 인정하는 것 같아서 여쭤봅니다. 최신판례에서는 동일심판으로 인정한다고 생각해도 될까요? 답변 미리 감사드립니다! 판례 해당부분 첨부합니다!,"둘 다 특허법원 판례이니, 판례가 갈리고 있다고 이해하면 되겠네요.", ,,24.01.04
특허법,문제,135조,[135조] 확인대상발명 특정 관련 선지 질문,"안녕하세요 변리사님! 특허 기출에서 확인대상발명 특정 관련 질문드립니다. 새해 복 많이 받으세요! 특허기출 P274 3번 (12기출) 2번 선지 >> [①번 선지로 하겠습니다] 확인대상발명의 설명서에 특허발명의 구성요소와 대응하는 구체적인 구성이 일부 기재되어 있지 않거나 불명확한 부분이 있다면, 나머지 구성만으로 확인대상발명이 특허발명의 권리범위에 속하는지 여부를 판단할 수 있더라도 확인대상발명은 특정되어 있다고 볼 수 없다 >>> 틀린 선지 특허기출 P279 9번(16기출) 2번 선지 [②번 선지로 하겠습니다] 확인대상발명의 특정에 미흡함이 있다면 심판의 심결이 확정되더라도 일사부재리의 효력이 미치는 범위가 명확하다고 할 수 없으므로 나머지 구성만으로 확인대상 발명이 특허발명의 권리범위에 속하는지 여부를 판단할 수 있는 경우라 하더라도 심판청구를 각하하여야 한다. >> 옳은 선지 ① 번 선지가 틀린 이유가 확인대상발명이 독립항 권리 범위에 속하지 아니하면 종속항에 대해서는 당연히 권리범위에 속하지 않기 때문에 구성 일부가 기재되어 있지 않더라도 확인 대상 발명이 특정되었다고 볼 수 있기 때문이라고 책에서 확인을 했습니다. 그런데 비슷한 선지 구성 (밑줄친 부분 때문에) 의 ②번 선지는 옳다고 나와 있더라구요. 두 선지의 결론이 다른 이유가 ① 번 선지는 ""청구 원인으로서의 특정""이 안된 경우 ②번 선지는 ""청구 취지로서의 특정""이 안된 경우 이고 따라서 ②번 선지는 밑줄친 부분에도 불구하고 심판 청구를 각하하여야 하는 상황이고 ① 번 선지는 밑줄친 부분에 의해서 확인대상발명이 특정되어 있기 때문이다 로 정리하면 되는건가요?","네, 그렇습니다. 검색해 보면, 더 잘 이해가 될 것입니다.", ,,24.01.06
특허법,조문,142조,[제142조] 적법성심리,"안녕하세요 도해에서 적법성 심리 공부하는 중에 질문이 생겨서 여쭤봅니다. 당사자 적격이 없는 자의 심판 청구 중 공유자 중의 일부만 당사자로 한 심판청구가 부적법한 심판청구로서 흠을 보정할 수 없는 경우의 예시로 나와있는데, 공유자 추가하는 보정은 요지변경의 예외로 보정 가능하지 않나요? 보정명령 없이 바로 심결각하해도 되는건가요? 해당 도해 부분 첨부합니다!",보정명령하고 보정하지 않은 경우에 심결각하하는 것입니다., ,,24.01.06
특허법,조문,136조,[136조] 사실심 변론종결 후 정정인용심결확정의 케이스,안녕하세요! 5번 케이스에서 대법원에서는 정정 전 명세서로 판단하고 또 상고기각이 확정된다면 정정심판 인용심결이 있었음에도 불구하고 정정 후 명세서에서 대해서는 판단조차 하지 않은채 특허가 무효로 소급소멸하는 것으로 이해했는데 옳게 이해한건가요? 옳게 이해한거라면 특허권자의 방어권이 박탈되는 결과가 발생한다고 생각하는데 불가피한 부분인가요? 감사합니다.,"네, 그렇습니다.", ,,24.01.15
특허법,문제,135조,[135조] 권리범위확인심판 기출문제 275p,"13년도 기출 3번 선지를 보면, 확인대상발명이 불명확하여“특허발명과 대비대상이 될 수 있을 정도로” 구체적으로 특정되어 있지 않다면, 특허심판원으로서는 요지변경이 되지 아니하는 범위 내에서 확인대상발명의 설명서 및 도면에 대한 보정을 명하는 등의 조차를 취해야 하고 그럼에도 불구하고 그와 같은 특정이 미흡하다면 심판청구를 각하해야 한다. 라고 나와있는데요. “특허발명과 대비대상이 될 수 있을 정도로” 라는 부분이 청구원인으로서의 특정과 관련된 내용을 말하고 뒤는 청구취지로서의 특정 내용인데 다른 선지가 명확해서 이거는 문제가 있다고 생각하고 넘겼는대요. 제 판단이 옳은가요?","완전히 잘못 이해하고 있네요. 청구취지로서 특정이든 청구원인으로서 특정이든, 부적법하면 각하되는 건 똑같습니다. 기본서를 한 번 읽어 보세요~", ,,24.01.19
특허법,조문,136조,"[136조] 정정,재심의대상","안녕하세요!! 도해특허법291p인데요, 빨간네모로칠한 부분인 ”3. 정정심결 이전의특허권에 기한 권리행사“ 부분에서 정정전의 명세서 및 도면에 의거한 판결및 재심의 대상이 될수”있다“라고 되어있는데 전합판결로 인하여 “없다”가 맞는것아닌가요??(도해특허법292p에도 나와있듯이요) 감사합니다",사실심 변론종결 이후에 정정심결이 확정된 경우에만 재심의 대상이 되지 않습니다., ,,24.01.20
특허법,조문,170조,[170조] 47조준용 관련,"170조가 47조 1항 1,2호는준용하기때문에 이때만 보정이 가능한데요, 47조2,3항은 준용하고 있지않더라구요. 거불복심판에 최초거통나올경우는 신규사항추가금지가 적용이 안되나요? 최후거통시에는 51조에의해 보정각하되어버리니 47조2,3항을 준용하지않아도 문제없을듯한데 1호가 궁금합니다.","제47조제2항, 제3항의 조문을 이해 못 하고 있네요. 제47조제2항 - ""제1항에 따른 명세서 또는 도면의 보정"" 제47조제3항 - ""제1항제2호 및 제3호에 따른 보정"" 즉, 보정범위가 심사단계와 비교하여 달라지지 않습니다.", ,,24.01.21
특허법,조문,170조,[170조 ] 47조 준용관련 재질문,"170조에서 47조 1항 1,2호만 준용하고, 2,3항은 준용하지않기에 적용이 안되는거냐고 여쭤봤는데, 다음과같이 답해주셨습니다. 제47조제2항, 제3항의 조문을 이해 못 하고 있네요. 제47조제2항 - ""제1항에 따른 명세서 또는 도면의 보정"" 제47조제3항 - ""제1항제2호 및 제3호에 따른 보정"" 즉, 보정범위가 심사단계와 비교하여 달라지지 않습니다 이말은 굳이 준용하지않아도 1,2호에따른보정이니, 47조2,3항에 해당된다 라는 말씀이신데요. 근데47조 4항은 준용하고있습니다. ""47조4항 - 제1항 1호 또는 2호에 따른 기간의 보정을 하는경우"" 즉 같은논리면 47조4항도 굳이 준용하지않아도 되는데 47조4항은 준용하고 2,3항은 준용하지않고있습니다.. 왜 그런건가요..? 법조문으로공부하는게 진짜 3법중에 특허법이 제일 어렵고 너무 조잡한거같아요ㅠㅠ","제47조제4항을 준용하는 건 2016년 개정법인데, 개정이유가 ""심판단계에서도 거절이유를 통지한 후 그 기간에 복수의 보정이 있으면 각각의 보정절차에서 마지막 보정 전에 한 모든 보정은 취하됨을 명확히 할 필요""가 있기 때문입니다. 즉, 확인적 의미의 규정을 둔 것이죠. 참고로, 법조문으로 공부하는 것이 특허법을 공부하는 좋은 방법이기는 하나, 법조문으로 공부한다는 것은 기본서의 기술된 내용을 핵심 키워드인 조문에 흡수하여 정리한다는 것이지, 전체 내용을 이해 못하고, 조문만을 보는 것은 오히려 역효과가 날 수 있습니다. 특히, 절차법인 경우 더욱 그렇습니다.", ,,24.01.22
특허법,조문,142조,142조 보정할 수 없는 심판청구의 심결각하,"변리사님 안녕하세요. 도해특허법으로 취소신청의 조문을 심판의 조문과 비교하면서 공부하고 있습니다. 조문을 보던 중 사소한 궁금한 점이 생겼는데, 제132조의6 ① 제132조의7제1항에 따른 합의체는 부적법한 특허취소신청으로서 그 흠을 보정할 수 없을 때에는 제132조의4제3항에도 불구하고 특허권자에게 특허취소신청서의 부본을 송달하지 아니하고, 결정으로 그 특허취소신청을 각하할 수 있다. 보정할 수 없는 취소신청의 각하결정에서는 특허권자에게 132조의4 3항의 부본을 송달하지 아니한다고 나와있는데, 제142조 부적법한 심판청구로서 그 흠을 보정할 수 없을 때에는 피청구인에게 답변서 제출의 기회를 주지 아니하고, 심결로써 그 청구를 각하할 수 있다. 보정할 수 없는 심판청구의 심결각하에서는 147조의 답변서 제출의 기회는 주지 아니할 수 있는데, 부본을 송달하지 아니한다는 말이 빠져있습니다. 그러면 취소신청을 제외한 심판에서는 보정할 수 없는 심판청구서일지라도 일단 심판청구가 들어오면 부본은 송달하나, 답변서 제출기회를 주지 않고 심판청구서를 각하할 수 있다고 생각했는데 확인해주시면 감사하겠습니다! 항상 친절한 답변 감사드립니다. 감사합니다!","잘못 알고 있습니다. 부본송달과 함께 답변서 제출기회가 주어집니다. 단, 취소신청은 답변서 제출기회가 주어지지 않기에, 부본송달이라고 표현하고 있는 것입니다. 열공하세요~","답변 감사합니다! 제가 잘 이해를 못했는데..142조의 부적법한 심판청구인 경우에 피청구인에게 답변서 제출기회를 주지 아니하고 각하할 수 있다는 말이 피청구인에게 부본송달과 함께 답변서 제출기회가 주어진다는 말이신건가요? 부적법한 심판청구면 142조 조문상으로는 답변서제출기회는 주지 아니할 수 있는데, 부본송달도 하지 않고 각하하는 것인지가 궁금합니다","네, 그렇습니다",24.01.24
특허법,조문,140조,[140조] 확인대상발명 특정 판례 질문,"안녕하세요 권리범위확인심판에서 확인대상발명의 특정에 대해 질문이 있습니다 2017후2291 확인대상발명의 설명서에서 불명확한 부분이 있거나 설명서의 기재와 일치하지 않는 일부 도면이 있더라도, 확인대상발명의 설명서에 기재된 나머지 내용과 도면을 종합적으로 고려하여 확인대상발명이 특허발멸의 권리범위에 속하는지 여부를 판단할 수 있는 경우에는 확인대상발명은 특정된 것으로 본다. 2010후3356 확인대상발명의 일부 구성이 불명확하여 다른 것과 구별될 수 있는 정도로 구체적으로 특정되어 있지 않다면, 특허심판원은 요지변경이 되지 아니하는 범위 내에서 확인대상발명의 설명서 및 도면에 대한 보정을 명하는 등 조치를 취해야 하며, 그럼에도 그와 같은 특정에 미흡함이 있다면 심판의 심결이 확정되더라도 일시부재리의 효력이 미치는 범위가 명확하다고 할 수 없으므로 나머지 구성만으로 확인대상발명이 특허발명의 권리범위에 속하는지를 판단할 수 있는 경우라 하더라도 심판청구를 각하하여야 한다. 두 판례 모두 설명서나 도면의 일부에 불명확한 부분이 있고 나머지 내용으로 권리범위를 판단할 수 있음에도, 2017후2291판례는 특정된 것으로 보고 2010후3356판례는 심판청구를 각하하는 차이가 생기는 것인가요?",한 번 검색해 보세요., ,,24.01.29
특허법,조문,163조,[163조 일사부재리] 질문,"안녕하십니까 변리사님 적극적권리범위확인심판과 소극적권리범위확인심판에 대한 중복심판청구 금지 여부에 대해 질문이 있습니다 강의 자료 435p에서 두 심판은 중복심판청구에 해당하지 않아 후 심판의 확인의 이익이 결여되지 않는다고 하였습니다 (2008허12289, 2013허9805) 그런데2016허2249 판결에서 적극적 권리범위확인심판이 청구된 이후 그에 관한 심판절차 또는 그 심결에 대한 취소의 소가 계속 중임에도 원고가 다시 그 와 동일한 확인대상디자인이 피고의 등록디자인의 권리범위에 속하지 않는다는 소극적 권리범위확인심판을 청구한 경우 중복심판 청구금지에 위반되거나 그 심판청구의 이익이 부정된다고 보아야 할 것이다 라고 판시하였는데 어떻게 이해하면 될까요?","2016허2249는 디자인보호법 판결이기는 하나 특허법이라고 다를 이유가 없다고 보입니다. 다만, 둘 다 특허법원 판결이기 때문에, 중복심판인지 여부에 대해서는 판례가 갈리고 있다고 이해하면 됩니다. 열공하세요~", ,,24.01.31
특허법,조문,139조,"[139조 외] 공동심판청구 대상, 국제특허출원 기준일","안녕하세요 변리사님! 1. 139조 1항에서 동일한 특허권에 관하여 공동심판청구 할 수 있다는 뜻은, 하나의 특허권이라면 다른 청구항(다른 청구취지)에 대해서도 공동심판을 청구할 수 있는 건가요? 2. 리담 기출문제집 341페이지 14번에서 공지예외주장 하여 국제특허출원하는 경우 기준일~2년 7개월을 잡을 때 여기서 ‘기준일’은 잡지에 게재된 날(18.9.1)이 아니라 국제출원일인 19.2.1일로 푸는 것이 맞는 건가요?? 미리 감사드립니다:)!!","1. 기본서를 한 번만 읽어봐도 알 수 있습니다. ""한편, 공동으로 심판을 청구할 때는 청구취지가 동일하여야 한다. 예를 들어, 특허의 무효심판은 청구항별로 무효심판을 청구할 수 있으므로 동일한 특허권에 관하여 甲이라는 자가 청구범위 제1항이 무효임을 주장하고, 乙이라는 자는 청구범위 제2항이 무효임을 주장하는 경우에는 소송물을 합일적으로 확정할 수 없는 경우이므로 공동심판청구는 불가능하다."" 2. 질문규칙에 맞지 않으니, 공지사항을 읽어보고 수정해 주세요.", ,,24.02.16
특허법,조문,138조,[138조] 통실허 심판 이해관계인 취지 통지,"통실허 심판 부본 송달 및 답변서 제출 규정만 있고, 심판장이 이해관계인한테 취지 통지 규정 없는거 맞나요?? 추가로 도해 특허법 310P 우측 하단 특허무효심판 취하 부분에서 피청구인의 답변서 제출된 후에는 불가 라고 적혀있는데 피청구인 답변서 제출된 후에는 동의 필요 아닌가요??","1. 네 2. 그러네요. <동의없이> 불가인데, <동의없이>가 빠져 있네요. 열공하세요~", ,,24.02.18
특허법,조문,140조,[140조] 권리범위확인심판에서의 물건발명과 그 제조장치를 확인대상발명으로 특정한 경우,"안녕하세요. 공부를 하다가 의문점이 생겨 문의드립니다. 예를들어 제조방법B와 그 생산물A, 그리고 제조방법B를 실현하는 제조장치X(제조방법B+기계C)가 있다고 하였을 때, 특허발명이 생산물인 물건A라면 제조장치X에 대해 적극적 권리범위확인심판을 청구할 경우 두 발명은 구성요소가 다르고 전혀 다른 물건으로서 권리범위에 속하지 않는다는 판단이 이루어질 것으로 보이는데 반해, 제조장치X의 사용은 물건A의 생산에 해당하여 특허발명 보호범위 내의 실시로서 침해가 성립하는데 이처럼 권리범위확인심판에서의 권리범위 속부판단과 침해 판단이 서로 달라질 수 있는 것인가요? 제가 뭔가 잘못 생각하고 있는 것인지 궁금합니다.","네, 잘못 생각하고 있습니다. 제조장치X의 사용이 물건 A의 권리범위에 속한다고 심판을 청구하면 인용됩니다. 열공하세요~", ,,24.03.31
특허법,조문,136조,[136조] 정정심판에서 정정 후 청구범위의 요건,"안녕하세요, 136조 5항에 대한 기본서의 내용이 이해가 되지 않아 질문드립니다. 1) 청구범위를 감축하거나 잘못 기재된 사항을 정정하는 경우에는 정정 후의 청구범위에 적혀 있는 사항이 특허출원을 하였을 때에 특허를 받을 수 있는 것이어야 한다. 「정정 후의 청구범위에 적혀 있는 사항」이란 정정된 청구항에 적혀 있는 사항을 의미한다. 따라서 이 규정은 정정을 하려는 청구항만을 대상으로 하고, 다음과 같은 경우에 한해 적용한다.(이하 생략) 2) 분명하지 아니하게 기재된 사항을 명확하게 하는 경우에는 본 요건에 해당하는지 여부를 판단하지 아니한다. 따라서 정정대상으로 삼지 아니한 다른 부분에 분명하지 아니한 기재가 있다고 하더라도, 이는 원칙적으로 별도의 정정심판이나 특허무효심판절차에서 다룰 사항에 불과하고 해당 정정을 불인정할 사유는 되지 못한다고 할 것이다. 정정대상으로 삼지 아니한 다른 부분에 분명하지 아니한 기재가 본 요건을 만족하지 못해 정정을 인정해 줄 수 없게 된다면, 정정의 인정범위를 너무 좁혀(이하 생략) 1)에 따르면 해당 규정은 정정한 청구항에서만 판단한다고 되어 있는데, 그렇다면 정정대상이 아닌 부분에서는 특허가능여부를 판단하지 않는다는 의미인가요? 만약 그렇다면 2)의 판례와 같이 정정대상이 아닌 부분이 본 요건을 만족하지 못할 우려가 없고, 따라서 1항 3호를 제외시킬 이유가 있을까 하는 의문이 들었습니다. 136조 5항의 판단기준을 정정한 명세서 또는 도면의 전체로 봐야 할까요 정정된 부분으로 봐야 할까요? 질문내용이 길어 죄송합니다. 늘 감사합니다~","1)의 정정한 청구항만 판단한다는 것은 기존의 심판편람에 나온 것으로 기억하는데, 다시 찾아보니 최근 개정된 심판편람(제14판)에서는 그 내용이 삭제되었네요. 아마도 2)의 판례가 나온 이후 개정된 것으로 추측됩니다. 따라서, 1)의 정정한 청구항만 판단한다는 것은 삭제하고, 2)의 판례와 같이 이해하는 것이 맞는 것으로 이해하면 됩니다. 열공하세요~", ,,24.04.12
특허법,조문,135조,135조 강의노트 468p 관련 질문드립니다,"위 사진에서 글의 설명과 아래 그림 내용이 다른 것 같아 질문드립니다..! 초록색 하이라이트 부분에서 막상 권리범위 판단에서는 권리범위에 속하지 않는다고 판단했다고 나와있는데, 아래 그림에서는 인용심결을 했다고 나와있어서요.. 인용심결을 헸다는건 권리범위에 속한다는 뜻 아닌가요?? 아니면 제가 이해를 잘못한건지 궁금합니다!","질문의 요지를 이제야 파악했네요. 밑에 그림이 아니라 본문을 문의한 것이었네요. 본문과 그림이 매칭이 되지 않습니다. 본문에서는 기각심결한 CASE이고, 그림에서는 인용심결한 CASE입니다. 인용심결로 CASE를 바꾼 이유는 소의 이익에서 소각하되는 논점(유리한 심결을 받을 가능성이 없는 경우)을 삭제하고, 사안의 논점에 집중하기 위해서입니다. 참고로, 소의 이익 논점을 더불어 설명하면, 기각심결인 경우 파기환송하지 않고 파기소각하를 하더라도 문제가 되지 않습니다. 열공하세요~", ,,24.06.16
특허법,조문,136조,136조] 2016후2522 강의노트 471페이지,안녕하세요! 위페이지 관련질문입니다. 동그라미 표시 안에 이 와 특 이라는 글자가 써져있는데 각각 무슨의미인지 모르겠습니다ㅠㅠ 또한 대법원 판단 도움유무도 이해가 되지 않습니다ㅠㅠ 설명 부탁드립니당,"1. 심판청구인(원고)이 이해관계인인지 아니면 특허권자인지 특정한 것입니다. 2. 대법원 판단이 도움됨 - 대법원에서 정정 전 특허발명에 의해서 무효가 아니라고 판시하였으니, 특허법원에서는 감축 등을 한 정정 후 특허발명에 의해서 무효가 아니라고 판시할 가능성이 높음 3. 대법원 판단이 무용함 - 대법원에서 정정 전 특허발명에 의해서 무효가 아니라고 판시하였으니, 특허법원에서는 감축 등을 한 정정 후 특허발명에 의해서 무효가 아니라고 판시할 가능성이 높음 열공하세요~",2랑3이랑 내용이 같은데 혹시 맞을까요??,"다음과 같습니다. 3. 대법원 판단이 무용함 - 대법원에서 정정 전 특허발명에 의해서 무효라고 판시하였으나, 특허법원에서는 감축 등을 한 정정 후 특허발명에 의해서 무효일지 여부를 다시 판단해야 함 참고로 강의노트 개정판에 있는 내용입니다.",24.07.01
특허법,조문,135조,[135조] 소극적권리범위확인심판 2014후2849판결,"안녕하세요 강사님. 리담교재 1104p와 강의노트 431p에서 서로 충돌되는 듯한 문장이 있어 질문드립니다. 교재에서 '특허권자는 자신의 주장을 번복하여 적극적 권리범위확인심판을 청구할 수 있는데~~' 라고 나오는데, 강의노트 431p 하단에서는 '심판 피청구인은 자신의 주장을 번복하여 적극적 권리범위확인심판을 청구할 수 있는데~' 라고 나와있습니다. 판례 해석상 이 사건에서 청구인은 특허권자, 피청구인은 이해관계인인데, 강의노트에 나온 '심판 피청구인'이 '특허권자' 혹은 '심판 청구인'으로 수정되는게 맞는지, 제가 잘못 해석한것이 있는지 궁금합니다. 감사합니다!","네, 소극적 권리범위확인심판의 피청구인 = 특허권자입니다. 열공하세요~", ,,24.07.10
특허법,조문,135조,135조 2019후11541판결,"리담특허1117p에는 [ ""제조방법으로 제조한 물건만이 심판의 대상인 확인대상발명이 된다고 할수는 없다"" 라고판시하여 부가적으로 기재한 제조방법으로 물건을 생산할 수 없을지라도 물건발명의 특정이 명확하다면 적법한 심판청구라고하였다. ] 라는결론이 있는데 이부분은 심판원과 특허법원을 통틀어서 사안에 대한 대법원의 입장을 정리하신건가요? 저는 이판례를 공부할때 직접 대법원판례만 검색하여, 판시사항 2가지인 1.물건발명의 특허권자는 피심판청구인이 실시한 물건을 그 제조방법과 관계없이 확인대상 발명으로 특정하여 특허권의 권리범위에 속하는지 확인을 구할 수 있는지여부 2. 기재한 제조방법으로 제조한 물건만이 심판의 대상인 확인대상 발명이 된다고 할 수 있는지여부 라고 논점을 암기하고넘어갔기에 같은판례를 알고있는데도 불구하고 책에쓰인결론윽 뉘앙스가 좀 어색?해서 질문드려봅니다.. 물론 판시문구는 같은걸 들고있으나 이걸 2차까지 심도있게 공부하려면 변리사님 책에쓰인"" 기재한 제조방법으로 물건을 생산할 수 없을지라도"" 물건발명""특정이 명확하다면"" 적법한 심판청구다 라고 포인트를 잡고 넘어가는게 좋은지 아니면 판시사항에 쓰인대로 논점 2가지로 나눠서 판례를 쪼개서 알고있는게 좋은지 궁금합니다.","(쟁점) 제2조제3호 실시의 정의에 대한 문제입니다. (법리) 제2조제3호(가)목에 의하면 물건발명의 실시는 모든 물건의 생산에 그 효력이 미치기 때문에, (결론) 확인대상발명이 특허발명과 대응되는 구성이 명확히 기재되어 있다면, 어떤 제조방법에 의해 생산된 물건인지는 권리범위 판단에 영향이 없다는 것이 판결의 요지입니다. 판례를 보면서, 쟁점이 무엇이고 그 쟁점을 해결하는 법리가 무엇인지 그리고 그 결과가 무엇인지 이해하고 넘어가면 됩니다. 핵심 쟁점과 법리를 이해해야 하는데, 본질과 상관없는 질문을 하고 있네요.", ,,24.08.02
특허법,조문,135조,135조 2019후11541판결 재질문,"물건발명의 특허권자가 피심판청구인이 실시한 물건을 제조방법과 관계없이 확인대상 발명으로 특정하여 특허권의 권리범위에 속하는지 확인을 구할 수 있는지 여부(적극) 및 이때 확인대상 발명의 설명서나 도면에 제조방법을 부가적으로 기재한 경우, 그러한 제조방법으로 제조한 물건만이 심판의 대상인 확인대상 발명이 되는지 여부(소극) 위 판결에 대해 쟁점) 제2조제3호 실시의 정의에 대한 문제입니다. (법리) 제2조제3호(가)목에 의하면 물건발명의 실시는 모든 물건의 생산에 그 효력이 미치기 때문에, (결론) 확인대상발명이 특허발명과 대응되는 구성이 명확히 기재되어 있다면, 어떤 제조방법에 의해 생산된 물건인지는 권리범위 판단에 영향이 없다는 것이 판결의 요지입니다. 라고설명해주셨는데, 혹시 부가적인 제조방법이여서 이것이 물건의 성질 등에 영향을 미치지못했기에 저런판례가 나온걸까요? 심판원, 특허법원(원심) 부분을 보면 계속해서 피청구인의 실시주장발명과 확인대상발명이 달라 확인의이익이 없다는주장이 나오는데, 만일 제조방법이 단순 이해를 돕기위한것으로서 성질에 영향을 미치지 못하는것이 아니라, 성질등에 영향이 있게된다면 제조방법의 기재로 인해 실시주장발명과 사실적관점에서 동일하지않게되고 결국 확인의 이익 문제도 발생하는지, 아니면 그때도 어떤 제조방법에 의해 생산된물건인지 상관없이 적법한지 궁금합니다.","특허발명인 물건발명과 비교대상(확인대상발명)은 물건발명이고, 특허권자가 특정한 확인대상발명이 피청구인이 실시하고 있는 발명과 사실적 관점에서 일치한다면, 설령 제조방법을 잘못 특정하였다고 할지라도, 확인의 이익이 인정되는 것입니다.", ,,24.08.05
특허법,조문,135조,[135조]적극적 권리범위확인심판에서 확인대상의 실시여부,안녕하십니까 늘 양질의 강의 감사드립니다. 밑의 사진의 14번 문제의 3번 지문에서 적극적 권리범위확인심판에서 심판청구인이 특정한 확인대상발명과 피심판청구인이 실시하고 있는 발명 사이에 동일성이 인정되지 아니하면 부적법 각하된다고 되어있는데 동일성이 인정되지 아니하면 부적법 각하가 아니라 심판청구인에게 보정명령을 하고 심판청구인이 실제로 피심판청구인이 실시주장하는 발명으로 보정하면 본안심리로 넘어가는거 아닌가요? 주어진 문제는 보정을 하지 않았을때를 말하는건가요?,"네, 그렇습니다.", ,,24.08.08
특허법,조문,163조,[163조] 일사부재리 적용의 구체적 예시,"안녕하세요, 강의 듣던 중 의문이 생겨 질문 드립니다. 을이 2의 시기에 청구했을때, 만약 갑의 심판청구에 대한 심결이 인용심결인 경우에서 예외사항에 대해 질문드립니다. “원칙, 갑의 심결이 인용되어서 특허가 무효되었고 소급효이기에 대상물이 없어서 심결각하됨”은 이해됩니다. ”예외, 후발적 무효사유는 장래효이므로 심리진행된다“라는 부분에서, 의문이 생깁니다. 그림을 보면 갑 심결 확정시기는 [2]시기보다 앞에 있으므로 갑의 심결확정 시기부터 장래효로 특허가 무효되어 사라지니 [2]의 시기에는 원칙사례와 마찬가지로 대상물이 없으므로 심결각하되어야하는게 아닌가요? 정리하자면, 갑 인용심결일때 후발적 무효사유로 인한 경우여도 대상물 없으므로 심결각하라고 생각이 드는데, 이것이 왜 틀린 생각인지 궁금합니다.","무효심판은 특허권이 장래를 향해 소멸한 경우에도 청구할 수 있습니다. 기본서의 무효심판 파트를 한 번 읽어 보세요~ (참고로, 후발적 사유는 심결확정시가 아니라 사유가 발생한 때부터 장래를 향해 소멸하는데 잘못 알고 있네요.)", ,,24.08.13
특허법,조문,170조,[170조] (심사규정의 특허거절결정에 대한 심판에의 준용) 1항 질문드립니다.,"안녕하세요, 170조 1항의 내용을 바르게 이해한 것이 맞는지 궁금하여 질문드립니다. 1항의 내용은 '특허거절결정에 대한 심판에 관하여는 제47조제1항제1호·2호, 같은 조 제4항, 제51조, 제63조, 제63조의2 및 제66조를 준용한다. 이 경우 제51조제1항 본문 중 ""제47조제1항제2호 및 제3호에 따른 보정""은 ""제47조제1항제2호에 따른 보정(제132조의17의 특허거절결정에 대한 심판청구 전에 한 것은 제외한다)""으로, 제63조의2 분문 중 ""특허청장""은 특허심판원장으로 본다.' 입니다. 밑줄 친 부분에 대해서, 거절결정불복심판청구로 갈 경우 어차 재심사 청구는 불가능해지기 때문에 ""제3호""가 빠진 것이고, 특허거절결정에 대한 심판청구 전 보정(제47조제1항제2호 시기)은 심사단계에서 간과되어 심판단계로 이미 넘어왔으므로 ""최후거절통지""를 해야하는 부분이기 때문에 조문 상 빠진 것으로 이해하는 것이 맞는지 궁금합니다. 감사합니다!",아니요. 틀렸습니다. 제47조제1항제3호의 시기에 부적법한 보정이 간과되어 심판단계에서 발견되더라도 보정각하하지 않고 최후거절이유통지를 하겠다는 의미입니다. 강의노트에서 거절결정불복심판 부분이나 보정각하 부분을 확인해 보세요. 열공하세요~, ,,24.08.26
특허법,문제,132조의17,[132조의17] 질문있습니다,1. 2번문항에서 거불복심판의 기각심결이유가 적어도 그 주지에 있어서 거절이유통지서의 기재이유와 부합하여야 한다는 의미가 적어도 원거절결정의 이유와 부합해야한다는 것인가요 아니면 거절결정 전 거절이유통지서의 기재이유와 부합하여야한다는 것인가요? 2. 거불복심판에서 원거절결정 전 거절이유통지서의 기재이유라도 거절결정의 이유가 아니면 새로운 거절이유로 보고 의견서 제출 기회를 줘야하는게 맞나요?,"1. 사안의 사실관계에서는 명확하지 않네요. 2. 네, 그렇습니다. 구체적으로, (1) 거절이유통지에 기재된 거절이유(A)와 거절결정서에 기재된 거절이유(거절결정이유)(B)는 주지가 부합해야 합니다. (2) 거불심에서 기각심결이유(C)와 거절결정이유(B)는 주지가 부합해야 합니다. (3) 만약 기각심결이유(C)가 거절결정이유(B)와 다른 경우에는 다시 거절이유통지를 해야 합니다. 열공하세요~", ,,24.08.30
특허법,조문,136조2항,[136조 2항 1호] 본문 청구기간 관련 질문입니다.,"안녕하세요 변리사님, 136조 2항 1호의 청구기간과 소송의 심리범위에 관련하여 제가 이해한 내용이 맞는지 혼선이 와서 질문드립니다. 136조 2항 1호 본문 특허 취소신청이 특허심판원에 계속중인 때 : 정정청구(132의3)가 가능하므로 정정심판 청구 불가능 부터 그 결정이 확정될 때 까지의 기간 : 1. 소송에서의 심리범위는 원칙적으로 무제한설 (당사자계 심판은 특허결정이 아니라 실체적, 절차적 위법성을 판단하기 때문) 2. 특허취소신청·결정계 심판의 취소 소송에서는 제한설 → 거절결정을 하려면 의견제출 기회를 주어야 하는데 소송에서는 이를 준용하고 있지 않아 새로운 거절이유를 들어도 의견제출 기회를 줄 수 없다. 그런데 특허취소신청·결정계 심판은 의견제출 기회가 강행규정(136조 6항, 170조, 132조의13 2항)이므로 소송에서 새로운 거절이유를 들 수 없는 것이다. 따라서 새로운 증거를 제출 할 수 없으니 정정심판을 청구하지 않더라도 특허권자의 방어권 행사를 제한하는 것이 아니므로 정정심판 청구 불가능 혹시 정리한 내용 중에 틀린 부분이 있다면 지적해주시면 감사하겠습니다!","네, 이해한 것이 맞습니다~ 다만, 거절결정불복심판의 취소소송은 심사, 심판단계에서 <새로운 거절이유>에 대한 의견제출기회(제63조)가 강행규정, 정점심판의 취소소송은 심판단계에서 새로운 <정정불인정이유>에 대한 의견제출기회(제136조제6항)가 강행규정, 취소결정에 대한 취소소송은 심판단계에서 새로운 <취소이유>에 대한 의견제출기회(제132조의13제2항)가 강행규정 입니다. 표현만 다듬어서 이해하면 되겠네요.", ,,24.08.31
특허법,조문,136조,[136조] 2016후 2522 전합판결 케이스,"안녕하세요 변리사님, 너무 기본적인 질문인 것 같지만 헷갈려서 여쭤봅니다.. 케이스 4, 8 의 경우, 대법원에서 기각되면 심결 취소가 확정된다 이는 특허법원의 심결취소판결(인용판결)이 확정되는 것이므로 제 189조에 의해 심판원에서 다시 심리해야하는 것이다. 케이스 4 : 정정 전 명도에 의해 무효이므로 정정 후 명도를 재심리할 때 쟁점이 바뀌므로 대법원 판단은 무용하다. 케이스 8 : 정정 전 명도에 의해 무효가 아니라고 판시했으므로 정정은 감축일 때 인정되기 때문에 정정 후 명도도 무효가 아닐 가능성이 높기 때문에 대법원 판단이 도움된다. 케이스 4와 8에 대해서 제가 이해한 내용이 맞을까요? 항상 감사드립니다!","네, 정확히 이해하고 있습니다. 열공하세요~", ,,24.09.02
특허법,조문,140조,[140조] 확인대상발명의특정,"확인대상발명의특정은 청구취지로서의 특정과 청구원인으로서의 특정 두가지가 있습니다. 청구취지로서의 특정은 다음과 같습니다. 2010후3356 특허권의 권리범위확인심판을 청구할 때 심판청구의 대상이 되는 확인대상발명은 당해 특허발명과 서로 대비할 수 있을 만큼 구체적으로 특정되어야 할 뿐만 아니라, 그에 앞서 사회통념상 특허발명의 권리범위에 속하는지를 확인하는 대상으로서 다른 것과 구별될 수 있는 정도로 구체적으로 특정되어야 한다. 만약 확인대상발명의 일부 구성이 불명확하여 다른 것과 구별될 수 있는 정도로 구체적으로 특정되어 있지 않다면, 특허심판원은 요지변경이 되지 아니하는 범위 내에서 확인대상발명의 설명서 및 도면에 대한 보정을 명하는 등 조치를 취해야 하며, 그럼에도 그와 같은 특정에 미흡함이 있다면 심판의 심결이 확정되더라도 일사부재리의 효력이 미치는 범위가 명확하다고 할 수 없으므로, 나머지 구성만으로 확인대상발명이 특허발명의 권리범위에 속하는지를 판단할 수 있는 경우라 하더라도 심판청구를 각하하여야 한다. 청구원인으로서의 특정은 다음판례와 같습니다 2017후2291 특허권의 권리범위 확인심판을 청구함에 있어 심판청구의 대상이 되는 확인대상 발명은 당해 특허발명과 서로 대비할 수 있을 만큼 구체적으로 특정되어야 할 뿐만 아니라, 그에 앞서 사회통념상 특허발명의 권리범위에 속하는지를 확인하는 대상으로서 다른 것과 구별될 수 있는 정도로 구체적으로 특정되어야 한다(대법원 2011. 9. 8. 선고 2010후3356 판결 등 참조). 다만, 확인대상 발명의 설명서에 불명확한 부분이 있거나 설명서의 기재와 일치하지 않는 일부 도면이 있더라도, 확인대상 발명의 설명서에 기재된 나머지 내용과 도면을 종합적으로 고려하여 확인대상 발명이 특허발명의 권리범위에 속하는지 여부를 판단할 수 있는 경우에는 확인대상 발명은 특정된 것으로 보아야 한다(대법원 2011. 9. 8. 선고 2010후3356 판결, 대법원 2010. 5. 27. 선고 2010후296 판결 등 참조). 청구취지관련해서는 일사부재리때문에 권리범위에 속하는지 판단할 수 있더라도 심판청구를 각하해야한다고 나온은데요. 문제는 2017후2291에 대한 강의중, 판례를 보고 청구취지에대한 내용인지 청구원인에 대한 판례인지 구별할수 있어야한다고 하셧고, 권리범위여부를 판단할 수 있으면 청구원인인 ""대비""가 되는지에 대한 문제이다 라고 하셨습니다. Q1. 그런데 2010후3356은 권리범위에 속하는지 판단할 수 있는 경우가 있음에도 청구취지로서의 특정을 얘기하고있습니다. 권리범위에 속하는지 판단할 수 있다는것으로 청구원인에 대한 판례인지 청구취지에 대한 판례인지 나눠도 되는건가요? 기존에 했던 대비냐 구별이냐로 판단하고있었는데 2017후2291은 앞부분에 대비와 구별관련 판례 둘다 인용해놓고 청구원인에대한말인지 청구취지에대한 말인지 사실관계를모르는상태에서 구별할수있는건가,,라는 생각도 듭니다. Q2. 청구취지로서의 특정이 되지 않았는데 권리범위에 속하는지를 판단할 수 있는 경우를 상정하기가 어렵습니다.. 구체적인 예시를 들어주실수 있으실까요?","1. ""다만,"" 이후의 구절에서 ""구별""이라는 단어가 나오지 않은 이상 청구원인으로서의 특정이라고 이해하면 될 것 같습니다. 2. 예를 들어 확인대상발명이 아이폰11인지 아이폰12인지 구별이 안 되는데 권리범위를 판단하는 것은 어려운 일입니다. 열공하세요~", ,,24.09.03
특허법,조문,133의2,[133의2 137조] 2007후1053 정정일체 판단 중 대법원의 판단,"을의 상고시에 대법원은 정정불인정을 전제로 3항이 무효사유부존재하다고 파기환송했는데요. 1.대법원이 다시 정정여부를 심리해서 3항의 무효사유를 판단한건지 2.대법원이 특허법원의 정정에대한 판단의 위법여부를 보니, 위법이없어서 똑같이 정정불인정을 전제로 3항무효사유를 판단한건지 3.대법원이 그냥 특허법원이.정정불인정했으니 무효사유만 다시 본건지 헷갈립니다. Q1.법률심으로서 대법원은 2.처럼 해서 정정불인정을 전제로 판단한건가요? Q2 정정무효심판이 걸리지않는이상 정정에대한 판단은 하지않는건가요? Q3 혹시 정정에대한 판단이가능하다면 대법원이 정정이 적법하다고판단할시 무효사유를 판단하지않고 바로 특허법원으로 파기환송하나요?","1.2. 상고인이 정정인정 여부를 다투는지 여부에 따라 달라집니다. 3. 정정후 명도에 대해 사실심리를 할 수 없으니, 파기환송하는 것이 타당하네요. 열공하세요~", ,,24.09.05
특허법,조문,137조,[137조] 정정무효심판을 구할 소이익 2011후620,"(2011후620) 나아가 특허법 제136조 제8항에 의하여 정정심결이 확정된 때에는 정정 후의 명세서 또는 도면에 의하여 특허출원되고 이후 이에 입각하여 특허권 설정등록까지의 절차가 이루어진 것으로 간주하는 것은 무효 부분을 포함하는 특허를 본래 유효로 되어야 할 범위 내에서 존속시키기 위한 것이므로, 조약에 의한 우선권 주장의 기초가 된 최초의 출원서 또는 출원공개된 출원서에 첨부한 명세서 또는 도면에 기재된 사항이 그 후 정정되었다 하더라도, 그 정정내용이 조약에 의한 우선권 주장의 기초가 된 발명의 내용 또는 신규성·진보성 판단에 제공되는 선행기술로서의 발명의 내용에 영향을 미칠 수 없고, 따라서 이와 다른 전제에서 특허가 무효로 된 이후에도 여전히 그 정정의 무효심판을 청구할 이익이 있다는 상고이유의 주장은 받아들일 수 없다. 이 판례는 상대방의 조약우선권주장의 기초와 조약우선권주장출원간에 동일성에 대해서 최명도로 판단하니까(선행기술로서의 발명의 내용=최명도) 정정을 인정하든 인정하지않든 특허가무효가된 이상 그 특허의 정정의 무효를 구할 소이익이 없다는게 핵심인데요. 판례집에는 위의 부분에 밑줄이 그어져있는데, 저부분을 생각하면 저건 마치 정정은 원래 무효부분이 아닌 유효부분을 남겨 존속시키려고하는거다. 즉 실질적변경이 없다! 실질적변경이없으니 조약우주의 기초가된 발명의 내용이 바뀌지 않는다! 라는 느낌을 받습니다. 사실, 정정이 동일성의 기준인 최명도에 영향을 주지않는다는 논리에 의하면 실질적변경인지 아닌지가 중요하지않은거 같은데.. 줄친부분을 쓰면서 논리를전개한 이유를 모르겠습니다. 저작자 표시컨텐츠변경비영리","<정정심판은 무효로 되어야 할 부분 중에서 일부 유효한 부분을 구제하기 위한 것>이 입법취지이고, 그 결과 제136조제8항이 존재하니 정정심판을 청구했다고 하더라도 조약우주의 기초가 된 발명이나 선행기술의 발명, 즉 최명도에 영향을 미치지 않는다는 것입니다. 판례의 논거들은 1. 입법취지(제136조), 2. 문언적 해석(최명도), 3. 특허법의 목적, 4. 타법과의 관계로 분류할 수 있는데, 맒씀하신 내용은 2번을 말하는 것이고, 판례는 1번을 말하고 있는 것입니다. 열공하세요~", ,,24.09.05
특허법,조문,136조,[136조] 2016후2522 재심사유 무효심판 vs정정심판,"2016후2522에서 무효심판청구에 대해 무효심결이나고, 심결취소소송으로 불복했으나 기각판결, 상고하여 대법원까지왔을때, 심결취소소송 이후 특허권자가 제기했던 정정심판의 인용심결이 확정된다고하더라도 451조1항8호의 재심사유가 아니므로 바로 파기환송하지 않고 정정전 명세서를 기준으로 판결했습니다. 이와대비하여 정정심판이 청구되고 이에대해 기각심결 후 심결취소송으로 불복, 또 대법원까지 왔을때 정정심판청구 후 특허무효심판이 청구된것이 인용심결확정된다면 이땐 정정심판은 파기소각하 하는데 이는 기본이된 이유가 변경되었다고 보기때문입니다. 근데 또 94다33897에서 ""민사소송법 제422조 제1항 제8호 소정의 재심사유인 “판결의 기초로 된 민사나 형사의 판결 기타의 재판 또는 행정처분이 다른 재판이나 행정처분에 의하여 변경된 때""라 함은 그 확정판결에 법률적으로 구속력을 미치거나 또는 그 확정판결에서 사실인정의 자료가 된 재판이나 행정처분이 그 후 다른 재판이나 행정처분에 의하여 확정적이고 또한 소급적으로 변경된 경우를 말하는 것이고"" 라고 말하고있는데 구체적사례로서 무효심판의 인용심결과 정정심판의 인용심결이 확정된 경우라고 배웠습니다. Q. 정정심판계속중 사실심변종뒤에 무효심결확정되면 특허가무효가되므로 기초가 된 사정이 바뀌었다고하여 파기소각하 하게되는데 왜 94다 33897에서 말하는것과 달리 무효심판계속중 사실심변종뒤 정정심결확정시에는 기초가된사정이 바뀌었다고보지않는걸까요..? 2016후2522의 경우만 소송절차지연을 방지하기위한 특수한 케이스라고 보면되나요? 정정된 내용으로 특허결정이되었다고 보거나, 특허가 처음부터 없었다고 보거나 둘다 행정처분의 기초가된사정이 아님은 마찬가지로 보이는데 굳이 둘을 다르게 취급할 논거가 소송절차지연방지떄문인건가..라는 생각이들어 질문드려봅니다.","무효심판의 인용심결확정은 제451조제1항제8호의 재심사유이나, 정정심판의 인용심결확정은 재심사유가 아니라는 것이 2522판결의 요지입니다. 그 이유는 판결문을 통해 다시 확인해 보시면 좋을 것 같네요. 다만 2522판결에서 <사실심 변론종결후>라는 말이 있는 이유는 사실심 변론종결전이라면 특허법원에서 정정후 명도에 의해 무효사유를 판단하기 때문입니다. 열공하세요~", ,,24.09.05
특허법,조문,163조,[163조] 일사부재리 적용의 구체적인 예,"안녕하세요 1068페이지에 갑의 무효심판청구, 심결확정 후 을이 무효심판청구를 하였을 때 일사부재리 원칙 적용에 대해 질문드립니다 갑의 심결이 인용심결인 경우 을의 심판청구는 대상물이 없으므로 심결각하지만 예외적으로 후발적 무효사유로 인한 인용심결인 경우 을의 심판청구를 심리진행 한다고 되어있는데, 후발적 무효사유인 경우에도 동일사실, 동일증거일 수 있고 그러면 일사부재리 원칙이 적용되어 심결각하가 되는 경우가 있게되는게 아닌지 궁금합니다","갑의 심판청구가 후발적 무효사유인 경우에 을이 후발적 무효사유로 심판청구를 한다면 일사부재리가 아닌 무효로 구할 대상물이 없어져서 심결각하됩니다. 그러나 일반적인 무효사유로 을이 무효심판을 청구했다면 본안심리, 심결를 진행하게 됩니다. 열공하세요~", ,,24.09.09
특허법,조문,163조,[163]중복제소금지가준용되는 심판절차,안녕하게요 변리사님! 일사부재리 파트에서 비교개념으로 중복제소에 대한내용 공부하고 있습니다. 중복제소금지 관련하여 요건이 ‘전심판의 계속중‘ 후심판이 청구될 것이 있습니다. 여기서 전심판이 계속중이라는 것이 심결이 확정되기 전을 의미하는 것인가요? 심결에 대한 불복의 소가 특허법원에 제기되어 소송절차계속중이라도 심결확정이 되지 않은 것이므로 ‘심판계속중’ 단계라고 볼 수 있을까요? 아니면 심결취소소송을 제기하게 되면 더이상 심판원절차가 아니므로 심판계속중에서 소송계속중으로 넘어가는 걸까요?! ’심판계속 중‘ 의 시점과 종점이 어떤 단계인지 궁금합니다. 감사합니다.,"기본서에 다음과 같이 기술되어 있네요. ""전 심판청구의 계속 중에 후 심판청구를 하여야 한다. 여기서 「전 심판청구의 계속 중」이란 특허심판이 특허심판원에 계속 중인 경우뿐만 아니라 특허법원(대법원)에 계속 중인 경우도 포함하는 것으로 해석된다."" 중복심판금지의 원칙에 대해 궁금하면 일사부재리가 아니라 중복심판금지의 원칙에 관한 부분을 찾아보세요~", ,,24.09.23
특허법,조문,135조,[135] 본안심리 결과 이용관계가 성립하지 않는 경우,"안녕하세요 변리사님. ""이용관계를 주장하여 본안 심리한 결과 양자 간에 이용관계가 성립하지 않는다고 판단된 경우 그러한 등록권리 상호간 적극적 권리범위확인심판은 부적법하다""(2008허7584) 즉 위의 판례의 의미는 본안심리를 했더라도 본안심리결과 이용관계가 성립하지 않는 경우 부적법하여 심결각하 한다는 것인데, 여기서 궁금한 것이, 왜 본안 심리까지 다 했는데도 굳이 심결각하를 하는건가요? 너무 비효율적인거 아닌가요??","방식심리와 본안심리과정에서 적법성심리를 하는 것입니다. 예를 들어 일사부재리 위반 같은 경우에도 동일사실인지, 동일증거인지, 동일심판인지 등에 대한 본안심리를 일부하지만, 부적법한다면 그 과정에서 심결각하됩니다. 열공하세요~", ,,24.09.30
특허법,조문,136조,136조 정정심판,정정심판 청구기간 중 무효심판이 특허심판원에 계속중인 기간에 대한 내용중 아래의 내용에 대해 질문드립니다 특허를 무효로 한다는 특허법원판결(취소환송)이 대법원에 의해 심리불속행 확정된 후 청구된 정정심판은 해당특허 무효심판이 특허심판원에 계속중인 상태에서 청구된 것으로 보아 부적법하다 이 부분에서 특허를 무효로 한다는 판결이 대법원에 의해 심리 불속행되면 특허가 무효로 확정되는 것인가요? 그렇게 되면 심판원은 더 이상 관여할 부분이 없을 것 같은데 왜 특허 심판원에 계속중인것으로 보나요? 감사합니다.,"판례를 질문할 때는 판례 번호를 명기해 줘야 정확한 답변을 할 수 있습니다. 질문한 것으로 봐서는 무효심판청구- 기각심결- 소제기 - 인용판결(취소환송) - 상고 - 기각판결(심리불속행 확정)으로 사실관계가 진행된 것으로 파악되고, 그렇다면 심판원으로 환송된 상태인 것으로 보입니다. 심판원에서 다시 무효심결이 내려지고 더 이상 불복하지 않으면 확정될 것입니다. 그런데 심판원에서 계속 중인데 정정심판을 청구했다면 제136조제2항제2호 위반이 됩니다. 열공하세요~", ,,24.10.05
특허법,조문,139조,[139조] 공동심판 청구,"조문상 공동심판청구에서 결정계 심판(거결불심, 정정심판) 이 빠져있는데 결정계 심판은 무조건 고유필수적 공동심판인건가요?",잘못 알고 있네요. 빠져 있지 않습니다. 제139조제3항이 적용됩니다.,"39조 1항에서 빠져있다는 말이었습니다! ""결정계 심판에서 동일한 특허권에 관하여 청구하는 자가 2인 이상이면 모두가 공동으로 심판을 청구<할 수 있다>"" 이 선지는 틀린 지문이 되는건가요??","결정계 심판 중 제132조의17은 출원인(특허를 받을 수 있는 권리를 가진 자)만이 청구할 수 있고, 제136조는 특허권자만이 청구할 수 있기 때문에 제139조제1항은 적용될 수가 없고, 제139조제3항이 적용됩니다. 따라서 문의하신 지문은 틀린 지문입니다. 열공하세요~",24.10.18
특허법,조문,135조,[135조] 권리범위 확인심판의 청구이익,"제135조(권리범위 확인심판) 아래 지문에서 적극적 권리범위확인심판의 제기 후 소극적 권리범위확인심판이 동일한 확인대상발명에 대하여 제기된 경우 청구가 동일하다고 할 수 없다고 하는데요. 청구인과 피청구인이 바뀐 것 외에 동일하지 않은 것이 뭐가 있는지 설명을 좀 부탁드립니다. 제 짧은 생각에는 동일한 확인대상발명에 대하여서는 심판청구의 이익이 없는 것 같이 보여서 질문드립니다. 기출문제집 256쪽-03③ 동일한 확인대상발명에 대하여 적극적 권리범위확인심판이 먼저 제기되었고, 그에 대한 소극적 권리범위확인심판이 제기된 경우 청구가 동일하다고 할 수 없어 심판청구의 이익 이 결여되지 아니한다. @256-03③ 특허법원 2009. 10. 10. 선고 2008허12289","중복심판금지의 원칙에 대한 문제네요. 특허법원 2009. 10. 10. 선고 2008허12289 판결을 구글에서 검색해서 찾아보는 것이 오히려 더 좋을 것 같네요. 다만, 그 후 특허법원 2016. 7. 1. 선고 2016허2249 판결에서는 동일심판이라고 하였고, 따라서 지금은 출제되기 어려운 지문입니다.", ,,24.10.27
특허법,조문,65조의2,[65조 ②] 보상금청구권의 행사에는 과실의 추정(法 130)은 준용되지 않는다,"안녕하세요? 변리사님 보상금청구권의 행사에는 특허법상 침해로 보는 행위(法 127), 생산방법의 추정(法 129), 과실의 추정(法 130)의 규정이 준용된다. 그러나 과실의 추정(法 130)은 준용되지 않는다고 하는데 130조를 준용하지 않는 이유를 모르겠습니다. 침해소송에서는 과실이 있다고 추정하지만 보상금청구권의 행사에는 침해가 인정되기 전에는 과실이 없다고 추정하는 건가요? 기출문제집 164쪽 -03② 보상금청구권의 행사에는 특허법상 침해로 보는 행위(法 127), 생산방법의 추정(法 129), 과실의 추정(法 130)의 규정이 준용된다. (틀림) ②X [해설] 과실의 추정(法 130)은 준용되지 않는다 (65조). 65조 ⑤ 제2항에 따른 청구권을 행사하는 경우에는 제127조ㆍ제129조ㆍ제132조 (자료의 제출) 및 「민법」 제760조ㆍ제766조를 준용한다. 제130조(과실의 추정) 타인의 특허권 또는 전용실시권을 침해한 자는 그 침해행위에 대하여 과실이 있는 것으로 추정한다.","1. 침해의 인정과 과실추정은 아무런 관련이 없습니다. 2. 고의, 과실 여부는 권리행사 측면에서 그 결과가 달라질 뿐입니다. 3. 등록후 침해자에게 과실이 추정되는 이유는 출원공개, 등록원부, 등록공고를 통해 충분히 공시했는데 이를 보지 않고 침해한 것은 침해자의 과실이 있는 것으로 추정할 수 있다는 것입니다. 기본서를 한 번 정독해 보세요~", ,,24.10.27
특허법,문제,135조,[135]권리범위 확인심판,"안녕하세요 특허법 객관식 기출문제 242p3번의 2번지문과, 246p9번의 2번지문 관련하여 질문있습니다. 3-2:확인 대상발명의 설명서에 특허발명의 구성요소와 대응하는 구체적인 구성이 일부 기재되어 있지 않거나 불명확한 부분이 있다면, 나머지 구성만으로 확인대상발명이 특허발명의 권리범위에 속하는지 여부를 판단할 수 있더라도 확인대상발명은 특정되어있다고 볼 수 없다--> 틀린지문 옳게 고친것: 확인 대상발명의 설명서에 특허발명의 구성요소와 대응하는 구체적인 구성이 일부 기재되어 있지 않거나 불명확한 부분이 있다하더라도 나머지 구성만으로 확인대상발명이 특허발명의 권리범위에 속하는지 여부를 판단할 수 있더라도 확인대상발명은 특정되어있다고 볼 수 있다. 9-2: 확인대상발명의 특정에 미흡함이 있다면 심판의 심결이 확정되더라도 일사부재리릐 효력이 미치는 범위가 명확하다고 할 수 없으므로 나머지 구성만으로 확인대상 발명이 특허발명의 권리범위에 속하는지 여부를 판단할 수 있는 경우라 하더라도 심판청구를 각하하여야한다--> 옳은지문 위에 두개를 합쳐서 정리하면 확인 대상발명의 설명서에 특허발명의 구성요소와 대응하는 구체적인 구성이 일부 기재되어 있지 않거나 불명확한 부분이 있다하더라도 나머지 구성만으로 확인대상발명이 특허발명의 권리범위에 속하는지 여부를 판단할 수 있더라도 확인대상발명은 특정되어있다고 볼 수 있지만, 일사부재리의 효력이 미치는 범위가 부정확하기 떄문에 심판청구를 각하하여야한다 간단하게 축약하자면, 위의 경우 확인대상발명은 특정되지만, 심판청구는 각하된다 이렇게 결론나는것이 맞을까요? 감사합니다.","구별, 대응, 대비의 개념을 모르고 있네요. 키워드로 해서 한 번 검색해 보거나 강의노트를 한 번 보시고, 추가적인 질문이 있으면 다시 해 주세요.", ,,24.10.31
특허법,조문,135조,[135]권리범위확인심판," 2번선지질문입니다. A(확인대상발명) =!B(실제 실시발명) 으로 특정한 경우에 적극적 권리범위확인심판은 심판관이 직권으로 A와 B일치 여부를 조사하여 심결각하되고 소극적 권리범위확인심판에서는 A와 B가 같던 다르던 ""실시가능성""이 없는 경우에는 심결 각하하는 것 아닌가요? 그런데 선지에서는 실시가능성이 없는 경우에~ 심판의 대상 ~을 보면 심판을 하는 것으로 받아드려지는데 제 사고체계에 오개념 있으면 정정부탁드립니다..!!","네, 잘못 이해하고 있네요. 소극적에서도 확인대상발명=실시발명(현재)/실시했던발명(과거)이면, 사실적 관점에서 일치하는지 직권으로 조사하여 일치하지 않으면 심결각하하고, 확인대상발명=실시예정발명(미래)이면, 사실적 관점에서 일치하는지 직권으로 조사하지 않고, 가능성이 없다면 심결각하하는 것입니다. 열공하세요~", ,,24.11.04
특허법,문제,135조,"[135조] 2010후3356 판례, 리담특허법 64p 5번 (2) 질문.","안녕하세요 변리사님. 해당 지문 2번에 질문이 있습니다. 2010후3356판결은 “확인대상발명이 다른 것과 구별될 수 있을 정도로 특정되어 있지 않다면, 특허심판원은 요지변경이 되지 아니하는 범위에서 ~ 심판청구를 각하하여야 한다“라고 판시하고 있고, 저는 이를 ”청구취지로서의 구별이 되지 않다면 각하“라고 생각하고 있었습니다. 하지만, 해당 보기에서는 특허발명과 대비대상이 될 수 있을 정도로 구체적으로 특정되어 있다면~ 이라고 나와있는데, 이는 청구원인으로서의 특정으로 보입니다. 해당 보기는 옳은 지문입니다. 그렇다면 청구원인으로서의 특정이 되지 않은 경우(특허발명과 대비대상이 될 수 있을 정도로 특정) 또한 청구취지로서의 특정이 되지 않은 경우와 마찬가지로 심결각하의 대상이 되는 거라고 생각해야 하는 것인가요? 제가 잘못 이해하고 있는 것인지 잘 모르겠습니다. 알려주시면 정말 감사하겠습니다! 감사합니다.","네, 잘못 이해하고 있습니다. 1. 청구취지로서 특정이 불명확 - 일사부재리 효과가 미치는 영역이 명확치 않기 때문에 각하 2. 청구원인으로서 특정이 불명확 - (1) 권리범위 판단 가능 - 본안심리 - (2) 권리범위 판단 불가능 - 보정명령 후 각하 이렇게 이해하면 됩니다. 2번 지문은 대비가 안 된다고 하여 권리범위 판단 불가능한 CASE네요. 열공하세요~", ,,24.11.06
특허법,조문,155조,"[제155조, 제162조] 심결, 심리종결, 심판결정에 대한 질문","안녕하세요 변리사님, 특허법 제155조 참가 조문과 제162조를 보면서 기본서 회독을 하다가 헷갈리는 개념이 생겨서 질문 드리게 되었습니다. <참가신청의 취하는 ‘심리종결’ 전까지 할 수 있는 참가신청과는 달리 심결확정 전까지 취하할 수 있다.> 위 지문을 보다가 헷갈리는 개념이 생겼습니다. 여기서 짚고 넘어가야 회독할 때 막힘과 오개념 없이 넘어갈 수 있을 것 같습니다 •심결 •심리 종결 •심판 결정 (책에서 다른 파트 보다가 나온 용어) 질문(1) 참가신청의 취하에서 말하는 ‘심리종결 전까지’ 는 제162조3항에서 말하는 시기 전 인가요? 질문(2) ‘심결’은 ‘심판결정’과 동일한 뜻인가요? 즉 심판결정의 줄임말인가요? 아니면 둘은 서로 다른 뜻인가요? 다른 뜻이라면 ‘심판 결정’은 무엇인지 궁금합니다. 질문(3) ’특허심판 계속 중‘ 은 ‘심결시까지’를 말하는 건가요, 아니면 ‘심결확정시까지’를 말하는건가요? 감사합니다!","1. 심리종결과 심리종결통지는 조금 다릅니다. 심리종결통지서에 언제까지 심리종결한다고 기재하여 통지하고, 그 날짜가 지나면 심리종결이 됩니다. 2. 심판 결정은 어디서 나온 말일까요? 생소하네요. 3. 심결시까지입니다. 열공하세요~", ,,24.11.07
특허법,조문,140조,[140조]심판청구의 보정과 일사부재리 판단기준시점,"안녕하세요 변리사님 1. 심판청구의 적법성 요건 위반된 경우, 특히 권리범위확인심판에서 확인대상발명이 특정되지 않았거나 실제실시발명과 동일하지 않은 경우에, 심판장은 방식심리 이후에 답변서 송달하고 석명권 행사하는 과정에서 보정을 명하고, 심결시까지 보정이 잘되면, 본안심리해서 심결한다 고 이해하고 있는데 잘 이해하고 있는건가요? 140조2항에서 보정의 요지변경 범위를 규정하고 141조에서 방식심리에 대해 규정하는데, 적법요건에 대해선 보정에 대한 규정이 없어 혼동이 왔어서 질문드립니다. 2. 방식심리와 관련해서 141조에서 심판장이 기간을 정해 보정을 명하고, 청구인은 그 기간 내에 보정을 해야하기에, 방식심리는 심결시 이전에 심판장의 지정기간 만료시가 판단기준시점이라 이해가 되는데, 이렇게 이해한게 맞나요? 3. 그렇다면, 적법성요건에 대해서는 심결시를 판단기준시점으로 두는 것이 심결시까지 보정이 가능해서 그렇다는데, 여기서 의문이 드는게 있습니다. 일사부재리 판단기준시점에 대해서 리담특허법 1066페이지에서는 청구의 이유를 보정하는 것이 허용되기에 심결시를 기준으로 판단한다고 되어 있는데, 여기서 ""청구의 이유를 보정하는 것""이 방식심리 위반 극복을 위한 것이 아니라 적법성심리 위반 극복을 위한 보정이라 보아야 하는 것인가요? 아니면 청구의 이유 보정은 어느 때는 방식심리 위반 극복 위한 것이고, 어느 때는 적법성심리 위반 극복이라 보아야하는 것인가요? 141조에서 140조1항 위반된 경우 보정명해야하고, 140조1항에는 청구의 이유가 있어서, 혼동이 와서 질문드립니다.","1. 네, 그렇습니다. 제142조를 보면 ""부적법한 심판청구로서 그 흠을 보정할 수 없을 때에는""이라고 표현되어 있고, 보정할 수 있다면 보정기회를 준다는 것입니다. 2. 네 3. 제141조제1항제1호에서 규정한 제140조제1항 위반은 청구이유를 기재하지 않은 경우이고, 청구이유를 변경하는 것은 무관합니다. 한편, 청구이유보정은 사안에 따라 방식심리/적법성심리를 통과하기 위한 과정이 모두 될 수 있습니다. 열공하세요~ 답글기능 더보기", ,,24.11.09
특허법,문제,132의17,132의17]거절결정불복심판의 취하,객관식(2) p.294 1번 문제입니다. 보기 (마)에서 취하 당시 거절결정등본송달일로부터 3개월이 경과되었다는 내용을 유추할 수 있나요? 그냥 잘못 들어간 내용인가요? 이와 별개로 거절결정불복심판 취하 후에도 기간 만족하면 다시 청구할 수 있는지 궁금합니다..!!,"1. ""경과되었기 때문에""가 ""경과되었다면""의 오타입니다. 2. 네, 다시 청구할 수 있습니다. 열공하세요~", ,,24.11.09
특허법,조문,170조,[170조] 거불복심판의 기각심결,"이전 질문에서 심사단계에서 이미 통지된 거절이유에 대해서는 심판에서 기각심결을 한다고 답변받았습니다. 이에대해 170조2헝에서 특허거절결정의 이유와 더른 거절이유에 대해서는 거절이유(63)를 한다고 하는데, 심사단계에서 통지했지만 거절결정의 이유가 아니었던 거절 이유에 대해서 심판단계에서 발견시 이를 기각심결하는지 거절이유통지를 하는지 궁금합니다! 또 그 근거조문이 어떻게되는지 궁금합니다!","거절이유를 통지합니다. 제170조제2항 그대로 해석하면 됩니다. ""<거절결정의 이유>와 다른 거절이유를 발견한 경우에만 제63조를 적용한다."" 조문을 한 번 천천히 읽어 보세요.", ,,24.11.11
특허법,문제,140조,[140]권리범위확인심판 청구 확인대상발명,안녕하십니까 늘 양질의 강의 감사드립니다 1. 위의 1번 문제에서 정답이 1번선지인데 심판장 방식심리 당시라면 2번선지의 결정각하도 가능한거 아닌가요? 감사합니다!,"방식심리와 적법성심리에 대한 개념을 모르고 있네요. 방식심리는 형식적 기재가 부적법한 것을 골라내는 절차이고, 적법성심리는 실지적 기재(내용)가 부적법한 것을 골라내는 절차를 말합니다. 실시하지 않은 확인대상발명인지 여부는 방식심리 과정에서 골라낼 수 없습니다. 열공하세요~", ,,24.11.13
특허법,문제,135조,[135] 권리범위확인심판 중 질문 있습니다.,"안녕하세요 변리사님. 기출을 풀다 궁금한 점이 있어 글을 남깁니다. 리담 객관식 241의 2번 문제의 5번 지문에서, 권리범위확인심판에서 확인대상발명이 특허발명의 권리범위에 속한다는 심결이 확정되더라도, 이는 침해가 아닐 수 있는 점은 이해하고 있습니다. 권리범위에 속하더라도 침해의 요건이나 법률의 제한 확장등을 고려하면 침해가 아닐 수 있기 때문으로 이해했는데, 5번 지문과 같이 특허침해소송에서 법원은 확인대상발명이 특허발명의 권리범위에 속하지 않는다는 판단을 할 수 있는지도 궁금합니다. 정리하면, 제가 이해한 바로는 법원에서는 침해 요건을 판단해서 확인대상발명이 침해가 아님을 판단할 수 있는 것이고 확인대상발명이 특허발명의 권리범위에 속하지 않는다는 판단을 할 수 없는 것이 아닐까 해서 글을 남깁니다. 감사합니다!",법원에 기속력이 없다는 것은 다른 판단을 할 수 있다는 것입니다. 열공하세요~, ,,24.11.15
특허법,조문,163조,[163조] 일사부재리 관련 질문,"안녕하세요. 강의노트 일사부재리 적용 case 부분에서 ""일사부재리 원칙 위반을 이유로 한 각하심결에 대한 심취소에서 심판청구인이 동일사실 및 동일증거가 아님을 주장하는 새로운 주장 및 증거제출은 허용되나, 심판절차에서 주장하지 않은 새로운 등록무효사유를 주장하는 것은 허용되지 않고, 이러한 새로운 등록무효사유의 주장을 이유로 각하심결을 취소할 수도 없으며, 새로운 등록무효사유에 대해 판단할 수도 없다."" 라고 쓰여있습니다. 이 내용을 '일사부재리 등과 같은 심판청구요건을 심결시까지 충족하지 못했다면 소송에서 비로소 적법하다고 하는 주장을 할 수 없지만, 심판청구가 적법한 것을 전제로는 심판에서 판단되지 않은 사항에 관해서도 무제한설에 따라 새롭게 주장할 수 있다'는 것으로 이해하였는데, 제가 이해한 것이 맞나요? 답변 미리 감사드립니다~","네, 정확히 이해하고 있네요~", ,,24.12.13
특허법,조문,136조,[136조]정정심판 및 정정청구의 청구인,"변리사님 안녕하세요 136조 8항에서 정정심판의 주체적 요건에 대해 규정하고 있는데, 이때 특허권자가 동의를 받아야하는 자가 무효심판을 청구한 경우에는 그러하지 아니하다고 규정히고 있습니다. 리담 및 도해 특허법에 적혀있기로는 정정심판 및 정정청구에서 무효심판을 청구한 자 뿐만이 아니라 특허취소신청을 한 경우에도 역시 제외하고 있는데, 이는 136조 8항을 준용하는 132의3 3항과 133의2 4항에도 규정되어있지 않아서 혹시 판례가 이를 취소신청에도 적용한 것인지 시행규칙 등의 내용인지 궁금하여 질문드립니다.","준용 규정의 해석 문제입니다. 구체적으로, 제132조의3제3항 준용 제136제8항- 다만, 취소신청을 한 경우는 제외한다. 제133조의2제4항 준용 제136조제8항-다만, 특허무효심판을 청구한 경우는 제외한다. 제137조제4항 준용 제132조의3제4항-다만, 정정무효심판을 청구한 경우는 제외한다. 이렇게 해석됩니다. 제목을 질문규칙에 맞게 수정해 주세요.", ,,24.12.14
특허법,조문,135조,[135조] 확인대상발명 불특정시,"변리사님 안녕하세요! 권리범위 확인심판 확인대상발명 학습중 궁금증이 있어 글 올리게 되었습니다. 확인대상발명이 특정되지 않았을 때 특허심판원으로서는 보정을 명하여야 하고 (2003후656), 그럼에도 특정이 미흡하다면 심판 청구를 각하한다고 알고있습니다. -> 여기에서 각하는 심판청구 적법요건 위반으로 합의체가 하는 심결각하(142)라고 알고있는데, ㅡㅡㅡㅡㅡㅡㅡㅡㅡㅡㅡㅡㅡㅡㅡㅡㅡㅡㅡㅡㅡㅡ 1. [심판청구서 기재불비, 행,대,방,수] = 심판장이 보정명령 후 해소 안되면 결정각하 2. [부적법한 심판청구로서 흠을 보정할 수 없는경우] = 합의체가 답변서 제출기회 주지 않고 심결각하 이렇게 이해한 제 개념에서 확인대상발명 불특정시 보정을 명한다는건 1번 상황인데 해소가 안되면 심결각하 한다는 사실이 제가 이해한 개념에선 충돌이 되어 어떤부분이 잘못됐는지 여쭤보고자 질문드립니다..! 항상 좋은 강의 해주셔서 감사드립니다.","확인대상발명의 설명서 또는 도면에 아예 없으면 결정각하, 있는데 실시발명과 일치하지 않으면 심결각하 이렇게 이해하면 됩니다. 검색해 보면 유사한 질문들이 꽤 있을 겁니다.","앗 정말 감사드립니다!! 혹시 그렇다면 권리범위심판 또한 보정명령은 원칙대로 아예 없는 경우에만 심판장이 하고, 일치하지 않는 경우에는 보정명령은 하지 않는 것일까요??","먼저, 제142조에 대한 이해가 부족합니다. 심결각하할 때도 보정이 필요한 경우 먼저, 보정명령을 합니다. 그리고, 일치하지 않은 경우는 제147조제3항에 의해 심문(석명권행사)을 합니다. 기본서를 정독해 보세요.",23.11.11
특허법,문제,163조,[163조]일사부재리에 관한 문제풀이 중,"리담 객관식(1)의 236쪽의 7번 문제의 1번 지문에서, 해설지의 해당 판례에 따르면, 확인대상발명의 일부 구성이 불명확하여 다른 것과 구별될 수 있을 정도로 구체적으로 특정되어 있지 않더라도 확인대상 발명의 설명서에 기재된 나머지 내용과 도면을 종합적으로 고려하여 확인대상 발명이 특허발명의 권리범위에 속하는 지 여부를 판단할 수 있는 경우 확인대상 발명은 특정된 것으로 보아야한다. 고 합니다. 이때 1번 지문에서, 확인대상발병의 일부 구성이 불명확하여 다른 것과 구별될 수 있을 정도로 구체적으로 특정되어 있지 않을 때 나머지 구성만으로 확인대상발명이 특허발명의 권리범위에 속하는 지 여부를 판단할 수 있는 경우 >> 판례에 의해 확인대상 발명은 특정된 것으로 보기 때문에 >> 심판의 심결이 확정되더라도 일사부재리의 효력이 미치는 범위가 명확하다고 할 수 있지 않나요? 때문에 1번지문도 옳지 않은 것이지 않을까 해서 글을 남깁니다.. 해당 지문을 판별하는 데 포인트를 잡는 것에 어려움이 있어 질문글을 남깁니다. 감사합니다.",구별 대비로 키워드 검색해 보세요., ,,24.10.26
특허법,조문,133조,[133조] 특허 무효 사유 중 조약위반과 후발적무효사유 비교,"제133조(특허의 무효심판) ① 이해관계인(제2호 본문의 경우에는 특허를 받을 수 있는 권리를 가진 자만 해당한다) 또는 심사관은 특허가 다음 각 호의 어느 하나에 해당하는 경우에는 무효심판을 청구할 수 있다. 이 경우 청구범위의 청구항이 둘 이상인 경우에는 청구항마다 청구할 수 있다. <개정 2016. 2. 29., 2021. 10. 19.> 4. 특허된 후 그 특허권자가 제 25조에 따라 특허권을 누릴 수 없는 자로 되거나 그 특허가 조약을 위반한 경우 5. 조약을 위반하여 특허를 받을 수 없는 경우 질문. 133조 1항 4호(후발적 무효사유)의 특허가 조약을 위반한 경우와 와 5호(조약위반)에서 조약을 위반한 경우의 차이점이 무엇인가요?","4호는 특허를 받은 후 조약 위반, 5호는 특허를 받기 전 조약 위반입니다.", ,,24.12.22
특허법,조문,138조,138조 통상실시권허락심판,"안녕하세요 변리사님, 실시권파트에서 138조의 통상실시권허락심판 짧게 설명해주실때 1항에서 98조의 저촉은 빠진다고 하셨는데 그게 무슨 의미인가요? 도해정리강의 26강 56분 00초 부분입니다. 특허발명이 타인의 디자인권과 저촉되는 경우에 통상실시권허락심판이 가능한 거 아닌가요? 혹시 다른 의미로 말씀하신 거라면 저촉은 빠진다의 구체적인 의미를 알려주시면 감사하겠습니다! 감사합니다. 저작자 표시컨텐츠변경비영리",상표권과 저촉하는 경우 빠진다는 것입니다. 기본서를 읽어 보세요., ,,25.01.02
특허법,문제,,특허법원 2000.3.31.선고99허6640 특허법원 소송 자백의 대상,"초록색으로 표시한 부분에 대해 질문이 있습니다. 이전에 비슷한 글이 있어서 답변해주신 내용을 가지고 와 보았는데요, 1. 특허심판이 소송 단계에서 진행된 것일 수도 있다는 점을 항상 염두해두고 자백 관련 문제가 나오면 특허심판이든 특허소송이든 일단 사실 관련 자백은 인정된다고 보면 되나요? 2. 10번은 심판과 소송이라는 워딩이 두 번 나왔기 때문에 분리해서 자백이 심판에서는 안 된다고 보고 4번은 대충 심판이라고만 했으니 소송 단계에서의 심판이라고 알아서 생각하면 되나요?? 3. 그리고 소송 단계에서의 심판이라 함은 특허법원에서 심결 취소 환송하여 특허심판원에서 심판하는 것을 말하는 것이 맞는지 궁금합니다.","1. 특허심판이 계속 중인 경우가 심판원 단계라면 불인정, 소송 단계라면 사실에 관한 것은 인정이라고 정확히 이해해야 합니다. 2. 4번 문제에서 5번 지문은 특허심판이 심판원 단계인지, 소송 단계인지 불명확한 상태입니다. 3. 잘못 이해하고 있네요. 특허심판이 소송 단계, 즉 특허법원에 계속 중인 경우입니다. 질문한 것을 보니, 심판이 심판원에 계속 중, 특허법원에 계속 중, 대법원에 계속 중일 수 있는데, 계속 중이라는 개념을 모르는 것 같네요. 기본서, 심사파트에서 거절결정의 확정시기에 관한 그림을 찾아서 공부해 보세요.", ,,25.01.10
특허법,조문,156조,[156조] 참가신청서 제출,"안녕하세요 변리사님 회독 중 질문이 생겨 글 올리게 되었습니다. 특허법 156조 1항에서 “심판에 참가하려는 자는 참가신청서를 [심판장]에게 제출하여야 한다.” 라고 되어있고, 시행규칙 62조1항을 보면 “심판에 참가하려는 자는 참가신청서룰 [특허심판원장 또는 심판장]에게 제출하여야 한다.” 라고 나와있습니다. 그래서 만약 시험에서 “참가신청서를 특허심판장에게 제출하여야 한다.” 라고 나오면 어떻게 처리해야할지 모르겠어서 질문드립니다. 독감이 유행인데 늘 건강하시고 새해 복 많이 받으세요!","심판장, 심판원장 모두 옳은 답으로 채택하면 됩니다. 새해 복 많이 받으세요~", ,,25.01.15
특허법,조문,,참가 및 등록을 한 권리자에게 통지 관련,"조문상 나타나 있지 않은 부분에 대해 명확히 하고자 질문 남깁니다. 특허와 디자인 보호법에서 통상실시권 허락심판의 경우 참가 제도가 없는 것인가요? 특허, 상표, 디자인의 권리범위확인심판의 경우 전용실시권자(상표의 경우 전용사용권자) 및 등록을 한 실시권자(상표의 경우 사용권자)에게 통지 하지 않는 것이 맞나요? (상표 질문이긴 하지만 관련 질문이라 함께 드리겠습니다) 상표의 이의신청의 경우 디자인보호법의 이의신청과 달리 전용사용권자 및 등록을 한 사용권자에게 통지 하지 않는지 궁금합니다.","1. 조문에 나와 있습니다. 제155조제1항에 의한 당사자 참가는 안 되지만(제139조제1항에서 제138조가 제외되어 있습니다), 제155조제3항의 보조 참가는 허용됩니다. 2. 조문에 나와 있습니다. 제133조제4항을 제134조제3항, 제137조제2항에서 준용합니다. 즉, 무효심판의 경우만 등록권리자에게 취지를 통지합니다. 3. 상표법은 등록전에 이의신청을 하니 전용사용권자 및 등록을 한 사용권자가 있을 수가 없습니다. 조금 더 조문중심으로 공부하는 것을 추천합니다~", ,,25.01.17
특허법,문제,136조,[136조] 취소신청과 정정심결,"11년기출 특허법원에 취소신청 계속 중 정정심결 확정된 경우 정정된 청구범위 기준으로 취소사유가 있는지 판단해 취소결정의 적법성 여부를 판단한다. (틀림) 취소신청 심취소 제한설 정정심판 시기적 요건 취소신청이 심판원 계속중일 때부터 정정심판청구 불가. 다만 무효심판 심취소가 특허법원 계속중인 경우 가능. 취소신청 심취소 중 정정심결이 있는 경우로 취소신청 심취소, 무효심판 심취소, 정정심판이 동시 계류중인 경우를 상정 가능한데요. 이때 정정심결이 있으면 무효심판 심취소(특허법원)는 정정후로 판단하고 취소결정 심취소(특허법원)는 정정전으로 각각 판단하는게 맞는건지 궁금합니다.","제한적으로 생각하고 있네요. 정정심판이 먼저 청구되고, 취소신청이 나중에 된 경우에는 문의하고 있는 무효심판을 고려할 필요가 없습니다",아네넵! 근데 저 세개가 동시계류중인 케이스를 가정해 봤을때 무효심판 심취소와 취소심판 심취소 판단대상이 다른게 뭔가 이상해서 제가 맞게 이해한건지 확인차 질문드립니다.,취소결정은 취소환송되어 심판원에서 정정후로 판단합니디. 기본서에 나와 있으니 살펴보세요.,25.01.18
특허법,조문,135조,[135조]권범심에서 자유실시기술항변,"안녕하세요 변리사님, 권리범위확인심판에서 항변인정 여부를 특허발명에 대해서는: 공지기술과 동일하다는 무효의 항변 가능, 공지기술로부터 용이하게 발명할 수 있다는 진보성 위반 항변 불가능 확인대상발명에 대해서는: 공지기술로부터 동일하거나 용이하다는 자유기술의 항변 가능 으로 정리하였습니다. 이에 대해 진보성 위반 항변 불가능에 대한 판례의 문구가 ‘특허는 일단 등록이 되면 비록 진보성이 없어 당해 특허를 무효로 할 수 있는 사유가 있더라도 특허무효심판에 의하여 무효로 한다는 심결이 확정되지 않는 한 다른 절차에서 그 특허가 무효임을 전제로 판단할 수는 없다(전합 2012후4162)’ 로 나와있는데, 그렇다면 특허발명에 대해 무효의 항변을 할 수 있다는 것은 등록된 특허가 신규성이 없으면 무효심판에 의해 다투지 아니하여도(무효심결이 없어도) 권범심에서 특허가 무효임을 전제로 판단할 수 있다는 해석이 가능한건지 궁금합니다. 감사합니다.","신규성 위반은 권리의 유효성을 인정하되 권리범위를 부정하는 것이고, 진보성 위반은 권리의 유효성, 권리범위를 인정하되 권리행사를 남용으로 제한하는 것입니다. 신규성 위반은 권리의 유효성을 인정하니 특허가 무효임을 전제로 판단할 수는 없으나, 권리범위를 부정할 수 있는 것입니다. 한편 진보성 위반의 경우 권리행사의 제한은 권리범위확인심판의 심리범위가 아니고, 권리의 유효성과 권리범위도 인정하여야 하니 진보성 위반이라고 하여 이를 부정하는 항변은 인정되지 않는다는 것입니다.", ,,25.01.20
특허법,조문,136조,[136] 정정재항변 2016후2522,"이러한 법리는 특허권의 권리범위 확인심판에 대한 심결취소소송과 특허권 침해를 원인으로 하는 민사소송에서도 그대로 적용되어야 한다. 특히, 특허권에 기초한 침해금지 또는 손해배상 등을 구하는 소송에서 그 특허가 무효로 될 것임이 명백하여 특허권자의 청구가 권리남용에 해당한다는 항변이 있는 경우 특허권자로서는 특허권에 대한 정정심판청구, 정정청구를 통해 정정을 인정받아 그러한 무효사유를 해소했거나 해소할 수 있다는 사정을 그 재항변으로 주장할 수 있다. 특허권 침해를 원인으로 하는 민사소송의 종국판결이 확정되거나 그 확정 전에 특허권자가 정정의 재항변을 제출하지 않았음에도 사실심 변론종결 후에 정정심결의 확정을 이유로 사실심 법원의 판단을 다투는 것은 허용되지 않는다. 위 볼드및 밑줄부분에서 1.침해원인 민사소송이 ""확정되기전"" 까지 정정의재항변을 할수있는데, 안한경우 사실심변론종결후에 정정심결의확정을 이유로 다투는게 안된다는것이 재심으로 다툴수 없다는얘기죠? 2. 사실심변론종결 전이면서 소송이 확정되기전에 재항변을 한 경우에는 재심으로 다툴수있는것이고 3. 사실심변론정결후에는 확정전이라도 정정재항변이 안되니 결국 재심으로 다툴수 없게되는건가요?","침해소송의 사실심 변론종결 후에는 정정심결의 확정이 침해소송에 영향을 미치지 않는다는 의미입니다. 당연히 침해소송의 판결이 확정된 후에 재심사유에도 해당하지 않을 것입니다. 물론 사실심 변론종결 전에 정정심결의 확정된 경우에는 침해소송에서 정정된 특허발명에 의해 다툴 수 있고, 만약 법원이 이를 받아들이지 않아서 판결이 확정된 경우에는 재심사유에 해당하게 됩니다. 열공하세요~", ,,25.01.21
특허법,조문,140조,[140조] 청구이유 보정,"심판청구서에서 청구이유보정은 자유롭게가능합니다. 어차피 직권심리로인해 신청하지않은 이유로 심리할 수 있기때문입니다. 즉, 무효심판에서 동일 인용발명을 근거로 신규성위반이든 진보성위반이든 자유롭게보정이 되는것은 맞다고 이해했습니다. 다만,무효심판에서 인용발명자체를 바꾸는것도 청구이유변경이 맞을까요? 청구취지변경인지 아닌지 궁금합니다. 권범심에서는 확인대상발명이 청구의취지를 이룬다고되어있어서요. 인용발명1에의해 신규성위반주장-> 인용2에의해 진보성주장으로 바꾸는 것처럼요.. 직권심리에서 다른 인용발명에의해 무효심결할 수 있고 다만 의견서진술 기회를 주면 되는것으로 알고있어서 인용발명도 청구이유일거같긴한데 헷갈려서 질문드려봅니다!","청구취지에 대한 이해가 부족합니다. 예를 들어, 권리범위확인심판의 청구취지는 ""확인대상발명은 특허 제OOOOOOOO호의 권리범위에 속한다""이므로, 확인대상발명이 청구취지의 일부를 구성하는 것이고, 특허무효심판의 청구취지는 ""특허 제OOOOOOO호의 제1항, 제2항은 무효이다""으므로, 무효사유는 청구취지와 무관합니다. 열공하세요~", ,,25.01.30
특허법,조문,154조,[154조] 구술심리,"154조 3항에 구술심리 공개하여야 하는데 이때 공공의 질서 또는 선량한 풍속 어긋날 우려가 있으면 그러하지 아니하다고 나와있는데 그러면 공중의 위생은 빼도 되는 건가요? 불특허, 특허공보, 서류열람에서는 공중의 위생도 포함되어있습니다 감사합니다","네, 빠집니다.", ,,25.01.31
특허법,조문,176조,[176] 주체 관련 질문 있습니다.,"안녕하세요 변리사님. 특/상/디 조문을 비교하다 차이점이 있어 질문드립니다. 다소 지엽적인 부분으로 생각되지만, 혹시 몰라서 질문드립니다.. 특허법 176조에서 불복심판이 청구된 경우 ”심판관“이 심결로써 취소해야한다. 고 되어있는데 (디자인도 마찬가지) 상표에서는 ”심판관합의체“가 심결로써 취소해야 한다고 나와있습니다.(상표법 156조) 심결로써 취소함은 심판관합의체가 좀 더 옳다고 생각되는데, 혹시 특허법 176조에 명시되어 있는 ”심판관“의 이유나 구별 식이 있는 지 궁금합니다. 심판관합의체도 결국 심판관으로 구성되어 있으니 같은 말일까요..? 감사합니다!!",없습니다. 조문에서 심판관합의체를 심판관이라고 하기도 합니다., ,,25.02.11
특허법,조문,135조,[135조] 심판청구의 이익과 확인의 이익,안녕하세요 판례 암기를 하다가 의문이 들어 질문드립니다 권리범위확인심판에서 판례가 '확인의 이익'과 '심판청구의 이익'을 구분해서 사용하는데 이 둘의 차이점이 무엇인지 잘 모르겠습니다 실질적으로 같은 의미로 사용되는 것인가요?,"심판의 이익이란 심판청구의 내용이 본안심결을 받기에 적합한 것인지에 대한 것으로서 적법성심리의 대상이라고 이해하면 됩니다. 확인의 이익이란 권리범위<확인>심판에서 심판의 이익 중 확인의 필요성이 있는지에 관한 것입니다. 즉, 심판의 이익이 확인의 이익보다 너 넓은 개념입니다. 예륻 들어, 권리범위확인심판에서 심판의 이익이 없는 경우는 1. 이해관계X 2. 확인대상발명의 특정X 3. 실시입증X 4. 권리 대 권리 간의 저촉관계를 확인하는 적극적 권리범위확인심판 5. 권리가 소멸 6. 중복심판금지 적용 7. 일사부재리 적용 이 있는데, 이 중 확인의 이익 관련 부분은 2-5입니다. 열공하세요~", ,,25.02.22
특허법,조문,163조,[163조] 일사부재리,안녕하세요 일사부재리 개념이 너무 안잡혀 질문드립니다 예를 들어~ 부분에서 1. 선행심판이 신규성 위반으로 청구됐으나 기각심결 확정 2. 다시 신규성 위반으로 후행심판 청구됐으나 일사부재리 위반으로 각하심결 3. 심취소 제기하며 다른 무효사유인 진보성 위반 주장->인정되지 않음 3번으로 2의 심판을 불복했으므로 2의 심결이 확정되지 않아 163조 자체가 적용되지 않는건가요? 그리고 심취소를 제기할때 무제한설에 따라 새로운 주장 증거를 낼수 있는데 진보성 위반을 주장하는 것이 왜 허용되지 않는지 이해가 잘 안갑니다.. 제가 지금 일사부재리에 대해 전반적으로 이해를 잘못하고 있고 오개념이 있는것 같은데 그게 어딘지 모르겠습니다 ㅠㅠ (책 저부분부터 그 밑의 각주까지 다 꼬였습니다..),"1. 2번 심판이 <심결시까지> 1번 심판과 동일사실(신규성) 및 동일증거인지 기준으로 일사부재리 위반인지 판단하기 때문에, 2번 심판에 대한 <심결시 이후> 특허법원에서 새로운 사실(진보성)을 주장하는 것은 허용될 수 없다는 것입니다. 2. 특허법원에서 무제한설은 일사부재리 위반으로 된 각하심결의 위법성을 주장할 때 제한이 없다는 것입니다. 예를 들어, 심결시 기준으로 신규성 위반의 동일사실은 맞으나 증거가 달랐기 때문에 동일증거라고 할 수 없다는 것은 주장할 수 있습니다. 그러나 심결시 이후 새로운 사실의 주장이나 새로운 증거의 주장은 허용될 수 없습니다. 이는 심결시 기준으로 동일사실 및 증거를 판단한다는 것과 배치되기 때문입니다. 만일 이게 가능하다면 특허법원에 불복했을 때 거의 대부분 일사부재리 위반을 피할 수 있게 될 것입니다. 열공하세요~", ,,25.03.06
특허법,조문,135조,[135조] 권범심 청구인적격,"적극권범의경우, 과거나 현재실시하고 있는 이해관계인만 피청구인이 되는데요, 만일 갑이 을에게' 을이 곧 A를 실시할 예정'이라고 청구하면 청구인적격흠결로 각하되나요?아니면 확인의이익이 없다고하나요? 소극적권범심의경우, 현실적으로 실시하지도 않고 실시할 계획도 없는 확인대상발명의 경우 심판청구는 확인의이익이 없어 심결각하되는데, 청구인적격이 아니라 확인의이익으로만 각하시키는 이유가있나요?","개념적으로 보면, 광의의 확인의 이익은 이해관계까지 포함하는 개념입니다. 그래서 문의하신 판결은 광의의 개념에서 판시하고 있는 것입니다. 참고로 학자들은 청구인 적격과 확인의 이익을 구분해서 설명하는 사람과 그렇지 않은 사람이 있습니다. 열공하세요", ,,25.03.23
특허법,문제,137조,[137조] 정정무효심판에서의 일사부재리,"리담 객관식2 p316 2번 문제에서 답이 3번인데, 4번지문이 왜 틀린지문인지 궁금합니다. 맞는 지문 아닌가요?","동일사실 <또는> 동일증거가 아니라, 동일사실 <및> 동일증거입니다. 법조문에 더 충실한 공부를 해 보세요~", ,,25.05.01
특허법,문제,135조,[135조] 권리범위확인심판,안녕하세요 이 케이스에서 을이 A를 실시하고 소극적 권범심의 확인대상발명을 B로 특정하여도 확인의 이익을 폭넓게 인정한다고 나와있는데요 이 각주 판례에서는 자신이 현실적으로 실시하고 있는 발명이 아니라면 확인의 이익이 없어 부적법각하 된다고 나와있어서 모순처럼 보입니다.. 제가 어디를 잘못생각하고 있는건가요? ㅠㅠ,"실시할 예정(미래 이해관계)을 폭넓게 인정하나, 확인대상발명을 실시한 바도 없고 앞으로 실시하지도 아니할 것이라면 이해관계인이라 할 수 없다는 것입니다. 실제로, 이 케이스는 이해관계인이 이렇게 자인한 결과 각하된 경우입니다. 열공하세요~", ,,25.05.01
특허법,조문,136조2항,[제136조 2항 2호] 정정심판 청구가능시기,"리담특허법 1121-1122페이지 내용입니다. 특허법 제136조 제2항 제2호에서는 특허무효심판이 특허심판원단계에 계속중인 경우에는 정정심판을 청구할 수 없고, 특허법원, 대법원에서 계속중인 경우에만 정정심판을 청구할 수 있다고 되어있는데요, 장표에서는 그와 다르게 특허무효심판이 특허심판원에 계속중인 때에도 청구할 수 있는것 처럼 화살표가 그려져 있어 모순된 것처럼 보입니다. 확인 부탁드립니다!",기본서 1121p에 보면 다음과 같이 기술되어 있네요. 2) 「특허심판원에 계속 중」인 경우란 특허무효심판의 청구서 부본이 특허권자에게 송달된 때부터 심결까지의 기간을 말한다. 심결 이후부터 심결에 대한 제소 가능 기간까지는 법원에 특허무효심판에 대한 소 제기가 가능하므로 특허심판원에 계속 중이라고 해석되지 않는 다., ,,25.06.03
특허법,문제,142조,[142조] 의견제출기회 관련 질문,"안녕하세요, 객관식 242p 2번 4번지문 읽다가 조금 헷갈리는 내용이 있어 책을 찾아봐도 명확히 해결이 안 되어 질문드립니다. 152조 1항에서 심판에서 청구원인은 직권심리한다, 이때 의견제출기회를 주어야하고 이는 강행규정이다. 142조에서 적법성 심리 시, 심판관은 심판청구 내용이 부적법할 때 재량으로 피청구인에게 답변서 제출 기회를 주면서 심결각하 할 수 있다. 이때 보정 가능하면 청구인에게 보정을 명해야 한다. 라는 기본 내용에서 적법성 심리시 심판관이 피청구인에게도 답변서 기회를 주지 않고, 명백히 부적법할 때는 청구인에게도 보정 명령을 하지 않고 각하할 수 있다고 생각돼서 의견진술 기회를 준 건가라는 생각이 들었습니다. 이 경우에 심결각하에 대해 불복 가능하다를 의견진술기회라고 봐야할까요 아니면 상식적으로 의견제출기회를 줬다고 생각하고 넘어가면 될까요?","의견진술기회와 답변서 제출기회의 개념을 혼동하고 있네요. 제142조는 답변서 제출기회를 준 후 심결각하할 수도 있지만, 답변서 제출기회를 주기 전에도 심결각하할 수도 있다는 것이고, 제159조는 본안심리 과정에서 직권심리를 하면 의견진술기회를 준다는 것으로, 양자는 별개의 절차입니다. 열공하세요~", ,,25.06.25
특허법,조문,135조,[135조] 확인대상발명의 특정 정도(청구취지와 청구원인으로서 특정의 구별),"안녕하세요! 변리사님 제가 위 부분을 공부하면서 '구별'과 '대비'라는 개념을 이분법적으로 구별해서 이해하였는데요. 그러다보니 책에 적혀있는 부분과 기출문제와 조금 차이가 나는 부분이 생겨서 어떻게 해결해야 할 지 변리사님께 확인받고 싶어 질문드립니다. 리담 특허법 p. 1096 중단에, ""만약 확인대상발명의 일부 구성이 불명확하여 다른 것과 '구별'될 수 있는 정도로 구체적으로 특정되어 있지 않다면, 특허심판원은 요지변경이 되지 아니하는 범위 내에서 확인대상발명의 설명서 및 도면에 대한 보정을 명하는 등 조치를 취해야 하며, 그럼에도 그와 같은 특정에 미흡함이 있다면 심판의 심결이 확정되더라도 일사부재리의 효력이 미치는 범위가 명확하다고 할 수 없으므로, 나머지 구성만으로 확인대상 발명이 특허발명의 권리범위에 속하는지를 판단할 수 있는 경우라 하더라도 심판청구를 각하하여야 한다.""라고 적혀있습니다. 그런데 기출문제집 p. 256 4번 문제 선지 3번 보시면, ""확인대상발명이 불명확하여 특허발명과 '대비'대상이 될 수 있을 정도로 구체적으로 특정되어 있지 않다면, 특허심판원으로서는 요지변경이 되지 아니하는 범위내에서 확인대상발명의 설명서 및 도면에 대한 보정을 명하는 등의 조치를 취해야 하고 그럼에도 불구하고 그와 같은 특정이 미흡하다면 심판청구를 각하해야 한다.""라고 적혀 있는데요. 물론 제가 구별과 대비를 나누어 책의 내용을 이해하지 않고 문제의 선지만 읽었다면 맞다고 하고 넘어 갔겠으나, 문제 문장내에서 중요단어가 다른 부분이 있어서 어떻게 판단해야 할지 질문드립니다.","청구취지로서 특정(구별), 청구원인으로서 특정(대비)이 불명확하다면 각하됩니다. 2가지를 같이 생각하면 되는데 어떤 부분이 이해가 안 되는 걸까요?", ,,25.06.27
특허법,조문,135조,135조] 확인대상발명 vs 실시예정제품 다른경우 판례 문구 질문,"안녕하세요, 강의노트 469번 판례 문구 관련해서 혼동되어 질문드립니다 기본내용: 소극적 권리범위확인심판에서 청구인이 확인대상발명을 실시예정제품B라고 심결시까지 밝힌 경우에, B의 미래 이해관계를 폭넓게 인정해 본안 심리를 한다. 해당판례 형광색 문구 '실시가능성이 없는 경우 그 청구의 적법 여부가 문제가 될 수 있을 뿐이고, 여전히 심판의 대상은 ~ 판단하여야한다.' 를 B에 대한 미래의 이해관계가 없는 경우에는 심결각하를 해야하나, 자인하는 경우 외에 증명이 곤란하고 폭넓게 인정하고 있기 때문에 여전히 본안 심리를 진행하고 심결의 위법성은 별론으로 한다. 라고 생각해도 될까요? 판례 문구 내용이 심결각하할 문제가 있지만, 본안심리를 해야한다 라고 읽혀서 혼동되어 질문합니다 감사함니다.",1. 실시가능성이 없는 경우 그 청구의 적법 여부가 문제가 될 수 있을 뿐이고 --> B에 대한 미래의 이해관계가 없다면 각하된다. 2. 여전히 심판의 대상은 ~ 판단하여야한다. --> 심판의 대상은 A가 아니고 B이다. 이렇게 이해하면 됩니다.,"답변 감사합니다 변리사님, 질문드린 이유가 객관식 257p 2번 지문에서 '소극적 권리범위확인심판에서 심판청구인이 현실적으로 실시하는 기술이 확인대상발명과 다르더라고 확인대상발명으로 특정한 발명(실시예정제품으로 해석)에 대하여 실시가능성이 없을 경우에 심판의 대상은 심판청구인이 현실적으로 실시하는 기술이 아니라 심판의 대상으로 특정한 그 확인대상발명이다' 에서 심결각하되니까 심판의 대상이 없지 않나 의문이 들어서입니다. 그래서 판례를 다시 읽어봤을때 실시가능성이 없어도 증명이 어려우니까 일단 본안심리는 하는건가 라는 의문이 들었는데 객관식 문제니까 말씀대로 정리하고 넘어가면 될까요",뭔가 잘못 이해하고 있는 것 같군요. 심판의 대상이 없는 것이 아니라 심판의 대상이 부적법하여 심결각하되는 것입니다.,25.06.28
특허법,조문,135조,[135조] 권리범위확인심판,"안녕하세요 단방향 석쇠사건에서 결론이 적극적 권리범위확인심판으로서 부적법각하인데, 그 이유가 확인대상발명을 실시하고 있는자(여기서는 양방향 구성을 사용하고 있는자)가 적권범의 이해관계인이 아니라서 피청구인 요건을 만족하지 못함->확인의 이익 없음->부적법 각하 이렇게 되는건가요? 또한 단방향 석쇠사건은 권리대 권리는 맞지만 이용관계도 아니고 저촉관계도 아니라 밑의 사진에서 빨간색으로 표시한 부분에는 아예 해당하지 않는 케이스인건가요? 감사합니다!","1. 잘못이해하고 있네요. 이해관계가 있는지 여부는 실시제품과 확인대상발명을 비교하는 것이지, 특허발명과 확인대상발명을 비교하는 것이 아닙니다. 2. 판례는 읽어보면 권리 대 권리간의 적극적 청구는 원칙이 불허이며, 예외로 이용관계인 경우에만 긍정된다는 것이 기본법리입니다. 저촉은 원칙의 하나의 예시에 불과한 것입니다. 열공하세요~",네 감사합니다! 그럼 단방향 석쇠사건은 이해관계인의 문제가 아니라 권리대권리 적극적 저촉이라 부적법 각하가 내려진 사안인거죠,네,25.07.07
특허법,조문,136조,[136조] 정정심결의 소급효,"2011후620 판례에서 54조와 29조 판단시 정정심결의 소급효가 적용되지 않는다는 판례는 정정청구의 경우도 동일하게 적용되는건가요? 29조, 54조, 침해죄 이외에는 정정의 소급효가 미치는 것인지, 또한 국내우주는 소급효가 미치는 것인지 궁금합니다.","1. 정정청구도 적용됩니다. 2. 다만, 개념 자체를 잘못 이해하고 있네요. 제29조, 제54조 적용시에 정정의 소급효가 당연히 인정됩니다. 2011후520 판결은 그 출원이 아니라 다른 출원의 지위에 대한 얘기를 하고 있는데, 다른 출원의 최초 명세서 또는 도면을 기준으로 하기 때문에 정정과 상관없다는 것입니다.","54조는 선출원의 최명도를 기준으로 판단하는 것은 알고있는데 29조에서의 다른출원도 최명도를 기준으로 하나요? 29조에서 대비하는 선행 기술은 공지기술로 알고있는데, 선행기술이 출원공개 혹은 등록공고되어 공지기술의 지위를 갖는경우 기준은 그 출원의 최명도라고 이해하면 될까요?","네, 기본서를 한 번 살펴 보세요. 제29조, 제36조 적용의 기초가 되는 내용입니다",25.07.27
특허법,조문,163조,[163조] 일사부재리 효과가 미치는 범위,"163조 단서에 따르면 ""각하심결인 경우 그러하지 않으므로"" 본안심리를 한 심판이 확정이 되면 누구든지 해당 심판에서 주장한 사실과 증거로 다시 심판을 청구할 수 없다고 저는 이해하였습니다 또한 특허무효심판과 특허취소신청 모두 132의 13 4항과 133 3항에 따라서 처음부터 없었던 것으로 보기 때문에 일사부재리의 효가 특허무효심판으로 무효된 심판, 특허취소신청에 의해 취소된 심판, 각하결정된 심판에 미치지 않으므로 Q 무표/취소된 심판이 청구될 당시에 주장된 사실,증거로 누구든지 다시 심판을 청구할 수 있다고 이해해도 되나요? 바쁘신 와중에 제 질문에 답해주셔서 감사합니다","그렇지 않습니다. 무효심결이 확정, 취소결정이 확정된 경우에는 소급 소멸로 인해 무효/취소로 될 대상이 없어지게 되어 심결각하되는 것입니다. 열공하세요~", ,,25.08.01
특허법,조문,170조,[170조] 심판에서 보정각하 주체,"안녕하세요 변리사님 심판부분 공부하다가 궁금한 점이 있습니다. 1. 보정각하를 하는 주체는 심사관입니다. 제51조(보정각하) ① 심사관은 제47조제1항제2호 및 제3호에 따른 보정이 같은 조 제2항 또는 제3항을 위반하거나 그 보정(같은 조 제3항제1호 및 제4호에 따른 보정 중 청구항을 삭제하는 보정은 제외한다)에 따라 새로운 거절이유가 발생한 것으로 인정하면 결정으로 그 보정을 각하하여야 한다. 다만, 다음 각 호의 어느 하나에 해당하는 보정인 경우에는 그러하지 아니하다. <개정 2016. 2. 29.> 2. 170조에서는 51조 보정각하를 준용하고 있습니다. 이때 특허청장을 특허심판원장으로 바꿔서 준용합니다. 제170조(심사규정의 특허거절결정에 대한 심판에의 준용) ① 특허거절결정에 대한 심판에 관하여는 제47조제1항제1호ㆍ제2호, 같은 조 제4항, 제51조, 제63조, 제63조의2 및 제66조를 준용한다. 이 경우 제51조제1항 본문 중 “제47조제1항제2호 및 제3호에 따른 보정”은 “제47조제1항제2호에 따른 보정(제132조의17의 특허거절결정에 대한 심판청구 전에 한 것은 제외한다)”으로, 제63조의2 본문 중 “특허청장”은 “특허심판원장”으로 본다. <개정 2016. 2. 29.> ② 제1항에 따라 준용되는 제63조는 특허거절결정의 이유와 다른 거절이유를 발견한 경우에만 적용한다. [전문개정 2014. 6. 11.] 3. 그렇다면 심사관은 뭘로 바꿔서 준용하는 걸까요? 심판장이거나 심판관합의체일 것 같은데 법조문에 나와있지 않아서 누가 하는지 의문이 있습니다.","1. 제63조의2 정보제공에서 ""특허청장""을 ""특허심판원장""으로 보는 것이고, 제51조는 상관없습니다. 2. 본안심리과정에서 이루어지는 것이므로 보정각하는 심판관합의체가 합니다.", ,,25.08.06
특허법,조문,140조,[140조] 2항 2호 청구이유 보정시기,"안녕하세요, 변리사님 심판청구서 보정시기가 재심리 방지를 위해서 심리종결시까지라고 알고 있었는데 청구이유는 159조1항에 의해 직권심리 대상이라 심결시까지 보정해도 괜찮은건가요? 아니면 심판마다 답변서 제출기간 또는 의견서 제출기간에만 보정할 수 있는건가요? 시기가 헷갈립니다. 감사합니다",제140조제2항의 심판청구서 보정은 심결시까지 할 수 있습니다. 열공하세요~, ,,25.08.13
특허법,조문,138조,[138조] 크로스 라이센스와 저촉관계,"안녕하세요 변리사님 크로스 라이센스가 저촉관계에 적용될 여지가 있는지 확인하고 싶어 질문드립니다. (저는 없다고 생각하는데, 어디에 써있는건 아니라서 혼자 생각하고 넘어가기보다는 확인하고 넘어가려는 취지의 질문입니다) 선출원 디자인권과 후출원 특허권이 저촉관계라고 했을때 아래의 근거 1, 근거 2를 조합하면, ㅇ 선출원 디자인권자는 자신의 디자인권을 자유롭게 실시할 수 있음 ㅇ 후출원 특허권자는 통실허심판을 통해 통상실시권을 얻을 수 있음 ㅇ 이 경우, 근거2에 의하면, 선출원 디자인권자는 이미 특허권의 제약을 받지 않으므로, 크로스 라이센스를 청구할 실익이 없음 ㅇ 따라서, 저촉관계에 있어서는 크로스 라이센스가 적용될 여지가 없음 위의 논리에 오류는 없는지 짚고 넘어가고 싶어서 질문드립니다 ㅁ 근거 1 특허법 제138조(통상실시권 허락의 심판) ① 특허권자, 전용실시권자 또는 통상실시권자는 해당 특허발명이 제98조에 해당하여 실시의 허락을 받으려는 경우에 그 타인이 정당한 이유 없이 허락하지 아니하거나 그 타인의 허락을 받을 수 없을 때에는 자기의 특허발명의 실시에 필요한 범위에서 통상실시권 허락의 심판을 청구할 수 있다. ② 제1항에 따른 청구가 있는 경우에 그 특허발명이 그 특허출원일 전에 출원된 타인의 특허발명 또는 등록실용신안과 비교하여 상당한 경제적 가치가 있는 중요한 기술적 진보를 가져오는 것이 아니면 통상실시권을 허락하여서는 아니 된다. ③ 제1항에 따른 심판에 따라 통상실시권을 허락한 자가 그 통상실시권을 허락받은 자의 특허발명을 실시할 필요가 있는 경우 그 통상실시권을 허락받은 자가 실시를 허락하지 아니하거나 실시의 허락을 받을 수 없을 때에는 통상실시권을 허락받아 실시하려는 특허발명의 범위에서 통상실시권 허락의 심판을 청구할 수 있다. ④ 제1항 및 제3항에 따라 통상실시권을 허락받은 자는 특허권자, 실용신안권자, 디자인권자 또는 그 전용실시권자에게 대가를 지급하여야 한다. 다만, 자기가 책임질 수 없는 사유로 지급할 수 없는 경우에는 그 대가를 공탁하여야 한다. ⑤ 제4항에 따른 통상실시권자는 그 대가를 지급하지 아니하거나 공탁을 하지 아니하면 그 특허발명, 등록실용신안 또는 등록디자인이나 이와 유사한 디자인을 실시할 수 없다. [전문개정 2014. 6. 11.] ㅁ 근거 2 리담특허법 교재p.925) 디자인권과 특허권이 저촉되는 경우에 제98조에 의하면 선출원우위의 원칙에 따라 해결한다. 즉, 특허출원일 전에 출원되어 등록된 디자인권이 특허권과 저촉되는 경우 디자인권자는 특허권에 구속되지 않고 자유로이 등록디자인을 실시할 수 있고, 특허권자는 특허발명을 실시하려면 디자인권자의 허락을 받거나 통상실시권허락심판을 청구하여야 한다","한 번도 생각해 보지 않았던 문제네요. 크로스 라이선스의 경우 허락받아 실시하려는 특허발명의 범위 내에서 청구할 수 있는데, 디자인권과 특허권이 저촉일 때 허락받아 실시하려는 특허발명의 범위에 대한 케이스가 생각나지 않습니다. 다만 제가 생각을 못할 수도 있기 때문에 안 되다고 공부하는 것은 지양해야 될 것 같네요. 열공하세요~", ,,25.08.15
특허법,조문,137조,[137조],"안녕하세요 변리사님, 137조와 제132조의 3, 제133조의2 법조문을 비교하다가 궁금한 점이 생겨서 질문남깁니다. 제132조의3 5항, 제133조의2 6항과 달리 137조는 특허출원하였을 때 특허를 받을 수 있을 것의 판단을 하는 제136조5항을 준용하고 있지 않은데, 그 이유가 궁금합니다. 137조 제1항 2호에서 136조5항을 준용하고 있어, 정정무효심판에서 특허출원하였을 때 특허를 받을 수 있는 것인지에 대한 판단을 하는데 정정무효심판에서 특허의 정정이 136조5항을 준용하지 않는다는 규정이 없어서 정정 청구 전체에 대해 이에 대한 판단을 하는 것은 중복판단이라고 생각합니다. 강의 때 이 내용에 대한 이유를 특허무효심판과 특허취소신청은 청구항별 청구가 가능하지만, 정정무효심판은 전체에 대해 청구한다는 심판의 특징 때문이라고 하셨는데, 해당 특징이 왜 이유가 되는 것인지 이해가 잘 안돼서 질문드립니다.","1. 정정한 내용 전체에 대한 정정무효심판을 청구하는 것이기 때문에 청구항별로 구분할 필요가 없다는 것입니다. 2. 그리고 특허무효심판의 효과는 특허가 처음부터 없었던 것으로 보는데 반해 정정무효심판의 효과는 정정이 처음부터 없었던 것으로 보는 것이고 특허는 정정전 내용대로 유지되고 있기 때문에, 정정무효심판에서 정정청구에 대한 제136조제5항을 판단하더라도 무효심판과 같이 심각한 심리지연의 문제가 생기지 않는다는 것도 고려해 볼 수 있습니다. 열공하세요~", ,,25.08.28
특허법,조문,133조,"[133, 135] 합의 내용에 따른 무효심판과 권리범위확인심판의 이해관계 소멸 여부","변리사님 안녕하세요! 올해 특허법 1차 문제를 풀다가 궁금증이 생겨 질문 드립니다. 1번 선지에서 그 권리를 인정하고 그 권리에 위반되는 행위를 하지 않는다는 내용의 약정을 한 경우, 권리범위확인심판의 이익이 소멸된다는 것은 명확해보이는데 ‘그 특허권을 인정한다’는 합의내용으로 무효심판의 청구 이익이 소멸되었다고 볼 수 있는지가 조금 애매한 것 같아 질문드립니다. 무효심판의 이해관계 판단에 있어서는 단순히 합의가 있었다는 사실만으로 이해관계가 소멸되었다고 볼 수는 없고 합의에 이르게 된 경위, 합의의 내용 등을 고려하여 종합적으로 판단하여야 한다고 하여야 하기 때문에 틀린 지문으로 봐야 할까요? 추가로 강의장표 432페이지와 기본서에 있는 합의 내용에 따른 이해관계의 소멸여부 내용인데요, 여기에서도 특허무효심판에 있어서 합의의 내용이 ‘권리를 인정하고 권리에 위반되는 행위를 하지 않겠다’라는 사실만으로 특허무효심판의 이해관계가 소멸하였다고 단정할 수는 없고, 제반사정을 고려해서 종합적으로 판단해야한다고 정리하는게 맞을까요?","네, 합의의 내용(권리를 인정하고 권리에 위반되는 행위를 하지 않겠다)만으로는 결정할 수 없고, 합의에 이르게 된 경위(침해고소를 당한 사안), 그리고 합의 후의 사정 등을 종합적으로 고려해서 판단해야 한다고 이해하면 됩니다. 일반적으로 권리를 인정한다는 것은 권리의 유효성을 인정한다는 의미인데, 사안에서는 침해고소사건에서 권리를 인정한다는 것으로서, 여기서 권리를 인정한다는 것이 권리의 유효성을 인정한다는 것인지 여부가 불분명하네요. 그래서 1번 지문은 약간 불명확한 지문이고, 상대적 문제풀이를 해야 하니, 4번을 답으로 하는 것이 맞습니다. 열공하세요~", ,,25.09.01
특허법,조문,155조,155조] 보조참가,안녕하세요 155조 4항 보조참가인에 대한 법조문이 잘 이해되지 않아서 질문드립니다 보조참가를 했을때 피참가인이 심판청구를 취하하면 참가인의 지위를 상실하는 것까진 이해가 됩니다 그런데 그 뒤에 독자성이 인정되어 공격 방어방법의 제출이나 그밖의 모든 심판절차를 밟을수 있다는게 무슨 뜻인지 이해가 잘 안갑니다.. 참가인 지위를 상실하는것과 모든 심판절차를 밟을수 있다는것 사이에 무슨 관계가 있나요? 제가 보조참가에서 이부분을 아예 이해를 못하는것 같아 질문드립니다 감사합니다!,"심판절차에 관여하여 자기의 이익을 충분히 주장할 수 있으나, 보조참가인의 지위상 심판청구를 취하하면 홀로 절차를 진행할 수 없다는 것입니다. 열공하세요~", ,,25.09.02
특허법,조문,135조,[135조] 권리범위확인심판 질문입니다. (2014후2849 관련),특허권자가 확인대상 발명 제품과 관련해 다툴의사 없다고 진술한 것에 대해 법원은 소 이익이 없으므로 각하한 판결 관련해서 비판 논지가 일사부재리 발생하지 않으니 향후 특허권자가 소를 제기할 수 있다인데 이는 금반언이나 신의칙등을 주장해서 실시권자가 방어할 수 있지 않을까요? 감사합니다.,"소송이나 심판에서 당사자는 자신의 이익을 지키기 위하여 가능한 모든 법적 주장을 할 수 있고, 실체적 진실발견을 위한 심판의 특성상 당사자가 모순된 주장을 하였다고 하여 신의칙을 적용하는 것은 최대한 신중할 필요가 있습니다. 따라서 방어하기는 어려워보이네요. 열공하세요~", ,,25.09.03
특허법,문제,132조의17,[132조의 17] 재심사 청구 후 거불심,"안녕하세요 변리사님, 리담 객관식2 p179 2번의 4번 선지에서 ""재심사청구 취지를 기재한 보정서를 제출한 후에 거불심 청구서를 제출하는 경우 거불심 청구는 심결각하된다""고 나오는데요, 거불심 이후 재심사는 조문상 불가하고(67조의2 1항 2호), 재심사 이후 거불심은 재심사 진행중에는 대상물이 없으므로(67조의2 3항) 심결각하되고, 그 이후 다시 거절결정이 내려지는 경우에는 거불심 청구가 가능하다고 이해하였는데 맞을까요? 감사합니다.",네 정확히 이해하고 있습니다., ,,25.09.16
특허법,조문,136조,[136조] 정정심판의 청구시기와 관련문제,"안녕하세요 변리사님! 1. 특허취소신청의 취소소송제기 후에는, 특허권자에게 방어권이 부여된 것이 없기에 (심판원 단계에서 정정청구도 하지 않고, 특허법원 단계에서 무효심판의 심결에 관한 소도 계속 중이지 않다면) 특허등록받았던 사항 그대로 소가 진행되는 것이라고 이해했습니다. 제가 맞게 이해했을까요? 2. ""~심결에 대한 소""= 취소소송 이라고 생각해도 무방할까요? 3. 이 문장에서 정정된 내용대로 소급효가 인정된다,까지는 이해가 되는데 취소소송을 구할 실익이 없어졌다는 부분이 이해가 되지 않아 질문드립니다! 감사합니다!","1,2, 네, 그렇습니다. 3. 없는 청구항을 대상으로 하기 때문에 취소신청의 취소결정, 특허무효심판의 심결을 취소할 <소의 이익>이 없어졌다는 것입니다. 소의 이익 판단을 더 공부해 보세요~","앗 그렇다면 취소신청이나, 무효심판의 취소소송을 제기하기엔 대상이 달라져서(삭제된 청구항이 포함된 내용을 기반으로 소를 제기하게 되는 것이기 때문에) 소의 이익이 없는 것이라고 이해하면 될까요..?",아니요. 그렇지 않습니다. 제가 쓴 답글을 이해 못하고 있습니다. 청구항이 없어져서(소멸해서) 심결의 취소를 구할 이익이 없어지는 것입니다.,25.09.17
특허법,조문,161조,"[161조] 포기, 심판상 화해의 경우는 종료 사유에서 불인정함에 대하여","안녕하세요 변리사님! 제 5장 - 심판의 종료에 대해 궁금한 점이 생겨 질문드립니다. 1. 청구의 포기의 경우가 심판의 취하와 어떻게 다른 것인지 궁금합니다. 심판을 취하한다는 것에 취하한 청구인의 포기 의사가 내재되어있다고 생각합니다. 당사자 참가의 경우 심판이 종료되지 않고 당사자 참가인이 청구인이 되어 홀로 절차를 진행한다는 점에서, 만약 포기 의사가 내재되어있지 않으면 청구의 취하는 객관적인 사유가 명백하기 때문일텐데 그렇다면 참가인이 남은 심판에 홀로 참가하는 것이 무의미하지 않나요? 2. 심판상 화해의 경우도 당사자 사이의 합의가 성립되어 취하되는 것과 어떤 차이가 있는지 궁금합니다. 심판의 종료에는 제3자에게 심판의 결과가 영향을 미치는데, 심판상 화해의 경우는 왜 안되고, 합의의 경우는 왜 되는 것인지 모르겠습니다. 당사자 간 합의가 이루어진다 하여서 제3자의 이해관계가 소멸하는 것이 아니지 않나요??","1. 청구의 포기, 심판상 화해는 민사소송법상 존재하나 특허법상 존재하지 않은 제도입니다. 2. 청구의 포기, 심판상 화해는 판결과 동일한 효력을 가지는데, 민사소송법에서는 판결의 효력이 양 당사자에게만 미치지만 특허법은 제3자에게도 미치기 때문에 이를 특허법상 적용할 수 없는 것입니다. 열공하세요~",아하 감사합니다!! 그럼 당사자 사이에 합의가 이루어졌다는 건 제3자와의 이해관계도 소멸하였다고 보는 것인가요?,"아직 제3자에게도 효력이 미친다는 의미를 모르고 있네요. 심결에서 제3자의 효력은 제163조의 일사부재리를 말합니다. 그런데, 당사자 합의에 의해 각하되는 경우는 제163조가 적용되지 않습니다.",25.09.26
특허법,조문,135조,[135조] 권리범위확인심판에서의 이해관계인,"안녕하세요 임변리사님, 지난번에 아래의 25년 기출 1번 선지가 명확한 판례가 없어 모호하다고 하셨는데요, 그렇다면 리담객관식2 p274 5번의 2번선지는 이번년도 기출지문에 비추어 틀렸다고 보는게 맞을까요?? 1번이 확실히 틀린 선지이니 상대적으로 푸는게 좋을지 고민입니다. 감사합니다.","지금까지 판례는 2가지입니다. 1. ""권리를 인정하고 그 권리에 위반되는 행위를 하지 않는다""는 합의 - 권리범위확인심판의 이해관계 불소멸(95후1050) 2. ""권리범위에 속함을 인정한다""는 합의 - 무효심판의 이해관계 불소멸(99후1331) 그런데, 질의한 내용의 합의는 ""일체 분쟁을 하지 않겠다""는 합의로, 판례와 그 내용을 달리하는 것이고, 기출문제와도 다른 합의입니다. 상대적 풀이가 적절하다고 여겨지나, 사견으로는 합의의 내용만으로 충분히 무효심판의 이해관계가 소멸했다고 여겨지는군요. 열공하세요~", ,,25.09.29
특허법,문제,132의17,[132의17] 객관식 240p 2번 질문,안녕하세요 해당 지문에서 심판관이 발견한 새로운 거절이유가 보정각하된 보정에 의해서 발생하였다면 63조1항단서 규정에 의해 의견제출기회를 주지 않고 보정각하결정이 위법하지 않다고 판단함으로써 바로 기각심결을 내릴수는 있지 않나 싶어 질문드립니다. 그리고 특허청이 지식재산처로 승격된다는 기사를 봤는데 시험과는 무관할까요? 호기심에 질문드립니다,"1. 거절결정불복심판에서는 이미 거절결정이 된 상태이므로 또 다시 거절결정을 할 수 없습니다. 조문으로 설명드리면, 제170조제1항에서 제66조를 준용하나 제62조를 준용하지는 않습니다. 2. 네, 무관합니다", ,,25.10.01
특허법,문제,136조,[136조] 심결취소소송이 대법원 상고 중 정정심판이 인용됐을 경우,"안녕하세요 변리사님! 2016후2522 전원합의체 판결에 의하면 심결취소소송이 대법원에 계속 중일 때 정정심판이 인용됐을 경우 법령위반이 아니면 기각심결이 된다고 공부하였는데요 1. 대법원에 계속 중일 때 정정심판 인용이라는 사정변경이 생겨 소의 이익이 존재할지라도 정정심판을 고려하지 않고 취소소송에 기각심결을 내리는 것인가요? 2. 만약에 법령 위반일 경우 심판원까지 파기환송되면 정정심판의 소급효가 인정되어 정정 후 명도로 판단하게 되는 것일텐데, 그렇다면 특허권자 입장에서는 대법원 상고 시에 법령 위반이 되는 케이스가, 바로 기각심결 당하는 법령 위반이 아닌 케이스보다 더 이익이 되는 것인가요? 3. 정정심판을 고려하지 않고도 취소소송 자체에서 인용심결을 받는다면 다시 특허법원으로 파기환송될 가능성이 있는 것인가요? 감사합니다!",1. 사정변경에 해당하지 않습니다. 2. 네 3. 대법원은 법률심이므로 취소소송에 인용심결을 받기 위해서는 법령 위반이 있어야 합니다., ,,25.10.03
특허법,조문,141조,"[141조, 157조, 165조] 직권보정, 증거조사/보전 결정 주체, 심판비용 문제","안녕하세요. 질문드리고자 글을 올립니다. Q1) 141조 5항에서 직권보정 사항을 받아들일 수 없으면 의견서를 제출해야 한다고 되어 있는데 이 조문에는 왜 일부라는 개념이 없나요? 심판절차에서는 무의미한 절차라서 그런 건가요? Q2) 증거조사/보전도 부수적인 심판이라서 합의체가 결정하는 건가요? 심판절차에서 부수적인 '심판'은 '합의체'가 하고, '부수적'인 심판은 '결정'한다고 이해하고 있습니다. 잘 이해하고 있는 건가요? Q3) 리담 객관식에 나온 선지입니다. '공동으로 청구한 무효심판의 기각심결시 심판관이 그 심결로써 공동심판 청구인의 심판비용 부담액 및 부담비율을 정한다.' 해설로는 이해가 충분히 안돼서 기본서를 읽고 다음과 같이 이해했는데 맞게 이해하고 있나요? 1. '심결시(or 결정시)' '심판관'은 직권으로 '심판부담(자)'를 판단함 => 주문만 봐도 누가 부담해야 하는지 알 수 있으므로 2. '심결 or 결정 확정 후' 당사자의 신청에 의해 '심판원장'은 '심판부담액 및 비율'을 결정함 좋은 책 감사드립니다. 항상 건강하시고 행복한 한가위 보내시길 바랍니다.",1. 네 2. 네 3. 네, ,,25.10.05
특허법,조문,135조,[135조] 침해소송 피고의 소극적 권범심,"안녕하세요 변리사님 내용: 침해소송 대항을 받은 실시자는 소극적 권리범위확인심판 청구시 심결시까지 확인대상발명이 실시제품인지 실시예정제품인지 밝혀야한다. 질문: 침해소송 대항을 받지 않았다면 심결시까지 밝히지 않아도 되나요? 내용: 위 청구인이 실시하지 않는 제품(실제A)인데 실시제품(B) 이라고 한 경우, 심판의 대상=A이고 B에대해서 내린 심결은 위법, 심결취소소송에서 실시예정(B)라고 주장 불가능 질문: 실시예정제품B(실시예정아님)라고 한 경우, 심판의 대상 = B이고 B에대해서 내린 심결은 적법, 소송단계에서 심결시 당시 법령 사실상태 기준 실시가능성 없는 것이 증거로 보충된 경우 각하되어야 했으니 위법성 인정됨이 맞나요?",1. 밝혀야 합니다. 2. 네, ,,25.10.10
특허법,조문,135조,[135조] 확인대상특정 7번 문제 1번 선지에 대한 재질문,"강의 교재를 다 참고해서 공부한 후 질문드렸던 것인데, 답변해주신 내용으로는 궁금증이 해소가 되지 않아 사진 한장 더 첨부하여 다시 질문드립니다 제가 앞서 드렸던 질문은 다음과 같습니다 1번선지에서 원칙적으로 확인대상발명의 일부가 불특정되어있거나 확인대상발명 자체가 기재가 되어있는 않은 경우에는 방식위반(140조)으로 보정명령을 내리고 보정에 의해서도 명확히 특정이 되지 않았을 경우에 결정으로 심결을 각하하는 것이 원칙이지만 1번 선지에서는 보정명령 절차에 대한 내용을 생략하고 바로 결정각하한다고 했기 때문에 완벽히 맞다고 하기에는 애매한 ""세모"" 선지로 보면 될까요? ------------------------------------------------------------------------------------------------------------------ 이때 기본서에는 다음과 같이 ""보정을 명하는 등 조치를 취해야하며, 그럼에도 불구하고 해소되지 않았을시 나머지 구성으로 특정된다고 하여도 각하하여야한다"" 라고 돼있습니다 그런데 1번 선지에서 보정을 명해야된다는 언급이 없습니다. 문제 1번과 같은 논리라면 심판청구서에 확인대상발명을 아예 기재하지 않았을시 140조 3항 위반으로 보정을 명해야되고 , 흠결이 치유되지 않으면 심판장은 결정으로 각하해야되는데 ""심판청구서에 확인대상발명이 기재되있지 않을시 심판장은 심판청구를 각하해야한다""라는 선지도 옳게 보아야된다는 결론에 이릅니다 Q <저는 지금껏 ""확인대상발명이 기재돼있지 않거나(140조 3항)구체적으로 특정돼있지 않으면(판례) 보정을 명해야하고 하자가 치유되지 않으면 심판장에 의해 결정각하된다""고 알고 있었습니다. 바로 앞 문장의 명제가 맞아서 7번 1번선지를 애매한 세모 선지로 표시하고 더 나은 정답을 골라야하는건지 , 아니면 앞 문장의 명제가 틀린것인지를 알고 싶습니다. 틀렸다면 무엇이 맞는지 여쭙고 싶습니다> Q 이전의 내용은 서론이며, Q 괄호 속의 질문에 대한 답변 부탁드립니다 바쁘신 와중에 제 질문에 답해주셔서 감사합니다 박준연 드림 저작자 표시컨텐츠변경비영리","완전히 잘못 이해하고 있습니다. 1번 지문은 청구취지로서 특정이 불명확하므로 본안심리하지 않고 각하해야 한다는 것이 요지로서, 옳은 지문입니다. 청구취지로서의 특정과 청구원인으로서 특정에 대한 개념을 알고 이를 구분할 줄 알아야 하는데, 이에 대한 개념이 없이, 단순히 제140조의 방식심리에 관한 내용으로 계속 질문을 하고 있네요. 1번 지문의 사안은 방식심리는 이미 통과하고 그 후의 절차를 말하는 것입니다.","140조 조항(심판청구서 제출)과 청구취지,청구원인에서의 특정을 혼동한 것이 아닙니다 제가 140조를 인용한 이유는 확인대상발명이 기재되었지 않으면 심판장은 보정을 명""해야한다""로 조문에 명시되어있으므로 보정을 명하지 않고 각하하는 것이 틀린 선지'이듯이' 기본서에 확인대상발명이 특정되지 않은 경우 보정 등의 조치를 '해야하고' 보정으로도 하자가 치유되지 않으면 심판장은 심판청구를 각하해야한다라고 표현돼있으므로(기본서 12번째줄) 140조와 같은 논리(보정 등 조치 명'해야한다'이므로 이를 생략할 수는 없다는 논리)(같은 상황x)로 심판장은 보정등의 조치를 명하지 않고 각하를 하는것이 틀린선지가 될 여지가 있지 않는가에 대해서 질문드린거였습니다. 이에 대해서 답변을 부탁드립니다 Q)심판장은 별도의 보정을 명하는 등의 조치를 취하지 않고 바로 심판청구를 각하해도 되는건가요? 질문의 내용을 오해하기 쉽게 작성하여 죄송합니다 바쁘신 와중에 제 질문에 답해주셔서 감사드립니다 박준연 드림","네, 각하해도 됩니다. 문의하고 있는 논리가, ""다른 것과 구별되지 않을 정도로 기재되어 있는 것이, 제141조제1항제1호의 심판청구서 위반이므로 보정명령을 반드시 해야 한다. 그래서 틀린 지문이다.""인데, 그렇지 않다는 것입니다. 제140조제1항제4호의 취지, 이유가 명확히 기재되어 있고, 제140조제3항의 확인대상발명의 설명서 / 도면이 첨부되어 있으면 제141조제1항제1호의 위반을 해소되는 것이고, 그런데 그 내용이 다른 것과 구별되지 않기 때문에 청구취지로서 특정이 미흡하여 <심결각하>한다는 것입니다. 문제의 지문은 틀린 지문이 아니라 옳은 지문입니다. 1번 지문의 판례는 그 내용과 관련된 청구취지로서의 특정에 대한 설명을 하고 있는데, 지문과 상관없는 제140조, 제141조에 대한 관점에서 접근을 하니 이해가 계속 잘 되지 않는 것입니다.",25.10.21
특허법,문제,134조,"[134조] 특허권이 소멸된 후, 존속기간연장등록 무효심판","안녕하세요 리담 객관식2 18판 p302 특허권의 [존속기간연장등록의 무효심판]에 관한 설명 중 옳지 않는 것을 고르는 문제입니다. 2번 지문이 옳지 않은 것인데, '연장등록무효심판은 특허권이 무효로 되어 소멸된 경우에도 청구가 가능하다.' 라고 되어 있습니다. 옳게 하면 >> 연장등록무효심판은 특허권이 무효로 되어 소멸된 경우에는 청구가 불가능 인데, 혹시 존속기간 연장 후, 연장된 존속기간이 진행중에 후발적 무효사유가 존재하여 특허가 무효가 되면, 원래 존속기간 후 / 후발적 무효사유 존재 전 기간동안에 대해서 존속기간연장등록의 무효심판을 청구할 실익이 있어보이는데, 이때도 청구가 불가능한가요?? 감사합니다.",법(제134조)에 규정이 없습니다. 입법불비라고 생각하면 됩니다. 제목이 질문규칙에 맞지 않으니 수정해 주세요., ,,25.11.11
특허법,조문,132의17,[132의17] 거불심 보정각하 불복심리,안녕하세요 변리사님 도해특허법 교재로 넘어와서 공부중인데 거불심 파트에서 심리범위에 최후거절이유통지 보정각하에 대해서만 불복할 수 있다고 되어있습니다. 리담특허법에는 재심사 청구시 보정에대한 각하결정도 불복할 수 있다고 되어있는데 무엇이 맞나요?,재심사청구할 때 보정도 포함됩니다. 도해특허법에 누락되어 있네요., ,,25.11.23
특허법,조문,136조,[136조] 정정심판,"변리사님 안녕하세요, 제136조제2항 정정심판 청구기간에 관하여 질문이 있습니다. 특허취소신청절차가 특허심판원에서 계속중인 경우, 특허권자는 제132조의3 제1항에 따른 정정청구를 할 수 있으므로(방어권부여O) 정정심판청구는 불가능 특허취소신청에 대한 결정에 관한 절차가 특허법원ㆍ대법원에 계속중인경우 특허취소에 관한 결정에 대한 심리범위는 제한설을 따르기 때문에 특허권자에게 방어권을 부여할 필요 없으므로 정정심판청구 불가능 특허에 관한 무효심판(특허무효심판, 정정무효심판)이 특허심판원에 계속중인 경우 특허권자는 제133조의2 제1항에 따른 정정청구를 할 수 있으므로(방어권부여O) 정정심판청구는 불가능 특허에 관한 무효심판(특허무효심판, 정정무효심판)의 심결에 대한 절차가 특허법원ㆍ대법원에 계속중인 경우 심결에 대한 소송의 심리범위는 무제한설을 따르기 때문에 특허권자에게 방어권을 부요할 필요성이 있으므로 정정심판청구 가능 공부하는 과정에서 이렇게 이해하여 정리한 내용인데 혹시 맞게 잘 이해하고 정리한 것인지 혹은 틀린부분이나 부가적으로 같이 알아야 하는 부분이 있다면 알려주시면 감사하겠습니다! 저작자 표시컨텐츠변경비영리",정확히 이해하고 있네요~, ,,25.12.03
특허법,조문,135조,135조] 권리범위확인심판&무효심판 질의,"안녕하세요 변리사님 이해가 잘 가지 않는 부분이 있어, 질의드립니다. 합의의 내용: 1. 권리인정하고 위반되는행위 안하겠다 2. 권리범위 속함 인정한다 특허무효심판: 1의 경우 이해관계 소멸 (무효심판 청구하는 것이 위반되는 행위이므로 합의와 배치됨) 2의 경우 이해관계 불소멸 (위반되는행위 안하기 위해서 권범심으로 내 실시가 너의 권리범위 침범하는지 확인하겠다 의 이익이 있음) 상기 내용이 제가 이해한 바입니다. 문제에서, 특허권자 갑과 그로부터 침해의 고소를 당한 을 사이에 을이 '그 특허권을 인정하고 그 권리에 위반되는 행위 안하겠다' 라는 내용의 약정을 하였다면, 그 약정으로 인하여 을이 무효심판을 청구할 이익이 상실되었다고 보아야한다.(틀림) 해당 지문 틀린 이유가, 제가 위에 기술한 바는 맞는 이해지만, 합의가 있었다고하여 곧바로 이해관계가 소멸하는 것은 아니므로 틀린 지문인 것일까요? 질의 이유는, 다른 문제 지문에서 하기의 내용을 보았고, 심판대상으로 특정한 확인대상발명이 특허권의 권리범위에 속하지 않는다는 점에 관하여 다툼이 없는 경우, 소극적권리범위 확인심판 이익이 없다(맞음) 합의 내용에 따라 이익이 있는지/없는지 로 구별하는 것이라고 생각했는데, [구체적으로는 강의노트 432p 표 부분입니다] '합의가 있더라도 곧바로 그 이익이 소멸하는 것은 아니다' 라는 판시를 보니, 어느 기준으로 문제를 풀어야하는지 혼란스러워 질의글 올리게 되었습니다. 감사합니다.","판례를 있는 그대로 받아들이면서 문제풀이를 해야 하지 않나 생각이 듭니다. 대법원 판례는 권리범위확인심판과 관련된 것인데, 질의하신 1번의 경우 권리범위확인심판의 이해관계를 소멸시키지 않는다는 것이고, 2번의 경우 권리범위확인심판의 이해관계를 소멸시킨다는 것입니다. 그 이외의 나머지 지문들은 일단 절대적 진리로 인정하지 않고, 상대적으로 문제풀이를 하는 것을 추천합니다. 참고로, 관련 리담특허법 추록이 학원 홈페이지에 있으니 참고해 보세요.", ,,25.12.09
특허법,조문,135조,[135조] 권리범위 확인심판,"안녕하세요 변리사님 . 135조 기출문제 관련 질문 드립니다. 확인 대상 발명 특정시, 설명서와 도면이 불일치 할 경우 설명서 기준으로 발명 대상을 특정하고 일치 할 경우 설명서와 도면 일체로 해석하여 확인대상발명을 특정해야 하는 것으로 알고 있습니다. 위 문제 4번 보기는 설명서와 도면이 불일치 할 경우에 대한 판례인데, 불일치 한다는 전제 조건이 없어서 틀린 지문이라 생각했다가 5번이 확실하게 틀려서 답은 맞추긴 했습니다. 상대적으로 풀어야 하는 문제인가요? 아님 제가 잘 못 이해한 부분이 있을까요? 감사합니다!",잘못 이해하고 있습니다. 도면에 의해 설명 부분을 변경 파악한다는 것 자체가 설명 부분과 도면의 불일치를 나타냅니다. 열공하세요~ 답글기능 더보기, ,,26.01.01
특허법,조문,140조,[140조] 심판청구서의 보정가능시기,"안녕하세요 변리사님 심판청구요건의 흠결유무는 심결시를 기준으로 판단하는데 그 근거가 심판청구서의 보정가능 시기가 심결시 까지라서 설명해주시는데,140조랑 다른 법조문을 찾아도 언제까지 보정이 가능하다는 시기적 요건 찾을 수 없어 이렇게 질문을 드립니다. 심판청구서 보정 가능 시기가 왜 심결시 까지인 그 근거가 뭔가요? 저작자 표시컨텐츠변경비영리","판례입니다. 예를 들어, 대법원 2020. 4. 9. 선고 2018후11360 판결에서 ""특허법 제163조는 “이 법에 따른 심판의 심결이 확정되었을 때에는 그 사건에 대해서는 누구든지 동일 사실 및 동일 증거에 의하여 다시 심판을 청구할 수 없다. 다만 확정된 심결이 각하심결인 경우에는 그러하지 아니하다.”라고 확정 심결의 일사부재리 효력을 정하고 있다. 따라서 위 규정을 위반한 심판청구는 누가 청구한 것이든 부적법하여 각하하여야 한다. 심판청구인은 심판청구서를 제출한 후 그 요지를 변경할 수 없으나 청구의 이유를 보정하는 것은 허용된다(특허법 제140조 제2항 참조). 따라서 특허심판원은 <<심판청구 후 심결 시까지 보정된 사실>>과 이에 대한 증거를 모두 고려하여 심결 시를 기준으로 심판청구가 선행 확정 심결과 동일한 사실·증거에 기초한 것이라서 일사부재리 원칙에 위반되는지 여부를 판단하여야 한다. ""라고 판시하고 있습니다. 열공하세요~", ,,26.01.02
특허법,문제,137조,[137조]정정무효심판 관련 질문드립니다.,"안녕하세요. 변리사님 기출 객관식 268p 7번 ㄱ 보기에 관련해서 질문드립니다. ㄱ-특허발명에 대한 정정무효심판청구가 기각되고 난 후 해당 기각 심결의 취소를 구하는 소송이 계속되던 중 그 특허발명 대한 무효심결이 확정되었을 경우, 위 심판의 기각 심결이 관한 소는 부적합하다. ㄱ 보기가 맞다고 나와있는데, 무효심결이 후발적 무효 사유에의해 확정 된 것이면 그 사유 발생 시점부터 소급하여 특허권이 무효가 되는 것이라 정정무효심판의 기각 심결 취소를 구하는 소송이 소의 이익이 있는게 아닌지 궁금합니다. 감사합니다. 저작자 표시컨텐츠변경비영리","후발적 사유로 인해 무효심결이 확정되었을 때는 그 사유가 발생한 날부터 특허권이 장래를 향해 소멸하du 여전히 정정된 특허발명이 존재하기 때문에 소의 이익이 긍정됩니다. 따라서, ㄱ의 무효 절대적으로 옳은 지문은 아닙니다. 열공하세요~ ps) 제목이 질문 규칙에 맞지 않으니 수정해 주세요.", ,,26.01.09
특허법,조문,133조,[133조] 무효심판의 확인의 이익,,, ,,26.01.13
특허법,조문,140조,[140조] 심판 청구서의 보정,"안녕하세요 변리사님. 심판청구서의 보정 가능 시기와 관련하여 궁금한 점이 있습니다. [제136조 11항] 청구인은 심리의 종결이 통지되기 전에 제140조5상에 따른 심판청구서에 첨부된 정정한 명세서 또는 도면에 대하여 보정할 수 있다. [제140조 2항] 제1항에 따라 제출된 심팡청구서의 보정은 그 요지를 변경할 수 없다. 다만, 다음 각 호의 어느 하나에 해당하는 경우에는 그러하지 아니하다. Q1. 25년도 조문강의를 수강하며 140조 2항의 심판청구서 보정 가능 시기가 심결시까지라고 필기를 했습니다. 이와 관련된 근거를 어디에서 찾아야할지 궁금합니다. 조문에 직접적으로 언급이 없는 것 같아 찾지 못했습니다. Q2. 140조2항의 심판청구서의 보정은 심결시까지 가능함에도 136조 정정심판의 청구서에 첨부된 정정한 명세서 또는 도면의 보정은 심리종결통지전까지 가능한 이유가 궁금합니다. Q2-1. 정정심판의 심판청구서에 첨부된 정정한 명세서 또는 도면의 정정인정여부는 불가분적일체로서 일부 인용 또는 일부 기각이 불가하다 알고 있습니다. 이에 대한 근거로 정정한 명세서 또는 도면이 정정심판의 청구 취지를 구성하기 때문이라고 생각했습니다. 이 생각이 맞는지가 궁금합니다. Q2-2. Q2와 Q2-1과 관련하여 정정한 명세서 또는 도면이 심판 청구의 취지를 구성하기 때문에, 청구 이유의 보정에 대한 조문인 140조2항의 심판청구서의 보정의 기간과 차이가 생기는 것인지 궁금합니다. Q3. 이 시기와 관련하여 여러 자료들을 찾아보았습니다. 타 교재에 ‘140조2항에서 청구 이유의 경우에는 요지변경의 제한 없이 심리종결 전까지 보정 가능하며, 이는 무효사유나 공격방어방법, 증거자료 등의 보정을 의미하는 것이다.‘라는 문장을 발견했습니다. ‘심결시까지’와 ‘심리종결 전까지’가 다르다고 알고 있어서 혼란이 왔습니다. 이 경우는 어떤 경우인가요? (타교재 내용 기반 질문 하게된 점 죄송합니다. 관련 자료를 찾다보니 이 상황까지 와버렸습니다..) Q3-1. 심결시와 심리종결시가 같은 건가요? 심결시가 심리종결시의 줄임말인가요? Q3-2. 심결시와 심리종결시가 다른 것이라면 순서가 궁금합니다. 심리종결통지->심리종결시->심결시라고 생각하고 있었습니다.. 맞는지 궁금합니다. Q4. 심결시와 심결확정시는 같은 건가요? Q5. 심결시와 사실심변론종결시는 각각 언제를 말하는 것인지 궁금합니다. ‘심판에서의 판단->심결시, 법원에서의 판단->사실심변론종결시’로 생각하고 있었는데 맞는 것인지 궁금합니다. 심판 관련 시기에 심결시, 심리종결시, 심리종결통지시, 사실심변론종결시 등등.. 너무 많은 기간이 있어서 하나하나 다 용어 자체로 외우고 있습니다. 심결시와 심리종결시와 심리종결통지시가 특히 헷갈려서 쉽게 구분할 방법을 찾고자 질문 남깁니다. 각각 어떤 시기인지 알게되면 암기에 도움이 될 것 같습니다. 질문이 많습니다. 양해 부탁드립니다. 연쇄적인 질문이라고 생각해서 한 글에 담았습니다. 분할할 필요가 있다면 수정하겠습니다. 항상 친절하게 답변해주셔서 공부에 많은 도움이 됩니다. 감사합니다","일단 제목부터 틀렸습니다. 제140조제2항과 제140조의2는 다른 조문입니다. 1. 검색해 보면 아래 동일한 질문이 있습니다. 대법원 2020. 4. 9. 선고 2018후11360 판결의 판시내용입니다. 2. 심판청구서와 첨부서류는 보정시기가 다를 수 있습니다. 첨부서류는 심리의 명확성, 절차의 안정성 등을 위해 보정시기를 더 제한할 수 있는 것입니다. 2-1. 맞습니다. 2-2. 잘못 생각하고 있습니다. 3. 판례에 기반하여 공부하는 것을 추천드립니다. 3-1. 전혀 다른 개념입니다 심리종결하고, 그 통지후 20일 이내 심결합니다. 3-2. 틀렸습니다. 3-1 참조하세요 4. 완전히 다른 개념입니다. 심결하고 그 심결에 대해 불복할 수 있는 기간내 불복하지 않을 때 확정됩니다. 5. 질문의 의미를 모르겠네요. 각각 언제를 말한다는 것이 뭘까요? 추가적인 궁금한 사항이 있으면 다시 질문해 주세요~", ,,26.01.27
특허법,문제,137조,[137조] 정정무효심판,리담특허법 객관식 예상문제집 정정무효심판 2번 옳은 선지를 고르는 문제에서 3번. 정정무효심판은 특허권이 소멸된 후에도 청구할 수 있다. 가 정답으로 표시되어 있습니다. 그런데 4번 선지인 정정무효심판에서 기각심결이 확정되면 누구든지 동일 사실 또는 동일 증거에 의해 동일한무효심판을 청구할 수 없다. 도 맞는 선지인 것 같아 질문드립니다.,동일사실 '또는' 동일증거가 아니라 동일사실 '및' 동일증거인 경우에만 일사부재리가 적용됩니다. 열공하세요~ 답글기능 더보기, ,,26.02.06
특허법,조문,135조,[135조] 권범심에서 구성변경의 용이성 판단시점,"안녕하세요 2022후10210 판례 + 리담 기본서 791p 상단을 보면 특허의 보호범위가 청구범위에 적혀 있는 사항에 의하여 정하여짐에도(특허법 제97조) 위와 같이 청구범위의 구성요소와 침해대상제품 등의 대응구성이 문언적으로 동일하지는 않더라도 서로 균등한 관계에 있는 것으로 평가되는 경우 이를 보호범위에 속하는 것으로 보아 침해를 인정하는 것은, 출원인이 청구범위를 기재하는 데에는 문언상 한계가 있기 마련인데 사소한 변경을 통한 특허 침해 회피 시도를 방치하면 특허권을 실질적으로 보호할 수 없게 되기 때문이다. 위와 같은 균등침해 인정의 취지를 고려하면, 특허발명의 출원 이후 침해 시까지 사이에 공지된 자료라도 구성 변경의 용이성 판단에 이를 참작할 수 있다고 봄이 타당하다. 한편 특허법이 규정하고 있는 권리범위 확인심판은 특허권 침해에 관한 민사소송과 같이 침해금지청구권이나 손해배상청구권의 존부와 같은 분쟁 당사자 사이의 권리관계를 최종적으로 확정하는 절차가 아니고, 그 절차에서의 판단이 침해소송에 기속력을 미치는 것도 아니지만, 당사자 사이의 분쟁을 사전에 예방하거나 조속히 종결시키기 위하여 심결 시를 기준으로 간이하고 신속하게 확인대상 발명이 특허권의 객관적인 효력범위에 포함되는지를 확인하는 목적을 가진 절차이다. 이러한 제도의 취지를 고려하면 권리범위 확인심판에서는 확인대상 발명에 특허발명의 청구범위에 기재된 구성 중 변경된 부분이 있는 경우 심결 시를 기준으로 하여 특허발명의 출원 이후 공지된 자료까지 참작하여 그와 같은 변경이 통상의 기술자라면 누구나 쉽게 생각해 낼 수 있는 정도인지를 판단할 수 있다고 봄이 타당하다. 권범심에서 구성변경의 용이성 판단시점을 심결시까지 공지된 자료라도 이를 참작할 수 있다 나와있는데 이는 사후적고찰이 아닌가요? 침해시와 권범심 심결시 사이에는 시간적 공백이 있을것인데, 권범심에서 판단 자료의 기준시점을 침해시가 아닌 심결시까지 보는 이유가 잘 이해가 안갑니다. 감사합니다",10210 판결은 확인대상발명이 현재 실시하고 있는 발명임은 전제로 판시하고 있는 것입니다. 따라서 침해시라는 의미와 권리범위확인심판의 심결시라는 의미가 동일한 것입니다. 열공하세요~, ,,26.02.06
특허법,조문,,최판 강의노트 465p 청구원인으로서 특정 ＞ 구체적 특정방법 ＞ 두번째 예외,"두번째 예외로 ""발명의 범주가 다른 확인대상발명의 특정""가 이해가 안되어 해당 설명 강의 부분을 찾고자 했으나 결국 못 찾아서 질문드립니다 ""발명의 범주가 다른 확인대상발명의 특정""에 대해서 설명 또는 강의 좌표 알려주시면 감사드리겠습니다 바쁘신 와중에 제 질문에 답해주셔서 감사합니다",기본강의나 판례강의에서 권리범위확인심판 파트 살펴 보세요., ,,26.02.07
특허법,문제,133의2,[133의2조] 특허의 정정청구,안녕하세요. 리담객관식 기출문제 268p 7번 ㄹ에서 '정정청구의 적법여부를 판단하는 특허무효심판이나 그 심결취소소송에서 주된 취지에 있어서 정정의견제출통지서에 기재된 사유와 실질적으로 동일한 사유로 정정청구를 받아들이지 않는 심결을 하거나 그 심결에 대한 취소청구를 기각하는 것은 허용된다.' 라는 선지가 맞는 것으로 표기되어 있는데 '정정심판이 부적법할때는 기각심결을 하고 정정청구가 부적법할때는 별도의 각하결정 없이 심결의 이유란에 정정 불채택이유를 기재하는 것이다' 라고 도해특허법에서 찾아볼 수 있습니다. 내용상 맞는 내용이 되려면 정정심판에 대한 내용이어야 할 것 같은데 선지에 따르면 무효심판 계속중 정정청구에 관한 내용인 것 같아 질문드립니다. 만약 정정청구가 맞다면 심결의 이유란에 적는 것을 심결을 한 것이라고 이해하면 되나요? 감사합니다.,네 그렇습니다~, ,,26.02.14
특허법,조문,139조,139조,"안녕하세요! 변리사님 바쁘신 와중에 답변 늘 감사합니다. 제가 궁금한 것은, 소송파트를 공부하다보니 고유필수적 공동소송과 유사필수적 공동소송 당사자 추가에 대해 헷갈리는 부분이 생겼는데요. 예를 들어서 이해관계인이 A, B이고 특허권자가 C, D 일 때, 무효심판 청구시 이해관계인 A가 특허권자 C를 상대로 심판제기하고 D를 추가하는 것은 요지변경이 아니기에 허용되는 것으로 압니다. 근데 이것을 심판 단계에서 예외로 해석하면 되는건가요? 왜냐하면 소송단계에서는 기출 풀면서 유사필수적 공동소송에서 당사자 추가는 불가한 걸로 정리하였거든요. 그래서 위 사례에서 당사자 중 이해관계인 B를 추가하는 보정은 요지변경이라 불가하고, D를 추가하는 것은 심판단계에서 소송단계와 다른 예외인가 해서 여쭤봅니다.",1. 심판단계에서 D의 추가는 제140조제2항제1호에 의해 예외적으로 허용되는 것입니다. 2. 심판단계에서는 당사자 참가를 하면 되기 때문에 B 추가를 인정할 필요가 없습니다. 열공하세요~, ,,26.02.15
특허법,조문,136조,136조](정정심판),"안녕하세요? 136조10항에서 ""정정의 심결이 확정되었을 때에는 정정 후의 명세서 및 도면에 따라 특허출원, 출원공개, 특허결정 또는 심결 및 특허권의 설정등록이 된 것으로 본다""라고 되어 있는데 혹 최초명세서, 도면에도 소급 적용 된다고 이해 하는게 맞을까요? 감사합니다.","최초 명세서, 도면에 소급된다는 것이 정확히 무엇을 의미하는지 잘 모르겠네요. 참고로, 조문에서 '최초'라는 표현은 소급효가 인정됨에도 불구하고 판단대상이 바꾸지 않는다는 것을 의미한다라고 이해하면 됩니다. 열공하세요~", ,,26.02.21
특허법,조문,164조,제164조(소송과의 관계),"제164조(소송과의 관계) ① 심판장은 심판에서 필요하면 직권 또는 당사자의 신청에 따라 그 심판사건과 관련되는 특허취소신청에 대한 결정 또는 다른 심판의 심결이 확정되거나 소송절차가 완결될 때까지 그 절차를 중지할 수 있다. <개정 2016. 2. 29.> ② 법원은 소송절차에서 필요하면 직권 또는 당사자의 신청에 따라 특허취소신청에 대한 결정이나 특허에 관한 심결이 확정될 때까지 그 소송절차를 중지할 수 있다.<개정 2016. 2. 29.> 안녕하세요? 164조제2항에 관해 궁금한 점이 생겨 문의 드립니다. 1. 2항에서 말하는 법원은 특허법원, 대법원을 모두 포함하는 개념으로 이해 해도 될까요? (앞서 유사 질문드린 분이 있어 확인시 법원이 특허법원, 일반법원을 포함하는 개념인 것은 확인 했는데, 대법원도 포함되는지가 궁금 합니다) 2. 2항에서 법원의 소송절차 중지 가능 사유에 소송은 빠져 있는 것으로 보이는데, (특허취소신청에 대한 결정이나 특허에 관한 심결) 당연히 소송도 포함된다고 봐야 할지? 아니면 빠져 있는 사유가 있는지 궁금 합니다. 감사합니다.","1. 네, 포함합니다. 2. 확정은 심판원에서 될 수 있지만, 법원에서 가셔야 될 수도 있습니다. 따라서 제2항이 문의하신 내용을 포함하는 개념입니다. 열공하세요~", ,,26.03.29
특허법,조문,136조6항,[136조 6항] 정정의견제출 통지,"안녕하세요. 2차생입니다. 판례 공부 중 의문이 생겨 카페에 찾아왔습니다. 1. 거절결정불복심판 기각심결의 심결취소소송에서 지식재산처장은 ""심사, 심판 단계""에서 출원인에게 의견서제출기회를 부여한 바 없는 사유를 주장할 수 없다고 해서 판례 문구만 보더라도, 의견서 제출기회는 '심사, 심판' 단계에서만 부여되는 것임을 알 수 있었습니다. 2. 그런데, 정정심판과 그 심결취소소송 절차에서 심판청구인에게 의견제출 기회 부여해야한다는 판례의 경우, ""정정심판이나 그 심결취소소송에서 정정의견제출통지서를 통하여 심판청구인에게 의견서제출기회 부여한 바 없는 사유를 들어 정정정심판청구를 기각하는 심결을 하거나, 심결취소청구를 기각하는 것은 위법하다."" 고 하는데, 그럼, 정정심판 및 그 심결취소소송절차에서는 136조 6항에 따른 의견서제출기회가 거불심 사건과 달리 심결취소소송 절차에서도 부여 가능하다는 건가요? 감사합니다.","판례 문구를 일부만 발췌하다보니 잘못 이해하고 있네요. 판례 <전문>을 보면 제136조제6항에 관한 설명이고, 제136조제6항은 심판단게에서 정정의 객체적 요건을 만족하지 않을 때 의견제출기회를 준다는 것입니다. 열공하세요~", ,,26.06.26
