과목,분류,대상_식별자,질문_제목,질문_내용,답변,추가질문,재답변,날짜
특허법,조문,55조,[55조]이중우선권주장출원의 등록금지적효력에 대해서,"해당 그림에서 출원 X, Y,Z의 등록금지적효력에 따르면 출원 Z의 경우 등록받을 수 있는 방법이 있나요? 이미 출원 Y가 공개됨으로써 청구항 A와 B는 공지기술의 지위를 가지게 되는데 청구항 B는 우선권 주장으로 인해 소급판단하여 회피가 되지만 A는 그것이 인정되지 않는 것이 55조5항의 내용으로 알고 있습니다 그렇다면 결국 z출원은 국내우선권주장을 했음에도 불구하고 청구항a가 55조5항에 의해 29조1항에 걸려서 거절되는 것인가요? 아니면 제가 국내우선권주장출원에 대해서 곡해하거나 잘못 이해한 부분이 있을까요?","안녕하세요? 임변입니다. 해당 그림에서는 Z의 A가 신규성 위반의 거절이유가 존재합니다. 다만, 항상 그런 것은 아닙니다. 예를 들어 Z출원이 공개(Y) 전에 있는 경우에는 법 제55조제5항에 의해 소급효가 인정되지 않더라도 신규성 위반이 아니게 됩니다. 열공하세요~", ,,17.04.12
특허법,조문,42조,[42조]다항제 기재방법에서 구성요소 특정방법?,"안녕하세요 임병웅 변리사님. 다항재 기재방법 중 시행령 5조 2항(청구항 발명은 적정한 수로 기재)과 5항(택일적 기재) 관련해 질문드립니다. (질문을 자유게시판에 올리는 게 맞는지 모르겠습니다.) 시행령 5조 5항과 관련해 책 367p 각주 289번의 예1에서 청구항1 : A 및 B를 포함하는 장치 청구항2 : 청구항 1에 있어서, C를 더 포함하는 장치 청구항3 : 청구항 2 또는 3에 있어서, D를 더 포함하는 장치 라고 하여 청구항 3 의 경우 ABD 또는 ABCD를 청구범위로 청구하는 것인데 이 경우 동일성과 용이성을 판단할 때 어떤 것을 구성요소로 판단해야 하는지 궁금합니다.","안녕하세요? 임변입니다. ABD, ABCD 둘 다 특허요건을 판단하고, 하나라도 거절이유가 존재하면, 그 청구항에 거절이유가 존재하는 것입니다. 열공하세요~", ,,17.04.20
특허법,조문,54조,[54조]조약우선권주장출원의 객체적 요건에 관하여?,"시험에 별 상관 없을 것 같지만.. 조문을 정독하던 중 생긴 궁금증입니다. 54조에 따른 조약우선권주장출원의 객체적 요건에 관하여 책에서는 우선권주장출원의 청구범위에 기재된 발명이 선출원의 최명도 이내어야 한다고 쓰여있고 각주의 판례 역시 마찬가지인데 어떠한 근거로 범위가 최명도가 되는지 궁금합니다. 대체로 최명도의 범위를 요건으로 하는 조문들은, 예컨대 29조3항 52조 53조 등은 조문에 ""최초로 출원된 명세서 또는 도면에 기재된 발명""으로 명시되어 있고 조약우주와 비슷한 취지의 55조의 국내우주 역시 마찬가지로 명시되어 있습니다. 그런데 조약우주의 객체적 요건이라 할 수 있는 54조1항각호를 보면 ""그 당사국 또는 다른 당사국에 특허출원한 후 동일한 발명을"" 이라고 되어있는데 여기서 특허출원이 최명도의 의미를 내포하는 것인가요? 책을 다시 열어보기 전에는 범위가 선출원의 최명도인지 명도인지 청구범위인지 잠시 헷갈렸습니다. 혹 파리조약에 명시되 있거나 판례에 의하여 범위가 정해진 것인지 궁금합니다. 수험생 입장에선 위험하고 쓸데없는 호기심일지 모르겠지만 답변해 주신다면 대단히 감사하겠습니다.",안녕하세요? 임변입니다. 파리조약 4F와 심사기준(6312면)에 기재되어 있습니다. 열공하세요~, ,,17.05.19
특허법,조문,34조,"[34조,35조] 정당권리자의 보호 청구범위유예에 관하여?",정당권리자 출원이 적법하여 소급효 인정됐는데 청구범위를 적지않아 소급한 무권리자출원일로 부터 1년 2개월 or 제3자의 심사청구 취지 통지받은 날로 부터 3개월일중 빠른날이 지나면 무조건 불수리 되나요? 책에서는 불수리된다라고 써있고 다른 언급이 없어서 구제방법이 없나 궁금합니다.,안녕하세요? 임변입니다. 네. 불수리됩니다. 정당한 권리자는 실체적 진실관계 파악을 해야 하기 때문입니다. 열공하세요~, ,,17.05.23
특허법,문제,34조,34조 정당권리자 30일 이내 출원 기간일 질문입니다.?,"안녕하세요 임병웅 변리사님. 문제(강의 노트 145p)에서 '2019년 5월 10일 무권리자에 의한 출원이라는 이유로 거절 결정이 확정되었다' 라는 문구가 있었고, 이에 정당한 권리자가 출원일 소급을 받기위한 조건인 30일 이내 출원이 언제까지인지를 확인하려고 합니다. 이 때 문제에서 별 말이 없어서, 0시부터 시작한게 아니면 다음날 부터 시작해야 하는 것이 아닌가 하는 생각에 기산일이 5월 11일이 되야 하는게 아닌가 하는 의문이 드는데요, 기산일을 10일, 11일 둘 중에 언제로 잡아야 할 까요 ? 감사합니다. 저작자 표시컨텐츠변경비영리","안녕하세요? 임변입니다. 5월 9일까지 불복할 수 있으면, 5월 10일 오전 0시에 확정되고, 따라서 5월 10일이 초일이자 기산일이 됩니다. 열공하세요~", ,,17.05.27
특허법,조문,54조,"[54조, 55조] 조약우주출원과 국내우주출원의 공개가 언제 이루어지나요?","조약우주나 국내우주나 판단시점이 소급되기 때문에 최선일을 기점으로 1년 6개월 후에 공개되는 것인가요? 아니면 국내우주, 조약우주일로부터 1년 6개월 기산을 하는 건가요? 저작자 표시컨텐츠변경비영리","안녕하세요? 임변입니다. 법 제64조제1항제3호를 그대로 적으면, 다음과 같습니다. ① 특허청장은 다음 각 호의 구분에 따른 날부터 1년 6개월이 지난 후 또는 그 전이라도 특허출원인이 신청한 경우에는 산업통상자원부령으로 정하는 바에 따라 그 특허출원에 관하여 특허공보에 게재하여 출원공개를 하여야 한다. 3. 제54조제1항 또는 제55조제1항에 따른 둘 이상의 우선권 주장을 수반하는 특허출원의 경우: 해당 우선권 주장의 기초가 된 출원일 중 최우선일 열공하세요~", ,,17.06.05
특허법,조문,47조,"[47조, 51조] 보정 및 보정각하 질문 드립니다.?",질문1) 2번 사진에서 원안에 2번 보정이있는 경우의 2)에서 심사절차는 보정이 없는 경우의 심사와 같다라고 되어있는데 이 뜻이 3번 사진으로 보면 일반심사 단계로 돌아간다는 의미인지.. 아니면 재심사단계 진행이 된다 것인가요? 질문2) 만약 재심사 단계로 넘어가는 것이 아니라면 3번 사진의 재심사청구 단계는 언제 진행되는 지 궁금합니다.,"안녕하세요? 임변입니다. 1. 심사절차는 1) 원거절이유가 있는지 여부, 2) 새로운 거절이유가 발견되었는지 여부, 3) 언제 발생했는지 여부에 따라 진행된다는 의미이고, 3번 그림과 관련이 없습니다. 2. 재심사단계까지 아직 강의를 듣지 않은 것 같네요. 조금 더 듣다 보면 나중에 배우게 됩니다. 열공하세요~", ,,17.06.05
특허법,조문,51조,51조 보정각하 관련- 보정에 따라 발생한 새로운 거절이유 관련질문입니다.,아래그림에서의 심사 3에서 1번과 2번을 동시에 발견한경우 심사순서에따라 원거절이유가 해소되지않음을 이유로 거절결정되고 새로운 거절이유를 찾다가 기존의 1번을 발견하는것은 순위에 밀려서 다시한번 최초거절이유통지를 해주지 않는 것으로 이해하면 옳을까요?,"안녕하세요? 임변입니다. 원거절이유가 해소되지 않았다면, 새로운 거절이유가 발견되었는지 여부를 불문하고 거절결정된다고 이해하면 됩니다. 열공하세요~~~", ,,17.06.06
특허법,조문,55조,55조 국내우주의 확선과 관련해서 질문이 있습니다.,"55조 국내우선권주장의 확대된 선출원의 지위 중 선출원이 (지정국으로 한국을 포함하는)국제특허출원이고 국내우주출원이 국내출원일 떄, 국내공개가 이루어져야, 국제공개가 간주되는 이유가 궁금합니다. 일반적으로 국제공개가 먼저 이루어지고 국내공개가 이루어질 듯 한데. 선출원인 PCT출원이 취하간주 되었기 때문에 실제로 국제공개가 이루어져도 국내엔 아무런 영향을 미치지 못하기 때문인가요? 저작자 표시컨텐츠변경비영리","안녕하세요? 임변입니다. 질문이 모호하네요. 후출원의 확대된 선출원의 지위를 물어보는 것이라면, 국내공개는 후출원의 공개를 말하고, 국제공개는 선출원의 공개를 말하는 것입니다. 제대로 답변이 안 되었으면 조금 구체적으로 질문을 해주세요~", ,,17.06.07
특허법,조문,51조,[51조 3항 괄호] 직권 재심사를 하는 경우 취소된 특허결정 전에 한 각하결정의 의미가 궁금합니다.?,"수업에선 그냥 직권 재심사, 재심사 청구 전의 보정각하에 대해선 거불심과 함께 다툴 수 없다로 배웠습니다. 근데 51조 3항을 잘 살펴보면, 직권 재심사의 경우에는 '취소된 특허 결정 전에 한 각하결정'이라고 되어있습니다. 특허결정과 각하결정은 보통 같이 나오는 것 아닌가요? 그런데 왜 굳이 취소된 특허결정 전에 한 각하결정이라고 되어있는 지 궁금합니다.","안녕하세요? 임변입니다. 특허결정과 각하결정은 보통 같이 나오지 않습니다. 취소결정 전에 각하결정는 취소결정후에 다시 다툴 수 있기 때문에, 거절결정불복심판에서 다툴 수 없도록 제한하고 있는 것입니다. 죄송하지만, 질문을 살펴보면 아직 기본적인 개념이 명확히 잡혀 있지 않은 것 같네요. 열공하세요~", ,,17.06.10
특허법,조문,29조,[29조] 실질적 동일성에 대해서 질문이 있습니다.,"갑이 A+B+C로 구성된 발명을 출원해서 실시중이고, 을이 A+B+C+D로 구성된 발명을 출원해서 실시중이고 을의 출원이 먼저 이루어진 경우, 갑이 특허를 받을 가능성에 대해 책에는 을의 공개 전이라면 확선과 선출원주의 위반이라고 하는데 다른 조건이 없고 주어진 상황에서, A+B+C+D와 A+B+C 간에 실질적 동일성이 인정된다면, 실질적 동일성의 의미가 궁금합니다. 단순히 을의 출원이 구성상 갑의 출원을 모두 갖고 있는 게 실질적 동일성인가요?",안녕하세요? 임변입니다. 말씀하신 사례는 부분적 일치를 말합니다. 하위개념이 선출원(공지)이고 상위개념이 후출원일 때 동일성이 있다는 것입니다. 제가 신규성 파트에서 자전거 CASE를 가지고 설명한 부분 한 번 찾아 보세요. 열공하세요~, ,,17.06.12
특허법,조문,30조,[30조]강의 노트 130쪽 공지예외적용사유가 아닌 공지가 있는 경우 질문드립니다.?,"안녕하세요 임병웅 변리사님. 30조 강의노트 130쪽에 관해 문의드릴게 있어 이렇게 질문을 드립니다. 위의 설명 부분에 따르면, '해당공지가 있는 날과 특허 출원일 사이에 특허 출원발명과 동일한 발명에 대해 공지 예외 적용 사유가 아닌 공지가 있는 경우~' 라고 된 것으로 보아 아래 그림에서 을 A 공연 실시가 공지 예외 적용 사유가 아닌 것 같은데요, 그렇다면 을의 A 공연 실시를 갑의 A 간행물 발표와 갑의 공지 예외 적용 주장 특허 출원 사이로 옮겨야 하는 것인지요 ? 감사합니다.","안녕하세요? 임변입니다. 말씀하신 것처럼 설명부분과 일치하려면 갑의 A 간행물 발표 이후로 을의 A 공연실시를 재배치해야 할 것 같네요. 다만, 그림상의 내용이 틀린 내용은 아닙니다. 열공하세요~","감사합니다 변리사님. 그럼 혹시, 위의 그림의 경우 을이 A 공연 실시를 먼저 했기 때문에 갑은 을의 A 공연실시보다 늦은 시기에 발표한 자신의 간행물 발표 시점으로도 소급이 불가능한 것인지요 ?","잘못 이해하고 있는 것 같네요. 공지예외적용주장은 공지 등이 되지 않은 것으로 보는 것이며, 출원일이 소급되는 것은 아닙니다.",17.06.14
특허법,조문,47조,"[47,51 ] 보정 각하 예외 질문드립니다.","안녕하세요. 임병웅 변리사님. 항상 친절하게 답변해주셔서 정말로 감사드립니다. 여쭙고 싶은 내용은 아래와 같습니다. (1) 먼저 직권보정전 부적합 보정이 특허 결정 취소 후 발견된 경우입니다. 3,4 번은 최후거절인 것이 이해가 되는데 2번의 경우 보정3에서 충분히 수정이 가능했을 텐데도 보정각하가 아닌 최후거절인 이유는 심사 3당시 심사관이 발견하지 못했기 때문인지요 ? (2) 이 경우 역시 유사합니다. 1 3 4 번은 최초 거절인 것이 이해가 되는데, 2번이 발견된 경우 분명히 보정3에서 수정을 할 수 있었음 에도 최초 거절을 주는 이유는 해당 내용을 심사 3 수행시 발견하지 못한 심사관 잘못도 있기 때문인 것인지요 ? (3) 사실 가장 이해가 안되는 부분이 '재심사 청구 전에 한 부적법한 보정이 재심사 청구중 발견된 경우입니다. 위의 (1), (2)번의 경우 약간 애매한 부분이 있으나 최후, 최초 일괄적용인 것을 고려하면 어느정도 이해가 되는데 재 여기서는 2번 사유가 재심사 4에서 발견되었을 때 특허 거절 결정을 받습니다. 착오로 거절 결정을 한 것으로 보아, 보정3에서 문제가 없었던 부분을 문제삼아 거절결정이 되었고 재심사청구를 할 때 예외 적용에 따라 사유 4가 최후 거절, 사유1이 발견되면 최초 거절인 것은 이해가 됩니다만 사유2가 재심사 당시 발견될 경우 거절 결정인 것은 (1), (2)번의 2번 사유가 발견시 최초나 최후 거절결정인 것과는 달라서 질문을 드립니다. 이는 위의 경우와 달리 보정4에서 2번 문제사유가 발견되었다는 것은 보정2가 2번 사유의 문제가 있음을 출원인에게 알렸고, 재심사시에 보정할 기회가 있었으나 보정하지 않았기 때문에 거절사유가 되는 것인지요 ? 감사합니다.","안녕하세요? 임변입니다. 1. 특허결정을 취소하지마자 바로 거절결정을 한다는 것은 심사관의 직권보정사항을 무조건 받아들이라는 의미와 같기 때문에 굉장히 제한적인 사유(직권보정사항이고 이미 거절이유통지)에 대해서만 거절결정을 할 수 있도록 하고 있습니다. 2. 1번과 취지가 유사합니다. 특허결정을 취소하자마자 바로 거절결정하는 것은 출원인의 특허청에 대한 행정처분 신뢰성을 심히 저해시키는 결과가 되기 때문입니다. 3. 특허결정을 취소한 것은 아니고 거절결정이 내려진 상태에서 다시 심사를 한 것이기 때문에 1, 2번과 다르고, 2번 사유에 대해서는 이미 출원인에게 실질적인 대응기회를 주었기 때문입니다. 열공하세요", ,,17.06.15
특허법,조문,54조,[54조7항]조약우선권주장의 보정 또는 추가,"[54조 7항]적법한 조약우선권주장출원 계속 중, 추가 될 기초출원일을 고려하여 최선일로부터 1년 이내에 출원된 경우, 최선일로부터 1년 4월 이내에 우선권 주장의 추가가 가능하며(54조7항), 추가될 출원도 최선성,정규성 등의 요건을 만족해야 한다. 라고 되어있습니다. 조약우주의 추가가 궁금합니다. 정확히는 1년4월이라는 기간때문에 그런데요 예를 들어 ""甲이 미국 A,B발명을 X출원하고 이를 기초출원으로 한국에 1년이내 A발명에 대해 조약우주출원 Y을 하였다. 그 후 甲이 B에대해서도 조약우주를 이용하고싶어 최선일에 해당하는 X출원을 기준으로 1년 3월에 해당하는 날에 조약우주의 추가를 하였다."" 라고 할때 B발명에 대해 조약우주의 추가를 한것은 Y출원이 다른요건은 모두 만족하였다고 했을때 최선일로부터 1년4월이내이므로 조약우주추가가 가능한건가요? 만약 가능하다고 했을때, 본래 조약우주가 타국출원 최선일로부터 1년이내에 한국에 출원하면 그것에 대해 출원인을 보호해주다겠다는건데 조약우선권주장 추가를 통해 B발명에 대해 우선권주장가능 기간이 1년4월로 연장되어 오히려 제3자에게 불측의 손해를 주는게 아닌가 싶어서 제가 앞에 든 예시가 맞는지 궁금합니다.","안녕하세요? 임변입니다. 말씀하신 내용은 조약우선권주장의 추가가 아니라 새로운 발명의 추가이고, 법 제47조제2항의 신규사항 추가가 됩니다. 조약우선권주장의 추가라는 것은 말 그대로 주장을 하지 않았던 것을 새로 한다는 것이지, 발명을 기재하지 않았던 것을 새로 기재한다는 것은 아닙니다. 열공하세요~", ,,17.06.21
특허법,조문,54조,[54조]조악우선권주장출원의 주체적요건에 관해서 질문 드립니다.,"안녕하세요 수업 너무 잘듣고있습니다. 꼼꼼하게 설명해주셔서 복습하기 너무 편한것 같습니다.늘 감사드립니다. 다름이 아니라 조약우선권주장출원에서 주체적 요건중 출원인의 동일성 부분에서 ""우선권주장출원인은 선출원의 출원인과 동일인이거나 정당승계인이어야 한다."" 라고 되어있는데 이게 분할출원이나 변경출원의 주체적 요건인 ""분할출원인은 원출원의 출원인 또는 그 승계인과 동일인이어야 한다."" 와 어떻게 다른지 설명해주실 수 있으신가요? 전자는 출원인 변경신고를 하지않아도 되지만 후자는 출원인 변경신고를 해야한다로 이해했는데 이게 맞나요?","안녕하세요? 임변입니다. 전자는 우선권주장출원할 때 선출원인과 동일인이지 않아도 된다는 것이고, 후자는 분할출원할 때 원출원인과 동일인이어야 한다는 것입니다. 전자의 경우 우선권의 독립성으로 인해 승계인이 우선권주장출원을 할 수 있기 때문입니다. 열공하세요~",아 감사합니다. 그러면 '우선권주장출원인은 선출원의 출원인과 동일인이거나 정당승계인이어야 한다' 에서 정당승계인은 우선권의 승계인을 말하는 것이고 1국 출원의 승계인을 말하는 것은 아닌게 되는건가요?,네 맞습니다,17.06.27
특허법,조문,54조,[54조5항]최우선일에 관해서 질문드립니다.?,"임병웅 변리사님 54조 5항에 대해서 공부하다가 의문점이 생겨서 질문드립니다. 먼저, 외국출원(x)후 한국출원(y)후 한국출원(z)를 할때, 한국출원(z)시 x기초 조약우주, y기초 국내우주 할 때에는 x출원으로부터 1년내 출원 x출원으로부터 1년 4개월 내 증명서류제출 해야한다는 부분에 대해서는 이해가 가는데요 한국출원(x)후 외국출원(y)후 한국출원(z)를 할때, 한국출원(z)시 x기초 국내우주, y기초 조약우주 할 때에는 x출원으로부터 1년내 출원까지는 이해가 가는데, 왜 증명서류 제출 기간이 x출원으로부터 1년 4개월을 만족해야하는지 이해가 가지 않습니다. 한국출원(z)시 국내우주와 조약우주를 함께 주장하려면 x출원으로부터 증명서류를 1년 4개월내에 제출해야하고 만약 한국출원 (x)로부터 1년 4개월이 넘었다면 별도의 한국출원 (w)를 하고 외국출원(y)에대해서만 조약우주를 하고 증명서류를 제출할 수 있다는 말인가요? 그러니까 출원인이 하나의 출원으로 국내우주와 조약우주를 주장하고 싶을때만 최우선일로부터 1년 4개월을 만족하면 되는건가요?",안녕하세요? 임변입니다. 질문하신 사항이 맞습니다. 복합우선권주장을 하는 경우 최우선일이 결정되면 그 날로부터 1년 4월 이내 증명서류를 제출하라는 의미입니다. 열공하세요~, ,,17.06.29
특허법,조문,36조,[36] 선원 지위 질문?,특허출원이 아닌 특허ㄱ ㅏ 등록후 무효가 되었을 때는(소급적 무효) 1.선원 지위와 2. 확대된 선출원 지위가 어떻게 처리 되나요? 그것들도 소급하여 소멸하나요? 저작자 표시컨텐츠변경비영리,"안녕하세요? 임변입니다. 선출원의 지위는 없다는 것이 판례이고, 확대된 선출원의 지위는 이미 출원공개 또는 등록공고된 상태이기 때문에 그대로 유지가 됩니다. 확대된 선출원의 지위가 있는지 여부는 출원공개 또는 등록공고되었느냐를 기준으로 판단하면 됩니다. 열공하세요~", ,,17.07.01
특허법,조문,47조,[47] 보정 시 청구범위 제한 관련하여 교재 내용에 대해 질문드립니다??사진첨부,"426페이지 (4) 2)에서 최초거절이유통지를 극복하기 위해 보정하는 경우 청구범위에 대해 제한이 있다는 것처럼 보여지는데, 최후거절이유통지를 극복하기 위한 보정과 재심사청구시 보정에 청구범위 제한 47조 3항이 적용되는 것으로 이해하고 있어 (4)2)내용에 의문이 들어 질문드립니다.","안녕하세요? 임변입니다. 사안은 최초거절이유통지에 대응한 보정이 신규사항추가로 최후거절이유(법 제47조제1항제2호)가 통지된 경우 신규사항추가전의 상태로 되돌아가면서 보정하는 경우 (이 때 보정은 최초거절이유통지를 해결하는 방향으로 이루어집니다), 법 제47조제3항제1호 내지 제3호의 요건을 충족하여야 한다는 것입니다. 즉, 법 제47조제1항제2호의 시기에 보정시 법 제47조제3항제4호를 충족해야 한다는 것을 설명하고 있습니다. 질문수정해 주셔서 감사합니다.^^ 열공하세요~", ,,17.07.01
특허법,조문,54조,"54조(조약 우선권 주장),55조(국내 우선권 주장)에 관해서 질문이있습니다.?","이지 특허법(16판)p479,p480,p485 조약우선권 주장에서 상실과 무효의 차이점 1.우선권 주장 증명서류를 최우선일로부터 1년 4개월 이내에 제출하지 아니하면 해당 우선권주장은 효력이 상실한다.->여기서 ‘상실’의 의미는 추후에 우선권 주장을 보정은 할 수 있다는 뜻인가요? 2.특허청장 또는 심판원장은 심사,심판을 위하여 필요한 경우 우선권증명서류에 대한 국어번엳문을 제출하도록 명할 수 있으며, 제출명령을 받은 자가 지정된 기간에 국어 번역문을 제출하지 아니하면 해당 ‘우선권주장’을 무효로 할 수 있다->여기서 ‘무효’의 의미는 추후에 우선권 주장을 보정 할 수 없다는 뜻인가요? 3.근본적으로 상실과 무효의 차이점이 무엇인가요? 4.우선권 효력을 받기 위해서는 우선 기간내(1년)에 우선권을 주장해야하는데, 국내법에서는 '우선권 주장'을 출원할때 해야한다고 규정하고있습니다. 만약 조약 우선권만을 주장한 상태라면 추후 우선권 보정가능 기간내에, 출원시에 국내 우선권 주장을 따로 하지 않은 경우에도 국내 우선권을 주장이 가능한지요? p.s.저의 질문내용이 시험 경향과 상관이없는 부분이라면 지적해주시면 감사하겠습니다.","안녕하세요? 임변입니다. 1. 우선권주장의 효과가 발생하지 않는다. 즉 판단시점의 소급효가 인정되지 않는다는 것입니다. 2. 방식심사에서 그 절차를 무효로 한다는 의미입니다. 3. 효과는 판단시점의 소급효가 인정되지 않는다는 점에서 같으나, 중간에 행정처분을 하는지 여부(불복의 대상에도 차이가 발생)에 차이가 있습니다. 4. 법 제54조제7항의 요건을 만족하지 않아서 불가능합니다. 열공하세요~", ,,17.07.02
특허법,조문,54조,[54조] 우선권주장의 보정 또는 추가??사진첨부,"임병웅 변리사님께 안녕하세요. 인터넷 강의로 기본강의 수강하고 있는 학생입니다. 우선권주장의 보정 또는 추가에서 우선기간만족 요건이 헷갈려서 질문드립니다. 우선권주장의 보정 또는 추가(제54조7항)과 관련하여 강의 노트 p188에 수록된 아래 그림에서, X기초 우선권주장을 추가하는 시점이 X출원일로부터는 1년이 지난 시점인데, 이 때 X기초 우선권주장의 추가가 가능한 것인지요? 우선기간 1년의 요건은 그림에서 Z출원시를 기준으로 판단하는 것이고, X기초 우선권주장을 추가하는 시점은 X출원 후 1년이 경과하더라도 최우선일로부터 1년 4개월을 만족하면 되는 것인지요? 감사합니다.","안녕하세요? 임변입니다. 1년의 우선기간이란 제2국에 ""출원""할 수 있는 기간이고, 따라서 ""Z출원""한 날이 X출원일로분터 1년 이내에 되는 것입니다. 한편, 우선권주장의 보정 또는 추가기간은 말씀하신 것처럼 법 제54조제7항에 최우선일로부터 1년 4월이라고 명시되어 있습니다. 열공하세요~", ,,17.07.04
특허법,조문,42조,[42조] 다항제 기재방법 중 다중청구항을 다중청구항으로의 인용 불가 관련 질문 드립니다.?,"안녕하세요? 변리사님. 다중청구항을 다중청구항으로의 인용 불가 관련 질문 드립니다. 각주 289 중 예2의 청구항 4와 청구항 6에 관한 질문입니다. A. 각주 289의 본문에는 예2의 청구항 4에 대하여 ""청구항 제3항만 인용하고 있다고 하더라도 제3항이 둘 이상의 청구항을 인용하고 있어서, 실질적으로 둘 이상의 항을 인용하는 경우와 같으므로 제5항에 대하여 특허법 제42조제8항 위반으로 거절이유를 통지한다. 한편, 특허법시행령 제5조제6항은 (...) 하나의 청구항만을 인용한 청구항에 대해서는 적용할 수 없다."" B. 각주 289의 본문에서 예2의 청구항 6에 대해서는 ""둘 이상의 항을 인용하는 청구항이 아니므로 특허법시행령 제5조제6항의 위반으로 되지는 아니한다."" 1. 제가 판단하기에 청구항 4와 청구항 6은 하나의 청구항을 인용하나 그 인용되는 청구항이 2 이상의 항을 포함하고 있어 유사해보입니다. 이런 상황에서는 두 경우 모두 시행령제5조제6항의 위반은 되지 않는 것으로 이해하였습니다.(하나의 청구항만 인용하였으므로) 2. A. 내용 중 ""실질적으로 둘 이상의 항을 인용하는 경우와 같아 청구항 5에 대해 제42조제8항 위반으로 거절이유를 통지""한다고 하였는데 그러면 청구항 4와 6에 대해서는 ""실질적으로 둘 이상의 항을 인용하는 경우와 같아"" 거절이유를 통지해야 하는지 아니면 1.에서와 같이 시행령 제5조제6항의 위반이 되지 않아 거절이유 없는 것으로 보고 심사 진행되는 것인지 궁금합니다. 강의 때도 이 부분을 질문 많이한다고 하셨는데 저도 궁금해서 이렇게 질문을 드립니다. 바쁘시겠지만 답변해주시면 정말 감사하겟습니다! 저작자 표시컨텐츠변경비영리",안녕하세요? 임변입니다. 다음의 시행령 제5조제6항 그대로 문리적인 해석을 하면 됩니다. ⑥ <2 이상의 항을 인용한 청구항>에서 그 청구항의 인용된 항은 다시 2 이상의 항을 인용하는 방식을 사용하여서는 아니 된다. <2 이상의 항을 인용한 청구항>에서 그 청구항의 인용된 항이 다시 하나의 항을 인용한 후에 그 하나의 항이 결과적으로 2 이상의 항을 인용하는 방식에 대하여도 또한 같다. 청구항 4와 청구항 6은 시행령 제5조 제6항의 <2 이상의 항을 인용한 청구항>의 전제조건을 충족하지 못합니다. 따라서 시행령 제5조 제6항 위반이라고 할 수 없습니다. 열공하세요~, ,,17.07.06
특허법,조문,34조,"[34조,35조] 심사청구의특례?댓글수4","강의노트 P138 하단에 심사청구기간에 따르면 정당권리자의 특허출원이 무권리자 특허출원으로부터 3년(일반적인 심사청구기간)이 지난후에는 늦은 30일까지라고 되어있습니다. 그런데 34조와 35조의 시기적 요건은 거절결정확정, 무효심결확정 후 30일 이내 인데 무권리자의 특허출원으로부터 3년(일반적인 심사청구기간)이 지나면 정당권리자는 34,35 조와 관계없이 일반적인 심사청구기간 3년이 주어져야 하는게 아닌가? 하는 의문이 듭니다. 요약 : 강의노트 P138 하단 심사청구기간 그림의 3번은 34,35조에 해당되지 않으므로 일반적인 심사청구기간이 주어져야하는게 아닌가요?","안녕하세요? 임변입니다. 정당한 권리자의 출원일이 무권리자의 출원일로 소급효가 인정되기 때문에 심사청구기간이 무권리자의 출원일로부터 3년이 되는 것이고, 심사청구를 할 수 없는 불상사가 발생할 수도 있기 때문에 정당한 권리자의 출원일로부터 30일을 더 주는 것입니다. 열공하세요~", ,,17.07.10
특허법,조문,30조,30조 공지예외주장기간을 지난후의 무효심판이청구된경우?,발명자 갑이 있고 갑의 의사에 반하여 갑의 발명이 공지가 된 경우에 진보성 신규성위반의 무효사유가 발생하엿으나 공지예외주장을 하지 않았고 심사단계에서는 착오 등록되었다고 할때 나중에 무효심판이 청구된 경우에는 갑이 취할수 있는 방어액션이 어떻게 되는지 궁금합니다.,"안녕하세요? 임변입니다. 공지된 날로부터 1년 이내에 출원하였다면, 등록후에도 의사에 반한 공지 주장이 가능합니다. 열공하세요~",무권리자의 출원에 대한 거절결정과 무효심판이 일반적인 심사청구기간 후에 확정되었을 때 30일 이내로 정당권리자가 출원하면 정당권리자의 출원일이 무권리자의 출원일로 소급이 되니 그때는 이미 일반적인 심사청구기간이 지났기 때문에 30일을 더 준다 라고 이해하면 맞나요??,네 맞습니다,17.07.10
특허법,조문,36조,[36조](선출원의 지위)-무효와 포기의 효과?,"안녕하세요 임변리사님 수강생 leo입니다. 많이 바쁘실텐데 거두절미하고 바로 본론으로 들어가겠습니다. 질문의 요지는 제게 학습된 지식의 확인과 더불어 교재의 흠결여부를 감히 여쭙고자 함입니다. (교재 p.255 표2-3, 강의노트 p.72) 일단 제가 잘 이해하였는지 확인부터 받는 식으로 질문드리겠습니다. 즉 [선출원의 지위 존속 여부에 대한 무효와 포기의 효과]를 제가 한번 설명해보도록 하겠습니다만, 선출원의 지위에 대한 기본개념 설명은 생략하도록 하겠습니다.(기본개념 숙지여부는 아래 설명에서 잘 판단하시리라 믿습니다) 1. 우선 출원발명과 특허발명은 무효심결이 확정된 순간 특허권 및 그 출원 자체를 소급무효 시키기 때문에 선출원의 지위도 그에 따라 소급무효 되는 것으로 이해하였습니다. 즉, 선출원의 지위에 있어서 무효의 효과는 출원무효나 특허무효 간 큰 차이가 없어보입니다. 그러나 포기 행위에 있어서는 조금 해석이 다르다고 배웠는데요, 포기 행위의 시기로 봤을 때, 설정등록 전 포기행위는 출원포기에 해당하며 소급하여 출원 자체가 없던 것이 되므로 선출원의 지위도 그에 따라 소급하여 소멸된다고 보는 반면, 설정등록 후 포기행위는 특허를 포기하는 행위이고 소급효가 아닌 장래무효이며 따라서 출원은 살아있기 때문에, 선출원의 지위도 그에 따라 존속해있는 것으로 보고, 강의노트p.72에도 그렇게 해석하는 것이 맞는 것으로 이해하였습니다. 그렇다면 여쭙고 싶은 것은, 교재p.255 표2-3에서 ""판단/기준/객체적/무효.취하.포기.특허거절결정확정""의 효과가 왜 모두 ""선출원의 지위 불인정""으로 동일한 효력이 있다고 하는 것이며, 예외규정도 왜 협의불성립의 경우만 명시되어있는지, 설정등록 이후 포기에 대한 것도 명시해야하는 것은 아닌지, 즉, 이부분의 표에 보충설명이 더 필요한 부분인 것으로 감히 사료됩니다만, 제 지식이 짧았다면 너무나 죄송스러운 마음일 것 같습니다..(빈깡통이 요란한 것으로 봐주세요..) 혹은 제 생각이 맞다면 임변리사님 덕분에 꼼꼼하게 공부하는 것 같아서 스스로 뿌듯할 따름일 것입니다..(..!) 2. 두번째로 질문드릴 것은 사실 수업시간에 명확히 배우진 않았지만, 그래도 배운 내용 하에서 충분히 질문할 수 있는 내용이라 여쭤봅니다. 주제는 [확대된 선출원의 지위 존속 여부에 대한 무효와 포기의 효과]인데요, 앞의 내용들을 종합적으로 유추 적용하여 간단하게 이해한 바로는 소급효가 인정되는 무효심결 및 출원포기행위는 출원 자체가 없던 것으로 간주되므로 확선위도 그에 따라 (즉, 교재p.249확선위-3.시기적기준(1)""그 특허출원일 전에 다른 출원이 있을 것""에 위반되어) 소급하여 소멸되는 반면, 장래무효의 특허포기의 경우 출원공개.등록공고 이후에 확선위가 소멸될 뿐 특허를 포기한다해서 확선위가 소멸될 법률상 근거가 없는 것으로 파악되므로 역시 존속하는 것으로 이해했습니다. 물론 이부분은 배우지 않았던 내용이어서 제가 임변리사님께 제대로 설명을 듣게될지도 잘 모르겠지만 맞다 틀리다 정도면 말씀해주시면 감사드리겠습니다ㅠ 질문 읽어주셔서 감사드립니다. 주말에 뵙겠습니다.","안녕하세요? 임변입니다. 1. 법조문을 기준으로 그 내용을 전달해야 하는데, 출원의 무효, 취하, 포기, 거절결정확정은 그 의미가 법 제36조제4항에 기술되어 있어 명확하나, 특허의 무효와 포기는 법조문에 명시되어 있지 않습니다. 현재 판례가 그렇게 특허의 무효는 선출원의 지위 불인정, 특허의 포기는 인정하나 특허의 무효는 해석의 논란이 있습니다. 2. 확선의 지위는 오직 출원공개 또는 등록공고 되었는지 여부에 따라 좌우되는 것이기 때문에, 출원의 무효, 취하나 특허권의 포기가 되었더라고 출원공개 또는 등록공고되었다면 확선의 지위가 인정됩니다. 현재 실강을 듣고 계시면 실강에서 질문하는 것이 더 도움이 될 겁니다~", ,,17.07.12
특허법,조문,45조,[45조] 판단방법 질문드려요.,안녕하세요 변리사님^^ 49회 2차 기출문제 1번에 소설문 1번에서 갑의 출원 단일성 판단할 때요. 청구항 1은 물질 x 청구항 2는 물질 x를 관절염 치료에 이용하는 발명 y 인 상태에서 갑은 조약우선권주장해서 청구항1만 을의 공지 전으로 판단시점 소급하고 청구항2는 한국출원일을 기준으로 판단 하잖아요. 그럼 청구항2의 판단시점이 을의 공지 후 이니까 청구항2의 선행기술에 비해 개선된 기술적 특징이 <물질X>가 아닌 <'관절염 치료에 이용'>이 되니까 청구항 1과 청구항 2는 45조 단일성 요건 만족하지 않는 것 아닌가요? 미리 감사드립니다~^^,"안녕하세요? 임변입니다. 물질 x가 청구항 1에서는 기술적 특징인데, 청구항 2에서는 기술적 특징이 아니라고 해석하는 것은 문제가 있어 보입니다. 또한, 말씀하신 것처럼 해석한다면 선출원(A)이 있고, 그 내용(A)이 공지가 되었을 때 새로운 내용(A+B)을 추가하면서 우선권주장을 할 수없다는 의미힌데, 너무 출원인에게 가혹한 것 같습니다. 정리하면, 선출원의 A가 기술적 특징으로 인정된다면, 새로 추가된 발명 A+B도 A를 기술적 특징으로 인정해 주는 것이 바람직합니다. 열공하세요~",답변 감사드려요~~ 그런데 미국출원 물질x와 갑의 국내출원 청구항2의 의약용도발명(x+y)은 동일성이 인정되지 않으니까 원래 우선권주장 효과 인정되지 않는거 아닌가요? 해설해 주실 때도 청구항1은 판단시점 소급하고 청구항2는 국내출원일기준으로 판단한다고 말씀해주셨는데 청구항2도 판단시점 소급하는건가요??,"말씀하신 것처럼, 청구항 2는 동일성이 없어서 소급효가 인정되지 않습니다. 다시 부언해보면, 법 제45조의 취지가 심사 효율성의 도모에 있고, 너무 엄격히 적용하지 않고 있다는 점을 고려해서 생각해보면 될 것 같습니다.",17.07.13
특허법,조문,55조,55조7항에따른 국내우주추가시 56조의 취하간주시기.,55조7항에 따라서 최선출원일로부터 1년4개월 내에 국내우주를 추가할수 있다고 배웠는데 만약 1년 3개월이 지난후에 추가된 경우에는 그 국내우주기초출원은 어떤조문에 근거해서 취하간주되나요? 그 시기와 이유가 궁금합니다 56조는 55조1항을 유추적용하는건가요??,"안녕하세요? 임변입니다. 국내우선권주장의 선출원이 되기 때문에, 법 제56조제1항에 의해 취하간주됩니다. 구체적으로, 각각 1년3월이 지난 후 취하간주됩니다. 열공하세요~", ,,17.07.13
특허법,조문,29조,"[29, 55, 216] 국내우주 수반 선출원의 216조 공개에 따른 확대된 선출원 지위?","안녕하세요 임병웅변리사님 질문 있습니다. -사항 기초 출원(A,B,C) 우선권 주장 출원 (B,C,D) 우선권 주장 출원 공개 - 질문 1. 확대된 선출원 주의를 적용함에 있어서 기존에는 A의 경우 확대된 선출원 지위도 없고 공개도 되지 않았는데 이번 216조 개정으로 인하여 출원이 공개 되면 A도 확선의 지위를 가져야 하는 것 아닌가요? 그냥 공지기술의 지위만 있나요?","안녕하세요? 임변입니다. 출원공개 또는 등록공고되지 않았기 때문에, 법 제29조제3항제4항이나 법 제55조제4항의 요건을 충족하지 못합니다. 그 결과 확선의 지위가 인정되지 않습니다. 열공하세요~", ,,17.07.13
특허법,조문,51조,[51조3항 괄호] 직권재심사 보정각하 관련?,"안녕하세요, 인터넷 강의 복습 중 질문이 생겨서 올립니다. 51조3항 괄호에 '제 66조의3에 따른 직권 재심사를 하는 경우 취소된 특허결정 전에 한 각하결정과 ~~은 제외한다'라고 되어있는데요, 보정각하를 하는 경우 보정 전의 명도로 판단하니까 특허결정될 새도 없이 거절결정이 나오는 것 아닌가요? 일단 특허결정이 되어야 특허결정을 취소하고 직권 재심사를 할 수 있을 것 같은데, 혹시 괄호 안의 의미가 1. 거절결정 2. 재심사청구 or 거절결정불복심판 3. 특허결정 4. 특허결정을 취소 5. 직권 재심사를 하는 경우를 말하는 것인가요? 보정각하와 직권재심사 사이에 아무것도 없다면 연결이 안되는 것 같아서 질문드립니다!","안녕하세요? 임변입니다. 보정각하된다고 하여 항상 거절결정되는 것은 아닙니다. 즉, 보정각하되더라도 특허결정되는 경우는 얼마든지 발생할 수 있고, 법 제51조제3항괄호는 이 경우를 가정하고 있는 것입니다. 열공하세요~", ,,17.07.14
특허법,조문,30조,제30조 (공지 등이 되지 아니한 발명으로 보는 경우)에 관해 질문이 있습니다,"제30조 (공지 등이 되지 아니한 발명으로 보는 경우) ① 특허를 받을 수 있는 권리를 가진 자의 발명이 다음 각 호의 어느 하나에 해당하게 된 경우 그 날부터 12개월 이내에 특허출원을 하면 그 특허출원된 발명에 대하여 제29조제1항 또는 제2항을 적용할 때에는 그 발명은 같은 조 제1항 각 호의 어느 하나에 해당하지 아니한 것으로 본다. 1. 특허를 받을 수 있는 권리를 가진 자에 의하여 그 발명이 제29조제1항 각 호의 어느 하나에 해당하게 된 경우. 다만, 조약 또는 법률에 따라 국내 또는 국외에서 출원공개되거나 등록공고된 경우는 제외한다.(의사에 의한 공지) 2. 특허를 받을 수 있는 권리를 가진 자의 의사에 반하여 그 발명이 제29조제1항 각 호의 어느 하나에 해당하게 된 경우 ② 제1항제1호를 적용받으려는 자는 특허출원서에 그 취지를 적어 출원하여야 하고, 이를 증명할 수 있는 서류를 산업통상자원부령으로 정하는 방법에 따라 특허출원일부터 30일 이내에 특허청장에게 제출하여야 한다. ③ 제2항에도 불구하고 산업통상자원부령으로 정하는 보완수수료를 납부한 경우에는 다음 각 호의 어느 하나에 해당하는 기간에 제1항제1호를 적용받으려는 취지를 적은 서류 또는 이를 증명할 수 있는 서류를 제출할 수 있다. [신설 2015.1.28] [[시행일 2015.7.29]] 1. 제47조제1항에 따라 보정할 수 있는 기간 2. 제66조에 따른 특허결정 또는 제176조제1항에 따른 특허거절결정 취소심결(특허등록을 결정한 심결에 한정하되, 재심심결을 포함한다)의 등본을 송달받은 날부터 3개월 이내의 기간. 다만, 제79조에 따른 설정등록을 받으려는 날이 3개월보다 짧은 경우에는 그 날까지의 기간 임병웅 변리사님 작년 기본강의 자료에있는 기출문제에 관해 질문이있습니다.... 49회(2012년) 20번 문제 <지문 인용> 특허법 제 30조(공지 등이 되지 아니한 발명으로 보는 경우) 제1항 제1호의 규정에 해당한다는 취지가 특허출원서에 기재되어 있지 아니한 채 출원된 경우에는 그 후 그 취지를 기재한 서면을 제출하였다고 하더라도 출원발명에 대하여 특허법 제 30조 제1항 제1호가 적용될 수 없다. --->상기 지문이 맞는 지문으로 되어 있는데, 출원시에 의사에 의한 공지(30조 1항 1호)에 관해 취지기재를 출원서에 적지아니하여도 30조 3항으로 보완수수료 납부하면 추후에 취지기재 서류 또는 증명서류를 낼 수 있는걸로 알고 있는데, 개정전 지문이라서 그런건지,아니면 표현상"" 30조 제 1항 제1호가 적용될 수 없다""가 맞는건지,그냥 제가 잘못 알고있는건지 확신이 없어서 질문을 드립니다.","안녕하세요? 임변입니다. 현행법에 의하면, 법 제30조제3항이 신설되어 틀린 지문입니다. 카테고리 맞춰 주셔서 감사합니다. 열공하세요~", ,,17.07.18
특허법,조문,51조,51조 보정각하의 예외 질문드립니다?,복습을 하다 궁금한게 있어서 질문을 하게되엇습니다.. 직권보정을 할수 있는 위의 그림에직권보정을 원하지 않으면 전부또는 일부를 처음부터 없었던 것으로 보게 되므로 최후거절이유통지를 하여 29조2항에 대하여도 다시 최후거절이유 통지를 한다고 생각이 듭니다. 또 재심사청구시에도 문제가 발견되면 최후 거절이유통지하는데.. 왜 29조2항에 대하여는 바로 거절결정하는 지 잘 모르겠습니다..,"안녕하세요? 임변입니다. 아래 그림에서는 제29조제2항 위반을 이유로 거절결정되었는데, 재심사청구하면서 보정4한 것이 또 다시 제29조제2항 위반이라는 것이고, 이에 대해서는 출원인의 의견서/보정서 제출기회를 충분히 주었기 때문에 거절결정하는 것입니다. 그에 반해, 위 그림에서는 제29조제2항 위반이 해소되었음을 전제로 직권보정하면서 특허결정하였는데, 직권보정과 특허결정취소후 제29조제2항 위반이 해소되지 않았다고 번복한 것이기 때문에 다시 최후거절이유통지를 해야 한다는 것입니다. 열공하세요~", ,,17.07.20
특허법,문제,44조,44조 관련해서 질문드립니다^^,"작년 객관식 문제집 p186 06번의 5번 지문을 보면... ""단독으로 발명하여 공동출원하기로 약정을 하였으나, 이를 위반하고 단독으로 출원한 경우 법 제44조 위반이 아니다""라는 지문이 틀린 지문으로 되어 있습니다 지금 제가 변리사님의 판례강의를 인강으로 수강중인데...판례집 p.74의 98허2405를 보면 ...채무불이행은 별론으로 하고 ... 제44조 위반에 의한 무효사유는 아니라고....되어 있습니다 물론 설명하신대로 비판이 있는 부분인데요.. 막상 이런 지문을 시험에서 만나면 (판례에 의함)이란 말이 없으면 조문으로 풀고 (판례에 의함)이란 말이 있으면 판례대로 하는 식으로 정리하면 될까요?? 아니면 구법상 판례이기 때문에 해당 98허2405 판례는 무시해도 되나요?? 저작자 표시컨텐츠변경비영리",안녕하세요? 임변입니다. 무시해도 됩니다. 열공하세요~, ,,17.07.20
특허법,조문,42조,[42조의2 1항] 필요한 도면이 1항에 명시 되어 있는 이유,"안녕하세요 임병웅 변리사님 42조의 2 1항을 공부하다가 궁금한게 생겨서 여쭙고자 글 올립니다 1항에서 '특허출원일은 명세서 및 필요한 도면을 첨부한 특허출원서가 특허청장에게 도달한 날로 한다'라고 되어 있는데, 요약서는 내지 않을 시 수리는 하되, 그 대신 방식 위반이다는 것 까지는 알겠는데, 1항에서 필요한 도면이 적혀 있는 걸 어떻게 해석해야 할지 모르겠습니다. 강의노트 101페이지에 있는데로, 필요한 도면은 적혀있지 않아도 위반 시 조치는 없고, 42조의 2의 1항의 불수리 대상에 포함되지 않는 것으로 해석하면 될까요? 꼼꼼한 강의 자료 덕분에 편하게 공부하고 있습니다. 늘 감사드립니다~",안녕하세요? 임변입니다. 네. 그렇게 해석하면 됩니다. 열공하세요~ 답글기능 더보기, ,,17.07.21
특허법,조문,42조,42조 4항 청구범위 기재불비,"1. 청구범위:B(a,b,c,d) 발명의설명:A(a,b,c) 일때 통상의 기술자가 A로부터 B를 쉽게 실시할 수 없기 때문에 부적법하다는 것은 이해가 되었는데 2. 청구범위:A(a,b,c) 발명의설명:B(a,b,c,d) 1의 경우가 기재불비면 반대의 경우인 2는 기재불비가 아닌 것 같은데 부적법하다고 하여 이해가 되지 않습니다. 발명의 설명이 더 좁은 개념이기 때문에 청구범위가 발명의 설명에 의해 뒷받침되는게 아닌가요? 예를 들어 B발명이 핸들, 바퀴, 안장, 라이트를 포함하는 자전거이고 A발명이 핸들, 바퀴, 안장을 포함하는 자전거라면 B를 보고 A를 쉽게 실시할 수 있는 것 아닌가요?","안녕하세요? 임변입니다. 말씀하신 케이스는 B로부터 A를 일반화 내지 확장할 수 있는 경우이고, 그렇지 않은 경우도 많이 있습니다. 열공하세요~", ,,17.07.22
특허법,조문,51조,[51조3항] 거절결정불복심판에서 다툴수 없는 각하결정?,"안녕하세요 임병웅 변리사님 복습을 하다가 이해가 잘 되지 않는 부분이 있어서 질문 드립니다. '직권 재심사를 하는 경우 취소된 특허결정 전에 한 보정각하결정은 거절결정불복심판에서 다툴 수 없다' 에서 취소된 특허결정 전에 한 보정각하라는 말이 보정각하를 받았고, 보정전 명도로 심사를 하는데도 불구하고 특허결정이 되었고, 제3자의 정보제공으로 직권 재심사를 해서 특허결정이 취소 되었고 거절결정이 되어서 거절결정불복심판 을 청구하였을때의 상황인가요? 심사부분을 다시 복습했는데도 잘 이해가 되지 않아서 너무 답답합니다ㅠㅠ늘 친절한 답변 감사드립니다~",안녕하세요? 임변입니다. 그렇습니다. 보정각하한다고 하여 항상 거절결정되는 것은 아닙니다. 열공하세요, ,,17.07.23
특허법,조문,34조,"[34조, 35조] 정당한 권리자의 소급효의 예외 관련 질문?","변리사님, 안녕하세요? 이지특허법 16판을 읽던 중 잘 이해가 되지 않는 내용이 있어서 질문 드립니다. p.408 3. 효과 ② 소급효의 예외 2) 문단 네번째 줄에 아래와 같은 내용입니다. "" 구체적인 예로, 정당한 권리자의 특허출원이 확대된 선출원에 관한 규정에서의 다른 출원에 해당하는 경우 무권리자 특허출원의 최초 명세서 또는 도면에는 포함되어 있지 아니하지만 정당한 권리자 특허출원의 최초 명세서 또는 도면에 포함된 발명에 의하여 무권리자 특허출원과 정당한 권리자 특허출원 사이의 제3자의 출원을 거절시키는 것은 먼저 출원하여 공개시킨 자에게 독점, 배타적인 특허권을 부여한다는 특허법의 목적에 반하게 된다."" 구체적인 Case로 생각하면, 무권리자가 A, B를 출원 ⇒ 제 3자가 C를 출원 ⇒ 정당한 권리자가 B, C를 출원 후 B, C를 무권리자 출원시기로 소급 : 제 3자 C 출원을 거절시키는 상황이 생길 수 있으나, 정당한 권리자 출원 명도가 무권리자 최명도에 속하지 않으므로 객체적 요건 위반이므로 소급되지 않을 것이므로 제3자 출원이 거절당하는 상황이 발생 X 즉, 무권리자 출원 최명도에 포함되어 있지 않고, 정당한 권리자 출원 최명도에 포함된 발명이 그 사이에 출원된 제3자의 출원을 거절시키는 상황이 언제 생길 수 있는지 질문 드립니다. 그런 상황은 위 Case 처럼 객체적 요건 위반으로 소급되지 않아 그 사이의 제3자 출원이 거절되지 않는데 제가 놓친 부분이 있는 것 같아서 여쭤보고 싶습니다. 저작자 표시컨텐츠변경비영리","안녕하세요? 임변입니다. 정당한 권리자가 B, C를 출원한 후 B로 보정한다면 무권리자 출원일로 출원일 소급효를 인정받고, 확선 지위는 대상은 최명도인 B, C가 되므로 제3자의 C 출원이 거절될 우려가 있습니다. 열공하세요~", ,,17.07.24
특허법,조문,54조,"[54조,60조] 조약우선권 주장을 수반하는 출원의 심사 청구 관련 선출원 지위 적용 문의?","안녕하세요 임변리사님 강의를 통해 특허에 대한 이해를 수월하게 하고 있는 인터넷강의 수강생입니다 조약우선권 주장을 수반하는 출원의 심사 청구 관련하여 문의 드립니다. 2017년판 강의 노트 P.214 관련 사항입니다. (하기 이미지 파일 참조) 문의 드릴 사항은 두 가지 입니다. 1. 갑-(X) 일본출원 후 을-(Y) 국내출원 이 있는 경우, (Y) 출원 후 1년간 선출원 지위 위반 여부를 판단하지 않는 것은 갑-(X) 일본출원 후 1년 내에 ""갑-(Z) 국내출원 w/조약우선권 주장"" 을 하면 이를 고려해야 하기 때문이라고 이해를 하였는데 제가 이해한 내용이 맞는지요? 2. 1번 문의내용 대로 제가 이해한 게 맞는 경우, 조약우선권주장을 수반하는 출원의 청구범위는 출원시기 판단시점의 소급효 뿐만 아니라 선출원과 후출원 사이에 출원된 제 3자의 출원도 죽일 수 있는 선출원 지위도 적용되는 것인지요? (이와 비슷한 취지로 이지 특허법 16판 p.482 의 "" 파리조약 제4조 B는 ""적법하게 된 우선권주장출원은 그 사이에 이루어진 제3자의 행위(출원,해당 발명의 공개, 실시 등) 등에 의하여 불리한 취급을 받지 아니하며, 이 경우에 제3자에게는 선출원권 또는 선사용권 등 어떠한 권리도 인정되지 아니한다."" 고 규정되어 있다."" 을 이해해도 될 수 있는지요?) 감사합니다.",안녕하세요? 임변입니다. 1. 네. 맞습니다. 다만 판단하지 않는 것이 아니라 판단할 수 없다고 하는 표현이 적절합니다. 2. 네. 맞습니다. 열공하세요~, ,,17.07.29
특허법,조문,42조,[42조의3] 외국어특허출원에 있어서의 정정에 대한 질문입니다.?,"교과서 p.332 에 ""오역 정정은 명세서를 보정한 것이 아니라 국어번역문만을 정정한 것이기 때문에 국어번역문에 오역이 있는 경우에는 국어번역문에 대한 오역정정과 별도로 심사대상 명세서 등에 대해 보정을 하여야 한다."" 라고 되어 있는 부분에 관한 질문입니다. 외국어특허출원에 대하여 국어번역문을 제출하면 보정의 효과가 있으므로 국어번역문에 오역이 있는 경우 단순히 국어번역문을 교체하면 굳이 오역정정을 따로 할 필요가 없다고 생각하였는데, 국어번역문에 대한 오역을 정정하면서 동시에 명세서 및 필요한 도면의 보정을 해야하는 경우는 어느 경우인가요? 강의노트에서는, ①외국어특허출원[Ca] --- ②번역문제출[칼륨] --- ③오역정정[칼슘] --- ④명세서/도면의 보정[칼슘] 의 경우가 예로 나와 있는데, 이 예에서 ①외국어특허출원[Ca] --- ②번역문제출[칼륨] --- ③번역문의 교체[칼슘] 으로 하는 것은 불가능 한 것인지 궁금합니다.","안녕하세요? 임변입니다. 국어번역문을 교체할 수 있는 시기내라면 번역문을 교체하면 되지만, 그 시기가 지났을 때 오역 정정을 해야 합니다. 열공하세요~", ,,17.08.04
특허법,조문,29조,[29조 진보성] 촉매관련 질문드립니다.?,"안녕하세요 변리사님! 공부를 하다가 촉매관련해서 궁금한 사항이 생겨 질문드립니다. 기존 특허가 있는 화학반응에 촉매를 넣어서 현저한 효과가 생기는것을 알게되어 이를 특허로 출원시, 1.신규성 (촉매투입) 과 진보성 (현저한효과)를 인정받으면 특허등록이 가능한가요? 아니면, 촉매투입은 화학반응에 관여하지 않아서, 신규성에 영향을 주지않나요? 2. 다만 등록요건과 관계없이 촉매를 넣어도 기존에 존재하는 화학반응의 화학적 구조에는 변화가 없어서, 이용발명이 성립한다고 생각하면 될까요?","안녕하세요? 임변입니다. 1. 네, 새로운 구성요소이기 때문에 등록이 가능합니다. 2. 그렇습니다. 일체성이 유지되기 때문에 등록된 경우 이용발명이 됩니다. 열공하세요~", ,,17.08.14
특허법,조문,42조,"[42조3항1호,42조4항1호] 차이점?","42조3항1호와 42조 4항1호의 차이점이 뭔지 모르겠습니다 기본서 382페이지의 동그라미3에서 명세서 내의 용어가 통일되지 아니한경우에는 법 42조 제3항1호 위반이고 발명의설명과 청구범위에 기재된 기술용어가 다르거나 청구범위에 기재된 기술용어가 서로 다른경우 법 제 42조 4항위반이라고 하였는데 명세서 내의 용어가 통일되지 아니한경우 청구범위가 발명의 설명에 의하여 뒷받침되지 않다고 볼수도 있지 않나요? 그리고 후자의 경우도 42조3항1호에 속한다고 볼수도있지않나요? 둘의 명확한 차이점을 모르겠습니다 그리고 42조3항1호,42조4항1호가 분리되는 정확한 예시도 알고싶습니다","안녕하세요? 임변입니다. 예를 들어 설명하면, 동일한 물건을 지칭하는 용어로서, 발명의 설명 내의 용어가 핸드폰, 휴대폰이고, 청구범위의 용어가 휴대폰일 때, 법 제42조제4항제1호 위반은 아니지만, 법 제42조제3항제1호 위반이 됩니다. 다른 예를 들면, 발명의 설명 내의 용어가 휴대폰인데, 청구범위의 용어가 휴대폰, 핸드폰일때는 법 제42조제3항제1호 위반은 아니지만 법 제42조제4항제2호 위반이 됩니다. 열공하세요~", ,,17.08.14
특허법,조문,42조,[42조의2] 1항에의 특허출원서류 기재사항?,"강의노트 103페이지에서 보면 42조의2에서의1항에서 특허출원서의 기재사항에 필수기재사항이 출원서, 명세서(中발명의설명),필요한 도면(필요한경우) 라고 되어있고 요약서부분은 *가 들어있지 않습니다 그런데 42조 2항에서 보면 특허출원서에는 발명의설명 청구범위를적은 명세서와 필요한도면 및 요약서를 첨부하여야한다고 되어있습니다 42조의 2의 특허출원서에는 왜 요약서가 포함되지 않은것인가요? 특허출원일은 요약서를 빼고 내도 특허출원일로 인정을 해주고 보정명령후 무효를 시키는 것인가요??","안녕하세요? 임변입니다. 네. 그렇습니다. 요약서를 제출하지 않은 경우 법 제46조 중 방식위반에 해당합니다. 제가 강의시간에 언급한 것과 같이, 제42조의 위반시 취급을 암기해야 합니다. 열공하세요~ 답글기능 더보기", ,,17.08.14
특허법,조문,29조,29조 3항 확선에 대해 질문있습니다,"안녕하세요 임병웅 변리사님, 특허법 복습을 하다가 확선의 지위에 대해 궁금한 점이 생겨 질문드립니다 확선의 지위는 선출원의 최명도와 후출원의 청구범위를 비교하여 동일성을 판단한다고 말씀해주셨는데요 만약에 갑이라는 사람이 최명도A,B 에 청구범위 A 로 X 출원을하고 그 후에 보정을 통하여 명도A,B,C 에 청구범위 A,C 로 보정을 했습니다 그리고 그 후에 을이라는 사람이 최명도 C에 청구범위 C 로 Y출원을 했습니다 이때 Y는 선출원 지위가 적용이 되지않는 것이죠? 그런데 잘 생각해보면 갑이라는 자가 을보다 먼저 C라는 것을 먼저 출원을 하였는데 (물론 보정을 통해서 출원한것이지만) 이때 을의 출원을 거절해야하는 것 아닌가요?","안녕하세요? 임변입니다. 1. 일단 C를 추가하는 보정을 한 경우는 부적법한 보정으로 신규사항추가이기 때문에 법 제47조제2항 위반입니다. 2. 그리고, C를 추가한 것은 먼저 출원한 것이라고 볼 수 없습니다. 따라서, 을의 출원을 보호해 주는 것이 맞습니다. 만약, 문의한 내용처럼 적용이 된다면 의지만 있다면 항상 을의 출원을 거절시킬 수 있다는 것인데, 법적안정성의 측면에서도 타당하지 않습니다. 열공하세요~", ,,17.08.15
특허법,조문,52조,52조 분할출원과 확선 다른출원지위 질문?,"변리사님 안녕하세요. 분할출원에서 소급효 예외사항인 확선의 다른출원지위 질문 드립니다. 분할출원이 확선의 다른출원지위에 해당하는 경우 소급효 예외를 둔 이유가 원출원의 명도에 포함되지 않은 발명에까지 다른출원지위를 인정하면 확선 취지에 반하기 때문으로 이해하고 있는데요, 예를들어 원출원이 a b 이고 분할출원이 b c로 출원된 후 원출원의 b삭제보정 & 원/분할 모두 출원공개되고 원출원과 분할출원 사이에 제3자가 b c 출원한 경우에, 분할출원의 명도는 일부라도 원출원의 최명도 범위를 벗어나면 거절이유에 해당되므로 분할출원은 c때문에 전체가 거절될것이지만 1) 이미 공개되었으므로 확선의 다른출원 지위를 적용할때에는 조약우주 판단시점 소급효처럼 원출원에 포함된 b는 원출원일 기준, c는 분할출원일 기준으로 판단하여 제3자 b출원을 거절시킬 수 있는건가요? 2) 아니면 b는 분할출원과 무관하게 원출원의 최명도 범위에 있고 이것이 출원공개되었기 때문에 원출원의 확선 다른출원지위에 의해 거절되는 것이고 분할출원의 c는 제3자 출원보다 늦었기때문에 제3자의 c는 특허를 받을 수 있는건가요? 3) 2)가 맞다면 만약 분할출원이 먼저 출원공개되고 원출원은 아직 공개되지 않은 경우에는 어떻게 되나요?(혹시 이런경우는 불가능한가요?^^;)",안녕하세요? 임변입니다. 1. 출원일 소급효는 발명 단위로 달라지지 않습니다. 모두 분할출원일을 기준으로 합니다. 2. 네. 제3자의 c는 특허를 받을 수 있습니다. 3. 원출원이 공개되어야 확선 위반이 됩니다. 열공하세요~, ,,17.08.16
특허법,조문,38조,[38조]출원 후 특허청장에 신고와 출원인변경신고의 차이,"변리사님 안녕하십니까, 온라인으로 강의든지 있는 1차생입니다. 시험 내용과 전혀 상관없는 내용이지만 단순히 궁금증이 생겨 문의 드립니다. 38조 4항에 특허출원 후 특받권의 '특정승계'는 '특허출원인변경신고'를 하여야하고, 5항에 특허출원 후 특받권의 '일반승계'는 '특허청장에게 신고'를 하여야 한다고 나와있습니다. 특허출원인변경신고 역시 특허청장에게 신고가 아닌가 하는 단순한 의문점이 생겼습니다. 특허청 홈페이지에 가서 관련 절차를 살펴봤는데, 찾을 수 없어 둘의 차이점이 무엇인지 여쭤봅니다. 바쁘실텐데 읽어주셔서 감사드립니다.","임변입니다. 둘 다 동일한 신고는 맞습니다. 다만, 특정승계에 의한 변경신고는 그 신고로서 효력이 발생하는 것이고, 일반승계에 의한 변경신고는 일반승계된 때 효력이 발생하지만, 절차의 법적 안정성을 위해 신고를 유도하고 있는 것입니다. 열공하세요~", ,,17.08.17
특허법,조문,54조,제54조(조약에 의한 우선권 주장)에서 출원인의 동일성에 관해 질문이 있습니다.?,"(책P474) (2)출원인의 동일성 우선권주장출원인은 선출원의 출원인과 동일인이거나 정당승계인이어야 한다. 다만, 승계인은 우선권의 독립성에 기인하여 선출원을 승계하였다 하더라도 우선권을 별도로 승계받아야 한다.(생략) -->조약 우선권 주장 출원에서, 분할출원 처럼 출원시에 우선권을 승계한 상태여야 하는걸까요?(출원인의 동일성이 출원시에 만족되면 되는걸까요?)","안녕하세요? 임변입니다. 출원시에 우선권을 승계한 상태이어야 합니다. 다만, 출원인이 일치하지 않아도 된다는 것입니다. 열공하세요~", ,,17.08.18
특허법,조문,47조,[47조4항] 최초OA와 최후OA기간 중 마지막 보정 전의 보정 취하의 의미?,"변리사님 안녕하십니까, 47조4항의 의미에 대해 문의드립니다. 최초OA 이후 1차 보정 및 2차 보정을 했다고 가정하고, 1차보정 당시 청구항 1,2,3,5 변경 2차보정 당시 1차당시 보정된 청구항(1,2,3,5) + 6,7 변경이라고 한다면, 심사대상은 1. 보정 전 1,2,3,5 + 변경된 6,7 인지 2. 2차 보정서에 기재된 그대로인지.(즉, 결국 1차,2차 보정된 내용이 모두 반영되어 심사대상이 됨) 궁금합니다. 자세히 여쭤본다면, 1차 보정에 기재되었다 1,2,3,5에 대한 보정은 취소로 간주가 되어, 원래의 청구항+ 변경된 6,7의 청구항 이 심사 대상이 되는 것인지요? (이게 맞다면, 심사관들 1차와 2차 보정서를 비교하여 삭제하는 과정이 필요할 것 같은데 불필요한 심사 과정이 추가되므로 아닐 것 같다는 생각이 듭니다) 따라서 최초, 최후 OA 이후 변경은 1회만 하라 라는 취지인 것인지 궁금합니다. 2차 보정서만 심사 대상이 된다면, 출원인이 원 심사대상 + 1차 보정 + 2차 보정을 합하여 제출하는 경우에 전부 심사 대상이 될 수 있을 것 입니다, 그렇다면 47조4항의 존재 의미가 없게 되는 건 아닌지요? 좋은 하루 보내십시오, 긴 글 읽어주셔서 감사드립니다.","임변입니다. 후자가 맞습니다. 1차 보정은 불인정합니다. 보정서를 제출하면, 시스템이 알아서 화면이 업로드해 주기 때문에 말씀하신 불편함은 전혀 발생하지 않습니다. 열공하세요~", ,,17.08.18
특허법,조문,47조,(47조)실체보정에서 특별수권여부 관련해서 질문드려요,"안녕하세요 변리사님! 일반적으로 실체보정은 출원인에게 불이익한 행위가 아니라서, 공동출원시 각자가 가능하고, 특별수권없이 임의대리인이 할수있다고 알려져있는데요~ 그런데 출원인에게 불리하게 삭제보정을 한다면 이러한 행위는 특별수권이 필요하지않나요? (-실체보정은 특별수권사항이 아니다-) 이렇게 일반화 할수있는지가 궁금합니다!",안녕하세요~ 삭제보정이 꼭 출원인에게 불이익한 것이 아닙니다. 예를 들어 거절이유가 있는 청구항을 삭제보정한 경우 오히려 특허를 받을 수 있기 때문에 출원인에게 이익이 됩니다. 열공하세요~, ,,17.08.21
특허법,조문,55조,55조 국내우주와 복합우주 및 이중우주에대해 질문있습니다,"제가 국내우주 부분을 임병웅변리사님의 강의노트에 있는 문제로 복습을하다가 제가 따로 문제를 하나 생각해보았는데요 질문이 두가지가 생겼습니다 첫째는 첨부한그림에서는 Z출원에서 X기초우주도 같이했지만 만약 Z출원당시 X기초우주가 없다고 생각해보면 제가 그린 등록금지적 효력이 다 올바르게 적혀져있나요? 둘째는 만약 Z출원당시 첨부된그림에서와 같이 X기초우주를 같이한다면, 즉 이중우주와 복합우주가 함께있는경우라면 등록금지적효력이 어떻게 달라지나요? 항상 답변이 도움이 많이 됩니다 감사합니다","안녕하세요? 임변입니다. 1. 맞습니다. 2. Z의 A가 X출원일로부터 선출원의 지위, Z의 A가 X출원일후 Z공개전 사이에 확선의 지위를 가지게 됩니다. 열공하세요~","헙...그러면 대리인이 출원인에게 불리하게 삭제보정하는것은 특허법에서 막는것이 아니라, 대리인과 출원인 사이의 손해배상 이런쪽으로 넘어가야 하는 것인가요?","보정하는 것이 출원인의 출원이 거절되는 것을 막기 위함이기 때문에, 대리인에게 위임을 한 상태라면 특별한 사정이 없는 한, 이와 같은 정책적 결정을 존중해 주는 것이고, 손해배상청구권은 민법에서 말하는 불법행위가 있는 경우에만 성립할 수 있습니다.",17.08.21
특허법,조문,29조,[29조 2항] 진보성 판단 여부에 있어 공개가 미치는 영향,"29조 2항에 의하면, 내가 출원한 특허가 내가 '특허출원하기 전'에 그 기술분야에서 통상의 지식을 가진 자가 쉽게 발명할 수 있는 수준의 발명이라면 신규성 위반이 아니더라도 특허를 받을 수 없습니다. 그런데, 강의노트 p.80~83에 수록되어 있는 o/x 판단여부에 의하면, 진보성에 대한 판단여부는 출원 공개 혹은 설정등록 이후부터 가능합니다. 즉, 선출원의 최명도에 기재된 내용과 후출원의 청구항에 기재된 내용을 검토했을 때 후출원발명에 진보성이 인정되지 않더라도, 선출원이 공개되기 전이라면 후출원은 진보성 위반이 아닙니다. 여기서 질문입니다. 선출원의 최명도에 기재된 내용이 A, B이고 후출원의 청구항에 기재된 내용이 A` (A`은 A로부터 용이함)일 때, 선출원보다 후출원이 먼저 공개가 된다면 후출원은 진보성 위반이 아니므로 특허를 받을 수 있는건가요?? 관련된 질문으로, 강의노트 p.86 3번 지문 역시 선출원에 대한 공개여부를 모르는 상황에서 후출원이 진보성 위반이라는 이유로 특허를 받을 수 없다고 하기에는 뭔가 부족하지 않은가?? 하는 의문점도 생깁니다. p.83 3번 지문 : 서로 다른 사람이 출원한 선출원과 후출원의 청구범위에 기재된 발명의 구성에 차이가 있어도, 그 기술분야에 통상의 지식을 가진 자가 보통으로 채용하는 정도에 지나지 않고 발명의 목적과 작용효과에 특별한 차이를 일으키지 않는다면, 후출원은 특허를 받을 수 없다. 저작자 표시컨텐츠변경비영리",안녕하세요? 임변입니다. 1. 후출원 전에 공지기술이 없다면 진보성 판단 자체가 안 되기 때문에 특허를 받을 수 있습니다. 2. p.83의 지문은 법 제36조의 선출원주의 판단을 한 것이지 법 제29조제2항의 진보성 판단을 한 것이 아닙니다. 질문을 수정하는 과정에서 답변을 지운 것 같네요~, ,,17.08.21
특허법,조문,52조,52조 분할출원과 47조 보정에 관하여 질문있습니다?,"원출원X를 A/A,B 로 출원하고 그 후에 분할출원Y를 B/B,C 로 했을때 분할출원의 요건을 만족하지 못하여 Y에대한 보정을 할때 B/B 로 하면 이 보정이 적합한지에 대해 판단을 하기위해서 보정Y의 명도인 B와 분할출원Y의 최명도인 B,C 를 비교해야하는 것 아닌가요? 47조 보정의 객체적 요건을 살펴보면 ""명도의 보정은 특허출원서의 최명도 범위 이내여야한다"" 라고 명시되어있는데 위 상황에서 보정을 하는 것은 분할출원Y 에대해 보정을 하는 것이니 Y의 최명도가 되어야 하는것 아닌가요? 수업에서 강의해주실 때는 원출원X의 최명도인 A,B와 비교를 해주셔서 이렇게 질문드립니다","안녕하세요? 임변입니다. 보정이 적법한지 여부는 분할출원 Y의 최명도인 B, C와 비교합니다. 다만, 그 후 다시 분할출원이 적법한지 여부는 원출원 X의 최명도인 A, B와 비교합니다. 열공하세요~","감사합니다. 지문내용을 추가했을 뿐이라 다른 학생분들과의 공유에 지장이 없을 거라 생각하여 이전 질문을 삭제하고 새로 질문을 정리하여 올렸습니다. 그런데 지문에 여전히 의문이 남는데요, 물론 선출원의 지위에서 보면 후출원은 특허를 받을 수 없는 게 맞지만, 지문이 특허를 받을 수 없는 이유에 대한 설명을 진보성의 관점에서 설명했기에 진보성으로 판단해야 하는 게 아닌가 하는 의문이 남습니다. 문제에 접근하는 저의 방식이 잘 못 된 것일까요??","정확히 맞습니다. 이건 조금 고수가 되어야 알 수 있는 것인데, 판례는 선출원주의에서 실질적 동일성의 판단을 진보성에 준하여 하고 있습니다. 열공하세요~",17.08.21
특허법,조문,47조,[47조]외국어 특허출원 질문드립니다.?,강의노트 p164쪽관련하여 질문드립니다. 외국어 특허출원 ----번역문제출-----오역정정-------명세서/도면 보정(4) 영어(Ca) 국어(칼륨) 국어(칼슘) 국어(칼슘) 오역 정정은 명세서 보정한 것이 아니라 국어번역문만을 정정한 것이기 때문에 국어번역문에 오역이 있는 경우에는 구거어번역문에 대한 오역정정과 별도로 심사대상 명세서 등에 대해 보정해야함 이렇게 되어있습니다. Q1.오역정정은 명세서 보정한 것이 아니라 국어번역문만을 정정한 것----> 국어번역문과 명도를 다르게 보는 것 같습니다. 그렇다면 여기서 명도는 영어로 된 외국어 특허출원당시의 영문 명도인 것인지요? Q2. 오역정정과 별도로 심사대상 명세서 등에 대해 보정해야함..--> 여기서 심사대상이 되는 것이 편의를 위해 국어번역문이였던것이 아닌가요...? Q3. 가정1) 영어 명도가 맞고 그 영어 명도를 보정하는 경우라면 (4)에 왜 영어(Ca)가 아닌 국어(칼슘)이라 표기되어있는건지 ... 가정2) 영어 명도가 아니라 번역문의 명도라면 정정신청하는 것 자체가.. 심사대상의 명도가 수정되는거 같은데...,"안녕하세요? 임변입니다. 번역문제출이 보정의 효과가 있기 때문에, 번역문 제출과 동시에 보정된 명세서/도면이 번역문과 별도로 생성되었다고 생각하면 됩니다. 그 결과 번역문의 오역 정정만 하였다면 현재 명세서/도면은 국어(칼률) 상태로 유지되고 있는 것입니다. 열공하세요~", ,,17.08.22
특허법,조문,53조,[53조]변경출원의 확대된 선출원의 지위에서?,"강의노트 181쪽을 보면 변경출원시 확대된 선출원의 그림이 그려져 있는데요.. 변경출원은 최명도 청구범위를 그대로하여 특허에서 실용신안 혹은 그 반대로 출원변경만 하는 것이라고 생각했는데 자료에는 원출원이 A/A,B 인데 변경출원이 B,C/B,C로 되어있어서요.. 변경출원시 내용도 바꿀 수 있는 것인지 아니면 지위 범위를 구분해서 표현하시려고 나누신건지 궁금합니다.","안녕하세요? 임변입니다. 변경출원의 명도가 원출원의 최명도에 기재된 범위를 만족하면 되기 때문에, 이 요건을 만족하는 범위내에서는 바꿀 수 있습니다. 열공하세요~", ,,17.08.23
특허법,조문,55조,"[55조, 56조, 216조]이중우선권주장에서 출원공개 후 공지기술 인정, 복합우선권주장","1. 위 그림에서 출원(Y)가 공개되기 이전에 출원(Z)를 하고 (Y)가 취하 된다면 (Z)가 공개될 때 216조에 의해서 (Y)의 최명도가 공지기술로 인정되어야 하는 것으로 알고 있습니다. 이때 (X)의 최명도 역시 공지기술로 인정되는지 궁금합니다. 예를들어 출원(X)의 최명도가 A,D라면 (Z)가 공개된 이후 발명 D도 공지기술로 인정되나요? 2. 위 그림에서 출원(Z)가 X와 Y를 기초로 복합우선권을 주장하기 위해서는 X가 취하되기 이전에만 가능한 것이 맞나요? 만약 Z가 X, Y를 기초로 복합우주를 하였다면 출원(Z)의 발명 A는 출원(X) 시점으로 소급되어 판단하고 이 시점부터 선출원 지위가 인정되는 것이 맞나요?","안녕하세요? 1. 이미 Y가 공개된 후부터 X의 최명도가 공지기술이기 때문에 Z 공개 여부와 무관하게 공지기술의 지위가 인정됩니다. 2. 네, 그렇습니다. 열공하세요",바쁘신 와중에 답글 감사합니다~ 궁금한 것이 있는대 1번 질문에서 출원(X)로 부터 1년 6개월이 되기전에 출원(Y)로 부터 1년 3개월이 먼저 도래하여 Y가 공개되기 전에 취하될 경우에 (Z)가 공개된 이후 출원(X)의 발명 D의 공지기술 인정여부는 어떻게 되는 것인가요?,법 216조 법 제216조의 해석을 그대로 하면 됩니다. Y출원이 공개되어야 취하간주된 X출원의 공지기술의 지위가 인정되는 것입니다. 문의한 내용은 Y출원이 공개되지 않았기 때문에 X출원의 공지기술의 지위가 인정되지 않습니다.,17.08.24
특허법,조문,33조,"[33조 1항 본문, 35조, 133조] 33조1항본문 위반 의한 무효심판 청구","안녕하세요 133조 무효심판에서 청구대상을 보면 ""수인을 공유자로 하는 특허등록이 이루어졌다고 하더라도, 그 특허처분 자체에 대한 무효를 청구하는 제도인 특허무효심판에서 그 공유자 지분에 따라 특허를 분할하여 일부 지분만의 무효심판을 청구하는 것을 허용 할 수 없다."" 라고 적혀 있는데요. 그렇다면 특허권이 공유인 경우 그 공유자 중 1인이 33조1항본문 위반에 해당하는 경우에 그 무권리자는 어떻게 처리가 되나요? 예를 들어, 공동 발명자 甲, 乙이 있었는데 실지 출원은 甲과 무권리자인 丙이 공동 출원하여 등록 된 경우 1. 乙이 특허권 자체를 무효심판 청구 하여 무효로 시킨 후 35조를 통하여 甲과 함께 공동출원 2. 乙이 법원에 丙 지분 이전 청구 2번의 경우에는 자연스럽게 해결이 되지만, 굳이 乙이 1번을 통해서 하려면 전부를 무효시키고 하는 방법 밖에 없나요? 그렇다면 단독 발명인데 무권리자와 공동출원 및 등록 됐다면 그 무권리자를 무효심판으로 처리하는 방법은 단독발명자가 자기 발명을 무효 시키고 재출원 해야 하나요? 감사합니다.","안녕하세요? 임변입니다. 1번의 경우 법 제44조에 의한 무효사유를 가지고 있기 때문에, 무효가 된다고 할지라도 제35조에 따라 보호를 받을 수 없습니다. 이 경우는 법 제99조의2에 따른 이전청구 밖에 인정될 수 없습니다. 열공하세요~", ,,17.08.27
특허법,조문,54조,제54조 국내우선권주장출원의 확선지위?,안녕하세요 사진에서 2)첫문장에서 국내우선권주장출원의 확선지위가 이해가 안됩니다. 국우주 선출원의 선출원지위 불인정은 36조4항으로 이해가는데 확선은 인정되야될 것 같은데요. 예를들어 선출원x 의 최명도가 a b c이고 후출원y의 출원공개시 선출원x도 포대복사열람가능으로 공개되니까 선출원의 출원일 후 그리고 후출원의 출원공개 또는 등록공고 사이기간에 abc 확선지위가 있는게 아닌가요??,"출원공개는 법 제64조의 출원공개를 의미하고, 등록공고는 법 제87조의 등록공고를 의미합니다. 법 제216조의 포대복사신청을 할 수 있어서 공지기술이 된다고 할지라도, 법 제64조의 출원공개나 법 제87조의 등록공고에는 해당하지 않습니다. 따라서, 선출원은 확선의 지위를 갖지 못하게 됩니다. 다시 보니 별첨으로 첨부했네요. 별첨한 경우에는 바로 확인이 안 됩니다. 이미지 삽입을 해 주세요~", ,,17.08.27
특허법,조문,36조,[36조 선출원] 선출원 + 동일자 출원시 협의불성립에 관해 질문드립니다!,"안녕하세요 변리사님! 선출원과 동일자 출원후 협의불성립에 관해 공부하다가 궁금한 사항이 생겨 질문드립니다. 1. 선출원이 있고 다음날에 동일한 내용으로 다른사람이 후출원을 하면 거절프로세스가 어떻게 되나요? - 선출원의 보정 유무에 따라 후출원의 거절여부가 달라져서 선출원의 심사결과가 확정될때까지 심사를 진행할수없다. (인사이트 pg 246) - 출원공개 이후 선출원의 판단이 가능하다.(확선내용) 1) 어떤 프로세스로 후출원거절이 선출원주의에 의해 거절되나요? 2) 아래것으로 거절되면, 선출원에 의해 거절이 아닌 확선에 의한 거절이겠죠? 2. 우선심사청구에 의해 선출원의 거절이 출원후 1년6개월(출원공개)전에 확정되면, 선출원지위도 없고, 공개도 되지않나요? 3. 동일자 출원 후 협의불성립에 의해 출원이 거절되면, 선출원의 지위가 유지되어 제 3자도 특허를 받을수 없는것으로 알고있는데요, 만약 거절결정확정에 의해 선출원이 소멸되면 선출원이라는게 존재하지 않는데, 어떻게 선출원이 유지되는걸 알 수 있나요? 따로 거절결정확정시 출원공개를 해버리나요?",안녕하세요? 임변입니다. 1. 선출원이 공개된 후 선출원주의나 확선 위반으로 거절됩니다. 2. 네. 그렇습니다. 3. 거절결정확정되더라도 선출원이 존재한다는 의미입니다. 출원공개는 되지 않습니다. 열공하세요~, ,,17.08.29
특허법,조문,56조,56조 1항 기간계산 질문이요?,1년 3월 경과시 취하간주로 법조문이 되어있는데 그러면 1995/5/10에 선출원하고 1995/11/9 에 우선권주장시 선출원이 1996/8/10에 취하간주되는게 맞나요?,1996/8/10이 지난 후 취하간주되는 것이 맞습니다., ,,17.08.29
특허법,조문,30조,[30조] 의사에 반한 공지인지 여부?,"임병웅 변리사님 안녕하세요. 다름이 아니라, 공지예외적용사유를 보다가 문득 궁금증이 생겨 질문드립니다. 제30조제1항제1호 특허를 받을 수 있는 권리를 가진자에 의하여 그 발명이 제29조제1항 각 호의 어느 하나에 해당하게 된 경우. 다만, 조약 또는 법률에 따라 국내 또는 국외에서 출원공개되거나 등록공고된 경우는 제외한다. 처음에 제30조제1항제1호 후단을 읽고 '조약 또는 법률에 따라 국내 또는 국외에서 출원공개되거나 등록공고된 경우는 제외한다.'라는 의미가 출원공개되거나 등록공고된 경우는 의사에 반한 공지로 본다라고 생각했습니다. 교재 이지특허법 제16판 396페이지에는 ""2.자기 의사에 반하여 공지 등이 된 경우 2)한편, 출원인이 출원발명이 공개되기 직전에 자신의 발명이 공개되는 것을 원하지 아니하여서 자기의 출원에 대해 취하서를 제출하였으나 특허청장이 출원발명을 공개한 경우에도 특허를 받을 수 있는 권리자의 의사에 반한 공지 등이 된 경우이다."" 라고 나와있기는 하나, 만약 1. 갑이 출원한 발명 A가 조기공개 신청하여 출원공개된 후, 취하된 경우 2. 출원일 후 12개월 이내에 갑이 다시 공지예외적용주장을 하며 발명 A를 출원할 수 있는지 궁금합니다. 제 생각으로는 제30조제1항제1호후단에 따라 국내에서 출원공개되었으므로 의사에 의한 공개라고 볼 수 없고, 그렇다고 의사에 반한 공지라고 볼 수도 없으므로 공지예외주장을 할 수 없다. 라는 결론을 내렸는데 맞는지 제 생각이 맞는지 궁금합니다. 감사합니다. 저작자 표시컨텐츠변경비영리","안녕하세요? 임변입니다. 의사에 반한 공지가 아니기 때문에 공지예외적용주장을 할 수 없습니다. 정리하면 출원공개는 법 제30조제1항제1호의 의사에 의한 공지는 항상 아니고, 법 제30조제1항제2호의 의사에 반한 공지는 해당할 수도 있고 아닐 수도 있다라고 생각하면 됩니다. 열공하세요~", ,,17.08.30
특허법,조문,52조,[52조] 분할출원을 기초로 한 분할출원?,"안녕하세요 변리사님! 父출원은 X이고 최명도는 ABCD, 子출원은 Y이고 최명도는 BCDE(후에 최명도를 BCD로 적법 보정), 孫子출원은 Z이고 최명도는 E라고 했을 때의 질문입니다. Z출원의 최명도가 X의 최명도 범위 이내가 아니기 때문에 소급효는 Y출원까지만 적용된다고 배웠습니다. 그런데 왜 거절이유가 있는 출원Y의 최명도를 기준으로 Z의 분할출원 범위를 따지는지 궁금합니다. 이렇게 되면 X출원의 최명도 내에는 있지도 않던 E라는 발명도 출원하게 되는 점이 확실히 이해가 되지 않습니다. 감사합니다!","안녕하세요? 임변입니다. 실제로 E 발명에 대한 출원을 Y 출원할 때 했다는 것이고, 따라서 분할출원 Z의 특허요건 판단시 Y 출원일까지 출원일 소급효가 인정된다고 하더라도, 전혀 이상하게 않게 됩니다. 이해가 잘 되었는지 모르겠네요. 열공하세요~", ,,17.08.30
특허법,조문,64조,"[64조, 65조] 보정과 재경고",안녕하세요 변리사님! 경고 후 보정을 하여 청구범위가 변경된 경우의 질문입니다. 이 때 최초의 청구범위에는 있던 청구항이지만 보정 후 삭제된 청구항을 실시 하고 있는자에 대해서는 경고로 인한 법률상 효과가 발생하지 않는다고 배웠습니다. (강의노트 P.239 의 乙의 경우) 그 이유가 등록됬을 때의 청구항들을 기준으로 특허권이 발생하고 그 특허권으로 악의의 실시자들에게 보상금을 청구하는 개념으로 이해하면 맞는건가요? 그렇게 되면 보정 후 추가된 청구항을 실시하던 자의 실시에 대해서는 보상금 청구권의 범위가 미치지 않는 것으로 표시가 되는데(강의노트 P.239 丙의 경우) 이부분이 궁금합니다. 감사합니다.,"안녕하세요? 임변입니다. 보정후 추가된 청구항을 실시하고 있던 자에 대해서는, 재경고를 한 때부터 보상금청구권이 발생하게 됩니다. 열공하세요~",변리사님 그러면 보정 전(보정 후 삭제될) 청구항을 실시하던 자에 대해서는 경고 후 보정 전 동안의 실시에 관해 보상금청구권은 행사할 수 없는건가요?,네 그렇습니다. 법 제65조제6항을 생각해 보세요. 등록되지 않은 발명은 보상금청구권이 발생하지 않습니다.,17.08.31
특허법,조문,55조,[55조] 강의노트 198쪽 증명서류 관련 질문입니다.?,다른 질문자의 사진을 가져왔습니다...;; 증명서류의 경우 국내우주에서 증명서류 낼 필요없다고 생각했는데 강의노트 자료에는 증명서류(X)부분이 있어서 질문드립니다.,안녕하세요? 임변입니다. 증명서류는 Y와 Z를 제출합니다. 오타이네요. 열공하세요~, ,,17.09.05
특허법,조문,29조,"[29조, 36조]선출원의지위와 확선의 지위?","안녕하세요, 변리사님. 복습하다가 궁금한게 생겨 질문드립니다. 1. 변리사님 강의노트 79쪽을 보면 '출원발명의 등록금지적 효력' 에서 출원공개 후 공지기술의 지위**를보면 '공지기술의 지위는 공지, 공연실시, 반포된 간행물에 게재, 전기통신회선을 통하여 공중이 이용가능하게 된 경우에 인정이된다. 그중에서 출원공개(x)는 반포된 간행물에 게재에 해당한다. 다만 특허출원(x)자체는 공개되지 않기때문에 공지기술의 지위를 갖지 않는다.' 라고 되어있는데 그렇다면 출원공개(X)시에 공개되는 것은 무엇인가요? 2. 문제에서 '국제특허출원이 특허법 확선의 지위를 가지려면 국내에서 공개된 것이어야한다'(x) -> 확선지위를 가지려면 '국제공개'면 되지 국내공개까지 요구하는 것은 아니다. ' 국제특허출원의 외국어 명세서에 기재된 발명도 공개된경우 확선지윌르 가진다.'(o) 라고 되어있는데 우리나라에서 확선지위를 가지려면 먼저 국내에 진입해야하는것이 아닌가요? 질문에서 묻고 있는것은 국내진입후 국제공개를 말하는것인가요? 3. 갑은 A를 발명하였고, 이 발명을 비밀리에 알아낸 직장동료인 을이 이를 2007년 8월 20일에 공개하였다.이러한 사실을 알지못한 병은 갑과 동일한 발명을 하여 2007년 10월 19일 특허출원을 하였고 갑은 2008년 1월 21일 특허출원하였으며 병의 출원은 2008년 2월 14일 조기 공개되었다. 이 경우 갑은 병의 출원으로 확선지위 또는 선출원지위로 등록을 못받고 병은 을의 공개로 인해 신규성이 적용되어 등록을 못받게되는 것이 맞나요? 4. 출원공개시 최명도도 공개되는지 아니면 보정된것만 공개되는지 궁금합니다. 만약 보정된것만 공개된다면 확선으로 거절할때 판단기준은 최명도인데 최명도가 공개가 되지않는다면 확선으로 거절할때 어떻게 거절이유를 작성하는지 궁급합니다. 항상 부족한 질문에도 열심히 답변해주셔서 감사합니다. 많이 쌀쌀해진 날씨 감기조심하세요!","안녕하세요? 임변입니다. 1. 특허출원은 공지기술이 아니고, 그로부터 1년 6개월이 지난 후 출원공개되었을 때 그 때부터 공지기술이 된다는 것입니다. 2. 국어출원의 경우에는 국내단계에 진입하지 않아도 국제공개를 요건으로 확선의 지위를 인정하고, 외국어출원의 경우에는 국내단계에 진입한 경우에만 국제공개를 요건으로 확선의 지위가 인정됩니다. 법 제29조제7항을 공부해 보세요. 3. 병의 출원은 신규성 위반이고, 갑의 출원은 병의 공개로 인해 확선의 위반입니다. 병의 출원이 신규성 위반으로 거절결정이 확정된다면 선출원의 지위가 없어지기 때문에 선출원 위반이라고 할 수 없습니다. 4. 둘 다 공개됩니다. 열공하세요~", ,,17.09.07
특허법,조문,29조,29조 3항과 분할출원 관련해서 질문있습니다.,문제를 풀다가 지문중 이해가 안되는 말이 있어서 질문드립니다. 29조 3항을 적용함에 있어서 다른 출원이 분할출원인 경우 출원일을 소급시키지 아니하고 분할출원일을 기준으로 한다. 답에는 이것이 틀린 지문이라 나오는데 정확히 어떤 뜻을 의미하는것인지 궁금합니다. 저작자 표시컨텐츠변경비영리,안녕하세요? 임변입니다. 분할출원이 다른출원인 경우 출원일 소급효가 인정되지 않습니다. 맞는 지문입니다. 열공하세요~, ,,17.09.07
특허법,조문,51조,[51조]보정각하,최초거통에 따른 보정이 최초거절이유와 동일하면 거절결정하는 것의 논리가 의문입니다. 최초거통에 따른 보정이 최초거절이유와 동일하면 보정각하 후 보정전 명세서로 심사하여 거절결정한다라고 하면 될것 같으나 51조 보정각하는 47조1항2호와 3호시기에 대해서만 규정이 되어 있고 1호에 대해서만 규정이 없습니다. 이는 47조1항2호와 3호와 달리 1호는 보정을 무조건 인정하기 때문에 그렇다고 하면 명문의 규정이 없는건 이해가 되는데요. 객관식으로 나오면 이렇게 풀면 될 것같은데 서술형에서는 최초거통에 따른 보정이 최초거절이유와 동일하면 보정각하 후 보정전 명세서로 심사하여 거절결정한다라고 똑같이 논리 구성을 펼쳐도 되는지 여부가 궁금합니다,"안녕하세요? 임변입니다. 맞지 않습니다. 보정각하와 거절결정은 무관합니다. 다시 말해서, 거절이유가 동일하다면 보정각하를 하지 않더라도 거절결정을 할 수 있게 됩니다. 열공하세요~", ,,17.09.10
특허법,조문,52조,[52조 2항]분할출원 소급효의 예외 질문드립니다,"분할출원이 확대된 선출원에서 다른 출원에 해당하는 경우 소급효의 예외로 분할출원한 날에 출원한 것으로 본다고 되어있는데 그렇다면 원출원[A], 당해출원[B], 분할출원[B] (원출원에서 B는 삭제보정)인 경우 분할출원은 선출원주의에 의해 거절되는 건가요??","안녕하세요? 임변입니다. 원출원에서 B를 삭제했다고 하더라도, 최초 명세서 또는 도면에 기재되어 있었기 때문에, 분할출원은 원출원일로 출원일 소급효가 인정되고, 따라서, 당해출원B가 오히려 선출원주의에 위반되게 됩니다. 열공하세요~", ,,17.09.14
특허법,조문,42조,"제42조의3, 제47조 외국어특허출원의 보정 질문입니다.?","제 42조의3 5항은 '특허출원인이 제2항에 따른 국어번역문 또는 제3항 본문에 따른 새로운 국어번역문을 제출한 경우에는 외국어특허출원의 특허출원서에 최초로 첨부한 명세서 및 도면을 그 국어번역문에 따라 보정한것으로 본다.'고 하였습니다. 그런데 47조를 보면 번역문을 잘못 제출할 경우 오역정정을 하고 명세서/도면 보정도 수반하여야 한다고 나와 있습니다. 궁금한 점은 오역정정 및 명세서/도면 보정도 함께 해주는 대신 42조의3 3항에 따라 오역된 국어번역문에 갈음하여 새로운 국어번역문을 제출하여 보정효과를 받는것이 가능한 것인지 궁금합니다.(강의노트에서 국어(칼륨) 을 국어(칼슘)으로 오역정정하는 대신 , 국어(칼슘)으로 새로운 번역문을 제출하는 것이 가능한지) 혹시 이것이 가능하다면 새로운 국어번역문을 제출하는 것보다 외국어특허출원을 보정하는 것이 다른 이점이 있는건가 궁금합니다. 감사합니다.","안녕하세요? 임변입니다. 번역문 제출가능기간에는 새로운 국어번역문을 제출하는 것이고, 그 기간이 지났다면 오역정정을 고려하는 것입니다. 열공하세요~", ,,17.09.15
특허법,조문,29조,[29조 1항] 신규성?,"안녕하세요 변리사님. 언제나 빠르고 좋은 답을 해주셔서 감사드립니다. 공부에 정말 큰 도움이 됩니다. ""심사의 대상이 되는 출원의 명세서 중에 종래기술로 기재된 발명의 경우, 출원 전에 공지되었음을 인정하고 청구항에 기재된 발명의 신규성을 판단 할 수 있다.""가 왜 옳지 않은 것인지 모르겠습니다. 발명의 설명 : A 청구범위 : A 라고 기재되어있을때, 이 A가 종래기술이고, 이에 대해 출원인이 공지되었음을 인정한다면 신규성을 판단 할 여지가 없기 때문에 틀린 것인가요?","안녕하세요? 임변입니다. 종래기술(배경기술)에 기재된 것은 종래에 있던 기술이고, 종래에 있던 기술이라고 하여 공지기술이라고 단정할 수 없다는 전합판결에 대해서, 열심히 설명한 강의노트를 참고하세요. 열공하세요~", ,,17.09.16
특허법,조문,29조,[29조] 신규성 - 동일성 판단 기준에 대해 질문드립니다.?,"안녕하세요. 현재 초반부분 수강하는 학생입니다. 29조 1항 신규성에서 동일성 판단 기준에서 내적 부가는 A+B+C 가 공지기술일 경우 A+B가 동일성을 갖추고 외적 부가는 하위개념(구리)이 공지기술일 경우 상위개념(금속)이 동일성을 갖추어 신규성이 없다고 판단하는 것이라 이해하였습니다. 그런데 생각해본 바로는 자전거에서 일부러 브레이크를 뺀 픽시 자전거라든지(내적 부가), 종전까지 원리를 알지 못하여 한 물질만을 구성요소로 사용하던 상품을 추후 원리를 밝혀내어 상위 개념의 여러 물질로서 구현할 수 있게 하는 경우(외적 부가) 상식적인 선에서 신규성과 진보성이 있다고 판단됩니다. 이러한 사례들을 동일성 판단 기준의 예에서는 어떻게 설명하는 지 궁금해서 여쭤봅니다.","안녕하세요? 임변입니다. 단순히, 물어본 사실관계만으로는, 모두 신규성이 없습니다. 열공하세요~", ,,17.09.16
특허법,조문,55조,"[55,56조] 이중우선권주장출원의 등록금지적 효력?","그림에서 공개(Y)가 있으면 Y의 A,B와 X의 A는 공지기술의 지위를 가지게 되는데 강의노트에서 공개(Y)가 없고 공개(Z)만 있는 상황에서 Z의 A,B,C 와 Y의 A,B 와 X의 A 3가지 모두 공지기술이 되는지 X를 제외한 Z,Y만 공지기술이 되는지 궁금합니다.","Z를 Y를 기초로 국내우선권주장을 한 것이고, X를 기초로 국내우선권주장을 한 것은 아닙니다. 따라서, Y의 A, B와 Z의 A, B, C만 공지기술이 됩니다. 열공하세요~", ,,17.09.17
특허법,문제,54조,[54] 조약우선권 국내우선권 주장출원 우선기간 절차보정사유,"객관식 문제집에서 조약우선권 주장출원과 국내우선권 주장출원이 우선기간을 경과하면 절차보정사유라고 해설되어있는데, 이는 법정기간을 경과하여 출원한 것으로서 흠결을 보정으로 치유할 수 없는 중대한 흠결이라고 생각되는데 왜 절차보정사유에 해당하는지 궁금합니다!","모든 법정기간 경과가 불수리되는 것은 아니고, 원칙적으로 불수리되는 것입니다. 한편, 우선권주장출원은 우선권과 출원이 가분이기 때문에, 출원인의 이익의 관점에서 살펴보면, 우선권주장만 무효로 하면 되는 것이고, 출원을 불수리해야 하는 것은 아닙니다. 열공하세요~", ,,17.09.18
특허법,조문,42조,"[42조] 마쿠쉬 청구항, 청구항.?","안녕하세요, 변리사님. 문제풀이 중 궁금한 게 생겨 질문드리게 되었습니다. 청구항이 '(X)또는 (X+a)로 이루어진 탄화수소를 증기상에서 산화시키는 데 사용되는 촉매'로 기재되었을때, 이때 (X)또는 (X+a)로 이루어진 것은 탄화수소인지 촉매인지 헷갈리는데, 청구항에 기재된 발명이 특허의 대상이라는 점을 감안했을 때 촉매에 대한 것으로 이해하는 것이 맞나요? 이런 식으로 청구항을 쓰는 것이 좋은 청구항인지도 궁금합니다. 또 '청구항에는 전달력 증가기구를 기재가 기재되어 있으나, 발명의 설명에는 전달력 가변을 위한 기구가 기재되어 있다~'가 가장 적절하게 작성된 명세서로 보는 이유에 대해서, 전달력 '증가'는 전달력 '가변'의 한 예이기 때문에 청구항보다 발명의 설명의 범위가 더 넓다고 보기 때문인가요? 저작자 표시컨텐츠변경비영리","안녕하세요? 임변입니다. 1. 문의하신 사항은 탄화수소 또는 촉매로 해석될 수 있는 것 같네요. 이해가 안 되면 발명의 설명을 참작하면 됩니다. 2. 네. 그렇습니다. 심사기준에 나와 있는 예시이고, 기본서에도 설명이 되어 있으니 한 번 복습하는 것이 좋을 것 같네요. 열공하세요~", ,,17.09.19
특허법,조문,29조,29조 2항 진보성,진보성을 판단할 때 인용발명을 반드시 2개 이상 조합해야 하나요? 상하위 발명간에는 예를들어 인용발명이 A(상위발명)이고 출원발명이 a(하위발명)인 경우 출원발명은 신규성이 있지만 진보성이 있는지는 따로 고려해봐야 한다고 알고있습니다. 그래서 저는 반드시 인용발명이 2개이상 조합되지 않아도 생각하는데 그러면 이런경우가 상하위발명밖에 없나요? 다른 예시가 또 있나요?,안녕하세요? 임변입니다. 인용발명 1개에 의해 진보성을 부정하는 케이스는 비일비재합니다. 한정한 발명뿐만 아니라 부가한 발명도 마찬가지입니다. 열공하세요~, ,,17.09.21
특허법,조문,33조,"[33조, 44조] 특허청, 심판원 직원의 특허 불허에 관해?","안녕하세요 변리사님. 이번에 특허법 제 33조, 44조를 공부하다가 문득 생각이 들어 질문드립니다. 33조 1항 단서에 특허청, 심판원 직원을 특허를 받을 수 있는 권리는 존재하지만 정책상 특허를 불허하는데, 44조에 의해 해당 직원이 특받권을 공유하고 있을 시 공동출원해햐한다고 합니다. 이 경우 특허 출원을 위해서는 직원이 지분을 이전하는 방법 외에는 없는 것인가요? 저작자 표시컨텐츠변경비영리","안녕하세요? 임변입니다. 네. 그렇습니다. 단독으로 출원해도 특허를 받을 수 없는데, 공동으로 출원한다고 하여 특허를 받을 수 있는 것은 아닙니다. 열공하세요~", ,,17.09.21
특허법,조문,47조,[47조]보정범위 벗어난 경우?,"안녕하세요 ""최후거절이유통지에 대한 보정이 보정범위를 벗어난 것으로 인정되는 경우에도 심판관이 보정각하 결정을 하지 않는 경우가 있다"" 위 지문이 47조 3항 4호를 의미하는게 맞나요? 47조 3항 4호도 보정범위 제한의 일부니까 보정범위를 벗어났다고 하는게 이 조문을 의미하는게 아닌 것 같기도 하고 헷갈려서 질문드립니다!",안녕하세요? 임변입니다. 제51조제1항각호와 법 제170조제1항에서 준용되는 제51조를 말합니다. 열공하세요~, ,,17.09.22
특허법,조문,29조,[29조] 확선 지위 관련 질문입니다!!?,이문제에서 물론 질문의 주된 취지는 확선지위에 관한 질문인 것은 알겠지만 E의 선출원이 아직 출원공개 되기 전이라는 조건이 주어져있어야 하는것 아닌가요? 왜냐하면 출원공개가 돼있는 경우라면 출원인 동일여부에 관계없이 선출원의 최명도에 X용도발명이 기재돼있으므로 후출원은 거절되는것 아닌가요?? 제가 놓치고 있는 부분이있는것인지... 답변부탁드립니다~!,"기출문제를 계속 풀어보면 알겠지만, 객관식은 그렇게 완벽하게 조건이 주어지지 않습니다. 오지선다에서 가장 답에 가까운 것이 객관식입니다. 열공하세요~", ,,17.09.22
특허법,문제,47조,[47조③] 최후거절이유통지의 의견서 제출기간 또는 재심사청구시 보정의 객관적 범위,"보정의 범위에 대해 잘 이해가 가지 않는 부분이 있습니다. 최후, 재심사에 대한 보정은 47② 신규사항 추가금지 47③ 1. 청구범위 감축 (한정, 삭제, 부가) 2. 잘못 기재한 사항 정정 3. 불분명 기재한 사항 명확화 4. 신규사항추가금지 위반되어 거절이유통지받은 경우는 다시 원래 청구범위로 되돌아갈수도 있고 되돌아가면서 1~3호 같이 할 수도 있고 근데 이 시기에 보정이 '직렬적 부가'가 가능하다고 하는데, 좀 이해가 안됩니다. 예를 들어 A+B 로 보정 후 최후통지를 받았는데, 그에 대응한 보정을 A+B+C로 직렬적 부가한다면 청구범위가 좀 더 좁아지는 감축에 해당하여 적법하다고 하는데... 만약 발명의 설명에 C가 있으면...신규사항 추가가 아니므로 적법보정이 되고 발명의 설명에 C가 없으면...신규사항 추가됬으므로 보정각하 되는건가요? 그래서 말인데, 그냥 청구범위가 넓어졌다.좁아졌다 로 판단하면 위험할까요? 아래는 객관식 318번 ④번 지문이 이해가 가지 않아 질문드렸습니다.","안녕하세요? 임변입니다. 이해한 내용이 맞습니다. 별다른 언급없이 직렬적 부가했다는 것은, 최명도에 기재된 내용을 추가했다는 것으로 이해됩니다. 열공하세요~ 답글기능 더보기", ,,17.09.23
특허법,조문,47조,[47조] 권리능력 흠결로인한 보정 질문입니다,다른 일반 기출지문 요약집을 풀다가 아래 그림과 같은 문제에서 질문이 생겼습니다. 1.보정이후 권리능력에 문제가 생긴것이 보정 때문에 생긴 문제면 최후거절이유통지 아닌가요? 2. 보정이후 권리능력에 생긴 문제지만 이것이 보정때메 생긴것이 아니어서 최초거절이유통지인가요? 3. 2번과 같은 내용일때 원래 애초에 출원서에 원시적으로 있는 문제를 최초거절이유통지하는거아닌가요? 근데 이후 생긴문제는 원시적으로 있던게 아니어서 이것도 보정에 의해 생긴건 아니어도 최후거절이유통지해야되는거아닌가요?,안녕하세요? 임변입니다. 권리능력 위반이라는 것이 보정과 상관없이 생긴 거절이유이기 때문에 최초거절이유통지를 합니다. 열공하세요~, ,,17.09.23
특허법,조문,46조,[46조]보정,보정과 정정의 차이가 궁금합니다.,보정은 보충+정정의 줄임말입니다. 열공하세요~, ,,17.09.25
특허법,문제,42조,[42조] 기능적 표현의 의미,이 문제 4번에서 기능적 표현으로 된 청구항이란 기능식 청구항을 말하는 것인가요?? 그렇지 않으면 기능적 표현은 무엇인가요??,기능식 표현이란 기능식 청구항뿐만 아니라 구성요소 일부가 기능적으로 기재된 경우를 말합니다. 어떤 경우이든 특허요건을 판단할 때는 모든 실시예를 포함하는 것으로 해석합니다. 열공하세요~, ,,17.09.26
특허법,조문,47조,[47조]보정?,"여기서 1번이랑 4번 둘다 옳은 지문이라고 되어있는데요. 이번에 직권보정에서 명백한오기라 하여 직권보정가능범위가 넓어진것이 출제의도라고 봤는데요. 1번이랑 4번 둘다 47조1항2호시기에 보정을 했는데 청구항 삭제했다가 그 삭제된 청구항을 인용하는 종속항에 문제 생긴거여서 보정각하의 예외로 최후거통해야하지만, 1번의 경우는 직권보정의범위가 넓어진거를 물어보시기 위해 직권보정도 된다고 하신건가요? 결과적으로 4번도 직권보정되는것 맞나요?","4번의 경우는 명백한 거절이유에 해당하지 않습니다. 명백한 거절이유 중 명백한 잘못된 기재불비란 잘못되었다는 것은 인식할 수 있고, 어떻게 보정할 것인지 예측되는 경우를 말하는데, 4번은 어떻게 보정할 것인지 예측이 안 되기 때문입니다. 명백한 거절이유에 대한 예시를 기본서의 직권보정 파트에 확인해 보세요. 열공하세요~", ,,17.09.26
특허법,조문,42조,[42조] 발명의 설명에서 배경기술,발명의 설명에 배경기술이 아예 기재돼있지 않으면 거절이유인 것이고 기재돼있는데 구체적으로 기재돼있지 않으면 42조 9항 발명의설명 형식적 기재방식 위반으로 보정명령대상인건가요??,"배경기술 항목이 없으면 법 제42조제9항 위반이고, 항목이 있는데 적절하게 기재되어 있지 않으면 법 제42조제3항제2호 위반입니다.",그러면 이문제의 (자) 번은 배경기술 항목이 없다는 걸로 이해할게 아니라 적절하게 기재돼있지 않다는 것으로 이해해야하나요??,자)는 해설이 틀렸습니다. 틀린 내용 잘 찾아 내네요. ㅋ,17.09.26
특허법,조문,42조,[42조] 종속항의 카테고리,종속항 발명의 카테고리가 인용하는 독립항의 카테고리와 같아야 하는 것으로 알고있는데 이에 위반된 경우 어떤 패널티가 있는지가 궁금합니다. 저작자 표시컨텐츠변경비영리,발명이 명확하지 않습니다. 법 제42조제4항제2호 위반입니다., ,,17.09.26
특허법,조문,54조,"[54조,55조] 청구범위제출의 유예, 번역문 제출과 관련하여",특허법 54조 or 55조를 수반하는 특허출원에서 출원시 청구범위 제출하지 않았거나 외국어특허출원인경우(번역문 제출하지 않은 경우) 이 출원을 한 때 이미 우선권 주장의 기초가 되는 출원일부터 1년2개월 or 제3자 심사청구 취지 통지 받은날 부터 3개월중 빠른 날이 지났다면 어떻게 처리하나요??,글 안녕하세요? 임변입니다. 우선권주장은 선출원일로부터 1년 이내만 가능하기 때문에 1년 2개월이 지날 수 없습니다., ,,17.09.26
특허법,문제,47조,[47조] 신규사항추가금지 vs 청구범위 감축?,"임병웅 변리사님, 안녕하세요. 4번지문의 내용이 좀 헷갈려서 질문드립니다. 두 공지의 조합으로 진보성 위반의 최초거절이유 통지를 받은 경우 청구항의 일부 사항을 감축하는 보정을 통해, 진보성이 있는 청구항으로 만드려고 하는데.. 여기서 '감축한다'라는 것은 ⅰ : 직렬적 부가 (ex 라이트 달린 자전거) ⅱ : 상위개념을 하위개념으로 (ex 그 금속은 아연) 을 생각해볼수 있는데...""라이트"", ""아연"" 은 신규사항이 아닌가요? 최명도에는 언급하지 않았던 사항이지 않나요? 아니면 발명의 설명에 있었던걸 끌어왔음을 전제로 하고 읽어야 되는건가요?",안녕하세요? 임변입니다. 후자가 맞습니다. 발명의 설명에 기재된 범위내에서 청구범위를 감축한다는 의미로 이해해야 합니다. 열공하세요~, ,,17.09.26
특허법,문제,54조,[54조]조약우주출원의 판단시점 소급효,"특객풀다가 다음과 같은 보기를 보면서 질문이 생겼습니다. 1.""제2국 출원은 우선권의 기초로 되는 제1국 출원시에 출원한 것으로 본다.""(X) 2.""제1국 출원과 제2국 출원 사이에 그 출원에 관한 발명이 타인에 의해서 공표되었다면 그에 의해 우선권주장출원이 거절되거나 특허가 무효로 된다.""(O) 1번 지문의 경우 조약우주출원의 효과는 출원일의 소급이 아닌 판단시점 소급이라고 너무 많이 들어서 바로 아니라는 걸 골라낼 수있었습니다. 그런데 '2번 지문의 경우 제1국 출원과 제2국 출원 사이에 내가 출원하려는 a발명에 대해 누군가 공개를 하였다면 내 국내출원이 제1국 출원일로 소급이 되었다면 신규성을 잃지 않겠지만 출원일 자체는 국내출원일로 보아야 하므로 신규성을 잃었다고 봐야한다.'라고 생각했는데요. 사실 이렇게 하면 문제를 틀려서 '문제풀때는 조약우주출원은 출원일이 소급되는건 아니지만 출원일이 소급되는것처럼 생각하고 풀자'라고 생각하고 풀어왔습니다. 서론이 길어졌는데요. 1번지문과 2번지문을 풀면서 정확히 출원일 소급과 판단시점 소급이 무슨차이가 있는지 궁금합니다. 제가 보기에는 별차이가 없는것같아 의문이 들어 질문드립니다. 저작자 표시컨텐츠변경비영리",2번은 틀린 지문입니다. 우선권주장출원이 거절되거나 특허가 무효로 되지 않습니다. 열공하세요, ,,17.09.27
특허법,조문,30조,[30조] 공지예외주장에 관한질문입니다.?,"무권리자가 모인,도용등을 통해 출원한 후 출원공개 및 등록공고가 이루어진 상황에서 정당권리자는 '정당권리자 출원을 통한 출원일 소급' 또는 '특허권 이전청구'를 통해 특허권을 찾아 올 수 있다고 배웠습니다. 그런데 이러한 절차에 의하지않고 일반적인 출원을 통해서도 공지예외주장을 하면 특허 등록이 가능한것인지요? 교재에서 배우기론 출원공개나 등록공고가 출원인의 의사에 반하여(특허청의 착오등으로) 공지된 경우 공지예외주장을 받을 수 있다고 이해했습니다. 그런데 무권리자 출원에 의한 출원공개나 등록공고 역시 정당권리자가 공지예외주장을 할 시에 신규성이나 진보성 등이 문제되지 않게 되는것인가요? 만일 그렇다면 무권리자의 출원은 선출원의 지위가 없고 발명자 역시 정당권리자로서 동일하기에 확선또한 문제되지않아 정당권리자는 '정당권리자 출원'이나 '특허권 이전청구' 의 방법을 통하지않고 '공지예외주장' 만으로도 특허를 받을 수 있는지 궁금합니다. 이해가 되지않는점이 많아 횡설수설한것같아 죄송스럽습니다.. 꼭 알고싶습니다!! 감사합니다 ^^ 저작자 표시컨텐츠변경비영리","공개된 후에 정당한 권리자가 출원한 경우는, 무권리자 출원은 선출원의 지위가 없기 때문에 선출원주의 위반이 아니고, 확대된 선출원의 지위는 공개가 앞에 있기 때문에 적용이 되지 않고, 신규성, 진보성 위반이 문제가 되는데, 무권리자의 공개는 의사에 반한 공지에 해당하고, 따라서 그 날로부터 12개월 이내에 출원했다면 특허를 받을 수 있습니다. 열공하세요~", ,,17.09.27
특허법,조문,52조,"[52조, 62조, 시행규칙 11조] 분할출원 거절이유, 불수리?",안녕하세요 분할/변경 출원의 출원인이 원출원의 출원인과 일치하지 아니한 경우는 불수리사유인데 예를 들어 특받권이 공유인데 분할/변경출원을 1인 단독으로 했을경우 44조로 거절되는건가요 아니면 불수리되는건가요?? 특받권이 공유인데 1인이 단독으로 분할/변경출원한 경우는 '해당 특허에 관한 절차를 밟을 권리가 없는 자'에 해당되지는 않아서 44조로 거절될 것 같은데 맞을까요? 항상 답변해주셔서 감사합니다!!,"안녕하세요? 기본서에 나와 있는 것과 같이, 불수리됩니다. 방식심사에서 통과되어야 실체심사로 넘어가는데, 이 경우에는 방식심사를 통과해 주지 않겠다는 것입니다. 열공하세요~ 답글기능 더보기", ,,17.09.27
특허법,조문,47조,[47조] 최초거절이유 통지를 해야하는 경우 (심사기준),"특허 실용신안 심사기준 (2017) , 5330p 에 나온 내용입니다. 이와 같은 내용으로 특허법 기본서에 나온 내용은 ""거절결정불복심판에서 취소환송된 출원은 취소환송 전의 거절이유통지에 대한 보정에 따라 발생한 거절이유를 발견한 경우 최초거절이유를 통지한다."" 입니다. 이 내용이 잘 이해가 되지 않습니다. 아래의 내용을 말하는 게 맞나요? 설명하기도 곤란해서 그림으로 그렸습니다. (그림이 작으니 클릭!) 실제로는 32조위반이 아니므로 취소환송 후 이에 대해선 거절이유통지를 하지는 않을것이고 (즉 최초거통을 하라는 규정의 대상이 될 수 없음) 거절이유통지를 할려면 실제로 존재한 거절이유가 따로 있어야 하기 때문일것이라 생각이 들다보니 위의 경우일것 같은데... 너무 기교적으로 생각하고 있는건 아닌가 모르겠네요 제 질문 이해가 가시나요?","최초거절이유통지한다는 의미를 정확히 이해하고 못하고 있어서 헷갈리는 것 같습니다. 이는 거절이유가 발견된 경우에 통지한다는 것이고, 거절이유가 발견되지 않았다면 당연히 특허결정을 하게 됩니다. 따라서 질문한 예시는 적절한 케이스입니다.", ,,17.09.27
특허법,조문,53조,[53조] 변경출원 가능 시기?,"그 실용신안등록출원에 관하여 최초의 거절결정등본을 송달받은 날부터 30일(「실용신안법」 제3조에 따라 준용되는 이 법 제15조제1항에 따라 제132조의17에 따른 기간이 연장된 경우에는 그 연장된 기간을 말한다)이 지난 경우에는 변경출원 할 수 없다. 그런데, 거절이유통지 없이 곧바로 특허결정 받은 경우, 특허결정 받은 후에도 변경출원할수 있고 정확히는 특허결정등본 송달 ~3월 (단 설정등록이 먼저 있으면 설정등록 전 까지만) 변경출원한다고 하는데.. 해당 조문의 근거는 어디에 있는지요? 분할출원과 보완수수료 납부후의 공지예외주장·증명서류의 경우는 그러한 기간에 대해 명문의 규정이 있지만 변경출원은 그러한 기간 규정이 없는것 같습니다. 설정등록까지 되면 특허권을 획득한 마당에, 변경출원, 분할출원, 공지예외주장·증명서류 제출은 더이상 출원인에게 실익이 없는 점 때문인가요? 저작자 표시컨텐츠변경비영리","변경출원은 원출원의 출원계속 중에 할 수 있고, 출원계속 중이란 출원의 무효, 취하, 포기, 거절결정확정전이나 설정등록되기 전을 말합니다.", ,,17.09.27
특허법,문제,34조,"[34,35,99의2] 정당한 권리자의 보호?",이 문제에서 (가)번 지문은 맞는 것 아닌가요?? 거절결정확정일부터 30일인데 거절결정확정일 다음날이 기산일 아닌가요??,오전 0시부터 시작하니 초일이 기산일이 됩니다. 열공하세요~, ,,17.09.27
특허법,문제,34조,"[34, 35, 99의 2] 정당한 권리자의 보호",이 문제 모두 틀린 지문이라고 해설에 돼있는데 해설 보면 (마)는 맞다고 돼있는데 오류인거죠? 그리고 (사)는 왜 틀린 지문인지 모르겠습니다..ㅠ 35조 절차에 의하지 않고 99조의 2에 따라 이전등록청구 할수 있는거아닌가요??,"(사)도 맞는 지문입니다. 즉, (마), (사)가 옳은 지문입니다. 10월달에 정오표 나오니 참고하세요~", ,,17.09.27
특허법,조문,55조,"[55조]이중우선의 확선,선출원,공지기술의 지위?","甲은 2016.3.15에 발명A에 대해 국내출원X하고 2016.6.2에 X출원을 기초로 발명A,B에 대해 국내우주출원Y하였으며 2017.3.13에 Y출원을 기초로 발명A,B,C에 대해 국내우주출원Z를 하였습니다. Q)이때 X,Y,Z출원의 확선, 선출원,공지기술의 지위가 위의 그림이 맞는지 궁금합니다. ->1)우선 X,Y출원은 국내우주출원의 원출원이므로 출원공개 되기 전 취하간주되므로 확선,선출원, 공지기술의 지위가 없다고 보았습니다. 2)위의그림은 Z출원이 가지는 확선,선출원,공지기술의 지위만 그렸습니다. 3)Z출원의 출원공개시점은 최선일로부터 1년6개월인데 Z출원은 이중우선이므로 최선일이 X가 아닌 Y출원일로 보아 Y출원일로부터 1년 6월이 지난시점인 2017.12.2에 출원공개된다 보았습니다. 4)이때 A,B,C발명의 이중우선일때의 판단시점소급효를 생각했을때 A,C의 판단시점은 2017.3.13이고 B의 판단시점은 2016.6.2이므로 이를 기준으로 확선과 선출원의 지위를 위와 같이 하고 공지기술은 Y출원과 Z출원의 최명도로 하였습니다. 위의 질문과 논리적 흐름이 맞는지 알려주시면 감사하겠습니다. 질문이 길어서 죄송합니다. 저작자 표시컨텐츠변경비영리","Z출원과 관련해서는 다 맞는데, 다만 Z출원이 공개된 때부터 Y의 A, B도 공지기술의 지위를 가지게 됩니다.", ,,17.09.28
특허법,조문,29조,[29조3항] 확선에서 분할변경출원의 타출원지위?,"분할 변경 출원의 경우에는 확선의 타출원의 지위가 원출원일로 소급되지않는데 이는 최초출원당시에 기재되어있지 않은 발명이라도 분할변경출원의 청구범위가 아닌 발명의 설명 또는 도면에 포함될 수 있기 때문이라고 하는데, 그러면 만일 분할변경출원한 명세서 뿐만아니라 원출원에 A라는 발명이 명세서에 기재되어 있다고 하더라도 그 A발명은 확선 지위가 없다는 거 맞나요?",네. 다른 출원의 지위를 적용할 때는 항상 소급효가 인정되지 않습니다. 답글기능 더보기 이전 목록으로 이동 1 다음 목록으로 이동, ,,17.09.29
특허법,문제,30조,[30조] 공지예외적용주장 객관식?,"안녕하세요 변리사님 객관식 문제중 (가)에서 A'는 진보성이 상실될 수도 있다. 라고 되어있는데 Y출원은 30조 주장을 수반한 국내우주이므로 A뿐만 아니라 A'도 30조의 효과를 받아, X출원이 조기 공개되어도 A'는 공지기술에 대해 신규성,진보성 판단을 안하지 않나요? 아니면 17.10.1일에 공개에 대해 추가로 30조의 주장을 해야지 신규성,진보성 판단을 안하나요? 답변에 미리 감사드립니다","안녕하세요? 조기공개신청에 의한 공개는 법 제30조제1항각호의 사유, 즉 의사에 의한 공지도 아니고 의사에 반한 공지도 아니기 때문에, 공지예외적용주장을 할 수 없습니다. 답글기능 더보기", ,,17.09.30
특허법,조문,30조,[30]공지예외적용?,"주장 관련하여, 법조문에는 12개월이라 나와있고 이지특허법에는 1년이라 기재되어 있는데 상관 없는 건가요?",, ,,17.10.01
특허법,조문,55조,"[55,56] 국내우선권주장출원에 대한 질문?",국내우선권주장출원을 원출원으로 한 분할출원이 존재하는 경우에 국내우선권주장출원은 그 선출원일부터 1년 6개월이 지난 후에 출원공개되는데 그 분할출원은 그때 공개되는 것이 아니라 그냥 원출원인 국내우선권주장출원일로부터 1년 6개월이 지난 후에 출원공개되는 것인가요??,"1년이나 12개월 모두 기간 계산에 의하면, 역법에 의하기 때문에 상관없습니다.", ,,17.10.01
특허법,조문,30조,"[30, 55] 국내우선권주장 및 공지예외주장 관련하여 질문드립니다 ","1. 국내우선권주장출원 관련해서, 발명자가 A 에 대해 출원하고, 발명 A+B 를 개발한 경우 발명 A+B 에 대해 별도의 출원을 하는 것과 국내우선권주장출원을 하는 것이 어떠한 실익이 있죠? 나중에 등록되었을 때 일원화하여 관리를 용이하게 하는 것 말고 등록가능성과 관련하여 (선원주의, 확선, 신규성, 진보성 등등) 실익은 없는 건가요? ^^ 2. 공지예외주장 (30조) 관련해서, 갑의 출원이 출원공개 또는 등록공고 된 경우에, 거기에 대해 갑이 새로운 출원을 하면서 공지예외주장 (30조) 을 할 수 있나요? (만약 할 수 있다면 '의사에 의한 공지' '의사에 반한 공지' 중 어떤 것인지도 궁금합니다~ ^^) 즐거운 추석 연휴 보내세요~~ ^^ 저작자 표시컨텐츠변경비영리","1. 등록가능성과 관련하여 실익이 없습니다. 다만, A의 심사청구기간과 존속기간을 우선기간만큼 연장하는 효과를 가질 수 있습니다. 기본서의 취지 파트를 읽어 보세요~ 2. 할 수 없습니다. 제목이 질문규칙에 맞지 않군요. 수정해 주세요. 행복한 추석되세요~", ,,17.10.01
특허법,조문,47조,[47조] 보정범위,(다)의 경우 보정후 청구범위는 신규사항 추가가아니라 청구항에 부가하여 청구범위를 감축하는 경우로 보아 47조 3항 1호에 해당하는 것 아닌가요? 감축하는 경우에도 새로운 구성요소가 부가되는것이니 항상 최명도 범위 안에 있던걸 골라야하나요?,"네, 법 제47조제2항과 제3항은 독립된 보정요건이고, 각각 만족해야 합니다.", ,,17.10.02
특허법,조문,51조,[51조] 보정각하,"교재 p.443에 있는 예시에서 네 번째 예시에서 청구항 1: A+B로 이루어진 장치 [최후거절이유통지] 청구항1이 인용대상1에 의하여 진보성 없음 [최후보정 후의 명세서] 청구항1: A+B+C로 이루어진 장치 (인용대상 1과 인용대상 2에 의하여 진보성 없음) 일 때 다른 인용범위로 인해 진보성 없음이 생겨났으므로 새로운 거절이유의 발생 이라고 하여 보정각하를 하고 보정 각하 때문에 보정 전의 청구항 1 : A+B로 이루어진 장치 로 진보성 결정을 하였는데 두번째 예시 청구항 1 : A+B 로 이루어진 장치 청구항 2 : A+B+C로 이루어진 장치 [최후거절이유통지] 청구항1, 청구항2는 인용대상에 의해 진보성 없음 [최후보정 후의 명세서] 청구항 1 : 삭제 청구항 2 : A+B+C+D로 이루어진 장치 에서도 마찬가지로 보정이 인정되고 청구항 2가 진보성이 있을 경우 특허결정을 하는데, 진보성이 없을 경우에는 인용대상 비교를 하여 같은 거절범위인지 다른 거절범위인지 판단 하고 다른 거절범위일 경우 진보성 없음 이라는 새로운 거절 이유가 발생했으므로 보정을 각하하고 보정 전의 청구항 1,2로 판단해야 하는 것이 아닌가요? 책에는 단순히 보정인정, 청구항2가 진보성 없는 경우 특허결정 각하 라고 적혀있어서 여쭤봅니다.","보정 때문에 새로운 거절이유가 발생하지 않았기 때문에, 즉, 인용대상도 같고, 진보성 위반도 같아서 거절이유가 동일하기 때문에, 보정을 인정한다는 것입니다. 다른 거절이유였다면 사실관계에서 적시를 했을 것입니다.", ,,17.10.03
특허법,조문,47조,"[47조,51조] 원문,번역문,오역정정 및 보정","이 문제를 풀때는 국어번역문을 중심으로 놓고 원문(or 보정된 명세서), 오역정정을 비교하는 건가요? 4번을 예시로 들어 설명해주시면 감사하겠습니다 또한, 보기2번과 다른점이 알파벳외에도명세서 보정에 -표시가 없다는건데 무슨 차이가있을까요?","법조문 그대로 해석하면 됩니다. 4번을 적용해 보면, 명도의 보정(국어번역문: B)가 원문(원문: A)과 번역문(오역정정: A)의 범위를 벗어났기 때문에 법 제47조제2항전단과 후단 위반입니다. 2번을 적용해 보면, 명도의 보정(국어번역문: A)가 원문(원문: A)과 번역문(오역정정: B)의 범위를 벗어났기 때문에 법 제47조제2항 후단 위반입니다. 열공하세요~", ,,17.10.03
특허법,문제,29조,(29)확선에서 출원인이 2인 이상인 경우,"안녕하세요 객 162쪽 확선 관련 문제 보기 4번 지문 질문드립니다. 다른 출원은 갑과 을의 공동출원이고 그 출원은 갑의 단독출원인 경우 그 출원에 29조 3항 적용 가능하다 지문이 맞는 지문이라고 되어 있는데 해설에는 한편, 출원인이 2인 이상인 경우 전원이 완전히 일치하여야 한다 라고 되어있어 질문 드립니다. 답이 잘못되어있는건가요?",안녕하세요? 전원이 일치하지 않으니 법 제29조제3항 위반이라는 것입니다. 열공하세요, ,,17.10.04
특허법,문제,29조,[29조②] 진보성 판단시 2이상의 문헌 조합과 그 조합의 요건,"객관식 143번 입니다. 문제) 진보성 판단에 있어서, 선행기술 인용에 관련된 설명이다. 가장 적절치 못한 것은 ②번 지문 : 진보성 판단시에는 2이상의 문헌을 조합시켜서 판단할 수는 있으나, 그 조합이 해당 발명의 출원시에 그 발명이 속하는 기술분야에서 통상의 지식을 가진 사람에게 자명한 경우에 한한다. (O) 해설)신규성 판단과의 차이점이라 할 수 있다. 질문 : 조합이 통상기술자에게 자명한 경우에 한하여, 2이상의 문헌(선행기술)을 조합시켜서 진보성을 판단할 수 있다. 로 바꿔 쓸 수 있는데, 조합이 자명하다는 것은 통상기술자에게 따로 조합방법에 대해 설명해주지 않고도 통상기술자가 스스로 조합을 생각할 수 있다는 말일까요? (진보성 요건인 '쉽게 발명'의 개념과는 조금 다른 의미로서) 기본서를 찾아보면 ""자명하다""는 의미가 보통 ""공지공용""되어 누구나 다 알수 있는 것 이라는 의미인것 같아서요.",네. 그렇습니다. 기본서를 읽어보면 상세히 설명되어 있습니다., ,,17.10.04
특허법,문제,29조,[29①각호] 납품계약 체결시 비밀유지에 관한 특약이 존재와 납품업자에게의 공지,"객관식 130번 문제입니다. ①납품계약 체결시 비밀유지에 관한 특약이 존재하게 되면 그 계약의 체결 사실만으로는 신규성이 상실되지는 않는다. (O) ""그 계약의 체결 사실만으로"" 라는 말은 ""계약만 체결하고 아직 납품업자에게 공지는 없었다"" 는 뜻인거죠? 아래는 제가 지문을 각색해봤습니다. ⅰ)납품계약 체결시 비밀유지에 관한 특약이 존재하고, 그 납품업자에게 공지를 하지 않은 경우 신규성이 상실되지 않는다. ⅱ)납품계약 체결시 비밀유지에 관한 특약이 존재하고, 그 납품업자에게 공지를 하였더라도 신규성이 상실되지는 않는다. 둘다 옳은 지문인가요?",네, ,,17.10.04
특허법,문제,55조,"(55,56) 이중우주 확선지위",안녕하세요 객 400쪽 ㄹ번 보기 질문입니다. 갑의 출원 z는 a에 대해서 이중우주이므로 출원y의 발명 a에 대해서는 확선의 지위를 가지지 않는 것이 옳은 것 아닌가요?? 감사합니다,"안녕하세요? 출원Z가 이중우주이고, 출원Y는 이중우주가 아닙니다. 출원Y는 공개후 취하되었기 때문에 법 제55조제4항의 확선 지위를 가지게 됩니다. 강의노트의 그림을 참고해서 그려 보면 도움이 될 것 같네요. 열공하세요~", ,,17.10.04
특허법,조문,42조,[42조의3] 외국어특허출원 보정과 관련하여,안녕하세요 임변리사님! 외국어특허출원과 관련하여 궁금한 것이 있어 질문을 드립니다! 강의 노트에 따르면 [Ca]로 외국어 특허출원을 하고 [칼륨]으로 번역문을 제출하게 되면 출원[Ca]이 출원[K]로 보정이 된다고 하였습니다. 이때 1. 번역문과 보정서가 말 그대로 서류 2개가 생성이 되는건가요 아니면 번역문 자체를 보정서로 보게 되는건가요? 1-2. 번역문 자체를 보정서로 보게 된다면 향후에 47조2항을 만족하기 위해 보정서를 재보정할 때 다시 원문으로 바꾸는건가요? 감사합니다!,"안녕하세요? 1. 서류 2개가 생성된다고 이해하면 됩니다. 2. 번역문은 오역정정 (칼슘)으로 하고, 재보정은 다시 (칼슘)으로 하면 됩니다. 열공하세요~", ,,17.10.05
특허법,문제,55조,[55] 국내우선권 주장출원의 기초가 되는 선출원의 요건,"객관식 386페이지 ⑤번 지문입니다. 문제)특허출원 등에 의한 우선권제도(국내우선권제도)와 관련하여 다음 설명 중 맞는 것은? ⑤우선권주장의 기초가 되는 선출원은 자기의 선출원인 경우 어떠한 발명이든 무방하다. (X) 국내우선권주장출원의 기초가 되는 선출원의 요건으로서 1. 무효,취하,포기, 특허여부 결정 되지 않았을 것 2. 분할출원, 변경출원 아닐 것 3. 특허출원,실용출원일 것 인데, 문제에선 '어떠한 발명'이든 무방하다고...출제하신 의도가 ""발명의 종류에는 제한이 없다""..라고 이해하면 안되는거죠? 배운 바로는 발명의 종류로서 기본발명, 개량발명 / 독립발명, 종속발명 / 선택발명 등...이 있는데 이런걸 얘기하고 있는건가 해서요.",선출원의 요건을 충족해야 한다는 의미로 이해해야 합니다., ,,17.10.05
특허법,문제,42조,[42조의3⑥⑦] 보정기간 내 최종국어번역문 오역정정,"객관식 246페이지 ②지문입니다. 문제) 외국어특허출원에 대한 설명 중 옳은 것은? ②특허출원인은 보정을 할 수 있는 기간(제47조제1항)에 최종 국어번역문의 잘못된 번역을 정정할 수 있다. 다만, 최초거절이유통지에 따른 의견서 제출기간 내 정정을 하는 경우에는 마지막 정정 전에 한 모든 정정은 처음부터 없었던 것으로 본다. (X) 제42조의3(외국어특허출원 등) ⑥ 특허출원인은 제47조제1항에 따라 보정을 할 수 있는 기간에 최종 국어번역문의 잘못된 번역을 산업통상자원부령으로 정하는 방법에 따라 정정할 수 있다. 이 경우 정정된 국어번역문에 관하여는 제5항[보정효과]을 적용하지 아니한다. ⑦ 제6항 전단에 따라 제47조제1항제1호[최초] 또는 제2호[최후]에 따른 기간에 정정을 하는 경우에는 마지막 정정 전에 한 모든 정정은 처음부터 없었던 것으로 본다. 틀린 지문이라는데, 어디가 잘못됬는지 잘 모르겠습니다. 문제지문과 법조문간 다른 점은 '최후거절이유 통지에 따른 기간'이 없고 있고인데...그렇다해도 틀린지문은 아닌것 같아서요","옳은 지문이네요. 답을 2, 3번으로 수정해 주세요. 정오표에 추가해야 하는 사항을 알려 주셔서, 감사합니다~", ,,17.10.05
특허법,문제,36조,[36조]특허가 무효확정 되더라도 확선지위 공지지위 유지.?,"객관식 178페이지 ③번 지문입니다. ③甲이 2016년 4월 8일에 특허출원을 하여 2017년 10월 8일자로 출원공개가 되었으며, 乙은 동일한 발명에 대해 2017년 10월 8일에 출원을 하였다. 이 경우 甲의 출원이 2017년 11월 10일자로 무효가 되었다 하더라도 乙의 출원은 특허를 받을 수 없다. (O) 해설에 의하면 甲출원은 무효로 되었으므로 선출원지위는 없지만 출원공개 후 무효가 된 경우이므로 확선지위 공지지위는 있다고 얘기하고 있습니다. 乙출원은 확선 또는 신규성 위반으로 거절 받게 될 텐데... 만약 甲출원이 무권리자출원으로 무효가 된 것이고, 乙출원이 정당권리자 출원인 경우에는 乙출원은 발명자 동일로 확선위반을 극복할 수 있을 것이고 신규성 위반은 의사에 반한 공지로서 공지예외주장을 하여 극복할 수 있을 것이고 무권리자甲의 특허권이 무효심결 확정~30일 내 乙이 정당권리자 주장 출원을 한다면 乙의 출원도 특허를 받을 수 있다고 생각할 수는 없는건가요? 저작자 표시컨텐츠변경비영리","객관식에서 절대적 명제로 놓고 보면 틀리지 않았다고 물어보는 것은 어리석은 질문입니다. 객관식은 가장 옳은 것, 틀린 것을 찾는 것이고 절대적 진리를 추구하지 않습니다. 또한, 지문은 가정하고 있지 않은데, 계속 가정을 하면서 객관식 문제를 푸는 것은 바람직하지 않은 태도입니다. 객관식답게 문제를 풀어야 합니다~", ,,17.10.05
특허법,문제,36조,[36조]특허출원 포기 후 동일인이 동일발명에 대해 출원하여 등록받을 수 있는지,"객관식 172페이지 2번 지문입니다. ②특허출원을 포기한 때에는, 그 특허출원인은 다시 동일발명에 대해 특허를 받을 수 있다. (O) 해설 : 특허출원의 포기는 선출원의 지위가 인정되지 않으므로 공개되지 않았다면 출원하여 특허받을 수 있다. 우선권주장출원이 아님을 가정하고 조기공개신청이 없었다고 가정하면 질문1 : 甲이 출원(X) 후, 출원일~1년6월후에 출원공개가 있고, 그 후 출원(X를 포기한 경우에는 그 출원공개~1년 내 다시 동일한 발명을 출원(B)하면서는 그 출원공개에 대해 공지예외주장이 불가하죠?? (§30①1호 단서) 제30조(공지 등이 되지 아니한 발명으로 보는 경우) ① 특허를 받을 수 있는 권리를 가진 자의 발명이 다음 각 호의 어느 하나에 해당하게 된 경우 그 날부터 12개월 이내에 특허출원을 하면 그 특허출원된 발명에 대하여 제29조제1항 또는 제2항을 적용할 때에는 그 발명은 같은 조 제1항 각 호의 어느 하나에 해당하지 아니한 것으로 본다. 1. 특허를 받을 수 있는 권리를 가진 자에 의하여 그 발명이 제29조제1항 각 호의 어느 하나에 해당하게 된 경우. 다만, 조약 또는 법률에 따라 국내 또는 국외에서 출원공개되거나 등록공고된 경우는 제외한다. 질문2: 출원(A) 포기로 인하여 출원(A)는 선출원지위는 없지만 공지예외 시킬수가 없는 출원공개로 공지지위는 존재하므로, 그 후 동일인이 다시 동일발명 출원하면 신규성 상실로 거절받게 되는거죠? 즉, 문제집 해설의 반대해석으로서 특허출원이 공개 후 포기된 경우에는 그 특허출원인은 다시 동일방명에 대해 특허를 받을 수 없다.,,,고 한다면 맞는 지문인가요?",1. 네 2. 네, ,,17.10.05
특허법,조문,시행령5조,[시행령 5조2항]객관식문제집 질문있습니다,보기 중에 “청구항은 적정한 수로 기재할 수 있다”라는 보기가 있는데요. 시행령 5조2항에는 “기재하여야 한다”라고 나와 있어서요. 이 경우에는 위 보기가 틀리다고 해야하지 않을까요? 문제집에는 맞는 걸로 되어있어서 질문드립니다. 이번년도 객관식 문제집 261페이지에 3번보기입니다. 사진 첨부합니다.,기재하여야 한다가 맞습니다. 정오표에 반영하겠습니다~, ,,17.10.06
특허법,조문,54조,[54조] 조약우선권주장 증명서류 관련 질문 드립니다.?,"54조 4항을 보면 우선권을 주장한 자는 제1호의 서류 또는 제2호의 서면을 제출하여야한다. 다만, 2호의 서면은 산업통상자원부령으로 정하는 국가의 경우만 해당한다라고 되어있습니다. 이말은 산업통상자원부령으로 정하는 국가의 경우라도 1호의 서류만 제출해도 된다는 뜻 아닌가요? 17년도 기출(특객 402페이지 ①번)을 보면 ① 국내우선권주장 출원은 선출원의 증명 서류를 제출할 필요가 없고, 조약우선권 주장 출원은 산업통상자원부령으로 정하는 국가의 경우 최초로 출원한국가의 정부가 인증하는 서류로서 특허출원의 연월일을 적은 서면, 발명의 명세서 및 도면의 등본만을 증명 서류로 제출하면 인정된다. 라는 지문이 틀렸다고 되어있습니다. 산업통상자원부령으로 정하는 국가의 경우는 출원번호 및 접근코드만 제출해도 되기때문에 오답이라고 되있는데 ①에 적여진 내용이 54조 4항 1호의 서류 내용이기 때문에 맞는게 아닌가요? 특객 다른 문제에도 산업통상자원부령으로 정해진 국가의 경우 출원번호 및 접근코드를 제출하는 경우가 아니라면 다 옳지 않다고 설명되어있어서 질문 드립니다.","사실 참 애매한 문제인데요. 1호만 제출할 수 있고, 2호는 제출할 수 없다는 관점으로 문제를 이해하면 틀린 지문이고, 1호와 2호의 서류 중 하나만 제출하면 된다는 관점에서 보면 맞는 지문입니다. 어쩔 수 없습니다. 그게 객관식입니다.", ,,17.10.06
특허법,조문,55조,"[55조] 국내우선권주장의 보정,추가에 관한 질문드립니다","우선권주장을 한 경우, 최선출원일부터 1년4월까지 우선권주장의 추가를 할 수 있는데요. 만약 A출원이 2017.1.1 에 출원되었고, B출원이 2017.3.1 에 출원된 상태에서 C출원을 2017.5.1 에 하면서 우선권주장의 기초로 B출원만 한 상태라면, A출원일부터 1년4월 후인 2018.5.1 까지 A출원을 기초로 하는 우선권을 추가할 수 있잖아요. 근데 이 경우에 선출원이 선출원일부터 1년3월 후 취하간주된다는 규정이 있어서, 이 경우에는 A를 우선권주장 추가하자마자 A출원이 취하간주되는 것인가요? 저작자 표시컨텐츠변경비영리",네. 그렇습니다. 열공하세요~, ,,17.10.07
특허법,문제,45조,[45조] 객관식문제 질문있습니다,"첫번째 사진이 질문입니다. (올해 객관식 p.284 (마)보기) 이 청구항들이 단일성을 만족하는지에 관한 것인데요. 청구항 2에서 B는 A로 제조되었다는 것을 알 수 있고 따라서 청구항 1과 2는 A가 공통되어 단일성이 있다고 해설에 나와 있습니다. 그런데 B와 난연재로 구성된 C는 A와 단일성이 없다는 것이 해설인데요. C가 B를 구성요소로 가지고 있다면, A로 제조된 B이기 때문에 A와 C도 A라는 공통요소가 있다고 해야 하지 않을까요? 두번째 사진은 바로 옆 문제인 p.285 2번보기인데요. 이 경우에는 청구항들의 단일성이 만족된다고 나와 있습니다. 저는 이 두 케이스가 같은 경우 같은데, 차이점이 있을까요?","B가 A로 제조되었을 수도 있고, 다른 물질로 제조되었을 수도 있기 때문입니다.", ,,17.10.07
특허법,조문,52조,"[52조, 42의3조 등] 분할출원 및 외국어특허출원 관련","52조1항 단서 : 원출원(X)이 외국어특허출원인 경우 국어번역문을 제출하여야 분할출원이 가능하고 52조5항 : 분할출원(Y)이 외국어특허출원인 경우 52조2항에 의해 소급한 원출원의 출원일에 따른 국어번역문 제출시기가 지난 후에도 분할출원(Y)을 한 날부터 30일이 되는날까지 국어번역문을 제출할 수 있다고하였는데요. 만약 원출원(X)과 분할출원(Y)가 모두 외국어출원인 경우를 가정할 때, 1) 두가지 출원이 모두 외국어출원인경우의 상정이 가능한지요? 2) 가능하다면, 분할출원의 출원시기가 원출원의 출원시로 소급함에도 불구하고, 예외적으로 심사청구시기 번역문 제출시기는 59조3항과 52조5항 본문에 따라 아래 그림과 같이 분할출원(Y) 출원 후 30일 이내로 하여야하는 것으로 보는게 맞는지요?",네 가능합니다. 2. 네. 그렇습니다. 열공하세요~, ,,17.10.07
특허법,조문,29조,[제29조1항본문] 부적법한 기탁 절차의 취급,"이지특허법 80쪽에 '기탁과 관련한 절차가 무효가 된 경우, 발명의 성립성이 없기 때문에 법 제29조1항본문 또는 법 제42조3항1호 위반을 이유로 거절이유, 정보제공사유, 특허무효사유에 해당한다(대법원 2005.9.28 2003후2003)' 적혀있는데, 개정법을 적용할 경우, 29조1항본문 위반으로 취소사유에도 해당하는지 궁금합니다! 저작자 표시컨텐츠변경비영리",네. 제29조제1항본문 위반으로 취소신청을 할 수도 있습니다. 열공하세요~, ,,17.10.09
특허법,조문,42조,[42조4항1호]입법 취지에 관해,안녕하세요! 임병웅 변리사님 대법원 2014.9.4선고2012후832 내용 중(특객 문제278 5번) '~특허출원서에 첨부된 명세서의 발명의 설명에 기재되지 아니한 사항이 청구항에 기재됨으로써 출원자가 공개하지 아니한 발명에 대하여 특허권이 부여되는 부당한 결과를 막으려는 데에 취지가 있다.~'는 내용이 있는데요. 여기서 청구항도 공개하는데 왜 취지가 공개하지 아니한 발명에 특허권이 부여되서 부당하다고 하는 지 이해가 되질 않습니다. 해석 부탁드립니다.. 감사합니다!,"안녕하세요? 청구항은 발명의 구성만 기재하는 것이고, 발명의 설명은 통상의 기술자가 쉽게 실시할 수 있을 정도까지 기재하는 것입니다. 구성만 기재하였는데 통상의 기술자가 쉽게 실시할 수 없다면 공개했다고 할 수 없을 것입니다. 열공하세요~", ,,17.10.10
특허법,조문,52조,[52조]분할출원의 소급효 예외 중 확선에 관해,"안녕하세요 임병웅변리사님! 이지특허법455p에 보면 관련 내용이 나와있는데요. 분할출원의 소급효 적용 예외 중 확대된선출원의 지위에 관한 설명중에서 확선을 적용하지 않는 이유가 '원출원의 명세서 또는 도면에는 포함되어 있지 아니하지만 분할출원의 명세서 또는 도면에 포함된 발명에 의하여 원출원과 분할출원 사이의 제3자의 출원을 거절시키는 것이 불합리'하기 때문이라고 나와있는데요 또 분할출원의 객관적 요건을 살펴보면 분할출원은 원출원의 최명도 범위이내라고 나와있습니다. 그렇다면 제한된 범위 내에서 원출원에 포함되지 않지만 분할출원에는 포함되는 경우가 어떤것이 있을 수 있나요? 제가 생각하기로는 교과서에 실질적 동일성 범위내에서도 된다고 나와있어서 청구범위a,b/발명의 설명a,b,c (원출원) 청구범위b/발명의 설명a, b, c' (분할출원) 단, c와 c'은 실질적으로 동일 이 경우가 있을 것 같은데 확신이 서질 않아서 질문합니다! 감사합니다!","안녕하세요? 원출원(A,B)-제3자출원(C)-분할출원(B,C)-분할출원의 보정(B)의 경우를 가정해 보세요. 확선을 적용하고자 할 때 분할출원의 소급효가 인정된다면 제3자출원(C)이 거절되는데, 이는 특허법의 목적에 맞지 않습니다. 열공하세요~",답변감사합니다! 제가 답변을 제대로 이해했는지 모르겠는데 청구범위/발명의설명으로 적겠습니다 AB/AB - C/C - BC/BC - B/B이고 여기서 분할출원 범위를 위반해서 보정B/B로 한 경우를 말하시는게 맞나요?,네,17.10.10
특허법,문제,34조,"[34,35,99의2] 무권리자에 대하여 직접 특허권의 이전등록",안녕하세요 변리사님 기출을 풀다 궁금한게 있어서 질문드립니다. 15년도 기출에서 판례 정당 권리자에 대한 구제 절차는 특허법에 규정되어 있으며 정당 권리자의 무권리자에 대한 직접 특허 이전 청구권을 인정할 수 없다고 판시했다. 라고 되어있는데 이제는 법이 바뀌었으니 이전 청구권이 있다고 보는것이 맞는건가요? 아님 판례 내용이 변경되지 않았으니 어떻게 나와도 맞는것으로 보아야 되는 걸까요? 감사합니다!,안녕하세요? 이전청구권이 있습니다. 답이 바뀌어야 합니다. 열공하세요~, ,,17.10.10
특허법,조문,52조,[52조]분할출원의 소급효 예외 중 확선에 관해,안녕하세요 임병웅 변리사님 기출문제를 풀다가 분할출원의 확대댄 선출원의 지위에 궁금한게 있어서 질문드립니다 분할출원시 소급되지 않는 확공조국등에서 확대된 선출원의 지위를 갖는 다른 특허출원에 해당하는 경우에는 분할출원시에 출원한 것으로 본다. 에서 제가 생각했을땐 어짜피 분할출원 자체가 최.명.도 범위 내에서만 분할출원 할 수 있기에 원출원에 확대된 선출원의 지위가 유지된다면 그 소급효의 의미가 있는지가 궁금합니다. 원출원이 취하등 소급무효가 될 경우에 필요한 조문인건가요? 읽어주셔서 감사합니다.,"안녕하세요? 원출원(A,B)-제3자출원(C)-분할출원(B,C)-분할출원의 보정(B)의 경우를 가정해 보세요. 확선을 적용하고자 할 때 분할출원의 소급효가 인정된다면 제3자출원(C)이 거절되는데, 이는 특허법의 목적에 맞지 않습니다. 열공하세요~", ,,17.10.10
특허법,조문,42조,[42조] 배경기술의 공지기술로서의 지위,"변리사님 안녕하세요 인강 듣던 중 궁금한 점이 있어 질문드립니다. 출원인이 배경기술이 공지기술임을 자인하면 실체심사에서 거절이유에 해당된다하셨는데, 출원하려는 기술이 공지기술이거나 공지기술로부터 발명이 용이했다라는 내용의 자인을 했다면 이해가 가는데 종래의 기술이 공지기술인지의 여부가 왜 거절이유가 되는지 이해가 가지 않아 질문드립니다. 혹시 종래의 기술과의 동일성, 용이성이 있다고 심사과정에서 판단되어서 그런 것인가요?","안녕하세요? 네. 배경기술이 공지기술임을 자인하면 공지된 것으로 추정하고, 출원발명과 동일성이 있다면 신규성 위반, 용이하다면 진보성 위반으로 거절이유가 존재하게 된다는 것입니다. 열공하세요~", ,,17.10.12
특허법,조문,47조,[47조] 출원의 보정?,"<질문 1> 1. 거절이유통지 해소하기위한 보정 2. 보정 이후 신규성 진보성 부정의 거절이유 (보정으로 인하여 새롭게 발생한 것 - 보정으로 청구 항이 신설되거나 실질적으로 신설에 준하는 정도로 변경됨에 따라 비로소 발생) 1번에서 거절이유통지가 최후 거절이유통지일 경우: 보정각하결정 최초 거절이유통지일 경우: 최후 거절이유통지 가 맞나요? <질문2> 1. 최조거절이유통지 해소하기위한 보정 2. 최초 거절이유 극복 but, 그 보정에 의한 새로운 거절이유 발견 3. 최후 거절이유통지 가 맞나요? <질문3> 1. 거절이유통지 해소하기위한 보정 2. 보정이후 발명에 대한 심사결과 신규성 진보성 부정의 거절이유 발견 3. 보정서 제출기회 부여 이때 3번에서 최초거절이유통지가 맞나요? 감사합니다!","1. 네 2. 네 3. 신규성, 진보성 위반의 거절이유가 언제 발생했느냐에 따라 달라집니다. 원시적 발생이면 최초거절이유통지를, 법 제47조제1항제1호 시시기의 보정에 의해 발생이면 최후거절이유통지를 합니다. 열공하세요~", ,,17.10.12
특허법,조문,29조,제29조(특허요건)에서 신규성에 관해 질문이 있습니다.?,"안녕하세요! 임병웅 변리사님 객관식 정오표를 확인했는데 감이 잘 잡히지 않는 부분이 있어서 질문을 드립니다... (문제) 甲은 발명A와 A의 개량발명 B를 하고 발명A를 2017년 1월 15일 특허출원하였다. 이후 발명B를 甲으로부터 양도받은 乙은 자신이 발명 B를 개량한 B'와 함께 2017년 4월 1일 특허출원을 하였다. 한편, 무권리자인 丙은 발명 A를 2017년 1월 2일 판매와 동시에 특허출원하였다. 다음 중 이와 관련한 설명으로서 틀린 것은? (해설)특허법 제 33조 제1항 본문을 사유로 한 무효심판청구는 이해관계인 또는 심사관이어야 하며, 乙은 개량발명~~~(중략) 신규성 위반으로 무효심판을 청구할 수 있다. --->문제에서 丙의 특허권에 신규성 위반의 무효 사유가 있다고 하셨는데, 丙이 판매와 동시에 특허출원을 하였으나, 신규성의 판단은 시각주의에 의하기 때문에 현실적으로 특허출원과 동시에 판매를 할 수 없으니,판매가 빠른 경우 丙의 출원에 신규성 위반의 사유가 있다고 생각할 수 있을까요? 아니면 혹시 제가 놓치고 있는 다른 신규성 위반의 사유가 있을까요? 항상 감사합니다. 저작자 표시컨텐츠변경비영리",안녕하세요? 네. 그렇습니다. 열공하세요~, ,,17.10.13
특허법,문제,34조,"[34, 35] 정당권리자의 출원 질문 있습니다."," 객관식 305번 문제인데요 갑은 새로운 발광섬유 Xtex에 대한 발명을 완성하였는데 을은 갑의 조수로서 단순히 도움을 준 관계이다. 한편, 을은 갑이 해외로 여행을 간 사이에 갑이 완성한 Xtex에 대해 자신의 이름으로 2018년 4월 1일 특허출원하여 2019년 10월 1일에 해당 출원이 공개되었다. 한편, 여행에서 돌아온 갑은 2019년 11월에 을이 자신의 발명에 대해 출원한 사실을 출원공개공보를 통해 알게 되었다. 다음 설명 중 옳지 않은 것은? 4번 지문 내용을 보면, 갑이 을의 출원에 대해 거절결정이 된 날로부터 30일이 경과한 후 Xtex에 대해 출원을 하면 갑의 출원은 을이 출원한 날에 출원된 것으로 취급되지 아니한다. 라는 지문이 옳지 않은 지문이라고 답으로 되어 있는데요... 옳은 지문 아닌가요..? 정오표에도 안올라와 있어서요 저작자 표시컨텐츠변경비영리",거절결정이 <확정>된 날로부터 30일이어야 합니다., ,,17.10.13
특허법,조문,51조,[제51조]이전 절차에서 보정각하 하였어야 할 것을 발견한 경우의 취급,"이전 절차에서 보정각하 하였어야 할 것을 발견한 경우는 4가지가 있는 것으로 알고 있습니다. 1. 직권보정 전에 한 부적법한 보정이 특허결정이 취소된 후 발견된 경우 2. 취소된 특허결정 전에 한 부적법한 보정이 직권 재심사 후 발견된 경우 3. 재심사의 청구 전에 한 부적법한 보정이 재심사 청구 후 발견된 경우 4. 거절결정불복심판청구 전에 한 부적법한 보정이 거절결정불복신판청구 후 발견된 경우 Q1. 이 경우 2번의 경우에만 '최초'거절이유를 통지하고 그 외의 경우는 '최후'거절이유를 통지하는데 이렇게 차이를 둔 이유가 무엇인가요?? 이와 유사하게 이전 절차의 보정각하 결정에 대하여 다음 단계에서 다툴 수 있는지와 관련하여 역시 4가지로 나누어보면 1. 직권보정 전에 한 보정각하 결정을 거절결정불복심판에서 다툴 수 있는지 2. 취소된 특허결정 전에 한 보정각하 결정을 거절결정불복심판에서 다툴 수 있는지 3. 재심사의 청구 전에 한 보정각하 결정을 거절결정불복심판에서 다툴 수 있는지 4. 거절결정불복심판청구 전에 한 보정각하 결정을 심결취소소송에서 다툴 수 있는지 이 경우에는 1번,4번의 경우에만 다툴 수 있고, 2번,3번의 경우에는 다툴 수 없는 것으로 알고 있습니다. 그리고 그 이유가 2번,3번의 경우에는 이미 다툴 수 있는 기회를 주었기 때문으로 알고 있습니다. Q2. 그런데 저는 1번과 2번이 유사한 것으로 보여 2번이 이미 다툴 수 있는 기회를 준 것이라면 1번도 이미 다툴 수 있는 기회를 준 것으로 이해되는데 어떤 점이 달라서 1번은 아직 다툴 수 있는 기회를 주지 않은 것이고, 2번은 이미 다툴 수 있는 기회를 준 것인가요? 저작자 표시컨텐츠변경비영리","1. 직권재심사하는 경우에는 특허요건의 흠결이 없어 특허결정이 되었다는 것을 믿었던 출원인의 이익을 보호하기 위해서입니다. 2. 이건 사실 상당히 애매한 문제인 것 같습니다. 입법 취지는 원래 그 단계에서 보정각하되었던 것을 다음 단계에서 다툴 수 있는 기회가 부여되었다면 심판에서 타둘 수 없도록 한다는 것인데, 2번의 경우 직권재심사할 때 기존의 일반심사단계와 달리 새로운 일반심사단계가 시작되는 것으로, 3번의 경우 재심사단계가 시작되는 것으로 이해하여 다툴 수 있는 기회를 주었다는 것입니다. 그러나, 1번의 경우 기존의 일반 심사단계가 계속 이어지는 것으로 여기는 것 같습니다. 열공하세요~", ,,17.10.14
특허법,조문,47조,"[제47조]제47조제1항제2호,제3호 시기의 보정?","특허법 제47조제1항제2호 및 제3호의 시기의 보정의 경우에는 신규사항 추가금지에 더하여 청구범위 보정범위의 제한 또한 만족하여야 하는 것으로 알고있습니다. 청구범위 보정범위의 제한이란 청구범위를 감축하는 것만 혀용하고 확장하는 것은 허용하지 않는다는 것입니다. Q1. 그런데 보정가능한 시기에는 언제든지 분할출원을 할 수 있습니다. 만일 제47조제1항제2호의 시기에 분할출원을 하게되면 위에서 말한 청구범위 보정범위 제한을 회피할 수 있는 것 아닌가요? 예를 들어, A,B / A,B,C,D (청구범위 / 최명도)를 출원한 후 청구범위의 A가 신규성이 없다는 이유로 최초거절이유를 통지받고 A -> A`으로 보정한 뒤 A`이 신규사항이라는 이유로 최후거절이유 통지를 받은 경우 청구범위를 감축하는 보정만 가능하므로 C,D에 대하여는 특허를 받을 수 없는 것인데, 이 시기에 분할출원(C,D/C,D)을 하게 되면 청구범위를 실질적으로 확장할 수 있게 되는 것 아닌가요? Q2. 어차피 분할출원으로 회피가 가능하다면 청구범위 보정범위 제한 규정은 의미가 없어지는 것 아닌가요? 굳이 이 규정을 두어야 하는 이유가 있는 건가요?","분할출원은 별도의 출원이니 원출원과 독립적으로 생각해야 합니다. 그리고 출원인이 다시 비용(출원료, 심사청구료)을 지불하는 것이기 때문에 처음부터 다시 심사해야 하는 것입니다. 열공하세요~", ,,17.10.14
특허법,조문,30조,[제30조]원출원이 공지예외주장을 하지 아니한 경우 후출원,"원출원이 공지예외주장을 하지 아니한 경우 공지일로부터 원출원은 12개월 이내이지만, 후출원(분할출원, 변경출원, 국내우선권주장출원)은 공지일로부터 12개월이 지난 후 출원되었다면 후출원에서 공지예외주장을 할 수 있나요? 예를 들어 2016.1.1 의사에 의한 공지가 있고, 2016.6.1 원출원(공지예외주장X)이 있은 후 2017.3.1 후출원(공지예외주장O + 증명서류 제출)하게 되면 후출원에만 공지예외적용을 받을 수 있나요?","어차피 원출원이 출원과 동시에 공지예외적용주장을 해야 하는 것도 아니기 때문에, 받아들이는 것이 타당합니다. 이에 대해서는 심사실무가 명확하지 않습니다. 열공하세요~", ,,17.10.14
특허법,조문,42조,[제42조] pct출원의 경우 배경기술을 기재하여야 하는지 여부?,"특허법 제193조제3항을 보면 ""발명의 설명은 그 발명이 속하는 기술분야에서 통상의 지식을 가진 사람이 쉽게 실시할 수 있도록 명확하고 상세하게 적어야 한다."" 라고 규정하고 있어, 배경기술에 대하여는 별도의 언급이 없습니다. 그런데 이지특허법 제16판 p.342를 보면 ""2011.7.1. 시행된 현행법은 발명의 설명의 기재요건에서 배경기술을 적을 것을 의무화하고 있다. 발명의 배경기술은 그 발명의 기술적 특징을 쉽게 파악하는데 도움이 되어 그 발명에 관한 특허출원의 심사에 유용할 뿐만 아니라 특허협력조약(PCT) 규칙에서도 필수 기재사항으로 규정하고 있음을 감안한 것이다."" 라고 나와있습니다. 특허법 규정에는 배경기술을 기재하여야 한다는 규정이 없는데 기본서에서는 PCT의 경우에도 배경기술을 적어야한다는 취지로 설명하고 있습니다. PCT출원의 경우에도 배경기술을 적어야 하는 것인가요? 만약 그렇다면 그 근거는 무엇인가요?",PCT 규칙에 따라 기재서식에 나와 있습니다. 열공하세요~, ,,17.10.14
특허법,조문,33조,"[33조, 44조] 주체적 특허요건의 판단시기?","이지특허법 제16판, p. 275, 각주 140을 보면 "" i) 특허청 재직자가 출원 후 권리를 이전하는 경우, ii) 재직 중 출원 후 퇴직하는 경우에 대해서는 특허법 제33조제1항단서 위반은 아니다."" 라고 나와있어, 제33조제1항단서의 판단 시기가 '특허여부결정시'인 것으로 보입니다. 반면, 이지특허법 제16판 p.412를 보면 ""특허법 제99조의2에 명시되어 있지 않지만 무권리자의 특허가 아닌 특허출원에 대하여도 정당한 권리자가 무권리자의 특허출원을 승계, 즉 출원인변경신고를 하였다면 법 제33조제1항 본문 위반이 해소된 것으로 보고 특허출원을 계속 진행하는 것을 인정하여 줄 필요가 있다."" 라고 나와있어, 원칙적으로 제33조제1항 본문 위반인 것을 이 경우에만 위반이 아닌 것으로 인정해 주어야한다는 취지로 보입니다. 즉, 원칙적으로는 '특허출원시'를 기준으로 하지만 이 경우에는 정당권리자가 승계 하였으니 예외적으로 제33조제1항을 적용하지 않을 필요가 있다는 것으로 이해됩니다. 이 두가지가 모순되는 것처럼 보이는데 특허법 제33조, 제44조의 판단시기는 언제인가요?",해당 요건의 판단시를 기준으로 합니다. 열공하세요~, ,,17.10.14
특허법,조문,29조,"[29조, 36조] 선출원 및 확선의 지위 유지 관련 질문 드립니다.","특허취소신청 및 특허무효심판에 의한 효과와 선출원의 지위 관련하여 질문 드립니다. 제132조의13 3항 : 특허취소결정이 확정된 때에는 그 특허권은 처음부터 없었던 것으로 본다. 133조 3항 : 특허를 무효로 한다는 심결이 확정된 경우에는 그 특허권은 처음부터 없었던 것으로 본다. 특허취소신청 및 특허무효심판에 의하면 특허권은 설정등록시로 소급하여 소멸하는 것으로 알고 있는데, 1. 이 경우 설정등록에 의한 효과도 사라지는 것인가? ( 설정등록에 의한 효과가 사라진다 -> 확대된 선출원의 지위 상실로 이어지는가? ) 2. 특허권을 무효로 하는 것이기 때문에 특허를 받을 수 있는 권리에는 영향이 없으므로 선출원의 지위는 유지되는가? 이렇게 두 가지가 궁금합니다. 제가 수업에서 배운 내용을 토대로 생각한다면 취소신청과 무효심판에 의해서 특허권이 처음부터 없었던 것으로 보게 되더라도 설정등록에는 영향을 주지 않아 확대된 선출원의 지위는 존속한다는 것, 출원의 무효-취하-포기가 아닌 특허권의 무효는 선출원의 지위에 전혀 영향을 끼칠 수 없다는 것은 자명하다고 생각하는데 다른 사람과 생각이 맞지 않아 질문 드립니다.",1. 확선은 출원공개 또는 등록공고를 요건을 하고 그 요건을 충족하였다면 무효나 취소가 되었다고 하여 지위가 없어지지 않습니다. 2. 특허권의 무효는 선출원의 지위가 없다는 것이 판례의 요지입니다. 기본서의 선출원주의 파트에서 관련문제를 읽어보세요. 열공하세요~, ,,17.10.14
특허법,조문,55조,[제55조3항] 이중우선권 주장에 대하여?,"이중우선권 주장을 하면 맨처음 출원과 겹치는부분은 판단시점이 최선출원이 되는게 아니고 후출원시점이 되는 걸로 알고 있는데요. 위 문제에서 발명A의 판단시점이 X출원 시점으로 하는 이유는 뭔가요?? Z출원시에 X와 Y를 기초로 우선권을 주장해서 그런건가요?? 만약 Y만 주장했다면 A의 판단시점은 이중우선으로 Z출원시가 되는데 X를 따로 더해줬기 때문에 X판단시점으로 보게되는 건가요?? 만약 그렇다면, 위와 같이 중첩적으로 적용이 가능하게 되는지요? 머릿속에 정리가 잘 되지 않아 질문이 부드립지 못한점 죄송합니다. 저작자 표시컨텐츠변경비영리","네. 이해하고 있는 내용이 맞습니다. 복합우선권주장을 했을 때는 각각 소급효 인정여부를 판단한 후, 출원인에게 이익이 되도록 해석합니다. 해설을 다시 한 번 정독해 보세요~", ,,17.10.15
특허법,조문,52조,[52]분할출원에서의 공지예외주장,"원출원에 대한 공지예외주장을 하지 않은 상태에서, 분할출원은 그 주장을 하는 것이 가능한지 궁금합니다. 실무상 원출원의 우선권주장을 하지 않은 경우 분할출원도 주장을 할 수 없는 것과 맥락을 같이 하는지, 아니면 그완 다른지 궁금해서 질문드립니다.","다릅니다. 우선권주장은 출원과 동시에 반드시 해야 하지만, 공지예외적용주장은 출원과 동시에 반드시 할 필요가 없기 때문입니다. 문의하신 내용은 원출원이 조약우선권주장을 출원과 동시에 하지 않아서, 문제가 될 때 이를 회피하기 위한 수단으로 분할출원을 이용하는 것을 막겠다는 것이 그 취지입니다. 열공하세요~", ,,17.10.16
특허법,조문,36조,[36조] 선출원주의 관련 질문 드립니다.?,"이전에 임병웅 변리사님께서 선출원주의에 관한 질문에 대해 답변주신 것에서 2. 특허권의 무효는 선출원의 지위가 없다는 것이 판례의 요지입니다. 기본서의 선출원주의 파트에서 관련문제를 읽어보세요. 라는 답변을 받고 이지특허법 16판 선출원주의 파트에서 관련문제를 찾아보았습니다. 관련문제에서 동일출원이 모두 등록된 경우에 관하여 다루고 있는데 (2) 판례의 태도 에서 (이지특허법 16판 p.244) 89후1103 판결 ""어느 한 쪽의 등록이 무효로 확정되었다면 나머지 등록을 유지, 존속시켜 주는 것이 타당하고 당초에 경합출원이었다는 사실만으로 나머지 등록까지 모두 무효로 볼 것은 아니다."" 2005후3017판결 ""출원이 경합된 상태에서 등록된 특허권이나 실용신안권 중 어느 하나에 대하여 사후 권리자가 그 권리를 포기하였다고 하더라도 경합출원으로 인한 하자가 치유된다고 보기 어렵다.""고 판시하여, 특허권의 무효와 포기에 대해 달리 취급하고 있다. (3) 소결 에서 특허권의 무효는 특허출원이 처음부터 없었던 것으로 보는 출원의 무효와 달리 특허권이 처음부터 없었던 것으로 보기 때문에, 특허권의 포기와 마찬가지로 선출원의 지위를 상실하였다고 보지 아니한 것이 타당할 것이다. 라고 나와있습니다. 새로 궁금한 점은 다음과 같습니다. 1. ""해당 판례(동일 출원의 경우)에서 특허권의 무효는 선출원의 지위가 사라지지 않는다."" 라고 이해가 되는데 이렇게 이해하는게 맞는것인가? 1-1. 그렇다면 (3) 소결 부분에서 말하는 바는 동일출원이 모두 등록된 경우만이 아닌 모든 경우에서 선출원의 지위가 유지된다고 보는 것이 타당한가? 1-2. (1-1이 타당하다면) 결국 특허권의 무효와 포기는 선출원의 지위가 유지된다는 의미인데 이전에 해주신 답변을 어떻게 해석해야 되는가? 제가 관련문제 부분을 읽고 임병웅 변리사님이 나타내고자 하는바를 제대로 이해하지 못하고 있는 것 같아 재질문 드립니다. 저작자 표시컨텐츠변경비영리","특허권의 무효는 선출원의 지위가 없고, 특허권의 포기는 선출원의 지위가 있다는 것이 판례입니다. 다만, 특허권의 무효가 선출원의 지위가 있다는 것을 비판하고 있는 것입니다. 열공하세요~", ,,17.10.16
특허법,조문,53조,[53조]변경출원의 시기,"안녕하세요 변리사님 변경출원의 시기에 질문이 있어서 올립니다. (1) 변경출원은 원출원의 출원계속 중에 할 수 있고, '출원계속 중이란 출원의 무효, 취하, 포기, 거절결정확정전이나 설정등록되기 전'이라고 하셨었는데 그러면 거절결정불복심판을 제기하고 그 소에서 패소하여 거절결정등본 송달일로부터 30일 이내라면 변경출원이 가능한건가요? (2) '최초거절결정등본송달일로부터 30일이 경과한 경우에는 불가' 조문은 만약 특허가 최초거절결정등본송달이 되었었으나 그 하자가 치유되어 설정등록되기 전이라면 날짜상으로 보았을땐 최초거절결정등본송달일 부터 30일이 경과한 경우로 보아야 되는데 이 경우에는 적용되는 것이 아닌가요? 최초거절결정등본송달일로부터 30일이 경과한 경우부터 언제까지 불가능한건지 모르겠어서 질문드립니다. 감사합니다",안녕하세요? 1. 최초거절결정등본송달일로부터 30일이 지났기 때문에 불가능합니다. 2. 네. 적용되어서 위에서 답변한 것과 같이 불가능합니다. 열공하세요~, ,,17.10.17
특허법,조문,56조,[56조] 선출원 취하간주가 안되는 경우,강의노트 203쪽에서요 56조 1항 2호에서 선출원이 특허결정된 경우 취하간주되지 않는데 그러면 선출원인x가 등록결정된 경우 x출원은 취하될 수 없기 때문에 결국 후출원인 y가 등록받는 방법은 y출원의 A를 청구범위에서 삭제보정하는 방법 뿐인가요?? 아니면 y가 등록될 수 있는 다른 방법이 있나요?? 그렇다면 이경우 어차피 출원x는 취하되지 않으므로 x기초 우선권주장을 하지않고 출원y의 청구범위의 A만 삭제보정해도 y는 등록이 가능한가요?,둘 다 그렇습니다. 열공하세요~, ,,17.10.18
특허법,조문,54조,"[제54조]조약우선권주장출원에서 선출원의 최선성의 의미, 부적법시 효과?","적법한 조약우선권주장출원이 되기 위해서 선출원은 출원의 최선성을 만족해야 합니다. 그리고 이에 대하여 기본서에서는 '우선권주장의 기초가 되는 출원은 동맹 제1국의 최초의 출원이어야 한다.'라고 설명하고 있습니다. Q1. 특허법원 판례(2004허8749)에서는 ""조약에 의한 우선권 주장을 인정받기 위해서는 i)제1국 출원이 정규의 최초의 출원이어야 할 것, ii)제1국 출원과 제2국 출원이 동일한 발명이어야 할 것, iii)제2국 출원이 제1국 출원일로부터 1년이내에 이루어져야 할 것 등의 요건을 모두 충족시켜야 하므로, 조약에 의한 우선권 주장을 수반하는 제2국 출원일 경우에도 그 우선권 주장의 기초가 되는 제1국 출원이 최초의 출원이 아니거나(즉, 제1국 출원이 이미 또 다른 당사국에 한 전출원을 기초로 하여 우선권을 주장하여 출원된 것이고) 그 제2국 출원이 전출원일로부터 우선권 기간(1년)을 지나서 이루어진 경우에는, ...중략..."" 라고 판시하고 있습니다. 이 판례에서 최선성을 만족하지 않는 출원을 '제1국 출원이 이미 또 다른 당사국에 한 전출원을 기초로 하여 우선권을 주장하여 출원된 것'으로 표현하여 마치 제1국 출원이 다른 당사국에 한 전출원을 기초로 우선권 주장을 하지 않은 경우는 최선성을 만족하는 것처럼 보입니다. 이것이 맞는 설명인가요? (예를 들어, 2016.1.1 미국에 발명A를 출원한 뒤, 2016.6.1 일본에 조약우선권 주장 없이 발명A를 출원하고, 2017.4.1 한국에 일본 출원을 기초로 조약우선권주장을 주장하며 발명A를 출원하게 되면 이 때, 일본 출원이 최선성을 만족하는 것인지) Q2. '동맹 제1국의 최초의 출원'이라는 것이 타인과의 관계에 있어서도 최초의 출원이어야 하는 것인가요 아니면 당사자의 출원 중에서 최초의 출원이어야 하는 것인가요? (예를 들어, 2016.1.1 갑이 미국에 발명A를 출원한 뒤, 2016.6.1 을이 일본에 발명A를 출원하고 2017.4.1 을이 한국에 발명A를 출원하게 되면 최선성이 만족되는 것인가요?) Q3. 특허법원 판례(2004허8749에서) ""...중략... 조약에 의한 우선권 주장을 수반하는 제2국 출원일 경우에도 그 우선권 주장의 기초가 되는 제1국 출원이 최초의 출원이 아니거나(즉, 제1국 출원이 이미 또 다른 당사국에 한 전출원을 기초로 하여 우선권을 주장하여 출원된 것이고) 그 제2국 출원이 전출원일로부터 우선권 기간(1년)을 지나서 이루어진 경우에는 제2국 출원에 기재된 발명 중에 전출원과 제1국 출원의 명세서에 공통으로 포함된 발명에 대해서는 그 우선권 주장이 인정되지 아니한데, 이는 제2국 출원이 제1국 출원의 우선권 주장의 기초가 되었던 전출원에 기재되었던 발명에 대해서 중복하여 우선권이 허용되는 경우에는 실질적으로 우선권 기간이 연장되는 결과를 초래하는 것이므로, 이와 같은 경우에는 우선일의 소급 효과를 인정하지 않고 제1국 출원에서 새로이 추가된 발명에 대해서만 우선권 주장의 효과를 인정할 수 있는 것이다. ...중략..."" 라고 판시하고 있습니다. 그리고 이지특허법 p.485를 보면 ""출원인의 동일성, 출원의 정규성, 출원의 최선성, 우선권주장기간의 준수 또는 우선권 주장신청 등의 요건을 충족하지 못한 경우, 특허청장은 절차보정사유에 해당함을 이유로 기간을 정하여 보정을 명하여야 하며, 그 기간에 보정을 하지 아니하면 우선권주장절차에 대하여 무효처분을 할 수 있다.""라고 설명하고 있습니다. 위 판례에서는 우선권주장이 적법한지 여부를 발명별로 판단하여 효과를 인정한 것으로 이해됩니다. 우선권주장이 부적법한 경우 절차보정사유인데, 그렇다면 선출원의 포함된 각 발명별로 최선성이 만족되는지 여부를 판단하여 각 발명별로 보정명령을 하는 것인가요? (예를 들어, 2016. 1.1 미국에 발명A를 출원한 뒤, 2016.6.1 일본에 발명A,B를 출원하고 2017.4.1 한국에 발명A,B를 출원하며 일본출원을 기초로 조약우선권주장 한 경우 우선권 주장 전부에 대하여 보정명령을 한 뒤 그 전부를 무효처분하는 것인지, 선출원에 포함된 발명A에 대하여만 보정명령을 한 뒤 그 부분만을 무효처분하는 것인지)",1. 그렇게 해석하지 않고 있습니다(최선성을 만족하지 않습니다.). 2. 당사자의 출원 중을 의미합니다(네. 만족합니다) 3. 그렇게 해석하지 않습니다(이 때에는 우선권주장이 무효가 되는 것이 아니라 최선성을 만족하지 않은 A만 판단시점 소급효가 인정되지 않습니다). 열공하세요~, ,,17.10.19
특허법,조문,53조,[제53조] 변경출원의 시기적 요건?,"Q1. 변경출원은 최초의 거절결정등본을 송달받은 날부터 30일이 지난 후에는 할 수 없는 것으로 규정되어 있습니다. 그리고 이지특허법 제16판, p.465, 그림 3-18을 보면 거절결정등본을 송달받은 후 30일이 지나기 전에 재심사청구가 있는 경우 재심사청구 후에도 변경출원할 수 있는 것으로 나와있습니다. 그렇다면 거절결정등본을 송달받은 후 30일이 지나기 전에 거절결정불복심판을 청구한 경우에도 변경출원을 하는 것이 가능한가요? Q2. 국제출원의 변경출원의 경우에는 수수료 납부와 국어번역문을 제출한 뒤 변경출원할 수 있도록 규정하고 있습니다.(특허법 제209조) 그리고 이 규정에는 기준일이 경과하여야 하는지 여부에 대한 언급이 없습니다. 즉, 기준일이 경과하기 전이라도 변경출원이 가능한 것으로 이해됩니다. 그런데 기준일이 경과하지 않았다면 아직 국내단계로 진입 전이라 국내의 특허출원이라고 볼 수 없는데 이를 기초로 변경출원할 수 있다는 것이 이해가 되지 않습니다. 국제특허출원의 보정에 대하여는 기준일이 지날 것을 추가적으로 요구하고 있는데 변경출원의 경우에는 기준일이 지날 것을 요구하지 않는 이유가 무엇인가요? 어떻게 이해하면 될까요?","1. 네. 그렇습니다. 2. 법 제199조제1항에 따라 국제출원일에 국내출원이 된 것인데 착각하고 있는 것 같네요. 그리고, 책에 기술되어 있는 것과 같이 국내단계에서 심사를 받기 위한 최소한의 요건을 만족했다면 변경출원을 인정하겠다는 것입니다. 열공하세요~", ,,17.10.19
특허법,문제,42조,"[42조의3] 명세서, 도면 국어번역문 부제출로 인한 출원 취하간주?","객관식 453페이지 입니다. 문제 : 다음 사항 중 법률상 취하가 의제되는 경우라고 볼 수 없는 것은? 지문③특허출원인이 외국어특허출원한 경우 ⅰ)출원일(우선권주장의 경우 최우선일)로부터 1년 2개월 또는 ⅱ)제3자의 출원심사청구의 취지를 통지받은 날부터 3개월이 되는 날 중 빠른 날까지 그 명세서 및 도면의 국어번역문을 산업통상자원부령으로 정하는 방법에 따라 제출하지 아니한 경우 (답 : 취하 의제됨) 그런데, ㈀명세서의 번역문을 기간 내 제출하지 아니하면 '다음날 취하간주'되고 ㈁도면의 설명부분의 번역문을 기간 내 제출하지 아니하면 42조⑨ 위반으로 보정명령 후 무효 한다고 알고 있습니다. 지문의 경우처럼 둘 다 제출하지 않은 경우에는 ㈀,㈁처럼 따로따로 하지 않고 (즉 도면의 보정기회 부여없이) 출원을 취하간주 시키는건가요?","출원이 취하간주되는 경우에는, 보정명령을 할 필요가 없습니다. 열공하세요~", ,,17.10.19
특허법,문제,30조,[30조] 복수의 공지에 대한 공지예외주장 증명서류,"객관식 294페이지 입니다. (14년 기출) ④특허를 받을 수 있는 권리를 가진 자가 특허출원 전에 해당 발명을 공지한 후 공지예외적용 요건을 갖추어 특허출원을 하였는데, 그 공지일과 특허출원일 사이에 제3자에 의하여 해당발명과 동일한 발명의 공개가 있는 경우, 제3자의 공지가 공지예외적용에 해당하는 공지에 의하여 지득한 발명의 공개라는 사실이 명백하더라도 출원인이 그 의사에 반하여 공지된 발명이라는 사실을 입증하지 못하면 그 특허출원은 제3자의 공지에 기초하여 신규성을 상실한다.(X) 해설 : 공지예외적용에 해당하는 공지에 의하여 지득한 발명이라는 것이 명백한 경우라면 밀접불가분의 관계에 있는 공지이기 때문에 별도의 증명서류의 제출을 필요로 하지 않는다. 공지일 ------제3자 지득(명백)하여 의사에 반한 공지 --------공지예외 주장 출원 ""의사에 반한 공지""임을 증명하게 된다면 그 제3자의 공지도 공지예외주장을 하여 극복할 수 있고, 그 증명을 하지 못하더라도 (제3자 공지 사실을 아는 경우가 드물므로) 심사과정에서 추후 문제 삼을 때 ""의사에 반한 공지""임을 주장·증명 하면 된다. 라고 풀이해도 되지 않나요? '명백'이란 키워드가 있다면 해설대로 이해해야 되는건가요?","공지된 발명을 보고 지득한 것은, 의사에 반한 공지가 아니라, 의사에 의한 공지입니다. 해설은 의사에 의한 공지이기 때문에 밀접불가분성을 입증하면, 증명서류 제출을 생략할 수 있다는 것입니다. 열공하세요", ,,17.10.19
특허법,문제,42조,[42조 43조] 절차무효사유?,안녕하세요 임병웅 변리사님 객관식 문제집 244번 정오표을 보다 헷갈려서 질문 드리게 되었습니다. 정오표에는 답이 4번으로 바뀌어 있는데 절차보정사유에 해당하는 것는 나마바사 로 원래 정답인 3번이 맞는 것 아닌지 또 나마바사 해설에서 출원을 무효로 할수있다고 했는데 16조는 절차무효사유로 되어있는 점이 헷갈립니다. 추가로 304번에 문제는 틀린것만으로 짝지어진것을 고르라고 했는데 답은 옳은것으로 되어있는것 같습니다 ㅠㅠ 도움을 주셔서 항상 감사합니다!,"1. <자>도 절차보정사유입니다. 절차보정사유=절차무효사유입니다. 2. 그렇네요. ""다음의 설명 중 옳은 것만으로 짝지어진 것은?""으로 고쳐야 하네요. 감사합니다~", ,,17.10.20
특허법,조문,47조,47조 2항 후단 위반 질문입니다,안녕하세요 강의노트 164쪽 외국어특허출원의 보정 2번 케이스에 대한 질문입니다 - 원문 (Ca) - 번역문 (칼륨) - 47조 2항 전단 위반 - 오역정정 (칼슘) - 47조2항 전단 + 47조2항 후단 위반 이 경우에 번역문 제출에 의한 보정이 오역정정 후 사후적으로 47조 2항 후단 위반이 되는 것인가요? 보정의 적법요건은 보정당시를 기준으로 만족하기만 하면 되는것이 아닌가요? 같은 논의로 3번 케이스의 경우에도 번역문 제출에 의한 보정이 47조2항 전단 위반이었으나 명세서보정에 따라 사후적으로 그 하자가 치유된것인가요? 감사합니다 저작자 표시컨텐츠변경비영리,"전혀 잘못 이해하고 있습니다. 법 제47조제2항은 명세서 또는 도면의 보정(1)이, 법 제47조제2항전단의 원문 범위(2)와 법 제47조제2항후단의 번역문 범위(오역정정이 있으면 정정된 번역문)(3)를 만족해야 합니다. 단순히 번역문만 낸 경우에는 (1)(칼륨)이 (2)(Ca)과 (3)(칼륨) 중 (2)의 범위를 만족하지 못한 것이고, 오역정정을 한 경우는 (1)(칼륨)이 (2)(Ca)과 (3)(칼슘) 중 (2)(3)의 범위를 만족하지 못한 경우입니다. 법조문에 잘 대입해 보세요~", ,,17.10.20
특허법,조문,55조,"[55,56조] 우선권의 독립성","변리사님 안녕하세요, 55조 조약우주와 56조 국내우주는 분할, 변경출원과 달리 주장과 출원 사이에 가분성이 있어서 부적법하더라도 주장만 처음부터 없었던 것으로 본다고 배웠는데요. 주장과 출원 사이의 가분성은 우선권의 독립성에서 비롯된 성질은 아닌 건가요? 저는 우선권의 독립성에서 비롯되었기 때문에 조약우주뿐만 아니라 국내우주도 주장과 출원 사이에 가분성이 있는 만큼 우선권의 독립성(발생과 동시에 분리)도 전제되었을 것이라고 은연 중에 생각하고 있었는데, 오늘 들은 강의 중에 조약우주와 국내우주의 주체적 요건이 다른 것을 배우고, 제 생각에 혼란이 와서 질문 남깁니다.",안녕하세요? 우선권의 독립성과 전혀 무관한 것입니다. 우선권의 독립성은 조약우선권주장에서 제1국 선출원과 독립적이라는 개념입니다. 열공하세요~, ,,17.10.21
특허법,문제,54조,(54조)조약우주 객관식?,"안녕하세요 변리사님 2번 문항에서 갑의 국내출원은 을의 국내출원보다 출원일이 늦기 때문에 특허를 받을수 없다. 이고 해설에는 을의 국내출원보다 선출원이 된다 라고 되어있는데 Q1.판단시점이 2.10 로 소급되어 선출원지위를 가질뿐 출원일은 12.1이니 을의 출원일보다 늦다는 말은 맞지않나요? 아니면 2번이 정답이 불가한 이유가 신규성위반으로 특허를 못받는거지,단지 출원일이 늦기 때문에 못받는다 라는 문구가 틀리기 때문인지 궁금합니다 Q2.그리고 만약 5번처럼 확선지위까지 고려하여 갑이 먼저 18.8.10에 출원공개되니 확선지위로 을이 특허받을수 없다고 가정, 을은 조기공개로 확선지위 얻는다 가정할 경우 갑은 특허못받고 을은 특허받을 수 있지않나요? 문제풀때 어느범위까지 고려해야할지 모르겠습니다ㅠ",안녕하세요? 1. 신규성 위반이기 때문입니다. 2. 잘못 이해하고 있네요. 을이 조기공개되더라도 갑은 2017.2.10을 기준으로 특허요건을 판단하기 때문에 갑에게 영향을 미치지 않습니다. 열공하세요~, ,,17.10.21
특허법,조문,55조,[55조] 이지특허법 p.253 국내우주 확선지위 내용 설명 관련수1,"안녕하세요? 변리사님, 이지특허법을 읽던 중 궁금한 점이 있어 질문 드립니다. 이지특허법 16판 p.253 (2) 다른출원이 조약우선권주장출원, 국내우선권주장출원인 경우 1) 다른 출원이 조약우선권주장출원, 국내우선권주장출원인 경우 우선권주장을 수반하는 특허출원의 출원서에 최초로 첨부한 명세서 또는 도면에 기재된 발명 중 해당 우선권 주장의 기초과 된 선출원의 출원서에 최초로 첨부한 명세서 또는 도면에 기재된 발명은 선출원일과 우선권주장출원의 출원공개 또는 등록공고 사이에 확대된 선출원의 지위를 적용한다. (중략) (법 55조4항) 위 내용에서 다른 출원이 조약우주, 국내우주인 경우에 아래 내용을 적용한다고 되어있고 문단 끝에 55조4항이라는 표시가 되어있습니다. 궁금한 점은 55조 4항의 경우 국내우주에만 적용되는 것으로 알고 있었는데 조약우주에도 동일하게 적용되는 것인지요? 조약우주의 경우 선출원이 외국출원이니 확선지위가 없는 것으로 알고 있었는데 그러한 개념과 위 문단의 내용이 배치되어 헷깔려서 질문 드립니다. ※ 추가적으로 이지특허법을 읽던 중 누락된 부분이 있어서 알고 계실지도 모르지만 혹시나 하여 말씀 드립니다. 이지특허법 16판 p.181 ② 특별송달 '심판, 재심, 통상실시권 설정의 재정에 관한...' → '심판, 재심, 통상실시권 설정의 재정 및 특허권의 취소에 관한...","안녕하세요? 조약우선권주장은 해석상 인정이 됩니다. 조약우선권주장 파트 한 번 읽어 보세요. 자세히 설명되어 있습니다. 특허권의 취소(제116조) 제도가 없어지면서 일부러 누락한 부분입니다. 그런데, 특허취소제도 이번에 신설이 되었으니 추가하는 것이 맞겠네요~ 열공하세요~", ,,17.10.21
특허법,조문,52조,[52조] 분할출원 출원일 소급효의 예외에 관해 질문드립니다.?,"안녕하세요 변리사님. 분할출원의 경우 출원일 소급의 예외에 대해 공부하던 중 질문이 생겼습니다. 32조 불특허 발명에 관한 규정을 적용함에 있어 '등록여부결정시' 를 기준으로 한다고 알고 있습니다. 분할출원, 그리고 변경출원도 모두 원출원이 아닌 분할,변경출원의 등록여부 결정시를 기준으로 32조를 적용해야 하는 것인지 궁금합니다. 매번 많은 가르침 주셔서감사합니다. 저작자 표시컨텐츠변경비영리",안녕하세요? 네. 맞습니다. 열공하세요~, ,,17.10.22
특허법,조문,54조,[54조] 조약우선권 출원인적격에 관한 질문입니다.?,"안녕하세요 변리사님. 조약 우선권 주장 출원을 함에 있어서 갖춰야할 출원인 적격에 관한 질문이 있습니다. PCT 출원처럼 공동출원의 경우 출원인중 1인 이상이 출원인 적격을 보유하면 되는것인지, 아니면 전원이 출원인 적격을 가져야 하는 것인지 궁금합니다. 추워지는 날씨 감기조심하셔요~ 저작자 표시컨텐츠변경비영리",안녕하세요? 전원이 출원인 적격을 가져야 합니다. PCT와 국내법은 구분해서 적용됩니다. 열공하세요~, ,,17.10.22
특허법,문제,,특허객관식 문제집 정오표에 대해,안녕하세요 임병웅 변리사님 다름이아니라 이번 객관식특허법 정오표올라온 것을 처음 보았는데 303페이지에 답을 3번으로 정정하셨더라구요 그런데 여전히 답과 일치하지가않습니다 가나다라마바사 중 마 만 맞는보기라면 6개가 틀린보긴데 그러면 답이 4번이어야 하는것 아닌가요? 또 정정표에는 가나다라바 만 틀린보기라고 나와있네요 확인해주시면 감사하겠습니다,사)도 옳은 지문입니다, ,,17.10.22
특허법,조문,42조,[42조1항4호]발명자의 성명기재?,안녕하세요 임병웅변리사님!! 공부하다가 갑자기 궁금한게 생겼습니다!! 바로 42조1항4호에 발명자의 성명 및 주소를 기재하도록 되어있는데 발명자와 출원인이 다를 때 발명자에게 발명자권을 부여하기 위해 해당 사항을 적을 것을 요구하는 것인가요? 항상 감사합니다!,안녕하세요? 네. 그렇습니다. 나중에 특허증에도 발명자로 게재됩니다. 열공하세요~, ,,17.10.23
특허법,문제,36조,36조 선출원주의 기출 질문드립니다?,제가 기본강의만 듣고 혼자 객관식 문제집 풀다가 조금 이상해서 질문드립니다. 17년 기출로써 객관식문제집 188번 문제입니다. 보기 5번이 조금 애매한데 분할출원이 다른출원 지위일때 확선 지위가 소급안된다고 배운거같은데 이러한 조건이 없다면 확선지위도 소급되어 원출원때에 확선지위부여 되는거 아닌가요? 문제풀땐 3번이 완전 틀려서 답은 맞췄으나 만약 시험보는때였는데 이 지문이 1번 2번정도로 나왔다면 그냥 이거 땡!하고 넘어갔을거같아서 질문드립니다. 5번 지문이 일단 조건이 없어도 일단 맞다고 봐야되는건가요? 앞으로 기출되는지문에서도 저런식으로 나올때 맞다하고 넘어가야될지가 고민입니다,"객관식 문제는 상대적으로 답을 고르는 것입니다. 애매한 부분이 있더라도, 가장 틀린 지문이 있으면 그것을 답으로 해야 합니다. 다른 기출문제를 보더라도 마찬가지입니다. 그것이 객관식입니다.", ,,17.10.23
특허법,조문,42조,"[42조] 도해 89p, pbp청구항 특허요건 판단시 제조방법의 특허성 여부","89p 청구항의 작성형태 표에 pbp청구항의 특허요건 판단부분에 물건(제조방법의 기재가 물건의 구조나 성질에 영향을 준 경우 그 제조방법에 의해 특정되는 구조나 성질을 가지는 물건)으로 출원발명을 특정함->제조방법에 특허성이 있는지 여부와는 무관 이라고 쓰여있는데 2011후927 전합판결에는 진보성 판단시 제조방법의 기재를 포함하여 판단하도록 하고있다고 나와있습니다. 특허성 판단에 제조방법의 기재를 포함하는데, 제조방법에 특허성이 있는지 여부와 무관하다는 말이 이해가 가지 않습니다ㅠ","제조방법이 특허성이 있는지 여부는 물건발명의 특허성 판단에 영향을 미치지 않습니다. 단, 제조방법의 기재가 물건의 구조나 성질에 영향을 준 경우 그 제조방법에 의해 특정되는 구조나 성질을 가지는 <물건>발명으로 특허성을 판단해야 한다는 것이 판례의 요지입니다. 열공하세요~", ,,17.10.24
특허법,조문,36조,[36조 2항] 협의 불성립 발명의 지위?,"안녕하세요 임병웅 변리사님 질문이 있습니다. -사항 갑 : 청구범위 a / 발설 a, b 을 : 청구범위 a, c / 발설 a, c - 질문 동일자 출원 협의 불성립으로 거절시 선출원 지위에서 29조 2항의 ""어느 특허출원인도 그 발명에 대하여 특하 받을 수 없다"" 에서 '그 발명'에는 발명의 설명에 있는 b도 포함하나요?",안녕하세요? 청구범위에 기재된 발명만 포함됩니다. 열공하세요~, ,,17.10.24
특허법,조문,30조,[30조] 보완수수료 납부하여 공지예외증명서류 제출할 수 있는 기간,"제30조(공지 등이 되지 아니한 발명으로 보는 경우) ② 제1항제1호를 적용받으려는 자는 특허출원서에 그 취지를 적어 출원하여야 하고, 이를 증명할 수 있는 서류를 산업통상자원부령으로 정하는 방법에 따라 특허출원일부터 30일 이내에 특허청장에게 제출하여야 한다. ③ 제2항에도 불구하고 산업통상자원부령으로 정하는 보완수수료를 납부한 경우에는 다음 각 호의 어느 하나에 해당하는 기간에 제1항제1호를 적용받으려는 취지를 적은 서류 또는 이를 증명할 수 있는 서류를 제출할 수 있다. 1. 제47조제1항에 따라 보정할 수 있는 기간 2. 제66조에 따른 특허결정 또는 제176조제1항에 따른 특허거절결정 취소심결(특허등록을 결정한 심결에 한정하되, 재심심결을 포함한다)의 등본을 송달받은 날부터 3개월 이내의 기간. 다만, 제79조에 따른 설정등록을 받으려는 날이 3개월보다 짧은 경우에는 그 날까지의 기간 176조 ①은 거불심청구에서 인용결정을 내리면서 그 전에 받았던 거절결정을 심결로써 취소한다는 규정인데 ""특허등록을 결정한 심결에 한정하되,""라는 건 심판원에서 자판하여 특허등록심결을 한다는 건가요? ""재심심결을 포함한다""는 것은, 거불심에서 받은 기각심결이 확정된 후 재심(원심판인 거불심 규정준용)을 청구하여 새로받은 심결이 특허거절결정 취소심결+자판하여 특허등록심결을 한다는 건가요?",1. 네 2. 네, ,,17.10.25
특허법,조문,29조,[29조]카탈로그,"안녕하세요 변리사님. 카탈로그의 제작사실이 있다면 이는 반포되는 것으로 '추정'되는 것인가요, '간주'되는 것인가요?",안녕하세요? 추정됩니다., ,,17.10.25
특허법,조문,51조,[51조] 보정각하,"임병웅 변리사님 안녕하세요 책을 보다 궁금한 점이 생겨 질문 드립니다. 이지 특허법 443페이지 각주의 예시를 보면 청구항1 : a+b 청구항2 : a+b+c <최후거절이유통지> 청구항1, 청구항2는 진보성 없음 <최후보정 후의 명세서> 청구항1 : 삭제 청구항2 : a+b+c+d <보정인정> 청구항1의 삭제와 청구항2의 d 부가는 청구범위의 감축이고, 보정에 의하여 새로운 거절이유가 발생하지 아니하여 보정 인정함......... 이렇게 나와있는데요, 여기서 d를 추가하면 47조 2항 신규사항 추가금지에 위반되는 것이 아닌가요? 이 예시에서 d는 최명도 내에 있음을 전제로 하는것인지 궁금합니다. 감사합니다.",안녕하세요? 네. 각주의 전제조건을 한 번 다시 읽어 보세요. 열공하세요~, ,,17.10.26
특허법,조문,52조,"[52,53조] 분할,변경출원 시기?","안녕하세요 변리사님 분할,변경출원 시기에 궁금한게 있어서 질문드립니다. 분할출원가능 시기는 보정가능한 시기이고 보정가능 시기는 특허결정의 등본 송달 전이고 변경출원은 출원이 계속중일 경우이므로 설정등록 전까지로 알고 있습니다. 그럼 출원이 거절 이유가 없다면 특허결정 등본이 송달 된 경우 설정등록이 아직 안 되었다면 분할 출원은 불가능하고 변경출원만 가능한가요? 또 만약 거절 이유가 존재했으나 모든 하자가 치유되고 특허결정 등본이 송달 되고 설정등록이 아직 안 되었다면 분할출원은 불가능하고 변경출원 또한 이미 최초거절이유가 통지된 이후 이기때문에 불가능한건지가 궁금합니다. 감사합니다","안녕하세요? 1. 분할출원가능시기는 법 제52조 제1항 제1호 내지 제3호의 시기이고, 보정가능한 시기는 법 제52조 제1항 제1호만 해당합니다. 특허결정등본송달이 된 후라도 법 제52조 제1항 제3호에 따라 분할출원할 수 있습니다. 2. 최초거절이유통지와 최초거절결정을 혼동하고 있는 것 같네요. 개념 자체가 다릅니다. 법조문 위주로, 기본개념을 익히기 위한 과정이 필요해 보이네요~", ,,17.10.26
특허법,조문,55조,[55조] 국내우선권주장의 이중우선에 대하여?,"출원X,Y,Z X[A]---국내우선권주장-----Y[A,B]------국내우선권주장----Z[A,B,C] 일때 발명 A는 Z시점, B는 Y시점으로 판단시점이 되는 것으로 알고 있는데요 이럴 경우 X,Y에서의 발명 A의 지위는 어떻게 되는 것인가요??? (각 1년 3월이 지나지 않아 취하간주가 되지 않은경우) 각 출원시로 보는 건가요??? 만약 출원Y를 기초로 A를 분할출원한다면 이는 판단시점이 X로가는건가요, Y로 가는건가요?? 아니면 적법하지 않은 출원인가요? 감사합니다.","1. Y의 발명 A는 X 출원일로 판단시점이 소급됩니다. 2. 분할출원이 국내우선권주장을 수반하면, X 출원일로 판단시점이 소급하고, 수반하지 않으면 Y출원일을 기준으로 합니다. 열공하세요~", ,,17.10.26
특허법,문제,42조,[42조 3항 2] 발명의 배경기술 기재?,"안녕하세요 변리사님 객관식 문제 244번 문제 중 해당 내용을 정정하신 부분에 대해 질문이 있습니다. 42조 3항의 2에서는 발명의 배경기술을 적지 아니한 경우 거절이유로 규정되어있는데, 이를 더 자세히 나누어 설명해주신 내용을 244번에 기록해주셨습니다. 발명의 설명에 그 발명의 배경기술의 '항목'이 미기재 되어있는 경우는 절차보정사유로, 항목은 기재되어 있으나 그 '내용'이 제대로 되어 있지 않은 경우에는 42조 3항 2위반으로 거절된다고 하셨는데, 이리 세분화된 이유가 심사기준의 변화때문인가요?","안녕하세요? 항목이 없는 경우에는 법 제42조제9항 위반이고, 항목이 있으나 기재가 부적법한 경우는 법 제42조제3항제2호 위반입니다. 심사기준의 변화가 아니라, 정확하게 이를 표현한 것입니다. 열공하ㅔㅅ요~", ,,17.10.27
특허법,조문,32조,[32조] 불특허발명의 판단대상?,"안녕하세요 특허법을 공부하던 중 궁금한점이 생겨 질문드립니다 일반적인 특허요건의 경우에는 출원발명의 청구범위를 '판단의 객체적 기준'으로 한다고 하는데 이지특허법에서 불특허발명의 판단대상을 찾기 어려워, 32조의 경우 청구범위만을 '판단의 객체적 기준'으로 하는게 맞는지 질문드립니다 한편 불특허발명에 해당되면 그 법적취급으로 출원공개예외 및 거절이유(,정보제공사유)가 있는데 만약 최초 발명의 설명 및 도면에 불특허발명에 있으나 그 발명을 청구범위에는 기재하지 않은 경우에도 출원공개의 예외에 해당하는지, 거절이유에는 해당하지 않는지가 궁금합니다 감사합니다",안녕하세요? 심사관은 청구범위에 기재되어 있지 않은 경우에는 불특허발명으로 판단하지 않습니다. 청구범위를 기준으로 실체심사를 진행하기 때문에 그렇습니다. 열공하세요, ,,17.10.27
특허법,조문,33조,"[제33조, 제44조] 주체적 특허요건 판단시기","이전에 주체적 특허요건의 판단시기에 관하여 질문을 드렸었는데 명확히 이해가 되지 않아 다시 질문드립니다. 이전 질문내용 : 이지특허법 제16판, p. 275, 각주 140을 보면 "" i) 특허청 재직자가 출원 후 권리를 이전하는 경우, ii) 재직 중 출원 후 퇴직하는 경우에 대해서는 특허법 제33조제1항단서 위반은 아니다."" 라고 나와있어, 제33조제1항단서의 판단 시기가 '특허여부결정시'인 것으로 보입니다. 반면, 이지특허법 제16판 p.412를 보면 ""특허법 제99조의2에 명시되어 있지 않지만 무권리자의 특허가 아닌 특허출원에 대하여도 정당한 권리자가 무권리자의 특허출원을 승계, 즉 출원인변경신고를 하였다면 법 제33조제1항 본문 위반이 해소된 것으로 보고 특허출원을 계속 진행하는 것을 인정하여 줄 필요가 있다."" 라고 나와있어, 원칙적으로 제33조제1항 본문 위반인 것을 이 경우에만 위반이 아닌 것으로 인정해 주어야한다는 취지로 보입니다. 즉, 원칙적으로는 '특허출원시'를 기준으로 하지만 이 경우에는 정당권리자가 승계 하였으니 예외적으로 제33조제1항을 적용하지 않을 필요가 있다는 것으로 이해됩니다. 이 두가지가 모순되는 것처럼 보이는데 특허법 제33조, 제44조의 판단시기는 언제인가요? 이전 답변내용 : 해당 요건의 판단시를 기준으로 합니다. 여기서 ‘해당요건의 판단시’라는 것이 33조1항 본문은 특허출원시를 기준으로 하고 33조1항 단서는 특허결정시를 기준으로 한다는 뜻인가요?? 그럼 44조의 경우도 출원시를 기준으로 하는것인가요??","해당 요건의 판단시라는 것은, 출원시가 아니라 실체심사할 때(=특허결정시) 판단할 수도 있고, 등록된 후 무효심판의 심리를 할 때(=심결시) 판단할 수도 있다는 것입니다. 기본서 보면 해당 판례들에 대한 설명이 있으니, 꼭 한 번 읽어 보세요~", ,,17.10.28
특허법,조문,55조,[55조] 국내우주와 자유기술의 항변,"갑이 최명도에 특허발명 A와 그로부터 용이한 발명 A'을 적고, A를 청구범위로 하여 출원한 뒤 이후 국내우주로 A'을 청구범위로 하여 출원, 둘 모두 특허를 받았다고 가정했을 때 A의 특허권 존속기간이 만료되고 A'의 존속기간이 남아있는 도중 을이 A'발명을 실시하여 갑이 을에게 침해소송을 제기하면 을이 A로부터 자신의 실시발명이 용이함을 이용해 자유기술의 항변을 적용할 수 있을까요? 단순히 침해의 입장에서 생각하면 A, A' 발명 모두 갑의 발명이기때문에 구체적 타당성의 기준에선 항변하지 못할 것 같은데 균등론 조건을 생각하면 자유기술의 항변이 적용되어 가능할 것 같아 잘 모르겠습니다.",1. 일단 전제조건이 틀렸습니다. 국내우선권주장의 선출원은 취하간주되기 때문에 둘 다 등록이 안 됩니다. 2. 자유기술의 항변이라는 것은 <출원전> 공지기술을 그 대상으로 하기 때문에 자유기술의 항변의 대상이 아닙니다. 열공하세요~,"시간 차이를 만드려다가 선출원 취하간주를 생각을 못했네요. 그렇다면 A'가 A로부터 용이하지만 그 효과의 현저성이 커 등록된 것이라고 했을 때, A를 자유기술로 항변할 수 있을까요? 이용발명의 침해여부 판단 판례의 논조에 따르면 효과의 현저성을 고려하지 않고 일체성을 판단하니 가능할 것 같은데, 그렇게 되면 균등론적인 조건과 더불어 A'발명을 특허등록한 실익이 없게 되어 문제가 될 것 같습니다.","계속 전제조건을 틀리면서 물어보고 계시네요. 효과의 현저성이 있는데 용이한 경우는 발생할 수 없으며, 효과의 현저성이 있다면 용이하지 않게 됩니다.",17.10.30
특허법,문제,34조,"[34조, 35조] 무권리자 출원?","안녕하세요 변리사님. 객관식 문제 중 정오표를 보고나서도 궁금한 것이 있어 질문드립니다. 1. 303번문제중 (차)번 문항이 틀린 이유로 '이전등록청구'가 아닌, '이전청구'을 할 수 있는 것이기 때문에 틀린 지문이라고 객관식문제집에 기재 되어 있었습니다. 이전청구와 이전등록청구는 구분되어야 하기 때문에 옳은 설명이라고 생각했습니다. 그러나 정오표에서는 (차) 문항이 맞는 문항으로 정정 되었는데 그 이유가 궁금합니다. 이전등록청구나 이전청구는 같은 말인가요? 2. 304번 지문에 '이렇나 사안에 관한 다음의 설명 중 ""틀린""것만으로 옳게 짝지어진 것은?' 이라고 되어있는데, 문제를 보면 틀린이 아니라 '옳은'것만으로 가 맞는 표현 같습니다.",안녕하세요? 1. 네. 같은 말입니다. 이전이 되기 위해서는 등록이 효력발생요건이기 때문입니다. 2. 네. 그렇습니다. 말씀하신 내용을 포함하여 11월말에 몇 가지 틀린 부분에 대한 정오표를 한 번 내야 할 것 같네요~ 열공하세요~, ,,17.10.30
특허법,문제,42조,[42조3항의2]발명의 배경기술 기재?,안녕하세요 변리사님 객관식 문제 244번 (자)와 761번 (2)관련하여 질문드립니다. 244번 (자) : 발명의 설명에 배경기술이 기재되지 아니한 경우는 절차무효사유에 해당(0) 761번 (2): 발명의 설명에 특허를 받으려는 발명의 배경기술을 기재하지 않았음에도 불구하고 착오로 등록되었다는 것을 이유로 하는 무효심결이 확정되면 특허권이 소급적으로 소멸된다(X) 배경기술이 미비한 경우가 아닌 기재되지 않은 경우는 절차무효사유라고 배웠습니다. 그런데 761번의 (2) 해설에서는 발명의 설명에 배경기술의 기재위반은 거절이유에만 해당한다고 되있는데 잘못된 해설이 아닌가요? 제 생각이 맞다면 절차무효사유임에도 착오등록된 경우 소급소멸될 수있지 않을까해서 질문드립니다! 감사합니다. 저작자 표시컨텐츠변경비영리,"안녕하세요? 절차무효사유와 특허무효사유의 개념을 혼동하고 있네요. 절차무효사유는 방식심사에서 보정사유(제46조)를 말하고, 특허무효사유는 특허무효심판에서의 사유(제133조제1항)을 말합니다. 배경기술의 기재 항목이 없으면 절차무효사유이고, 항목이 있으나 기재가 부적법한 경우에는 거절이유에만 해당하고, 특허무효사유에는 해당하지 않습니다. 열공하세요~", ,,17.10.30
특허법,조문,36조,36조 선출원주의 동일성 판단 관련 질문드립니다?,안녕하세요 갑에 의해서 A(a+b+c) 발명이 을에 의해서 B(a+b+c+d) 발명이 동일자로 출원되었을 때 선출원주의 적용 여부에 대해서 궁금합니다 A를 기준으로 봤을 때는 B가 A의 동일성영역에 속하지 않고 B를 기준으로 봤을 때는 A가 B의 동일성영역에 속하는데 이런 경우에 선출원주의는 어떻게 적용되나요?? 감사합니다 저작자 표시컨텐츠변경비영리,적용되지 않습니다 . 기본서의 선출원주의 파트에서 판단방법 정독해 보세요~, ,,17.10.31
특허법,문제,42조,42조의3 7항질문드립니다?,"이지특객 외국어특허출원 문제에서 (특허출원인은 보정을 할 수 있는 기간(제47조제1항)에 최종 국어번역문의 잘못된 번역을 정정할 수 있다. 다만, 최초 거절이유통지에 따른 의견서 제출기간 내 정정을 하는 경우에는 마지막 정정 전에 한 모든 정정은 처음부터 없었던 것으로 본다.) 이 지문이 틀린이유가 47조1항의 기간에서 1호 2호에만 42조의3 7항이 적용되는것이라서 최후거절이유통지에 따른 의견서 제출 기간이 빠져있어서 그런건가요? 계속 읽어봐도 의미상으로는 맞는 것 같아서 질문 드립니다 감사합니다",맞는 지문입니다. 정오표에 안 본 것 같네요. 수험자료에서 꼭 다운로드 받아서 확인하세요~, ,,17.10.31
특허법,문제,52조,[52조] 분할출원에 관한 질문입니다,여기 ㄱ번에서 분할출원 시기적 요건 중 하나인 특허료납부기간이 나와있지 않은데 그게 생략돼있어도 어쨋든 저 기간 중 어느하나에 해당하는 기간에 분할출원할 수 있으니 맞는걸로 보는건가요??,네, ,,17.10.31
특허법,문제,42조,[42조] 명세서의 기재방법?,변리사님 객관식 문제집 정오표 올리신 걸보니 이 문제 정답이 4번이랑 5번으로 되어있는데요 5번은 판례가 기재불비가 아니라했으니까 정답이 아닌거아닌가요??,"판례는 발명의 특정에 문제가 있는지 여부에 따라 기재불비일 수도 있고 아닐 수도 있다는 것이 요지입니다. 심사기준은 원칙은 기재불비이지만, 예외적으로 아닐 수도 있다는 것이 요지이고요. 그렇다면 4번과 5번 모두 원칙은 기재불비이지만, 예외적으로 아닐 수도 있다고 판단해야 하는 것입니다. 열공하세요~", ,,17.10.31
특허법,조문,34조,[34조]정당한 권리자의 출원 소급효의 예외?,안녕하세요 임병웅 변리사님! 2)의 내용을 보면 정당한 권리자의 출원에서 소급효에 대한 예외를 인정하는 것은 등록지연에 따른 존속기간연장등록 출원뿐 이라고 나와 있습니다. 그래서 확선을 적용하는 경우 문제가 있을 수 있다고 합니다. 그리고 다음장의 이 예시에서 2번의 경우(병출원이 있는 경우)를 살펴 볼 때 만약에 을이 A/A로 보정을 하였다면 위 2)의 내용에 해당하게 되어서 병은 특허 받을 수 없게 되는 것인가요? 감사합니다!,"안녕하세요? 병은 청구범위에 D가 있고, D는 A, C와 동일성이 없기 때문에 을의 출원 소급효가 인정된다고 할지라도, 등록받는데 아무런 문제가 없습니다. 열공하세요~", ,,17.10.31
특허법,조문,55조,[55조] 국내우주에대해 질문있습니다?,"안녕하세요 임병웅 변리사님, 오래간만에 또 이부분을 복습하다가 질문이 생겼습니다 일단 이해에 편의를 돕고자 사진을 첨부해드렸습니다 1. 출원Z가 Y기초우주만 할때와 Y기초 X기초 둘다할때의 Z의 판단시점에대해 제가 적어보았습니다 모두 올바르게 적혀있는지 틀렸다면 어디가 뭐때문에 틀렸는지 알려주시면 감사하겠습니다 2. 임병웅 변리사님께서 알려주신 두문자 ""심공존재등이"" 에서 ""이"" 부분은 국내우주에서 등장하는데 정확히 ""이""에 해당하는 문장을 읽어보면 ""선출원이 다른 국내우주 또는 조약우주를 수반하는 이중우선"" 이라고 나와있습니다 그렇다는건 제가첨부한 그림과 비교를 해보면 선출원이라는 것은 Y를 말하고 Y가 X기초우주를 하는데 X기초우주가 국내우주나 조약우주이던 상관이 없다는 뜻인가요? 3. 이중우주라는 것이 정확히 어떤것인지 잘 모르겠습니다ㅜㅜ Z가 Y기초만 하면 누적우주이고, X 및 Y 기초 둘다하면 복합우주인 것은 알지만 이중우주와는 또 어떤관계가 있는지 모르겠습니다 조약우주에는 왜 ""이""가 없는지 같이 설명해주시면 이해가 잘될것같습니다 4. 만약에 저 그림에서 X가 X출원 후 1년3개월이 지나 X가 취하된후 Y가 공개가 된다면, Y공개시점부터 X도 공개된것으로 보아 X도 공지기술지위를 그때부터 인정하는 것이고, 취하되면 선출원지위는 인정이 안되는 것으로 알고있습니다 그렇다면 X의 확대된선출원의지위는 어떻게 되는것인가요? 5. 마지막질문입니다 국내우주에서 우주의 보정또는 추가는 국내우주를 한 자 중 최선출원일로부터 1년 4개월 이내에 해당 우주를 보정하거나 추가가 가능하다고 알고있는데, 선출원일로부터 1년 3개월 경과후에는 선출원이 취하됩니다 취하된 경우에는 더이상 우주의 추가는 불가능한 것으로 알고있는데 그렇다면 결국에는 1년3개월이 더빨리 도래하니까 실질적으로 우주의 보정또는 추가는 1년3개월까지만 가능한것 아닌가요? 너무 질문이 길어진 같아 죄송합니다 항상 임병웅 변리사님 답변이 큰 도움이됩니다! 감사합니다","안녕하세요? 2. 네, 그렇습니다. 3. 국내우주(Y기초 우주)의 선출원이 조약우주/국내우주(X기초 우주)를 수반하는 경우 Y기초 우주를 이중우주라고 합니다. 조약우주(Y기초 우주)의 선출원이 조약우주/국내우주(X기초 우주)를 수반하는 경우에는 최선성의 요건에 걸립니다. 4. 취하되었으니 인정되지 않습니다. 5. 취하된 선출원을 기초로 우선권주장을 추가하는 것이 아니라, 우선권주장을 하지 않은 출원을 기초로 우선권주장을 추가하는 것이니, 선출원이 1년 3개월 지난 후에 취하되었는지 여부는 중요하지 않습니다. 열공하세요~", ,,17.11.01
특허법,문제,42조,"[42조의 2,3, 52.53] 기간과 분할변경출원?","안녕하세요 변리사님. 문제를 풀다가 궁금한 것이 생겨 질문을 남기게 되었습니다. 1. 42조의 2나 3에서 청구범위 or 번역문 제출기간은 원칙적으로 1년 2개월 내이고, 분할 변경출원이 청구범위 유예 or 외국어 출원인 경우이면서 위 기간이 도과된 경우에는 분할,변경 출원일부터 30일까지 추가로 제출 기회를 주고 있는 것으로 배웠습니다. 그러면 만약, 1년 1월하고도 29일이 되는 날에 분할, 변경 출원을 하였다면 청구범위 or 번역문 제출기한은 원칙대로인 1년 2개월 까지만인가요? 아니면 원칙 기간이 경과 되지 않았어도 분할, 변경 출원일 부터 30일까지의 시간을 더 주나요? 2. 347번 문제 해설 중에 '2016년 3월 15일이 분할출원일이고, 분할출원 한 날 부터 30일이 되는 날까지 명세서에 청구범위를 적는 보정을 할 수 있다. 따라서 2016년 4월 14일 까지 명세서에 청구범위를 적는 보정을 하여야 한다.'라고 되어있는데 이 기간에 대해 질문이 있습니다. 3월달은 큰 달(31일까지 있는 달)이고, 분할출원 한 날부터 30일까지이기 때문에 초입을 산입해야 하는 것 아닌가요? 그래서 4월 13일 24시까지 명세서에 청구범위를 적는 보정을 해야 하는 것이 아닌 지 궁금합니다... 저작자 표시컨텐츠변경비영리",안녕하세요? 1. 30일을 더 줍니다. 강의노트에 상세한 그림이 있으니 참고하세요. 2. 분할출원은 오전 0시부터 할 수 없습니다. 초일을 산입하지 않습니다. 열공하세요~, ,,17.11.01
특허법,문제,47조,"[47, 51조] 객관식 339번의 실체보정 문제 풀이법","안녕하세요 변리사님. 아래 문제를 풀려고 해봐도 어떻게 푸는 지를 몰라 질문드립니다. 외국어특허출원에서 번역문을 내면 그 번역문 대로 보정한것으로 간주되고, 오역에 대해 정정을 한다면 보정으로 간주되지는 않지만 어쨌든 국어 번역문에 있어서는 그 내용이 오역 정정에 따라 변경되는 것이라고 생각했습니다. 따라서 국어 번역문 자체가 원문 범위 밖으로 번역되었다면 47조 2항 전단 위반이고, 명세서 보정이 원문과 최종 번역문(그러니깐 정정 까지 끝낸 번역문)의 범위 밖이라면 47조 2항 전단, 후단 위반이라고 생각했습니다. 하지만 이런 제 생각이 맞는 지 모르겠고, 또 맞는다고 해도 42조 2항 후단 위반이 정답이라는 2번과 47조 2항 전후단 모두 위반이라는 4번이 이해가 가질 않습니다.","번역문으로 검색해서, 찾아보시면 비슷한 질문이 많이 있습니다. 그리고, 강의노트에 있는 그림을 참고하시면 될 것 같습니다. 그래도 이해가 안 되면 다시 질문을 해 주세요~ 개념 전체를 단순히 답변으로 설명드리기에는 한계가 있네요.", ,,17.11.01
특허법,조문,55조,[55조 7항] 국내우선권 주장의 추가하는 보정?,"안녕하세요 변리사님. 55조 7항에 대해 궁금한 것이 있어 질문드립니다. 55조 7항을 보면, '1항에 따른 요건을 갖추어 우선권 주장을 한 자는, 선출원일(선출원이 2이상인 경우에는 최선출원일을 말한다)부터 1년 4개월 이내에 그 우선권 주장을 보정 or 추가 할 수 있다고 합니다. 이때, 갑은 X출원, Y출원, Z출원이 있고, Y출원은 X출원만을 기초로 국우를 했고, Z출원은 Y출원만을 기초로 국우를 했습니다. 이후 갑은 Z출원의 기초로 X출원을 추가하는 보정을 한다고 한다면, 1년 4개월의 기산점은 X출원시 부터인가요 Y출원시부터인가요? (그 외 우선권 주장에 필요한 요건은 다 만족한다고 가정합니다.)",안녕하세요? X 출원입니다. 열공하세요~, ,,17.11.02
특허법,문제,47조,[47조] 보정-최초거절이유통지,"변리사님 특객330번 ⑤번지문 질문드립니다. 기재불비 이유로 거절이유통지있고 해소하는 보정한 결과 진보성 거절이유가 발생한 경우 최초거절이유가된다 (답X) 라고 적혀있는데요 판례에 보면 기재불비 거절이유통지시 보정으로 신규성 진보성 사유 발생한경우 특별한 사정 없는한 보정으로 새롭게 발생한 것이 아니라고 하거든요 그럼 최초거절이유통지 해야하는것 아닌가요? -판례- 심사관이 ‘발명이 명확하고 간결하게 기재되지 아니하여 특허법 제42조 제4항 제2호의 명세서 기재요건을 구비하지 못한 기재불비가 있다’는 거절이유를 통지함에 따라 이를 해소하기 위한 보정이 이루어졌는데, 보정 이후 발명에 대한 심사 결과 신규성이나 진보성 부정의 거절이유가 발견된다고 하더라도, 그러한 거절이유는 보정으로 청구항이 신설되거나 실질적으로 신설에 준하는 정도로 변경됨에 따라 비로소 발생한 경우와 같은 특별한 사정이 없는 한 보정으로 새롭게 발생한 것이라고 할 수 없으므로, 심사관으로서는 보정에 대한 각하결정을 하여서는 아니 되고, 위와 같은 신규성이나 진보성 부정의 거절이유를 출원인에게 통지하여 의견제출 및 보정의 기회를 부여하여야 한다.","거절이유가 언제 <발생>했는지 여부에 따라 1. 원시적 발생은 최초, 2. 법 제47조제1항제1호시기의 보정에 의해 발생은 최후 가 되는 것입니다. 판례는 기재불비를 해소하는 보정과 관련해서는 일반적으로 진보성 위반이 원시적으로 <발생>할 것이기 때문에 최초거절이유통지를 한다는 것입니다. 열공하세요~", ,,17.11.02
특허법,문제,54조,"[54, 55조] 국내우주 및 조약우주에 관한 문제 질문","임병웅 변리사님이 쓰신 객관식특허법 401번 문제에대해 여쭤볼것이 있습니다 일단 질문의 편의를 위해 사진하나를 첨부하였습니다 (401번에대한 문제내용을 바탕으로 제생각대로 그린 것입니다 틀린부분이있다면 바로잡아주시면 감사하겠습니다) 1. 문제에서 A,B를 특허출원했다고 나와있으면 최명도와 청구범위 모두 A,B라고 생각하면 되는건가요? 2. 국내우주를 할때 선출원과 확선의 판단시점을 구해보면 먼저 선출원은 R출원의 청구범위와 Q출원의 명도를 비교하고 겹치는부분은 Q출원시점으로 판단하되 P출원의 명도하고도 겹치는 부분은 R출원시점으로 판단해야하기 때문에 B는 Q출원시점에서. A,C는 R출원시점에서 판단해야하는것으로 알고있습니다 확선도 해보면 똑같은 결과를 얻게됩니다 그런데 제가 첨부한그림에서는 Y출원의 청구범위 A,D와 X출원의 명도중 겹치는 부분인 A는 X출원시점으로 소급하고 D는 부분우주이므로 그대로 Y출원시점에 남아있는것 까지는 알겠는데 그렇다면 Y출원의 명도에 있는 B는 어떻게되는 것인가요? 국내우주에서는 55조 3항 4항과 같은 법리가 있어 그에따라 판단시점을 고려해줄 수 있는데 조약우주 같은경우 항상 명도와 청구범위가 같을때만 경험해서 이럴때에는 어떻게해야할지 모르겠습니다 답지를보니 보기5번에서 ""갑의 출원이 공개되면 을의 출원은 갑의 B의 확선지위때문에 거절된다""라고 나와있어서 B의 판단시점은 Y출원이아니라 X출원시점인 것 같은데 왜 B가 X출원시점으로 판단시점이 소급되는지 잘모르겠습니다 즉 이렇게 일본에서 AB/AB출원한 것을 기초로 AD/ABD로 조약우주를 할때 조약우주출원의 선출원지위와 확선의 지위가 각각 판단시점이 어디부터 적용이 되는지 궁금합니다 또한 공지기술지위(신규성 진보성 등)도 궁금합니다","1. 네 2. 먼저 국내우주에서 확선의 소급효 인정을 잘못알고 있습니다. 법 제55조제4항에 의해 R출원의 최명도 중 Q출원의 최명도에 기재된 발명에 대해서 소급효가 인정되되, 법 제55조제5항에 의해 P출원의 최명도에 기재된 발명은 소급효가 인정되지 않습니다. 조약우주도 마찬가지입니다. 즉, Y출원의 최명도에 기재된 발명 중 X출원의 최명도에 기재된 A, B에 대해서는 확선 적용시 소급효가 인정되고, X출원의 최명도에 기재되지 않은 B는 소급효가 인정되지 않습니다. 이에 대해서는 기본서의 확선 파트 이후에 자세한 그림이 있으니 참고하면 될 것 같습니다. 열공하세요~", ,,17.11.02
특허법,문제,47조,"[47, 51조] 객관식 339번의 실체보정 문제 풀이법?댓글수2","안녕하세요 변리사님. 변리사님, 죄송하지만 찾아보고 봐도 이해가 가질 않습니다... 어떻게 생각해도 혼란이 와서 질문 다시 드립니다 1번은 명세서 보정이 원문(A)와 정정된 번역문(C) 중 원문 범위 위반이기 때문에 전단 위반. 2번은 이해가 가질 않습니다. 오역 정정은 보정으로 보지 않는데 47조가 적용되나요? 3번은 명세서 보정이 원문(A)와 정정된 번역문(C) 둘 모두의 범위 위반이기 때문에 전,후단 위반. 4번은 2번과 마찬가지로 이해가 가질 않습니다. 국어번역문이 애초에 전단위반이긴 해도 정정에 의해 하자가 치유된 것 아닌가요? 5번은 명세서 보정이 원문(A)와 최종 번역문(A)의 범위 위반이기 때문에 전후단 위반. 이라고 생각했습니다. 부디 지도 부탁드립니다","안녕하세요? 혹시 1739번 답변 보셨나요? 2, 4번에 대해 답변은 다음과 같습니다. 법조문 그대로 해석하면 됩니다. 4번을 적용해 보면, 명도의 보정(국어번역문: B)가 원문(원문: A)과 번역문(오역정정: A)의 범위를 벗어났기 때문에 법 제47조제2항전단과 후단 위반입니다. 2번을 적용해 보면, 명도의 보정(국어번역문: A)가 원문(원문: A)과 번역문(오역정정: B)의 범위를 벗어났기 때문에 법 제47조제2항 후단 위반입니다. 지금 이해가 안 되는 이유는 법조문에 대한 공부가 제대로 되지 않았기 때문인 것으로 보입니다. 법조문을 먼저 펴 놓고 법조문에 하나하나 대입해 보면 바로 답이 나옵니다. 그래도 안 되면 다시 질문해 주세요~", ,,17.11.02
특허법,조문,55조,"[55, 56조] 국내우주가 부적법한 경우의 효과 관련 문의?댓글수1","안녕하세요. 변리사님. 책p501 최하단에 보면(@2.(2) 출원의 판단시점 소급효 불인정), '우선권주장이 부적법하여 우선권주장이 무효처분된 경우 선출원은 취하되지 않으므로 법 제 36조 선출원주의의 적용을 받을 수도 있을 것이다.'라고 되어 있는대요. 이 경우, 우선권주장출원에 대한 심사가 이루어지는 시기가 선출원 후 1년3개월을 넘는 경우가 대다수 일 것 같은대요. 그렇다면 선출원이 이미 취하 간주된 이후여서 선출원지위를 상실하게 되어 후출원이 36조에 걸리지 않게 되는 것이 맞는지 확인부탁드립니다. 감사합니다.","안녕하세요? 우선권주장의 적법성에 대한 심사는 방식심사하는 과정에서 이루어집니다. 즉, 후출원하자마자 이루어지기 때문에 1년 3개월이 지날 수가 없습니다. 열공하세요~", ,,17.11.03
특허법,조문,36조,[36조] 특허권의 무효와 선출원의 지위?댓글수1,1. 교과거 244페이지 (3) 소결에는 특허권의 무효는 특허권의 포기와 마찬가지로 선출원의 지위를 상실하였다고 보지 아니한 것이 타당하다 (133 3항) 이라 되어있는데 2. 강의노트 72페이지 두번째 그림에서는 왜 선출원의 지위가 엑스로 되어있나요...ㅠㅠ 감사합니다^^,"판례는 선출원의 지위를 상실한다는 것이고, 판례에 따라 문제를 풀어야 합니다. 열공하세요~", ,,17.11.06
특허법,문제,47조,"[47, 51조] 객관식 339번의 실체보정 문제 풀이법2?댓글수2","안녕하세요 변리사님. 변리사님의 설명을 들으면서 제가 이해한 바가 맞는 지 여쭤봐야 할 거 같아 다시금 질문을 올립니다. 변리사님, 저는 이 문제에서, 언제나 국어번역문 제출이 있은 뒤에 정정이 이루어졌다고 봤기에 명세서 도면의 보정이 없는데 2번 4번에서 '47조 1항 후단의 최종번역문 범위 내에서의 보정이어야 한다'를 어떻게 적용해야 하나? 싶었습니다. 그런데 말씀을 들어보니, 2와 4번의 경우 다름아닌 번역문 제출(명세서 도면의 보정)에 대해 47조 전단은 물론이고 후단의 위반이 있는 지를 살펴보아야 한다는 것 같은데, 제가 이해한 바가 맞나요? 아니라면 정말 죄송하지만 다시금 지도해주시기 바랍니다. 참고로 1739번 답변도 질문 드리기 전에 확인했습니다만, 그래도 이해가 가질 않아 다시금 질문을 드렸었습니다. 죄송합니다.","안녕하세요? 네. 맞습니다. 번역문에 보정의 효과가 있기 때문입니다. 질문하신 내용으로 봐서는, 법 제42조의3도 같이 공부를 해 보실 것을 추천합니다~", ,,17.11.06
특허법,문제,34조,"[34, 35, 104]특허 객관식 307번과 관련하여 정당한 권리자 보호에 관해 질문있습니다.?댓글수2",문제] 갑은 A와 A의 개량발명 B를 하고 A를 2017년 1월 15일 특허출원 을은 갑으로부터 B를 양도받아 B와 B를 개량한 B'를 2017년 4월 1일 특허출원 무권리자 병은 A를 2017년 1월 2일 판매와 동시에 특허출원 [3번 지문] 병의 특허출원이 무권리자 출원으로서 제33조 제1항 본문 위반으로 거절되는 경우라도 병이 선의인 경우 을과의 관계에서 중용권이 인정되는 경우가 있다. 병의 출원이 등록이 되지 못하여 중용권이 인정될 수 없다는 것은 알겠습니다. 만약에 이 문제에서 병의 출원이 등록이 되었다면 1. 갑은 A의 정당권리자로서 병의 특허를 무효로 한 후 출원일 소급에 의한 보호를 받을 수 있지만 2. 을의 B발명은 A의 개량발명으로 동일성이 없어 병의 특허가 무효가 되는것과 상관없이 출원이 등록될 수 있다고 생각되고 그러면 병이 을과의 관계에서 중용권을 생각할 이유조차 없다고 생각되는데 맞나요?,네. 맞습니다, ,,17.11.07
특허법,문제,47조,"[47, 51]객관식 문제 341번 질문있습니다.?댓글수2",[4번 지문] 청구항을 삭제하는 보정을 하면서 삭제한 청구항을 직.간접적으로 인용하던 종속항에서 인용 번호를 잘못 변경함으로써 기재불비가 발생한 경우에도 특허법 제51조의 청구항을 삭제하는 보정에 따라 새로운 거절이유가 발생한 경우에 포함된다. 라고 써있는데 저는 이 말이 삭제하는 보정에 의해 기재불비가 발생하면 보정각하에 해당하는 새로운 거절이유가 된다라고 해석이 됩니다. 교제에 똑같은 지문이 있기는 한데 이 말이 삭제하는 보정에 의해 새로운 거절이유가 발생하는 것은 맞지만 조문 괄호부분에 의해 보정각하에 해당하는 새로운 거절이유는 아니라는 뜻인가요?,네. 삭제하는 보정에 의해 새로운 거절이유가 발생한 경우에 해당하기 때문에 법 제51조제1항괄호에 따라 보정각하가 되지 않는다는 말입니다. 참고로 판례문구입니다. 열공하세요~, ,,17.11.07
특허법,문제,35조,[35조 정당권리자출원] 특객 310쪽 보기1번 질문입니다?댓글수3?사진첨부,특객 310쪽 문제입니다 1번지문이 갑자기 헤깔려서 질문드립니다. 정당권리자출원을 하여 일단 선출원지위 확선지위에 문제 안되는건 알겠습니다. 또한 보기1번 지문과 같이 공지예외적용 주장 기간 또한 만족하였기에 이또한 문제 됨이 없음은 알겠으나 갑자기 헤깔리는게 무권리자인 갑이 등록받은상태에서 을(정당권리자)이 출원한다고 보기1지문처럼 특허받을수있는건가요? 물론 정당권리자출원을 위한 요건은 만족했는데 무권리자출원이 이미 등록된 마당에 먼저 이걸 무효심판청구해서 무효확정되면 확정일부터 30일이라는 요건도 만족해야되는거 아닌가요?,"제35조는 출원일의 소급효를 인정받기 위한 것이고, 제30조는 공지가 안 된 것으로 봐 달라는 것입니다. 사안은, 공지가 안 된 것으로 봐 주는 경우 출원일 소급효를 인정받지 않더라도 특허를 받는데 문제가 없습니다. 질문규칙에 맞지 않습니다. 제목을 수정해 주세요~",변리사님 죄송한데 제가 제대로 이해를 못한거같아요. 음..그러니까 공개된후 12개월 내여서 출원일 소급필요없이 출원해도 요건을 만족한다는 말씀 이신거죠?? 그런데 그렇게 하려해도 일단 무권리자등록받은 발명에대해 일단 무효시키고 해야되는거아닌가요?? 일단 출원먼저 해놓고 무효심판은 나중에 청구해서 무효시키고 심사청구해도된다는 말씀이신건가요?? 제가 헤깔리는부분이 무권리자등록된게 있는데 그냥 공지예외주장출원 바로 해도되는지가 헤깔립니다. 제가 생각한건 일단 무효부터시켜야되는게아닌가해서요.,"법 제35조와 법 제133조를 혼동하고 있는 것 같군요. 법 제133조에 의해 무효시키는 것이고, 법 제35조는 출원일 소급효를 인정받기 위한 규정입니다. 한편, 출원한 후 신규성 위반이라고 거절이유가 나왔을 때, 무효심판을 청구하더라도 상관없습니다. 질문규칙에 맞지 않습니다. 수정해 주세요.",17.11.07
특허법,문제,30조,"[30조, 200조]국제특허출원시, 공지예외주장의 취지와 증명서류 제출기간?댓글수1","객관식 289페이지 지문 ④번입니다. 2017년 7월 1일에 논문발표를 하고 2017년 12월 1일에 PCT출원을 한 경우 국내서면제출기간 내에 출원인의 심사청구가 없다면 2020년 7월 1일 경과후 2020년 7월 31일까지 취지를 기재하고 증명서류를 제출하여야 한다.(O) PCT 출원후 2년 7개월 지난.....2020년 7월 1일이 기준일이 되는데, 기준일은 2020년7월1일 0시부터 기준일인가요? 그러면 (시규111조) 기준일 경과후 ~30일 이라서 '경과후'라는 말을 '다음 날'부터 기산한다..라고 해석해야 되는 것이라서 맞는 지문이 되는건가요?",초일(7.2) - 기산일(7.2) - 자연적 - 만료일(7.31) 이 되네요., ,,17.11.09
특허법,문제,29조,[29조③ + ⑤] 국제특허출원의 확대된 선출원의 지위?댓글수1,"객관식 936페이지 지문④입니다. 지문④ 국제특허출원이 국제공개만 된 경우 국내에서 그 지정이 취하되었다면 특허법 제29조제5항 규정이 적용되는 경우는 없다.(X) 29⑤ ③항을 적용할 때 다른 특허출원이 제199조②항에 따른 국제특허출원 (제214조④항에 따라 특허출원으로 보는 국제출원을 포함한다)인 경우 ③항 본문 중 ""출원서에 최초로 첨부된 명세서 또는 도면""은 ""국제출원일까지 제출한 발명의 설명, 청구범위 또는 도면""으로, 같은 항 제2호 중 ""출원공개""는 ""출원공개 또는 「특허협력조약」 제21조에 따라 국제공개""로 본다. 29③에 29⑤를 적용시키면 조문이 이렇게 됩니다. -------------------------------------------------------------- 특허출원한 발명이 다음 각 호의 요건을 모두 갖춘 다른 특허출원(국제특허출원)의 국제출원일까지 제출한 발명의 설명, 청구범위 또는 도면에 기재된 발명과 동일한 경우에 그 발명은 ①항(신규성)에도 불구하고 특허를 받을 수 없다. 1. 그 특허출원일 전에 출원된 특허출원(국제특허출원)일 것 2. 그 특허출원 후 제64조에 따라 출원공개 또는 국제공개 되거나 등록공고된 특허출원(국제특허출원)일 것 -------------------------------------------------------------- 질문) 29⑤은 일단 '국제특허출원' 즉 한국을 지정국으로 한 PCT출원이 전제가 된 조문인데, 문제의 지문처럼 지정이 취하되었다면 더이상 '국제특허출원'이 아니게 되서... 그래서 더 이상 29조 5항 규정은 적용되지 않는건 아닐까.. 하는 생각이 들어 질문드립니다.","공개후 취하되었다고 하여 확선의 지위가 없어지는 것은 아닙니다. 다만, 외국어 출원인 경우에는 법 제29조제7항에 의해 국내단계로 진입하지 않아서 확선의 지위를 갖지 못하게 됩니다. 즉, 상기 지문은 국어 출원과 외국어 출원의 취급이 다르다는 것을 알고 있느냐를 물어보고 있는 것입니다.", ,,17.11.09
특허법,조문,47조,[47조] 보정에관한 질문드립니다.?댓글수2,"안녕하세요 변리사님, 이지특허법 431p 에 부적법한 보정이 간과된 채 착오로 등록된 경우의 취급에 대한 내용을 공부하던 중 궁금증이 생겼습니다. 2) 한편, 보정에 따라 새로운 거절이유가 발생한 경우에는 새로운 거절이유를 이유로 특허무효사유(法 133 1항) 이다. -10번째줄 이 경우 간과되었던 새로운 거절이유가 절차상 거절이유에 불과하여 무효사유가 아니라면 추후 발견되더라도 무효는 면할 수 있는것 아닌지 궁금합니다. 추워지는 날씨 감기조심하세요~^^ 저작자 표시컨텐츠변경비영리",안녕하세요? 네. 맞습니다. 특허무효사유는 제한열거적입니다. 감기조심하세요~, ,,17.11.09
특허법,문제,38조,[38조] 특허를 받을 수 있는 권리의 승계?댓글수1,특허 객관식 문제를 풀다가 질문을 드립니다. 38조 특받권 문제를 풀다보면 '특허를 받을 수 있는 권리를 특허출원 전에 승계받은 자가 2인 이상인 경우에는 가장 먼저 특허출원한 자만이 정당한 권리자가 되고 나머지는 모두 무권리자이다.' 이런 지문이 나오는데 왜 나머지가 모두 무권리자가 되는지 궁금합니다. 승계가 적법하다면 선출원으로 거절되는게 아닌가요?? 날씨가 추워졌는데 감기 조심하시기 바랍니다. 감사합니다. 저작자 표시컨텐츠변경비영리,"법 제38조제1항에 의하면, 출원이 대항요건이고 먼저 출원하지 않으면 제3자에게 승계인이라는 주장을 하지 못하기 때문입니다. 열공하세요~", ,,17.11.10
특허법,조문,42조,"[42, 97] 제외클레임, 생략하였음을 특징으로 하는 구성?댓글수1","제외 클레임이란것은 선행기술을 회피하기 위해, 청구항에서 일정사항(대상, 재료, 성분)을 제외하는 보정을 말합니다. 예를 들어 ‘포유동물의 치료방법’을 ‘사람 이외의 포유동물 치료방법’ 또는 ‘가축의 치료방법’으로 보정한 경우 이 경우는 보통 신규사항 추가가 아니라고 합니다.[심사지침서] 특허발명이 '종래기술에서 일반적으로 사용되던 기술적 수단을 생략하였음'을 특징으로 하는 구성이고 확인대상발명이 '그 생략된 기술적 수단'을 명시적으로 채택한 경우는 서로 일체성이 없게 되므로 침해가 성립하지 않는다고 합니다. [2005후18] 질문1) 제외클레임은 출원인의 의식적 제외(즉, 제외시킨 부분에 대해선 권리행사하지 않겠다)인 것이고 생략을 특징으로 하는 구성은 AER이론과 관련된 개념인건가요? 질문2) 위와 관련하여 객관식 264페이지 지문 ㈎에 대해 질문드립니다. 지문㈎ : 인용되는 항의 구성요소를 감소시키는 형식으로 종속항을 기재할 수는 없다. (O) A는 종래기술에서 일반적을 사용된던 기술임을 전제로 하겠습니다. (인용되는 항) 청구항 1 : [A+B+C] (인용하는 항) 청구항 2 : 1항에 있어서 A를 생략하였음을 특징으로 한 물건 → [B+C] 지문대로라면 청구항2항은 독립항이 되는건가요? 질문3) 혹시 청구항2는 부정적인 표현(~을 제외하고)이 사용된 경우에 해당하여 기재불비가 되는건까요? 질문4) 그럼 다시 돌아와서 특허발명이 '종래기술에서 일반적으로 사용되던 기술적 수단을 생략하였음'을 특징으로 하는 구성을 청구항에 어떻게 표현하는 것이길래 기재불비가 아니게 된 건지요?",1. 네 2. 네 3.4. 예외적으로 허용되는 경우를 말합니다. 기본서를 정독해 보세요~ 질문에 대한 답이 있습니다., ,,17.11.12
특허법,문제,29조,[29조 1항] 특객 127번 문제 관련입니다.?댓글수1,"임 변리사님, 항상 감사드립니다. 특객 127번 (가)번 지문에 대한 질문입니다. (가) 발명자 A가 캐나다의 한 대학에 교환교수로 있었던 2006년 6월 그 대학의 설립기념일에 자신의 발명내용에 대해 강연한 후 귀국하여 2007년 5월 자신의 그 발명에 대해 특허출원을 한 경우 A의 발명은 일반적으로 신규성 상실로 인해 특허를 받지 못할 것이다. 자신이 공지한 후 12개월이 지나지 않았기 때문에 공지의 예외주장을 통해 특허를 받을 수 있기 때문에 틀린 지문이라고 생각하는데, ""일반적으로~~""라는 말이 있기 때문에 맞는 지문으로 봐야 하는 것인가요? 항상 친절한 답변 감사드립니다. 이병철 저작자 표시컨텐츠변경비영리","안녕하세요? 원칙은 신규성 상실이고 예외적으로 공지예용적용주장을 하는 경우 신규성 상실이 안되는 것입니다. 즉, 법 제30조는 법 제29조제1항각호의 예외이지 원칙은 아닙니다. 열공하세요~", ,,17.11.13
특허법,조문,53조,[53조]변경출원의 보정?댓글수1,이지 특허법 p469 의 관련문제의 1번 변경출원의 보정에서 변경출원의 보정이 변경출원의 최명도와 비교하여 보정요건을 충족하여도 변경출원의 요건 충족하지 아니한 경우 거절이유에 해당한다. 고 하셨는데 질문1 원출원 최명도 abc 변경출원 최명도 abcde 변경출원 보정 abcd 이 경우가 위의 예시가 맞나요?? 질문2 그리고 보정범위의 문제 이외에 위와같이 보정요건은 충족하나 변경출원의 요건을 충족하지 못하는 경우가 있나요??,"1. 네 2. 질문이 앞뒤가 맞지 않은 것 같습니다. 보정과 상관없는 것을 질문하는데, 보정요건을 충족하는 것을 물어보고 있습니다. 열공하세요~", ,,17.11.13
특허법,문제,42조,42조 질문입니다 ( 특객 250번)?댓글수2,"안녕하세요? 특객 250번 문제입니다. 출원서 및 명세서에 기재하는 발명의 명칭에 대한 설명이다. 틀린것은? 2. 발명의 명칭은 그 발명이 무엇을 청구하는지 명확히 알 수 있도록 기재하여야 한다. 4. 개인명, 상품명, 상품의 애칭, 극히 추상적인 성능만을 나타내는 표현은 발명의 명칭으로 사용할 수 없다. 다만, '특허'라는 용어를 발명의 명칭에 포함하는 것은 허용된다. 4번이 명백히 틀린거라서 답을 고를 순 있겠는데, 2번에서 발명의 명칭은 카테고리를 정하고 후에 검색할 때 편하도록 정한다고 책에서 봤거든요. 그래서 '무엇을 청구하는지 명확히 알 수 있도록' 이라는 말이 조금 안맞는것 같아서 질문 드립니다.",안녕하세요? <무엇을 청구하는지 = 카테고리를 명확히 하도록> 기재하여야 한다고 생각하면 됩니다. 열공하세요~, ,,17.11.13
특허법,조문,29조,[29조] 산업상 이용가능성 혈액투석방법 질문입니다.?댓글수2,안녕하세요 변리사님 제가 이지객관식(도 다 풀고)이 아닌 다른책 객관식을 풀다보니 혈액투석기는 산업상 이용가능성이 있다고 나와있어서 혈액투석방법은 산업상 이용가능성이 없고 혈액투석기는 산업상 이용가능성이 있다고 생각하면 될까요?? 감사합니다.,안녕하세요? 인체를 직접적인 구성요소로 하는지 여부에 따라 판단할 수 있으면 됩니다. 혈액투석기 자체는 인체를 직접적인 구성요소로 하지 않기 때문에 산업상 이용가능성이 있습니다. 열공하세요~, ,,17.11.13
특허법,조문,55조,[55조] 국내우선권주장출원의 경우 공지기술의 지위?댓글수1,"안녕하세요 임 변리사님. 도헤특허법 59쪽 6번에 국내우선권주장출원의 경우 y(후출원) 공개시 공지기술의 지위가 x(선출원),y(후출원)의 최명도로 되어있는데 1. x(선출원)의 최명도가 y출원(후출원)의 공개시 공지기술의 지위를 왜 가지는지 궁금합니다. 2. y출원(후출원) 공개시 x출원의 최명도가 공개되는 경우 x출원일부터 y공개일까지 x출원의 최명도는 확선의 지위를 가지지 못하는 이유가 궁금합니다. 저작자 표시컨텐츠변경비영리","안녕하세요? 1. 후출원이 공개 또는 등록되면 선출원을 열람할 수 있다는 법 제216조 때문입니다. 2. 선출원이 공개되지 않고 취하되어, 법 제29조제3항내지제7항의 요건을 충족하지 못하기 때문입니다. 열공하세요~", ,,17.11.14
특허법,문제,29조,(29 신규성) 특객 130쪽 반포된간행물?댓글수1,130쪽 문제 보기 5) 출원시 제출된 출원명세서 원본 및 특허공개공보 모두 29조 1항 2호 전단 간행물에 해당된다 (X) 해설) 출원공개공보 및 등록공고공보는 간행물이지만 출원시 제출된 명세서 원본은 공개성이 없는 문서이므로 간행물에 해당되지 않는다. 출원공개는 특허출원서에 최초로 첨부된 명세서 및 도면이 공개되는데(기본서 600쪽) 여기서 최명도와 위 해설에서 출원시 제출된 명세서 원본은 서로 다른것인가요? 특허출원서에 최명도가 공개되는데 왜 출원시 제출된 명세서 원본은 간행물에 해당되지 않는지 모르겠습니다.,"명세서 원본이라는 것은 출원할 때 제출된 서류를 말하고, 출원 자체는 간행물이 공개성이 없기 때문에 간행물이 아니라는 것입니다. 열공하세요~", ,,17.11.15
특허법,문제,47조,"[47, 51]객관식 문제 325번 질문있습니다.?댓글수1","325번. (바)지문 : 심사관이 보정각하결정을 할 때 거절이유를 통지하는 경우는 없다(0) 435번. (1)지문 : 심사관은 특허법 51조 제1항에 따라 각하결정을 하려는 경우에, 특허출원인에게 거절이유를 통지하고 기간을 정하여 의견서를 제출할 기회를 주어야 한다.(X) 심사관이 보정각하 결정할 때 출원인에게 거절이유는 통지해주지만 의견제출기회를 주지 않는다고 이해했습니다. 그런데 325번의 (바)지문은 맞는 내용이라고 하는데 그 이유를 도저히 모르겠습니다. 보정각하 결정을 할 때는 출원인에게 거절이유통지해줘야되는거 아닌가요? 항상 감사드립니다.","개념적으로 착각하고 있습니다. <거절이유통지=의견제출기회 부여>라고 생각해야 합니다. 한편, 법 제63조제1항각호에 의해 보정각하할 때는 의견제출기회를 주지 않습니다. 열공하세요~", ,,17.11.16
특허법,조문,51조,[51조] 보정각하에 대한 질문있습니다?댓글수1,"안녕하세요 임병웅 변리사님 51조 보정각하에 대해 여쭐것이 있어 이렇게 글남깁니다 우선 출원인은 보정각하결정에 대해 단독으로 불복은 못하고 특허거절결정에 대한 불복심판을 청구함으로써 함께 보정각하결정을 다툴수 있는 것으로 알고있습니다 이 때 예외적으로 1. 직권재심사를 하는경우 취소된 특허결정 전에 한 보정각하결정과 2. 재심사의 청구가 있는 경우 그 청구전에 한 보정각하결정 은 거절결정 불복심판에서 다툴 수 없다고 하는데, 2번의 이유는 자신이 한 보정이 잘못됨을 인정하고 새로 보정해서 가지고 오겠다 라는 뜻으로 재심사청구를 하는것이기 때문에 이전의 보정 각하에 대해 못다투는것이 이해가되는데 1번의 경우는 왜 못다투는것인가요? 전반적인 상황을 통해 자세히 설명해주시면 정말 감사하겠습니다 항상 답변이 큰 도움이됩니다 ^^","안녕하세요? 직권재심사를 하면 최초거절이유통지부터 다시 시작하고, 그렇다면 출원인은 그 단계에서 보정을 하면서 다시 다툴 수 있는 기회가 부여되기 때문에, 그 후에는 심판에서 다툴 수 없다는 것입니다. 열공하세요~", ,,17.11.17
특허법,조문,56조,[56조] 국내우주 보정?댓글수1,변리사님 안녕하세요. 국내우주 보정에 관해 질문 드립니다. 법조문상 국내우선권주장은 최선출원일~1년4개월 내에 보정이나 추가가 가능한데 선출원은 1년 3개월 후에 취하되니까 1년3개월 후에는 어차피 취하할 수 없고 만약 1년3개월이 지나고 1년4월이 안된시점에 이미 선출원이 취하된 상태에서 우선권주장의보정이라면 우주추가 외에 어떤경우를 말하는 건지 궁금합니다.,안녕하세요? 현실적으로 1년3월~1년4월 사이에서는 우선권주장의 추가만 인정될 수 있겠네요. 열공하세요~, ,,17.11.20
특허법,문제,42조,(42조) 객관식 268번?댓글수6,"안녕하세요 10월 정오표 보던 중 객관식 268번 관련하여 의문이 생겨 질문 드립니다. 기존 기재불비로 판단될 수 있는 사항은 4번이었으나, 정오표에 따르면 5번도 기재불비에 해당된다고 나와있습니다. 4번 해설 중 심사실무 [예4]에 ""또는 120~200, ~~~"" 관련 문구를 추가 해놓으셨습니다. 그런데 이지특허법 p354 257번 각주의 동일한 내용과 비교하였을 때는 위 추가 문구는 나와 있지 않습니다. 그리고 5번의 경우 이지특허법 p355 259번 각주에 '바람직하게는'이라는 문구와 관련하여 이중수치한정도 인정한다는 취지의 특허법원 판례가 나와있습니다. 문제에서도 다툼이 있는 경우 판례에 의한다고 되어 있어 심사실무를 따르기 보다는 판례에 따른다면 기존 답대로 4번만 기재불비로 되어야 하는 것이 아닌가 싶습니다. 제가 정오표를 잘못 이해하고 있는지, 기재불비 관련 판례를 잘못 이해하고 있는지 궁금합니다. 감사합니다.","안녕하세요? 대법원에서 특허법원 판례가 뒤집어졌습니다. 일률적으로 기재불비인지 여부를 판단할 수 없고, 발명의 명확성 요건을 충족했는지 관점에서 기재불비가 될 수도 있고 안 될 수도 있다는 것이 판례의 요지입니다. 심사실무는 이를 원칙에 기재불비로 보고, 예외적으로 명확성 요건을 총족한 경우 기재불비가 아닌 것으로 보고 있는 것으로 운영되고 있습니다. 열공하세요~", ,,17.11.20
특허법,조문,55조,[55조]특허 분할출원과 국내우주?댓글수1,17년 ㅣ월에 a를 국내에 출원(x)하고 17년 6월에 a.b를 국내 우주를 하며 출원(y)했다고했을때 18년 4월에 국내우주 기초가 되는 출원(x)이 취하간주될텐데 그럼 취하간주 이후인 18년 5월에 y를 분할출원하면서 국내우주를 해도 우선권주장의 효력이 있는건가요? 특객 401번의 3번을 보다가 의문점이 생겨질문합니다,네. 출원과 동시에 국내우주를 한 경우 국내우주의 효과가 발생합니다. 제목이 질문규칙에 맞지 않으니 수정해 주세요. 열공하세요~, ,,17.11.23
특허법,조문,51조,"[51조] 보정각하, 거절이유통지?댓글수1?사진첨부",직권보정 전에 한 부적법한 보정이 특허결정이 취소된 후 발견된 경우는 최후거절이유통지이고 취소된 특허결정 전에 한 부적법한 보정이 직권 재심사 후 발견된 경우는 최초 거절이유통지로 다른데 다른 이유가 구체적으로 무엇인지 잘 모르겟습니다. 감사합니다.,"취소된 특허결정 전에 한 부적법한 보정이 직권 재심사 후 발견된 경우는, 법 제47조제1항제2호괄호에 의해 최초거절이유통지를 합니다. 이는 특허결정을 임의로 심사관이 취소한 것이기 때문에, 출원인에게 충분한 보정기회(신규사항추가만 아니라도)를 주기 위함입니다. 열공하세요~", ,,17.11.23
특허법,조문,42조,[42조 3항-9항]종속항 기재방법 객267번?댓글수1,"1)종속항은 그 종속항이 속하지 않는 다른 독립항 또는 종속항을 인용할 수도 있으나, 다른 독립항 또는 종속항의 인용은 동일 카테고리 내로 제한된다.라고 알고있습니다. 2)<객> p.267에서 3번지문 [청구항 1] ~~ 방법 [청구항 2] 청구항 1에 있어서 ~~ 방법 [청구항 3] 청구항 2에 있어서 ~~ 물건 [청구항 4] 청구항 2 또는 청구항 3에 있어서 ~~ 방법 >>해설 청구항 3 및 청구항 4는 다른 카테고리에 속하는 청구항을 한정하거나 부가하여 구체화하는 것이므로 인정되지 아니한다. 1)) 이렇게 기재해야하는 근거 조문이 몇항에 있는지 알고싶습니다. 2)) 2)에서 청구항 2,3,4 는 종속항 형식을 갖는 독립항 아닌가요??한정 부가 구체화 하지 않고 카테고리만 다르게 했을 뿐인데 독립항이 아닌 종속항이 되나요?","1. 법 제42조제4항제2호 위반입니다. 2. 청구항 2는 종속항이고, 청구항 3, 4는 독립항이라고 할 수 있는데 법 제42조제4항제2호 위반입니다. 열공하세요~", ,,17.11.24
특허법,조문,52조,"[52조, 55조] 선출원이 국내우선권주장을 수반하는 경우?댓글수1","안녕하세요 임병웅 변리사님! 국내우선권주장을 수반하는 출원을 분할출원하는 경우, 분할출원도 판단시점 소급효의 효과를 받으려면 따로 우선권 주장을 하여야 하나요? 조약우선권주장출원은 따로 주장을 하여야한다고 도해 책에 나와있는데 국내우선권주장출원은 어떠한지 몰라서 질문드립니다. 감사합니다??","안녕하세요? 네, 모두 따로 출원과 동시에 주장해야 합니다. 분할출원의 소급효 예외인 <확공조국중>인데 그 중에서 <국>은 분할출원이 국내우선권주장을 수반하는 경우를 말하는 것입니다. 열공하세요~", ,,17.11.24
특허법,문제,42조,[42조 4항]객 257 3번/259 5번 질문?댓글수1,객 257번에 3번-특42조 4항1호가 규정하는 기재요건을 충족하는지 여부는 발-설이 통상 기술자가 그 발명을 쉽게 실시할 수 있도록 명확하고 상세하게 기재하고 있는지 여부에 의하여 판단하여서는 아니된다. (대2014.9.4 2012후 832) 객 259 5번-청구범위가 기능적 표현을 포함하는 경우에 심사관은 그 발명이 속하는 기술분야에서 통상의 지식을 가진 사람의 입장에서 발명의 설명이나 도면등의 기재와 출원당시의 기술상식을 고려하여 청구범위에 기재된 사항으로부터 특허를 받으려는 사항을 명확하게 파악할 수 있는지를 판단하여 그렇지 않다고 인정되는 경우 특허법 42조 4항 위반으로 거절이유 통지 가능하다.(대 1998.10.13 97후1344) 2012후832 가 42조 3항 1호와 42조 4항 1호의 기준을 같게 해석하면 안된다고 하는 판시같은데 왜 97후1344 에서는 42조 3항 1호와 같게 통상기술자가 명확하게 파악할 수 있는지 판단하는것 인가요?? 둘다 맞는 지문인데 그 기준이너무 헷갈립니다 ㅠ 저작자 표시컨텐츠변경비영리,"97후1344는 법 제42조제4항제2호의 판례입니다. 기능식으로 기재하였을 때, 발명이 명확히 파악되지 않는다면 법 제42조제4항제2호 위반이라는 것입니다. 열공하세요~", ,,17.11.24
특허법,문제,32조,[32조] 불특허발명의 판단시점 질운드립니다?댓글수1,특객 391 국내우선권을 수반한 출원이 선출원의 출원시로 소급효가 인정되지 않는것을 고르라는 문제에서 보기(사)의 '특허받을수없는 발명(32조)의 판단시점'이 소급되지 않는 것이라고 하였습니다. 해설에는 판단시점을 특허여부결정시라고 했는데 저는 최근판례에 '출원시'라고 판시 한적이있다고 하던게 생각나 문제와 같이 국내우선권수반한 출원일때 선출원의 출원시로 소급된다고 생각했는데 어떤것을 기준으로 적용해야될지 헤깔려서 질문드렸습니다. 감사합니다.,"특허여부결정시를 기준으로 한다고 생각하면 됩니다. 최근 판례는 그런 경향을 보인 하나의 판례가 있지만, 다른 사실관계와 관련된 판례로서, 이를 명확히 판단하기 위한 것이 아닙니다. 열공하세요~", ,,17.11.25
특허법,문제,29조,[29조] 거절된후 확선지위 질문드립니다?댓글수1?사진첨부,특객 351 번 문제입니다. 보기3에서 을 출원이 거절되면 선원지위도 없기때문에 갑의 별개의 출원은 선원지위 위반이 아님으로 특허받을수있다고 해설에 되어있는데 만약 을의 출원이 거절되기전 출원공개되었다면 을의 출원도 확선지위 인정됨으로 갑의 별개출원 또한 확선위반으로 특허받지 못할수도 있지않나요?,네. 만약 그렇다면 갑 출원 <다>도 확선 위반이 됩니다., ,,17.11.25
특허법,문제,51조,[51조 67조의2]객관식 312페이지 5번 거절이유통지?댓글수1?사진첨부,"재심사 청구할 때 부적법한 보정이 특허결정이 취소된후 발견되면 보정각하 후 그 전 명도를 가지고 심사를 하기때문에 거절이유통지를 한다면 최초, 최후 모두 가능한 상황이지 않나요? 감사합니다","직권재심사단계에서는, 법 제47조제1항제2호 괄호에 의해 최초거절이유통지부터 다시 시작합니다. 열공하세요~", ,,17.11.27
특허법,문제,33조,"[33,34조] 무권리자 특허출원?댓글수1?사진첨부","임변리사님 안녕하세요, 다음 사진에서 노란색 처리된 부분에 의문이 생겨서 질문드리게 되었습니다! 그 등록이 무효이다 가 무효심판청구로 무효심결확정시 등록이 무효이다라는 의미가 맞나요? 저는 그 등록이 '당연 무효이다'라고 받아들여서 틀린 보기로 골랐는데, 해석을 정확히 하고 싶어 질문드립니다. 시간 내주셔서 감사합니다~ 하루 마무리 잘하시길 바랍니다!",안녕하세요? 네. 맞습니다. 무효심판에 대한 판례 문구를 그대로 붙인 것입니다. 열공하세요~, ,,17.11.27
특허법,조문,29조,[29조 3항] 외국어 국제특허출원의 확선 지위?댓글수2,"안녕하세요? 외국어 국제특허출원의 확선 지위관련 질문 드립니다! 외국어 국제특허출원이 다른 특허의 지위를 가질때 출원공개 요건이 국제공개시인가요, 국내공개시 인가요? 도해그림에는 국제공개시로 되어있으나 법문에는 출원공개 또는 국제공개 시로 되어있어서요! 국제특허출원의 경우에도 국내단계에서 보상금청구권 발생을 위해 출원공개가 되는데 이 경우 국제공개와 국내 출원공개 둘 다 되어 어느 공개가 확선의 지위를 갖는지 궁금합니다 (번역문 제출하여 취하되지 않음 전제)",안녕하세요? 둘 중 어느 하나를 만족하면 됩니다. 그런데 일반적으로는 국제공개가 출원공개(국내공개)보다 먼저 됩니다. 제목이 질문 규칙에 맞지 않네요. 수정해 주세요~, ,,17.11.28
특허법,조문,47조,(47조)외국어특허출원의 보정?댓글수2?사진첨부,"임변리사님 안녕하세요, 위의 사진은 변리사님께서 어느 질문에 답글로 남겨주신 파일입니다. 컬러자료 감사히 잘 보았습니다! 그럼에도 불구하고 이해가지 않는 부분이 있어 질문 드리게 되었는데요ㅜㅜ 1. 명세서와 도면을 외국어로 특허출원했는데도, 국어번역문의 보정 효과로 인하여 명세서 도면이 국어로 보정되는 것인가요? 2. 결국, 국어번역문 제출을 하면 별도의 국어 명도가 생성되니, 심사관들은 한국어로 보정된 명도와 국어번역문을 심사기준으로 삼는 것인가요? 저는 그렇기 때문에 명세서/도면 보정(4)에서 명도를 영어 (K)가 아닌 국어 (칼슘)으로 보정하는 것이라 생각했습니다. 3. 신규사항 추가의 판단 표에서 맨 밑의 줄의 케이스로 질문드리겠습니다. 이때 명세서 신규사항추가의 판단 시, 국어 (칼슘)이 영어 (Ca)의 기재된 범위 내에 있는지 여부를 심사관들이 직접 해석을 통해서 판단하나요? 국어와 외국어 간의 기재된 범위 판단을 어떻게 하는지가 궁금합니다. 4. 명세서 또는 도면을 보정한 경우, 번역문을 교체하면 '보정 적법성의 판단 대상'이 바뀌어서 번역문을 교체할 수 없는 것으로 아는데, 1) 신규사항을 추가했는지 여부의 기준이 되는 판단 대상(최종번역문)이 바뀌었다. 2) 번역문을 제출로 인한 보정의 효과로, 보정 적법성을 판단해야 하는 새로운 대상이 생겼다. 위 둘 중 어느 의미인지 궁금합니다. 이와 관련해서 질문들이 상당히 많던데 제가 보태게 되어서 죄송합니다.. 항상 감사합니다!!",안녕하세요? 1. 네 2. 네 3. 네 4. 1)번입니다. 열공하세요~, ,,17.11.28
특허법,문제,42조,[42조 3항-9항]종속항 기재방법 책 365 각주 283?댓글수1,"안녕하세요 저번에 종속항 관련 글 질문 올렸는데. 이해가 안가는 부분이 있어서 다시 질문드려요 각주 283에서 청1-A,B,및 C로 구성된것을 특징으로 하는 방법X 청2- 제1항 방법 X에 의하여 제조된 물건 Y 청3- 제1항ㅇ에 잇어서 D를 더 포함하는것을 특징으로 하는 방법 X 라는 예시가 나오는데 이때 그럼 청2는 인용하는 청구항의 카테고리가 다르므로 42조 4항 2호 위반인가요??? 전에 올렸던 질문입니다------------------------------------------------------------------------ 1)종속항은 그 종속항이 속하지 않는 다른 독립항 또는 종속항을 인용할 수도 있으나, 다른 독립항 또는 종속항의 인용은 동일 카테고리 내로 제한된다.라고 알고있습니다. 2)<객> p.267에서 3번지문 [청구항 1] ~~ 방법 [청구항 2] 청구항 1에 있어서 ~~ 방법 [청구항 3] 청구항 2에 있어서 ~~ 물건 [청구항 4] 청구항 2 또는 청구항 3에 있어서 ~~ 방법 >>해설 청구항 3 및 청구항 4는 다른 카테고리에 속하는 청구항을 한정하거나 부가하여 구체화하는 것이므로 인정되지 아니한다. 1)) 이렇게 기재해야하는 근거 조문이 몇항에 있는지 알고싶습니다. 2)) 2)에서 청구항 2,3,4 는 종속항 형식을 갖는 독립항 아닌가요??한정 부가 구체화 하지 않고 카테고리만 다르게 했을 뿐인데 독립항이 아닌 종속항이 되나요?","1. 법 제42조제4항제2호 위반입니다. 2. 청구항 2는 종속항이고, 청구항 3, 4는 독립항이라고 할 수 있는데 법 제42조제4항제2호 위반입니다. 열공하세요~", ,,17.11.28
특허법,문제,42조,"[42조의3 ,47조] 객관식 246페이지 2번 국어번역문의 정정?댓글수1","[246p 2번] : 특허출원인은 보정을 할 수 있는 기간(47조제1항)에 최종 국어번역문의 잘못된 번역을 정정할 수 있다. 다만, 최초거절이유통지에 따른 의견서 제출기간 내 정정을 하는 경우에는 마지막 정정 전에 한 모든 정정은 처음부터 없었던 것으로 본다. 이 보기는 42의3 6항과 7항을 그대로 쓴 것 같은데, 왜 틀린 보기인지 잘 모르겠습니다. 옆에 풀이를 봐도 보기 그대로 쓰여있는 것 같아서요ㅠㅠ 혹시 그냥 '보정할 수 있는 기간'이라고 하면 47조 1항 3호 재심사 청구시도 포함이 되어서 그런건가요?",맞는 내용입니다. 아직 정오표를 안 본 것 같네요. 수험자료에 있는 정오표를 꼭 확인하세요~, ,,17.11.28
특허법,문제,42조,(42조 8항) 청구범위 기재방법?댓글수1?사진첨부,"임변리사님 안녕하세요, 다음 청구항2는 명백하게 청구항2가 아니라 청구항1을 인용할 것이라고 예상되어서 직권보정되는 게 맞나요? 만약 보기에 있었다면 청구항2는 (직권보정될 것이긴 하지만) 부적합한 기재이다 가 되는 게 맞나요? 시간 할애해주셔서 감사합니다!","뭔가 착각하고 있는 것 같네요. 직권보정은 특허결정할 때 하는 것이고, 다른 거절이유가 있어서 거절결정 또는 거절이유통지할 때는 직권보정이 아닌 그 자체로서 거절이유에 해당합니다. 열공하세요~", ,,17.11.29
특허법,문제,42조,"(42조 3항 2호, 9호) 배경기술 기재?댓글수3","임 변리사님 안녕하세요, 배경기술의 적절하지 않은 기재= 42조 3항 2호에 해당, 거절이유 배경기술 미기재= 42조 9항 해당, 절차 무효 사유 라고 답변 남기신 것을 보았는데요. 253페이지의 5번 지문에서는, ""발명의 배경기술이 기재되지 않았다는 이유로 거절이유를 받은 경우"" 출원인은 빌명의 배경이 되는 기술 항목이나 그 선행기술문헌 항목에 적절한 배경기술이 개시된 선행기술문헌의 정보를 추가하는 보정을 함으로써 대응할 수 있다. 고 하여서, 여기서 말하는 발명의 배경기술이 기재되지 않았다는 것은 적절치 않게 기재된 것을 말하는지가 궁금합니다. 42조 3항 2호는 배경기술을 기재할 것, 42조 9항은 발명의 설명의 기재방법인 만큼 저는 개인적으로 기재방법에 문제가 있을 때 42조 9항이 문제되지 않을까... 생각하던 차에 이 지문을 보고 궁금해졌습니다. 감사합니다!ㅎㅎ","안녕하세요? 항목이 없다면 법 제42조제9항 위반이고, 항목은 있는데 기재가 없다면 법 제42조제3항제2호 위반입니다. 열공하세요~","앗 그렇다면 ""발명의 배경기술이 기재되지 않았다는 이유로 거절이유를 받은 경우"" 출원인은 빌명의 배경이 되는 기술 항목이나 그 선행기술문헌 항목에 적절한 배경기술이 개시된 선행기술문헌의 정보를 추가하는 보정을 함으로써 대응할 수 있다 에서 배경기술이 기재되지 않았다는 것은 배경기술이 기재불비로 이해하면 될까요?",네 그렇습니다. 실체심사단계라는 것은 이미 방식심사를 거쳐 수리가 되었다는 것을 전제로 하고 있는 것입니다.,17.11.30
특허법,판례,36조,[36조] 물건발명과 제법발명의 동일성?댓글수1,"2007후2827 판례와 관련해서 질문드립니다 물건발명이 선등록특허이고 제법발명이 후출원인경우 동일성 인정 안되는것으로 알고 있습니다. 만약 등록특허인 물건발명의 제법이 제법발명과 동일한 경우 동일성인정해서 선출원으로 거절할수 있을까요? 2007후2827 구 특허법(1990. 1. 13. 법률 제42307호로 전부 개정되기 전의 것) 제11조 제1항을 적용하기 위한 전제로서 두 발명이 서로 동일한 발명인지 여부를 판단함에 있어서는 대비되는 두 발명의 실체를 파악하여 따져보아야 할 것이지 표현양식에 따른 차이가 있는지 여부에 따라 판단할 것은 아니므로, 대비되는 두 발명이 각각 물건의 발명과 방법의 발명으로 서로 발명의 범주가 다르다는 사정만으로 곧바로 동일한 발명이 아니라고 단정할 수 없다 특허발명의 청구범위 제1항 “암로디핀의 베실레이트염”과 선출원발명의 청구범위 제1항 “암로디핀 염기를 불활성 용매 중에서 벤젠설폰산 또는 그의 암모늄염의 용액과 반응시킨 후 암로디핀의 베실레이트염을 회수함을 특징으로 하여 암로디핀의 베실레이트염을 제조하는 방법”은 암로디핀 염기와 벤젠설폰산의 반응에 의하여 생성되는 암로디핀의 베실레이트염을 내용으로 하는 동일한 발명이라고 한 사례 항상 감사합니다! 추운날씨에 감기조심하세요",안녕하세요? 선출원 위반이 아니라 확대된 선출원 위반이 됩니다. 열공하세요~, ,,17.11.30
특허법,문제,47조,"[47,51] 보정각하?댓글수2?사진첨부","임 변리사님 안녕하세요, 다른 분이 하신 질문과 또 그에 대한 변리사님의 답변에 대해서도 궁금한 게 있어 아래와 같이 가져오게 되었습니다. 저도 325번의 (바)지문에 대해서 의문이 가는 게, 1. 51조 2항에서는 심사관은 51조 1항에 따른 보정각하를 할때, 서면으로 통지하여야 하며, 이유를 붙여야 한다. 라고 명시적 규정이 있는데 왜 ""보정각하 시, 거절이유를 통지하여야 하는 경우는 없다 ""가 맞는 지문인지 의문입니다.. 2. 변리사님께서 다른 분 질문에 대한 답으로 63조 1항 각호에 의해 보정각하할 때는 의견제출기회를 주지 않는다고 하셨는데, ""63조 1항 각호에 의해 거절결정할 때""를 의도하신 게 아니라면 무슨 뜻인지 잘 모르겠습니다..ㅜㅜ 3. 그리고 같은 질문 325번 다 지문에서, 최후 거절이유통지에 대한 보정이 보정범위를 벗어난 것으로 인정되는 경우에도 심판관리 보정각하결정을 하지 않는 경우가 있다.가 맞는 지문이었는데, 저는 청구항을 삭제하는 보정에 따라 기재불비가 발생한 경우라고 이해하였는데 맞나요? 4. 330번에서 5번 지문에, 기재불비를 이유로 거절이유가 통지되어 이를 해소하는 보정을 한 결과 발명의 진보성 결여의 거절이유가 발생한 경우, 해설에 따르면 최후거절이유통지를 해야한다고 하는데요. 47조 1항 1호 시기의 보정에 따른 것이라면 최후거절이유통지, 2호, 3호 시기의 보정에 따른 것이라면 보정각하를 해야 하지 않는지가 궁금합니다. 항상 친절한 답변 감사드립니다!!","1. 거절이유통지와 보정각하하는 것은 전혀 별개의 절차입니다. 2. 법 제63조제1항단서를 읽어보세요. 보정각하할 때는 거절이유통지를 안 합니다. 3. 재심사단계나 심판단계에서 그 전 단계에의 법 제47조제1항제2호 시기의 부적법 보정을 발견한 경우입니다. 4. 진보성 결여가 언제 발생했는지에 따라 달라지게 됩니다. 원시적이면 최초, 법 제47조제1항제1호 시기라면 최후, 법 제47조제1항제2호,제3호의 시기라면 보정각하가 됩니다. 열공하세요~", ,,17.12.01
특허법,조문,54조,(54조) 조약우주의 최선성?댓글수5?사진첨부,"임변리사님 안녕하세요, 이지특허 475p 각주 71을 이해해보려고 그림을 그려봤는데요, 최선성 개념이 잘 이해가질 않아 질문드리고자 합니다. 1. 각주71에 따르면 전출원, 제1국출원, 제2국출원에 공통적으로 포함되어 있는 발명A에 대해서는 판단시점 소급효를 인정할 수 없다고 해서 아래와 같이 작성해보았는데 맞나요? 판단시점이 각각 맞나요?(전출원일로부터 한국출원일까지가 우선기간 1년이 경과한 상황입니다) 2. 저는 각주 71의 요지가 조약우주에서 선출원의 요건 중 최선성 때문에 이중우선은 인정되지 아니한다라고 생각하였는데요. 그런데 최선성 요건이라는 것이, ""발명 A를 포함해서 출원한 모든 나라들(여기서는 일본과 미국) 중 가장 앞선 나라를 제1국으로 해야한다""라는 의미가 맞나요? 그것이 아니라면 최선성이 뭔지 정말 좀 모르겠습니다.. 3. 한국출원일로부터 일본출원일까지 우선기간 1년이 경과하지 않았다면 판단시점 소급의 결과가 달라지나요? 우선기간 1년이 경과하지 않았다면 우선권주장을 할 수 있는 상태에 놓이는 정도의 차이인가요? 4. 각주에서 말하는 우선기간 1년이 경과하였다는 상황이 어떤 의미인지 궁금합니다. 일본출원으로부터 우선권을 주장할 수 있는 기간이 경과하였다는 것인가요? 4-1. 그렇다면 아래 도해에서 말하는 일본출원을 기초로 한 우주의 보정기간은, 1) 일본출원으로부터 우선기간을 만족한다는 전제 하에, 일본출원일로부터 1년 4개월 이내에 일본출원기초우주를 추가할 수 있다. 이 경우에는 실질적으로는 일본출원으로부터 1년이내에만 우선권 주장의 보정을 할 수 있다. 를 의미하는 게 맞나요? 2) 만약 한국이 일본기초, 미국기초로 우주를 주장한 상태에서 일본과 미국 출원 사이에 중국 출원이 있었다면 ""중국출원일로부터 1년의 우선기간을 만족한다면, 최우선일인 일본 출원일로부터 1년 4개월이내에 중국출원을 추가하는 보정을 할 수 있다""가 맞나요? 1년과 1년 4개월의 구별 실익을 알고 싶어서 예를 든 것인데, 결국엔 이 경우도 중국출원일로부터 1년 이내에 추가할 수 있다, 가 되겠죠?.. 1년 4개월 이내에 추가할 수 있으면 실질적으로 우선기간을 1년 4개월로 연장하게 되는 것이 아닐까 하였습니다.. 항상 명쾌한 답변 감사드립니다! 깨달음 주시기 바랍니다ㅠㅠ",,3번 질문 다음과 같이 수정했습니다. 3. 한국출원일로부터 일본출원일까지 우선기간 1년이 경과하지 않았다면 판단시점 소급의 결과가 달라지나요? 우선기간 1년이 경과하지 않았다면 우선권주장을 할 수 있는 상태에 놓이는 정도의 차이인가요? 4-1. 제가 우선기간과 우선권주장기간을 혼동했습니다!! 그런데 각주 71에서는 1) 우선권주장의 기초가 되는 제1국 출원이 최초의 출원이 아니거나 2) 전출원으로부터 우선기간 1년을 지나서 제2국출원이 이루어진 경우에는 3) 제2국에 포함된 발명 중에 전출원과 제1국출원의 명세서에 공통으로 기재된 발명에 대해서는 그 우선권 주장이 인정되지 아니한다. 라고 하여서 1)인 경우 3)이다. 는 2)인 경우 3)이다 가 어떻게 만족할 수 있는 상황인지 모르겠습니다. 애초에 우선기간 1년을 지나서 제2국출원에는 발명을 공통적으로 출원하지 않았다는 것 아닌가요?ㅠㅠ...,3. 달라지지 않습니다. 4-1. 2)인 경우 3)이다는 제2국출원이 전출원을 기초로 우선권주장을 하지 않았다는 의미입니다.,17.12.03
특허법,조문,51조,[51조 3항 괄호] 거불심에서 함께 다툴수 없는 보정각하결정?댓글수1,"제51조(보정각하)연혁판례문헌 ① 심사관은 제47조제1항제2호 및 제3호에 따른 보정이 같은 조 제2항 또는 제3항을 위반하거나 그 보정(같은 조 제3항제1호 및 제4호에 따른 보정 중 청구항을 삭제하는 보정은 제외한다)에 따라 새로운 거절이유가 발생한 것으로 인정하면 결정으로 그 보정을 각하하여야 한다. 다만, 다음 각 호의 어느 하나에 해당하는 보정인 경우에는 그러하지 아니하다. <개정 2016.2.29> 1. 제66조의2에 따른 직권보정을 하는 경우: 그 직권보정 전에 한 보정 2. 제66조의3에 따른 직권 재심사를 하는 경우: 취소된 특허결정 전에 한 보정 3. 제67조의2에 따른 재심사의 청구가 있는 경우: 그 청구 전에 한 보정 ② 제1항에 따른 각하결정은 서면으로 하여야 하며, 그 이유를 붙여야 한다. ③ 제1항에 따른 각하결정에 대해서는 불복할 수 없다. 다만, 제132조의17에 따른 특허거절결정에 대한 심판에서 그 각하결정(제66조의3에 따른 직권 재심사를 하는 경우 취소된 특허결정 전에 한 각하결정과 제67조의2에 따른 재심사의 청구가 있는 경우 그 청구 전에 한 각하결정은 제외한다)에 대하여 다투는 경우에는 그러하지 아니하다. <개정 2016.2.29> 보정각하결정 → 보정전 명도로 심사 → ⅰ)거절결정 → 거불심에서 함께 다퉈서 보정각하를 극복함 → 특허결정 →직권재심사로 특허결정 취소 → 거절결정 → 거불심 → 이제는 그 보정각하결정에 대해 못다툼 (∵이미 극복한 보정각하결정을 굳이 들먹일 필요 없음) 보정각하결정 → 보정전 명도로 심사 → ⅱ)특허결정 (즉 보정각하결정은 괜히 받았던 것) →직권재심사로 특허결정 취소 → 거절결정 → 거불심 → 이제는 그 보정각하결정에 대해 못다툼 (∵괜히 받은 보정각하결정을 굳이 들먹일 필요 없음) 보정각하결정 → 보정전 명도로 심사 → 거절결정 → 재심사청구(with 보정서) 동시에 거절결정 취소됨 → 재심사단계에서 보정각하결정 충분히 다툴 기회를 주었음 → 극복 못하고 거절결정 → 거불심 → 거불심에서 그 보정각하결정 다시 다툴수 없음 라고 생각이 드는데요... 기본서에는 ⅰ)직권 재심사를 하는 경우 취소된 특허결정 전에 한 보정각하결정과 ⅱ)재심사의 청구가 있는 경우 그 청구 전에 한 보정각하결정은 거절결정불복심판에서 다툴수 없다. (法51③괄호) 이는 직권 재심사 또는 재심사 청구가 있었다면 직권 재심사 또는 재심사 단계에서 취소된 특허결정 전 또는 재심사의 청구 전 보정각하결정에 대해 충분히 다툴 수 있는 기회를 주었기 때문이다. 라고 하는데... 재심사 단계에서 보정각하결정에 대해서는 보정각하결정에 대해 다툴수 있다고는 알고 있는데, 직권 재심사단계에서도 보정각하결정에 대해 다툴수 있는건가요?","1. 네 2. 말 그대로 발명이 가장 먼저 출원된 국가이어야 한다는 것입니다. 한국출원의 A, B, C 중 B는 최선성을 만족하지만, A는 만족하지 않습니다. 3. 질문이 중간에 짤린 것 같네요. 4. 1년이 지나서 일본출원을 기초로 우선권주장을 하지 않았다는 것입니다. 4-1. 질문의 의미를 잘 모르겠네요. 1년 4월 이내 추가보정할 수 있는데, 1년 이내 보정할 수 있다는 것은 앞뒤가 맞지 않습니다. 4-2. 일본출원일로부터 1년 4개월 이내 추가할 수 있습니다. 열공하세요~", ,,17.12.03
특허법,조문,29조,[29조 7항] 201조 4항에 따라 취하한 것으로 보는 국제특허출원은 확선지위가 없다.?댓글수1,"⑦ 제3항 또는 제4항을 적용할 때 제201조제4항에 따라 취하한 것으로 보는 국제특허출원 또는 「실용신안법」 제35조제4항에 따라 취하한 것으로 보는 국제실용신안등록출원은 다른 특허출원 또는 실용신안등록출원으로 보지 아니한다. 甲의 PCT출원도 통상의 국내출원과 마찬가지로 확선의 지위를 가지게 되는데, 이 甲의 PCT출원에 대해 번역문 제출 하지 않아서 취하가 된다면 더이상 확선의 지위를 인정하지 않겠다는 규정입니다. 그런데 甲이 이 PCT출원을 한 후에, 또다시 甲이 (국내출원이든 PCT출원을 하든) 국내우선권주장 수반 출원을 하게 된 경우에는 이 PCT출원은 일정기간(국제출원일~1년3월, 기준일 中 늦은날) 뒤에 어짜피 취하간주 되는 것이므로 이 PCT출원에 대해 번역문 제출을 하지 않아서 취하가 되더라도 확선의 지위를 가질 수 있다고 알고 있습니다. 즉, 29조 7항은.. PCT출원의 확선지위를 소멸시키는 규정이되, 그 PCT출원 후에 ""별도의 후출원+국내우선권주장""이 없는 경우에 적용되는 규정 ...이라고 정리해도 될까요?",선출원이 확선의 지위가 인정되는지 여부와 관련된 규정이라고 생각하면 됩니다. 열공하세요~, ,,17.12.03
특허법,조문,52조,"[52,53조] 변경출원과 분할출원 시기적 기준?댓글수1",분할출원과 변경출원 시기적 기준 질문입니다. 거절결정등본 송달 받고 30일 이내 재심사 청구를 하게 되면 분할출원은 안되는데 변경출원은 가능한 이유가 있나요 ?? 저작자 표시컨텐츠변경비영리,"변경출원은 심사기준에 명확하지 않으나, 분할출원과 달리 시기가 원출원이 있는 후 거절결정등본송달일로부터 30일 이내로 제한적이기 때문입니다. 열공하세요~", ,,17.12.03
특허법,조문,42조,[42조의 3] 오역정정에서 신규사항 추가?댓글수1,"외국어특허출원시 오역정정에서 원문이 A,B,C 발명이고 국어번역문이 A.B 발명이면 오역 정정할 때 신규사항 추가, C발명 또는 D발명은 추가 할수 없는 것으로 알고 있습니다. 근거 조문이 어떤건가요 ?? 오역정정도 47조 2항 규정 때문인가요 ??","기본서에 있는 내용을 그대로 적습니다. 오역정정을 하기 위해서는 오역정정의 내용을 기재한 「국어번역문 오역 정정서」에 오역정정의 이유를 기재한 「설명서」를 첨부하여 제출하여야 한다(施規 21의3③). 한편, 오역정정에 관한 설명서의 내용이 불충분하여 오역정정의 타당성을 확인하기 어려운 경우에는 설명서에 대해 보정명령을 한 후 오역정정을 무효처분할 수 있다. 열공하세요~", ,,17.12.03
특허법,문제,53조,[53조] 변경출원 질문입니다!?댓글수1,"안녕하세요 임병웅 변리사님 특허 객관식 문제집을 풀다가 궁금한게 생겨 질문드립니다. 특허 객관식 361번 변경출원에서 (나) 변경출원이 최초 첨부된 실용신안등록청구범위에 기재된 사항의 범위를 벗어난 것으로 특허권 설정등록 후에 인정된 경우 그 변경출원은 특허무요사유가 존재한다. 라는 보기가 틀린보기로 나와있고, 답지에는 답지 (나) X, 최초명세서 도면을 범위를 벗어난 경우 무효사유이다(53조 1항, 133조 1항 참고) 라고 되어있는데, 해설을 봐도 이해가 잘 안가서 질문드립니다. (나)의 해설을 보고 (나) 보기가 왜 틀렸는지 이해가 잘 안갑니다.. 감사합니다!",안녕하세요? <등록청구범위>가 아니라 <최명도> 입니다. 열공하세요~, ,,17.12.04
특허법,문제,52조,[52조] 이지특객 356번 문제(13년도 기출) 질문입니다.?댓글수1?사진첨부,안녕하세요 변리사님 문제의 ㄴ 지문에 의문이 생겨서 질문드립니다. 문제는 아래와 같습니다. Q. 분할출원에 관한 설명으로 옳은 것은? ㄴ. 특허법 제52조(분할출원) 제1항의 규정에 의한 분할출원으로 인하여 원특허출원의 내용을 보정할 필요가 있는 경우에는 분할출원과 동시에 원특허출원서에 첨부된 명세서 등을 보정하여야 한다. 여기서 질문입니다. 해설에는 협의제를 취할 수 밖에 없기 때문에 분할출원과 동시에 보정하여야 한다고 하였는데요 이 경우 분할출원이 있은 후의 원출원 보정이라 하더라도 소급효가 인정되기 때문에 협의제를 회피할 수 있는것 아닌가요? 꼭 분할출원과 동시에 원출원 보정을 해야하는 것인지 협의제 이슈가 생겨나면 보정을 하지 못하는 제약이 있는것인지 궁금합니다.,"안녕하세요? 분할출원과 동시에 삭제보정하지 않으면, 협의제라는 거절이유가 생긴다는 의미로 이해하면 됩니다. 열공하세요~", ,,17.12.04
특허법,문제,55조,"[55,56조] 국내 우선권에서 확선의 지위?댓글수3?사진첨부","안녕하세요 임병웅 변리사님 문제풀다가 궁금증이 생겨 질문드립니다. 3번의 경우 C의 특허요건 흠결이 존재하는것에 대해 궁금합니다. 선원의지위는 취하되므로 없는것이고 신규성은 공지되지않아서 위반이아니지만 확선에서 의문이 생깁니다 C는 타출원의 최명도에 속하고, 이는 취하가 되지만 결국 2번보기 법리에 따라 후출원의 공개또는 공고와 함께 216조로 공개가 되어서 확선을 만족한다고 생각하는데요. 혹시 그럼에도 확선을 적용하지않는 이유가 216조의 공지는 출원공개, 등록공고가 아니라는 점때문인가요? 답변해주시면 정말 감사하겠습니다.",안녕하세요? 네. 확선 지위는 발생하지 않습니다. 열공하세요, ,,17.12.06
특허법,문제,29조,"[29조 1항, 56조] 국내우선권주장의 선출원이 공개 전 취하간주될 경우 공지기술지위유무?댓글수2?사진첨부",이미지 첨부할게요. 질문 취지 잘 전달안되었다면 댓글 달아주세요. 국내우주 선출원이 취하되고 공개되는데 선출원의 최명도인 A C 가 어떻게 공지기술 지위를 갖는지요,"법 제216조 포대복사신청 규정이 개정되면서, 후출원이 공개 또는 등록되면 선출원을 열람할 수 있습니다. 제목이 질문규칙에 맞지 않습니다. 수정해 주세요~", ,,17.12.06
특허법,조문,34조,[34조] 정당한 권리자 출원이 부적법하여 불수리되는 경우?댓글수1,"변리사님 안녕하세요 정당한 권리자 출원이 부적법하여 불수리 되는 경우에 대한 질문이 있습니다. 이지특허법 p. 410 ② 불수리 청구범위를 적지 아니한 명세서를 특허출원서에 첨부하여 특허출원한 정당한 권리자출원으로서 그 특허출원 당시에 이미 출원일(우선권주장의 경우 최우선일)로부터 1년 2개월이 되는 날(다만, ...(중략))이 지났을 경우에는 불수리 된다(시규 11). 파란색으로 표시한 부분은 정당한권리자 출원 시를 말하는 것으로 이해하였습니다. 그런데 ""특허출원 당시에 이미 출원일로부터 1년 2개월이 되는 날이 지났을 경우""라는 표현이 이해가 되지 않아서요. 1. 빨간색으로 표시한 출원일은 정당한 권리자의 출원일이 아니고 무권리자의 출원일을 말하는 것인지요? 2. 1.의 질문이 만약 맞다면 무권리자 출원의 청구범위가 1년 2개월 되는 날이 지났으므로 취하간주가 될 것이고, 정당한 권리자 출원의 경우 소급 적용이 되지 않고 별도로 정당한 권리자 출원일이 1년 2개월이 지났을 때 취하간주가 되는 것이 아닌지요? 왜 이 경우에 불수리가 되는 것인지 궁금합니다. 감사합니다.",안녕하세요? 1. 네 2. 무권리자는 청구범위를 기재하고 정당한 권리자가 청구범위를 기재하지 않은 경우입니다. 이 경우 정당한 권리자의 출원일 소급효가 인정되더라도 청구범위를 보정할 수 있는 기간이 지나서 어차피 취하간주될 것이기 때문에 아예 불수리하겠다는 것입니다. 열공하세요~, ,,17.12.06
특허법,조문,51조,(51조) 청구항을 삭제함에 따라 발생한 기재불비?댓글수1,"임변리사님 안녕하세요, '청구항을 삭제하는 보정을 하면서 삭제한 청구항을 직,간접적으로 인용하던 종속항에서 인용 번호를 잘못 변경함으로써 기재불비가 발생한 경우'에도 특허법 제51조의 청구항을 삭제하는 보정에 따라 새로운 거절이유가 발생한 경우에 포함되지만 보정각하를 하지 않고 최후OA를 하는 것으로 알고 있는데요. 그러면 출원인은 보정 전 명도를 기준으로 최후OA에 따른 보정을 하게 되나요? 아니면 청구항을 삭제한 보정이 적용된 채로 보정을 하나요? 감사합니다!",안녕하세요? 보정을 인정한 것을 기준으로 합니다. 보정을 인정하지 않기 위해서는 보정각하를 해야 합니다. 열공하세요~, ,,17.12.07
특허법,조문,47조,[47조1항1호괄호]보정시기?댓글수2,"47조1항 1.거절이유통지(거절이유통지에 대한 보정에 따라 발생한 거절이유에 대한 거절이유통지는 제외한다)를 최초로 받거나 제2호의 거절이유통지가 아닌 거절이유통지를 받은 경우 : 해당 거절이유통지에 따른 의견서 제출기간 2.거절이유통지(제66조의3제2항에 따른 통지를 한 경우에는 그 통지 전의 거절이유통지는 제외한다)에 대한 보정에 따라 발생한 거절이유에 대하여 거절이유통지를 받은 경우 : 해당 거절이유통지에 따른 의견서 제출기간 1호 괄호의 거절이유통지의 의미가 무엇인가요? 2호의 거절이유통지와 같은 거절이유통지인가요? 1호에 ""제2호의 거절이유통지가 아닌 거절이유통지'라고 나와있는데 왜 괄호에서 또 언급하는 것인가요?",1호 괄호는 최초거절이유통지에 대응한 보정에 따라 발생한 거절이유는 최후거절이유통지라는 것입니다. 1호에서 제2호의 거절이유통지가 아닌 거절이유통지라는 것은 원시적으로 발생한 거절이유를 나중에 발견한 경우를 말합니다. 열공하세요~, ,,17.12.07
특허법,조문,29조,[29조] 산업상 이용가능성 의약발명 질문입니다?댓글수1?사진첨부,"투여주기와 단위투여량은 의약물질을 인간에게 투여하는 방법어서 특허를 받을 수 없는 의약을 사용한 의료 행위에 해당한다--틀린지문 Q1_해설에서는 위 지문이 맞다고 설명하는게 아닌가요? Q2_위지문이 틀린게 맞다면, 투여주기와 단위투여량또한 의약에 새로운 의미를 구성하는 구성요소가 될 수있고, 이로인해 신규성과 진보성등의 특허요건을 갖춘다면 특허권이 부여되나요?","1. 해설은 투여방법이 구성요소로서 인정되고, 신규성, 진보성이 있다면 특허를 받을 수 있다는 것입니다. 2. 네", ,,17.12.07
특허법,문제,38조,[38조 특받권의 승계]관련 질문 있습니다.?댓글수1,"객관식 문제집 199페이지 05년도 기출문제를 보면 다음 보기의 자가 특허출원을 한 때 특허를 받을 수 있는 경우로 바르게 짝지어진 것은? 이라는 문제에서 ㄷ번 보기 발명자의 상속인인 미성년자 가 옳은 보기로 골라져 있는데요 발명자의 상속인인 미성년자가 특받권을 상속받아 보유하고 있는 것은 맞지만, 특허법 3조 미성년자 등의 행위능력에 의해서 특허출원 관련된 절차는 밟을 수 없는게 아닌가요?? 문제에서 다음 보기의 자 라고 콕 찝어서 언급했으니 법정대리인을 통해 특허절차를 밟는 경우는 상정하면 안될것 같은데요..","미성년자가 출원할 때, 절차를 법정대리인에 의하는지 여부는 별개의 것입니다.", ,,17.12.07
특허법,조문,38조,[38조 2항] 특허를 받을 수 있는 권리?댓글수2,"안녕하세요 임병웅 변리사님. 38조 2항에 따르면 특받권의 승계인 둘 이상이 동일자로 출원하게 되면 협의를 하라고 하고 있으며 더불어 변리사님께서 협의가 불성립할 시 그 출원인들(승계인들)은 무권리자가 된다고 설명하였습니다. 그런데 여기에 36조 4항 단서를 적용되지는 않나요? 무슨 말이냐면, 36조 4항 단서의 출원인간의 협의제 불성립으로 인한 거절결정 또는 거절한다는 취지의 심결이 확정시 선출원의 지위가 남아있어 그 발명은 일명 퍼블릭 도메인으로 가지는 않는건가요? 또는 36조 5항도 적용되지 않나요? 출원인들이 무권리자가 되었으니 5항에 따라 선출원지위는 처음부터 없지 않나요? 종합하자면 38조 2항에 따르게 되면 협의제가 불성립하게 되면 출원인들은 무권리자가 되며 36조 2항 단서에 따라 아무도 그 발명에 대해 특허를 받을 수 없고 1.36조 4항 단서에 따라 선출원의 지위가 남게 되어 그 발명은 퍼블릭 도메인으로 가게 되는지 2.36조 5항에 따라 선출원의 지위는 남지 않아 다시 어느 승계인이 먼저 출원하면 후출원에 대해서는 다른 거절이유가 없는 한 등록이 가능한지 어느 방향으로 가는지가 궁금합니다. [물론 38조 6항 출원 후 승계는 출원인변경신고라서 이건 2항과 별개이고요] [다시 생각해 보았는데 협의제 불성립시 승계의 효력이 불발생하며 36조 4항은 출원인이 적법한 출원인인 경우에 적용되는 것이기에 애초에 38조 2항에 36조 4항 단서가 적용될 여지가 없는 건가요?]",안녕하세요? 질문하신 내용 그대로 기본서의 각주에 설명이 되어 있습니다. 읽어보고 다시 질문해 주세요. 열공하세요~, ,,17.12.07
특허법,조문,29조,[29조] 신규성 판단 시 공지기술 범위?댓글수1,진보성 판단의 경우 원칙적으로 동일 분야의 공지기술을 인용하는데 범용성과 채택용이성이 있다면 상이한 분야의 선행기술을 인용대상으로 삼을 수 있다고 알고있습니다. 신규성의 경우는 그 범위의 제한이 있는지 있다면 어떠한 기준이 있는지 궁금합니다.,범위에 제한이 없습니다., ,,17.12.08
특허법,조문,29조,[29조] 신규성 진보성 부인 시 증거제출관련?댓글수1?사진첨부,"1. 마 지문의 공지는 29조1항1호의 공지가 아닌 소송상 공지를 의미하는건가요? 2. 신규성이나 진보성 위반을 이유로 거절이유를 통지할 땐 공지, 공연실시 등이 현저한 사실이더라도 당연히 증거를 적시하여야 하나요? 3. 해설에서 공지, 공용사실이 소송상 공지 또는 현저한 사실이라고 볼 수 있을만큼 일반적으로 알려져 있는 경우에는 공지, 공용사실 인정에 별도의 증거를 요하지 아니하는 것이므로, 이러한 경우 특허청이 출원인에게 거절이유를 통지함에 있어서 그 발명이 출원 전에 공지, 공용된 발명임을 뒷받침할 수 있는 선행기술을 제시하지 아니하였다고 하더라도 이를 위법하다고 볼 수 없다고 하였는데 여기서 말하는 거절이유통지는 어느 시점의 거절이유통지를 말하는 건가요? 소송절차에서 특허청이 출원인에게 거절이유통지를 할 수 있는 경우는 없지 않나요?","1. 네 2. 주지관용기술인 경우 증거를 제시하지 않아도 되나, 출원인이 주지관용기술이 아니라고 한 경우 증거를 제시해야 합니다. 3. 심사나 심판단계를 말합니다. 문의한 질문에 대한 상세한 답변이 기본서의 진보성 파트에 기술되어 있으니 일독해 보세요~", ,,17.12.08
특허법,조문,54조,[54조] 2항 최초의출원일 질문?댓글수1,안녕하세요 누진적우선권주장의 경우에 조약우선권주장출원의경우 최선성이 없어서 판단시점이 소급되지 않는다고 문제지에서 보았는데요 궁금한점은 54조 2항 1항에 따라 우선권을 주장하려는 자는 우선권 주장의 기초가되는 <최초의 출원일>부터 1년이내에 특허출원을 하지 아니하면 우선권 주장할수없다. 이조문에서 최초의 출원일의 의미가궁금합니다 A출원 A를 바탕으로 조약우선권 출원한 B B를 바탕으로 조약우선권 출원한 C 즉 C입장에서 2항의 최초의 출원일이 A가 1년이내에 들어와야 우선권 주장이 가능한가요? C입장에서 B는 1년이내에 들어오지만 A가 1년안에 안들어오면 무조건 우선권주장이 안되는것인가요? 감사합니다.,"안녕하세요? 누적적 우선권주장시 최선성의 개념에 대한 혼란이 있는 것 같네요. A출원-X, B출원-X, Y C출원-X, Y, Z 일때, Y의 최선성은 B출원을 기초로, X의 최선성은 A출원을 기초로 만족하는 것입니다. 즉, C출원이 B출원을 기초로 우선권주장을 하였다면, Y의 판단시점만 소급하게 됩니다. 열공하세요~", ,,17.12.09
특허법,문제,55조,[55조] 국내우선권주장에서 특허요건 판단?댓글수1,"안녕하세요 임병웅 변리사님 49회 변리사 기출문제 중 질문이 있어 글 남깁니다 甲 이 발명의 설명에 발명 A,B,C 를 기재하고 청구항 1에 발명A, 청구항2에 발명 B를 기재하여 특허출원 X를 했다. 乙 은 甲 의 출원일 후에 발명의 설명 및 청구항 1에 발명 C를 기재하여 특허출원 Y를 했다. 甲 은 乙 의 출원일 후에 발명의 설명 및 청구항 1에 발명 C를 기재하여 특허출원 X를 기초로 분할출원 Z를 했다. 다음 설명 중 옳은 것은? (단, 특허출원 X와 Y의 발명자는 동일인이 아니며, 주어진 사항 이외는 고려하지 않는다) 여기서 정리를 좀해보자면 甲은 X출원일에 A,B/ABC를 출원한 것이고, 乙은 Y출원일에 C/C 를 출원한 것이고, 甲은 Z출원일에 C/C 를 X를 기초로 국내우주를 하여 출원한 것이라고 볼 수 있습니다 국내우주를 하는 경우에 국내우주에 기초가 된 선출원은 취하가 되는 것으로 알고 있습니다 그렇다면 위 문제의 경우에도 Z국내우주에 의해 X출원이 취하가되므로 결국 乙출원의 경우에는 X출원이 취하된 이상 적어도 X출원의 확대된 선출원 지위, 선출원지위에 의해 거절되는 경우는 없는 것이죠? 즉, 단지 국내우주출원 Z가 공개가 될 때 기초가 된 출원 X도 그 시점에 공개가 된 것으로 봐주는 것이니 그 시점부터 공지기술 지위만 있는 것이고, X의 확대된 선출원 지위와, 선출원지위는 아예 없는 것인가요? 항상 빠르고 친절한 답변 감사드립니다 ^^ 저작자 표시컨텐츠변경비영리",안녕하세요? 네. 없습니다. 법 제216조에 의해 공지기술의 지위만 가질 뿐입니다. 열공하세요~, ,,17.12.11
특허법,문제,54조,[ 54조 ] 조약우선권주장출원 객관식 405번?댓글수1,"안녕하세요? 객관식 405번 보기 4번 해설에 대해서 질문드립니다. 보기 4번 2016.1.1에 미국에 발명 a에 대한 특허출원 x를 하고, 2016.4.1에 영국에 x출원을 기초로 발명 a와 b에 대해 특허출원 y를 하면서 조약우선권주장을 하고, 2017.3.1에 한국에 y출원을 기초로 발명 a,b,c에 대해 특허출원 z를 하면서 조약우선권주장을 한 경우 a의 특허요건 등의 판단시점은 2017.3.1을 기준으로 한다. 이하생략 4번 해설 누적적 우선권주장출원의 경우 우선기간의 실질적 연장을 막기 위해서 판단시점의 소급효가 인정되지 않는다. 구체적으로, 국내우선권주장출원의 경우에는 이중우선이기 때문에 판단시점이 소급되지 않고, 조약우선권주장출원의 경우에는 최선성이 없기 때문에 판단시점이 소급되지 않는다. 여기서 조약우선권주장출원의 판단시점 소급이 안되는 이유가 이해가 되지 않습니다. 최선성이 없어서라고 하는데 만약 한국 출원이 x출원을한지 1년 이내에 y출원만을 기초로 조약우선권주장출원을 한다면 그래도 판단시점이 2017.3.1 기준인건가요? 아니면 2016.1.1로 소급되나요? 조약우선권주장도 국내우선권주장처럼 이중우선은 안되는구나라고 생각하면되는건가요? 행복한하루 되세요~~~~",안녕하세요? 그래도 최선성이 없어서 소급효가 인정되지 않습니다. 누적적 우선은 조약/국내우주 모두 소급효가 인정되지 않습니다. 열공하세요~, ,,17.12.11
특허법,조문,29조,[ 29조1항본문 ] 산업상이용가능성 객관식 121번?댓글수1,안녕하세요? 객과식 121번 보기 3번에 대해 질문드립니다. 보기3번 심장이식수술에 사용되는 기구제조는 산업에 포함된다. 이 보기에서 '심장이식수술에 사용되는 기구의 발명'은 성립성이 있는지와 '심장이식수술에 사용되는 기구제조 방법의 발명'은 성립성이 있는지 궁금합니다. 행복한 하루되세요~~~~ 저작자 표시컨텐츠변경비영리,안녕하세요? 둘 다 성립성이 있습니다. 열공하세요~, ,,17.12.11
특허법,조문,52조,[52조 분할출원] 질문있습니다.?댓글수1,"갑은 2016년 7월 20일 특허출원을 하였고 조기공개신청을 하지 않았다. 그 후 2016년 10월 20일 적법하게 분할출원하였고, 분할된 출원의 발명의 설명에는 a라는 기술적 사상이 포함되어 있는데 을이 2016년 9월 20일 a를 특허출원한 경우, 을은 a에 대하여 특허를 받을 수 없다. 라는 질문이 옳은 지문인데요.. 발명의 설명에 기재된 내용은 선출원의 지위가 없고, 분할출원의 발명의 설명에 기재된 내용은 확선의 지위가 소급되지 않으니 을은 특허를 받을 수 있는게 아닌가요?? 객관식문제집 256페이지 보기 3번입니다.","분할출원의 발명의 설명에 a가 있다는 것은, 원출원에 발명의 설명에 a가 있다는 것을 전제로 하고 있는 것입니다. 따라서 원출원에 의해 거절됩니다. 열공하세요", ,,17.12.11
특허법,조문,33조,"[33, 44조] 공동출원인 기재 누락시 보정 허용 여부?댓글수1","공동발명자가 함께 출원을 하였으나 출원시 발명자란에 발명자의 기재가 누락된 경우에는 누락된 발명자를 추가하는 보정은 허용되는 것으로 알고있습니다. 그렇다면 갑과 을이 공동발명 A를 한 경우, 갑만이 A 발명을 출원한다면 44조 위반의 거절이유가 있는데 이 때, 출원인을 추가하는(을을 추가) 보정을 할 수 있는지 혹은 출원인 변경신고를 통하여(갑에서 갑과을로) 거절이유를 극복할 수 있는것인지 모두 불가능하다면 다시 갑과 을을 출원인으로 하여 재출원하여야하는 것인지 궁금합니다. 저작자 표시컨텐츠변경비영리",네. 극복할 수 있습니다. 기본서의 출원인 파트를 다시 정독해 보세요~, ,,17.12.12
특허법,조문,47조,[47조] 기재불비로 인한 보정중에 거절이유 발견?댓글수1,"안녕하세요 임병웅 변리사님, 52회 변리사 기출문제 18번 문제에 대해서 질문드리고 싶습니다 다음은 18번 문제의 3번 선지내용입니다 특허청 심사관이 '발명이 명확하고 간결하게 기재되지 아니하여 기재불비가 있다'는 거절이유를 통지함에 따라 이를 해소하기위한 보정이 이루어졌고 해당 보정에서 청구항이 신설되거나 이에 준하는 정도로 변경되지 않았는데 보정 이후 발명에 대한 심사 결과 신규성이나 진보성 부정의 거절이유가 발견된 경우, 특별한 사정이 없는 한 심사관은 그 보정에 대해 각하결정을 해야 한다 보정에 대해 각하결정은 아닌게 확실하니 3번 선지가 틀린 것은 알겠습니다 첫 번째 질문 : 여기서 심사관이 기재불비를 이유로 출원인에게 거절이유를 통지한 것은 47조의 ""최초거절이유통지"" 라고 볼 수 있는 것인가요? 아니면 기재불비를 이유로 한 거절이유통지는 47조에서 말하고 있는 거절이유통지에는 해당하지 않는 것인가요? 두 번째 질문 : 만약에 첫번째 질문이 맞다면, 최초거절이유통지 후에 신규성 또는 진보성의 거절이유가 발견되었으므로 심사관은 보정각하가 아니라 최후거절이유통지를 해야하는 것인가요?","안녕하세요? 1. 최초일 수도 있고, 최후일 수도 있습니다. 2. 신규성, 진보성 위반이 원시적으로 발생되었다면 최초, 최초거절이유통지에 대한 보정에 의해 발생되었다면 최후 통지를 합니다. 즉, 언제 발생되었는지 여부에 따라 달라집니다. 열공하세요~", ,,17.12.12
특허법,조문,36조,[36조] 선원주의 질문?댓글수1?사진첨부,"동일인이 동일 발명에 대해서 같은날에 경합출원을 하였는데 착오로 모두 등록된 경우 일방의 특허권이 무효가 되면 경합출원으로 인한 하자가 치유되고 일방의 특허권이 포기가 되면 경합출원으로 인한 하자가 치유되지 않는데(ez특허법 244p) 이부분의 강의 노트에 대한 도해를 보면 1) 무효가 되는 경우에는 특허권이 처음부터 없었던 것으로 되기때문에 선출원의 지위가 없어져 경합출원으로 인한 하자가 치유되고 2) 포기가 되는 경우에는 특허권이 장래를 향해 소멸하기 때문에 선출원의 지위가 남아있어 경합출원으로 인한 하자가 치유되는것으로 해석이 되는데요 여기서 궁금한 점은 1. 제가 한 도해의 해석이 맞는지..( 특허권이 소급 소멸하면 선원의 지위가 없고, 장래를 향하여 소멸하면 선원의 지위가 있는지) 2. 해석이 맞다면 특허권의 장래 소멸사유 ,즉 존속기간 만료나 특허료의 불납, 상속인의 부존재 시에도 선원의 지위가 있는지 가 궁금합니다. 사진은 제가 책에 단권화를 하면서 필기노트에 있는 도해를 그대로 옮긴 도해입니다.",1. 네 2. 네 열공하세요~, ,,17.12.12
특허법,문제,42조,[42조의2] 객관식 417번 질문입니다.?댓글수1,해설 4번) 그 통지를 받은 날로부터 3월 또는 출원일로부터 1년 2월 중 빠른 날까지 청구범위를 적는 보정을 하여야 한다(법 42조5항) 이라고 되어있는데 42조의2 2항이 오타 난 것 같아서 질문드립니다!,네. 오타입니다~, ,,17.12.12
특허법,조문,42조,[42조] 명세서 기재불비(42조3항1호)와 권리범위?댓글수1,"변리사님, 명세서 기재불비임에도 착오등록된 경우 권리범위를 인정할 수 없다는 판례 질문드립니다. 이지특허판례집에서 보면 42조 3항 1호 위반인데 착오등록된 경우에 기술적 범위를 특정할 수 없어 권리범위 인정할 수 없다는 판례가 있는데요. 그 뜻이 통상적으로는 명세서 기재불비인 경우 권리범위 인정하나, 기술적 범위 특정할 수 없는 경우에만 권리범위 부정한다는 뜻인가요? 아니면 42조3항1호 해당되면 실시불가능한 기술이므로 기술적 범위 특정할 수 없어서 권리범위 부정된다는 뜻인가요? 좋은 답변에 항상 감사드립니다. 추운날씨에 건강하시기 바랍니다!","전자가 맞습니다. 즉, 법 제42조제3항제1호 중 기술적 범위를 특정할 수 없는 경우에 한해 권리범위를 인정하지 않습니다. 열공하세요~", ,,17.12.12
특허법,조문,29조,"29조3항,4항(확대된 선출원의 지위),제36조(선출원)에 관해 질문이 있습니다.?댓글수1","안녕하세요 임병웅 변리사님! 선출원과 확대된 선출원 부분에서 몇가지 궁금한점이 생겨 질문을 드립니다. 혼자생각을 해도 맞는지 확신을 할수 없어 질문을 드립니다. 답변 항상 감사합니다! 1.확대된 선출원에서 선출원이 갑과 을의 공동 출원이고 후출원이 갑의 단독 출원인 경우에도 확대된 선출원이 적용된다고 하셨습니다. 그 근거로는 출원인이 2인 이상인 경우에는 전원이 완전히 일치하여야 한다고 하셨는데, 만약 선출원이 갑의 단독출원이고 후출원이 갑,을 공동 출원인 경우에도 확대된 선출원이 적용된다고 생각할 수 있을까요? 2. ""등록된 특허발명이 그 출원 전에 국내에서 공지되었거나 공연히 실시된 발명으로서 신규성이 없는 경우에는 그에 대한 등록무효심판이 없어도 그 권리범위를 인정할 수 없으며, 특허무효사유에 있어서 신규성 결여와 선출원주의 위반은 특허발명 내지 후출원발명과 선행발명 내지 선출원발명의 동일성 여부가 문제된다는 점에서 다르지 않으므로, 위 법리는 후출원발명에 선출원주의 위반의 무효사유가 있는 경우에도 그대로 적용된다.""고 판시하여 선출원주의에 위반되었을에도 불구하고 착오로 등록된 특허발명은 특허취소신청에 의한 취소결정확정이나 특허 무효심판에 의한 무효심결확정 전이라도 권리범위를 부정하고 있다. --->일반적으로 신규성의 경우 시각주의에 의해 판단하기 때문에 선,후가 확실히 판단히 가능하나, 선출원주의는 동일자 출원의 경우에는 협의제에 따르는데 만약, 같은 발명에 대해 동일자에 출원된 A출원과 B출원이 착오로 둘다 등록되어 A특허권과 B특허권으로 설정등록된 경우에는 A특허권과 B특허권 모두 권리 범위를 인정할 수 있을까요?(판례에서 선출원 위반이면 일괄적으로 권리범위를 부정한다는것인지 이일자 출원의 경우 후출원만 권리범위를 부정하겠다는것인지 헤깔려 질문을 드리게됬습니다.) 3. 선출원과 후출원의 청구범위에 기재된 발명의 구성에 상이점이 있어도 그 기술분야에서 통상의 지식을 가진 자가 보통으로 채용하는 정도의 변경에 지나지 아니하고 발명의 목적과 작용효과에 특별한 차이를 일으키지 아니하는 경우에는 선출원 규정에 따라 후출원은 특허를 받을 수 없다.(o) --->선출원주의 적용에 있어서 원칙은 발명의 동일성(주지관용기술의 변경+새로운 효과x)에 따라 판단한다고 배웠습니다.(동일성이 있는경우 선출원주의 적용) 상기 판례에서는 동일성판단을 하는게 아니라 용이성 판단을 하는 것처럼 보입니다. 즉, 후출원 발명이 선출원발명에 용이성이 있는 정도의 것이면 선출원주의 적용된다고 생각할 수 있을까요? 저작자 표시컨텐츠변경비영리",1. 적용됩니다. 2. 판례는 이일출원의 경우이고 동일출원의 경우는 아직 판시된 적 없습니다. 3. 네 열공하세, ,,17.12.13
특허법,조문,56조,[56조]우선권주장 후 선출원 등록결정시?댓글수2,그러한 경우가 일어나긴 힘들것 같지만 선출원이 심사청구된 후 출원인이 이를 기초로 국내우선권주장출원을 했는데 1년3월이 경과하기 전에 기초출원이 등록결정되면 우선권주장출원은 어떻게되나요 ? 우선권주장 출원도 등록이되나요? 아니면 36조위반이 되나요 ?,협의제에 의합니다. 선출원 발명과 동일한 발명을 삭제보정하면 됩니다. 열공하세요~, ,,17.12.13
특허법,조문,42조,[42조] 명세서 기재불비와 권리범위?댓글수2, 변리사님 답변 감사드립니다. 명세서 기재불비 경우에도 기술적 범위 특정할 수 없는 경우에만 권리범위 속하지 않습니다만 그럼 무효의 항변도 할 수 없는건가요? 42③(1)의 명백한 무효사유 있으니 (기술적 범위 특정과 상관없이) 권리범위 인정함은 부당하다는 주장은 할수없고 무효심판으로 소급시켜야지만 적극적 권리범위심판에서 방어할수있다 이렇게 봐도 되는건지 궁금합니다.,"안녕하세요? 무효의 항변이라는 개념 자체를 잘못 이해하고 있습니다. 무효의 항변은 권리범위를 인정할 수 없다는 항변을 말합니다. 즉, 명세서 기재불비가 있는 경우라도 권리범위를 인정할 수 있다면, 항변 자체가 허용되지 않습니다. 기본서에 있는 내용을 조금 더 공부해야 할 것 같네요~", ,,17.12.14
특허법,문제,30조,[30조] 공지예외적용주장 기출문제 질문드립니다.?댓글수1,2009년 기출문제 인데 간단하게 정리해보면 갑과 을이 각자 독립적으로 a라는 발명을 하였고 갑이 발명 a를 발표하였다. 이를 보고 을이 서둘러 발명 a를 출원하였다. 이 경우에서 갑의 a 발표가 을의 의사에 반한 공지에 해당하여 공지예외적용주장을 받을 수 없는지 궁금합니다. 을도 특허를 받을 수 있는 자에 해당하기 때문에 가능하다고 생각했는데 책에 해설이 잘 안나와있어서 질문드립니다. 감사합니다.,"공지예외적용주장을 할 수 없습니다. 갑이 발표한 a에 대해서는 갑이 특허를 받을 수 있는 권리를 가지고 있는 것이고, 을이 특허를 받을 수 없는 권리를 가지고 있지 않습니다. 열공하세요~", ,,17.12.15
특허법,조문,55조,[55조] 국내우선권 판단시점 질문?댓글수1,"안녕하세요. 우선권주장이 헷갈려서 질문드립니다....ㅜㅜ (청구범위/발명설명) 갑이 A출원 (XY/XY) 그후 을이 B출원 (X/X) 그후 갑이 국내우선권 C출원 (YZ/YZ) 그후 A가 우선권으로 취하간주 그후 C가 공개 질문드리겠습니다. 1. 이경우 을의 B출원이 거절되는지 궁금합니다. 만약거절된다면 거절이유가 궁금합니다. 2. 다음 갑의출원 판단시점이 맞는지궁금합니다. A출원시점 : Y확선, Y선원 C출원시점 : Z선원 Z확선 C가공개 : XYZ 공지기술이됨(216조 적용) 감사합니다. 55조 34항이 헷갈려서 확실이 개념정리를 하고싶어서 질문드렸습니다. 좋은하루 되십시요",1. 거절되지 않습니다. 2. 네. 맞습니다. 열공하세요~, ,,17.12.17
특허법,조문,36조,36조 위반에 대해서?댓글수2,"1. 이용.저촉 파트 도해 p.188에서 A+B+C가 선출원되고 A+B가 후출원 되었을 시 선출원 공개 전은 29조3,4항 확대된선출원, 36조 선출원 위반이고 공개후엔 신규성과 선출원 위반이라고 써있는데 선출원 지위는 동일한것만 한해서 있는줄 알았는데 포함하는 것까지 지위가 미치는건가요...?? 2. 동일자 동일인이 동일한 출원을 한 경우에 대해서 여쭙고싶은데 판례는 두 출원 모두 거절한다고하고 심사기준은 협의명령을 한다고 나와있으면 시험에선 어떻게 선택해야하는지 여쭙고싶습니다.","1. A+B+C이 선출원이고, A+B가 후출원이면 상하위개념의 동일성(부분적 동일성)이 인정됩니다. 2. 협의명령하고, 협의하지 않은 경우 거절결정합니다. 둘 다 맞는 말입니다. 열공하세요~", ,,17.12.18
특허법,조문,8조,"[8조, 9조, 20조, 23조] 대표자 사망시 임의대리권, 개별대리, 장애해소때까지 중지 or 중지명령?댓글수1","8조와 20조 관련하여 대표자 선임신고도 했고 임의대리인도 별도로 선임된 상태라면 이 경우 대표자가 사망하면 20조 단서에 의해 절차는 중단되지 않을 것이고 대표자 사망은 8조의 임의대리권 불소멸사유 규정에의 ""본인사망""에 해당하는 것으로 임의대리인의 대리권은 불소멸되는 것인가요? [질문1] 제9조(개별대리)특허에 관한 절차를 밟는 자의 대리인이 2인 이상이면 특허청장 또는 특허심판원장에 대하여 각각의 대리인이 본인을 대리한다. 특허법원,대법원에도 각자대리가 원칙인가요? [질문2] 제23조②당사자에게 일정치 않은 기간동안 특허청 또는 특허심판원에 계속중인 절차를 속행할 수 없는 장애사유가 생긴 경우에는 특허청장 또는 심판관은 결정으로 장애사유가 해소될 때까지 절차의 중지를 명할 수 있다. ""장애사유가 해소될 때까지""라는건 ⅰ)(""중지""를 수식)중지될 수 있는 기간의 만료일인가요? ⅱ)(""명할 수 있다""를 수식)특허청장,심판관이 결정으로 중지명령""행위""를 할 수 있는 만료일인가요? [질문3] 제33조①발명을 한 사람 또는 그 승계인은 이 법에서 정하는 바에 따라 특허를 받을 수 있는 권리를 가진다. 다만, 특허청 직원 및 특허심판원 직원은 상속이나 유증(유증)의 경우를 제외하고는 재직 중 특허를 받을 수 없다. 반대해석상 특허법원,대법원 직원은 재직중에 특허를 받을 수 있는건가요? [질문4] 저작자 표시컨텐츠변경비영리","1. 네 2. 특허에 관한 절차는 심판원까지이며 법원부터는 민사소송법이 적용됩니다. 그런데 민사소송법 제93조를 살펴보면, 이 역시 개별대리의 원칙이네요. 3. ⅰ) 을 의미합니다. 4. 네 물어본 내용들이 시험과 크게 상관없는 부분이네요. 너무 지엽적인 부분에 치우치는 것은 바람직하지 않습니다. 열공하세요~", ,,17.12.18
특허법,조문,36조,36조?댓글수1,"2. 동일자 동일인이 동일한 출원을 한 경우에 대해서 여쭙고싶은데 판례는 두 출원 모두 거절한다고하고 심사기준은 협의명령을 한다고 나와있으면 시험에선 어떻게 선택해야하는지 여쭙고싶습니다. 의 답변에서 결국 판례, 심사기준 모두 동일인 동일한출원에대해서 두개에대해 협의명령후 불성립시 모두거절한단말씀이신가요??",네. 그렇습니다., ,,17.12.19
특허법,조문,47조,[47조] 신규사항 추가와 내적부가?댓글수1,안녕하세요 변리사님 보정을할때 47조 2항 신규사항추가금지 즉 최명도범위에서 한다고 배웠습니다. 47조 3항 1호는 청구범위를 감축하는경우 질문드리겠습니다. 최명도에 금속이라고 되어있는데 알류미늄으로 보정을한경우 47조 3항 1호에따라 내적부가로 감축인데 47조 2항 신규사항 추가로 되는것아닌가요? (최명도에는 금속이라되어있고 알류미늄의 읜급은 없습니다) 추상적상위개념에서 구체적하위개념으로의 보정은 신규사항추가라고 알고있는데 결국 내적부가를 해버리면 신규사항위반인데 어디선가 잘못알고있는것같아 혼란이 옵니다...,"안녕하세요? 금속을 알류미늄으로 보정한 경우 청구범위의 감축으로 법 제47조제3항제1호의 요건을 충족하나, 최명도에 알류미늄이 기재되어 있지 않다면 신규사항추가되어 법 제47조제2항 위반입니다. 다만, 최명도에 알류미늄의 기재가 있었다면 신규사항추가가 아니게 될 것입니다. 열공하세요~", ,,17.12.19
특허법,조문,56조,(56조)선출원의 취하 중 취하된 것으로보지않는 선출원?댓글수1,"55조 1항 본문 특허를 받으려는 자는 자신이 특허나 실용신안등록을 받을 수 있는 권리를 가진 특허출원 또는 실용신안등록출원으로 먼저 한 출원(이하 ""선출원""이라 한다)의 출원서에 최초로 첨부된 명세서 또는 도면에 기재된 발명을 기초로 그 특허출원한 발명에 관하여 우선권을 주장할 수 있다. 다만, 다음 각 호의 어느 하나에 해당하는 경우에는 그러하지 아니하다. 1항 4호 그 특허출원을 할 때에 선출원이 특허 여부의 결정, 실용신안등록 여부의 결정 또는 거절한다는 취지의 심결이 확정된 경우 56조 1항 2호 2. 특허 여부의 결정, 실용신안등록 여부의 결정 또는 거절한다는 취지의 심결이 확정된 경우 즉 56조 1항 2호는, 국내우주 수반한 특허출원이 출원되고나서 선출원의 특허여부가 결정되면 그 선출원은 취하간주되지 않는다는 뜻인데, Q1_특허여부결정이란 특허결정도 포함되는거잖아요 국내우주수반한 특허출원은 선출원의 최명도의 범위내에서 할 수 있는데, 국내우주 수반한 특허출원이 계속중인상태에서, 그 기초가된 선출원이 특허결정된경우란 어떤경우인가요? Q2_어떤경우든, 국내우주 수반한 특허출원과 그 선출원은 소급효 때문에 선출원위반으로 협의제에 의해야 하는것이 아닌가요??","1. 선출원에 대한 심사가 우선권주장출원 전에 진행되면 우선권주장출원 후에 특허결정될 가능성도 있습니다. 2. 네, 협의제에 의합니다. 열공하세요~", ,,17.12.19
특허법,조문,54조,"[54조, 55조] 조약우선권주장출원 및 국내우선권주장출원 질문?댓글수1",안녕하세요? Q1. 제54조 1항을 보면 ...제29조 및 제36조를 적용할 때에 그 당사국에 출원한 날을... 이라고 되어 있어 29조와 36조만이 명시되어있는데 수업하실땐 심공존재등 외엔 소급효가 존재한다고 하신 근거가 어디에 명시되어 있는지 궁금합니다. Q2. 제55조 7항에 선출원일로 부터 1년 4개월 이내에 그 우선권 주장을 보정하거나 추가할 수 있다고 되어있는데 선출원일로 부터 1년 3개월이 지나 선출원이 취하간주 되더라도 제55조 1항 3호에도 불구하고 1년 4개월 이내라면 보정이나 추가 가능한 것인지 궁금합니다. 감사합니다.,안녕하세요? 1. 파리조약 4B에 명시되어 있습니다. 기본서를 정독해 보세요. 2. 추가하고자 하는 선출원이 법 제55조제1항제3호를 만족하면 되는 것입니다. 열공하세요~, ,,17.12.19
특허법,조문,54조,[54조] 복합우선권 주장에서 단일성?댓글수1,"안녕하세요? 복합우선권 관련해서 질문드립니다! 1. 복합우선권 주장의 경우에 제1국에서 한2이상의 출원을 우리나라(2국)에서 하나의 출원으로 하여 우선권을 주장 하는것인데, 이 경우 2이상의 출원이 우리나라에서 하나의 출원이 되기 위해서는 단일성(45조)을 만족해야 하는 것인가요? 2. 만약 만족하지 않는경우에는 조약우주 특유의 거절이유에는 해당되지 않으나, 45조 위반으로 거절이 가능한가요? 감사합니다.","안녕하세요? 단일성을 만족하지 않으면 거절이유가 나오는 것이고, 우선권주장의 요건을 총족하지 않은 것은 아닙니다. 열공하세요~", ,,17.12.19
특허법,조문,47조,[47조1항 2호] 최후거절이유통지 후의 보정에 관한 지문질문입니다.?댓글수1,"최종거절이유통지 후의 보정에 의해 '청구범위가 확장된 경우에는 심사관은 결정으로 그 보정을 각하하여야 한다.' 특허객관식문제집에 나온 지문인데, 해설이 나와있지 않아서 어디가 잘못된 것인지 모르겠습니다. 답변해주시면 감사하겠습니다. 저작자 표시컨텐츠변경비영리",옳은 지문으로 보이네요. 문제를 정확히 올려 주어야 답을 할 수 있을 것 같네요. 열공하세요~, ,,17.12.19
특허법,문제,34조,"[34,35조] 정당한 권리자의 보호 관련 특허법 객관식 310페이지 문제 질문?댓글수1?사진첨부",1번 보기에서 18.10.2 자 출원공개에 의해서만 발명 X가 공지된 것이라면 당연히 옳은 지문인데 무권리자 갑의 출원 전 발명자 을이 갑에게 발명의 내용을 알려준 것 역시 무권리자 갑에게 비밀유지의무가 없다면 공지된 것이라고 할 수 있을텐데 이 경우 갑에게는 관습상 혹은 계약상 비밀유지의무가 있다고 보기때문에 을이 갑에게 발명의 내용을 알려준 것으로는 공지가 되지 않은 것인지 궁금합니다. 5번 보기에서 무효심결이 21.3.2 확정되었다는 것은 무효심결등본이 송달된 후 30일(연장된 경우 연장된 기간)이 지난 후 확정되는 것이기 때문에 이 점을 감안해서 무효심결등본이 3월 2일에 송달되었다는 경우 3월 2일 0시가 지난 어느 시간으로 생각하고 초일을 불산입하는 경우와 달리 당연히 3월 2일 0시로 생각하고 초일을 산입해서 계산을 하여야하는 것인지 궁금합니다. 감사합니다.,"1. 네. 그렇습니다. 다만, 사안의 사실관계가 불명확한 부분이 있습니다. 2. 네. 그렇습니다. 열공하세요~", ,,17.12.20
특허법,문제,47조,"[47조, 51조] 보정각하 질문 (객312)?댓글수1","변리사님 안녕하세요! 객관식 312번 보기 5번 질문드립니다. <직권보정 전 최후거절이유통지에 따른 의견서 제출기간 또는 재심사 청구할 때 부적법한 보정이 특허결정이 취소된 후 발견되어 거절이유통지를 한 경우에 보정에 따라 새로운 거절이유가 발생하면 보정각하결정을 하여야 한다.> 이 지문이고, 해설에는 최후거절이유통지라서 보정각하결정을 해야한다고 나와있는데요, 1. 지문에서 특허결정이 '취소'된 후 발견되어 거절이유통지했다고 한 부분이, 직권재심사를 진행 했다는 뜻인가요? 그렇다면 최초거절이유 통지에 따른 보정에 새로운 거절이유가 있는 경우니까 최후거절이유통지 아닌가요? 2. 저는 처음에 아래와 같이 생각했는데 (1)직권보정 전 최후거절이유통지에 따른 의견서제출기간의 부적법한 보정이 특허결정이 취소된 후 발견된 경우 -> 최후거절이유통지 : 이 부분은 직권재심사가 아니라 직권보정에 대해 출원인이 의견서 제출한 경우로 이해하여 최후거절이유통지로 생각했습니다. (2)재심사청구할때 부적법한 보정이 특허결정이 취소된 후 발견된 경우 -> 이 부분이 어떤 상황인것인지 잘 이해가 잘 안됩니다.ㅠㅠ 이게 직권재심사라면 최초거절이유통지를 해야하고 그럼 틀린 지문 아닌가요? 아니면 재심사청구 전의 부적법한 보정을 간과한 경우에 재심사단계에서 최후거절이유통지하는 것과 같은 상황을 말하는 것인가요? 질문이 너무 길어져 죄송합니다 ㅠㅠ 바쁘신 중에 항상 답변 감사합니다! :)","안녕하세요? 직권보정하면서 특허결정했다는 의견서를 제출하여 다시 심사가 이루어진 경우입니다. 따라서, 이 때 거절이유통지는 최후거절이유통지이며, 최후거절이유통지에 대한 보정에 따라 새로운 거절이유가 발생했으니, 보정각하한다는 것입니다. 열공하세요~", ,,17.12.20
특허법,조문,29조,[29조] 후출원과 취하간주된 선출원의 지위?댓글수1,"안녕하세요~ 학업중 궁금한 사항이 있어서 문의드려요 ㅎㅎ 이지 객관식 특허법 168Page 에 보면요 2018년 2월 1일 X출원 (청구범위:a / 설명 : a,b,d)를 하고, 2018년 5월 1일에 우선권 주장을 하여 Y특허출원 (청구범위 : a, c / 설명 : a, b, c) 를 했고, 이후 X 출원은 2019년 5월 1일 기간 경과로 취하 간주되고, Y 출원은 2019년 8월 1일 출원공개 되었다 되어 있는데요. 이경우, Y출원에 기재된 X출원의 a,b 는 선출원 지위와 확선의 지위를 갖게되고, Y출원에서 제외된 d의 경우 Y출원에서 제외되었기 때문에 선출원 지위와 확선의 지위는 없지만, 포대복사에 의해 열람 가능해 공지기술의 지위만 갖게 되는게 맞나요??? 날이 추운데 감기 조심하시고, 답변 부탁드립니다 ^^",안녕하세요? 네. 맞습니다. 열공하세요~, ,,17.12.20
특허법,문제,29조,[ 29조1항본문 ] 산업상이용가능성 객관식 124번?댓글수1?사진첨부,안녕하세요 선생님! 29조 1항 본문관련 07년 기출 질문입니다 4번보기랑 5번보기를 보고 당황했는데 심지어 기출이네요... 4번 보기에서 WTO/TRIPS협정에서 인간말고 동물또한 진당방법 요법및 외과적 방법에 관하여 특허대상에서 제외될 수 있다했는데 우리나라 특허법은 조약에 위배되는게 없다는 말이 생각나서 4번을 골랐습니다. 5번도 미국에서 우리나라와 다르게 인간을 치료하거나 수술하는 방법에 관해서도 방법특허가 가능하다고 하는데 혹시 임변리사님 책에서 이와 관련해서 WTO/TRIPS협정과 미국 특허와의 차이점이 따로 기술되어있는 부분이 있나요? 29조1항에는 없는것 같아서요,"한국특허법 시험문제에서, 미국특허법 얘기가 나오면 정답과 무관한 지문이라고 생각하면 됩니다. 열공하세요~", ,,17.12.21
특허법,조문,29조,29조?댓글수1,판례에 의하면 명세서 상에 기재된 배경기술을 통하여 출원 발명의 진보성을 판단할 수 있다. 맞는말인가요? 틀린말인가요? 만약 맞다면 근거가 무엇인가요? 배경기술로 진보성을 판단할수 없는 것으로 알고있는데 다른 문제집을 보니 맞다고 돼있어서 질문드립니다.,틀린 명제입니다. 판례가 바뀌었습니다. 기본서를 정독해 보세요~, ,,17.12.21
특허법,조문,55조,"[55조, 56조] 국내우주, 조약우주 관련해서 문의드려요.?댓글수1","안녕하세요, 학업중 이해한게 맞는지 확신이 안서 문의드려요 ㅎ 56조에 보면 선출원은 그 출원일로 부터 1년 3개월이 지나면 취하된다 되어있는데요. [국내우주] 국내우주의 경우 36조는 출원인, 발명자 동일해도 적용되므로 출원인이 동일한 선출원과, 선출원을 수반하는 후출원은 36조에 의해 중복등록이 될 수 없고, 따라서 1년 3개월 이후에도 후출원이 존속한다면 후출원 등록을 위해 선출원은 취하되고, 선출원, 후출원에 기재된 동일 발명의 36조, 29조 3항 판단시점은 소급하게 되는게 맞나요? [조약우주] 또 조약우주의 경우 36조는 지역적 기준이 국내주의 이므로 후출원이 36조 영향 안받으니까 출원인이 동일할 경우 선출원, 후출원에 기재된 동일 발명에 대해서 36조, 29조 3항의 판단시점만 소급해주고, 선출원은 해당 국가에서 등록되고, 후출원은 판단시점만 소급받아 국내에서 등록하게 되는게 맞나요?? 답변 부탁드립니다 ^^",안녕하세요? 1. 네 2. 네 열공하세요~, ,,17.12.21
특허법,문제,55조,"[55조, 56조] 국내우선권주장에서 이중우선권주장관련 질문 있습니다.?댓글수1","04년도 기출 지문중에 선출원이 국내우선권주장 또는 파리조약에 의한 우선권주장을 수반하는 경우에 후출원에서는 선출원에 대하여 새로 추가된 사항에 대해서만 우선권의 효과를 인정한다. 라는 지문이 옳은 지문으로 나왔는데요. 변리사님께서 강의노트나 도해특허법 책에 그려두신 예를 통해 비교하자면 기초출원에 A-A, 선출원에 A,B-A,B, 후출원에 A,B,C-A,B,C가 있는데, 저 지문에서 선출원에 대하여 새로 추가된 사항이라고 한다면 C를 말하는게 아닌가요?? A는 이중우선이므로 판단시점 소급효가 인정되지 않고, C는 객체적요건 위반이므로 B만 선출원의 시기로 판단시점을 소급시켜야 하는데, 해당지문에서 잘못 표현한것 같다고 생각되네요.. 제가 지문을 잘못이해하고 있는 건가요?? 저작자 표시컨텐츠변경비영리","질문 안에 답이 있네요. <선출원> A,B에서 새로 추가된 사항은 B를 말하는 것입니다. 열공하세요~", ,,17.12.21
특허법,조문,42조,[42조의 4항 2호] 이중수치한정발명?댓글수1,이중수치한정발명에서 수치범위가 < 2-8 바람직하게는 3-5 > 라고 되어 있는 청구항이 이중수치한정이여서 42조4항2호 위반이라고 합니다. <바람직하게> 와 관련하여 2013허8932 판례는 바람직하게라는 용어가 청구범위에 사용되더라도 그 자체는 으미가 불명확하게 한다고 볼 수는 없다. 고 한 것이 있습니다. 위 청구범위에서 종전에는 1. 이중수치한정과 2. 바람직하게 가 모두 문제 되었는데 저 판례를 통해 이제 이중수치한정만 42조4항2호 가 문제되는 것인지 아니면 2013허8932 '바람직하게' 판례는 이중수치한정과는 관련이 없는 것인지 궁금합니다. '바람직하게'는 이제 청구범위에 있어도 불명확하게 하는 것이 아니여서 < 2-8 바람직하게는 3-5 > 청구범위가 허용 된다고 생각하는게 잘못된건지요ㅜ 저작자 표시컨텐츠변경비영리,"판례에 대한 업데이트가 제대로 되지 않고 있는 것 같습니다. 2013허8932는 올해 초 대법원에서 뒤집어졌습니다. 판례의 요지는 발명이 명확히 파악되는지 여부에 따라 법 제42조제4항제2호 위반여부를 판단해야 하는 것이고, 특정한 용어에 의해 위반여부를 결정할 수 없다는 것입니다. 심사기준도 원칙은 허용안하되, 예외적으로 발명이 명확히 파악되는 경우에 예외적으로 허용된다는 입장이고, 판례에 반하는 것은 아닙니다.", ,,17.12.22
특허법,조문,29조,"[29, 201] 다른출원이 PCT인 경우 확선지위의 적용?댓글수7?사진첨부","이번 모의고사 문제인데요 5번에서 번역문에는 A,B만을 기재했다면 발명의설명에 있는 C에 대한 번역문을 제출하지 않았으니까 국제특허출원은 취하간주되고 그렇다면 확선의 지위가 인정되지 않아서 을의 출원은 특허를 받을 수 있는 것 아닌가요? 어느 부분을 잘못 생각한건지 모르겠습니다ㅠㅠ","을의 출원 Y는 분할출원 Z에 의해 선출원주의 위반입니다. 또한, 출원 X에 의해 법 제29조제5항의 확선 위반도 됩니다. 국제특허출원이 취하간주된다는 것은 무슨 의미인지 잘 모르겠네요. 뭔가 잘못 생각하고 있는 것 같네요.","흠... 그런데 5번보기에서 국제특허출원의 번역문을 A,B만 낸 경우니까 201조 4항에따라 취하간주되고 또한 그렇다면 29조 7항에따라 확선의 지위가 넚게되는 것 아닌가요? 또한 취하간주가된다면 국내단계로 진입을 못하게 될 것이고 분할출원도 그렇다면 애초에 할 수가 없어서 출원Z는 고려하지 않아야하는것 아닌가요?? ㅠㅠ 제가 어디를 잘못생각하고있는거죠?","번역문은 보정의 효과가 있기 때문에, A, B로 보정된 것으로 간주됩니다. 취하간주되는 것이 아닙니다.",17.12.25
특허법,조문,45조,"[45조] 발명이 복수인지, 발명은 하나인데 실시예가 복수인지 여부?댓글수1","임병웅 변리사님 안녕하세요! 이지특허법에서 다항제 기재방법 파트 중 시행령 5조 1항,2항을 보면 "" 독립항은 청구범위에 하나 이상을 기재하여야 한다. 발명이 선행기술과 다른 특징적인 면에서 복수의 실시예들을 포함하는데, 이들을 포괄하는 하나의 독립항을 작성하는 것이 불가능한 경우에는 복수의 독립항을 기재하는 것이 필요하다. 다만, 이와 같이 기재하려면 발명의 단일성(45조)를 만족해야한다."" 라고 나와있는데요. <질문> 1. 위 사안의 경우, 각 청구항(독립항)별로 발명이 하나씩 존재하는 것으로 보아 발명이 복수 인건지, 발명은 1개이지만 실시예가 각 청구항(독립항)별로 따로 기술된 것으로 보아야 실시예가 여러개 인건지 궁금합니다. 2. i) 시행령 5조 2항 (청구항은 발명의 성질에 따라 적정한 수로 기재하여야 한다)는 한 청구항 안에서 여러개의 발명들이 하나의 실시형태로 포섭되는지 여부 이고, ii) 특허법 45조의 경우에는 한 특허출원 안에서 여러개의 청구항들이 단일성을 만족하는지 여부 인건가요?",안녕하세요? 1. 1청구항 1발명주의가 원칙입니다. 청구항별로 발명이 존재하는 것입니다. 2. 네. 그렇습니다. 열공하세요~, ,,17.12.26
특허법,문제,34조,"[34,35]정당권리자의 출원일소급 질문드립니다.?댓글수1","안녕하세요. 변리사님 지난 2회 한빛모의고사에서 정당권리자 출원일소급에 관한 보기에 대해 질문드립니다. 16번) 다음은 무권리자 출원 및 등록과 정당권리자의 보호에 관한 설명이다. 에 대한 4번 보기였는데요. 4. 무권리자가 한 특허출원이 특허받을 수 있는 권리를 가지지 아니한 사유로 거절결정된 경우에, 거절결정등본 송달받은 날부터 30일이 지나 정당한 권리자가 한 특허출원은 무권리자가 특허출원한 때로 소급적용을 받는 경우가 있다. 라고 하여 맞는 보기였는데요. 이러한 경우가 생각나지 않아 질문드렸습니다. 30일이 지나면 정당권리자로서 출원일 소급을 받을 순 없고 의사에 반한 공지로서 소급없이 공지예외적용을 하거나 그것도 안되면 그냥 그대로 신규성 진보성 판단하여 소급없이 출원심사하여야 하지 않나요? 어떤 경우가 있을까요?? 감사합니다.","안녕하세요? 거절결정등본송달일로부터 30일이 지나면 거절결정확정이 되고, 거절결정확정일로부터 30일 이내 출원한다면 출원일 소급효를 인정받을 수 있습니다. 문제에 대한 이해가 안 되는 이유는, 거절결정등본송달일과 거절결정확정일의 개념이 명확하지 않기 때문입니다. 열공하세요~", ,,17.12.26
특허법,조문,53조,[53조] 변경출원의 적법성 관련 특객 361페이지 문제?댓글수1,361페이지 문제 중 지문 (가) 원실용신안등록출원의 명세서 또는 도면에 기재된 고안을 기초로 새로운 구성요소를 직렬적으로 부가하거나 택일적으로 기재된 구성요소를 삭제하는 변경출원은 적법하지 않다. 인데 택일적으로 기재된 구성요소를 삭제하는 변경출원은 적법하지만 새로운 구성요소를 직렬적으로 부가하는 경우는 그 구성요소가 최명도에 기재되어있는 범위 내인지에 따라 달라진다고 생각하고 해설에도 다음과 같이 나와있습니다. 새로운 구성요소를 직렬적으로 부가하는 변경출원은 통상의 기술자가 출원시의 기술상식에 비추어 명시적으로 기재되어 있는 것과 마찬가지라고 이해할 수 있는 사항이 아니라면 그 부가가 적법하지 않다. 그런데 지문 (가)는 틀린 지문으로 되어있고 정답도 (가)는 틀린 지문입니다. 정오표에는 이 문제가 없어서 단순 오타인 것인지 제가 놓치고있는 다른 부분이 있는것인지 궁금합니다.,"단순한 해석의 문제인 데, 힘들어하는 것 같네요. 1. 새로운 구성요소를 직렬적으로 부가하는 것은 --> 원칙은 적법하지 않지만 예외적으로 적법 2. 택일적으로 기재된 요소를 삭제하는 것은 --> 원칙이 적법 그렇다면, 1 또는 2이니 2의 경우 적법하지 않다는 내용은 틀린 지문이 됩니다. 한 해 마무리 잘 하세요~", ,,17.12.27
특허법,문제,45조,[ 45조 ] 하나의 특허출원의 범위 객관식 285?댓글수1?사진첨부,안녕하세요 선생님 여기서 5번 보기에서 1번과 2번 그리고 1번과 3번이 단일성이 만족되는건 알겠는데 2번과 3번도 단일성이 만족되는지 궁금합니다,안녕하세요? 둘 다 1항의 기술적 특징을 공유하기 때문에 단일성을 만족하는 것입니다. 열공하세요~ 답글기능 더보기, ,,17.12.27
특허법,문제,34조,"[34, 35조] 무권리자 출원 관련 기간계산 (객관식 306번 310번)?댓글수1?사진첨부","우선 306번 2번 보기 질문드립니다 날짜 계산이 어떻게 되는지 궁금합니다. 19.5.31이 거절결정확정일이니 초일산입하여 19.5.31부터 30일을 계산하면 19.6.29까지 특허출원을 하면 된다고 생각했습니다. 문제상 19.7.1이 월요일이니 19.6.29은 토요일이어서 공휴일이 아닌 19.7.1이 말일이 되는 것인지요? 더불어 위와 310번 5번 보기 질문드립니다 보기에서는 무효심결확정일이 21.3.2라고 나와있는데 무효심결확정일부터 30일을 계산할 때는 초일을 산입하여 21.3.2부터 계산을 해야하는건가요? 풀이를 보고 위와 같이 이해했습니다. 질문을 정리하자면 34, 35조 기간 계산할때는 거절결정확정일, 무효심결확정일을 초일로 산입하여 계산해야하는지 궁금합니다. 더불어 위 두 문제에서 제 풀이가 틀린 점이 있다면 수정 부탁드립니다. 감사합니다 저작자 표시컨텐츠변경비영리","첫번째 문제는 6.1이 확정일이고 초일이니, 6.30까지 심판청구해야 하는데, 6.30이 일요일이니 7.1까지 심판청구가 가능합니다. 한 해 마무리 잘 하세요~", ,,17.12.27
특허법,문제,52조,52조 분할출원의 소급효?댓글수1?사진첨부,안녕하세요 변리사님 ! 공부하다가 궁금한게 있어서 질문올립니다! 분할출원이 최명도 기재된사항의 범위에서 벗어나는경우 실체적조건 위반으로 거절이유라고 알고있는데요!! 그럼 그 분할출원은 소급효도 인정되지않는건가요 ? 책에 찾아봤는데 이경우 출원일은 어떻게 되는지 안나와있는것같네요 ㅠㅠ 특객 371p 05년 기출에서 분할출원 C가 B출원의 기재된사항 범위 밖에 있어서 거절이유가 존재하는데 만약 사안에서 출원이 취하되지않는다고 하면 C의 선원의 지위는 어떻게 되는건지 궁금합니다 !! 소급효없이 발명 c와d 모두 실제C출원일을 기준으로 할것같은데 제 생각이 맞을까요?,"안녕하세요? 법조문에 나와 있지 않지만, 소급효가 인정되어 제3자에게 불측의 손해를 주어서는 안 될 것입니다. 즉, 분할출원일을 기준으로 심사하는 것으 맞습니다. 한 해 마무리 잘 하세요~", ,,17.12.28
특허법,문제,34조,"[ 34,35,99의2 ] 정당한 권리자의 보호?댓글수1?사진첨부",안녕하세요 선생님 객관식 304번 첨부한 문제에서 나번 판례 해석이 어려운데요 보기 (나)가 무권리자의 승계인에 대해서도 어떠한 사정에 의해 무권리자의 승계인이 특허받은 때도 정당한 권리자가 실시또는 실시사업하고있었다면 선사용권이 인정되는 것이라 봐도 될까요?,안녕하세요? 중요한 은수저 제작방법 사건인데요. 이 판례는 법 제103조의 <특허출원한 발명의 내용을 알지 못하고 발명한 자>에 해당하기 때문에 선의의 요건을 충족한다는 것이 요지입니다. 강의노트에도 상세한 설명이 되어 있으니 참고하세요~, ,,17.12.28
특허법,조문,35조,(35조) 정당한 권리자의 특허권 이전청구?댓글수2,죄송합니다 양식이있는 공지를 못봤네요. 객관식 303번문제중 내용입니다 사) 병은 특허법 35조에 의한 절차에의하지않고 을의 특허에 대한 이전등록청구를 할수 있다. 대해서 정오표가 올라와있더라구요. (사)에는 정당한 권리자가 이전등록청구형태로 특허를 이전받을 수 있는것으로 알고있는데 '절차에의하지 않은'경우에는 안되는걸로 기억하고 있는데 잘못 기억하고있는건가요?,"잘못 이해하고 있습니다. 법 제35조에 의한 절차는 무권리자특허를 무효심판에 의해 무효로 시키고 정당한권리자가 별개의 출원을 하는 것이고, 법 제99조의2에 의한 절차는 무권리자특허를 정당한권리자 명의로 이전청구하는 것입니다. 법 제35조와 법 제99조의2는 별개의 것으로서 정당한 권리자가 취사선택하는 것입니다. 예를 들어, 무권리자특허를 무효로 한다면 정당한 권리자가 이전청구를 할 수는 없습니다. 열공하세요~", ,,17.12.29
특허법,조문,51조,"[제51조, 제63조]?댓글수2","안녕하세요 변리사님 보정각하에 대해 궁금한게 있어서 질문드립니다. 제51조 제2항 제1항에 따른 각하결정은 서면으로 하여야 하며, 그 이유를 붙여야 한다. 제63조 제1항 본문+단서 심사관은 다음 각 호의 어느 하나에 해당하는 경우 특허출원인에게 (1)거절이유를 통지하고, 기간을 정하여 (2)의견서를 제출할 수 있는 기회를 주어야 한다. 다만, 제51조제1항에 따라 각하결정을 하려는 경우에는 그러하지 아니하다. 라고 조문에 명시되어 있는데 제가 개념이 잘 안 되어 있어서 궁금한것은 1. 각하결정은 서면으로 하고 그 (거절)이유를 붙여야 한다. 다만 (1)거절이유를 통지하지 아니하고 (2)의견서 제출할 수 있는 기회를 주지 않는다. (즉 서면으로는 거절이유를 붙이되 통지하지 않는다.) 2. 각하결정은 서면으로 하고 그 (거절)이유를 붙여야 한다. 다만 (1)거절이유를 통지하고 (2)의견서 제출할 수 있는 기회를 주지 않는다. (즉 거절이유를 통지하되 의견서 제출기회를 주지 않는다.) 3. 각하결정은 서면으로 하고 그 (거절이유가아니다)이유를 붙여야 한다. 다만 (1)거절이유를 통지하지 아니하고 (2)의견서 제출할 수 있는 기회를 주지 않는다. (무슨 이유인지는 모르겠지만 서면으로 각하결정과 이유를 붙이되 거절이유를 통지하지 않고 의견서 제출기회를 주지 않는다.) 중 어느것이 맞는건지 혹은 다 틀린건지 모르겠습니다. 혹시 3번이 맞다면 서면으로 하는 이유가 무슨 이유인지도 알 수 있을까요? 언제나 감사합니다!","대부분의 행정처분은 이유가 붙습니다. 무효로 할 때부터 이유가, 보정각하할 때도 이유가, 거절결정할 때도 이유가, 심결할 때도 이유가 붙습니다. 그런데 그 이유는 거절이유통지와는 전혀 다른 것입니다. 요지는 3번이 답이네요. 열공하세요~", ,,17.12.31
특허법,조문,55조,[55조]조약우선권주장시 선출원의 지위?댓글수1,안녕하세요 변리사님 도해 59쪽에 있는 표에서 조약우선권주장출원의 경우 선출원의 지위에 대해 궁금해서 질문드립니다. 외국출원의 경우 제36조의 지위를 못 갖는거로 알고 있습니다만 조약우선권주장출원의 경우 후출원의 판단시점이 선출원으로 소급되기 때문에 후출원의 제36조 지위가 선출원 시점에 있다고 이해해도 되는지 여쭤보려고 질문드립니다. 새해 복 많이 받으세요! 저작자 표시컨텐츠변경비영리,안녕하세요? 그렇게 이해하면 맞습니다. 새해 복 많이 받으세요~, ,,18.01.01
특허법,문제,54조,[제54조7항]조약우선권 주장 추가?댓글수1,안녕하세요~ 특객 405번 문제에서 55조7항으로 인해 출원시 조약우선권주장만 하고 국내우선권주장을 하지않은 경우는 국내우선권 주장추가가 안된다고 나와있습니다 그렇다면 54조7항으로 인해 출원시 국내우선권주장만 하고 조약우선권주장을 하지않은 경우는 조약우선권 주장추가가 안되나요??,안녕하세요? 네. 안됩니다. 법조문 자체의 이해에 대한 기본기가 아직 부족한 것 같네요. 법조문을 정독해 보세요~, ,,18.01.01
특허법,조문,56조,"(56조 1항 3호 , 56조 1항 본문) 국내우주의 선출원?댓글수1","안녕하세요 변리사님 국내우주출원의 선출원이 취하되기 전에 선출원이 등록결정확정될 경우 선출원은 취하가 안되는데, 이 경우 국내우선권주장의 출원은 본래대로 국내우주출원의 효과를 누리게되나요? 아니면 국내우주의 효력을 잃어 판단시점 소급효 없이 실제 출원일을 기준으로 요건등을 판단하나요? 답변에 미리감사드리며 새해복많이받으세요.","안녕하세요? 판단시점이 소급하되, 협의제에 걸리게 됩니다. 열공하세요~ 답글기능 더보기", ,,18.01.02
특허법,조문,52조,"[52,54조] 우선권주장을 수반한 분할출원에 관해 질문드립니다.?댓글수2","안녕하세요 변리사님. 외국 출원을 기초로 조약우선권주장을 수반한 대한민국의 특허출원 A가 있은 후 그 A를 분할한 분할출원 B가 이루어졌을 경우에 B의 우선권증명서류 제출기간에 대한 질문입니다. B의 우선권증명서류 제출은 B의 출원일 후 3개월이 되는날 까지 가능한 것으로 알고 있는데요, 만일 A의 출원일 과 B의 출원일이 큰 시간적 차이 없이 이루어졌을 때에는 A의 우선권증명서류 제출기간보다 B의 우선권증명서류 제출기간이 빨리 만료되어 버리는 케이스가 생길 수 있을 것 같습니다. 그런데 B입장에서는 원출원인 A의 우선권증명서류 제출기간이 만료되기도 전에 분할출원인 B의 우선권증명서류 제출기간이 만료되는것은 막연한 느낌이지만 다소 불합리한 면이 있는 것 같아 질문하게 되었습니다. 제가 가정한 상황과 제 생각에 틀린점이 있다면 지적해주시면 감사드리겠습니다. 또한 실무상 위와 같은 경우 어떻게 절차가 진행되는지도 궁금합니다! 늘 감사드리고 새해복 많이받으세요^^",안녕하세요? 1년 4개월과 3개월 중 늦은 날까지입니다. 기본서에 충분히 설명되어 있으니 다시 한 번 정독해 보세요~, ,,18.01.02
특허법,문제,55조,[55조]7항의 선출원일과 최우선일?댓글수2,안녕하세요 임병웅변리사님! (특객 69번의 5번지문관련) 최우선일과 선출원일의 차이가 무엇인가요? 감사합니다!!,"안녕하세요? 법조문을 꼼꼼히 안 보고 있는 것 같습니다. 법 제54조제7항에서 최우선일은 조약/국내우주 상관없이 기초 중 가장 빠른 날이고, 법 제55조제7항에서 선출원일은 국내우선의 기초 출원일을 말합니다. 열공하세요~", ,,18.01.02
특허법,조문,52조,[52]분할출원의 확선의 지위?댓글수1,분할출원되었을때 청구범위에 기재되지 않고 발명의 설명에만 기재된 발명에 대해서는 그 발명이 원출원의 청구범위에 기재되어 있을 때 여전히 원 출원일의 기준에서 확선의 지위를 갖는건가요?,원출원과 분할출원의 확선의 지위는 서로 별개의 것입니다. 각각 생각해야 합니다. 열공하세요~, ,,18.01.04
특허법,문제,33조,[33조] 정당권리자 관련 질문드립니다!?댓글수1?사진첨부,"특객 202번문제 관련 질문인데요, 여기서 조문에는 법원에 이전청구를 할수 있다고 되어 있는데 이 말이 무권리자에 대하여 직접 이전등록을 구할 수 있다는 말과 같은 말인가요?",네~, ,,18.01.04
특허법,조문,29조,"[29, 36조] 선출원의 후출원에 대한 등록금지효, 효력범위?댓글수1","안녕하세요 임병웅 변리사님 :) 선출원의 청구범위에 있는 내용은 그 출원일부터 선출원의 지위가 있으니까 후출원에 대해서 등록금지효가 있지만, 선출원의 최명도에만 있는 내용은 공개가 되기 전까지는 공지기술 지위도, 확선의 지위도 없어 후출원에 대한 등록금지효가 없습니다. 그러면 선출원이 공개되기 전에, 특받권이 있는 제3자가 이 선출원의 최명도에만 있는 내용을 청구범위로 해서 출원을 하는 경우, 후출원은 등록이 되나요?? (선출원의 공개보다 후출원의 심사절차가 먼저 끝난다고 가정한다면요) 아니면 심사관은 선출원의 공개까지 그 후출원에 대해서 심사 보류를 의무적으로 해야 하는 건가요?? 아니면 할 수 있는 건가요?? 그리고 만약에 후출원이 (심사보류를 했어야 했는데 안하고 등록시킨 것과 같은 착오로) 설정등록 된 이후에야 비로소 선출원이 공개되고 등록이 된다면 후출원특허권은 확선 위반으로 무효사유에 해당될 거 같은데, 이건 일반적인 무효사유인가요? 아니면 선출원의 공개시점 부터 무효사유에 해당하는 후발적 무효사유인가요?? (추가로, 취소사유에도 해당하는 지도 확인부탁드립니다)","안녕하세요? 심사관이 선출원의 최명도에 있는 것을 발견한 경우 심사를 보류하고, 공개되면 거절결정합니다. 발견하지 못하면 특허결정받을 수 있고, 원시적 특허무효사유로 넘어갑니다. 열공하세요~", ,,18.01.04
특허법,조문,41조,[41조]불특허의 방식?댓글수1,"안녕하세요?41조 국방상 필요한 발명 조문에서, 2항의 ‘불특허’는 어떤 방식으로 하는지 궁금합니다.거절사유 조문에도 41조는 언급이 없고, 이지특허법 책을 보아도 ‘특허를 허여하지 않는’ 절차에 대한 언급을 찾지 못했습니다. 미리 감사드립니다. 새해 복 많이 받으세요!",안녕하세요? 특허여부결정을 보류한다는 의미로 이해하면 됩니다. 새해 복 많이 받으세요~, ,,18.01.04
특허법,조문,36조,[36조]물건발명과 제법발명간에는 선원주의?댓글수1,"안녕하세요! 선원주의 관련 질문드립니다 도해특허법 이용저촉발명 파트의 도해의 물건발명(최명도에 제법발명1기재)이 선출원이고 제법발명1이 후출원인 케이스에서 후출원은 확선 또는 신규성위반으로만 거절된다고 나와있고, 선원주의위반은 없다고 나와있습니다. 그런데 발명의 동일성 판단에서 양발명간 카테고리가 다르더라도 실체가 같으면 동일성이 인정된다고 하여 베실레이트염과 베실레이트염제법발명의 동일성이 인정된다는 2007후2827판례가 있는데, 선원주의도 발명의 동일성 판단에 의하는것이니 물건발명과 제법발명간에도 선원주의가 적용될수 있는것이 아닌지 궁금합니다 감사합니다!","안녕하세요? 사안의 경우에는 일반적으로 적용되지 않습니다. 다만, 선출원이 제법발명이고 후출원이 물건발명인 경우에는 일반적으로 동일성이 인정되어 선출원주의가 적용될 수 있습니다. 열공하세요~", ,,18.01.06
특허법,조문,34조,"[34,35조]무권리자출원?댓글수1","안녕하세요? 정당권리자 출원의 개념에 대해서 책을봐도 헷갈려서 질문 드립니다. 무권리자의 출원일:2017년 1월1일 무권리자의 특허거절결정 확정일: 2018년 4월29일 정당권리자 출원일: 2018년 5월23일이고 2018년 6월12일 특허설정등록이 되면 질문1: 거절결정 확정일 2018년 4월29일에 초일산입해서 30일 계산해서 정당권리자 출원을 5월28일까지 출원하면 출원일 소급되는것 맞나요? 질문2: 정당권리자 출원의 출원일은 무권리자 출원일로 소급하므로 2037년 1월1일에 만료된다고 책에 나왔는데 맞나요? 질문3: 그렇다면 정당권리자출원일은 무권리자출원일(2017년 1월1일)로 소급하는데 ""특허권의 존속기간은 무권리자출원일 다음날부터 기산한다.""라는 특허법88조2항이 있는데 모순 아닌가요? 다음날부터 기산하면 2037년 1월2일에 만료가 된다는뜻이 아닌지 궁금합니다. 답변 감사드립니다.",안녕하세요? 1. 2. 네 3. 무권리자의 출원일부터 기산(초일불산입) = 무권리자의 출원일의 다음날부터 기산(초일산입) = 다음날이 기산일 입니다. 열공하세요~, ,,18.01.06
특허법,문제,54조,(54)복합우선 질문드립니다!?댓글수1,"1국에서의 A출원과 B출원을 기초로한 하나의 특허출원 C를 우선권 주장과 함께 우리나라에 출원한 경우 우선권주장이 인정되는 조건에 대한 것인데요, 특객 (370쪽 97년도기출입니다) 해설에는 출원 C의 청구범위에 기재된 발명중 우선권을 주장한 발명이 A및 C에 기재된 발명과 동일성이 있어야 한다고 되어있는데요, 발명별로 판단시점이 달라질수도 있으므로 ㅡ및ㅡ이 아닌 ㅡ또는ㅡ이 되어야 하는 것이 아닌가요?",네. <또는>이 정확한 표현이겠네요. 그런데 객관식이라는 것의 특성을 고려해서 상대적으로 답을 고르세요~, ,,18.01.06
특허법,조문,54조,"(54,55) 증명서류 제출?댓글수2?사진첨부","임변리사님 안녕하세요, 아래 사진에서 X의 증명서류 제출일이 한국출원일로부터 1년 4개월이내에 제출되었다고 나와있는데, 일본출원일로부터 1년 4개월이내에 제출해야 하는 게 맞나요..? 항상 감사합니다!",안녕하세요? 네. 그렇습니다. 수험자료에서 강의노트 정오표 참고하세요~, ,,18.01.08
특허법,문제,54조,"(54,55) 최우선일과 최선출원일 (우선일과 선출원일)?댓글수1","안녕하세요~ 특객69번에서 국내 우선권 주장을 한 자는 최우선일로부터 1년 4개월 이내에 그 우선권 주장을 보정하거나 추가할 수 있다 는 지문이 오답이고 해설은 최우선일이 아닌 선출원일(선출원이 둘 이상인 경우에는 최선출원일을 말한다)부터 1년 4개월 이내에 그 우선권 주장을 보정하거나 추가할 수 있다. 라고 나와있는데요, 이 문제에서는 법조문을 그대로 옮겨놓았기 때문에 최우선일과 최선출원일(또는 선출원일)이 맞다는걸 알겠는데 실질적으로 최우선일과 최선출원일의 뜻이나 의미가 차이가 있나요? 같은 의미이지만 조약우주에서는 우선일이라는 용어를 사용하고 국내우주에서는 선ㄴ출원일이라는 용어를 사용하는 것인가요? 감사합니다.","최우선일과 최선일은 천지차이입니다. 최우선일은 조약/국내우주 불문하고 그 기초 중 가장 빠른 날이고, 최선일은 국내우주의 기초 중 가장 빠른 날입니다. 열공하세요~", ,,18.01.08
특허법,조문,30조,"[30, 52, 53, 55조] 원출원이 공지예외적용주장 아니한 경우?댓글수1","안녕하세요 질문규칙 확인 후 재질문 드립니다. 1. 문제 : 특허객관식 347번 (라) 지문 『분할출원은 원출원과 독립된 별개의 것이나, 분할출원이 취할 수 있는 절차의 지위는 원출원에 종속된다는 것이 통설이다. 따라서 원출원이 공지예외적용주장을 하지 않은 경우에는 분할출원일이 특허를 받을 수 있는 권리자의 행위로 공지된 날로부터 12월 이내라고 하더라도 공지예외적용주장을 할 수 없다.』(정답 : O) 2. 질문 : 원출원이 공지예외적용주장 하지 아니한 경우라도 15.7.29 이후 출원에 대해서는 분할출원시 공지예외적용주장 가능한 것으로 알고 있습니다. (17.3.1 심사기준 6106, 6204, 6405 참고) 설문 상 원출원의 출원시점이 주어지지 않았는바 현재 기준으로 판단해 볼 때 (라)지문은 X 일 듯 합니다. 잘못 생각한 부분이 있는지 알려주시면 감사하겠습니다. 질문규칙 먼저 확인 못한 점 죄송합니다. 답변 부탁드릴께요~!",안녕하세요? 수험자료에 있는 객관식 정오표 참고하세요~, ,,18.01.08
특허법,문제,35조,35조 질문드립니다?댓글수1,"객관식 310페이지 문제인데요 정당권리자 갑이 무권리자 을의 특허발명 x에 대해 무효심판을 청구한 후 무효심결이 2021년3월2일에 확정된 후 을이 2021년 4월 1일에 특허출원한 경우, 동 출원은 2017년 11월 1일에 출원된 것으로 간주된다 틀린지문인데 ""무효심결확정일로부터 30일""이 왜 3월31일인지 잘 모르겠습니다 3월2일에 무효심결확정이면 3월3일부터 기산하여 4월1일이 만료일이라고 생각되는데 설명부탁드립니다 읽어주셔서 감사합니다 새해 복 많이 받으십시오!",안녕하세요? 초일(3.2)-기산일(3.2)-자연적 계산방법-만료일(3.31) 입니다. 오전 0시부터 시작하니 초일이 기산일 입니다. 새해 복 많이 받으세요~, ,,18.01.09
특허법,조문,30조,[30조] 공지예외 증명서류?댓글수1,"안녕하세요 임병웅변리사님 날추운데 건강 조심하시고요!! 1. 30조 복수회 걸친 공지관련하여 밀접관련있다면 2회부턴 증명서류 제출불요라 알고있는데 혹시 밀접관련성에 대한 증명서류도 제출해야 하는지 궁금합니다. 2. 기출지문과 관련하여 ""a가 30조 주장을 하며 출원할 때 a가 공지한 발명으로부터 지득한 것이 명백한 제3자의 공지가 있는 경우 따로 증명서류제출 불요"" 이와같은 지문에서 명백하더라도 ""지득한것이 명백하다는"" 증명은 또 따로 필요한것인가요?",안녕하세요? 1. 밀접불가분성에 대한 증명서류는 제출해야 합니다. 2. 지득한 것이 명백하다=밀접불가분성이 있다. 입니다. 열공하세요~, ,,18.01.10
특허법,문제,30조,"[30조,52조] 분할출원과 공지예외적용에 대해 질문드립니다.?댓글수2","안녕하세요 변리사님, 늦은 감이 있지만 새해복 많이 받으세요! 17년 12월에 심사지침이 개정된것으로 알고있습니다. 구심사지침 상으론 '원출원이 공지예외적용 주장을 하지 않았다면 분할출원에서 공지예외적용 주장은 불가능하다' 라고 알고있습니다. 특객 347번 문제 (라) 에 대해서 풀이하던 중 (라) :분할출원은 원출원과 독립된 별개의 것이나. 분할출원이 취할 수 있는 절차의 지위는 원출원에 종속된다는 것이 통설이다. 따라서 원출원이 공지예외적용주장을 하지 않은 경우에는 분할출원일이 특허를 받을 수 있는 권리자의 행위로 공지된 날로부터 12월 내라고 하더라도 공지예외적용주장을 할 수 없다. 이것이 옳다고 생각하였고 해설 상에도 O로 되어있었기 때문에 별 고민없이 넘어갔습니다. 그러나 업로드된 정오표를 확인해보니 (라) 번 보기의 해설이 ""원출원이 우선권주장을 하지 아니한 경우 실무상 분할출원 역시 상기 주장을 할 수 없다. 이는 원출원과 동시에 우선권주장 을 하지 아니하여 그 효과가 발생하지 아니한 경우 이를 회피하기 위한 수단으로서 분할출원을 이용하는 것을 방지하기 위해서이 다. 다만, 공지예외적용주장은 출원과 동시에 하지 않더라도 특허법 제30조제3항에 따라 보완할 수 있기 때문에 원출원이 공지예외적용주장을 하지 않더라도 분할출원이 상기 주장을 할 수 있다."" 라고 수정된 것을 확인했습니다. 이것이 최근 개정된 심사지침의 태도를 반영한 것인지, 혹은 제가 애초에 잘못알고있었던 것인지 궁금해 질문드리게 되었습니다. 늘 감사드리고 건강하세요. 저작자 표시컨텐츠변경비영리",안녕하세요? 개정된 내용을 반영한 것입니다. 법 제30조는 반드시 출원과 동시에 주장해야 하는 것이 아니기 때문입니다. 열공하세요~, ,,18.01.11
특허법,문제,55조,55조 이중우주 질문드려요?댓글수2?사진첨부,"안녕하세요 변리사님~! 특객 400p 이중우주 문제풀면서 ㅂ 보기에 의문이 생겨서 질문드립니다 ㅠㅠ X출원 Y출원은 그냥통상의 국내우선권출원방식과 동일하니, Y출원기초 분할출원W(국우수반분할) 은 x출원일부터 1년6월후인 17.10.27에 공개되는것아닌가요 ?? 답변 미리감사드립니다 !!","안녕하세요? 분할출원이, 국내우선권주장을 수반하였다면 X 출원일로부터 1년 6개월이 지난 후 공개되겠지만, 국냉우선권주장을 수반하지 않았기 때문에 Y출원일로부터 1년 6개월이 지난 후 공개됩니다. 열공하세요~", ,,18.01.11
특허법,조문,38조,"[38조] 특허출원 후 제3자 대항요건, 효력발생요건?댓글수1","안녕하세요 임병웅 변리사님 38조에서 특허출원 후 특별승계에서 효력제3자 대항요건과 효력발생요건이 헷갈려서 질문드립니다. 질문드리기 전에 예전 답변을 찾아봤더니, 2014년에 질문과 답변이 있었습니다. ===================================================================== 특허출원 후 이전하였을 경우 제3자 대항요건 질문인데요.. 특허출원 후 승계의 경우에 제3자 대항요건을 어떻게 갖출 수 있나요? 라는 질문에 출원 후의 승계는 출원인변경신고를 하면 출원서에 출원인 명의가 바뀌기 때문에 효력발생만으로 제3자에게 그 효력을 주장할 수 있습니다. 라고 답변을 달아 주셨습니다.. 특객 p.184 3번 보기①에서 특허출원 후에 있어서 특허를 받을 수 있는 권리의 승계는 상속 기타 일반승계의 경우를 제외하고는 승계인이 출원인변경신고를 하지 아니하면 제3자에게 대항할 수 없다. 이 지문이 잘못된 것으로 되어 있습니다. 해설에 승계인이 하는 출원인변경신고는 제3자에 대한 대항요건이 아니고 효력발생요건에 해당한다. 라고 써 있는데요 답변 주신 의미가 효력발생에 제3자 대항요건도 포함되어 있다는 의미 아닌가요? 승계인이 출원인변경신고를 하지 아니하면 효력발생이 생기지 않고, 효력발생이 생기지 않으면 제3자에게 효력을 주장할 수 없는 것이니까 보기①이 옳은 지문이 아닌가요? ================================================== 의 질문이 있었고 변리사님 답변이 아래와 같았습니다. 이건 민법의 개념이라 정확한 답변을 될지는 잘 모르겠는데, 물권은 등기하면 효력이 발생하고, 배타적으로 유체물을 지배할 수 있기 때문에 대항요건을 필요로 하지 않는 반면 채권은 특정인에게 권리를 주장할 수 있는 청구권이고, 그 특정인 이외에 제3자에게 권리를 주장하기 위해서는 대항요건을 취득해야 하는 것으로 알고 있습니다. 출원인변경신고를 하면 출원인이 바뀌는 것이기 때문에 발명에 대한 권리를 승계인이 가지게 되는 것이고(물권과 유사), 대항요건을 필요로 하지 않는다는 의미입니다. ======================================================= 자세하게 설명해주셨는데도, 의문이 가는 부분이 생겨서 추가로 질문드립니다.. 제가 지금 이해하고 있는게 맞는지 궁금합니다. 1. 출원 전은 채권과 비슷해서, 효력은 받았을 때 생기지만, 출원해야 제3자에게 대항할 수 있게 된다. 하지만 특허출원 후에는 일반승계를 제외하고 특별승계에서 출원인변경신고는 효력발생요건이고, 제3자에 대한 대항요건은 아니며, 물권과 비슷하여 배타적 효력이 있기 때문에, 출원인변경신고를 하지않았을 때, 효력은 발생하지 않지만 제3자에게 대항할 수 있다.' 가 맞나요? 2. 2014년에 올라온 질문에 따르면 '출원인변경신고를 하지 않으면 제3자에게 대항하지 못한다'가 틀린 지문이니까 1번 질문의 마지막에서처럼 출원 후엔 출원인변경신고를 하지 않아도 제3자에 대항가능한게 맞는건가요? 답변 미리 감사드립니다.","안녕하세요? 아니요. 틀린 명제입니다. 대항요건과 효력발생요건의 구별에 어려움이 있는 것 같네요. 물권적 효력과 유사한 효력이 발생하면, 당사자는 물론 제3자에게도 효력을 주장할 수 있기 때문에 대항요건을 언급할 필요가 없습니다. 민법의 개념이 조금 더 필요해 보이네요. 열공하세요~", ,,18.01.11
특허법,조문,47조,[47조] 2항 도면에 대해서 질문드려요?댓글수1,안녕하세요 임변리사님 47조 2항 전단에서 보정의 범위로 최명도의 범위 내를 요구하고 후단 외국어특허출원의 경우엔 전단에 더해 번역문과 특허출원서에 최초로 첨부한 도면(설명부분 제외) 범위에서도 하여야 한다고 하는데요 후단의 최초로 첨부한 도면의 범위 내를 요구하는건 전단의 최명도와 겹치는 부분이므로 따로 법조문에서 요구할 필요 없는거 아닌가요? 언제나 감사드립니다,"안녕하세요? 만약 후단에서 최초로 첨부한 도면의 범위가 없다면, 전단의 도면의 범위내에서 보정하는 것은, 항상 후단의 범위를 만족하지 못하기 때문입니다. 열공하세요~", ,,18.01.12
특허법,문제,54조,[54조] 객관식 401p?댓글수1,"401번 문제 : 갑은 2016년 3월 21일 발명 A,B를 일본에 특허출원한 후, 이를 기초로 조약우주하여 2016년 8월 15일 우리나라에 발명의 설명에는 A,B,D를 기재하고 청구범위에는 A,D를 기재하여 특허출원하였다. 5번지문 해설에서 갑 출원이 출원공개되거나 등록공고된 후에는 발명 B에 확선지위가 부여되어 2016년 6월 2일에 출원된 을의 국내출원이 거절된다고 나와있습니다. 그런데 이 조건에서는 갑의 출원 중 A만 3월 21일로 판단시점이 소급하고 B는 8월 15일로 판단시점이 소급하지 않아서, 을의 출원이 거절되지 않지 않나요?","확선 지위의 소급효 인정범위에 대한 개념을 모르고 있습니다. 확선 지위의 소급효 인정범위는 후출원의 최명도(A, B, D)에 기재된 발명 중 선출원의 최명도(A, B)에 기재된 발명입니다.즉, A, B의 판단시점이 소급하고 D의 판단시점이 소급하지 않습니다. 열공하세요~", ,,18.01.12
특허법,조문,54조,[54조] 국내우선권주장의 보정 또는 추가 시기?댓글수1?사진첨부,"안녕하세요 임변리사님. 특허책을 다시 읽어보던 중에 생긴 의문인데요. 우선권 주장의 보정 또는 추가를 할 시에 최우선일로부터 1년 4개월 이내에 해야 하는것은 알겠는데, 왜 아직 우선권 추가되지 않은 X가 54조 5항에 따른 최우선일이 되어 X출원일로부터 1년 4개월내에 우선권주장 추가를 해야하는지 이해가 잘 가지 않습니다. X를 우선권 추가신청할 시에는 아직 X가 우선권 주장이 추가되지 않았기에 최우선일이 Y의 출원일이 되어서 X를 기초로 한 우선권주장의 추가는 최우선일인 Y출원일로부터 1년 4개월 이내에 하고, 그 후에 이제 X가 우선권주장이 추가되었으니 X의 증명서류의 제출은 X출원일로부터 1년 4개월 이내에 할 수 있는것 아닌가요? 써놓고보니 결국 증명서류 문제때문에 어쩔수없이 X출원일로부터 1년 4개월 내에 우선권주장의 추가를 해야하긴 하겠네요.. 제가 이해한게 맞나요? 아니면 우선권 추가주장이 되는 대상 출원(이문제에서 X)도 54조 7항에서 말하는 최우선일에 반영이 될 수 있는건가요?",안녕하세요? 법 제54조제7항은 X출원이 추가됨을 전제로 최우선일의 개념을 정의하고 있습니다. 따라서 후자가 맞습니다. 열공하세요~, ,,18.01.13
특허법,문제,29조,[29조]진보성 판례변경 질문?댓글수1,"중요한 판례가 정확하게 이해가 안되서 질문드립니다. 문제는 2013년 기출 20번문제 4번선택지 입니다 문제) 옳지않은것은? 4번 선택지 물건의 청구항에 있어 하나 이상의 구성이 그것을 제조하는 방법이나 수단으로 표현된 제법한정 물건발명의 경우에 그 제조방법에 의해서만 물건을 특정할 수 밖에 없는 등의 특별한 사정이 없다면, 그 물건으로 특정되는 발명과 제조방법을 함께 고려하여 진보성 유무를 판단해야 한다. (X 틀린지문) 2015년대법원 태도변경 : 제조방법의 기재를 포함하여 그 발명구조나 성질파악한뒤 이를 공지기술과 비교할것 즉 위의 지문이 틀린이유가 궁금한데요 몇시간 고민을해봤는데 (1번째 제생각) 과거에는 제조방법 포함할필요없이 무조건 물건으로 만 비교한다! 근데 판례변경으로 물건이랑 제조방법이랑 함께 고려해서 진보성판단해야한다. 라고 생각했는데 혹시 (2번째 제생각) 변경된 판례가 제조방법을 고려해서 물건을 특정한 후에 ""그물건"" 을가지고 진보성을 판단해야된다. 이렇게 이해를 해야되는부분인것인가요? 2번째 생각이 맞다면 위지문은 ""함께 고려하는게"" 아니고 ""제조방법의 기재를 고려한 그 물건으로"" 진보성을 판단하라는 말인가요? 정확하게 판례가 제조방법을 고려하라는데 어떻게 고려하라는건지가 이해가 안되는 부분입니다.","안녕하세요? 후자가 맞습니다. 물건으로 특정하되, 제조방법이 물건이 특성, 기능, 구조 등을 묘사하고 있는 경우에는 그러한 특성, 기능, 구조를 갖는 물건으로 특정하라는 것입니다. 열공하세요~", ,,18.01.14
특허법,조문,52조,[52조] 분할출원 관련?댓글수4?사진첨부,안녕하세요 변리사님 그림과 같은 케이스의 경우 조약우주가 아닌 국내우주의 경우여도 (증명서류제출 제외) 그대로 적용 가능한가요? 감사합니다ㅠㅠㅠ,"안녕하세요? 국내우주는 증명서류 제출을 하지 않습니다. 법조문 중심으로 공부하셔야 합니다. 법조문으로 중심을 잡고, 케이스를 이해하려고 하는 공부를 하지 않으면 나중에 낭패 를 볼 수 있습니다.",네 감사합니다 ㅠㅠ변리사님 말씀은 법조문에 나와있지않으면 다른 예외는 생각할 필요는 없다는 말씀이시지요? 제가 괜히 없는걸 만들어 내고 있는것 같습니다..ㅠㅠ 아 그런데 증명서류부분만 제외하면 저 경우처럼 국내우주도 분할출원때 따로 주장을 하여야 하는 것이지요?,"네. 그렇습니다. 법 제52조제2항제4호와 제53조제2항제4호를 한 번 읽어 보세요. 법조문을 먼저 보고, 해석의 문제에서 이해가 안 되면 질문을 해야 하는데, 법조문은 등한시하고 해석만 하려고 하니 이해가 잘 안 되는 것입니다. 공부하는 방법을 바꾸지 않으면 좋은 결과가 얻기가 힘듭니다. 너무 독하게 말한다고 미워하지 말고요~",18.01.14
특허법,조문,53조,[53] 변경출원의 원출원?댓글수1,"안녕하세요 변리사님! 55조 국내우주의 경우 원출원이 자동 취하간주되더라도 후출원 공개시 원출원도 열람을 허가한다고 알 고 있습니다 1. 일반적으로 출원공개시 최명도가 공지지위를 갖는 것이지요? 2. 52,53 분할(원출원에서 직접 삭제보정한경우), 변경(원출원 취하간주된경우)출원의 경우에도 후출원(분,변)이 공개 또는 등록되면 이들의 원출원의 최명도도 공지지위를 가지나요?","안녕하세요? 1. 법 제216조 열람신청에 관한 규정을 살펴 보세요. 2. 분할출원, 변경출원은 해당하지 않습니다. 법조문 중심으로 공부를 하셔야 합니다~", ,,18.01.14
특허법,조문,53조,[53] 변경출원 무효?댓글수2,안녕하세요 변리사님! 변경출원이 무효로 되거나 불수리된경우 원출원의 취하간주는 없던 것으로 보는 것인가요? 조문에 별도로 나와있지 않은것 같아서 질문드립니다 ㅠㅠ 허접한 질문이라 무섭지만 용기내어 질문드립니다!ㅠ,"안녕하세요? 불수리된 경우는 변경출원의 효과가 발생하지 않았기 때문에 원출원이 취하간주되지 않고, 무효로 된 경우는 변경출원의 효과가 발생하기 때문에 원출원이 취하간주됩니다. 열공하세요~", ,,18.01.15
특허법,문제,47조,"[47,51조] 보정각하?댓글수1","안녕하세요! 객관식 341번 문제 중에 질문드립니다. 보정 이후 발명에 대한 심사 결과 신규성이나 진보성 부정의 거절이유가 발견된다고 하더라도, 그러한 거절이유가 보정으로 청구항이 신설되거나 실질적으로 신설에 준하는 정도로 변경됨에 따라 비로소 발생한 경우와 같은 특별한 사정이 없는 한 심사관은 보정에 대한 각하결정을 하여서는 아니 되고, 신규성이나 진보성 부정의 거절이유를 출원인에게 통지하여 의견제출 및 보정의 기회를 부여해야 한다. 이게 왜 맞는 보기인가요? 보정 시기에 대한 언급이 없어서 자진보정이나 47조1항1호시기 보정이면 보정각하 아니라서 그런것인가요..?","중요한 대법원 판례입니다. 요지는 기재불비로 인한 보정은 일반적으로 발명의 내용이 변함없기 때문에 <발견>된 신규성, 진보성 위반의 거절이유가 기재불비를 극복하기 위한 보정에 의해 <발생>하지 않았다는 것입니다. 열공하세요~", ,,18.01.17
특허법,조문,34조,"[34,35,140조] 무효심판 청구?댓글수1?사진첨부","안녕하세요! 객관식 303 질문드립니다 보기 (마): 병은 갑이 아닌 을 을 피청구인으로 하여 무효심판을 청구하여야 한다. 다만, 갑을 피청구인으로 하여 무효심판을 청구하는 경우에 을로 보정할 수 있다. 보기 (마) 가 틀린 보기인가요 맞는 보기인가요? 해설은 모두 틀린 지문이라고 써있지만 마(O)라 되어있고, 정오표에는 '사(O),,,'라고 써있어서 보기 (마) 이해가 잘 안되서 설명 부탁드립니다.","맞는 지문입니다. 정오표를 잘못 보고 있네요. 정오표는 2개이니, 다시 확인해 보세요", ,,18.01.17
특허법,조문,29조,29조 2항(진보성)에 관해 질문이 있습니다.?댓글수2,"임병웅 변리사님 안녕하세요~ 진보성에 관하여 선택발명과 수치한정 발명에 관한 판례를 보다가 의문점이 생겨서 질문을 드리게 되었습니다. 답변 항상 감사합니다. a.선택발명(대법원 2001후2740 ) 선행 또는 공지의 발명에 구성요건이 상위개념으로 기재되어 있고 위 상위개념에 포함되는 하위개념만을 구성요건 중의 전부 또는 일부로 하는 이른바 선택발명은, 첫째, 선행발명이 선택발명을 구성하는 하위개념을 구체적으로 개시하지 않고 있으면서, 둘째, 선택발명에 포함되는 하위개념들 모두가 선행발명이 갖는 효과와 질적으로 다른 효과를 갖고 있거나, 질적인 차이가 없더라도 양적으로 현저한 차이가 있는 경우에 한하여 특허를 받을 수 있고, 이 때 선택발명의 상세한 설명에는 선행발명에 비하여 위와 같은 효과가 있음을 명확히 기재하면 충분하고, 그 효과의 현저함을 구체적으로 확인할 수 있는 비교실험자료까지 기재하여야 하는 것은 아니며, 만일 그 효과가 의심스러울 때에는 출원일 이후에 출원인이 구체적인 비교실험자료를 제출하는 등의 방법에 의하여 그 효과를 구체적으로 주장·입증하면 된다. b.수치한정발명(특허법원 2008허1722) 수치한정발명에 대해 특허를 받으려는 자는 수치한정을 통하여 얻으려는 현저한 작용효과를 명세서에 명확하게 적어야하며, 그 출원 발명이 공지된 발명과 과제가 공통되고 수치한정의 유무에서만 차이가 있는 경우에는 그 출원발명의 명세서에 한정된 수치를 채용함에 따른 현저한 효과 등이 기재되어 있지 아니하면, 그와 같이 한정한 수치범위 내외에서 현저한 효과의 차이가 생긴다고 보기 어렵다. 수치한정한 범위 전체에서 이질적이거나 양적으로 현저한 효과가 있어야 한다는 점이, 출원 명세서에 그 기술 분야에서 통상의 지식을 가진 사람이 명세서 기재 자체를 통하여 인식할 수 있을 정도로 기재되어있지아니한 이상 추후 실험자료에 의하여 인정되거나 확인되는 수치한정의 기술적 의의를 가지고서 해당 수치한정 발명의 진보성 여부를 판단할 수는 없다. -----> 처음에는 선택발명에서 실험자료를 제출가능하고, 수치한정발명은 실험자료 제출이 불가능하다 정도로만 정리를 하였는데, 생각을 해보니 수치한정발명도 선택발명처럼 일종의 하위개념의 발명인거 같은데 왜 이런 차이가 생길까 생각을 해보다가 a판례(선택발명)는 명세서에 현저한 효과가 기재되어 있음을 전제로 실험자료를 제출가능하다고 판시하고 있고 b(수치힌정발명)판례는 명세서에 현저한 효과의 기재가 없는 경우 실험자료의 제출이 불가능하다고(정확히는 실험자료로 진보성 여부를 판단에 참작 불가) 판시하고있는걸로 보입니다. 정리를 하면 수치한정 발명이든 선택발명이든 명세서에 현저한 효과가 기재되어있으면 실험자료의 제출이 가능하고, 명세서에 현저한 효과의 기재가 없는 경우 실험자료의 제출이 불가능하다고 생각 할 수 있을까요?(아니라면 수치한정 발명과 선택발명의 판례를 따로 분리해서 정리 이해해야 할 까요?)","안녕하세요? 전혀 다른 사례인데 착각하고 있네요. 효과의 현저성이 인정되기 위해서는, 이질적인 효과나 동일의 우수한 효과가 있어야 하고, 동질의 우수한 효과가 있음을 증명하기 위해서는 정량적인 기재가 둘 다 필요합니다. 선택발명의 판례는 정량적인 기재를 했는데, 심사관이 선행발명을 찾아서 진보성 위반이라고 했을 때 선행발명과 본원발명의 비교실험자료를 의견서에 개진한 경우 이를 가지고 진보성 판단을 할 수 있다는 것입니다. 수치한정발명의 판례는 정량적인 기재를 하지 않았는데, 의견서에 정량적인 기재를 한 경우 이를 가지고 진보성 판단을 할 수 없다는 것입니다. 열공하세요~", ,,18.01.17
특허법,문제,30조,[30조]특객 203번 관련?댓글수2,"특객 203번 문제 2번 보기 ""무권리자의 출원이 출원공개된다면 정당한 권리자가 출원공개된 날로부터 12개월 이내 출원한다면 신규성, 진보성을 판단함에 있어서 그 출원공개를 공지 등이 되지 아니한 것으로 간주할 수 있다."" 라는 지문이 옳음으로 되어 있습니다. 그런데 지문 상 정당권리자가 무권리자의 출원의 출원공개 후 특허법 제30조 공지예외적용 규정을 이용한 것으로 보이는데 특허법에 따른 출원공개의 경우는 30조1항1호 단서에 의해서 비록 무권리자의 출원의 출원공개라 할지라도 공지예외가 안 되지 않나요? 즉 공지예외규정이 불인정되어 공지 등이 되지 아니한 것으로 간주할 수 없다라고 생각합니다. 이 경우 정당권리자는 34조나 35조 혹은 99조의2를 이용하여야하지 30조는 이용할 수 없는 것 아닌가요? 지문에서 무권리자의 출원의 거절결정확정 내지 착오등록된 특허권의 무효심결확정 등의 문구가 없어서 더욱 그렇습니다.",기본기가 흔들리고 있습니다. 무권리자의 공지는 법 제30조제1항제1호와는 전혀 상관없는 법 제30조제1항제2호의 사유입니다. 기본서에 동일한 사례가 있으니 다시 한 번 정독해 보세요~, ,,18.01.17
특허법,조문,30조,[30조]의사에 반한 공지임을 '알고' 있는 경우?댓글수2,안녕하세요~ 30조1항2호의 의사에 반한 공지가 있었음을 '알고' 있는 경우라고 하더라도 여전히 출원과 동시에 공지예외주장을 할 필요가 없나요? 바쁘시겠지만 답변 부탁드립니다~ 고맙습니다. 저작자 표시컨텐츠변경비영리,네 그렇습니다., ,,18.01.23
특허법,조문,54조,[54]누적우주 출원공개 시점 관련?댓글수1,"안녕하세요 임변리사님 변리사님 판례강의를 듣다가 누적우주 관련 갑자기 궁금증이 폭발해서 질문드립니다 .... 만약 출원X(A발명) 출원Y(A,B) 출원Z(A,B,C) 순으로 미,일,한 각 국에 출원하면서 순서대로 조약 우주 1,2를 하였다면... 1.출원 Y의 경우 A발명만 조약우주 요건을 만족하여 판단시점이 소급되지만(B관련 조약우주 는 무효가 되어) A,B발명 포함한 출원Y전체가 X출원 1년6개월 후 공개 되는 것인가요? 2.그렇다면 출원 Z의 경우 B발명만 Y출원시로 판단시점이 소급되는데, 이경우에도 출원 Z자체(A,B,C)모두 출원공개 기산점이 Y출원시로 소급되는 것인가요? 아 그리고 누적우주라 해서 괜히 상관도 없는 X출원 시로 소급하는 것은 아니지요?ㅜㅜ 위의 질문 답이 YES라면, 조약우주 요건 만족여부는 발명별 판단하는데 왜 출원공개는 요건 만족하지 않는 다른 발명에 대해서도 소급효를 인정하는지 궁금합니다.. 감사합니다... 저작자 표시컨텐츠변경비영리","네. 그렇습니다. 법 제64조제1항각호를 한 번 살펴 보면 답이 있습니다. 법조문 중심의 공부를 하지 않으면, 기초가 쌓이지 않습니다. 열공하세요~", ,,18.01.25
특허법,조문,52조,"[52조, 53조] 외국어특허출원의 국어번역문제출과 분할/변경출원과의 관계에 관한 질문입니다.?댓글수1","안녕하세요. 1. 외국어특허출원은 국어번역문을 제출하기 전까지 명세서 보정, 분할출원, 변경출원 및 출원인의 심사청구를 할 수 없습니다. 2. 분할출원, 변경출원이 외국어특허출원인 경우에 출원인은 국어번역문 또는 새로운 국어번역문을 출원일로부터 1년 2개월이 되는 날(다만, 기한 이전에 출원심사청구의 취지를 통지받은 경우에는 그 통지를 받은 날부터 3개월이 되는 날 중 빠른날)의 기한이 지난 후에도 분할출원, 변경출원일로부터 30일 이내에 국어번역문을 제출할 수 있습니다. 2. 에서 1년 2개월 혹은 심사청구취치통지일로부터 3개월이 지난 후에도 30일의 기간연장의 이익을 받게 되는 외국어 분할/변경출원의 원출원이 외국어특허출원이라면 국어번역문 제출 후에야 분할/변경출원이 가능했다는 것입니다. 그러면 출원인은 외국어특허출원을 한 뒤 국어번역문 제출을 하고 최명도의 범위에서 외국어로 분할/변경출원을 한 경우에 기간의 이익을 얻게 되는 것인가요? 출원인은 외국어로 출원을 한 뒤 국어번역문을 제출하고 한국어로 분할/변경출원을 할 수는 없나요? 가능하다면 이때에는 국어번역문제출기간의 이익이 적용되지 않게 되는 것인가요? 저작자 표시컨텐츠변경비영리",안녕하세요? 1. 네 2. 한국어로 가능합니다. 한국어로 분할/변경출원한 경우에는 분할/변경출원의 번역문 제출이 필요없기 때문에 기간이 이익도 필요하지 않습니다. 열공하세요~, ,,18.01.26
특허법,조문,53조,"[53조, 64조] 분할출원 공개시점?댓글수1","분할출원 공개 시점과 관련하여 질문드립니다. X출원 Y출원(우선권주장) Z출원(Y출원에서 분할출원) A 발명 A,B 발명 A발명 X출원을 기초로 Y출원을 하면서 우선권 주장을 하였고 Y출원(우선권주장)을 Z출원으로 분할 출원한 사안입니다. 분할출원은 원출원일이 공개시점인데 1. Z출원이 우선권 주장을 하지 않았으면 Y출원이 출원공개 기산점 맞나요? 2. Z출원도 우선권 주장을 해야 출원공개 시점이 X출원일 기준이 되는 건가요 ?? 감사합니다.",네. 맞습니다. 열공하세요~, ,,18.01.26
특허법,조문,47조,"[47조, 2012후3121] 기재불비와 최초, 최후거절이유통지?댓글수2?사진첨부","이 판례와 12년도 기출문제에 관해서 검색해보니 종전에 임병웅 강사님께서 답변 달아놓으신게 있어서 참고했는데 그래도 의문점이 해결되지 않아 질문드립니다. ------------------------- 안녕하세요? 판례는 기재불비로 진보성 위반이 발생하지 않았다는 것이고, 객관식은 진보성 위반이 발생했다는 것입니다. 진보성 위반, 즉 거절이유가 언제 발생했는지 관점에서 보면 됩니다. 열공하세요~ ---------------------------- 진보성 위반 거절이유가 언제 발생했는지 관점을 말씀하셨는데 그 관점에서 보면 12년도 기출은 보정으로 인한 것으로 '최후'가 맞는 것이고 판례에서도 (제목에서) 기재불비 극복을 위한 보정 이므로 보정에 의한 거절이유이므로 이 또한 '최후'를 통지해야 한다는 관점으로 보입니다만.... 강사님의 답변에서 판례는 기재불비로 진보성 위반이 발생하지 않았다는 말씀에서, 만약 판례말대로 기재불비 극복을 위한 보정하면서 진보성 부정의 거절이유가 발견된다고 하더라도(밑에서 5번째줄) // 에서 최초의견서 통지를 설시한 판례가 아닌지요....... 판례 문구에구 맨 마지막에 새롭게 발생한 것으로 볼 수 없다는 것이 원시적 하자로 이해가 되고, 맨 마지막에 진보성 부정의 거절이유가 발견된다고 하더라도 그 거절이유를 의견제출기회주어야 한다고 하면 최초 거절이유를 통지해야하는게 아닌지 궁금합니다. 판례도 '최후'를 말하고 있는건가요.....?","보정시기에 대해 완전히 잘못 이해하고 있습니다. 법 제47조제1항본문의 시기의 보정에 의해 진보성 위반이 발생하면 최초거절이유통지이고, 법 제47조제1항제1호의 시기의 보정에 의해 진보성 위반이 발생하면 최후거절이유통지가 됩니다. 그런데, 질문은 법 제47조제1항본문의 시기의 보정은 간과한채 하고 있는 것 같네요. 열공하세요~", ,,18.01.26
특허법,조문,2조,"[2조, 36조] 동일성 판단방법과 권리소진이론에 관한 질문입니다.?댓글수2",판례강의를 듣고 있는 중인데요 강의를 듣다보니 선출원에서의 동일성 판단기준이 대법원판례에서 판시한 광의의동일성과 다르게 최근 나온 특허법원판례가 협의의동일성판단기준으로 판시했고 또한 권리소진에 있어서도 원래는 부품교체가 재생산인지 여부가 부품이 본질적 구성요소인지 여부에 따라 판단했었는데 최근에 나온 특허법원 판례에서는 수리의 범위를 넓혀주려는 방향으로 판례가 바뀌었다고 하셨는데요 이런 경우들에서 첫번째 경우는 아직은 대법원 판례가 나오지 않았으니 최신 특허법원판례 말고 시험에 나오면 대법원 판례에따라 광의의동일성 판단기준으로 해야하는 것인가요?? 저런 경우는 어떤 판례가 우선하는 건가요?? 아니면 그 문제 내에서 세모로 보고 다른 더 확실히 틀린 답을 찾아야하는 것인가요? 그리고 두번째 경우는 원래판단기준이 아닌 최근에 판시된 특허법원판례에 따라 시험문제에서 풀면 되는 것인가요??,"상대적으로 문제를 풀 수 밖에 없습니다~ 제목이 질문규칙에 맞지 않으니, 수정해 주세요.", ,,18.01.27
특허법,문제,34조,"[34조, 47조] 객관식 문제집 질문입니다!?댓글수1","안녕하세요 변리사님! 객관식 문제 풀던 중 모르는것이 있어 질문드립니다! 1. 305번 ‘ 갑은 새로운 발광섬유X에 대한 발명을 완성하였는데 을은 갑의 조수로서 단순히 도음을 준 관꼐이다. 한편, 을은 갑이 해외로 여행을 간 사이에 갑이 완성한 X에 대해 자신의 이름으로 2018년 4월 1일 특허출원하여 2019년 10월 1일에 해당 출원이 공개되었다, 한편, 여행에서 돌아온 갑은 2019년 11월에 을이 자신의 발명에 대해 출원한 사실을 출원공개공보를 통해 알게 되었다. 다음 설명 중 옳지 않은 것은?’ -> 4번 지문 ‘갑이 을의 출원에 대해 거절결정이 된 날로부터 30일이 경과한 후 X에 대해 출원을 하면 갑의 출원은 을이 출원한 날에 출원된 것으로 취급되지 아니한다.’(X) -> 해설) 거절결정이 확정된 날로부터 30일 이내 출원했다면 출원일의 소급효가 인정된다. -> 이 경우 지문에 거절결정이 확정 된 날이 아니라 거절결정이 된 날로부터 30일이 경과한 후 라고 되어있어서 틀린 지문이 되는 것인가요? 2. 310번 5번 지문‘을이 갑의 특허발명 X에 대해 무권리자 특허임을 이유로 무효심플을 청구한 다음 무효심결이 2021년 3월 2일에 확정된 후 을이 2021년 4월 1일에 특허출원한 경우, 동출원은 2017년 11월 1일에 출원된 것으로 간주된다.(=출원일소급효가 인정된다.)’(X) -> 이 경우 3/2 + 1일 =3/3 (초일불산입원칙) 3/3부터 30일=4/2 4/2-1일=4/1일이 되어 출원일 소급효가 인정되어야 하는 것이 아닌가요?ㅜㅜ 3. 330번 ‘ 보정에 관한 설명으로 옳은 것은?’ 3번 지문 ‘최초거절이유를 통지할 때에는 외국인으로서 권리능력에 관한 흠결이 없었으나 보정이후 특허에 관한 권리를 향유할 수 없게 된 경우 최후거절이유를 통지하여야 한다.’(X) -> 해설) 최초거절이유통지와 상관없이 원시적으로 존재하는 거절이유이기 때문에 최초거절이유가 된다. -> 권리를 향유 할 서 없게 되었다면 출원에 대한 권리능력이 인정되지 않아 각하되어야하는 것이 아닌가요? 4. ‘이지특허법 p.444 (3)취소된 특허결정 전에 한 부적법한 보정이 직권 재심사 후 발견된 경우 - 바로 보정각하를 하지 아니하고 최초거절이유통지를 한다. 이는 보정이 인정됨을 전제로 특허결정을 받았다는 것을 신뢰한 출원인의 이익을 보호하기 위함이다.’ ‘(5) 거절결정불복심판청구 전에 한 부적법한 보정이 심판청구 후 발견된 경우- 바로 보정각하를 하지 않고 최후 거절이유통지를 한다. 이는 그 보정이 인정되었음을 전제라고 심판절차를 밟은 청구인을 보호하기 위함이다.’ -> 두 경우 모두 다 보정이 인정됨을 전제로 한 청구인의 이익을 보호하기 위함인데 왜 (3)은 최초거절이유통지를 하고 (5)는 최후거절이유통지를 하는 것인가요?.? 감사합니다~^0^","안녕하세요. 1. 네. 거절결정등본송달일로부터 30일이 지나야 확정되고, 확정된 날로부터 30일이 이내 출원하면 소급효를 인정받을 수 있습니다. 2. 초일이 산입됩니다. 3. 각하는 심판에서 하는 처분이고, 심사단계에서는 거절이유에 해당합니다. 4. 직권재심사는 특허결정한 후 미안하다고 하면서 특허결정취소하고 다시 심사하는 것이기 때문에, 출원인의 보정기회를 더 확대해 주고 있습니다. 직권재심사 파트를 읽어 보세요 열공하세요~", ,,18.01.27
특허법,문제,29조,"[29조 1항, 42조] 객관식 문제집에 관한 질문들입니다!?댓글수1","안녕하세요 변리사님! 객관식 문제 풀던 중 모르는것이 있어 질문드립니다! 1. 120번 3번 지문 산업상 이용 할 수 있는 발명이란 반드시 완성발명만을 의미하는 것은 아니다.(X) -> 산업상 이용 가능성이 있는 발명은 그 발명이 현재 즉시 실시될 것을 의미하는 것이 아니라 장래 이용될 가능성만 있으면 족한 것으로 해석하는데 ‘가능성’과 ‘이용’이라서 다르게 해석되는 것인가요? 2. 199번 ‘보기의 자가 특허출원을 한떄 특허를 받을 수 있는 경우로 바르게 짝지어진 것은?’ (ㄷ) 발명자의 상속인인 미성년자 (0) -> 미성년자는 법정대리인 없이 특허출원이 불가한데 이 지문의 경우 그냥 권리를 가진 사람을 물어보는 경우라서 0가 되는 것 인가요?.? 3. 276번 4번 지문 ‘기능적 표현으로 된 청구항의 권리범위는 청구항에 기재된 기능을 수행하는 모든 구성을 포함하는 것이 아니라, 청구항의 기재와 발명의 설명 및 도면에 의하여 명확히 확정할 수 있는 구성만을 포함하는 것으로 한정하여 해석되어야 한다.’(0) <-> 288번 2번 지문 ‘특허요건 판단의 대상이 되는 출원발명의 확정은 특별한 사정이 없는 한 청구범위에 기재된 사항에 의하여야 하지만 청구범위가 통상적인 구조, 방법, 물질 등이 아니라 기능, 효과, 성질 등의 이른바 기능적 표현으로 기재된 경우에는 발명의 설명이나 도명등 다른 기재에 의하여 청구범위를 제한하여 해석할 수 있다.’(x) ->해설) 발명의 기술적 구성을 발명의 설명이나 도면에 나타나 있는 실시례 등을 한정하여 해석해서는 안 되고 발명의 설명 등의 참작을 통해 드러나는 기술사상으로부터 파악되는 기술적 구성 모두를 포함하는 넓은 개념으로 보아야 한다. -> 어떤 관점에서 두 판례가 다르게 해석되고 있는지 모르겠습니다.ㅠㅠ 4. 278번 1번 지문 ‘ 의약에 있어서는 그 작용효과에 대한 객관적인 기재가 명세서 기재의 필수적인 요건이므로, 발명의 설명에 청구범위를 이루는 발명의 작용효과에 대한 기재가 없다면 명세서의 기재불비에 해당한다.’(0) -> 의약에 있어서 작용효과에 대한 약리기전이 명확하고 이미 통상의 기술자들 사이에서 공지 공공연한 것이라면 기재하지 않아도 되지 않나요?.? 감사합니다~^0^","안녕하세요? 1. 질문의 요지를 잘 모르겠네요. 조금 더 구체적으로 다시 질문해 주세요. 2. 절차를 대리인에 의해 밟게 되는 것이고, 출원은 미성년자 이름으로 하는 것입니다. 3. 권리범위는 한정해석하고, 특허요건은 한정해석하지 않습니다. 기본서를 정독해 보세요. 4. 효과에 대한 기재가 없다면 법 제42조제3항제1호 위반입니다. 법 제42조제4항제2호 판단 판례와 혼동하고 있는 것 같네요. 객관식 문제는 지금과 같이 질문해서는 정확한 답을 할 수가 없습니다. 정확한 답이 필요하면 문제를 올려 주세요~", ,,18.01.27
특허법,조문,52조,(52조) 분할출원?댓글수2?사진첨부,"임변리사님 안녕하세요, 출원계속중에 대해 질문드리려 합니다. 다른 분께서 정리해주신 걸 참고하였는데요, 아래의 내용 중에 분할출원의 시기적 요건으로 분할출원의 시기적 요건이 47조 1항 시기와 거절결정등본송달받은 날로부터 30일 이내이다.라고 하여서 결론적으로 2번 케이스에서는 [설정등록시까지가 아니라 특허결정등본송달전까지만] 분할출원을 할 수 있다 란 내용이 있습니다. [질문1]그런데 분할출원 할 수 있는 기간엔 특허결정등본송달일로부터 3개월 내(또는 그 전에 설정등록된 경우에는 그때까지)도 포함되어 있으므로 설정등록시까지 분할출원을 할 수 있는 게 맞지 않나요? *뒤늦게 이지특허법의 각주를 확인하였는데 혹시 개정사항이라 13년도의 게시글에선 아래와 같은 결론이 나온 것인지요?ㅠㅜ [질문2]그리고 출원계속중에 대해서 아래의 내용과 같이 1. 무효 취하 포기 거절결정확정전 2. 설정등록시까지의 기간 이렇게 두 가지로 되는 것이 맞다면, 특허결정-등본송달(확정)-특허료납부-설정등록의 순서로 될때, 특허결정의 등본이 송달되어 확정된 후에도 설정등록 전이라면 여전히 출원계속중인 게 맞는지 확인구하고자 합니다. 항상 정말 많은 도움 감사합니다!!",1. 네. 법이 바뀌었습니다. 2. 네. 출원계속 중의 개념이 바뀌었습니다. 열공하세요~, ,,18.01.29
특허법,문제,34조,[34조]무권리자 출원기간계산 질문드려요?댓글수1,안녕하세요 변리사님! 특객306번 관련 질문드립니다 ㅎㅎ 무권리자 출원에 대해 2019년 5월1일에 거절결정등본송달되었다면 초일불산입으로 19.5.2부터 30일 계산해서 5.31일24시 까지 거불심청구해야하고 만약 청구하지않는다면 5월31일이 확정첫날이 되는건가요? 뭔가 확정 첫날이라고하면 6월1일0시부터 계산해야할것같은데 카페에서 동일한문제에 대한 앞선질문을 찾아보니 5월31일부터 30일 이내인 6월29일까지 정당권리자 출원해야한다고 하셨더라구요 ㅠㅠ 결론 내리자면 거불심청구할수있는 마지막날이 곧 그날의 확정첫날이라서 그때부터 초일산입한다음 30일을 계산하는건가요 ?? 답변미리감사드립니다~~!,"6.1 오전 0시부터 확정되는 것입니다. 초일(6.1)-기산일(6.1)-자연적-만료일(6.30) 이네요. 그런데, 6.30이 일요일이니 7.1까지 출원하면 됩니다. 밑에 답변을 잘못했네요. ㅜㅜ 열공하세요~", ,,18.01.29
특허법,조문,55조,[55조] 6항 PCT 관련질문?댓글수1,안녕하세요 조문공부중에 의문사항이 있는데요 55조 6항이 좀 이해가안가는데 이렇게 이해하는게 맞는건지 궁금합니다. 55조6항 4항적용할때 각호에 해당되도 29조7항 적용하지 않는다. 1호 201조 4항에따라 취하된것으로 보는 국제출원 저는 아래와 같이 이해하고있는데요 55조 6항 1호에서 201조 4항에따라 번역문 안내서 취하한경우에 원래는 확선의 지위가 없으나 55조 6항에서 29조 7항을 적용안한다니깐 원래는 확선없는게 여기서는 확선지위가 있다 ==>요약하면 번역문 안내서 취하되어도 확선의 지위가 인정된다. 즉 4항 PCT출원이 선출원이고 이걸기초로 국내우선권을 했을때 PCT가 번역문안내서 취하가 되어버린경우 원래는 확선지위가 없을것이나 이조항으로 국내우선권주장출원 공개시에 PCT출원시점에서 확선의 지위가 인정된다. 이렇게 이해를 하면 되는부분인가요? 아마도 틀린거같은데 고민끝에 질문남깁니다. 좋은하루되세요,"선출원이 번역문을 부제출하여 취하간주되더라도, 후출원의 최명도에 기재된 발명 중 선출원의 원문에 기재된 발명은, 후출원의 공개된 때 선출원이 공개된 것으로 보고 확선의 지위가 인정된다는 것입니다. 그런데, 결국 후출원이 일정부분 소급효가 인정되어 확선의 지위가 인정되는 것이기 때문에, 법 제55조제6항은 확인적 성격을 가지고 있다고 봐야 합니다. 열공하세요~", ,,18.01.30
특허법,조문,47조,"[47조, 2012후3121] 거절이유통지?댓글수1","[47조, 2012후3121] 거절이유통지와 관련하여 판례 강의에서 설명해주신 바에 의하면. (이지판례 146p) 진보성 위반이 보정에 의해 발생한 새로운 거절위반으로 볼 수 없다는 것입니다. 법 제47조제1항본문의 시기의 보정에 의해 진보성 위반이 발생하면 최초거절이유통지이고, 법 제47조제1항제1호의 시기의 보정에 의해 진보성 위반이 발생하면 최후거절이유통지가 됩니다. 보정의 적법성과 관련하여 1) 자진 또는 최초거절이유통지에 대응한 보정은 47조 2항 전단의 범위에서 2) 최후거절이유통지에 대응하거나 재심사를 청구할 떄의 보정은 47조 2항, 3항, 51조 1항 범위에서 해야합니다. 여기서 법 제47조제1항본문과 ,1호 시기의 보정에서는 51조 1항이 보정범위에 들어가지 않으므로 판례와 정반대로 진보성 부정을 새로운 거절이유로 본다고 하더라도 각각 최초, 최후를 통지하므로 이 판례는 (자진, 최초는 진보성 부정을 새로운 거절이유로 보든 안보든 동일하고) 최후거절이유통지에 대응한 보정을 할 때만 기재불비를 극복하기 위한 보정에 대해 새로운 거절이유가 아니므로 보정각하 하지 않는다는 실익이 있는 것 아닌가요 ??ㅜ","기재불비를 극복하기 위해 보정했는데 진보성 위반이 발견된 경우 그 진보성 위반은 일반적으로 그 보정 때문에 발생한 것이 아니라는 점이 판례의 요지입니다. 따라서 언제 발생했느냐에 따라 최초, 최후가 달라진다는 것으며, 굳이 법 제47조제1항제2호나, 제3호시기로 한정해서 해석할 필요는 없습니다. 열공하세요~", ,,18.01.31
특허법,조문,42조,[42조] 제법이 기재된 물건발명에 대해 질문드립니다?댓글수1,"안녕하세요 변리사님 공부하다가 궁금한 게 생겨 질문드립니다 제법이 기재된 물건발명에 대해(2016년 기출문제 4번입니다) 청구항을 작성하는것이 PBP청구항이라고 생각했는데요 수업시간에 PBP청구항은 특허요건과 침해여부 판단시 모두 물건으로 특정한다고 배웠는데요 기출문제와 최근 판례(2011후927)를 보면 과거의 PBP처럼 제법에의해서만 특정할수 있는지 없는지 나누고, 제법에의해서만 특정해야하는경우 등록요건 판단시 물건으로만 특정한다는것을 폐기하고 이제 제법이 기재된 물건발명에서 제법은 하나의 수단에 불과하고 제법을 포함한 모든 기재로 파악하여야한다고 나와있더라구요 요약하자면, 이제는 등록요건판단시 기존의 PBP청구항처럼 물건으로만 특정하면 안되고 제법을 포함하여 모든 기재로 파악해야하나요? (기능식청구항이 등록요건판단시 기능을포함하는 모든수단으로 특정하는것처럼) 이 부분이 잘 이해가 되지 않아서 질문 드립니다. 감사합니다.","안녕하세요? 완전히 잘못이해하고 있네요. 기존에는 특별한 사정이 있을 경우 제법이 진보성이 있다면 물건도 진보성을 긍정한다는 것입니다. 그러나 전합 판결은 제법이 진보성이 있는지 여부는 무관하게 물건 자체에 의해 진보성을 판단한다는 것입니다. 다만, 제법에서 물건의 구조, 성질 등을 기재하고 있다면 그 구조, 성질을 가진 물건 자체에 의해 진보성을 판단하는 것이니다. 열공하세요~", ,,18.01.31
특허법,조문,30조,30조 44조32조 질문드립니다.?댓글수1,"1. [30조] 30조 3항에서 특허결정 후 공지예외주장 취지 및 증명서류를 제출한다는 것은 신규성 위반 등이 있는데 착오로 특허결정된 경우에도 그 하자가 극복될 수 있다는 말도 되는 것인가요? 2. [30조] 분할,변경,국내우주 경우 원출원 or 선출원에 공지예외적용주장 없어도 30조 주장이 가능한가요? 3. [44조,32조] 44조와 32조는 등록요건 판단시점으로 출원시가 아닌 등록여부결정시로 판단한다 =맞는지문으로 볼 수 있나요? 감사합니다.",1. 네. 등록전까지 가능합니다. 2. 네 3. 네 열공하세요, ,,18.02.01
특허법,조문,47조,[47조] 보정파트 (도해의 구체적 예시)에 대해 질문드립니다.?댓글수2?사진첨부,첨부하는 이미지의 두번째 행에서 부가되는 D에 의해 진보성이 인정되는지와 무관하게 보정은 인정되는것에 대해 질문드립니다. D의 부가에도 불구 청구항2가 진보성위반이라면 최루거절이유에 따른 보정에 따라 새로운 거절이유가 발생한것이므로 보정각하가 되어야하는것 같은데요. 청구항1이 삭제하는 보정이기때문에 이 것의 영향으로 각하가 아닌것으로 취급되는지 질눈드립니다.,"D 부가인데 원래의 진보성 위반이 그대로 있다면, 보정에 의해 <발생>한 새로운 거절이유가 아닌, 보정 전부터 있었던 거절이유이기 때문에 보정각하되지 않는 것입니다. 열공하세요~", ,,18.02.02
특허법,문제,54조,[54조] 조약우선권주장출원(객관식 p381)?댓글수3?사진첨부,5번 보기 질문드립니다. 갑의 출원은 신규성 위반으로 특허 받을 수 없고 을의 출원은 확선 위반으로 특허 받을 수 없다고 해설에 나와 있습니다. 여기서 을의 출원이 확선 위반이라는 것에 의문이 있습니다. 을의 출원 전에 갑의 출원이 있기에 선출원 위반과 확선 위반 이슈가 있습니다. 갑의 출원 전 을의 공지로 인해 갑의 출원은 선출원의 지위를 잃어 을의 출원은 선출원 위반 되지 않습니다. 반면 확선 위반 이슈에 있어 설문에서 갑의 출원이 공개되었다는 문구를 찾을 수 없습니다. 갑의 출원은 공개 되지 않은 채 거절되었기에 확선의 지위를 갖지 못합니다. 따라서 을의 출원은 특허를 받을 수 있는거 아닌가요? 제가 잘못 이해하고 있는 부분이 있다면 수정 부탁드립니다. 감사합니다.,갑의 출원이 공개된 후 거절되었는지 공개전에 거절되었는지 사안에서 알 수 없습니다. 이는 갑의 출원의 심사청구와 우선심사신청 여부에 따라 달라지기 때문입니다. 따라서 상대적으로 문제풀이를 하면 됩니다. 열공하세요~,답변 감사드립니다. 이 문제에서는 갑의 출원의 공개여부는 확인할 수 없으나 공개되었다는 전제하에 풀이해라는 말씀이신거죠? 이 문제 역시 객관식 문제 특성상 상대적으로 제일 답안 가능성이 있는 것을 답으로 선택해야하는 문제인가요?,네,18.02.02
특허법,조문,34조,[34] 무권리자의 출원 질문드립니다.?댓글수1,"안녕하세요 임병웅 변리사님. 도해특허법 추록을 보다가 질문이 생겨 올립니다. 추록 p.21 / 도해특허법 p. 149 추록으로 바뀐 내용이 [정당한 권리자가 무권리자의 특허출원을 승계하였거나 무권리자의 특허를 이전등록받았다면, 정당한 권리자는 그 출원을 취하, 포기하면 될 것이다.]인데요. 무권리자가 정당권리자에게 출원인변경을 해줬다거나 착오로 등록되어 이전등록해준 경우에는 33조1항본문 위반사유가 치유되어 그대로 출원절차를 계속 진행하거나 특허권을 이전받게 되는 것 아닌가요?? 왜 취하,포기를 하는지 궁금합니다. 감사합니다.","무권리자출원/특허-정당한권리자출원-정당한권리자가 무권리자출원/특허의 승계 의 사안이라면, 정당한권리자출원은 필요없게 됩니다. 열공하세요~", ,,18.02.04
특허법,문제,29조,[29조] 객관식 155번 질문?댓글수2,"안녕하세요 임병웅 변리사님. 질문이 있습니다. 4번 지문 : 선택발명에서 발명의 설명에 기재된 발명의 효과가 의심스러울 때에는 출원일 이후에 출원인이 구체적인 비교실험자료를 제출하는 등의 방법에 의하여 그 효과를 구체적으로 주장 입증하면 된다. 인데요, 출원일 이후에 구체적인 자료를 제시하는 것은 신규사항추가금지에 어긋나지 않을까요? 비슷한 예시로 미완성발명을 완성발명으로 보정하는 경우나, 의약발명에서 약리기전을 증명하기 위한 새로운 실험데이터 제시하는 보정 등은 신규사항추가금지로 허용되지 않는 것으로 알고 있습니다. 선택발명에서만 새로운 데이터의 제시가 허용되는 이유가 궁금합니다! 저작자 표시컨텐츠변경비영리","안녕하세요? 신규사항추가이니, 의견서에서 비교실험데이터를 기재하면서 효과의 현저성을 주장한다는 것이 판례의 요지입니다. 강의노트에 그림 있으니 참고하세요. 열공하세요~", ,,18.02.06
특허법,문제,36조,[36조]선출원이 공개되지 않아도 공지기술지위인정??댓글수1,"기출 지문에 '선출원이 공개되지 않아도, 후출원의 청구범위가 선출원의 청구범위와 동일한경우에는 선출원 규정에 따라 후출원은 특허를 받을수 없다' 라고 되어있는데 선출원이 공개되지 않은경우 심사관은 어떻게 청구범위가 동일한지 아나요? 선출원이 공개되기전 취하될 수도있기 때문에 선출원이 공개되어야 후출원 배제할수 있는 효력이 생기ㅣ는것 아닌가요?? 확선지위 판단할때 선출원이 공개될때까지 후출원 판단 유예하는것 처럼 선출원 판단시에도 1년 6개월정도는 기다리나요? 만약 그렇다면... 애초에 공개가 안되어있는데 어떤한 출원을 선출원으로 하여 1년 6개월을 기다릴 지판단하나요?","굉장히 잘못 생각하고 있네요. 선출원의 공개와 후출원배제효는 전혀 상관이 없습니다. 특허청내부에서는 선출원이 공개 안되더라도 출원된 건의 전부를 열람할 수 있습니다. 다만, 선출원이 있다는 것을 후출원자에게 공개시킬 수 없기 때문에 심사를 보류하는 것입니다. 열공하세요~", ,,18.02.07
특허법,조문,55조,[55조] 인용발명의 지위를 갖는 출원의 특정?댓글수2?사진첨부,이번에 올려주신 추록을 첨부하였습니다. 파란색원은 인용대상이 Y인데 반해 녹색원은 인용대상이 X인데 그 이유를 알수있을까요 또한 X가 취하 전에 공개된 사정이 없다면 공지기술이 아닌것으로 이해하면 맞는지도 여쭤보고싶습니다. 질문할 수 있어서 항상 감사드립니다.,"법 제216조가 개정되면서, Y출원이 공개된 때 X도 공지기술의 지위가 됩니다. 개정법을 공부해야 할 것 같네요~", ,,18.02.07
특허법,조문,36조,[36조] 선출원 동일성 인정범위?댓글수1,"안녕하세요. 도해 11판으로 공부하고 있는 수험생입니다. 이번에 추록 올라온 것들을 보다가 131p에 추가되는 '판례에 의한 각 규정별 동일성의 인정범위' 중 C유형(선출원주의)에 의문이 들어 질문 드립니다. 저는 있던 후출원 배재효는 신규성 확선 선출원 모두 실질적 동일성 기준이라고 이해하고 있었습니다. 36조는 개정되지 않아 후출원 배재효는 동일성이던데, 추가자료에는 실질적 동일성을 넘어 용이성까지 범위가 넓어진다고 되어있습니다. 제가 처음부터 잘못알고 있는지, 아니면 11판 이후 판례가 신규성 확선과 별도로 선출원지위는 실질적동일성 넘어 용이성까지다 라고 나왔는지 질문드립니다.",안녕하세요? 판례는 실질적 동일성의 개념을 각 법 규정별로 달리 해석하고 있습니다. 자세한 사항은 이지특허법 추록을 확인해 보세요~, ,,18.02.08
특허법,문제,52조,[52조] 분할출원 질문?댓글수1,"분할출원은 원출원의 최명도 범위 내에서 해야 하잖아요. 그런데 객관식 350번에서는 원출원은 [A,B/A]인데 분할출원은 [B,C/B]라고 나와있습니다. 분할출원의 발명의 설명에 있는 C는 원출원의 최명도 범위가 아닌데 적법한 분할출원인가요? 청구범위에 있는 발명만 원출원의 최명도 범위 내이면 상관 없는 것인가요?",부적법한 분할출원입니다. 거절이유가 존재합니다. 열공하세요~ 답글기능 더보기, ,,18.02.09
특허법,조문,42조,[42조3항1호] 물건발명출원시 발명의설명에 제법기재요부?댓글수1,"임병웅 변리사님 안녕하세요! 실무상으로는 물건발명 출원시 발명의설명에 제법을 적지 않고 물건만 적더라도 기재불비 거절이유가 나오지 않는다고 하던데, 수험적으로 보았을 경우에 물건발명(협의의 물건 or 물질)을 출원시 발명의 설명에 제법을 기재없이 물건만 적더라도 42조3항1호에 위반되지 않는건가요? 아니면 일괄적으로 42조3항1호 위반 아니라 단정할수는 없고 통상의 기술자가 출원시 기술수준으로 보아 과도한 실험이나 특수한 지식을 부과하지 않고서도 발명의 설명에 기재된 사항에 의해 물건 자체를 생산,사용할 수 있고, 발명의 효과 발생을 예측할 수 있는지 여부에 따라서 개별적으로 판단해야하는건가요? 답변부탁드립니다. 감사합니다.",안녕하세요? 판례의 기준에 따라 개별적으로 판단하는 것입니다. 판례를 배제한 실무하는 것은 있을 수 없습니다. 열공하세요~, ,,18.02.09
특허법,문제,42조,[42조] 기능식 청구항의 판단 관련 질문?댓글수1,"안녕하세요 변리사님 기능식 청구항의 판단과 관련하여 개념에 혼동이 있어 질문 드립니다. 이지특허법 강의노트 121 p의 2013년도 기출문제 1번 지문 ㄱ. 기능식 청구항은 청구항이 기능적으로 기재된 사정이 있으므로 독립항과 종속항으로 이루어진 청구범위의 기술내용을 파악하는 경우에 광범위하게 규정된 독립항의 기술내용을 독립항보다 구체적으로 한정하고 있는 종속항의 기술구성이나 발명의 설명에 나오는 특정의 실시예로 제한하여 해석하는 것이 원칙이다. (X) -> 해설 : ...종속항이나 특정 실시례로 제한하여 해석할 수는 없다(2008후934) 관련해서 이지특허법 16판 p.381 [표2-10] 기능식청구항의 침해여부판단 란에는 아래와 같이 기재되어 있습니다. ㄴ. 청구항 그 자체만으로 특허발명의 기술내용을 구체적으로 확정할 수 없는 경우에 해당하므로, 청구항의 기능에 대응되는 발명의 설명에 기재된 실시예로 제한하여 특허발명을 특정함. 1번 질문 : ㄱ.은 특허요건 판단, ㄴ.은 침해여부(권리범위) 판단에 해당되므로 특허요건 판단 시에는 원칙적으로 제한, 확장해석이 불가능하고 권리범위 판단 시는 제한, 확장해석이 가능하기 때문에 ㄱ.과 ㄴ.의 차이가 발생하는 것인지요? 2번 질문 : ㄴ.과 관련해서 침해여부 판단 시 실시예로 제한하여 특허발명을 특정한다고 명시한 판례가 있는지요? 만약 없다면 1차 시험 지문용으로는 실시예로 제한할 수 없다고 정리해두려고 질문 드립니다. 감사합니다.","ㄱ. 지문을 잘못 이해하고 있네요. ㄱ과 관련하여, 1. 종속항으로 제한해석 - 특허요건, 침해판단 모두 틀린 것입니다. 청구항별로 판단하는 것이며 독립항의 내용을 종속항의 내용응로 제한해석할 수 없습니다. 2. 실시예로 제한 해석 - 특허요건 판단시에는 틀린 내용이고, 침해판단시에는 옳은 내용입니다.", ,,18.02.10
특허법,조문,54조,[54조] 조약우선권 주장 조문상의 표현?댓글수1,"조문상 「29조 및 36조를 적용할 때 그 당사국에 출원한 날을 한국에 출원한 날로 본다」 라고 명문돼있는데 판단시점만 소급하고 「출원일은 그대로」잖아요. 그런데 왜 조문 표현은 <출원한 날로 본다> 예요? 문제 지문에, 판단시점만 소급된다는 의미와 출원일 자체가 소급된다는 의미 차이를 뭘로 구별할 수있을까요? 가령 출원한 날로 본다는 지문이 나와도 조문 표현이니까 틀린 말 아니잖아요... 특허법 처음 배울 때부터 정말 공감안가는 조문입니다...",판단시점과 출원일의 소급효는 법조문에서 모두 <출원한 날로 본다>로 표현합니다. 양자는 발명단위로 움직이느냐(판단시점 소급효) 아니면 출원 전체가 움직이느냐(출원일 소급효)의 개념상 차이입니다. 열공하세요~, ,,18.02.11
특허법,문제,54조,(54조) 출원발명간의 동일성?댓글수1,이번4회차 모의고사 15번에 나온 지문입니다 변리사님. 15. (라) 우선권의 행사는 우선권의 기초가 되는 제1국 출원과 우선권 주장을 수반하는 후출원간의 동일성이 요구된다. 해설은 o 입니다. 궁금증이 생겨 질문드립니다. 1. 출원간의 동일성이라는 표현이 적절한지 - '출원간의' 가 아닌 '출원발명간의' 라는 표현이 더 적절하다고 여겨집니다. 2. '동일'이 아닌 '동일성'이라는 표현이 적절한지 - 기출문제나 객관식 문제집을 봐도 동일성으로 표현하기는 하는데요.. 예를 들면 A+B(선출원의 발명)와 A(후출원의 발명)는 동일성은 있지만 동일하지는 않기 때문에 판단시점의 소급효를 받을 수 없다고 생각되는데 제가 오개념이 잡힌 것은 아닌지 질문드립니다. 적극적권리범위확인심판에서 확인대상발명을 특정할 때 동일성이있는 발명이 아닌 동일한 발명을 특정하듯이 동일성과 동일을 달리보아야 하는 것은 아닌지 궁금합니다. 감사합니다. 저작자 표시컨텐츠변경비영리,"1. 상대적으로 풀면 됩니다. 2. 동일성의 개념을 완전히 잘못 이해하고 있습니다. 법조문에서 동일이나 기재로 적혀 있는 단어는 동일성 판단을 하는 것이고, 다만 동일성의 판단방법이 법조문별로 차이가 있습니다. 예를 들어 설명한 사례는 우선권주장에서는 동일성이 없는 것으로 보고 있습니다. 이번 이지특허법 추록 확인해 보세요~", ,,18.02.11
특허법,문제,42조,[42조] 기능식 청구항?댓글수1,"안녕하세요. 한빛 모의고사를 보고 그 중 지문 하나에 대해 질문 드립니다. 먼저 제가 알던 표현은 도해특허 p.89의 기능식 청구항의 침해여부판단에서 <청구항 그 자체만으로 특허발명의 기술내용을 구체적으로 확정할 수 없는 경우에 해당하므로, 청구항의 기능에 대응되는 발명의 설명에 기재된 실시예로 제한하여 특허발명을 특정함.> 그리고 한빛 4차 모의고사 14번 5번보기에서는 <기능식 청구항은 청구항이 기능적으로 기재된 사정이 있으므로 독립항과 종속항으로 이루어진 청구범위의 기술내용을 파악하는 경우에 광범위하게 규정된 독립항의 기술내용을 독립항보다 구체적으로 한정하고 있는 종속항의 기술구성이나 발명의 설명에 나오는 특정의 실시예로 제한하여 해석되지 않는다.>(o) 두 개를 비교해보면 기능식청구항이라도 기본적으로는 실시예로 제한하여 해석하지 않으며, 청구항 그 자체만으로 특허발명의 기술내용을 구체적으로 확정할 수 없는 경우에만 실시예로 제한하여 특허발명을 특정할 수 있다는 것인가요? 감사합니다.","바로 밑에 답변 있으니, 참조하세요. 참고로 침해판단시를 말하는 것이라면 틀린 지문이고, 특허요건판단시를 말하는 것이라면 옳은 지문입니다. 열공하세요~", ,,18.02.11
특허법,조문,47조,[47조] 외국어특허출원 보정?댓글수1?사진첨부,"위 그림에서 아래 박스에 기재된 문구 ""오역 정정은 명세서를 보정한 것이 아니라 국어번역문만을 정정한 것이기 때문에 국어번역문에 오역이 있는 경우에는 국어번역문에 대한 오역정정과 별도로 심사대상 명세서 등에 대해 보정해야 함"" 중 보정해야 할 '심사대상 명세서 등'이 무엇을 뜻하는지 궁금합니다. 국어번역문을 제출하면 최명도는 그 국어번역문으로 보정됩니다. 따라서 보정해야 할 명도는 결국 국어번역문을 뜻하는 것인지요? 감사합니다. 저작자 표시컨텐츠변경비영리",네. 그렇습니다~, ,,18.02.11
특허법,조문,36조,36조 발명의 동일성에 대한 질문입니다.?댓글수1, ,, ,,18.02.11
특허법,조문,29조,29조 산업상 이용가능성에 대한 질문입니다.?댓글수1,"1-1. 최신판례강의 판례집 p.23 에서 미생물기탁 증명서류가 판례에선 보정요구사항이 아니고 /심사기준,시행규칙에선 보정사유로 변경되었다하는데 문제에선 어떤걸 답으로 골라내야하는지 (보통 판례가 우선이지만 이부분에선 문제마다 다르게답이나와서 혼란스럽습니다...) 1-2. 이때 보정사유이지만 보정을 한 결과 신규사항추가가 되는건 마찬가지인지(미완성->완성) 1-3. 증명서류뿐만아니라 용이입수가능하지않은데 기탁하지 않은 것, 용이하게입수가능한경우 입수방법 등 다른 사항들도 모두 방식위반으로 보정명령후 보정한결과 신규사항추가가되고 보정하지않으면 산업상이용가능성 위반, 기재불비로 거절하는건 같은지 여쭙고 싶습니다. 2-1. 아직 선택발명에 확신을 갖지 못해서 그런데 선택발명은 일반 법리인 신규성은 새로운 효과의 유무를 판단하는 3단계로 판단하는 것과는 다르게 선택발명의 동일성판단(신규성)은 2단계인 내재적 동일성(기재, 개시)이 있는 경우에 실질적동일성이 없다고 보아서 신규성이 없다고 하는건지 확인드리고 싶습니다. 정리해보면 선택발명은 일반적인 신규성판단(3단계)와 다르게 2단계로 판단하는지 여쭙습니다. 2-2. 신규성 판단이 달라 혼란이 와서그런데 용이성판단(진보성) 모두 일반적법리의 판단과 완전히 같은지 여쭙고싶습니다. 2-3. 확대된 선출원에선 단순한 상하위개념으로 바꾼 (발명의 포섭 범위를 달리한 데 지나지 아니한 경우) 경우는 상위 개념이 선출원, 하위개념이 후출원이라 선택발명에 해당되지않고, 이렇게 발명의 포섭범위만 바꾼게 똑같이 3단계인 실질적 동일성이 있다고 하여 거절하는게 맞는지 여쭙고싶습니다. 3-1. 실질적동일성이 발명의 범주/ 발명의 포섭범위/ 구성의 변경 인 경우라고 하셨으니 신규성 확선모두 적용되는게 맞는지와, 이때도 모두 새로운 효과가 없는지를 판단하는게 맞는지 확인드리고싶습니다. 바쁜시간내주셔서 이렇게 부족한 질문에 답해주셔서 정말 감사드립니다!!","1-1. 보정사유로 생각하면 됩니다. 1-2. 네 1-3. 일반화해서 말할 수 없고, CASE 별로 달리 할 것입니다. 2-1. 판례가 하위개념을 선택했을 때 주지관용기술의 부가, 삭제, 변경으로 일반적으로 보지 않기 때문입니다. 일반적 법리와 다르지 않습니다. 2-2. 일반적 법리와 다르지 않습니다. 2-3. 잘못 이해하고 있습니다. 하위개념이 후출원이면 선택발명이고, 동일성이 없습니다. 3-1. 네 열공하세요~", ,,18.02.12
특허법,조문,29조,"[29조, 47조, 64조] 공지, 보정, 출원공개에 대해 질문있습니다.?댓글수1","안녕하세요. 우선 상황을 가정해보면요 [A/A,B]출원 - [A/A]보정 - [B/B]타인의 출원 1. 2. 3. 질문1) 1.과 2.가 출원공개 전인 상황이었더라도 47조1항본문의 시기에 따르면 실체보정 하는데 문제 없는건가요?? 질문2) 질문1)에 따라 보정이 되었다면 그 후의 출원공개는 2.맞나요? 질문3) 공지기술의 지위는 최명도범위라고 알고 있는데 질문2)에 따라 2.가 공개되었더라도 최명도가 1.이니까 1.에 대해 공지기술의 지위가 적용되는건가요?? 만약 2.가 공개된다면 2에 대해 공지기술의지위가 적용되어야 할 것 같아서 질문드렸습니다. 감사합니다. 저작자 표시컨텐츠변경비영리",1. 네 2. 1.2 모두 공개됩니다. 3. 1.2 모두 공개됩니다. 열공하세요~, ,,18.02.12
특허법,조문,29조,[29조] 선택발명의 신규성?댓글수2,"저번에 드린 질문에 이해가 가지 않은 것에 재질문드립니다! -선택발명의 동일성판단, 용이성판단 모두 일반 법리와 같다고 해주셨는데 그럼 특허 판례집p.56에서 2001후2375판결에서 선행 또는 공지의 발명에 구성요건이 상위개념으로 기재되어 있고 위 상위개념에 포함되는 하위개념만으로 구성된 특허발명은 선행발명에 특허발명을 구성하는 하위개념이 구체적으로 개시되어 있지 않았다면 원칙적으로 동일성 있다고 할 수 없다고 하였는데 이 문구는 2단계를 따지는 요건인데 만일 선택발명이 일반법리처럼 3단계를 따진다면 구체적으로 개시되어있지 않더라도 새로운 효과가 없다면 실질적 동일성이 있어서 동일한게 아닌가 여쭙고싶고 -저기에 써있는 원칙이 이런 예외를 염두하고 써있는 문구라면 다른 3단계인 신규성 등도 저런식으로 문제에 나온다해도 맞는 지문으로 선택할 수 있는건지 여쭙고싶습니다. -1-3. 증명서류뿐만아니라 용이입수가능하지않은데 기탁하지 않은 것, 용이하게입수가능한경우 입수방법 등 다른 사항들도 모두 방식위반으로 보정명령후 보정한결과 신규사항추가가되고 보정하지않으면 산업상이용가능성 위반, 기재불비로 거절하는건 같은지 여쭙고 싶습니다. 의 질문에 대해서 케이스별로 다르다고 해주셨는데 그럼 기탁을 하지 않은거나 입수방법을 출원시 기재하지 않은것이 문제에서 보정명령사유라고하거나 추가하는건 신규사항추가라고 하는건 어떻게 답해야할지 여쭙고싶습니다. 감사합니다!","1. 동일성이 있는지 여부는 구성의 직접 비교에 의하는 것이 원칙이고, 보충적으로 효과를 참조하는 것입니다. 한정한 발명(선택발명)이나 부가한 발명(결합발명)과 같이 구성의 다름이 명확하다면 동일성이 없는 것이고, 구성을 변경한 발명(A+b1 vs A+b2)이나 다름이 명확하지 않은 경우에 새로운 효과가 있었는지 여부를 보는 것입니다. 그런데, 새로운 효과가 있는지 여부를 절대적인 기준인 것으로 잘못 생각하고 있는 것 같습니다. 2. 보정명령사유라고 하여 보정이 항상 허용되지 않습니다. 형식적으로 보정명령 후 기탁을 무효로 하는 것입니다. 한편, 입수방법이 기재되지 않은 경우 보정명령사유는 아니네요. 제목 수정해 주세요~", ,,18.02.13
특허법,문제,4조,(4조) 비법인사단?댓글수1?사진첨부,"임변리사님 안녕하세요, 비법인사단의 경우에 심사에서의 조치를 정리하려는데 권리능력이 없는 경우에가 명확하지 않습니다. 아래 해설 중 (마)에서는 불수리, 예전에 하신 답변에서는 33조1항 본문 위반에 해당할 거라 하셨는데, 원칙은 불수리, 착오로 방식심사 단계에서 발견되지 않은 경우에는 33조1항 본문 위반으로 거절된다, 로 정리하면 될까요? 답변 미리 감사드립니다! 좋은 하루 되세요ㅎㅎ",네, ,,18.02.13
특허법,조문,55조,[55조] 인용발명의 지위를 갖는 출원의 특정 (2)번째 질문?댓글수1?사진첨부,"첨부사진에서 216조에 의해 파란색 원의 경우에도 출원X가 인용대상으로 되는것인가요? 즉, 2019.8.1 출원한 A,B에 인용대상(X)에 의한 29조1항 위반사유도 인정되는것인가요?",네~ 강의노트 그림 참조하세요., ,,18.02.13
특허법,조문,36조,"[36조 2항, 36조 4항]협의제위반의 경우?댓글수1","디자인보호법은 협의제 위반의 경우 제3자의 예상외 거절을 방지하기위하여 디자인공보에 게재하는데, 특허는 협의제 위반의 경우도 36조 4항에의해 선원의 지위가 인정됩에도 공보에 게재하지 않습니다. 실무상 특허는 강제공개제도를 운영하고 경합출원이나 선출원이 공개되거나 심사청구하지 아니하면 심사보류하는 것으로 알고있어 그러한 경우를 상정하긴 어렵지만 양출원다 공개되기 전에 심사청구되고 협의제 위반으로 거절된 경우, 실제 선원의 지위가 있지만 공개되지 않고 제 3의 후출원이 출원되면 선원을 알 수 없는 데도 36조로 거절되는 것인가요?",특허청에서 비밀유지의무가 있기 때문에 실제 선출원이 있다는 것을 후출원인에게 알릴 수는 없습니다. 따라서 운영의 묘를 살려 선출원이 공개된 후에 협의불성립으로 거절결정하게 될 것입니다., ,,18.02.13
특허법,문제,29조,(29조) 산업상 이용가능성?댓글수2?사진첨부,"임변리사님 안녕하세요, 아래 1번과 4번 지문에 대해서 질문드리려 합니다. 1번과 4번에 대해 개별적으로 맞다는 것은 알고 있었는데, 둘의 과정이 전반적으로 어떻게 연결되는지가 이해가 어렵습니다. 4번과 같이 산업상 이용가능성 흠결로 거절이유통지 받기 전에 방식심사에서 1번의 절차보정을 하는 것으로 아는데요, 절차보정 단계에서 보정명령을 받아서 기탁을 하게 되면 이후 실체심사 때에는 산업상 이용가능성 위반 흠결의 하자가 치유되는 것인가요? 실체심사에서는 29조1항본 위반 거절이유통지받아서 기탁을 하는 보정을 하면 신규사항추가금지 위반으로 알고 있었는데, 절차보정 단계에서는 극복할 수 있는 사항인지 궁금합니다. 공부에 정말 많은 도움 주셔서 감사합니다!! 좋은 하루되세요!!","기본구조는 기탁(A절차)+출원(B절차)인데, 방식심사에서 보정명령후 A절차가 무효가 되면 실체심사에서 B절차가 산업상 이용가능성 흠결이 됩니다. 한편, 보정명령받았다고 하여 모든 것을 다 보정할 수 있다라고 생각하는 전제 자체가 잘못된 것입니다. 예를 들어 기탁을 안 한 경우 보정명령을 받고, 기탁하는 보정을 한다면 신규사항추가에 해당합니다.", ,,18.02.13
특허법,문제,29조,(29조) 확선?댓글수1?사진첨부,"임변리사님 안녕하세요, 아래 165번의 2번 지문에 대해 질문 드리려 합니다. 저는 2번 지문이 답인 이유가, '우선권주장출원C의 확선의 지위'가 판단시점 소급효를 적용받더라도 Y에 대해서만 적용이 있기 때문에 출원C에 의해서도 거절될 수 없는 것은 별론으로 하고, 출원A의 확선지위는 아예 없기 때문에 A를 인용발명으로 하여 거절되는 경우는 논할 필요가 없다고 생각하였습니다. (국내우주의 선출원은 일반적으로 공개전 취하되니까 확선,선출원의 지위는 없고 공지기술의 지위만 216조에 의해 인정되는 것이므로) 그런데 아래 해설에서는 A의 확지가 Y에 대해서만 있는 것이다, 라고 하여서 국내우주의 선출원이어서 취하간주된 경우에도 그 선출원이 확지를 가지는 것인지 궁금합니다. 이지기본서에서도 어디까지나 우선권주장출원의 확지에 있어서 판단시점의 소급효를 인정해주는 것이라는 의미가 아니었는지... 혼란이 옵니다ㅜㅜ 항상 감사드립니다!!",이해하고 있는 내용이 맞습니다. 해설을 C의 판단시점 소급효가 인정되어 Y가 확선의 지위를 갖는다고 수정해야겠네요~, ,,18.02.13
특허법,문제,34조,(34조) 정당권리자 출원?댓글수1?사진첨부,임변리사님 아래 문제 2번 지문의 조건에 따라 제가 맞게 계산했는지 확인 부탁드립니다! 여태껏 잘못 계산하던 걸 드디어 잘 고쳤는지 확인받고 싶습니다ㅜㅜ 감사합니다!,네. 맞습니다~, ,,18.02.15
특허법,조문,54조,"[54,55] 조약우주,국내우주 우선권주장?댓글수1", 특허법은 디보법과 상표법과 달리 우선권주장 추가보정이 가능하다고 알고 있습니다. 궁금한점이 출원시에 출원서에 우선권주장을 한경우에만 추가보정이 가능한가요? 출원시에 우선권주장을 하지않고 A발명을 출원했을시 후에 우선권주장을 할수는 없는건지 궁금합니다. 감사합니다.! 저작자 표시컨텐츠변경비영리,네 할 수 없습니다. 법조문 위주로 공부하세요~, ,,18.02.16
특허법,판례,29조,[29조] 진보성 판례 질문입니다.?댓글수1,"임병웅 변리사님 안녕하세요. <특허법 판례> p.63 문제) 몇 개의 특허공보에 개시되어 있는 사정만으로는 그 기재내용이 주지관용기술에 해당한다고 할 수 없다고 본 사례 [대법원 2010. 10. 28 선고 2009후405판결] - 판시이유 : 튜로부테롤 염산염을 경피 치료제의 활성물질로 사용하는 구성이 각 특허공보인 을 제4호증 내지 제8호증에 기재되어 있으나, 위와 같이 몇 개의 특허공보에 개시되어 있는 사정만으로는 위 각 기재내용이 경피용 제제의 의약분야에서 주지관용기술에 해당한다고 할 수 없으므로, 거절결정 불복심판에 관한 이 사건 심결취소소송에 이르러 처음 제출된 위 각 특허공보는 거절이유 통지에 포함되지 않은 새로운 증거에 해당하여 이 사건 제1항 발명의 진보성을 부정하는 증거로 사용될 수 없다. - 평석 : 대상판결은 제한설을 취하고 있는 거절결정 북복심판의 심결취소소송에 이르러서 처음 제출한 특허공보에 내용이 기재되어 있다는 것만으로 주지관용기술이라 할 수 없기 때문에 새로운 증거가 되고 이를 제출하는 것이 허용되지 않는다는 것이다. 질문) 위 판례에 대해서 두 가지 해석을 했습니다. 해석1. 특허공보에 몇 번 기재되었단 사실만으로 주지관용기술이라고 단정할 수 없다. 즉, 특허공보에 게재된 사실만으로는 주지관용기술인지 여부를 판단할 수 없다. 해석2. 해석1번에 따라 특허공보에 기재된 내용을 주지관용기술이라고 단정할 순 없으나 그 내용이 만약 주지관용기술이라 하더라도, 거절결정 불복심판의 심결에 대한 심결취소소송은 제한설을 따르기 때문에 해당 증거는 주지관용기술을 불문하고 그 자체만으로도 진보성을 부정하는 증거로 인정할 수 없다. 이렇게 두 가지로 해석을 했는데, 둘 다 논리 상 맞는 것인지 궁금해서 질문드립니다. 답변 항상 감사드립니다. 새해복 많이 받으세요! 저작자 표시컨텐츠변경비영리","안녕하세요? 해석 1은 맞지만, 해석 2는 약간 수정이 필요합니다. 제한설을 따르지만 새로운 거절이유가 아니라 기존의 거절이유를 보충하는 정도라면 허용이 되고, 주지관용기술의 제출은 기존의 거절이유를 보충하는 정도인 것입니다. 새해 복 많이 받으세요~", ,,18.02.17
특허법,조문,33조,[33조1항본문] 특받권이 공유인 경우에 있어서 무권리자?댓글수1,"안녕하세요 변리사님, 33조1항본문 무권리자 해당여부에 대해서 질문드립니다~ 만약 갑과 을이 공동으로 발명하여 특받권을 공유하게 되었는데, 갑이 병과 공동출원을 한 경우에 있어서 44조 위반으로 을이 무효심판을 청구할 수 있는 것으로 알고 있는데, 병은 무권리자이므로, 갑과 병의 공동출원에 대해 33조1항본문 위반으로는 무효심판을 청구할 수 없나요?? 즉 을의 구제방안의 하나로 33조1항본문에 기한 무효심판청구하여 무효심결을 받아내고 35조에 기한 정당권리자 출원은 할 수 없는 것인가요?? 감사합니다~~",네. 갑은 무권리자가 아니기 때문입니다. 열공하세요~, ,,18.02.18
특허법,조문,29조,29조7항 41조 질문드립니다.?댓글수1,"1. 29조7항 원칙은 공개가 있으면 출원이 취하되어도 확선의 지위(타출원지위)가 있는 것으로 아는데 29조7항의 경우는 공개 후 201조4항 따른 취하가 있어도 무조건 타출원지위가 없다고 판단하는 것인가요?? 아니면 공개전 취하인 경우만을 의미하는 것인가요? 2. 41조2항 41조2항에 국방상 필요한 경우 특허를 하지 아니할 수 있으며....라고 조문에 되어 있는데 지문에 "" 특허법에 규정된 거절이유 이외에 이유로는 특허거절결정 되는 경우는 없다"" 라고 나오면 (44회 12번 보기5 기출지문) 엄밀히 말하면 틀렸다고 볼수 있는 것인가요? 감사합니다.",1. 전자입니다. 2. 틀린 것이 아니라 특허여부결정을 보류한다는 의미로 이해하면 됩니다. 열공하세요~, ,,18.02.19
특허법,문제,29조,[29조]산업상 이용가능성에서의 이용가능성의 의미?댓글수1,"안녕하세요 임병웅변리사님~ 공부하다 궁금한 점이 생겨 질문 드립니다. -객관식 115번 1번지문중 산업상 이용가능성을 요구하는 이유는, 특허등록의 대상이 되는 발명은 산업발전을 위해 현재 실시될 수 있어야 하고, 추상적 발명의 개념에만 머물러 있는것은 산업발전에 기여할 수 없다는 취지에서 이다(X) 해설에서 보면 그 발명이 현재 실시될 것을 의미하는 것은 아니고 장래 이용가능성만 있으면 족한것이기 때문이다 나와있는데요. 위의 지문에서는 현재 실시될'수' 있어야 하고, 라고 적혀 있기 때문에 옳은 지문이 아닌가 싶어 질문드립니다. 산업상 이용가능성은 현재 기술일 필요는 없지만 , 출원일 당시 기술적 사상이여야 하므로, 출원시 기준으로 실시될 수 있는 발명이라면 산업상 이용가능성이 있다고 봐야 하는거 아닌지요?? 감사합니다. :D 저작자 표시컨텐츠변경비영리","안녕하세요? 출원일 당시 실시될 가능성이 있어야 하고, 당장 실시되어야 하는 것은 아닙니다. 기본서를 다시 한 번 정독해 보세요~ 열공하세요~", ,,18.02.19
특허법,문제,34조,[34.35]정당권리자의 무효심판청구인 질문드립니다.?댓글수1?사진첨부,"안녕하세요? 공부하다 궁금한점 질문드립니다. 객관식 307번 문제의 2번에서 을은 무효심판을 청구할적격이 인정된다(ㅇ) 해설에서는 을이 병의 특허권존부에 따라 이득을보거나 손해를보는자로서 이해관계인에 해당한다 볼수있어서 맞는지문이라 나와있습니다. 그런데 33조1항 본문을 이유로한 무효심판의 청구인은 이해관계인과 심사관이 아닌 정당한권리자로만 알고있습니다. 그래서 병특허권은 A에 관련된 발명이고 을은 그 개량발명인 B의 권리자이며, 만약 이해관계로 보더라도 보기4번에서와 같이 B가 A로 부터 용이하더라도 등록받을수 있으니 청구인적격이 없는것 아닌지 질문드립니다. 감사합니다: D","시각주의에 의해 병이 판매를 먼저 하고, 출원하였다면 신규성 위반이 존재할 수 있고, 꼭 법 제33조제1항본문 위반이 아니더라도 을은 무효심판을 청구할 수 있는 것입니다. 열공하세요~", ,,18.02.20
특허법,문제,29조,(29조) 미용효과를 가진 발명의 산업상 이용가능성?댓글수1,"안녕하세요 임변리사님^^ 지난 한빛 모의고사 2회차의 산업상 이용가능성 관련 문제에 대해 질문 드립니다. 인체를 처치하는 방법이 치료효과와 미용효과와 같은 비치료 효과를 동시에 가지는 경우 발명 전체가 치료효과를 가지지 않는 이상 산업상 이용가능한 발명으로 인정된다 (X) 최근 판례강의에서 소개해주신 2017허4501 오케스트라 연주기법 판례의 경우 치료효과와 비치료 효과를 동시에 가진다면 산업상 이용가능성을 인정하는 것으로 알고 있는데, 그렇다면 위의 지문은 왜 틀린 지문이 되는지 조금 헷갈립니다. 혹시 ""비치료효과와 치료효과를 동시에 가져서""가 아닌 ""인체를 처치하는 방법""으로서 인체를 직접 구성요소로 하고 있기 때문에 연주기법 판례와 다른 결론이 나오는 건가요? 미리 감사드립니다!","안녕하세요? 기존 실무의 태도이고, 최근 판례에 의하면 산업상 이용가능성을 긍정하고 있습니다. 제목이 질문 규칙에 맞습니다. 수정해 주세요~", ,,18.02.21
특허법,문제,29조,"(29조,36조) 관련 2011기출 1번 질문입니다.?댓글수1?사진첨부","이 문제에서 갑의 미국 출원은 을의 공지로 인해서 거절된다 하더라도, 갑의 조약우주출원의 기초출원으로서의 요건인 정규성을 만족하기때문에, 조약우주주장이 인정되어서 갑의 조약우주출원이 신규성위반으로 거절되더라도 출원공개시 확선의 지위는 가지기 때문에 을의 출원이 확선위반되는것인가요? 정리하면 미국출원의 경우 미국법을 따르기때문에 등록이 되든 안되든 조약우주주장의 기초출원으로서의 정규성을 만족하는 것인가요?","네. 참고로, 정규성은 파리조약에 의한 것이기 때문에 미국법, 국내법 구별없이 요건이 똑같습니다. 열공하세요~", ,,18.02.21
특허법,조문,30조,"30조,54, 55조 질문드립니다.?댓글수1","1. 30조 1호단서 30조 1호단서에서 조약 또는 법률에 따라 국내 또는 국외에서 공개되거나 등록공고된 경우는 제외한다 의 의미가 의사에 반한 공지이므로 30조 2호로 보라는 의미인가요? 아니면 조약 또는 법률로 공개된 경우는 무조건 30조 적용불가라는 의미인가요? 2. 분할출원 변경출원 국내우주 경우 선출원이 30조 주장 없었으면 분.변.국내우주하며 30조 주장이 불가한 것인가요? 3. 54,55조 우선권주장의 추가 국내우주 계속 중 조약우주를 추가할 때 55조7항이 아니라 54조7항을 적용하는 것이 맞는지 궁굼합니다. 감사합니다. 저작자 표시컨텐츠변경비영리",글 1. 법 제30조제1항제2호에 해당 여부는 개별적 사안별로 달리 판단합니다. 기본서를 정독해 보세요~ 2. 가능합니다. 법 제30조제3항 신설로 실무의 태도가 바뀌었습니다. 3. 네. 다만 법 제54조제7항에 따라 조약우주의 추가가 안 됩니다. 기본서를 정독해 보세요~ 열공하세요~, ,,18.02.21
특허법,문제,42의3,(42의3 5항) 외국어 특허출원의 명세서?댓글수1,"특허객관식 440번 문항 1번 보기입니다. 외국어 특허출원의 명세서 및 도면에 대한 국어 번역문은 특허법 제42조 제 2항의 명세서 필요한 도면으로 간주한다. 라는 지문이 틀린 지문으로 되어있고 해설에는 특허출원인이 국어번역문 또는 새로운 국어번역문을 제출한 경우에는 외국어특허출원의 특허출원서에 최초로 첨부한 명세서 및 도면을 그 국어번역문에 따라 보정한 것으로 본다. 다만, 새로운 국어번역문을 제출한 경우에는 마지막 국어번역문전에 제출한 국어번역문에 따라 보정한 것으로 보는 모든 보정은 처음부터 없었던 것으로 간주한다 라고 나와있습니다. 위 보기가 어디가 틀린 것이고 해설의 어떤 부분으로 이해하면 좋을지 질문 드립니다.","법 제42조제2항의 명세서 또는 도면이라는 것은, 출원할 때 첨부된 명세서 또는 도면 즉 최명도로 본다는 것입니다. 번역문을 제출하면 보정된 명세서 또는 도면으로 보는 것이고 최명도로 보는 것은 아닙니다. 열공하세요~", ,,18.02.22
특허법,조문,55조,55조 국내우주의 선출원 요건관련 질문입니다?댓글수1,"안녕하세요. 1.국내우주의 기초출원의 요건인 무분형중에서 무 요건을 단순히 출원계속중으로 표현해도 맞나요? 거절결정의 경우에 거절결정후 거절결정확정전까지의 시기의 차이가 있는것으로 알고있는데 기출문제에서는 출원계속중을 옳다고 본것같아서 질문드립니다. 2. 최신판례강의자료에서 분할 변경출원의 동일성 판단은 A단계인 내재적 동일성까지라고 하셨는데 2002후2778판례에 의하면 주지관용기술의부가삭제변경등으로 새로운 효과가 없는 정도에 불과하면 동일이라고 해서 B단계인 실질적 동일성으로 판시한것 같은데 어떤 것을 기준으로 해야 하나요? 3. 권리능력/ 권리적격이 없는자는 주체적요건으로 거절이유에 해당하고, 행위무능력자의 경우 절차보정 + 절차무효 되는데, 불수리사유에 해당하는 해당 절차를 밟을수 없는자는 어떤 경우가 있나요? 권리능력 행위능력과 어떤점에서 구분되는 모르겠습니다.","1. 출원계속 중의 개념이 바뀌었습니다. 그리고, 차이를 잘못 알고 있네요. 특허결정등본송달(확정)-설정등록(출원계속종료)의 차이가 있습니다. 2. 2002후2778 판례가 뭔지 기재해 주세요. 질문 규칙에 맞지 않습니다. 3. 분할/변경출원시 출원인이 일치하지 않은 경우입니다. 기본서를 정독해 보세요. 열공하세요~", ,,18.02.22
특허법,문제,30조,"[30,34,35조] 정당한 권리자의 보호 (객관식 310번) 질문드립니다.?댓글수2?사진첨부","안녕하세요 변리사님 다른 310번 답변들을 살펴 보았는데 제가 미심쩍은 부분이 해결되지 않아서 질문 드립니다. 보기 1번의 경우, 30조를 적용한다면 일단 출원공개로부터 1년 이내에 하여 공지예외가 적용이 되는데 무권리자의 출원이 선행되었으므로 29조3항 확대된 선출원의 주의에 의해서 거절 되는것 아닌가요? 제가 판단한 순서는, 일단 공지일로 부터 1년 내의 출원으로서 30조를 적용하여 29조1항과 2항의 판단을 하지 않으며, 36조의 경우 무권리자 출원으로 선출원의 지위가 없는 것으로 생각했습니다. 29조 3항의 경우 비록 무권리자의 출원이지만 이미 공개가 되었으므로, 확대된 선출원의 지위는 갖는 것으로 생각했습니다. 특허법 p.251의 확선 적용의 예외에서도 '발명자가 동일' 하더라도, 후출원은 '선출원이 출원공개 또는 등록공고 되기 전'에 출원 되어야 한다고 적혀있습니다. 그런데 선출원은 2017년 11월 1일에 출원되었으며, 2018년 10월 2일에 공개 됩니다. 그런데 후출원은 2019년 10월 1일에 출원됩니다. 이는 선출원의 출원 및 출원공개일 보다 늦은 날입니다. 따라서 특허출원을 받을수 없다로 생각을 했습니다. 제가 어떤 부분을 잘못 생각하고 있는 걸까요 ㅠㅠ 저작자 표시컨텐츠변경비영리",확선의 기본 개념을 모르고 있습니다. 을 출원 후에 갑 출원의 공개가 있는 경우에 한해 확선의 적용됩니다. 법 제29조제3항을 다시 공부해 보세요~, ,,18.02.23
특허법,문제,54조,[54조] 조약우선권주장출원 객관식문제?댓글수1?사진첨부,"안녕하세요 변리사님! 헷갈리는 문제가 있어 질문드립니다. 위 문제에서 2번에서 조약우선권주장은 일본출원과 우리나라출원의 공통된 명세서 도면에 대해서만 확선지위가 주어지고 아직 갑의 X,Y출원이 공개전이라 공개기술의지위도 갖고있지않아 을의 발명 c에는 아무런하자가 존재하지않지 않나요?.? 2번지문이 틀린이유는 C만 따로 특허받을수 없는 출원일체원칙때문인가요?.? 감사합니다 좋은하루되세요!",네, ,,18.02.23
특허법,조문,47조,[47조] 거절결정불복심판 청구시에 보정을 할수가 없는지 궁급합니다.?댓글수1,"안녕하세요 선생님. 질문이 있어 글을 올립니다. 특허법 제47조(특허출원의 보정) ① 특허출원인은 제66조에 따른 특허결정의 등본을 송달하기 전까지 특허출원서에 첨부한 명세서 또는 도면을 보정할 수 있다. 다만, 제63조제1항에 따른 거절이유통지(이하 ""거절이유통지""라 한다)를 받은 후에는 다음 각 호의 구분에 따른 기간(제3호의 경우에는 그 때)에만 보정할 수 있다. 1. 거절이유통지(거절이유통지에 대한 보정에 따라 발생한 거절이유에 대한 거절이유통지는 제외한다)를 최초로 받거나 제2호의 거절이유통지가 아닌 거절이유통지를 받은 경우: 해당 거절이유통지에 따른 의견서 제출기간 2. 거절이유통지(제66조의3제2항에 따른 통지를 한 경우에는 그 통지 전의 거절이유통지는 제외한다)에 대한 보정에 따라 발생한 거절이유에 대하여 거절이유통지를 받은 경우: 해당 거절이유통지에 따른 의견서 제출기간 3. 제67조의2에 따른 재심사를 청구하는 경우: 청구할 때 상표법 제40조(출원공고결정 전의 보정) ① 출원인은 다음 각 호의 구분에 따른 때까지는 최초의 상표등록출원의 요지를 변경하지 아니하는 범위에서 상표등록출원서의 기재사항, 상표등록출원에 관한 지정상품 및 상표를 보정할 수 있다. 1. 제57조에 따른 출원공고의 결정이 있는 경우: 출원공고의 때까지 2. 제57조에 따른 출원공고의 결정이 없는 경우: 제54조에 따른 상표등록거절결정의 때까지 3. 제116조에 따른 거절결정에 대한 심판을 청구하는 경우: 그 청구일부터 30일 이내 4. 제123조에 따라 거절결정에 대한 심판에서 심사규정이 준용되는 경우: 제55조제1항·제3항 또는 제87조제2항·제3항에 따른 의견서 제출기간 디자인보호법 제48조(출원의 보정과 요지변경) ④ 제1항부터 제3항까지의 규정에 따른 보정은 다음 각 호에서 정한 시기에 할 수 있다. 1. 디자인등록여부결정의 통지서가 발송되기 전까지 2. 제64조에 따른 재심사를 청구할 때 3. 제120조에 따라 디자인등록거절결정에 대한 심판을 청구하는 경우에는 그 청구일부터 30일 이내 특허법의 경우 상표법, 디자인보호법과는 다르게 거절결정불복심판을 청구할 때 보정을 할수 있다는 규정을 찾을수 없어 질문을 올립니다. 특허의 경우에는 거절결정불복심판 청구시에는 보정을 할 수가 없나요? 혹시 심판청구시에 보정이 불가능 하다면 왜 특허법은 상표법, 디자인보호법과는 다르게 심판청구시에 보정할수 있는 규정을 두지 않았는지도 궁금합니다.",심사전치제도를 폐지하고 재심사청구제도를 신설하였기 때문입니다., ,,18.02.25
특허법,조문,47조,[47조] 특허출원의 보정 관련 질문드립니다?댓글수1,"안녕하세요 최초 최후 거절이유통지의 운용과 관련해서 어려움이 많아질문드립니다.. 질문) 발명의 설명에 A, B, C 가 기재되어 있고 청구범위에 A, B 가 기재되어 있었을 때 A에 대하여 진보성이 없다는 이유로 최초거절이유통지를 받은 후 A를 삭제하고 발명의 설명에 있던 C를 청구범위로 추가하는 보정을 하였는데 C가 진보성이 없는경우 -최초거절이유통지를 한번 더 해야하는지 최후거절이유통지를 해야하는지 궁금합니다.- 제가 알고있기론 원거절이유(A)가 해소되고 새로운 거절이유(C)가 발견된 경우에는 C가 최명도범위 내에 있었으므로 신규사항추가에는 해당되지않고, 새로운 거절이유(C)가 원시적으로 존재하였다면 최초거절이유통지를 해야한다는건데, 거절이유판단은 청구범위로 하는것이고 C는 발명의 설명에 기재되어있었는데도 원시적으로 거절이유로서 존재했다고보는게 맞는지 모르겠습니다",보정에 의해 발생한 거절이유이기 때문에 최후거절이유통지를 합니다~, ,,18.02.26
특허법,문제,54조,[54조] 조약우주 질문입니다.?댓글수1,"안녕하세요 임병웅 변리사님 객관식 문제 풀다가 궁금한점이 생겨 질문드립니다. 일본 출원 X 2017. 1.1 미국 출원 Y 2017. 2.1 영국 출원 Z 2017. 3.1 한국 출원 W 2017. 4.1 Y우주 라고 했을 때 궁금한점이 있습니다. 1) 최우선일로 1년 4개월 이내에 우선권 주장을 보정하거나 추가할 수 있는데, 만약 X를 추가하고 싶다고 했을 때, 우선기간 만족은 '추가하려고 하는' X로부터 1년이내여야 하고, 최우선일 또한 X로부터 1년 4개월이 맞나요? (즉, 추가하려는 것도 최우선일 고려에 해당하나요?) 2) Z우주를 추가하고 싶을 때 우선기간은 '추가하려고 하는' Z 기준으로 1년이고 최우선일은 Y기준으로 1년 4개월 이내가 맞나요? 답변해주실것에 미리 감사드립니다.",네, ,,18.02.26
특허법,조문,42조,[42조] PBP청구항 판단?댓글수1,"안녕하세요 임변리사님. PBP청구항에 대하여 궁금한 점이 있어서 질문드립니다. 임변리사님이 기재하신 표를 보면, PBP 청구항에서 특허요건 판단시 - "" 물건(제조방법의 기재가 물건의 구조나 성질 영향을 준 경우 그 제조방법에 의해 특정되는 구조나 성질을 가지는 물건)으로 출원발명을 특정함 < 제조방법에 특허성이 있는지 여부와는 무관 > "" 으로 기재 되어 있는데 Q1. 등록요건 판단시 결국, 청구범위의 모든기재에 의해 특정되는 구조나 성질 등을 가지는 물건으로 해석 ( 특허요건판단은 발명의 설명등으로 확장 제한하여 판단할수 없으니 청구범위에 기재된 그대로 판단 ). 결국, 제조방법에 의해 특정된 ""구조나 성질을 갖는 물건"" 으로 판단하는게 옳은 것이라고 생각 되어지는데 제조방법에 의해 특정된 ""구조나 성질"" 이니까, 결국 제조방법에 특허성이 있던 없던 ""구조나 성질""이 갖는 특성에는 영향이 없어서 제조방법에 특허성이 있는지 여부와는 무관으로 해석하면되는건가요?? Q2. 그렇다면, 청구범위에 기재 그자체로 등록요건을 판단하기 때문에, 만약 물건이 특허성이 없다면 특허성이 있는 제조방법으로 보정하더라도 구조나 성질에 영향이 없어서 등록요건 흠결이 되는것이 맞는가요? Q3. 물건이 특허성이 없다면, 위 청구항을 특허성이 있는 제조방법으로 보정한 후, 제조방법 발명으로 보정하면 특허 받을수 있나요? 오늘도 좋은 하루 보내셨길 기도합니다. 감사합니다 ^___________^",이해하고 있는 내용이 모두 맞습니다. 열공하세요~, ,,18.02.27
특허법,조문,42조,(42조) 명세서 기재방법?댓글수1,"임변리사님 안녕하세요, [청구항 1] a, b 및 c로 이루어지는 군에서 선택되는 하나 이상으로 구성되는 A 위의 것은 적법한 기재인데 택일적으로 기재되지 않았다고 볼 수는 없는지 궁금합니다! 감사합니다:)","청구항을 택일적으로 기재하면 안되는 것이고, 구성요소는 택일적으로 기재해도 됩니다. 기본서를 조금 더 정독하세요~", ,,18.02.28
특허법,조문,42조,[42조] 특허출원 첨부서류 관련?댓글수1,첨부서류에 보면 필요한 도면이라고 되어있는데. 협의의 물건발명은 반드시 도면을 첨부해야 된다고 알고 있습니다. 협의의 물건발명에서 도면 미첨부시 어떠한 조치를 받게 되는지 궁금합니다. 감사합니다!,일반적으로 법 제42조제3항제1호 위반의 거절이유통지를 합니다. 기본서를 정독해 보세요~, ,,18.02.28
특허법,조문,42조8항,[42조8항]다항제 기재방법 질문드립니다?댓글수1?사진첨부,"이지 특허 추록을 보면(사진에서 예4) 하나의 청구항에서 다수의청구항을 다중으로 인용하는경우 거절이유통지를한다고 되어있는데 기존의 시행령5조6항에는 ""2이상의청구항을 인용한"" 청구항에서 다시 2이상의 청구항을 인용 한경우 다항제 기재방법으로 적절하지 않다고 되어있습니다. 질문1. 문제에서 추록부분을 고려하면 청구항7도 틀린거 아닌가요? 질문2. 시행령과 바뀐 심사기준의 적용부분이 다른건가요? 다르다면 심사기준의 예를 알고싶습니다.","1. 시행령 제5조제2항과 제5조제7항을 혼동하고 있는 것 같네요. 청구항 7항은 시행령 제5조제7항 위반이 아니고, 그렇다고 하여 시행령 제5조제2항 위반도 아닙니다. 2. 심사기준이 시행령 제5조에 배치되지 않습니다. 열공하세요~", ,,18.03.01
특허법,문제,30조,(30조) 공지예외적용주장출원?댓글수1,임변리사님 안녕하세요 특객 287문제의 지문을 보면 “출원인 갑이 a발명을 출원한뒤 취하하였지만 착오로 특허청장이 a발명에 대해 특허공개공보를 발행하였다”고 나와있습니다. 이 경우 30조 1항 1호의 단서 ‘출원공개된 경우’에 해당하므로 공지예외적용 주장을 하지 못하는 것이 아닌가요?,법 제30조제1항제2호에 해당하기 때문에 공지예외적용주장을 할 수 있습니다. 기본서를 확인해 보세요~, ,,18.03.02
특허법,문제,47조,[ 47조 ] 거절이유 관련 질문있습니다.?댓글수1,"객관식 문제집 변경출원 부분에 있는 366번 문제를 보고 관련된 문제가 생각나서 질문올립니다. 출원인이 청구항1에 발명a를 기재하여 특허출원 하였는데 출원발명이 인용발명1에 의해 진보성이 없다는 이유로 최초거절이유를 통지받았습니다. 이에 출원인이 거절결정불복심판을 청구하였고 심리결과 원 거절이유가 타당하지 않다고 인정되어 원 거절결정을 취소+환송 하였다고 합니다. 이 경우 심사관은 발명a를 인용발명2에 의해 진보성이 없다고 거절이유를 통지할 때 다시 최초거절이유통지 하는 것이 맞는건가요? 만약 맞다면, 그 이유가 같은 법조문이라도 사실이 다르면 거절이유가 다르기 때문이고 그 거절이유는 원시적으로 존재했기 때문인건지 궁금합니다. 저작자 표시컨텐츠변경비영리",네. 맞습니다. 환송된 경우에는 다시 처음부터 심사를 진행하기 때문입니다. 열공하세요~, ,,18.03.02
특허법,문제,54조,(54조) 조약우주 증명서류?댓글수1?사진첨부,"임변리사님 안녕하세요, 다른분이 질문 남기신 걸 보고 저는 미처 알지 못했었던 내용이라 놀랐습니다.. 언제 개정된 시행규칙인지 알 수 있을까요? 이지기본서나 아래에 2번지문에도 개정전내용으로 나와있어서요ㅜㅜ 2번 지문도 번역문을 제출하지 않았다하여 무효로 하는 것은 아니기 때문에 틀린지문이 되는 게 맞나요? 항상 감사드립니다!!","네. 틀린 지문이 됩니다. 개정시기는 2017년 하반기에 개정되었는데, 지금 법제처 홈페이지가 리뉴얼 중이라서 들어갈 수 없네요. 나중에 확인해 보세요. 개정된 내용은 추록 확인해 보고요~", ,,18.03.02
특허법,조문,54조,[54조] 최선출원일?댓글수1,"안녕하세요 A : 미국출원 (2016.1.1 출원) B : 일본출원 (2016. 3.1 출원) C: B출원에 대해서 우선권 주장 출원한 한국출원 (2016. 12. 1 출원) 이렇게 세 출원이 있고 C 출원이 출원시에 B 출원에대해서 우선권 주장을 했다고 했을때, A출원에 대해서 우선권 주장을 추가하려고 합니다. 이 때에 54조 5항의 ""최우선일 부터 1년 4개월""은 현재 최우선일인 B 출원일을 기준으로 해야하는건가요? 아니면 A출원일을 기준으로 해야하는건가요?",A출원일이 기준이 됩니다. 기본서를 정독해 보세요~, ,,18.03.03
특허법,조문,36조,[36] 협의제 유무?댓글수1,"안녕하세요. 임병웅 변리사님. 협의제에 대해 아리송하여 질문을 찾아보았는데요. 출원A와 무권리자출원B가 동일자로 출원되었을 때 협의제는 선출원 지위를 전제로 하므로 협의제에 걸리지 않는다는 것을 확인하였는데요. 그렇다면 선출원지위가 없는 무효,취하,포기,거절결정확정,무권리자출원 외의 무효/거절'사유'가 출원B에 존재할 때는(ex. 공유자 전원이 출원하지 않은 경우) B에 무효사유가 있음에도 불구하고 무효나 거절이 확정되지 않았으므로 A와 B의 출원인은 협의를 통해 정하여야 하나요? 감사합니다.","무권리자출원은 출원의 처리 여부와 상관없이 선출원의 지위가 없는 것이고, 출원의 무효, 취하, 포기, 거절결정확정은 그 처분이 있을 때 선출원의 지위가 없는 것입니다. 그래서 법 제36조제4항과 제5항을 별도로 규정하고 있는 것입니다. 열공하세요~", ,,18.03.04
특허법,조문,52조,"[52~56] 분할,변경,우선권주장의 주체?댓글수1","안녕하세요. 임병웅 변리사님. 이번 5회 한빛 모의고사 5번 문제였는데요. 5. 분할출원에 관한 설명 중 잘못된 것은? 1번 보기 - 분할출원인은 원출원과 동일인 혹은 그 권리의 정당한 승계인이어야 한다.(o) 이 주체의 표현에 관하여 조약우주와 국내우주에서는 명확하게 구분할 필요가 있다고 배웠었는데요. 조약우주 - 선출원의 출원인과 동일인이거나 정당승계인 국내우주 - 우선권주장출원 당시에 출원인은 선출원의 출원인 또는 그 승계인과 동일인 이에 대해 분할출원, 변경출원의 주체에 대해서도 표현상으로 국내우주와 동일하다는 것을 기억해두었었는데요. 모의고사 5번 문제로 보아 분할과 변경은 조약우주처럼 출원인 아닌자가 우선권을 승계받아 우주하는 경우가 없다보니 두 표현을 혼용해서 써도 된다는 것으로 이해해도 되나요? (도해특허에서도 분할,변경의 주체적 표현이 114,118페이지와 120페이지에서 다르게 표현되기도 하네요.) 감사합니다.","<분할변경출원 당시> 동일성의 개념이 없기 때문에, 1번 보기는 틀렸다고 말하기 어렵습니다. 열공하세요~", ,,18.03.04
특허법,조문,30조,공지등이 되지 않은 발명(30조) 질문드립니다?댓글수2,만약 무권리자의 출원에 의한 출원공개는 정당권리자가 30조를 적용할 수 있는건가요?,법 제30조제1항제2호에 해당하기 때문에 적용될 수 있습니다. 기본서를 한 번 정독해 보세요~, ,,18.03.04
특허법,판례,29조,[29조] 진보성 판단에서의 구성요소?댓글수1,"안녕하세요 임병웅 변리사님 :) ~~ 청구범위에 기재된 복수의 구성을 하나하나 분해한 후 비교되는 발명의 대응구성요소로부터 각각 분해된 개별 구성요소를 도출하는데 기술적인 어려움이 있는지 만을 따져서는 아니되고, ~~ 나머지 구성요소들 사이의 결합관계를 포함하여 유기적으로 결합된 전체로서의 구성의 곤란성을 살펴보아야 한다. (2009후1897) ~~. 청구범위에 기재된 청구항이 복수의 구성요소로 되어 있는 경우에는 각 구성요소가 유기적으로 결합한 전체로서의 기술사상이 진보성의 판단의 대상이 되는 것이지, 각 구성요소가 독립하여 진보성 판단의 대상이 되는 것은 아니므로, ~~ (2013후2620) 제가 위의 두 판례를 이해한 바로는, 2009후1897은 청구항의 각 구성요소도 진보성 판단의 대상이 될 수 있는데, 그것만을 판단하면 아니되고 결합한 전체도 포함해서 진보성 판단을 하라는 것이고 / 2013후2620은 내용 그대로 청구항의 각 구성요소는 진보성 판단의 대상이 아니라고 하여 청구항의 각 구성요소가 진보성 판단의 대상이 되는지 여부에 대한 모순이 있는 것 처럼 생각됩니다. 따라서, 청구항이 복수의 구성요소로 이루어진 경우에 각각의 구성요소는 진보성 판단의 대상이 될 수 있는지 여부를 질문드립니다.","글 2013후2620은 <독립하여> 대상이 아니고 구성요소 각각뿐만 아니라 결합한 전체가 대상이라는 것으로, 동일한 취지의 판결입니다..", ,,18.03.05
특허법,조문,2조,[2조] 산업상이용가능성 판단?댓글수1,"안녕하세요 임병웅 변리사님 :) 음악치료 관련된 판례였던 걸로 기억하는데 잘 기억이 나지 않아 확인차 질문드립니다. 인체를 구성요소로 하는데 이 발명이 치료효과와 비치료효과를 동시에 가져 그 구별이 불분명한 경우에, 이 출원발명은 산업상 이용가능성이 긍정되나요 부정되나요?? 저작자 표시컨텐츠변경비영리",긍정됩니다., ,,18.03.05
특허법,문제,36조,(36조) 선출원?댓글수1?사진첨부,"안녕하세요 변리사님 Q1) 첨부파일 문제에서 A발명은 하위개념이고 B발명은 상위개념이니 3번 지문처럼 상위개념이 선출원일 경우 후출원은 동일성 범위에 해당안되니 선출원 및 확선 위반이 아니고 등록되지만 실시시 이용관계가 형성되는거 아닌가요? 왜 a1 vs A 의 판단이라 볼수 없는지 궁금합니다. Q2) 혹시 제가 개념을 잘못알고 있는게 아닌지 싶어 질문드립니다. 밑의 판단이 옳은가요? 선출원 판단시 선출원 후출원 상위개념 하위개념 -> 선출원 위반X 하위개념 상위개념 -> 선출원 위반O Q3) 선출원주의, 확선, 신규성은 동일성개념이 같으니 선출원이 a+b+c 후출원이 a+b 일경우 후출원은 선출원주의 위반이 맞나요? 답변에 미리 감사드립니다.",1. A가 상위발명이고 B가 하위발명입니다. 다기재 협범위 원칙을 생각해 보세요. 2. 개념은 맞게 이해하고 있습니다. 3. 네 열공하세요~, ,,18.03.05
특허법,조문,42조,[42조8항] 시행령5조7항에서의 심사기준 질문입니다?댓글수1,"임병웅 변리사님 안녕하세요! 다항제 기재방법 중 시행령 5조7항 인용되는 청구항은 인용하는 청구항보다 먼저 기재해야한다 에 관한 심사기준 중에 ‘청구항이 자신의 청구항과 같은 번호의 청구항을 인용하는 경우에는, 42조8항 및 시행령 5조7항 위반 거절이유 통지하거나, 청구항 기재 명확하지 아니한 것으로 42조4항2호 위반 거절이유 통지한다’고 이지특허 각주에 나와있는데요. <질문> 같은 번호의 청구항을 인용하는 경우 뿐 아니라 나중번호 청구항을 인용하는 경우에도 위 심사기준에 따라 42조4항2호 거절이유 통지 가능한건가요? 답변부탁드립니다. 감사합니다.",시행령 제5조제7항만 위반입니다. 발명의 특정에 문제가 없기 때문에 법 제42조제4항제2호는 위반되지 않습니다., ,,18.03.06
특허법,문제,55조,"[55,56조]국내우주?댓글수1?사진첨부",안녕하세요? 질문:392번 보기3번에서 선출원위반이라는데 A'는 진보성이 인정되도 A=A'인건가요? 감사합니다.,"잘못 이해하고 있습니다. A가 선출원 위반이라는 것이고, A'는 동일성이 없기 때문에 선출원 위반이 아닙니다.", ,,18.03.06
특허법,조문,52조,[52조] 분할출원?댓글수1,안녕하세요 발명의 동일성에 대한질문입니다. 최신판례에서 따로나온 자료 p.7에 선출원주의의 동일성판단방법을 얘기한 후에 한편 최근 특허법원 판결에선 분할출원된 발명과 선출원 발명의 동일성 여부와 관련하여 실질적 동일성인 3단계에대한 판례가 나와있는데 분할출원과 선출원 발명의 동일성을 따지는건 소급효 얘기라서 p.13에 나온 A유형에 분할출원이라고 기재된 2단계로 따져야하는게 아닌지 혼란이옵니다. 왜 소급효를주는 분할에 3단계로 따지고 A유형에 나온것들에 대한 판례를 봐도 보정 우선권 정정만 기재되있고 분할출원은 2단계로나온 판례가 안써있어서 이렇게 질문드립니다. 분할출원은 소급효임에도 3단계인가요? 맞다면 이유가 어떻게될까요...?? 저작자 표시컨텐츠변경비영리,"판례를 잘못 이해하고 있습니다. 분할출원하면 협의제 이슈가 발생하고, 협의제에 걸리는지 여부를 판단하는 것이 판례의 요지입니다. 열공하세요~", ,,18.03.07
특허법,조문,36조,[36조] 선출원주의?댓글수1,안녕하세요 추록을보다가 도해 p.188 추록 31페이지에 내적부가에 대해서 궁금한게 생겨서 질문드립니다. 갑이 상위구성요소를 출원하고 을이 하위구성요소를 출원한경우 갑의 공개 전에 출원했으면 을의출원은 등록가능이라고 써져있는데 이 경우 선출원과 확선을 따질때 상위개념인 출원에 하위개념이 기재 또는 내재되어있지않은경우 등록가능하고 불명확한경우 새로운효과가 없거나 선출원의경우 현저한 효과가 없을시엔 동일성이 인정되어 등록이 불가능하니까 세모가 아닌지 여쭙고싶습니다.,"상위개념에 하위개념이 기재 또는 내재되었다면, 하위개념이 선출원이라고 표현할 것입니다. 열공하세요~", ,,18.03.07
특허법,조문,30조,[30조] 3항의 개정사항 질문입니다?댓글수1,해당 공지예외 주장의 취지와 증명서류가 47조 보정기간과 66조 특허결정 등본 송달일로부터 3월 이내에 주장이 가능하다고 하는데요.. 그렇다면 거절결정불복심판 단계의 경우에는 추가적인 취지 기재와 증명서류가 허용되지 않는건가요??,심판단계에서도 거절이유통지하면 취지 및 증명서류 제출이 가능할 수 있습니다. 열공하세요~, ,,18.03.08
특허법,조문,55조,[55]원출원 요건?댓글수1,"안녕하세요 변리사님 조문을 보다가 55조 원출원 요건과 관련해서 밑에 관련 글 찾아봤는데 법이 개정되어 출원계속중의 의미가 바꼈다고 하셨는데 조문에 나와있는그대로 다음과같이 해석하면 되면 되는것인지 문의드립니다 1. 국내우주 원출원요건에는 특허여부 확정 전까지라고 나와있고 출원계속중이라는 말이 없기때문에 원출원 ""설정등록전""이 아니라 ""특허여부확정전""이 요건인 거지요? 2.그럼 출원계속중은 어디에 나오는 요건인가요? 감사합니다","1. 네 2. 출원의 취하, 포기 시기나 절차보정의 시기에서 나오는 개념입니다. 열공하세요~ 답글기능 더보기", ,,18.03.09
특허법,조문,47조,"47조 보정, 53조 변경출원 질문드립니다.?댓글수1",1. 법조문을 같이 하더라도 사실을 달리하면 거절이유를 달리한다고 도해에 적혀있는데 29조2항 최초거통에 따른 보정 시 새로운 인용발명에 의한 29조2항 사유가 발견되면 다른 거절이유로 보아 최후 거통을 하는 것인지 동일한 거절이유로 보아 거절결정하는지 궁굼합니다. 2. PCT출원을 변경출원하는 경우 PCT출원과 동시에 변경출원은 불가한가요? 번역문 수수료납부하면 PCT출원과 동시에 변경출원이 가능한지 궁굼합니다.,1. 다른 거절이유가 되어 최후거절이유통지를 합니다. 2. 이론적으로 가능하지만 PCT 출원과 동시에 변경출원을 할 이유가 없습니다. 제목에서 변경출원의 조문이 잘못 기재되어 있네요. 수정해 주세요., ,,18.03.09
특허법,조문,47조,[47조] 외국어특허출원의 보정 질문입니다?댓글수1?사진첨부,"안녕하세요~ 1. 아래의 표의 첫 번째 케이스에서 전단에 위반되지만 번역문의 범위를 만족하므로 후단에는 위반되지 않는다고 설명하셨는데, 이 말이 잘 이해가 되지 않습니다. 최명도의 영어는 Ca이고 번역문은 칼륨으로 써서 내용이 다른데 어째서 범위를 만족하는 건가요? 2. 두 번째 케이스에서 후단을 고려할 때 (3)인 국어(칼슘)은 (2)국어(칼륨)과 달라서 후단이 위배된다는 뜻인가요? 오역정정이므로 당연히 전의 것과 단어가 다를 텐데 왜 위배되는 건가요? 3.특허출원서에 최초로 첨부한 도면은 국어(칼륨) 밑에 있는 네모칸이라고 써 있는데 왜 영어(Ca) 밑에 있는 칸이 아닌가요? 4. 그림들 중에서 어떤 칸은 하늘색으로 칠해 있고 국어(칼슘)부터는 흰색인데 이 색칠된 것이 따로 무슨 뜻이 있나요? 5. 국어(칼슘) 밑에만 왜 흰색 네모칸이 그려있지 않나요...? 질문이 많아 죄송합니다ㅠㅠ","1. 번역문에 보정의 효과를 부여하기 때문입니다. 2. 오역정정은 번역문만 정정하는 것이고, 보정된 명세서 또는 도면을 정정하는 것이 아니기 때문입니다. 3. 영어 밑에 있는 칸을 그대로 적용하겠다는 것입니다. 법 제47조제2항후단을 읽어 보세요. 4. 없습니다. 5. 오역정정은 번역문에 대한 오역만 정정하기 때문입니다. 번역문이 없는 도면은 오역 정정을 하지 않습니다. 열공하세요~", ,,18.03.09
특허법,문제,47조,[47조] 2017년 기출입니다.?댓글수1?사진첨부,"4번에서 출원인이 신규사항 추가를 한 것 같은데, 보정각하 원칙 중에 신규사항추가금지(제47조제2항) 떄문에 보정이 부적법하여 심사되지 않고 무조건 보정각하되어야 하지 않는지요? 항상 감사합니다~","심사시기에 따라 다릅니다. 최초거절이유통지에 대한 의견서 제출기간내라면 최후거절이유통지하고, 최후거절이유통지에 대한 의견서 제출기간내 또는 재심사청구할 때라면 보정각하합니다. 열공하세요~", ,,18.03.10
특허법,조문,30조,[30조]질문입니다!?댓글수1,3항에서 취지를 적은서류 또는 증명할수있는서류라 되어있는데 둘중 하나만 내면 된다는건가요? 저작자 표시컨텐츠변경비영리,둘 중 제출하지 않은 서류를 내면 됩니다. 물론 둘 다 제출할 수도 있습니다. 열공하세요~, ,,18.03.11
특허법,조문,47조,47조 보정 질문드립니다.?댓글수1,기재불비를 이유로 거통하고 이를 해소하는 보정의 결과 발명의 진보성 결여의 거절이유가 발생한 경우 이는 최초거절이유가 된다. 이 지문은 o라고 해야 하는 것인가요? 판례 중 기재불비를 보정하는 과정에서 진보성 위반의 거절이유가 발생할 수 없다는 판시를 본 것 같은데 맞는지 궁굼합니다. 감사합니다. 저작자 표시컨텐츠변경비영리,"판례도 틀렸고, 질문도 틀렸습니다. 거절이유는 발생시기에 따라 구별하는 것입니다. 법 제47조제1항제1호의 시기에 기재불비 때문에 거절이유가 <발생>하였다면 최후, 법 제47조제1항제2호의 시기에 기재불비 때문에 거절이유가 <발생>하였다면 보정각하, 둘 시기에 거절불비와 무관하게 원시적으로 거절이유가 <발생>하였다면 최초 가 됩니다. 기본서를 정독해 보세요~", ,,18.03.13
특허법,조문,35조,[35조] 정당권리자의 보호?댓글수3,"안녕하세요 임병웅 변리사님. 법조문 질문이 있습니다. 35조에서 무권리자의 특허가 무효가 되면 무효심결 확정 후 30일이 지나서 출원하여 소급효가 인정이 되지 않는 경우에, 무권리자의 출원도 공지되면 공지기술지위는 갖게 되니까 정당권리자의 출원이 신규성 위반으로 죽을 수는 없는건가요?",네, ,,18.03.13
특허법,조문,47조,47조 보정?댓글수1?사진첨부,"임변리사님 안녕하세요 다른 분께서 남기셨던 질문 관련하여 저도 저 판례를 보고 궁금했던 점이었어서 질문드립니다. 제목만 봐서는 말씀하신대로 틀린 것 같은데, 그 판시이유를 읽어보면 옳은 것도 같아서 어떻게 정리하면 좋을지 궁금합니다. 아래의 2012후3121은 잘못된 판례이고 비판받아야한다 라고 기억하고 있으면 되나요? 항상 감사합니다!!","판례를 한 번만 제대로 읽어 보면, 답을 알 수 있습니다. 이 사안에서는 진보성 위반이 보정에 의해 발생한 새로운 거절이유가 아니었기 때문에 보정각하하지 않겠다는 것이 판례의 요지이며, 전혀 잘못 되지 않았습니다. 일반적인 기준에 부합되는 판례입니다.", ,,18.03.14
특허법,조문,53조,[53조?]분할출원의 기간 특례 두문자?댓글수1,분할출원의 기간 특례에 4개가 있어 그 두문자가 '청번조심'이라고 하셨는데 아무리 책을 찾아봐도 그것들이 어디에 있는 말들의 두문자인지 찾을 수가 없습니다ㅠ 죄송하지만 '청번조심이' 어느 페이지의 두문자인지 여쭤봐도 될까요..?,청구범위제출유예/번역문제출기간/조약우선권주장의 증명서류 제출기간/심사청구기간 입니다. 열공하세요~, ,,18.03.19
특허법,조문,30조,[30조] 공지 등이 되지 아니한 발명으로 보는 경우?댓글수1,"안녕하세요? 임병웅 변리사님 30조 법조문에서 이해가 가지 않는 부분이 있어 질문드립니다. 이지특허법에서도 도저히 못찾아서 질문드릴게요. 30조1항에서 '특허를 받을 수 있는 권리를 가진 자의 발명이 다음 각 호의 어느 하나에 해당하게 된 경우~' 이런식으로 되어있고 각 호에서는 '~그 발명이 29조1항각호의 어느 하나에 해당하게 된 경우~' 이런 구성으로 되어있는데, 이해가 가지 않는 부분은 특허를 받을 수 있는 권리가 29조2항에 해당하게 된다면 위에서 적은 30조1항 전제를 벗어나는 경우 아닌가요? 실무에서는 이 신규성예외적용주장에서 특정하는 발명이 특허출원과 동일한지 용이한지와 관계없이 주장이 가능하다는 것은 알고있습니다. 실무에서는 동일한지 용이한지 보지 않으니까 상관없는데 논리적으로 해석에 의할때는 법조문에 흠이 있는것이 아닌가 해서 질문드립니다. 즉 실무를 생각하지 않고 법조문만 따질 때 특허를 받을 수 있는 권리를 가진 자의 발명이 어느 공지기술로 인해 용이하게 창작되는 경우 위 법조문의 전제에 부합되지 않아 예외주장적용이 않된다고 해석이 되는데 제가 잘못 생각하고 있는지 알려주세요... 결론은 당연히 적용이 되는 것으로 알고있습니다만 법해석을 어떻게 해야하는지에 대해 질문드려요~ 제가 주저리주저리 써서 어떤 질문인지 이해가 안가셨을까봐 걱정되네요... 좋은 주말되세요~ 저작자 표시컨텐츠변경비영리","안녕하세요? 법 제30조제1항에서 ""각호의 어느 하나에 해당하게 된 경우""란 공지기술이 된 경우를 말하고, ""제29조제1항 또는 제2항을 적용할 때에는 그 발명은 같은 조 제1항 각 호의 어느 하나에 해당하지 아니한 것으로 본다.""는 의미가 신규성, 진보성 판단시 공지기술이 아닌 것으로 본다는 것을 말합니다. 법 제30조를 꼼꼼히 읽어 보세요~", ,,18.04.15
특허법,조문,29조,[29조]진보성 참고적 판단 방법?댓글수2,"안녕하세요 선생님! 29조 2항 진보성 관련하여 궁금사항이있습니다. <진보성의 참고적 판단 방법>에있어서 파리조약특허독립원칙상 외국에의 대응특허여부는 진보성인정근거로 참작할수 없다 라고 책에 나와있습니다. 각주 판례2002후1775에는 '다른나라의 심사예는 고려대상이될수없는 것이므로..' 강의시에는 '통상의 기술자기준이 나라마다 다르기에 참작할수없다'라고 말씀해주셨는데요~! 「공지기술여부와 진보성판단부분중에 외국관련한부분이 헷갈려서 질문을드립니다!」 '공지기술여부'는 국제주의라서 외국의특허공보도 활용될수있지만 외국의특허로는 '진보성인정여부'를 판단하지 않는다. 이것은 '공지기술'은 기술자체가 공개되있는것이기에 외국이든 국내든 판단에 상관없지만, 외국에 특허등록이되었다는것은 외국의 통상의기술자 기준으로 판단한것이기에 그것만으로는 진보성인정의근거로 참작할수없다 라고 보는게 맞는지 궁금합니다..","전혀 잘못 이해하고 있습니다. 법 제29조제2항의 진보성 판단은, <통상의 기술자>가 <공지기술>에 의하여 용이한지 여부를 판단하는 것인데, <통상의 기술자>의 수준을 결정함에 있어서 국내의 기술을 고려해야 하는 것이고, <공지기술>은 국제주의에 의해 결정되는 것입니다. 즉, 외국의 특허공보를 가지고 진보성을 판단함에 있어서, 국내의 기술수준만을 고려하여 통상의 기술자를 결정하고, 용이한지 여부를 판단하는 것입니다. 열공하세요~", ,,18.04.24
특허법,조문,42조,[42조] 발명의 설명과 청구범위 기재요건의 취지가 잘 이해가 안됩니다?댓글수1,"안녕하세요 임병웅 변리사님 해당 취지들이 잘 이해가 안되는데요... 발명의 설명의 기재요건 42조 3항 1호의 경우에는 취지가 발명의 공개에 의한 독점권 부여인바, 통상의 기술자가 용이하게 이해가능하개 기재해야 한다고 합니다. 반면 청구범위 기재요건인 42조 4항 1호의 경우에는 취지가 공개되지 않은 발명에 대해서는 독점권을 부여하지 않는다는 취지라고 하는데요... 사실 청구범위가 발명의 설명의 범위 안에서 기재돼야한다는 것 자체는 이해되지만, 그 이유가 ""공개되지 않은 발명에 독점권을 부여하는것이 불합리하다""는 점이 잘 이해가 가지 않습니다. 제가 생각했을 때에는 결국 통상 출원일로부터 1년 6월이 지나면 출원공개를 하게 될 것이고, 결국엔 발명의 설명과 청구범위 모두 공개가 되기 때문에, 청구범위 역시 공개되지 않은 발명이라고 보기는 힘들것 같애서 입니다. 왜 42조 4항 1호의 경우에 ""공개되지 않은 발명에 대해서"" 독점권을 부여하는것이 불합리 하다는 것을 취지 또는 근거로 하는 건가요?? 답변 감사합니다.","안녕하세요? 발명의 설명에 기재된 A와 청구범위에 기재된 A는 개념이 다릅니다. 발명의 설명에 기재된 A는 해결하고자 하는 과제, 해결과제, 효과, 실시예 등을 기재한 것이고, 청구범위에 기재된 A는 해결과제만을 기재한 것입니다. 발명의 설명에는 A가 없는데 청구범위에만 A가 기재된 경우, 공개되더라도, 통상의 기술자가 쉽게 실시할 수 있을 정도까지 기재되지 않은 것입니다. 열공하세요~", ,,18.05.04
특허법,문제,38조,[38조1항]제3자 대항요건 관련하여 질문드립니다?댓글수1,"안녕하세요 2차 준비중인 수험생입니다. 공부하다 의문점이 생겨서 질문드립니다. 간단히 사안을 말씀드리고 사안에 대입해서 질문드리겠습니다. <사안> 1. 갑이 발명을 완성하여 특허받을수 있는 권리를 가지고 있다 2. 갑이 을에게 특허받을수 있는권리의 20% 지분을 양도하였다. (을이 출원한바는 없음) 3. 을에게 지분 양도 후, 갑이 을의 동의 없이, 병에게 특허받을수 있는 권리 80% 지분을 양도하였다. <관련된 규정> 38조 1항은 출원전 특허받을 수 있는 권리의 승계에 관하여 제3자 대항요건으로 규정합니다. 37조 3항은 특허받을 수 있는 권리가 공유인 경우 지분을 양도하려면 다른 공유자 모두의 동의를 규정하고 있습니다. (* 관련 법리인지는 모르겠으나, '제3자 대항요건'과 관련하여 저작권법상 판례는 '제3자'의 의미를 '등록의 흠결을 주장하는데 대하여 정당한 이익을 가지는 제3자'에 한한다고 판시) <질문> 위와 같은 사안에서 병이 특허받을 수 있는 권리 80% 지분을 갖지 못하는 것인지 궁금합니다. 제 생각으로는 출원전 지분양도는 제3자 대항요건이므로, 우선 을에게 지분양도 효력발생하여 특받권(20%) 귀속되지만 을이 출원한 바 없어서, 병에 대하여는 특허 받을수 있는 권리를 공유하고 있다고 주장할 수 없게 되는 결과 을의 동의가 없더라도, 병에 대한 갑의 특받권(80%) 양도도 유효하고 결과적으로 을(20%), 병(80%) 특받권을 공유한다고 생각합니다... GS문제해설로는 갑(80%), 을(20%) 지분을 갖는다는 결론이었습니다. 공유관계 성립에 대하여는 특받권 이전 후 출원했는지와 관계없이 인정해야하고 그 결과 공유자 동의 없이 지분양도 받은 병은 특받권 지분을 갖지 못하는 것인가요?..ㅠㅠ GS문제에 대해서 따지려는 것처럼 보일수도 있겠지만 정말 그런건 아니고, 관련법리의 흐름이 궁금해서 질문드립니다..ㅠㅠ","사실 관련판례가 판시된 적이 없기 때문에 애매한 문제라고 할 수 있습니다. 사견으로는, 법 제38조 제1항의 입법취지가 1) 출원전 승계는 공시할 수단이 없다는 점, 2) 출원 전 승계를 받은 경우 신속히 출원을 유도하기 위한 점이라는 것을 고려해 볼 때, 특허를 받을 수 있는 권리가 공유인 경우 무체성으로 인해 다른 공유자를 보호하겠다는 법 제37조제3항의 입법취지보다 우선한다고 할 수 없을 것 같습니다. 특히, 출원과 상관없이 공유자 사이의 지분 양도에 관한 내용이라면 법 제37조제3항에 의해 해결함이 옳다고 보입니다.", ,,18.05.07
특허법,판례,55조,55조 국내우주의 동일성범위?댓글수1,임변리사님 안녕하세요! 최신판례강의자료에서 우선권주장출원의 동일성 판단은 A단계인 내재적 동일성까지라고 하셨는데 2006허7788판례에 의하면 우선권주장의 기초가 된 선출원의 출원서에 최초로 첨부된 명세서 등에 기재된 발명이라고 함은 그 최초 명세서 또는 도면에 기재된 것과 문언상으로 동일한 발명뿐만 아니라 그와 기술적 구성이 실질적으로 동일한 발명을 포함한다. 라고 하여 B단계인 실질적 동일성으로 판시한 것 같은데 어떤 것을 기준으로 해야 하나요? 답변 미리 감사드립니다!!,안녕하세요? 옛날 특허법원 판례와 최근 대법원 판례 중 뭐가 우선해야 될까요? 너무 자명한 질문인 것 같네요. 열공하세요~ 답글기능 더보기, ,,18.05.08
특허법,조문,53조,[53조] 변경출원의 그 출원 지위?댓글수1,"안녕하세요. 임병웅변리사님 기본강의를 듣다가 궁금한 점이 있어서 질문 올립니다. 강의노트로는 209쪽, 법조문으로는 53조 변경출원에서, 원출원의 공개가 있은 뒤에 변경출원이 있게되면 그 변경출원은 원출원의 공개가 공지기술의 지위를 갖게돼서 30조 공지예외적용 주장과 함께 출원해야하는 것인지 아니면 그럴 필요가 없는지가 궁금합니다!",안녕하세요? 변경출원의 소급효가 인정되기 때문에 원출원의 공개가 변경출원에 영향을 미치지 않습니다. 열공하세요~, ,,18.05.14
특허법,조문,29조,[29조] 선택발명의 진보성 판단방법 질문입니다.?댓글수1,"안녕하세요 임병웅 강사님 선택발명의 진보성 판단하는방법응 위한 정량적 기재요건 관련한 질문입니다. 일반적으로 선택발명은 의약 등의 화학발명에서 논점이 되는 경우가 많은것으로 알고있는데요.. 화학발명에서는 발명의 성립성을 담보하기 위한 취지 등으로 구체적 실험례를 반드시 기재하도록 하는것으로 알고있습니다. 그런데 선택발명의 경우, 판례에 의하면 위에 말씀드린대로 정량적 기재를 필수요건으로 표현하는데요.. 이건 선택발명이기 때문에 정량적 기재를 요구하는건가요 아니면 해당 판례가 문제된 사건이 화학관련 발명의 선택발명에 해당하기 때문인가요...? 답변 감사합니다.",안녕하세요? 화학관련 상관없이 선택발명의 현저한 효과를 입증하기 위해 정량적 기재(또는 이질적인 효과의 기재)를 해야 한다는 것입니다. 열공하세요~, ,,18.05.16
특허법,조문,47조,47조 보정 최초거절이유 보정따른 심사 조치?댓글수1,"최초거절이유에 따른 보정은 적법한 것으로 보고 심사를 한다고 배웠는데요 보정을 적법하다고만 보면 (거절이유가 극복됐다는 가정하에) ""거절이유 대응한 보정이 47조2항에 반해서 최후거절이유가 생긴 것을 어떻게 파악""해요? (분명히 보정 무조건 적법 인정하고 판단한다면서요 ㅠㅠ) 제가 뭘 잘못 이해한것인지, 말 자체로도 앞뒤가 안맞아서 질문 취지가 전달이 될지 자신이 없어요.ㅠ 답변 기다립니다 변리사님!","보정을 적법하다고 보는 것이 아니라, 보정된 명세서 또는 도면을 반영하여 심사를 한다는 것입니다. 심사결과 보정이 신규사항추가인 경우에는 거절이유통지를 합니다. 열공하세요~", ,,18.05.17
특허법,판례,33조,[33조] 1항에 대한 질문입니다.?댓글수1,"안녕하세요 임병웅 변리사님 판례집의 내용에 대한 질문입니다. [판례집 93p, 2009후2463] 발명자가 되기 위해서 신규성진보성을 갖추어야 하는것은 아니다 라고 판시하였습니다. 133조 1항 2호 단서 에보면 33조1항본문 위반을 이유로 무효심판을 청구할때는 특받권자만이 청구할수있다고 되어있는데, 그렇다면 사안에서 정당권리자의 발명을 일부변경하여 무권리자가 등록받은경우, 제3자의 조치와 관련하여 여쭙니다. 정당권리자의 발명이 신규성진보성을 갖추었다는 설문의 전제가 없다면, 투트랙중 무효심판청구를 하기위해서 위 판례를 언급하며 청구적격이 있다고 답안지에 기술해야 하는 것인지 궁금합니다","판례를 전혀 잘못 이해하고 있습니다. 제3자는 자기가 독자적으로 완성한 발명에 대해 특받권을 가지는 것이고, 남이 완성한 발명에 대한 특받권을 가지는 것은 아니기 때문에 청구인 적격이 인정되지 않습니다. 열공하세요~", ,,18.05.23
특허법,조문,30조,[30조] 공지예외주장?댓글수1,안녕하세요? 임병웅 변리사님 공부하다보니 공지예외주장에서 불합리한 점이 보여 질문드립니다. 공지예외주장의 경우 심사 단계에서 주장이 가능한데 출원인이나 심사관 둘 다 공지 사실을 발견하지 못하고 등록 받아 후에 공지 사실이 밝혀져 무효심판청구가 들어오면 출원인의 입장에서 공지예외주장을 했다면 등록 받을 수 있던것을 심사단계에서 하지 못해서 무효가 되면 억울하지 않나요? 특히 1항1호의 경우에는 출원인의 잘못이라 생각해 합리적일 수 도 있으나 1항2호의 경우에는 출원인도 모를 확률이 높고 심사단계에서 문제가 되는 경우 의견서를 통해 주장하면 된다고 책에 나와있는데 심사관이 공지 된 사실을 모르고 등록 후에 나중에 밝혀지면 그대로 무효가 되는것이 맞나요? 책이나 법조문 보면 이렇게 해석되는데 많이 불합리한것 같아서 제가 제대로 이해하고 있는지 궁금해서 질문드립니다. 실무에서는 어떻게 되는지 알려주시면 감사드리겠습니다. 저작자 표시컨텐츠변경비영리,"안녕하세요? 법조문 해석을 잘못 하고 있네요. 의사에 반한 공지, 즉 제30조제1항제2호는 공지된 날로부터 1년 이내 출원했다면 등록후에도 주장가능합니다. 열공하세요~", ,,18.05.30
특허법,조문,29조,[29조] 무권리자에 해당하는지 판단 (똥일성 여부)?댓글수1,"무권리자인지 판단할 때 '발명자가 한 발명의 구성을 일부 변경함으로써 그 기술적 구성이 발명자가 한 발명가 상이하게 되었다 하더라도, 그 변경이 통상의 기술자가 보통으로 채용하는 정도의 기술적 구성의 부가-삭제-변경에 지나지 아니하고 그로 인하여 발명의 작용효과에 특별한 차이를 일으키지 아니하는 등 기술적 사상의 창작에 실직적으로 기여하지 아니한 경우도 무권리자에 포함된다고 판시하였다.' 에서 동일성을 판단할때 용이성으로 판단하는데 '등'이 있기때문에 그 이상인 6단계로 본다는 뜻인가요?",네. 일반적인 기준은 기술적 사상의 창작에 실직적으로 기여했는지 여부입니다. 열공하세요~, ,,18.06.01
특허법,조문,29조,[29조] 출원발명의 등록금지적 효력?댓글수1,공지기술의 지위는 공지/ 공연실시/ 반포된 간행물에 게재/ 전기통신회선을 통하여 공중이 이용가능하게 된 경우에 인정이된다. 라고 알고있습니다. 그런데 출원공개는 왜 반포된 간행물에 게재에만 해당하는지 모르겠습니다.. 다른 것들로는 출원공재가 되지않는건가요?,"신규성 상실사유 중 어느 하나에 해당하면, 공지기술이 되는 것이고, 어떤 사유로 공지기술이 되느냐와 관련해서는 특허취소사유에 해당하느냐를 제외하고 구별의 실익이 크지 않습니다. 한편, 공지가 가장 포괄적인 개념이고, 나머지는 예시적인 개념이기 때문에 출원공개를 공지로 파악할 수 있습니다. 열공하세요~", ,,18.06.01
특허법,조문,51조,[51조] 보정각하의 예외 4) 강의자료 관련 질문 (보정으로 인해 새롭게 발생한 거절사유에 대해 추후 단계에서 발견 시 거절결정)?댓글수1?사진첨부,"변리사님 안녕하세요. 강의자료를 보면서 복습하다가 문득 궁금한 부분이 있어 질문을 올리게 되었습니다. 강의자료 182쪽이며, 강의자료에서 말하고자 하는 주된 내용은 아니지만 의문이 생긴 부분이 있습니다. '재심사4' 에서 '② 발견: 거절결정' 이라고 기재되어 있는데요. ② 사유는 보정2에서 발생한 거절원인이고, 따라서 재심사4에서는 거절결정이 아니라 최후거절이유통지가 아닌가 하는 생각이 듭니다. 거절결정은 원거절사유가 해소되지 못했을 때 나온다고 알고 있습니다. 제가 잘못 생각한 부분이 있을까요? 확인해주시면 감사하겠습니다.",안녕하세요? 원거절이유가 해소됨을 전제로 새로운 거절이유가 발견되었는지 보는 것을 모르고 있습니다. 원거절이유인 2번의 거절이유가 그대로 있기 때문에 바로 거절결정됩니다. 열공하세요~, ,,18.06.02
특허법,조문,29조,[29조] 고도성 관련 질문?댓글수2,"안녕하세요 임병웅 변리사님 이지특허법 17판으로 기본강의를 수강하다 질문이 생겨 글 남기게 되었습니다. 1. 17판 202~203쪽에 보면 발명의 고도성과의 관견에서 '출원인은 자기의 주관적 판단하에~ 심사관은 고도성이 있는지 여부는 판단하지 아니하며~'라고 나와있는데요. 그럼 발명의 성립성에서 '고도성'은 실체심사시 심사관이 판단하지 않고 오로지 출원인이 판단하는건가요? 즉, 실체심사상 심사관에의해 고도성 흠결에 의한 발명의 성립성 흠결로 29조 1항으로 거절이유가 될 수 없는건가요? 2. 특허 절차에 있어서 특허출원의 경우는 출원서 명세서 필요한도면 요약서 4가지 문서만 제출하면 따로 심사나 판단없이 출원이 되는건가요? 항상 좋은강의 해주셔서 감사합니다. 좋은하루 보내세요~",안녕하세요? 1. 네 2. 법 제42조의2를 조금 더 공부하면 알게 됩니다. 열공하세요~, ,,18.06.03
특허법,조문,42조의2,[42조의2] 특허출원일 등?댓글수1,필요한 도면같은경우에는 특허출원일을 받으려면 필요하다고 되어있습니다. 그말은 도면이 필요없을때는 안써도 특허출원일을 받을수 있는건가요? 그리고 교과서 299p에 필요한도면의 흠결시 법적취금에서 '도면이 기재방식에 위반된 경우 기간을 정하여 보정을 명하고 출원인이 그 기간에 보정을 하지않으면 출원을 무효로 할 수 있다.'라고 되어있는데 판서노트 117p에 보면 청구범위와 마찬가지로 필요한 도면 앞에서 ●가 없습니다. 양쪽의 해석이 헷갈려서 질문드립니다.,"1. 네 그렇습니다. 2. 도면이 필요하지 않아서 제출하지 않은 경우에는 위반이 없습니다. 다만, 제출했는데 기재방법이 잘못된 경우 방식위반입니다. 열공하세요~", ,,18.06.03
특허법,조문,36조,[36조] 선출원주의에서 발명의 동일성 판단 기준?댓글수1,"안녕하세요 변리사님. 항상 친절한 답변 감사드립니다. 36조(선출원)에서 발명의 동일성 판단 시, 2009년 판례에 의하여 신규성, 확선보다 실질적 동일성의 범위를 넓게 인정하고 있다고 하여 진보성 수준의 용이성까지 동일한 발명이라고 판단하고 있으며, 이는 비판받는 판례라고 하셨습니다. 따라서 강의노트 91쪽(출원발명의 등록금지적 효력 CASE)의 오른쪽 사례에서, 乙이 A'를 출원하는 경우 (1)~(4)의 범위에서 이론적으로는 등록이 가능하나, 판례에서는 36조 위반이 된다고 하셨습니다. 이론과 판례가 다른 점은 이해가 가나, 시험에서는 어떻게 대처해야 할지요? 의견주시면 감사하겠습니다.","안녕하세요? 질문규칙에 맞지 않습니다. 강의노트가 어떻게 기술되어 있는지 설명해 주거나, 사진을 첨부해 주세요. 열공하세요~", ,,18.06.12
특허법,조문,52조,[52조] 재심사청구와 분할출원에 대해 질문입니다?댓글수1,안녕하세요 임병웅 강사님 재심사청구를 하면서 분할출원이 허용되지 않는다고 하는데요.. 이건 특허법의 재심사청구의 효력의 해석을 통한건가요.. 아니면 심사규정의 내용인건가요..? 답변 감사합니다!,"뭔가 잘못 이해하고 있네요. 재심사청구를 하면서 분할출원 가능합니다. 다만, 재심사청구후 거절결정등본송달일로부터 30일이 잔존하더라도, 더 이상 분할출원이 불가능합니다. 심사기준에 있는 내용(특허청, 「특허ㆍ실용신안 심사기준(예규 제101호)」, 2018, 5406면)입니다. 기본서를 정독해 보시는 것을 추천드립니다. 열공하세요~", ,,18.06.19
특허법,조문,29조,[29조] 진보성 판단 관련한 법리 질문드립니다?댓글수1,"안녕하세요 임병웅 강사님 특허법상 용이가 문제되는 장면은 크게 29조2항, 42조3항1호, 자유실시기술판단 인데요 현재 2차교재에는 진보성판단시 보다 자유실시기술판단시에 용이의수준을 낮게보는것이 타당하다고만 되어있는데, 혹시 이에 관한 조금더 구체적인 논의나 논문등에서, 3개의 장면 사이의 용이정도를 비교한 것이 있나해서 질문드립니다 혹시 별 문제 안되는 부분인가요?","안녕하세요? 1차, 2차 시험과 상관없는 논의입니다.", ,,18.06.22
특허법,판례,54조,"[54조, 55조] 판례 2004허8749와 이중우주 관련되어 질문드립니다.?댓글수2","안녕하세요? 열심히 특허 공부하고 있는 정구향이라고 합니다. 강의노트 216쪽 최선성의 CASE에 특허법원 판례 2004허8749에 대해 설명이 되어있습니다. 결론은 이와같이 우선권을 주장할 시 우선권 주장을 인정할 수 없기 때문에 Z의 Y기초 우선권 주장 한국출원 중 전출원(X)와 1국출원(Y)와 같은 발명(A)에 대해 우선일 소급효를 인정하지 않는다는 것입니다. 이 때 Y 출원이 출원공개되었을 때 Z출원의 A는 신규성을 상실한다고 판시하였습니다. 따라서 Z 출원은 A를 삭제 보정을 해야하고, Z의 A에 대한 공지기술지위, 확선지위, 선출원지위 모두 없다고 생각됩니다. 그러나 강의노트 233쪽에서 55조 이중우주에 대한 그림에서는, 위와 사실관계가 거의 비슷하나, Z출원발명(A,B,C) 중 A는 이중우주이기에 소급효가 없고, Z가 공개시 Z의 A는 확선의 지위와 공지기술 지위, 선출원의 지위 모두 있다고 그려져 있습니다. Z출원의 우선권 주장출원Y출원이 취하 되었더라도 Y가 이미 공개되어 Y는 발명A, B에 대해 공지기술의 지위를 가지고 있기 때문에 216쪽의 판례와 같이 Z의 A는 신규성을 상실하는 것이 맞다고 생각됩니다. 두 경우에 어떠한 차이가 있기에 비슷한 사실관계에서 다른 결론이 나오는지와 제가 어느 부분의 개념이 부족해서 잘못이해하고 있는 것인지 궁금합니다.","안녕하세요? 1. 먼저, 신규성 위반이라고 할지라도 공개된다면 공지기술의 지위, 확선의 지위가 인정됩니다. 2. 강의노트의 경우 현재는 신규성 위반이어서 현재 상태에서는 선출원의 지위가 없는 것이 맞습니다. 다만, Z출원이 Y공개 전에 이루어졌다면 출원인이 동일하여 확선 위반이 아니기 때문에 선출원의 지위가 있습니다. 열공하세요~", ,,18.06.24
특허법,조문,36조,[36조] 선출원 주의에서 동일출원 동일성에대해 질문드립니다.?댓글수2,이지 p215 등에서 볼 수 있는 심사기준입니다. 같은 날 출원된 발명A와 발명B에 대한 동일여부는 발명 A를 선출원으로하고 B를 후출원으로 한 경우이 후출원이 선출원과 동일하지 않지만 발명B를 선출원으로 하고 발명 A를 후출원으로 한 경우 후출원이 선출원과 동일하지 않으면 양자는 동일하지 않다. 에서 1.이러한 경우가 어떤 경우가 있을지 궁금합니다. 2.그리고 물건발명과 제법발명의 경우물건발명이 인용대상이고 본원발명이 제조방법인 경우 일반적으로 동일하지 안ㅍ다고 보로 반대의 경우 동일하다고 볼 수 있는데 이런 경우에 위 심사기준에 따르면 두 발명은 동일하지 않은 것으로 취급하게 되는 건가요? .. 어느 부분을 놓치고 있는걸까요??,"1. 발명의 범위가 다른 경우와 발명의 범주가 다른 경우에 해당합니다. 발명의 범위가 다른 경우를 예로 들면, 선출원 a+b, 후출원 a+b+c인 경우 후출원은 선출원과 동일성이 없지만, 선출원 a+b+c, 후출원 a+b인 경우 후출원은 선출원과 동일성이 있습니다. 이 때 a+b와 a+b+c를 동일자 출원한 경우 동일성이 없습니다. 2. 동일자 출원의 경우 동일성이 없는 것으로 취급합니다. 열공하세요~", ,,18.06.27
특허법,조문,52조,[제52조] 분할출원 확대된선출원에 관하여?댓글수2,"안녕하세요, 올해 초 강의 듣고 복습하던 중 의문이 들어 질문 드립니다. 16판 특허법 교재 p.455에서 분할출원 소급효 예외 중 확대된 선출원에 관한 규정의 설명에서 ""다른 출원에 해당하는 경우 원출원의 명세서 도면에는 포함되어있지 아니하지만 분할출원의 명세서 도면에 포함된 발명에 의하여 원출원과 분할출원 사이의 제3자 출원을 거절시키는 것은 ~~특허법 목적에 반하기 때문에"" 라고 해설해주셨습니다. 질문은, 원출원의 명도에 포함되지 않은 발명은 어차피 분할출원의 요건을 만족시키지 못하는데 어떻게 저런 경우가 나타날 수 있는지에 대한 것입니다. 제 생각에는 원출원에서 청구범위 삭제보정을 할 때에도 최초 명세서와 도면이 그대로이기 때문에 원출원 출원공개시 확선지위가 생기므로 그 사이의 제3자출원은 어차피 원출원의 확선의 지위에 걸리게 될 것이니 원출원 최명도 범위 안에 있어야만 하는 분할출원의 최명도에게 확선지위에 있어서 소급효를 주더라도 문제가 없을 것으로 생각됩니다. 제가 잘못 생각하고 있는건지, 아니면 책에 적어주신 이유 말고 다른 절차적인 이유 등이 있는지 알고싶습니다.",, ,,18.06.28
특허법,조문,42조,42조4항2호 질문드립니다.?댓글수1,청구범위에 '0'이 포함된 경우 불명확한 청구범위라 하는데 그 의미가 0~10도의 온도처럼 범위가 아니라 주요부분의 비율이 0%인 경우 본호 거절이유라 이해해야 하는 것인가요? 감사합니다. 저작자 표시컨텐츠변경비영리,"말씀하신 내용을 포함하여 선택적 사항이 아니라 필수적 사항에 대한 데이터의 결론값이 0인 경우, 발명의 명확히 특정되지 않기 때문에, 법 제42조제4항제2호 위반이라는 것입니다. 열공하세요~", ,,18.06.28
특허법,조문,51조,[51조] 보정에 따라 발생한 새로운거절이유?댓글수2?사진첨부?파일첨부,"안녕하세요 임병웅 변리사님 항상 좋은 강의 잘듣고 있습니다. 현재 보정각하부분을 공부하다 질문 사항이 생겨 글 남기게 되었습니다. 아래 강의노트에서 4번의 사유가 심사3에서 발견되지않고 1이 발견되거나 3이 발견되어 최초,최후 거절이유가 통지된경우 그 이후 보정4를 한뒤 심사4에서 4가 발견된경우에도 보정각하가 되는것으로 이해했는데요.(일반심사단계) 그럼 이때에도 보정3이 보정각하가 되어 심사를 보정3 이전의 명도에 대해서 판단하는건가요?",안녕하세요? 네. 보정각하 됩니다. 열공하세요~, ,,18.06.28
특허법,조문,54조,[54조] 조약우주에서 정규성관련 질문?댓글수2,안녕하세요 임병웅변리사님 특허법 강의를 듣다 궁금한사항이 생겨 글남기게 되었습니다. 조약우주에서 선출원 요건에 정규성이 있는데 정규성은 출원의 방식심사에서 수리만 되면 이후에 무효 취하 포기 거절된 경우에도 우선권의 독립성으로 인해 정규성이 인정된다고 알고있습니다. 그럼 이때 방식심사상 46조에 의해 보정명령을 받은경우에도 수리는 되기때문에 이후 보정을 하지않아 무효가 되더라도 정규성이 인정되는 것인가요?,네. 그렇습니다. 출원의 무효와 불수리의 차이점입니다. 열공하세요~, ,,18.06.29
특허법,조문,41조,41조 수용 관련 질문드립니다.?댓글수1,특허권이나 특받권을 1/2 지분에 대해서만 수용도 가능한 것인가요?? 가능하다면 근거가 궁굼합니다. 감사합니다.,해석상 가능하지 않습니다. 열공하세요~, ,,18.07.05
특허법,조문,47조,[47조] 보정의 적법성 판단시기 질문?댓글수2,"안녕하세요 임병웅변리사님 다름이아니라 현재 기본강의로 공부를 진행중인데 질문사항이 생겨 글남기게 되었습니다. 47조 실체보정의 절차에서 47조 1항 2호,3호 시기에는 실체심사전에 보정의 적법성부터 파악하는걸로 알고있는데요. 그렇다면 이때 보정의 적법성판단은 보정과 동시에 바로 진행되기 때문에 보정의 방식심사단계에서 한다고 보면 되는건가요? 항상 좋은강의 해주셔서 감사합니다!",안녕하세요? 보정의 적법성 판단은 보정과 동시에 진행되지 않습니다. 실체심사할 때 심사관이 판단합니다. 열공하세요~, ,,18.07.05
특허법,조문,52조,[52조~56조] 출원의 적법성 관련 질문?댓글수2?사진첨부,"안녕하세요 임병웅변리사님 다름이아니라 이지로 공부하고 배운부분들을 도해로 정리하며 공부를 진행하고있는데 질문사항이 생겨 글 남기게 되었습니다. 1. 먼저 첨부한 그림에서(도해 132쪽) 분할ㅡ분할의 경우에 괄호안에 손자출원에 대한 얘기가 적혀있는거 같은데 맞나요? 제 생각이 맞다면 제가 수기로 적어논 X출원의 최명도>= Z출원의 명도 까지 만족해야 X출원일로 소급된다고 생각하는데 그 부분은 빠진건가요? 2. Y가 조약 또는 국내우주출원이고 Z가 분할 또는 변경출원인 경우에는 괄호에 적혀있는게 소급효의 예외인 확공조국등에서 조국을 얘기하는거 같은데 맞나요? 제 생각이 맞다면 이 경우 분할출원인 Z출원에 조약이나 국내우주가 같이 수반되었을때 (즉, Z분할출원과 동시에 조약이나 국내우주가 된 경우) 괄호안에 내용을 적용할수 있는거라 생각하는데 맞나요? 항상 좋은강의 해주셔서 감사합니다! 좋은하루 보내세요.",안녕하세요? 1. 네. 수기로 적어놓은 부분까지 포함해야 X 출원일까지 소급효가 인정됩니다. 2. 네. 맞습니다. 열공하세요, ,,18.07.06
특허법,조문,52조,[52조] 공지예외적용주장을 수반하는 분할출원?댓글수1,"안녕하세요 임병웅 변리사님 52조 관련 질문이 있어서 글 올립니다. 분할출원에서 공지예외적용주장을 하기 위해서는 공지된 날로부터 12개월 이내 그 취지를 적어 출원하여야 하고, 그 출원일로부터 30일 이내 증명서류를 제출하여야 한다. 그런데, 분할출원이 이와 같은 공지예외적용주장을 수반하는 경우에는 출원인의 이익을 위해서 12개월의 판단은 원출원일을 기준으로, 취지 및 증명서류에 대한 것은 분할출원일을 기준으로 판단하게 된다. 에서 출원인의 이익을 위해서 라는 것의 이유가 궁금합니다. 12개월의 판단을 원출원일로 하는 이유가 실무적으로 볼 때, 일부러 그 기간이 거의다 지나게 할려고 하는건가요? 즉, 만약 그 사이에 제3자 출원이 있으면 특허를 못받을 수도 있는 상황이 될 수도 있으니 이에 대한 이익을 보호하게 해주려고 12개월의 판단을 원출원일로 하는 건가요? 30일의 판단에 대해서는 어쨌든 기간이 지났을 수도 있으니까 그에 대한 증명서류는 제출해야 하기에 분할출원일 기준으로 해주는 것이 출원인의 이익을 위한거라 판단하는 건가요??","안녕하세요? 완전히 잘못 이해하고 있습니다. 공지---(1년)----원출원----(6개월)----분할출원을 가정하였을 때, 분할출원일을 기준으로 12개월을 판단하면 공지예외적용주장을 못하기 때문에 원출원을 기준으로 12개월을 판단하고, 원출원을 기준으로 취지 및 증명서류를 판단하면 현재 시점에서 이미 절차를 지키지 못하고 지나쳐 버렸기 때문에 분할출원일을 기준으로 취지 및 증명서류를 판단합니다. 열공하세요~", ,,18.07.09
특허법,조문,47조,[47조] 보정 시기 및 여러차례의 보정?댓글수3,"안녕하세요. 변리사님 몇가지 질문드리고 싶습니다 질문1. 47조1항 본문시기는 특허결정의 등본송달 전까지 보정이 가능하다고 하고 있습니다. 실체심사->특허결정->송달까지 어떤 간격으로 프로세스를 진행하는지 궁금합니다. 보정은 심사청구 후 실체심사시에 반영하여 하는걸로 알고 있는데, 47조 1항 본문 시기는 특허결정 등본 송달 전인 실체심사 도중에도 보정서 제출이 가능하다는 것인가요? 실체심사 도중에 보정이 허용되면 그로인해 심사부담이 생기지 않나 의문입니다. 실체심사기간의 마지막날에 결정여부가 정해지면 바로 결정되고, 특허결정등본송달도 바로 하는것인지 궁금합니다. (즉 실체심사종료후 특허결정은 되었으나 아직 등본송달을 안했으면 제출된보정서는 어떻게 처리되나요?) 질문2. 보정서 제출및 심사하는 시스템이 이해가 되지 않습니다. 47조 제1항 본문의 시기는 이전 여러차례의 보정을 모두 고려한다고 하고, 47조 제1항 제1호 제2호의 시기에 여러차례의 보정을 하면 이전 보정은 취하간주한다고 하는데 이 때 시스템에서 자동으로 해주나요? 출원인이 일일이 해야한다면 취하간주되는 것이 이해가 되지 않습니다. 즉 본문의 시기의 여러차례 보정은 자동으로 더해주고 제1호 제2호시기의 어려차례의 보정은 최후의 보정서만 적용되고 심사관은 그 최후의 보정서만 보면서 실체심사하나요? 질문3. 또한 심사시 보정서를 검토할때 거절이유통지 이전시기의 보정도 같이 비교하여 검토하는지 궁금합니다. 거절이유통지 이전의 보정도 같이 비교하여 검토한다고 생각하고 있었는데... 아래와 같은 직권보정 문제에서 청구항 1 :A+B로 이루어진 장치 청구항 2 :청구항 1에 있어서 C를 추가 [최후거절이유통지:청구항1은 진보성 없음] [보정후 명세서] 청구항 1 : 삭제 청구항 2 : 청구항 1에 있어서 C를 부가한 장치 거절이유 전 명세서를 참고하면 청구항 1에 무엇이 있었는지 아니까 A+B+C를 청구하려고 했던 명백한 오기로 볼 수 있어 직권보정 가능하지 않나요? 질문 4. 만약 거절이유 이전의 보정서를 같이 검토하지 않는다면 원래 거절이유가 해소되었는지는 어떻게 알 수 있나요? 감사합니다. 저작자 표시컨텐츠변경비영리",안녕하세요? 1. 가능합니다. 실체심사를 하는지 출원인은 알 수 없습니다. 출원인이 알 수 없는 상태에서 보정시기의 제한을 받는 것은 절차적 이익을 해하는 것입니다. 2. 네. 자동적으로 됩니다. 3.4. 네. 비교합니다. 시스템적으로 볼 수 있도록 되어 있습니다. 열공하세요~,"감사합니다! 그럼 질문 3의 경우 직권보정이 가능한건가요? 강의에서도 그렇고, 이지특허 416쪽에도 직권보정하지 않고 최후거절이유통지한다고하여 헷갈립니다.","직권보정불가능합니다. 현재 남아 있는 구성이 c밖에 없어서, 어떻게 보정하리라는 것이 예측이 되지 않습니다. 즉, 명백히 잘못된 기재불비가 아닙니다.",18.07.11
특허법,조문,29조,[29조] 7항의 규정의 취지에 대한 질문입니다.?댓글수1,"안녕하세요 임병웅 변리사님 해당 규정에 의하면, pct 출원이 국내단계 진입하지 못하는 경우에는 확대된 선출원의 지위도 인정하지 않는다고 규정하는데요.. 이는 국제공개가 되더라도 국내단계에 진입하지 않는다면 국내공개로 볼수 없는것과의 균형을 맞추는 규정으로 이해하면 되는건가요?? 답변 감사합니다.","안녕하세요? 국내단계에 진입하지 않으면 국내공개로 볼 수 없다는 의미를 모르겠네요. 법 제29조제7항의 취지는 심사의 편의성 측면입니다. 한편, 국어로 출원한 경우에는 법 제29조제7항이 적용되지 않기 때문에 국내단계로 진입하지 않더라도 국제공개만으로도 확선이 적용됩니다. 열공하세요~", ,,18.07.13
특허법,조문,42의3,[42의3] 오역정정의 효과에 대한 질문입니다.?댓글수1,"안녕하세요 임병웅 변리사님 오역정정한 경우 보정의 효력을 인정하지 않는 취지에 대한 질문입니다. 여기서 이를 인정하지 아니함은, 심사의 대상이 되지 않도록 하고, 출원인이 다시금 심사의 대상을 명확히 할수 있게 하기 위함과 그 범위에 있어서 47조 2항의 신규사항에 위배되지 않게 하기 위함이 맞는건가요?? 답변 감사합니다.",안녕하세요? 네. 맞습니다. 열공하세요~, ,,18.07.13
특허법,조문,36조,[36조]선출원의 지위 질문입니다?댓글수1,확대된 선출원의 지위에서는 미완성발명이 다른 출원에 해당하지 않는다고 하는데 그렇다면 미완성발명이 선출원 지위에서의 다른 출원에 해당할 수 있나요?,"안녕하세요? 미완성 발명은 거절결정이 확정될 것이고, 거절결정이 확정된 출원은 법 제36조제4항에 의해 선출원의 지위가 없습니다. 열공하세요~", ,,18.07.14
특허법,조문,36조,[36조] 선출원주의 질문입니다?댓글수1,선출원주의에서 “거절결정을 할 때 선출원의 청구범위의 확정을 요함” 이라고 되어있는데 청구범위가 확정이 되는 그때부터 청구범위의 보정을 못한다는 의미인가요??,"보정을 못한다는 것이 아니라 후출원을 거절시키기 위해, 선출원의 지위가 인정되는 선출원의 범위를 확정해야 한다는 의미로 이해됩니다. 열공하세요~", ,,18.07.16
특허법,조문,29조,[29조] 7항의 규정의 관련하여 질문드립니다.?댓글수1,"29조 7항의 경우 선출원인 국제특허출원이 국내서면제출기간에 발명의 설명 및 청구범위에 번역문 제출 하지 않아 취하된 경우는 확대된 선출원의 지위를 적용하지 않는 것이고 55조 6항의 경우 선출원인 국제특허출원과 같은 발명의 국내우선권주장출원이 출원공개, 국제공개 또는 등록공개 되어 선출원에 관하여 공개된 것으로 간주하여 확대된 선출원의 지위를 적용하는 것이다. 제가 이 두 조항의 해석을 맞게 하였는지 궁금합니다 저작자 표시컨텐츠변경비영리",네 정확히 맞습니다. 열공하세요~, ,,18.07.16
특허법,조문,51조,[51조] 종전 거절이유를 해소하지 못한 경우?댓글수1,안녕하세요 임병웅변리사님 51조 1항에서 최후거절이유통지에 따른 의견서 제출기간 내의 보정에 따라 새로운 거절이유가 발생한 것으로 인정되는 경우에 결정으로 그 보정을 각하하여야 합니다. 여기서 그 보정에 따라 새로운 거절이유가 발생한 것은 해당보정서의 제출로 인하여 거절이유가 발생한 경우를 의미합니다. 반면 보정 후에도 종전의 최후거절이유통지시 지적한 거절이유가 그대로 존재하는 경우에는 새로운 거절이유가 발생한 경우도 아니고 거절이유를 해소하지 못하였으므로 특허거절결정을 하는 것으로 알고 있습니다. 그렇다면 이런 경우에는 보정 각하를 하지 않고 보정을 인정한 후에 거절결정을 하게 되는 것인가요?,안녕하세요? 네. 맞습니다. 보정각하를 하지 않는다는 것은 보정된 명세서 또는 도면에 의해 심사를 한다는 것입니다. 열공하세요~, ,,18.07.18
특허법,조문,54조,54조 주체적 요건?댓글수1,"안녕하세요. 변리사님. 변리사님 강의 및 교재로 쭉 공부중인 학생입니다 질문하나 드립니다. 조약우주 주체적 요건관련하여, 출원인 다른 경우 '우선권주장 승계'만 있어도 되는지 '출원 승계 + 우선권주장 승계' 모두 있어야 하는지 궁금합니다. 저는 후자로 이해하고 있습니다. 즉, 국내우주와 조약우주 모두, 선출원인과 동일인 또는 그 승계인만이 우선권주장을 할 수 있고, 다만 승계에 있어서 조약우주의 경우는, 국내우주의 경우와는 달리, ""출원""의 승계뿐만 아니라, ""우선권주장""도 별도로 승계를 해야것으로 이해하고 있습니다. 다만, 실무는 전자라는 이야기를 들어 질문 남깁니다. 즉, 파리조약 제4조 (A)(1)에, 기초출원과 우선권주장출원의 출원인이 다른 경우에도 우선권주장을 할 수 있다고, 이를 통해 조약우선권은 ""우선권주장의 승계만""으로도 우선권이 인정된다.라는 식으로요. 제가 잘못이해하고 있는 부분이 있으면 지적 부탁드립니다. 감사합니다.",안녕하세요? 우선권만 승계하면 제2국에 우선권주장출원을 할 수 있습니다. 반대로 제1국출원을 승계했다고 하더라도 우선권을 승계하지 못하면 제2국에 우선권주장출원을 할 수 없습니다. 열공하세요~, ,,18.07.19
특허법,조문,30조,[30조]공지예외적용주장 질문?댓글수1,안녕하세요 임병웅 변리사님. 30조 공지예외적용주장에 관하여 질문이 있습니다. 만약 공지일과 공지예외 적용주장한 출원(갑출원)일 사이에 타인의 특허출원(을출원)이 있으면 을출원이 공개된다면 확선지위를 위반으로 특허를 받을수 없게 될 수도 있다고 이지책에 나와있는데 을출원이 만약 공개되었다 해도 갑이 발명했고 출원했으면 확선이 적용되지 않고 어차피 을출원은 거절결정될것이기에 선출원지위는 없으므로 무조건 등록받을수 있는건가요?,법 제36조의 선출원과 제29조제3항의 확선은 별개의 특허요건입니다. 각각 별도로 판단하게 됩니다. 제목을 질문규칙에 맞게 수정해 주세요~, ,,18.07.24
특허법,조문,29조,[29조] 명세서의 범위 (청구범위와의 구분에 대하여)?댓글수1,"안녕하세요. 선생님. 필기노트 13페이지, ""명세서의 구조"" 파트를 보면 [명세서]를 구성하는 세부 항목으로 (발명의 설명)과 (청구범위)가 포함되어 있습니다. 필기노트 13p. [명세서] <발명의 설명> <청구범위> 따라서 청구범위가 명세서의 한 부분이라고 생각하였습니다. 그런데 확대된 선출원에서 최초 첨부된 명세서의 ""객체적 기준""(필기 p.86)을 보면 필기노트 86p. 최초 존재 최초 부존재 최초 청구범위 청구범위 최초 명세서/도면 명세서/도면 특허출원(X)---------------보정(X) 위 내용을 보면 청구범위와 명세서가 포함관계가 아니며 청구범위는 명세서와는 별개로 따로 있는 것이고, 명세서는 곧 발명의 설명만을 의미하는 것으로 생각됩니다. 실무상 '출원 절차'에 있어서 명세서의 의미와 '확선 적용'에 있어서 명세서의 의미를 다르다고 봐야 되는건지 궁금합니다.","명세서 안에 청구범위가 포함되어 있지만, 청구범위가 권리요구서와 권리서로서 역할을 하기 때문에, 별도로 구분해서 그림을 그리는 것입니다. 조금 더 강의를 들으면 잘 이해할 수 있을 것 같네요~", ,,18.07.24
특허법,조문,29조3항,[29조3항] 그 특허출원을 출원한 때의 출원인?댓글수1?사진첨부,"안녕하세요! 질문이 있습니다 29조 3항에서 '그 특허출원을 출원한 때의 출원인과 다른 특허출원의 출원인이 같은 경우' 에서 다른 특허출원의 출원인이 누구인지 판단할때 그 특허출원을 출원한 때를 기준으로 확인하면 되는건가요? 즉, 아래 그림에서 Y출원 전에 갑에서 을로 출원인 변경신고 되었다면 확선의 적용이 안되려면 Y출원인은 을이어야 하는건가요?","네. 맞습니다. 다만, 갑이 출원한다고 하더라도 발명자가 동일하여 확선의 적용이 배제될 것입니다. 열공하세요~", ,,18.07.26
특허법,조문,34조,"[34조, 35조] 소급효가 인정되지 아니한 정당한 권리자의 출원?댓글수1","변리사님 안녕하세요!! 정당한 권리자의 특허출원은 출원일이 소급되지 않더라도 무권리자의 선출원에 의하여 특허거절결정되지 아니한다. 무권리자의 선출원은 선출원의 지위가 없으며, ""발명자가 동일하여"" 정당한 권리자의 출원에 대해 확대된 선출원의 지위도 인정되지 않기 때문이다. 여기서 ""발명자 동일""이라는 개념이 좀 헷갈립니다. 1. 발명자 동일이라는게 정확히 어떤게 동일해야 동일하다는건지 잘 모르겠습니다. 2. 예를 들어 무권리자 출원(X)가 명세서도면: A,B ,청구범위:A이고, 정당한 권리자 출원(Y)가 명세서도면:A,C ,청구범위: A,C 이면 A가 동일성이 있어서 확선에 위반되지만(공개됐을때 가정) 무권리자와 정당한 권리자라는 말이 있어서 발명자가 동일하다고 하는건가요..? 3. 위 예에서 제3자가 명세서도면:C,D 청구범위:D 를 정당한 권리자가 출원하기 전에 출원하면 C가 확선에 위반되지만 이 때는 발명자가 동일하지 않다고 하는데, 여기서도 정당한 권리자가 C를 발명한 것이기 때문에 발명자가 동일하다고 하면 왜 안되는 거죠.... 발명자 동일이라는 개념을 잘 모르겠습니다 ㅜㅜ.... 저작자 표시컨텐츠변경비영리 댓글1추천해요0스크랩0","1.2. 출원(X)의 발명자와 출원(Y)의 발명자가 일치한다는 것입니다. 3. 제3자 출원(Z)의 발명자와 출원(Y)의 발명자가 일치하지 않습니다. 즉, 발명자 동일은 각각의 출원에 기재된 발명의 발명자가 일치한다는 것입니다. 열공하세요~", ,,18.07.27
특허법,조문,42조의3,"[42조의3, 47조] 외국어특허출원의 국어번역문제출효과와 보정범위 질문?댓글수1","임병웅 변리사님, 안녕하세요. 외국어 특허출원에서 질문이 있습니다. 질문1. 외국어특허출원의 국어번역문 제출의 효과(5항) 에서 '국어번역문제출시 외국어특허출원의 특허출원서의 최명도를 그 국어번역문에 따라 보정한 것으로 본다' 고 되어 있는데 그럼 보정의 소급효에 따라서 아예 처음부터 특허출원서의 최명도를 외국어가 국어로 제출했다고 간주하는게 되는건가요?? 질문2. 그렇다면 47조 2항 전단의 보정범위에서 이야기하는 '출원서에 최초로 첨부한 명세서 또는 도면에 기재된 사항의 범위'랑 모순되는것같은데 조문해석이 잘 안되네요ㅠㅠ 감사합니다",1. 네 2. 최초 명도와 명도의 차이점을 모르고 있습니다. 최초 명도는 보정과 상관없이 특정이 되는 것입니다. 열공하세요~, ,,18.07.29
특허법,조문,29조,[29조] 신규성에 대해 질문드립니다.?댓글수1,"심사의 대상이 되는 출원의 명세서 중에 종래 기술로 기재된 발명의 경우, 출원인이 그 명세서 또는 의견서 등에서 그 종래 기술이 출원 전에 공지되었음을 인정하고 있는 경우라도 이를 인용발명으로 하여 청구항에 기재된 발명의 신규성을 판단 할 수 있다. 라는 기출문제의 보기가 이해가 잘 안됩니다. 제가 이해한 바로는 균등론을 생각하면 특허발명의 전부가 공지공용의 것인 경우 그 권리범위를 인정할 수 없다 그래서 신규성은 판단 할 수 없다?? 라는 결론을 내리게 되었는데 이렇게 이해한것이 맞는 건가요?","안녕하세요? 다시 읽어보니 질문을 제가 잘못 이해했군요. 객관식 문제집의 기출문제는 공지된 것으로 인정하고 신규성을 판단할 수 있다인데, 질문은 출원인이 인정(자인)한 경우 이를 인용발명으로 하여 신규성을 판단할 수 있다이네요. 기출문제가 틀린 것은 인정이 아니라 추정이어야 하기 때문인데, 질문한 명제는 인정인지 아니면 추정인지 명확하지 않아서 틀렸다고 보기 어렵네요. 열공하세요~ 답글기능 더보기", ,,18.07.30
특허법,조문,42조,[42조] 명세서의 기재방법?댓글수1,"안녕하세요 변리사님. 밑의 질문에 대한 답을 보고 제가 어느부분을 잘못 알고있는지 여쭤보려 합니다. (심사의 대상이 되는 출원의 명세서 중에 종래 기술로 기재된 발명의 경우, 출원인이 그 명세서 또는 의견서 등에서 그 종래 기술이 출원 전에 공지되었음을 인정하고 있는 경우라도 이를 인용발명으로 하여 청구항에 기재된 발명의 신규성을 판단 할 수 있다.) 가 틀린 답이라고 하셨는데요 배경기술에 단순히 기재된것 만으로 공지기술이라 볼수없다는 건 알고 있었는데 도해91p에 젭슨청구항 특허요건 판단을 보면 '명세서의 전체적인 기재와 출원경과를 종합하여 출원인이 일정한 구성요소는 공지기술이라는 취지로 전제부에 기재함(공지자인)의 경우는 별도 증거없이 전제부 구성요소를 출원 전 공지된 것이라고 사실상 추정한다' 라고 나와있어서 전 위에 지문을 보고 배경기술에 기재되었지만 명세서 의견서등에 공지를 출원인이 인정한 공지자인의 경우라서 공지된 것으로 추정하고 신규성 판단 할 수있다가 맞다고 생각하였는데 어느 부분이 잘못되었나요?","안녕하세요? 다시 읽어보니 질문을 제가 잘못 이해했군요. 객관식 문제집의 기출문제는 공지된 것으로 인정하고 신규성을 판단할 수 있다인데, 질문은 출원인이 인정(자인)한 경우 이를 인용발명으로 하여 신규성을 판단할 수 있다이네요. 기출문제가 틀린 것은 인정이 아니라 추정이어야 하기 때문인데, 질문한 명제는 인정인지 아니면 추정인지 명확하지 않아서 틀렸다고 보기 어렵네요. 열공하세요~ 답글기능 더보기", ,,18.08.01
특허법,조문,56조,[56조] 우선권주장취하간주?댓글수1,"안녕하세요. 변리사님 제56조 제3항 ... ... 선출원의 출원일부터 1년 3개월 이내에 취하된 때에는 그 우선권주장도 동시에 취하된 것으로 본다. 조문에 관하여 질문입니다. 이지특허법 469쪽에 ""한편, 선출원의 출원일로부터 1년3개월이 지난 후에는 이미 선출원이 취하간주되었기 때문에 우선권주장출원이 취하되었다고 하더라도 우선권주장 취하간주의 실익이 없다""라고 되어있는데요. 별것 아닌것 같지만 논리 전개가 잘 되지 않아 헷갈립니다. 56조 3항 조문의 반대해석상 1년3개월 이후에 우선권주장출원이 취하되면 우선권주장 취하간주의 실익이 없는 것이 아니라, 취하간주가 적용되지 않는걸로 보면 안되나요? 실익이 없다는 것은 적용은 되나 그 실익이 없는것이고, 적용되지 않는거랑은 다르다고 생각했습니다. 즉, 1년3개월 전 : 우선권주장 취하가능(56조2항), 우선권주장출원취하시 우선권주장도 취하간주(56조3항), 선출원 不취하간주(56조1항) 1년3개월 후 : 우선권주장 취하불가(56조2항), 선출원 취하간주(56조1항), 우선권주장출원 취하가능(56조3항은 不적용) 이렇게 이해했는데 맞나요? 질문에 실익이 없는것같지만..답변 주시면 감사하겠습니다.",안녕하세요? 실익이 없기 때문에 법 제56조제3항에 규정되지 않은 것입니다. 말씀한 것처럼 실익이 없다는 것을 적용된다는 의미로 이해하는 것은 잘못된 생각입니다. 열공하세요~, ,,18.08.03
특허법,조문,34조,34조 35조 무권리자 출원 지?댓글수1?사진첨부,안녕하세요 임병웅변리사님 공부하다 궁금한 점이 있어 질문드립니다. 아래 사진애서 출원일불소급효 동그라미2번에서 36조와 29조3항은 문제되지 않음을 알 수 있겠는데 공지기술 지위로 인하여는 거절이 되는 지 궁금합니다.,"안녕하세요? 무권리자의 <출원>에 의해서 선출원과 확선을 판단하고, 무권리자의 <공지>에 의해서 신규성, 진보성을 판단합니다. 무권리자의 <출원>에 의해 거절되지는 않으나, 무권리자의 <공지>에 의해서는 공지일로부터 1년이 지났다면 거절될 수 있습니다. 열공하세요~", ,,18.08.03
특허법,조문,55조7항,[55조7항] 국내우선권주장 보정/추가 기간?댓글수1?사진첨부,"안녕하세요 변리사님, 국내우선권주장 보정 가능기간 질문드립니다. 그림에서 동그라미친 1년4개월 부분입니다. W출원은 X출원,Z출원을 기초로 우선권주장하여 출원되었는데요. Y기초 우선권주장을 추가할때 가능 기간 질문입니다. 1. W 출원은 X,Z만을 기초로 한 우선권주장 출원이고, Y기초 우선권주장은 아직 안되었으니까 이때 최선출원일은 그 중 국내출원인 Z가되어 Z로부터 1년4개월을 기산해야 하는게 아닌가요? 즉, ppt 그림이 잘못나온건가요? 2. 아니면 Y기초 우선권주장을 추가하려면 Y출원이 W출원으로부터 우선기간 1년을 만족할 뿐만 아니라 그림처럼 Y출원일로부터 1년4개월 이내여야 추가하는것이 가능한가요? 즉 Y를 추가함으로서 Y가 최선출원일이 되는건가요? 3. 만약 2번질문의 경우가 맞다면, (최선출원일이 늦춰지는경우는 없겠지만) 최선출원일이 앞당겨지는것이 가능하다는 것인데, 보정하거나 추가할 수 있는 기간도 그에따라 계속 바뀌는건가요? 조문을 읽다보니 최선출원일은 아직 우선권주장이 안된 Y를 제외하고 X와 Z로부터 판단해해서 그 중 국내출원인 Z가 최선출원일이 될것같아서 질문드립니다. 감사합니다.",안녕하세요? 1. Y출원일로부터 기산하는 것이 맞습니다. 2. 네 3. 네, ,,18.08.03
특허법,조문,29조,29조 발명의 성립성?댓글수1,"안녕하세요! 임병웅 변리사님 공부하다 궁금란데 있어 질문드립니다. ""발명이 자연법칙을 전체로서 이용하고 있다면, 일뷰에 자연법칙이 위배된 내용이 포함되어 있어도 발명의 성립성은 인정된다""라는 부분을 저는 맞다고 생각을 합니다 . 그 이유는 발명은 전체로서 판단하는 거지 일부로서 판단하는 것이 아니라고 생각하기 때문입니다. 그런대 위 내용은 틀린 지문이라고 하는데 왜 그런것인지 궁금합니다.","안녕하세요? 이론적으로 틀리나 판례가 이를 인정하고 있는 것입니다. 즉, 틀린 지문이라고 말할 수 없습니다. 기본서를 정독해 보세요~", ,,18.08.04
특허법,조문,54조,[54조]조약우선권주장출원에서 출원인의 동일성에 대해 질문있습니다?댓글수1,"우선권주장출원인은 선출원의 출원인과 동일인이거나 정당승계인이 할 수 있는데 여기서 ""동일인""이 가지는 의미가 뭔가요? 우선권주장출원은 선출원의 출원인이나 우선권승계받은 승계인이 할 수 있다라고하면 틀린 말이 되나요? 우선권은 받지않은 선출원의 승계인을 제외시키기 위해 쓴 표현같긴 한데 그렇다해도 선출원의 출원인까지만 쓰면되지 동일인이라는 표현이 꼭 필요한건지 알고싶습니다",<우선권주장출원인은 선출원의 출원인과 동일인이거나 정당승계인 = 우선권주장출원은 선출원의 출원인이나 우선권승계받은 승계인> 입니다. 열공하세요~, ,,18.08.04
특허법,조문,30조,[30조] 다른 특허요건과의 관계?댓글수2?사진첨부,"안녕하세요? 이론적으로 틀리나 판례가 이를 인정하고 있는 것입니다. 즉, 틀린 지문이라고 말할 수 없습니다. 안녕하세요 변리사님, 30조 공지예외적용주장출원에서 궁금한 점이 있어서 질문드립니다:) 위 사진에서의 경우, 1) 을이 A 출원(Y)한 날 다음날부터 출원 공개 전 사이에 갑이 A 공지예외적용주장 출원을 한경우, 발명자가 같아서 제 29조 3항의 예외가 적용되지 않는지 궁금합니다. 예외가 적용되지 않는다면, 같은 발명이지만 을 Y의 A 발명자는 갑이 아니라 을이기 때문인가요? 2) 또한, 을의 A출원(Y)가 출원 공개된 후에 갑의 A 공지예외적용주장출원이 이루어졌다고 가정하면, 이는 을의 A출원 공개는 공지예외적용사유가 아닌 다른 사유로 공지된 경우에 해당하여 을의 A출원(Y)을 공지기술로 갑 A출원의 신규성과 진보성을 판단해야하는지도 질문드립니다. 기본서를 정독해 보세요~",안녕하세요? 1. 네. 발명자가 다릅니다. 2. 네. 판단하게 됩니다. 열공하세요~, ,,18.08.07
특허법,조문,53조,53조 변경출원 질문드립니다.?댓글수1,"안녕하세요 임병웅변리사님! 공부하다 궁금한것이 있어 질문드립니다. ""최초 거절결정등본이 출원인에게 송달된 날부터 30일 이내에 재심사를 청구한 출원인이 해당기간 이내에 변경출원을 하는 경우에 재심사 절차는 종료된다""라는 지문인데요. 제가 생각하기에는 틀렸다라고 생각했습니다. 그 이유는 67조의 2에서 재심사가 청구된 경우에는 이전 거절결정은 취소된것으로 보고 다시 심사하는 것으로 알고 있으며.. 비록 최초거절결정 기간이내라도 재심사가 청구 되었으면 변경출원을 못하는 거라고 생각을 해서 입니다. 감사합니다.","안녕하세요? 분할출원과 관련되어서는 심사기준에 명확히 기술이 되어 있으나, 변경출원과 관련되어서는 그렇지 않습니다. 오히려 변경출원은 분할출원과 달리 시기가 제한적이라는 것을 고려했을 때, 분할출원과 달리 재심사청구를 한 후에도 변경출원을 할 수 있다고 해석하는 것이 합리적이라고 생각됩니다. 열공하세요~", ,,18.08.11
특허법,조문,55조,"55조 7항 국내우주 보정,추가?댓글수1",55조7항에 따라 선출원일(둘이상 최선출원일) 부터 1년4개월이내에 그 우선권 주장을 보정하거나 추가할수 있다. 에서 A최선출원 AB출원+국내우주 ABC출원+ 국내우주 에서 만약 A최선출원이 1년3개월이 되서 취하되면 55조7항 으로 ABC출원+국내우주에다가 A 국내우주 추가해서 이중우주 방지할 수 있나요??,"우주 추가 되지 않습니다. 우주 추가 당시 선출원이 법 제55조제1항제3호, 제4호 요건을 충족해야 합니다. 기본서를 정독해 보세요~", ,,18.08.14
특허법,조문,36조,[36조] 선출원주의 동일성 관련 질문?댓글수1?사진첨부,"안녕하세요 변리사님! 제가 확대된 선출원의 지위까지 강의를 듣고 복습하다가 이해가 안되는 부분이 생겨 질문드립니다. 표에서 동일성 인정여부(선출원주의 同日)에서 범주 상이, 범위 상이, 구성 변경일 경우 괄호 안의 부분이 왜 일반적 불인정인지 잘 모르겠습니다. 선출원주의에서는 용이성에 준하는 동일성 판단을 한다고 하고, 용이성은 실질적 동일성보다 더 높은 발명창작 수준에 해당되므로, 실질적 동일성에서 선출원주의의 동일성 인정여부가 신규성의 동일성 인정여부와 같아야 하는것이 아닌가요? 혹시 제가 확선까지 밖에 강의를 안들어서 아직 강의에서 배우지 않은 개념인가요??ㅠㅠ",아직 강의를 끝까지 듣지 않은 것 같네요. 뒤에서 강의합니다., ,,18.08.14
특허법,조문,34조,34조 정당한권리자의 보호 관련해 질문드려요.?댓글수1,"안녕하세요, 학업중 정당한권리자의 보호(34조)와 관련해서 궁금한점 있어서 질문드려요. 01. 정당한권리자 출원 최명도의 확선 인정 여부 무권리자가 발명(B,C)를 출원한 후(출원 1) 정당한권리자가 발명(A,B,C)를 출원한 경우(출원 2), 정당한권리자가 발명(A,B,C)를 발명(B,C)로 삭제 보정하면 무권리자 출원일로 출원일이 소급 인정하게 되며, 이때 선출원의 지위는 발명B,C / 확대된 선출원의 지위는 출원2의 최명도인 (A,B,C)가 되는게 맞나요?? 02. 분할출원 및 국내우주를 통해 무권리자 출원에 없는 발명 권리확보 가능여부 만약 정당한권리자 출원의 확대된 선출원의 지위가 최명도인 (A,B,C)로 소급 인정된다면, 이후 발명(B)&발명(A,C)로 분할출원 하거나 / (출원 2)를 기초출원으로 발명(A,B,C)를 국내우선권주장출원 함으로서 무권리자 출원에 없는 발명 A의 권리를 확보할 수 있는건가요?? 03. 무권리자 출원과 정당한권리자 출원 사이 제3자가 존재하는 경우 분할출원 혹은 우선권주장출원을 통해 발명 A의 권리 확보가 가능하다면, 무권리자 출원일(출원1)과 정당한권리자의 출원일(출원2) 사이에 발명(A)를 청구범위로 하는 제3자 출원(출원3)이 있는 경우, 제 3자 출원(출원3)은 정당한권리자 출원(출원2)보다 발명 A에 대해 선출원임에도 불구하고 정당한권리자의 출원(출원2)의 출원일이 무권리자 출원일(출원1)로 소급효가 인정되므로, 이후 정당한 권리자가 03-1. (분할출원) : 분할출원한 경우 분할출원에 의해선출원주의 위반이 되고 / 분할출원은 확선 소급효 예외 이므로 분할출원 공개시 선출원인 출원2에 의해 확대된선출원주의 위반으로 거절결정되고 03-2. (국내우주출원) : 국내우선권주장 출원을 한경우 우주출원의 선출원(출원 2)은 무권리자 출원일(출원1)로 부터 1년 3개월 후에 취하간주되므로 선출원주의 위반은 아니지만, 국내우주출원에의해 확대된선출원 주의 위반으로 거절결정되며 03-3. (정당한 권리자의 출원) : 분할출원이나 국내우선권주장 출원을 하지 않은경우엔 정당한권리자의 출원(출원2)에 의해 확대된선출원주의 위반으로 거절결정되는게 맞나요?? 답변 부탁드립니다 ^^","1. 네 2. 네 3. 정당한 권리자가 A 발명에 대한 특허를 받고자 하는 경우 현실의 정당한 권리자 출원일을 기준으로 특허요건 판단을 하게 됩니다. 그렇게 해석하는 것이 법 취지에 부합하는 것이고요. 확선과 관련해서는 분할출원, 변경출원과 달리 소급효의 예외 규정이 없어서 입법불비이지만, 무권리자출원일과 정당한 권리자 출원일 사이의 제3자 A 출원을 정당한 권리자 출원에 의해 확선 위반으로 거절시키는 것 역시 바람직하지 않습니다. 열공하세요~", ,,18.08.14
특허법,조문,28조,[시행규칙 28조] 발명자권적 효력 관련 질문있습니다.?댓글수2,"안녕하세요 변리사님! 교과서를 읽어보면, < 발명자의 기재가 누락(특허출원서에 적은 발명자의 누락에 한정한다) 또는 잘못 적은 것임이 명백한 경우에는 특허여부결정 후에도 추가 또는 정정할 수 있다. > 라고 나와있는데요, 여기서 괄호 안에 '특허출원서에 적은 발명자의 누락에 한정한다'의 의미를 정확히 모르겠습니다. 특허출원서에 적혀있지 않았던 발명자는 누락이 명백한 경우에도 추가가 안된다는 말인가요? 그렇다면 특허출원서에 적혀있었지만, 과정 상 오류로 누락된 발명자만이 추가가 가능한건가요??","안녕하세요? 출원서를 기준으로 발명자의 누락 여부를 결정한다는 것입니다. 즉, 출원서에 적혀 있지 않은 누락자를 추가 또는 정정할 수 있다는 의미입니다. 제목의 관련 법조문이 틀렸습니다. 시행규칙 제28조로 수정해 주세요.", ,,18.08.15
특허법,조문,46조,[46조] 절차의 보정 관련 질문있습니다.?댓글수1,"방식심사에서 보정가능한 경미한 흠결의 경우, 특허청장 또는 특허심판원장이 보정을 명하여야 한다."" 에서의 보정이 [특허출원 -> 심사청구 -> 보정]에서의 보정처럼 [보정서 작성-> 보정서 제출 -> 보정료 납부 -> 방식심사]의 과정을 거치나요? 그러면 방식심사에서 보정명령을 받고 보정했을 때에도 보정료 4000원을 내야하나요?",네. 그렇습니다., ,,18.08.17
특허법,조문,,특허법 기본 강의노트 124쪽 16년 기출문제 질문입니다?댓글수1,안녕하세요 변리사님 위 문제는 42조 3항. 4항에 대한 문제인데요 5번 보기에서 출원발명의 내용이 통상의 기술자에 의하여 정확하게 이해되고 쉽게 재현될 수 있다면 그 발명이 부분적으로 불명확한 부분이 있다 하더라도 이를 특허법 42조 4항 2호의 기재불비라 할 수 없다. 라고 했는데 정확하게 이해되고 쉽게 재현된다는 표현은 바로 앞 123쪽에서 42조 3항 1호 실시가능요건 부분에 쓰였던 표현이라 헷갈려서 질문드립니다 42조 3항 1호에서 쉽게 실시할 수 있도록 명확하고 상세하게 적는 것과 4항 2호에서 명확하고 간결하게 적는 것이 동일 표현으로 커버가 되는 것인지 여쭤보고싶습니다 또한 이 표현이 실질적 판단을 얘기한다 하셨는데 그건 확장이나 일반화라는 키워드가 들어가야 하는 건 아닌지도 궁금합니다,안녕하세요? 기존에 판례는 법 제42조제3항과 법 제42조제4항을 구분하지 못하는 것이 종종 있었습니다. 그러나 최근 판례는 이를 명확히 구분하고 있습니다. 판례의 태도가 바뀐 것입니다. 열공하세요? 답글기능 더보기, ,,18.08.22
특허법,조문,시행규칙5조,[시행규칙 5조 2항] 중복기재의 경우 기재적법 판단와 실무에서의 처리?댓글수1,"안녕하세요 12년 기출 중 명세서의 기재방법 문제에서 4번 보기 내용이, 동일한 발명사상의 내용이 청구항을 달리하여 중복하여 기재되어 있다면, 특허청구범위가 명확하고 간결하게 기재되어 있어 해당 기술분야에서 통상의 지식을 가진 사람이 그 내용을 명확하게 이해하고 인식하여 재현할 수 있더라도 명세서의 기재불비에 해당한다 인데 이는 틀린 보기입니다. 여기서 제가 궁금한 점은, 대법원 판례 94후1558에서 이 때 중복기재의 경우 ~~~~ 명확 이해 인식 재현 가능하다면 그 명세서의기재는 적법하다고 나왔으나, 다만 실무에서는 현재 발명이 중복기재되어 있는 경우 청구항은 발명의 성질에 따라 적정한 수로 적어야 한다라는 특허법 시행령 제5조 2항에 위반됨을 이유로 거절결정하고 있다 고 하고있습니다. 42조 위반을 기재불비라고 하는데 이때 시행령 5조 2항을 위반하는 것은 42조 8항 위반에 해당하니 결론적으로 기재불비이고 실무 자체는 시행령 5조 2항 위반으로 처리하고 있으니 실질적으로는 기재불비로 거절결정을 하는게 맞지않나요? 미리 답변해주셔서 감사합니다.","안녕하세요? 실무(심사기준)에서는 기재불비라고 하지만, 판례는 기재불비가 아니라는 것입니다. 실무는 법적인 근거가 없으니, 판례를 중심으로 내용을 이해하면 됩니다. 열공하세요~", ,,18.08.22
특허법,조문,29조,안녕하세요 임병웅변리사님?댓글수1,안녕하세요 임병웅 변리사님 소송단계가 아닌 심사단계에서도 법률요건 분류설과 특허장애사유라는 용어를 쓰면서 심사관에게 인용발명의 구체적 제시의무가 있다고 말해도 맞는건가요...? 심사단계에서는 근거를 어떻게 이해하면 되는지 궁금합니다~,안녕하세요? 네. 그렇습니다. 주장입증책임의 분배와 관련된 법률요건 분류설은 특별한 사정이 없다면 행정청에서도 적용된다고 해석됩니다. 제목이 질문규칙에 맞지 않네요. [제29조]를 제목에 붙여 주세요., ,,18.08.23
특허법,조문,42조,[42조] 배경기술의 기재 관련 판례에 질문있습니다.?댓글수1,"출원인이 출원과정에서 배경기술에 기재된 일부 구성요소가 공지되어있음을 자인한 경우에는 공지된 것으로 추정하고 심사진행이 가능하다. 여기에서 추정이 입증책임의 전환이라고 말씀하셨는데, 입증책임의 전환은 원고가 아니라 피고가 책임이 없음을 입증하여야 하는 거니까, 만약 출원인이 소를 제기하였다면, 공지된 것인지 여부를 출원인이 아니라 상대방 측에서 입증해야 하는 건가요??",공지되었음은 법률요건분류설에 따라 심사관이 입증하는 것입니다. 따라서 출원인이 공지되지 않았음을 입증하라는 것이 판례의 요지입니다. 열공하세요~, ,,18.08.24
특허법,조문,42조,"[42조] 3항, 9항 위반과 관련하여 질문있습니다.?댓글수1","공지되었음은 법률요건분류설에 따라 심사관이 입증하는 것입니다. 따라서 출원인이 공지되지 않았음을 입증하라는 것이 판례의 요지입니다. 열공하세요~ 강의에서 발명의 설명에서 '배경기술'이라는 항목 자체가 없으면 제42조9항위반이고, '배경기술' 항목은 있으나 심사관이 심사하는데 필요한 정도까지 기재되어 있지 않다면 제42조3항2호 위반이라고 하셨는데요! 42조와 관련된 질문을 읽다가 협의의 물건발명에서 필수적인 도면 미첨부시 제42조3항1호 위반으로 거절이유통지를 한다는 댓글을 보고 교과서를 읽어도 잘 이해가 안가서 질문을 드립니다. 1. 저는 [항목 자체가 없음 -> 제42조9항위반], [항목은 있으나 내용상으로 문제 -> 제42조3항 위반]이라고 생각했는데 제가 생각한 구별기준이 맞는건가요?? 2. 그렇다면 왜 '배경기술'이라는 항목 자체가 없을 때에는 제42조9항 위반인데 '도면'이 없을 때에는 제42조3항1호 위반인가요? 3. 덧붙여서 변리사님께서 그당시 질문에 댓글로 '도면이 없을 때에 42조3항1호 위반인 이유가 일반적으로 통상의 기술자가 용이하게 실시할 수 있을 정도로 기재되어 있지 않아서'라고 달아주셨는데요, 42조3항은 발명의 설명 기재방법과 관련된 조문인데 도면의 제출유무랑 왜 관련이 있는지도 잘 모르겠습니다.","1. 네 2.3. 도면은 필요한 경우에 한해서만 제출하도록 규정이 되어 있기 때문입니다. 따라서 도면을 제출하지 않았다고 하여 제재를 가할 수는 없습니다. 다만, 협의의 물건발명은 도면이 없으면 발명의 설명으로부터 쉽게 실시할 수 있을 정도까지 발명 파악이 안되기 때문에 법 제42조제3항제1호 위반이 되는 것입니다. 열공하세요~", ,,18.08.24
특허법,조문,47조,[47조] 47조 2항 전단과 후단에서 도면의 차이?댓글수1,"47조2항에 따르면 ""명세서 또는 도면의 보정은 특허출원서에 최초로 첨부한 명세서 또는 도면에 기재된 사항의 범위에서 하여야하며 이 경우 외국어특허출원에 대한 보정은 최종 국어번역문 또는 특허출원서에 최초로 첨부한 도면에 기재된 사항의 범위에서도 하여야한다.""고 되어있는데 전단에서의 도면과 후단에서의 도면의 차이를 모르겠습니다. 언뜻보기엔 같은 말을 중복해서 쓴거 같은데 어떤차이가 있나요? 같은 질문에 대한 답으로 ""만약 후단에서 최초로 첨부한 도면의 범위가 없다면, 전단의 도면의 범위내에서 보정하는 것은 항상 후단의 범위를 만족하지 못하기때문입니다""라고 답변해주셨는데 이 말이 이해가가지않습니다.","글 원문(명세서-A발명, 도면(설명포함)-B발명, 도면(설명제외)-C발명)이고, 번역문(명세서-A발명, 도면(설명포함)-B발명)이라고 했을 때, 만일 후단에서 도면(설명제외)가 없다면, C 발명은 보정할 수 없는 범위가 되게 됩니다. 열공하세요~", ,,18.08.26
특허법,조문,47조,47조 3항4호 질문드립니다?댓글수1?사진첨부,"안녕하세요 변리사님! '보정(y)가 청구범위에 abc만으로 보정된경우, 보정(y)적법성 판단 1. 47조2항 위반여부 2. 47조 3항 위반여부(위경우 47조3항4호 만족) 3. 보정에 따라 새로운 거절이유 발생하지 않을것 을 판단하여 보정각하 여부 결정하는데, '47조2항 위반하여 보정전 청구범위로 되돌아가는 경우' 여서, 2번까지는 만족하나, 3. 보정에따라 새로운거절이유(진보성 위반)으로 보정각하 후 보정전 명도로 심사한 결과 원거절이유(신규사항추가금지) 극복 못하여 거절결정된다' 이렇게 생각하는것이 맞나요?","안녕하세요? 네. 맞습니다. 그런데, 사안에서는 진보성 위반이 보정에 따라 발생한 새로운 거절이유가 아니고, 보정전부터 발생했었던(있었던) 거절이유입니다. 열공하세요~", ,,18.08.27
특허법,조문,42조,[42조] 제42조3항1호 위반 여부 판단?댓글수3,"청구범위 : A,B,C 발명의 설명 : A,B 이 경우, 발명의 설명이 C와 관련된 기재가 없으니까 제42조3항1호 위반여부 판단은 해도 되고 안해도 되며, 제42조4항1호 위반이라고만 한다고 하셨는데 왜 그런건지 잘 이해가 안갑니다. 제42조3항1호위반과 제42조4항1호위반의 판단은 각각 독립적으로 해야 하며, 42조4항1호위반이 아니어도 42조3항1호 위반이 될 수 있지 않나요? 위와 같은 경우에도 통상의 기술자가 발명의 설명에 기재된 A,B발명으로부터 청구항에 기재된 A,B,C발명을 정확하게 이해하고 재현할 수 있을 정도로 기재되어 있는지 여부를 필수적으로 판단해야 하는거 아닌가요?","받침 요건은 위반인데 반해, 발명의 설명 기재 불비는 A, B를 통상의 기술자가 쉽게 실시할 수 있도록 명확하고 상세하게 기재가 되었느냐의 관점에서 판단하며, 위반이 될 수도 있고 안 될 수도 있다는 것입니다.",그러니까 뒷받침 요건은 어차피 위반이므로 42조3항1호 위반여부를 따로 판단할 필요가 없다는 말씀이신가요??,"그런 의미가 아닙니다. 법 제42조제3항제1호 위반 여부는 명확하지 않은 것이고, 법 제42조제4항제1호 위반은 명확하다는 것입니다. 다시 설명하면, 법 제42조제3항제1호 위반인 경우에는 법 제42조제4항제1호 위반과 함께 거절이유를 통지하고, 법 제42조제3항제1호 위반이 아닌 경우에는 법 제42조제4항제1호 위반으로만 거절이유를 통지합니다. 한편, 질문에서 필수적으로 판단해야 한다는 것은 틀린 내용입니다. 심사관은 모든 거절이유를 검토한 후 거절결정하는 것이 아닙니다. 일부거절이유가 해소되지 않은 경우 다른 거절이유를 검토할 필요가 없습니다. 열공하세요~",18.08.27
특허법,조문,42조,[42조] 명세서의 기재불비 관련하여 질문있습니다.?댓글수3,"명세서에 기재된 발명의 명칭이나 도면의 간단한 설명이 부적합한 경우 절차보정사유이다. 여기에서 부적합하다는건 발명의 설명에서 발명의 명칭과 도면의 간단한 설명이 '생략된 경우'와 기재는 되었지만 '그 내용 상 부적절한 경우' 모두를 포함하는 개념인가요? 제 생각에는 기재가 생략된 경우엔 42조9항위반으로 절차보정사유가 될 것 같고, 내용상 부적절한 경우엔 42조3항1호위반으로 거절이유,정보제공사유,특허무효사유가 될 것 같은데 제 생각이 맞는지 모르겠습니다.",네. 생각한 내용이 맞습니다. 열공하세요~, ,,18.08.30
특허법,조문,42조,42조4항 관련 질문입니다?댓글수1,안녕하세요 임병웅 변리사님! 1.청구범위 해석에서 꼭 PBP에서는 한정설/동일성설 기능식에서는 일원론/이원론으로 용어사용이 필수인지여부 2.최근PBP관련 2013후1726판결이 위 학설 중에 해당여부(원칙동일설 예외한정설) 3. 2013후1726사안이 기능식 청구항에서의 청구범석해석방법이 마찬가지로적용될수있는지 여부 가 궁금합니다.,"안녕하세요? 1. 확립된 대법원 판례가 없었을 때 논의가 활발히 되었지만, 지금은 의미가 없습니다. 2. 원칙동의설/예외한정설 이런 용어는 그 설이 무었인지 먼저 설명하고 문의를 해야할 것 같습니다. 참고로 PBP 청구항과 관련해서는 문의하신 학설 이외에도 굉장히 다양한 학설이 있습니다. 3. 사안이 어떤 것을 의미하는지 명확히 특정해 주세요. 특허요건판단과 권리범위판단에 있어서 해석방법을 달리하는 것을 문의하는 것이라면, 답은 일반적인 이론입니다. 열공하세요~", ,,18.08.31
특허법,조문,47조,[47조2항] 동일성 관련 질문?댓글수1,"명세서 또는 도면의 보정은 특허출원서에 최초로 첨부한 명세서 또는 도면에 기재된 사항의 범위에서 하여야 한다. 강의에서 판단시점 소급제도에서의 기재된 사항의 범위는 내재적 동일성까지의 동일성을 말한다고 하시면서 넘어가셨는데, 실체적 보정이 왜 '판단시점 소급제도'에 해당하는지 잘 모르겠습니다. 보정이 소급효가 있다는건 알고 있지만, 이게 '판단시점'의 소급제도는 아니지 않나요?",출원일 소급제도입니다. 현재 문의하신 부분들이 강의의 단편만을 듣고 문의를 하는 것 같네요. 조금 더 들으면 자연스럽게 해결될 겁니다., ,,18.09.01
특허법,조문,47조,[47조] 보정범위?댓글수1,안녕하세요 임병웅 변리사님 보정범위에 대한 질문 드립니다! 최초거절이유에 따른 보정에서는 신규사항추가금지가가 하나의 거절이유로 적용되고 청구범위 보정에서 47조 3항은 적용되지 않는것으로 아는데 그러면 최초거절통지에 따른 보정에서 신규사항추가가 되지 않는 범위에서 청구범위의 확장은 허용이 되는건가요? 감사합니다,안녕하세요? 네. 허용됩니다. 열공하세요~, ,,18.09.03
특허법,조문,34조,"[34, 35]무권리자 특허출원에 대한 정당한 권리자의 보호?댓글수1",안녕하세요 임병웅 변리사님! 문제를 풀다가 궁금한 점이 생겨 질문 드립니다! 정당한 권리자가 무권리자의 특허출원 거절결정확정 확정된 날부터 30일 후에 출원하거나 무권리자의 특허권 무효심판 심결이 확정된 날부터 30일 후에 출원한다면 출원일의 소급효가 일정되지 않아 그 정당한 권리자가 출원한 날을 출원일로보고 심사가 진행되는 것으로 알고 있습니다. 그러면 무권리자의 특허출원과정에서 출원공개가 되었다면 위 경우 정당한 권리자의 특허출원은 무권리자 출원의 공지기술의 지위로 신규성위반이 되어 거절이 되는게 맞는건가요?(공지예외주장이 기간이 지났다는 가정하에) 긴 질문 읽어주셔서ㅜ감사합니다,안녕하세요? 네. 맞습니다. 열공하세요~, ,,18.09.03
특허법,조문,33조,[33조1항본문] 모인대상발명/모인발명/모인출원 용어 혼동?댓글수1,"안녕하세요 임병웅 변리사님. 1. 무권리자임을 이유로 무효심판이 청구된 사건에서, 모인대상발명=정당권리자발명 모인출원발명=무권리자출원발명 모인대상자=정당권리자 모인출원자=무권리자 이 사건 특허발명=무권리자의 특허 로 이해하는게 맞는지 확인부탁드립니다. 어느것이 동일한 대상을 지칭하는지 은근히 쓸때 헷갈려서요..ㅜㅜ 2. 더불어 '모인발명' '모인출원'이라는 용어도 쓰이나요?? 감사합니다!","안녕하세요? 1. 대체로 맞습니다. 다만, 이 사건 특허발명은 판단하고자 하는 대상을 말하는 것으로서, 판례마다 바뀌게 되기 때문에 이를 꼭 무권리자의 특허라고 단정할 수 없습니다. 2. 네. 쓰입니다. 열공하세요~ 답글기능 더보기", ,,18.09.04
특허법,조문,42조,[42조] 배경기술에 기재된 경우 이를 공지기술로 볼 수 있는지에 관해.?댓글수2,"안녕하십니까? 42조에 관한 강의를 듣던중 배경기술에 기재된 경우 이를 공지기술로 볼 수 있느냐에 대한 논점에 대해 질문 있습니다. 우선 2013후37 전합으로 명세서에 배경기술로 기재되어 있다고 하여 그 자체로 공지기술로 볼 수 없다. 고 하며, 공지된것을 자인한 경우 공지된 것으로 추정하고 심사를 진행한다. 까지 기억하라고 하셨는데 이말이 자인한 경우에는 출원(X)의 배경기술이 출원(X)청구항의 신규성, 진보성 판단 기준이 된다 이런 말인가요? 배경기술을 공지기술로 볼 수 있냐 라는 논점에서 1. 하나의 출원에서 배경기술이 청구항의 신규, 진보성 판단기준으로 사용되냐의 문제인지 2. 출원공개 또는 설정등록된 이후의 공지기술의 지위의 유무를 가리는지 햇갈립니다. 저작자 표시컨텐츠변경비영리 댓글2추천해요0스크랩0","안녕하세요 배경기술에 기재된 발명이 신규성, 진보성의 판단대상인 인용발명이 될 수 있다는 것입니다. 그리고 출원공개 또는 설정공고되면 공지기술이 되는 것은 당연하고요. 제목이 질문규칙에 맞지 않습니다. 수정해 주세요.", ,,18.09.05
특허법,조문,30조,[30조1항1단서] 공지 등이 되지 아니한 발명으로 보는 경우?댓글수1,"안녕하세요 특허청장 등이 공중의 이용 도모를 위해 특허공보에 게재하는 하는 행위는 ‘조약 또는 법률에 따라 국내 또는 국외에서 출원공개되거나 등록공고된 경우는 자기 의사에 의하여 공지 등이 된 경우에 해당하지 아니한다’ 라는 30조1항1의 단서에 해당하게 되는데. 그렇다면 이 경우, 출원인은 결국 공지예외적용을 받을 수 없는건가요? 댓글1추천해요0스크랩0","안녕하세요? 법 제30조제1항제2호의 의사에 반한 공지에 해당한다면, 공지예외적용을 받을 수 있습니다. 기본서를 정독해 보세요.", ,,18.09.07
특허법,조문,54조,[54조] 조약우선권주장 선출원의 최선성 요건?댓글수1,안녕하세요 . 임병웅변리사님! 조약우주에서 질문이 있습니다. 미국 출원(X) 일본 출원(Y) Y기초 우선권 주장수반한 한국출원 (Z) 이고 각 출원의 명세서 및 도면이 청구범위까지 완전히 동일하다고 했을 때 우선기간과 관계없이 X가 아닌 Y를 기초로 조약우선권주장 출원을 해도 최선성 요건을 만족하는건가요? 교과서에 나와있는 '동맹 제1국의 최초의 출원이어야 한다'가 동일한 발명에 대해 우선권 주장을 수반하지 않은 출원이기만 하면 된것인 지 모든 외국출원 중에 가장 먼저 출원된 것이어야 하는 지 헷갈립니다ㅠ 감사합니다~,안녕하세요? 최선성 요건을 충족하지 않습니다. 기본서를 정독해 보세요. 답글기능 더보기, ,,18.09.09
특허법,조문,55조,[55조]국내우선권 주장 확대된 선출원지위 질문?댓글수1,국내 우선권 주장을 수반하여 출원하실에 국내 우선권 기초가 되는 선출원이 먼저 공개가 되고 그후 국내우선권을 수반한 출원이 후에 공개가 됬을시에 선출원이 공개가 되면 공지기술의 지위를 갖는데 55조 4항이 적용되어 x출원의 공지기술의 지위도 갖고 x출원의 확대된 선출원도 같이 같는 기간이 생기나요? ㅣ----------------ㅣ-----------ㅣ-------------------------- ㅣ--------------- 출원x 출원 x공개 출원y y출원 공개 출원 출원+x기초 국내우선권주장 즉 위 빨간+초록 부분으로 그은 부분이 확대된 선출원과 공지가 같이 되는지가 궁금합니다. 공지가 됬는데 확선도 같이 인정해야할 실익이 없는것 같아서요,선출원이 공개되는 것과 법 제55조제4항은 전혀 관계가 없습니다. 법 제55조 제4항은 후출원의 확대된 선출원의 지위가 인정되는 범위를 말하는 것이기 때문입니다. 열공하세요~, ,,18.09.10
특허법,조문,29조,[29조제2항]선택발명의 신규성요건?댓글수2,"1. 안녕하세요 강사님 강의잘듣고있습니다! 선택발명의 신규성요건에서 공지기술 A+B 에 (특허출원은 a1+B라 가정) 공지기술에 특허출원 a1+B와 문언적이나 내재적으로 동일한 기재가 없으면 신규성이 있어서 등록 가능하다 하셨는데 만약 3단계 실질적 동일성이 있어도 신규성이 있다고 판단하는건지... 궁금합니다. 예를들면 - Case 1. a2(a1보다 하위개념 )+B가 기재되어있거나 -> 범위가 다른경우 Case 2. a1' + B 인데 a1'는 a1의 단순한 주지관용기술의 부가 삭제 변경으로 새로운 효과가 없거나 -> 구성이다른경우 Case 3. a1이 어떤 제법발명인데 물건발명이 써있는 경우라던지 .... 이런경우들이 공지기술에 기재되어있어도 신규성이 있다고 판단하는지 궁금합니다! 만약 2단계까지만 판단한다면 신규성이 있다고 해야되는데 일반 신규성 법리와 조금 다른거 아닌가요? 2. 물건발명이 선출원 제법발명이 후출원이면 선출원 동일성은 일반적불인정이라하셨는데 물건발명에 최명도에 같은 제법발명이 적혀있어도 선출원에서 판단하지않고 확선이나 신규성(신규성도 그냥 물건만 공지기술인경우제외, 최명도(최명도에 같은제법발명있는경우)랑 같이 공지기술된경우..) 등으로 그출원을 배제시키는건가요? 항상 선출원 동일성불인정인지 궁금합니다. 3. 기본강의 기출문제중 물건 a를 생산하는 기계 b를 청구범위로 하는 특허 x의 권리범위는 그 기계b로 생산된 물건 a에 미친다. 이부분을 맞다고 하셨는데 물건a자체에는 안미치고 생산하는 과정 그자체에 미치는거 아닌가요? 질문 많지만 항상 감사합니다.","안녕하세요? 1. 문의하신 내용이 있다면 신규성이 부정됩니다. 그런데, 선택발명이란 하위개념에서 하위개념을 선택한 것이기 때문에 말씀하신 Case는 선택발명의 정의에 부합하지 않습니다. 2. 예외적으로 발명의 실체가 동일하여 동일성을 인정할 수는 있습니다. 3. 기계 b를 사용했기 때문에 효력이 미친다는 것입니다. 열공하세요~", ,,18.09.11
특허법,조문,55조,"[55조,216조] 국우주장출원에서 확선의 지위,공개기술의 지위?댓글수1?사진첨부","안녕하세요 임병웅 변리사님 질문드릴게 있습니다. 이지특허 467page 국우주장출원에서 선출원의 공개의제에 의한 확선의 지위 관련해서 질문드립니다. Q1. 선출원과 국우주장출원(후출원이라 하겠습니다)의 발명간의 교집합에 해당하는 부분이 선출원~후출원 공개시까지 확선의 지위를 갖는 것이 맞는 건가요? Q2. 그 교집합에 해당되지 않는 부분은 후출원 출원시~후출원 공개시까지 확선의 지위를 갖게 되는 것이고요? Q3. 후출원 공개시에 선출원의 최명도에 기재된 발명은 전부 공개기술의 지위를 갖게 된다고 적혀 있는데, 후출원 공개시엔 선출원은 이미 취하간주되었을 텐데, 선출원의 최명도에만 기재되고 후출원에 기재되지 않은 발명에 대해서도 공개기술의 지위를 가질 수 있는지 궁금합니다. 그림으로 보면 후출원에 포함되지 않은 발명(A) 도 후출원 공개시부터 공개기술의 지위를 갖는 것이 맞는 것인지 궁금합니다. Q4. 추가로, 국우주장출원의 선출원도 국우주장출원or조우주장출원인 경우(이중우선) 선선출원의 최명도,선출원의 최명도,후출원의 최명도에 기재된 발명 전부가 후출원의 공개시에 전부 공개되어 공개기술의 지위를 갖는 것이 맞는 것인지도 궁금합니다. 감사합니다! 저작자 표시컨텐츠변경비영리 댓글1추천해요0스크랩0",안녕하세요? 1~3. 네 4. 선출원을 기초로 국내우선권주장출원을 하기 때문에 선출원만 공개된 것으로 보게 됩니다. 열공하세요~, ,,18.09.12
특허법,조문,29조,[29조 5항] 다른 출원이 국제특허출원인 경우?댓글수1,"안녕하세요 임병웅 변리사님! 29조 5항에서 ""출원공개""는 ""출원공개 또는 국제공개""로 본다고 나와있는데 이게 출원공개와 국제공개중 빠른 날인가요?? 예를 들어 외국어로 국제특허출원했을때 조기공개신청을 했을때는 국제특허출원일부터 국내공개까지 확선의 지위를 갖고, 조기공개신청을 안했을때는 국제특허출원일부터 국제공개까지 확선의 지위를 갖는 것인가요?? 감사합니다! 저작자 표시컨텐츠변경비영리",안녕하세요? 네. 맞습니다. 열공하세요~, ,,18.09.18
특허법,조문,29조,[29조2항] 선택발명 진보성 판단 관련 판례에 대한 질문입니다.?댓글수1,"1. 공지기술이 A+B이고, 특허출원한 발명이 a1+B이면, 이 출원발명은 선택발명이 맞는거죠? 2. 공지기술이 A이고, 특허출원한 발명이 a1+B이면, 이 출원발명은 선택발명인가요? 3. 공지기술이 A+B 이고, 특허출원한 발명이 (a1+B , a2+B, a3+B 중 어느 하나)일 경우, 아래의 판례에서 선택발명에 포함되는 하위개념들 모두에서의 '선택발명은' a1+B, a2+B, a3+B 각각을 말하는 거 아닌가요? 그렇다면 선택발명에 포함되는 '하위개념'은 무엇을 지칭하는 건가요? [진보성 요건에서 선택발명에 포함되는 하위개념들 모두가 선행발명이 갖는 효과와 질적으로 다른 효과를 갖거나, 질적인 차이가 없더라도 양적으로 현저한 차이가 있는 경우에 한하여 특허를 받을 수 있다.]","1. 네 2. 선택발명이기도 하고 결합발명이기도 합니다. 3. 네. 각각을 말합니다. 선행발명의 하위개념 = 선택발명 = 선택발명에 포함되는 하위개념 입니다. 참고로, 질문하신 내용을 쭉 보면 국어적인 문제를 가지고 어려워 하고 있는 것 같습니다. 내용적인 측면에서 살펴봐야 하는데, 너무 단어 하나하나에 집착하면 본인이 힘듭니다. 열공하세요~", ,,18.09.21
특허법,조문,36조,[36조] 선출원주의 위반 판단과 관련하여 질문있습니다.?댓글수1,"균등범위의 이용과 관련하여 강의를 듣다가 갑자기 헷갈려서 질문을 드립니다ㅠㅠ 갑이 A+B+C를 출원하여 등록을 받고, 그 후에 을이 A+B1+C+D를 출원하였을 때 을의 A+B1+C+D의 출원은 특허등록을 받을 수 있는가에 관한 문제에서, 강의에서 변리사님이 동일성이 없어 선출원 및 신규성 위반은 아니나, 진보성 위반 여부가 문제된다고 하셨는데요, 제가 궁금한 것은 현재 문제에서 판단할 수 있는 동일성은 상하위개념의 동일성- 실질적 동일성까지이고, 선출원주의는 진보성에 준하는 동일성 판단 기준을 가지고 있으므로, 진보성 위반 여부가 판단되지 않았다면, 선출원주의도 아직 위반여부가 판단되지 않은 것 아닌가요? 선출원주의의 판단에 대해서 혼란스럽습니다ㅠㅠ",":56 첫댓글 우리 법제상 선출원주의는 동일성 판단이고, 판례가 진보성 판단에 준하여 동일성 판단을 하는 것은 비판적인 관점에서 접근해야 합니다. 답글기능 더보기 이전 목록으로 이동 1 다음 목록으로 이동", ,,18.09.21
특허법,조문,34조,[34조] 무권리자 출원의 공개 후 정당한 권리자의 출원?댓글수1,"기본서에 p382에 ""무권리자의 출원의 공개가 있은 후에 소급효가 인정되지 아니한 정당한 권리자의 출원이 있는 경우, 무권리자의 공개는 법 제30조제1항제2호의 의사에 반한 공지에 해당하기 때문에 공개된 날로부터 1년 이내 정당한 권리자가 출원했다면 공지가 되지 아니한 것으로 보아서 신규성, 진보성 위반을 판단하지 않게 된다.""라는 부분에서 질문이 생겼습니다. 정당한 권리자의 출원일 불소급 사유는 '정당한 권리자 출원의 명세서 또는 도면에 기재된 발명에 무권리자 출원에 기재된 발명과 다른 발명이 있는 경우'로 알고 있는데 이 경우 무권리자 출원이 공개된다 해도 소급효가 인정되지 않은 정당한 권리자의 출원은 어차피 무권리자의 출원에 기재된 발명이 아니기 때문이닌까 공지 될 일도 없지 않을까 생각이 들었습니다. 제가 잘못 이해했거나 해당하는 사례가 있다면 알려주시면 감사하겠습니다.","무권리자 A, B 정당한 권리자 A, C 인 경우를 생각해 보면 됩니다. 열공하세요~ 답글기능 더보기", ,,18.09.23
특허법,조문,56조,[56조] 우선권 주장과 취하 관련 질문있습니다.?댓글수1,"1. 강의노트 p.253에서 국내 우주의 기초가 된 선출원이 패들교반기이고, 후출원이 교반기 일때, 동일성이 인정되지 않아 판단시점 소급효가 인정되지 않고, 이 때 선출원은 취하간주된다고 그림으로 나와있는데요, 후출원의 어떠한 발명도 동일성이 없어 판단시점 소급효가 인정되지 않아 우선권 주장의 의미가 없는데도 불구하고 '우선권 주장' 자체는 유효한가요? (무효여야 하는 것 아닌가요?) 2. 그래서 '우선권 주장'이 유효하다는 자체만으로 선출원이 취하간주되는 건가요??",1. 우선권주장 자체는 유효합니다. 2. 네. 그렇습니다. 열공하세요~ 답글기능 더보기, ,,18.09.26
특허법,조문,54조,"[54조, 55조] 우선권주장 추가?댓글수1","안녕하세요 변리사님 54조7항, 55조7항 우선권주장 추가에 관하여 질문드립니다. 1. (조약우주만 주장한 사안에서) 54조 7항으로 우선권 주장시 추가할 수 있는 출원은 해외출원만 추가가능한가요? (출원시 국내우주는 주장한적이 없으므로, 55조2항을 충족하지 않아 55조 7항 적용불가로 이해했습니다) 2. (국내우주만 주장한 사안에서) 55조 7항으로 우선권 주장시 추가할 수 있는 출원은 국내출원만 추가가능한가요? (1번질문과 같은취지로 출원시 조약우주를 주장하지 않아 54조3항을 충족하지 않고, 54조7항의 추가는 불가능) 3. (54조, 55조로 복합우선권 주장시) (1) 해외출원을 우선권주장 추가하려면 54조 7항 적용으로 '최우선일'로부터 1년4개월 이내에 가능한거고 (2) 국내출원을 우선권주장 추가하려면 55조 7항 적용으로 '최선출원일'로부터 1년4개월을 충족해야하는건가요? (3) 위의 (1), (2) 사례에서 추가되는 출원에 의해 최우선일/최선출원일이 앞당겨질 수 있나요? 감사합니다.",안녕하세요? 1. 네 2. 네 3. 네 모두 정확히 이해하고 있습니다. 열공하세요~, ,,18.09.27
특허법,조문,30조,[30조] '모든 공지행위에 대하여 각각 공지예외적용주장을 할 수 있다.' 에대한 질문입니다.?댓글수1,기본강의 보충자료 p154에 14년도 기출문제2번 보기를 보면 특받권자가 공지예외적용을 받기 위해서 특허출원서에는 해당 공지사실을 특정하여 기재할 필요가 없다고 하는데 그렇다면 복수 회에 걸친 공지가 있는 경우 모든 공지행위에 대하여 각각 공지예외적용주장을 할 떄 어떤 공지에 대한 공지예외적용주장인지는 심사관이 알아서 찾아봐야 하는 것인가요?,"출원서에는 취지만을 기재하고, 공지가 어떻게 되었는지는 증명서류에서 특정합니다. 열공하세요~", ,,18.09.28
특허법,조문,54조,[54] 우선권주장 선출원의 객체적 요건?댓글수1,"안녕하세요 변리사님. 우선권주장 관련 질문드립니다. 조약우선권주장의 선출원의 객체적 요건은 최선성, 정규성, 형식의 무제한인데요. 1. 국내우주는 선출원이 분할/변경이면 안된다고 조문에 있는데, 조약우선권주장에서 선출원이 분할/변경출원이면 조약우선권주장이 가능한가요? 2. 조약/국내 우주에서 분할출원시 관련 증명서류 제출의 특례가 있는데요 (52조2항 3호,4호) 강의노트를 보면 원출원이 우선권주장을 한 것이 전제되어 있는것 같은데 분할출원시 우선권 주장을 할수있는 요건이 궁금합니다. (원출원이 꼭 우선권주장을했어야 하는지, 분할출원을 한 날을 기간으로 우선기간 만족여부를 따져야 하는지) (1) 분할출원은 출원일이 소급되므로 원출원이 출원시 우선권주장을 했는지 여부에 상관없이 가능하다. (2) 분할출원의 출원일이 우선기간내에 있으면 출원시 우선권주장을 했는지 여부에 상관없이 가능하다. (3) 원출원이 우선권주장을 안했다면 분할출원시 우선권주장은 불가능하다",안녕하세요? 1. 논의의 실익이 없습니다. 선출원의 외국출원이기 때문에 국내법과 동일한 제도가 아닙니다. 2. (3)번입니다. 열공하세요~, ,,18.09.28
특허법,조문,46조,[46조] 보정명령에 대한 의견서 제출이 곧 보정과 마찬가지인지 여부?댓글수1,"안녕하세요. 선생님. 보정에 관하여 질문이 있습니다. 46조에서 특허청장이 보정명령을 하면 의견서를 제출할 수 있는데 이때 '의견서를 제출'하는 것 자체가 '보정'이라고 볼 수 있는 건가요? 예를 들어, 제6조를 위반했다는 이유로 보정명령을 받은 경우, 특별수권을 받았음을 입증하는 서류를 제출해야 하자가 치유될텐데 그럼 여기서 특별수권을 받았음을 입증하는 서류가 곧 의견서라고 보면 되는 건지, 아니면 '의견서'와 '보정하는 행위'를 각각 별개의 개념으로 인식해야 하는지 궁금합니다. 즉, 위 케이스에서 ""보정명령을 받았는데 의견서 제출은 안했지만 보정은 했다.""는 명제가 성립가능한지 궁금합니다.",안녕하세요? 의견서와 보정서를 전혀 별개의 서류입니다. 의견서만 제출할 수도 있고 보정서만 제출할 수도 있습니다. 열공하세요~, ,,18.10.01
특허법,조문,30조,[30조] 출원공개일로부터 기간 계산시 초일불산입이 원칙인지 여부?댓글수1,"안녕하세요. 선생님. 무권리자의 출원에 따른 출원 공개 시 정당권리자가 공지예외적용주장을 하려고 하는 경우 출원공개일로부터 12개월 이내에 출원을 해야 하는데 이때 출원공개일은 0시부터 공개되는 상태에 놓여 기간계산시 초일이 산입되는 것인지, 아니면 초일불산입의 원칙이 적용되는 것인지 궁금합니다.",안녕하세요? 초일이 산입되지 않습니다. 0시부터 공개되는 경우는 없습니다. 열공하세요~, ,,18.10.02
특허법,조문,54조,[54조] 조약우선권 주장관련?댓글수1,"2018 강의 노트 pg 223의 하단그림에 보면, 논문 발표 12개월 이내 한국 출원(X)를 하고, X에 대한 국내 우선권 주장 출원 (Y)를 할수 있는것으로 되어있습니다. 1. 해외에서의 논문 발표후 12개월 이내에 우리나라에 파리조약으로 우선권 주장 출원이 되면 국내우선권 주장 출원은 조약우선권 주장 출원일로 부터 1년이내에만 하면 가능한건가요? 2. 해외 공지예외적용주장시 12개월 이내에 국내 출원을 해야 한다는 말은 조약우선권주장출원을 하면 된다는 뜻이고, 그 이후에 있는 우선권 주장출원은 우리나라법에 일임한다는 뜻으로 받아들이면 되는건가요? 사실상 1,2번의 질문이 흡사합니다. 감사합니다 ^^","1.2. 네. 그렇습니다. 다만, 이중우선권주장이 됩니다. 열공하세요", ,,18.10.02
특허법,조문,52조,[52조] 분할출원을 기초로 한 분할출원?댓글수1,안녕하세요 변리사님 변리사님 강의노트 204pg에 원출원 X를 기초로 한 子출원Y가 있고 Y출원을 기초로 한 孫子출원 W가 있는데요 Y가 보정전에 원출원 X의 최명도 범위를 만족하지 못하거든요 이런 부적법한 분할출원도 기초로 해 다시 분할출원을 할 수 있는건가요?,안녕하세요? 네. 분할출원의 기초 출원은 판단대상이 최명도 입니다. 제목이 질문규칙에 맞지 않으니 수정해 주세요., ,,18.10.04
특허법,조문,30조,"[30조,52조] 공지예외주장, 분할출원?댓글수1",안녕하세요 변리사님. 공지예외와 분할출원에 관계에서 공지예외주장기간 12개월은 원출원일을 기준으로 소급하고 취지기재와 증명서류제출은 분할출원일로부터 30일로 소급효예외가 되는것으로 알고 있습니다. 그런데 분할출원에서 밞을 수 있는 절차가 원출원 절차에 종속되어서 원출원에 대해 30조 취지기재 및 증명서류 제출이 없다면 분할출원이 공지일로부터 12월 이내라도 30조 적용을 받지 못한다는 지문을 발견했는데 맞는 지문인지 궁금합니다!,"안녕하세요? 기존에는 맞는 지문이었는데, 법 제30조제3항이 신설되면서, 추후에 취지 및 증명서류 제출이 가능함에 따라 현재는 틀린 지문입니다. 열공하세요~", ,,18.10.05
특허법,조문,42조의3',[제42조의3] 외국어 특허출원시 번역문에 의한 보정간주?댓글수1,안녕하세요. 선생님. 외국어 특허출원시 번역문을 제출하면 '번역문' + 번역문을 데드카피한 '보정서'를 제출하는 것과 같다고 하셨는데 실무상 번역문을 제출할 때 번역문 명목으로 번역문1부 제출하고 보정서 명목으로 번역문을 데드카피한 번역문1부를 추가 제출해서 총 2부의 번역문(번역문 용도 및 보정서 용도)을 제출하게 되나요? 아니면 번역문 1부만 제출해도 그 한 부가 번역문 및 보정서의 역할을 동시에 하게 되는건가요?,안녕하세요? 1부만 제출합니다. 열공하세요~, ,,18.10.06
특허법,조문,42조의3,[제42조의3] 외국어 특허출원 시 설명부분 제외 도면이 언어종류 불문한다는 것의 의미?댓글수1,"안녕하세요. 선생님. 외국어특허출원 시 '설명부분 제외' 도면은 말그대로 '설명이 없는' 도면인데요. 언어종류를 불문한다고 했을 때, 애초에 '설명부분 제외' 도면은 언어가 표시되어 있는 부분이 없을 텐데 언어종류를 불문한다는 게 무슨 의미인지 잘 모르겠습니다. 어떤 언어든지 간에 언어 자체가 쓰이는 일이 없기 때문에 언어종류 불문이다 - 라고 이해하면 되는 건가요?",안녕하세요? 네. 언어와 상관없다는 의미입니다. 열공하세요~, ,,18.10.06
특허법,조문,42조,[42조] 명세서 청구범위 질문입니다.?댓글수1,"안녕하세요 임병웅 변리사님 객관식 문제집풀다가 궁금한 사항이 생겨 질문드립니다. 특허객관식 261번의 보기 2번입니다. 문제: 명세서의 기재불비에 관한 사항이다. 옳지 않은 것은? 2번보기: 청구범위에 기재하는 사항이 많으면 등록가능성은 높아지지만 보호범위는 좁아진다. 2번보기는 맞는 보기인데, 약간 헷갈립니다. 청구범위의 청구항에 기재되는 사항이 많아야 저 보기가 맞는게 아닌가요? 청구범위에 기재하는 사항=청구항으로 보면 청구항이 많을수록 하나의 청구항이라도 거절이유가 있으면 출원 전체가 거절당하니까 등록가능성이 떨어지고, 청구항 수가 많으니 보호범위는 넓어지는 것 아닌가요? 저렇게 그냥 청구범위라고만 나와도 청구항이라고 이해하고 문제를 풀어야할지, 아니면 보기에 수정이 필요한지 궁금합니다. 감사합니다. 저작자 표시컨텐츠변경비영리","안녕하세요? 청구범위가 어떤 경우에는 청구항의 의미로, 다른 경우에는 청구범위 자체의 의미로 사용되고 있습니다. 따라서 상대적으로 풀이해야 합니다. 열공하세요~", ,,18.10.08
특허법,조문,55조,[55조] (PCT vs 국내 확선지위) 특허객관식 953번 질문입니다.?댓글수1?사진첨부,"강의 들으면서 궁금한 점이 생겨서 질문드립니다. 특허 객관식 953번에서 PCT출원과 국제공개 사이에 왜 X의 확선지위가 없는지 궁금합니다. 55조 6항에 따라 선출원이 PCT일 때 번역문을 내지 않아 취하간주되면 확선의 지위가 인정된다고 생각했는데, 이 조문이 적용되는 것이 아닌가요?","선출원은 국내우선권주장출원이 아니기 때문에, 법 제202조나 제55조가 적용되지 않습니다. 법 제29조 제5항 내지 제7항이 적용됩니다. 번역문을 제출하지 않아서 취하간주되는 경우 법 제29조 제7항에 의해 확선의 지위가 인정되지 않습니다. 열공하세요~", ,,18.10.08
특허법,조문,51조,[제51조] 보정각하 요건의 예외. 재심사의 청구가 있는 경우 그 청구 전에 한 보정의 의미(범위)?댓글수1,"안녕하세요. 선생님. 보정각하의 예외에 관하여 몇가지 질문드립니다. 제51조 보정각하 (1) 심사관은 제47조제1항제2호(최후거절이유통지) 및 제3호(재심사의 청구)에 따른 보정이 같은 조 제2항 또는 제3항을 위반하거나 그 보정에 따라 새로운 거절이유가 발생한 것으로 인정하면 결정으로 그 보정을 각하하여야 한다. (예외) 다만, 다음 각 호의 어느 하나에 해당하는 보정인 경우에는 그러하지 아니하다. iii) 제67조의2에 따른 재심사의 청구가 있는 경우 : 그 청구 전에 한 보정 1. 조문만 보면 재심사의 청구가 있는 경우 그 청구 전에 한 보정(새로운 거절이유가 발생하여 부적법하다고 전제할 경우)은 심사관이 각하를 했든, 착오로 각하를 하지 않았든 간에 모두 각하하여선 안 된다는 의미로 생각되기도 하는데, 51조 1항 본문에 따라 각하된 보정은 예외의 적용을 받지 않는다고 보면 되나요? 2. 출원---최초거절이유통지--보정A---최후거절이유통지--보정B---보정각하,거절결정---재심사청구하면서 보정C---보정C각하하고 재심사 그리고 만약, 최후거절이유 통지에 따른 의견서 제출기간 내 출원인이 한 보정(B)으로 인해 새로운 거절이유가 발생했고, 심사관이 이를 발견하여 제대로 보정각하를 하고 각하된 보정 전 명세서와 도면(A)으로 심사한 결과 거절결정을 하고 이에 따라 출원인이 재심사를 청구했을 때, 재심사 단계에서 심사관이 심사하는 명도는 재심사 청구 시에 한 보정(C)이 적법하다면 재심사 청구 시에 한 보정(C)을 토대로 심사하고, 재심사 청구시에 한 보정(C)이 부적법하여 각하되었다면 전단계에서 이미 보정각하된 보정(B) 전에 한 보정(A)이 재심사의 대상이 되는 건가요? 3. (필기노트183p.와 관련하여) 재심사단계에서 심사관이 심사하는 대상이 되는 보정서에 일반심사단계에서 이미 보정각하된 보정서도 포함이 되는지 아니면 보정각하한 보정서 전의 보정서들만 심사대상이 되는지 궁금합니다. 댓글1추천해요0스크랩0","안녕하세요? 1. 법조문 해석을 잘못하고 있네요. 법 제51조제1항본문의 시기(법 제47조제1항제2호 및 제3호) 중 법 제51조제1항제3호의 사유는 재심사청구전 법 제47조제1항제2호의 시기의 보정을 말하는 것이고, 이에 대해서는 보정각하를 하지 않고 최후거절이유통지를 한다는 것입니다. 2. 네. 그렇습니다. 3. 보정각하 전의 명세서/도면입니다. 열공하세요~", ,,18.10.10
특허법,문제,29조,[29조] 수치한정발명이 새로운 효과가 없는 경우?댓글수1,"구 인사이트 객관식특허법 문제 풀다가 이해가 안되는 부분이 있어 질문드립니다. 수치한정발명에 있어서 그 특허발명의 과제 효과가 공지발명 연장선상에있고 수치한정유무에서만 차이가있는경우 그 한청수치범위가 공지발명에서 구체적 개시되어있거나 통상의기술자가 적절히 선택할 수 있는 주지관용기술에 불과하고 이에따른 새로운 효과도 발생하지 않은경우 신규성이 부정된다(2011후2015) 객관식특허법 10판 120페이지 3번 지문인데, 진보성 부정이 아닌 신규성 부정이라고 합니다. 특허등록된 발명이 공지된 발명의 구성요건을이루는 요소들의 수치를 한정함으로써 이를 수량적으로 표현한 것일 경우 그것이 통상의 기술자가 적절히 선택하여 실시할 수 있는 정도의 단순한 수치한정으로서, 그러한 한정된 수치범위 내외에서 이질적이거나 현저한 작용효과의 차이가 생기지 않는 것이라면, 위 특허발명은 진보성의 요건을 결하여 무효라고 보아야 할 것이다(2008후4998) 위의 두 케이스 모두 통상의기술자가 적절히 선택할 수 있는 단순한 수치한정 발명 + 새로운 작용효과 X 인데 어째서 하나는 신규성 부정, 하나는 진보성 부정인지 궁금합니다. 제가 놓친 구문이 있다면 어떤 것일까요? 댓글1추천해요0스크랩0","새로운 효과가 없는 경우 신규성 위반이고, 현저한 효과가 없는 경우 진보성 위반입니다.", ,,18.10.11
특허법,조문,51조,[51조] 보정각하 51조 1항 각호 질문입니다.?댓글수1,"안녕하세요 변리사님! 공부하다가 궁금한점이 있어, 질문드립니다. 51조 1항 각호에 해당하는 경우는 보정각하하지 않고 최후나 최초거절이유통지를 하는걸로 알고있습니다. 강의노트에 각호에 대한 도해를 보면, 51조 1항 1, 2호의 경우엔, 어느시기의 거절이유가 발견되든 일률적으로 최초거절이유통지(51조 1항 2호에 해당하는경우), 최후거절이유통지(51조 1항 1호에 해당하는 경우)를 하는걸로 나와있습니다. 그런데 여기서 궁금한게, 51조 1항3호 재심사의 청구 전에 한 부적법한 보정이 재심사 청구 후 발견된 경우에는 상황에 따라 달리 처리하는걸로 도해가 되어있습니다. 예를 들어, 최초거절이유통지 받고 보정을 통해 최후거절이유통지를 받은 거절이유가 재심사청구 후 발견된 경우엔 거절결정을 하는 등입니다.(강의노트 182페이지). 같은 시기의 같은 상황인데도 51조 1항 1호와 2호는 최후나 최초거절이유통지하고있는데도요.. 이렇게 51조 1항 1,2호/3호 의 해석이 다른건, 단지 해석의 차이인가요? 아니면, 법조문에 명시되어있는 이유때문인가요? 답변해주심에 감사드립니다.","안녕하세요? 최후거절이유통지를 받은 거절이유가 그대로 발견된 경우는, 원거절이유가 해소되지 않은 것이기 때문에 거절결정하는 것입니다. 이는 법 제51조의 보정각하와 무관한 것입니다. 구체적으로 보정각하가 되려면 법 제47조제1항제2호(최후거절이유통지에 대한 의견서제출기간)의 시기에 새로운 거절이유가 발생해야 합니다. 열공하세요~ 답글기능 더보기", ,,18.10.12
특허법,조문,47조,"[47, 51조] 보정각하의 예외와 거절이유통지 질문입니다.?댓글수1","안녕하세요 변리사님 아래 답변에 대해 추가로 궁금한점이생겨서 또 질문드립니다. 아래 글에 대한 답변에서 ""최후거절이유통지를 받은 거절이유가 그대로 발견된 경우는, 원거절이유가 해소되지 않은 것이기 때문에 거절결정하는 것입니다."" 라고 말씀해주셨는데, 이것이 (1)'재심사의 청구 전에 한 부적법한 보정이 재심사 청구 후 발견된 경우'에만 적용되고 (2) '직권보정 전에 한 부적법한 보정이 특허결정이 취소된 후 발견된 경우', 에는 적용되지않는건가요? (2) 경우에 대한 도해를 보면 앞부분 사실관계가 같은데, 다르게 처리되는것같습니다. 두 경우 모두 도해에서 최초거절이유통지를 받고 29조2항의 거절이유가 생겨서 그에따라 최후 거절이유통지를 받았습니다. (참고 강의노트 182, 184, 185p) 그런데, 이후에 (1)의 경우에는 29조2항의 거절이유가 다시 발견됐을때, 원거절이유가 해소되지않아 거절결정되는데, (2)의 경우 도해에는 원거절이유가 해소되지않은 경우에도 최후거절이유통지를 한다고 나와있습니다. 직권재심사의 경우 명문의 규정인 63조 1항2호에서 같은 거절이유를 발견해도 거절이유를 더 준다는 것으로 원거절이유를 발견하더라도 바로 거절결정하지 않는 것이 이해가 되는데, (2)의 경우는 법조문에서 이를 구별할 단서를 찾기 힘든데, 해석의 문제로 판단해야하나요?? 답변해주심에 감사드립니다.","안녕하세요? 최후거절이유통지를 받은 거절이유가 그대로 발견된 경우는, 지금 착각하고 있는 보정이 부적법한 경우에 해당하지 않습니다. 보정이 부적법하기 위해서는 최후거절이유통지에 대응한 의견제출기간내 보정에 의해 새로운 거절이유가 발생해야 합니다. 그리고 보정의 적법성을 먼저 판단하고 거절이유를 판단하기 때문에 (2)의 경우 최후거절이유통지가 맞습니다. 다시 말씀드리면 보정의 적법성과 거절이유의 판단이 다른 절차임에도 불구하고, 이를 혼동해서 질문을 하고 있네요. 다시 한 번 고민을 해 보세요~", ,,18.10.15
특허법,조문,52조,"[52조, 30조] 공지예외주장과 분할출원 질문입니다.?댓글수1","안녕하세요 변리사님. 공부하다가 궁금하점이 생겨 질문드립니다. 이미 다른 분들이 질문한 것들을 봐서 어느정도 해결이 됐지만 아직 한가지 궁금한점이 있습니다. 우선권주장과는 달리 원출원때 공지예외주장을 하지 않았더라도 분할출원때 공지일로 1년이내라면 분할출원때 공지예외주장을 할 수 있다고 개정된걸로 알고있습니다. 근데 만약 원출원은 공지일로부터 1년 이내에 출원되었지만, 분할출원은 공지일로부터 1년 이후에 출원했다면, 분할출원이 원출원일로 소급하여 공지예외주장의 혜택까지 받을 수 있는지 궁금합니다. 즉, 분할출원이 공지일로부터 1년 밖이고, 원출원때 공지예외주장을 하지않았어도 분할출원은 공지로부터 29조의 예외를 인정받을 수 있는건가요?? 감사합니다. 저작자 표시컨텐츠변경비영리","글 안녕하세요? 잘뭇 알고 있습니다. 원출원이 공지된 날로부터 1년 이내라면, 분할출원은 공지된 날로부터 1년 이내와 무관하고 분할출원할 수 있는 기간의 요건을 충족하면 됩니다. 열공하세요~", ,,18.10.15
특허법,조문,33조,"[33조, 44조] 33조 44조 판단시 기준시기?댓글수1",안녕하세요? 임병웅 변리사님 이지특허법 책에 33조 44조 위반여부 심사시에 출원시 기준인지 특허결정시 기준인지 나와있지 않아 교수님에게 여쭈어봤더니 출원시 기준이라 하시는데 맞는건가요? 아닌것같아 질문합니다;; 여러 책을 찾아보니 출원시와 특허결정시가 혼동되어있습니다. 정확한 시기가 언제인가요??? 참고 : 무권리자 출원시에 출원시 기준이라면 정당한 권리자로 보정해도 거절이유해소가 안되는 문제가 있습니다. 좋은 하루되세요~,"안녕하세요? 판례를 보면, 출원시가 아니라 그 판단시를 기준으로 합니다. 열공하세요~", ,,18.10.16
특허법,문제,42조,[42조] 객관식 12판 277번 문제 3번?댓글수2?사진첨부,안녕하세요 변리사님! (3번) “또는”이라는 기재는 발명의 구성을 불명확하게 하는 표현이므로 특허x라는 심사관 거절이유는 타당x 근데 (해설)은 또는 은 구성을 불명확하게 하는 표현이 아닌 청구항의 택일적 기재표현으로서 심사관의 거절이유는 타당하지 않다. 3번은 옳은 지문으로 나오는데 해설이랑 지문이랑 매치가 안되어서 문의드립니다. 댓글2추천해요0스크랩0,"안녕하세요? ""또는""이 택일적 기재이므로 불명확한 표현이 아니라는 것이 요지입니다. 해설과 지문이 같은 내용인데 어떤 부분이 매칭이 안 되는지 잘 모르겠네요. 왜 매칭이 안 되는지 구체적으로 다시 질문해 주세요~", ,,18.10.16
특허법,문제,46조,[56조] 특객 401번 (11년도 기출) 문제 질문입니다.?댓글수2,"문제의 사실관계를 간략히 말씀드리면, 1. 甲, 乙의 공동 발명 A를 공동출원(출원X) 하였고, 乙이 甲의 동의 없이 丙에게 A의 특받권을 양도하습니다. 2. 따라서 丙은 무권리자이나, A를 현저히 개량하여 진보성이 인정되는 A'을 발명하여 출원하였습니다(출원 Y). 이러한 사실관계에서 3번 지문은, 丙이 출원한 Y는 무권리자의 출원일뿐만 아니라 선출원주이 규정에 위배되어 특허를 받을 수 없다. 입니다. 전단에서 무권리자이기에 특허를 받을 수 없다는 해설은 이해되나, 출원 X의 선출원 지위로 출원 Y를 배제한다는 해설은 잘 이해가 가지 않습니다. [이지특허법 17판] 의 479쪽에서 선출원주의의 동일성 판단방법, 483쪽의 무권리자 출원에서 동일성 판단방법을 참고하면 현저히 개량하고 ""진보성이 인정되는"" A'은 선출원 A의 선출원 주의에 위배된다고 생각하기 어렵기 때문입니다. 무권리자의 출원이 진보성은 인정되나, 아무리 현저히 개량하더라도 기존 판례와 학설에 따라 무권리자의 출원은 정당한 권리자 출원의 동일성 범주에 속하기 때문에 선출원 주의에 걸리는 것인가요? 이렇게 생각하면 신규성에 걸리기 때문에 진보성을 판단했다는 것 자체가 말이 안되기 때문에 모순되는 것으로 보입니다. 어떻게 해석해야 하는지 알고싶습니다!! 감사합니다.","병은 A와 A'를 출원하였고, 우선권주장 요건 중 주체적 요건을 만족하지 않아 판단시점이 소급되지 않고, 그 결과 A가 출원 X에 의해 선출원주의 위반이라는 것입니다. 참고로, 문제의 사실관계를 왜곡하면서 질문하는 것은 바람직하지 않습니다. 정확한 답을 원하시면 전체를 올려 주세요~", ,,18.10.18
특허법,조문,54조,[54조] 조약우선권주장출원의 주체적 요건(파리조약 내외국인 평등의 원칙)?댓글수1,"안녕하세요. 선생님. 필기노트 217페이지를 보면 조약우선권 주장을 할 수 있는 주체적 요건에 파리조약상 내외국인 평등의 원칙에 의거하여, ""조약 당사국 국민, 준당사국 국민, 무국적자(준당사국 국민에 준함)""이 포함되는데요. 여기서 무국적자가 대한민국에서 우선권 주장의 주체적 요건을 만족하는데도 무국적자는 아니지만 조약당사국과 준당사국의 국민이 아닌 자들은 우선권주장을 할 수 없다고 보면 되는지 궁금합니다. 즉, 파리조약은 '무국적자'를 '조약당사국, 준당사국 국민이 아닌 유국적자'보다 더 보호를 하고자 하는 의도가 있는 것이라고 보면 될까요?",, ,,18.10.21
특허법,조문,55조,"[55, 56조] 이중우선 시 극복 방법으로 우선권 주장 추가 보정?댓글수1",안녕하세요 특객 12판 410번 4번 지문 관련 질문입니다. 갑 --------------------16.3.21. [AB] 일본 출원--------------------16.8.15. [ABD/AD] 조약우주출원 을 16.3.15. [A] 국내 출원----------------------16.6.2. [AB] 우주출원------------------------------17.3.13. [ABC] 우주출원 X출원 Y출원 Z출원 위 사안에서 을은 2017년 6월 15일까지 2016년 3월 15일자 출원에 관한 우선권 주장을 추가하는 보정을 하여 발명 A의 거절이유를 극복할 수 있다. 인데 Z출원을 X출원에 관한 우선권주장으로 보정하여 거절이유를 극복하는 것인가요? 그렇다면 Z출원은 Y출원을 기초로 한 국내우주출원인데 위의 내용처럼 보정된다면 Z출원은 Y출원을 기초로 한 우선권주장을 취하하고 Z출원을 기초로 한 우선권주장출원을 한 것으로 되는 것인가요?,"녕하세요? Z 출원은 복합우선권주장을 하면 됩니다. 즉, X 출원에 대한 우선권주장과 Y 출원에 대한 우선권주장을 수반하면 됩니다. 열공하세요~", ,,18.10.22
특허법,조문,55조,[55조] 국내우선권 주장 질문입니다?댓글수1,출원이 취하되면 선원의 권리가 상실되잖아요 그럼 국내우선권 주장을 하게되면 우선권주장의 기초출원이 1년 3개월뒤에 취하되는데 국내 우선권 주장 출원을 함과 동시에 기초출원은 선원의 지위를 상실하는 건가요 아니면 1년 3개월 뒤에 취하 될때 선원의 지위를 상실하는 건가요??,취하될 때 소급하여 선출원의 지위를 상실하게 됩니다., ,,18.10.22
특허법,조문,55조,[55조] 이중우주 법조문 해석 질문?댓글수1,"안녕하세요. 선생님. 55조 5항을 공부하면서 조문의 표현에 대하여 의문이 생겨 질문드립니다. 제55조 ⑤ 선출원이 다음 각 호의 어느 하나에 해당하면 그 ""선출원의 출원서에 최초로 첨부된 명세서 또는 도면에 기재된 발명"" 중 그 선출원에 관하여 우선권 주장의 ""기초가 된 출원의 출원서에 최초로 첨부된 명세서 또는 도면에 기재된 발명""에 대해서는 제3항과 제4항을 적용하지 아니한다. 1. 선출원이 제1항에 따른 우선권 주장을 수반하는 출원인 경우 2. 선출원이 「공업소유권의 보호를 위한 파리 협약」 제4조D(1)에 따른 우선권 주장을 수반하는 출원인 경우 위 조문에서 비교 대상은 ""선출원의 출원서에 최초로 첨부된 명세서 또는 도면에 기재된 발명""과 ""우선권 주장의 기초가 된 출원의 출원서에 최초로 첨부된 명세서 또는 도면에 기재된 발명""입니다. 후출원의 청구범위에 기재된 발명에 대해서는 언급하고 있지 않은데, 그럼 후출원의 청구범위에 기재된 발명이 무엇인지와는 상관없이 ""선출원의 출원서에 최초로 첨부된 명세서 또는 도면에 기재된 발명""과 ""그 선출원에 관하여 우선권 주장의 기초가 된 출원의 출원서에 최초로 첨부된 명세서 또는 도면에 기재된 발명""만을 비교하여 같은 발명이 있으면 55조 제3항과 제4항이 적용되지 않을 수도 있다는 의미로 해석이 되는데, 앞의 해석 방법이 잘못된 것인지 아니면 ""후출원에 기재된 발명""에 대해 언급하지 않은 게 입법불비인지 궁금합니다.","안녕하세요? 잘못 이해하고 있습니다. 이미 법 제55조 제3항에서 후출원의 청구범위와 선출원의 최명도를, 법 제55조 제4항에서 후출워느이 최명도와 선출원의 최명도를 비교하고 있기 때문에, 법 제55조 제5항에서는 이를 다시 언급할 필요가 없는 것입니다. 열공하세요~", ,,18.10.22
특허법,조문,29조,[29조]미생물 국제출원일의 인정?댓글수1,"안녕하세요 강사님! 공부하다 질문이있어 질문드립니다 -국제특허출원이 우선권주장의 기초가 된경우,미생물이 국제출원일 이전에 국제기탁기관에 기탁되고 그 수탁번호가 국제특허출원의 명세서에 기재되어 있어야,우선권의 효과를 향유할수있다 이 지문이 기출지문인데 맞는문장으로 되어있는데 질문은, 국제특허출원일의 출원일만 인정된다면 우선권의 독립성으로 우선권효과를 누릴수있고 국제특허출원일의 출원일 인정사유 즉 보완사유 (발,성,주체,언어,표시,지정)만 만족한다면 출원일이 인정된다고 볼수있어서 굳이 기탁을늦게하던지 안해도 출원일이 인정되고 우선권주장 효과를 누릴수있지 않나요? 궁금합니다! 댓글1추천해요0스크랩0","녕하세요? 우선권의 효과라는 것은 판단시점의 소급효를 말합니다. 기탁하지 않았다면 미완성발명이고, 그렇다면 판단시점의 소급효가 발생하지 않을 것입니다. 열공하세요~", ,,18.10.23
특허법,조문,47조,"[47조, 51조] 직권보정과 재심사청구 질문드립니다.?댓글수2?사진첨부","안녕하세요 변리사님 ? 답변 이해를 잘 못하고 똑같은 질문을 계속 드립니다. 그냥 외우고 넘어갈 수도있지만, 꼭 이해하고싶어서 한번 더 질문드려 죄송합니다. ? 기억하시겠지만 51조와 47조 관련한 질문입니다. 51조 1항 각호에 해당하는 경우, 보정각하의 예외로서, 각하하지 않고 거절이유를 한번 더 통지하는 걸로 공부했습니다. ? ? ? 이 도해의 재심사청구의 경우에, '재심사의 청구 전에 한 부적법한 보정이 재심사 청구 후 발견된 경우', 그 청구전에 한 보정은 보정각하를 하지 않고 한번 더 거절이유통지를 하는걸로 이해했습니다. 법의 취지상, 심사관이 제대로 보정각하 후 거절결정했으면 보정전 명도로 재심사 청구할지 말지 고민했을텐데, 그렇지 않은 상황에서 재심사4에서 ④로 보정각하하면 출원인이 심사관의 잘못으로 보정이 적법하다고 생각하고 보정 후 명도로 고민해서 판단의 기회를 박탈당했기 때문에, 출원인의 입장을 생각해서 ④가 발견됐을때 최후거절이유통지 하는걸로 배웠습니다.? 다만, 재심사4의 단계에서 ②가 발견되면 이미 거절이유를 통지한 사유이므로 거절결정하는 것이 타당하다고 생각했습니다.(또한 보정에 따라 새로운 거절이유가 발생한 것이 아니어서, 각하 사유가 아니므로 51조 1항 각호에 해당되지않으므로) 이렇게 이해하고 직권보정부분을 공부했는데 혼란이 왔습니다. ? ? ? 이 도해에서, 직권보정 후 의견서제출에따라 직권보정이 취소되고 심사4를 다시 해서, ④가 발견되었을때, 원래는 보정에따라 새로운 거절이유가 발생한 경우에 해당하여 보정각하해야 하지만, 51조 1항 1호 보정각하의 예외에 따라 최후거절이유통지 하는 것이 51조 1항 1호의 취지라고 생각했습니다. 그런데 여기서 의문이 생겼습니다. 심사4를 할 때, ②의 거절이유를 발견한 경우에는 최후거절이유통지가 아닌 거절결정하는 것이 맞지않나라는 생각이 들었습니다. 51조 1항의 취지인 각하되어야 할 보정에 따른 새로운 거절이유가 생긴 경우가 아니기 때문에, 51조 1항 각호의 예외를 적용받지 못한다고 생각했습니다. 따라서 원거절이유가 해소되지 않았기 때문에, 위의 재심사청구의 경우에 재심사4에서 ②가 발견되었을때 거절결정 하듯이, 여기서도 ②를 발견한 경우엔 거절결정하는게 맞지 않나라는 생각이 들어서입니다. ? 추가로 궁금한 사항은 강의해주실때, 직권보정에서 ④는 당연히 발견하게되는 것이라고 말씀해주셨는데(당연히 직권보정했었던 거절이유이므로) 혹시 재심사4에서 ?②가 발견됐을때, 최후거절이유통지 받는 이유도 혹시 ④가 당연히 발견하게 되는 것이기 때문인가 하는 의문도 들구요. ? ? ? 답변해주신거 보고 두어시간을 고민해도 잘 몰라서 다시 질문드립니다. 넓은 마음으로 이해해주시기 바랍니다.. 감사합니다 ㅠㅠ ?","직권보정하면서 특허결정하였는데 의견서를 제출하여 재심사가 이루어지는 경우, 심사할 때 바로 거절결정한다면 의견서 제출에 대해 특허청이 불만을 표출한 것이라고 출원인은 생각할 수밖에 없습니다. 따라서 극히 예외적인 경우(이미 거절이유통지한 것 and 직권보정한 것인 경우는 거절결정)를 제외하고는 거절결정을 하지 않고, 다시 거절이유통지를 하여 출원인에게 대응기회를 부여하는 것입니다. 취지를 한 번 생각해 보면 됩니다. 열공하세요~", ,,18.10.23
특허법,문제,29조,[29조] 신규성?댓글수1?사진첨부,안녕하세요 변리사님 기출문제에서 질문있습니다. 본 문제에서 4번 보기는 왜 답이 될수 없는지 궁금합니다!,"인용발명 4는 튜브에 산소센서가 연결되어 있으나, 청구항 2는 밸브에 산소센서가 연결되어 있어서 다른 발명입니다. 열공하세요~", ,,18.10.25
특허법,조문,55조,(55 56) 국내 이중우주 출원공개?댓글수1,"안녕하세요 변리사님 다음과 같은 이중우주의 경우 X출원(a/a)----Y출원(ab/ab)------Z(abc/abc) 18.1.1 18.5.1 18.12.1 1. Y출원의 경우 x출원일로부터 1년6개월뒤 출원공개되는데 이때 a의 확선지위는 18년1월1일 ~19.7.1 , b의 확선 지위는 18년5월1일~19.7.1 까지 맞나요? 2. Z출원의 경우 b의 확선지위는 18년5월1일부터 - 19.11.1까지, a,c 의 확선지위는 18년 12월1일부터 -19.11.1까지가 맞나요? 3.Y출원의 경우 18.5.1 부터 1년 3개월뒤 취하되는데 이 경우에도 Y출원 a,b의 확선지위는 유지되나요? 아니면 선출원효과가 사라짐으로서 확선지위도 사라지나요? 답변에 미리감사드립니다","안녕하세요? 1. 네 2. 네 3. 확선은 공개을 요건으로 하며, 출원의 취하와는 무관합니다. 열공하세요~ 답글기능 더보기", ,,18.10.27
특허법,문제,54조,"[54,55조] 질문입니다?댓글수1?사진첨부",이 문제를 보면 갑은 한국에서 출원을 하고 일본에서 pct 출원을 했으므로 국내우선권주장이 아닌 조약우선권주장출원으로 봐야되는거 아닌가요? 조약우선권 주장 출원이라고 생각하면 취하간주된다는 지문 가는 틀린 지문이라고 봐야하는거 아닌가요?,"PCT 출원을 어느 국가에서 했느냐가 중요한 것이 아니라, 지정국이 어느 국가이냐가 중요한 것입니다. 한국출원을 기초로 우선권주장을 하면서 한국을 지정국으로 했다면, 국내우선권주장에 해당합니다. 열공하세요~", ,,18.10.31
특허법,조문,29조,[29조] 진보성 질문입니다?댓글수1,29조 2항을 보면 1항의 공지등에 의한 발명에 의해 발명할 수 있으면 특허 받을 수 없다고 되있으면 이것은 국내외 공지등의 발명으로 이루어진 것이니까 진보성은 국내주의가 아니라 국제주의로 판단해야하는 거 아닌가요?,"공지기술인지 여부는 국제주의이고, 통상의 기술자의 입장을 고려함에 있어서는 국내주의라는 의미입니다. 기본서를 정독해 보세요~", ,,18.10.31
특허법,조문,55조,[55]국내우주 소급예외 / [56]조약우주 소급예외 : 심공존재등이..두문자의 근원?댓글수1,"먼저, 국내우주의 소급예외로 : ""심공존재등이""...가 있는데, 55조③의 소급되는 여러 조문들 中, 제외된 규정들이 ""심(59②) 공(30②) 존(88①) 재(107②) 등(92의2)"" 이고 + 이중우선(55⑤) 까지해서 ""심공존재등이""...라는 두문자가 만들어집니다. 그런데, 조약우주의 경우 (판단시점 소급되는 건 규정상 29조,36조이라지만 예시적 규정일 뿐이고...) 수업시간에 조약우주 소급예외 파트 배울때...제 기억으로는 ""파리조약 4B를 적용한뒤 남은것이 소급예외다!!"" 라고 말씀하셨는데 파리조약 4B를 찾아보니 ""제1국과 제2국 출원 사이에 타인의 출원 등에 의해 영향받지 아니하며, 제3자에게 어떠한 권리도 발생시키지 않는다"" 라는 내용 뿐이고, 별도 개별적인 소급대상이 안 적혀 있는데요. 왜 ""파리조약 4B를 적용한뒤 남은것이 소급예외다!!"" 라고 말씀하셨는지요? 혹시 1국과 2국 사이의 제3자의 출원or공개에 의해 영향받는 경우만 소급시켜 주고 (ex 29조 36조 등등) 제3자의 출원or공개가 있어도 어차피 아무 영향 안받을 경우를 모아보면 ""심공존재등""...이 된다는 것인가요?","네. 그렇습니다. 파리조약 4B에 따라 해석을 해 보니, 소급효가 인정되지 않은 경우로서 심공존재등이 존재한다는 것입니다. 열공하세요~", ,,18.11.02
특허법,조문,30조,"[30, 52] 공지예외주장출원을 원출원으로 하여 분할출원하는 경우, 심사실무는???댓글수1?사진첨부","심사기준에 있는 내용(특허청, 「특허ㆍ실용신안 심사기준(예규 제101호)」, 2018, 6106면)입니다. 『분할출원에 대하여 공지예외주장을 하고자 할 때에는 분할출원서에 그 취지를 기재하고 그 주장에 필요한 증명서류를 분할출원일부터 규정된 날까지(공지예외주장출원의 경우, 분할출원일부터 30일내)제출하여야 한다. 원출원시 공지예외주장을 하지 않은 경우에는 분할출원시 이와 같은 주장을 하는 것은 인정되지 않는다. (2015.7.29 이후 출원된 원출원을 기초로 하는 분할출원에서 공지예외주장하는 경우는 제외한다.) 다만 원출원에서 공지예외주장의 취지만을 기재하고 그 증명서류를 법정기간 내 제출하지 않은 경우라도 분할출원서에 공지예외주장의 취지를 기재하고 분할출원일부터 규정된 날까지 해당 증명서류를 제출한 경우에는 그 공지예외주장은 적법한 것으로 본다. (원출원의 해당 공지예외주장절차가 그 분할출원 전에 무효로 된 경우는 제외한다).』 공지-----------원출원(X) -------------분할출원(Y) 공지예외주장 [질문1] 2015.7.29일 이후의 원출원(X)을 기초로 분할출원(Y)하는 경우 원출원(X)시에 공지예외주장을 하지 않았어도, 분할출원(Y)을 하면서 공지예외주장을 허용하겠다는 내용입니다. 스스로 공지해놓은 후 동일발명 원출원(X)하면서 공지예외주장 안하면 신규성상실로 거절되는데, 이제부터 그러한 곤란한 상황이 오면, 일단 분할출원(Y)하면서 공지예외주장해버리면 분할출원으로써 살릴 수 있는건가요? (추가 질문 : 분할출원하면서 발명의 설명에만 기재된 발명을 청구범위로 끌어올리는 분할출원도 인정하는 마당에 원출원 청구범위에 기재된 발명 그대로를 하나도 안바꾸고 분할출원할 수도 있나요?) [질문2] 이 부분은 ""증명서류를 분할출원일~30일 내 제출할 수 있다""는 분할출원의 소급예외(52②)의 내용입니다. ⅰ)여기서는 애초에 원출원(X)에 공지예외주장 취지 기재를 해놓은 경우에만, 추후 분할출원~30일내 증명서류제출할 수 있다는 건가요? (2018 심사실무 직역한 결과) ⅱ)아니면 2015.7.29일 이후 원출원(X)시 공지예외주장 취지 기재 안해도 분할출원(Y)시 공지예외주장할 수 있으니 원출원(X)시 주장·증명서류 아무것도 안해도 분할출원(Y)하면서 주장·증명서류 다 제출할 수 있다는 건가요? (위 경과규정 취지 고려해본 결과) [질문3](원출원의 해당 공지예외주장절차가 그 분할출원 전에 무효로 된 경우는 제외한다.) 즉 분할출원 증명서류 제출해도 공지예외주장은 부적법 = 분할출원의 소급예외(52②)을 적용 못받음 이 괄호 규정을 생각해보면 원출원(X)를 하면서 어설프게 공지예외주장했다가 주장절차 무효가 될 바에는 차라리 원출원에서 (공지예외주장, 증명서류, 심사청구 등) 아무것도 안하고 있다가 분할출원(Y)하면서 제대로 공지예외주장하는게 낫다고 볼수 있는건가요? 제가 언어가 너무 약해서 이런것들이 자주 부딪치네요.","글 1. 기존에는 법 제30조제3항이 없었기 때문에 출원과 동시에 주장해야 했으나, 법 제30조제3항의 신설(2015.7.28 시행)로 그럴 필요가 없어진 것입니다. 따라서, 원출원이 공지예외적용주장을 하지 않은 것을 회피하기 위한 수단으로 분할출원을 이용하는 것을 막을 필요가 없습니다.(네. 인정됩니다. 다만 협의제 이슈가 생깁니다.) 2. 후자가 맞습니다. 3. 원출원이 무효가 된다면 분할출원 역시 무효가 될 가능성이 클 것입니다. 법 제30조제3항의 신설로 원출원에서 취지와 증명서류를 어설프게 제출할 필요가 없습니다.) 열공하세요~", ,,18.11.03
특허법,조문,55조,"[55⑦]국내우선권주장의 추가 (요건, 시기)?댓글수1?사진첨부","(55⑦) 55①항에 따른 요건을 갖추어 우선권 주장을 한 자는 최선출원일부터 1년 4개월 이내에 그 우선권 주장을 보정하거나 추가할 수 있다. 우선권주장을 추가할 수 있는 자는, 55①항에 따른 요건을 갖추어 우선권 주장한 자로서 즉, 선출원(Y)를 기초로 국우주장출원(Z)을 적법하게 한 자 이어야 하는데요. 아래 심사기준(6408)에 이를 풀어서 말하고 있습니다. 『국내우선권주장으로 추가할 수 있는 출원은 특허법 제55조제1항에 따른 요건을 갖추어야 한다. 요건의 충족 여부는 ①선출원(Y)이 후출원(Z)의 출원일 이전 1년 이내에 출원된 출원일 것, ②선출원(Y)이 분할출원이나 변경출원이 아닐 것, ③선출원(Y)이 무효, 취하 또는 포기되거나 특허여부결정, 실용신안등록여부결정이 확정되지 않았을 것, ④선출원인과 후출원인이 동일할 것, ⑤우선권주장을 특정할 수 있을 정도로 우선권주장관련 사항을 명확히 기재할것 등을 기준으로 판단하여야 한다.』 [질문1] 제가 재작년 중급강의를 들었을 때에는 요건③을 (추가 보정되는 시기 기준으로) 후출원(Z)이 무효, 취하 또는 포기되거나 특허여부결정, 실용신안등록여부결정이 확정되지 않았을 것...이라고 배웠던것 같은데 (이것도 수긍이 가지만...) 선출원(Y)가 무효,취하,포기등이 되지 않았을 것이라고 말하고 있는게 아닌지요..... 제가 잘못 기억하고 있는것 같기도 하네요 [질문2] “추가할 출원(X)이 후출원(Z)의 출원일 이전 1년 이내에 출원된 출원일 것”도 당연한 요건이죠? (위 요건①과 별개로요) [질문3]우선권 주장 추가할 수 있는 시기(최선출원일~1년 4월) 중에 실제로 추가할 수 없는 기간이 있나요? ⅰ)추가할 출원(X) 후에 선출원(Y)이 있는 경우, 추가할 출원(X)~1년4월까지 추가할 수 있는데, 추가할 출원(X)~1년 3월에 추가할 출원(X)는 취하간주 되는 것이라면 그럼 빨간색 기간에 X기초 우주를 추가 시킨다면 어떻게 되는 건가요? (아예 추가 못할 것 같기도 하고, 추가하자마자 바로 취하간주 될 것 같기도 하고…) ⅱ)선출원(Y) 후에 추가할 출원(X)이 있는 경우, 선출원(Y)~1년 4월까지 추가할 수 있는데, 선출원(Y)~1년 3월에 선출원(Y)는 취하간주 되버리고, 즉, 위 요건③〔선출원(Y)는 무효,취하 등 아닐것〕에 흠결이 생겨서 추가 못할 것 같아보이고요…. 기본이 안되있으니, 생각만 많아지네요ㅠ 연말에 더 바빠지실텐데, 짬짬이 알려주셔서 감사합니다~","1.2. 심사기준을 잘못 해석하고 있네요. 심사기준에서 말하는 선출원은 X출원을 말하고 있습니다. 3-1) 심사기준에 의하면 ③을 충족시키지 못하고 있어서, 불가입니다. 3-2) 추가가 가능합니다. 열공하세요~", ,,18.11.06
특허법,조문,32조,"[32조,33조,54조] 32조 판단가부,33조 등록요건 편에 있는 이유 & 조약 우주가 선 특허권만을 대상으로 하는지 여부?댓글수2","첫번째로 32조 공서양속에 위배되는 발명은 공개되지 않는 것으로 알고 있는데 공개는 심사를 전제로 하지 않는점, 심사하지 않고 어떻게 32조를 판단해서 공개여부를 결정하는지 궁금합니다. 두번째로 산재법내 제 33조[특허를 받을수 있는자]와 대응되는 상표법 3조[상표를 받을 수 있는자], 디자인보호법 3조 [디자인을 받을 수 있는자] 는 모두 총칙규정에 규정되어있는 반면 특허법만 등록요건 편에 규정되어 있는 이유가 있나요? 취지나 효과 등에 차이가 있는지 단순히 편제가 다르게 되어 있는 것인지 궁금합니다. 세번째로 54조 조약우주 1항 1,2호를 보면 ""당사국에 특허출원한 후""라고 기재되어 있습니다. 우선권은 성질상 출원형식에 제한받지 않는 것으로 알고 있는데 특허가 아닌 다른 산재법에 관한 출원을 선출원으로 우선권 출원하게 되는 경우 조약이 적용되는 부분이고 54조가 적용되지 않는 것인지 궁금합니다.","1. 심사하여 법 제32조에 위반되었다고 판단된 경우에만 공개하지 않습니다. 2. 상표법이나 디자인보호법이 기존에 특허법를 준용하여 기술되어 있다가 준용규정을 풀어서 기술하면서, 편제를 잘못 맞춘 것입니다. 3. 조약이 적용됩니다. 열공하세요~", ,,18.11.07
특허법,문제,52조,"[52,55조] 질문입니다!?댓글수1?사진첨부",안녕하세요 임병웅 변리사님 항상 명쾌한 답변을 주셔서 감사합니다ㅎㅎ 문제를 풀다가 궁금점이 생겼는데요 이 문제에서 (바) 를 보면 W출원은 선출원주의의 위배를 이유로 거절 된다고 나와있는데요 제가 생각하기엔 Y출원의 발명A가 X출원일로 판단시점 소급이되고 W출원의 A가 Y출원으로 출원일이 소급되는데 이렇게 되면 동일인간에도 선출원주의가 적용이 되므로 W출원은 선출원주의 위배가 맞는 내용아닌가요?,안녕하세요? Y출원은 국내우선권주장의 선출원으로서 취하간주되기 때문에 선출원의 지위를 갖지 않습니다. 열공하세요~, ,,18.11.07
특허법,문제,29조,"[29조,55조]확대된 선출원의 지위(국내우주와 관련한)?댓글수1?사진첨부",안녕하세요 임병웅변리사님! 이지 객관식 11판 168번 문제에서 지문에 관한 상황에서 궁금증이 생겨 질문드립니다. 문제 지문 상황을 그려봤는데 이지특허법의 참고자료를 보고 각 발명의 시기별 지위를 정리해보았습니다. 틀린부분이 없는지와 특히 발명d의 경우 X출원이 1년 3개월 뒤 취하되기에 Y출원 공개 시까지는 어떤 지위도 없다가 Y출원 공개시에 공지기술의 지위가 생기는게 맞는지 질문드립니다.,안녕하세요? 이해하고 있는 것이 모두 맞습니다. 열공하세요~, ,,18.11.09
특허법,조문,55조,55조 국내우선권주장출원중 이중우선문제?댓글수1,"편의상 출원시기와 출원발명을 단순화했습니다 출원인-갑 0년0월 X출원(발명A) 0년2월 Y출원-X출원을 기초로 55조주장 (발명A) 1년1월 Z출원-Y출원을 기초로 55조주장 (발명A) 출원인-을 0년4월 T출원(발명A) 을의 T출원은 등록받을수 있는가? 하는 문제입니다 ----------------------------------------------------------- 제 생각은, 갑이 출원한 각각의 취하간주시기를 예상해보면 X출원 1년3월 취하간주 Y출원 1년5월 취하간주 되므로 1. 36조 X,Y출원은 취하간주되므로 적용안되고 Z출원또한 이중우선이라 안됨 2. 29조3항 X출원은 Y출원의 공개전 취하간주되고 Y출원또한 Z출원의 공개(1년8월)전 취하간주되므로 X,Y출원 모두 공개되지않아 확선의 지위가 없다 복합우선으로의 우선권주장 보정을 고려해봐도 X출원과 Z출원은 시기적요건에서 부적합 따라서, 을의 T출원은 등록해줄수밖에 없다 그리고 오히려 을의 T출원에의해 갑의 Z출원은 거절될것이다 이거 맞나요? 뭔가 착각하고있는건 아닌지.. 시기적으로 Y출원이 공개되고 나서 취하되었다면 확선의 지위로 거절할수있는건데 이 케이스는 안되는건지",안녕하세요? 이해하고 있는 내용이 맞습니다. 을 출원은 등록가능합니다. 열공하세요~, ,,18.11.10
특허법,조문,47조,47 조 질문입니다?댓글수1,"최초출원된명세서는 청구범위를 포함하지 않는 것이지요? 즉, 최초출원된 청구범위는 있지만, 명세서 및 도면에는 없을때 신규사항 추가인 것이지요?",명세서는 청구범위와 발명의 설명을 포괄하는 용어입니다. 청구범위에는 포함되어 있지만 명세서에 포함되지 않는다는 것은 모순입니다. 법 제42조를 더 공부해 보세요. 열공하세요~ 답글기능 더보기, ,,18.11.10
특허법,조문,53조,53조 변경출원시기 (재심사청구시)?댓글수1,"변경출원은 최초의 거절결정등본을 송달받은 날로부터 30일(연장의경우~)까지 할수있는데요 거절결정등본을 송달받았을때 할수있는 다른 조치인 거불심판이나 분할출원은 재심사청구를 하면 거절결정이 취소되어 할수없는걸로 알고있습니다 하지만, 변경출원의 경우는 여전히 그 기간안에 해야하는게 맞는지 알고싶습니다 감사합니다","변경출원은 심사기준에 명확히 드러나 있지 않습니다. 다만, 변경출원의 시기가 분할출원의 시기보다 좁은 영역이라는 것을 감안하면, 재심사청구를 했더라도 변경출원할 수 있는 기회를 주는 것이 적절해 보입니다. 열공하세요~", ,,18.11.10
특허법,조문,52조,[52조] 분할출원에 대한 질문입니다?댓글수1,안녕하세요 변리사님 특허결정을 받고나서도 분할출원이 가능한 걸로 알고있습니다. 그렇다면 특허결정을 받고 청구범위에 기재된 발명을 분할출원하면 원출원의 경우 보정가능한 기간이 아닌데 후출원은 선출원주의의 회피가 불가능한 것인가요? 또 분할출원의 심사순선는 원출원의 심사순서를 따른다고 적혀있는데 원출원 특허결정을 받고 분할출원을 하는 경우에는 예외인 것인가요??,안녕하세요? 1. 분할출원의 청구범위를 보정하면 됩니다. 2. 빠른 시간안에 분할출원의 심사가 이루어집니다. 열공하세요~, ,,18.11.15
특허법,조문,53조,[53조]변경출원의 시기에 대해서 질문드립니다.?댓글수1,"안녕하세요 임병웅 변리사님 변경출원의 시기적기준에 대해 질문드립니다. 특허출원인은 그 특허출원에 관하여 최초의 거절결정등본을 송달받은 날부터 30일이 경과한 때에는 해당 특허출원을 실용신안등록출원으로 변경할 수 없으나, 원출원에 대하여 최초의 거절결정을 받은 자가 거절결정에 대한 불복심판을 청구하는 경우 그 거절결정에 대한 불복심판을 청구 할 수 있는 기간이 연장된 때에는 그 연장된 기간 내에 변경출원을 할 수 있다. 위 지문에서 불복심판을 청구할 수 있는 기간이 연장된 때에는 그 연장된 기간 내에 변경출원을 할 수 있다라고 하면 맞는건가요??",안녕하세요? 네. 맞습니다. 법 제53조제1항을 읽어 보세요. 열공하세요~, ,,18.11.17
특허법,조문,33조,[33조. 44조] 단독으로 발명하여 공동출원하기로 한 약정?댓글수1,"안녕하세요! 객관식 강의 수강중 질문드립니다 아래 두가지 상황에 대해 궁금합니다 ㅜ! 1. 「判例」(98허2405) 공동명의 출원계약의 경우 계약 위반 시 계약 당사자 간에 채무불이행책임을 지는 것은 별론, 계약만으로 33조2항에 따른 공동발명이 성립된다고 볼 수는 없다 2. 이지 객관식 210. (5번선지) 단독으로 발명하여 공동출원하기로 약정을 하였으나, 이를 위반하고 단독으로 출원한 경우 법 제 44조 위반이다 (X) (해설) 공동출원하기로 약정했다는 것은 특허를 받을 수 있는 권리의 이전에 의한 특허를 받을 수 있는 권리가 공유라는 의미로 이해되며, 따라서 공동출원하지 않는 것은 제44조 위반이다 [질문] 상기 판례와 객관식 선지를 같은 상황이라고 보고 33조1항 위반은 아니지만, 44조 위반이다 라고 볼수 있는지 궁금합니다! 아니면 위 두 내용은 다른 상황으로서 각각 이해해야할까요...?!","안녕하세요? 98허2405 판례는 제44조가 개정됨에 따라 의미가 없어진 내용입니다. 공동출원하기로 약정했다는 것은 특받권을 양도했다는 것이고, 그렇다면 단독으로 출원했을 때 제44조 위반이 맞습니다. 열공하세요~", ,,18.11.17
특허법,조문,54조,"[54] 조약우선권의 최선성 - 심사실무(6305), 이지특허 445p 각주 73) + 조약우선권주장출원의 보정?댓글수1","[질문1]심사실무(6305), 이지특허 445p 각주 73) 제1국출원이 최초출원이거나 최초출원으로 인정될 수 있는 출원이어야 한다. 예를 들어, 영국에 2001년 3월 1일 한 출원을 기초로 조약우선권주장하며 미국에 2001년 5월 1일 출원하고 우리나라에 2002년 4월 1일 출원하고자 하는 경우, 영국출원으로부터 12개월이 경과하였으므로 영국출원을 기초로 우선권주장을 할 수 없는 것은 당연하고, 미국출원으로부터 12개월이 경과되지 않았지만 미국출원은 동일한 발명에 대한 최초출원이 아니므로 동출원을 기초로 우선권주장을 할 수는 없다. 만약, 최초출원이 그 국가의 출원을 기초로 우선권주장을 할 수 없는 국가에 출원된 것이라면 그 국가에의 출원은 최초출원의 의미에 포함되지 아니한다.[파리조약4(C)(2), 특법54(2)] 2001.3.1 2001.5.1 2002.4.1 영국출원(A발명) ---------미국출원(A발명)---------한국출원(A발명) 영국출원기초 조약우선권 이 볼드체로 된 문장 전체가 하나도 이해가 안됩니다. 읽히는 대로 해석하자면 만약, 미국출원된 발명이 미국의 출원을 기초로 우선권주장을 할 수 없는 한국에 출원된 것이라면 미국의 출원은 최초출원의 의미에 포함되지 아니한다.(;;;;) 아래 다른 질문중에 임병웅변리사님 답변으로... ""우선권주장의 기초로 사용되었다면 최선성이 없습니다."" 이 뜻을 말하는 것 같기도한데...문장이 너무 어렵네요. [질문2]그리고 최선성을 요구하는 취지에 대해 이지특허법 445p 아래에서는 ""우선권주장의 기초가 되는 출원은 동맹 제1국의 최초의 출원이어야 한다. 만일 최초의 출원이 아닌 제2, 제3의 출원에 대해서도 이를 우선권주장의 기초로 할 수 있도록 한다면 우선기간이 연장되어 결과적으로 존속기간이 실질적으로 연장되기 때문이다."" 최선성 없는 출원을 기초로 조약우선권주장을 허용하면 우선기간이 연장되는 불합리는 이해가 되는데. 존속기간이 왜 연장되는 불합리가 있는 건가요? 우선권주장이 인정되더라도 출원일 소급은 없으므로, 조약우선권주장출원일~20년까지 특허권이 존속하는거 아닌가요? 아니면 판단시점 소급을 받지 못하는 상황에서 판단시점을 소급받게 됨으로써, 소급받은기간만큼 선출원지위를 얻은 이익을 말하는 건가요? (국내우선권주장출원의 경우 기초발명의 선출원은 취하간주되고, 기초발명+개량발명의 후출원은 후출원시~20년까지 존속기간이므로 기초발명의 존속기간이 연장되는 효과가 있다고는 이해가 됩니다만...) [질문3] 조약우선권주장출원의 보정을 설명하실때 우선권주장기간은 자국법에 일임 →우리특허법은 법적안정성 위해 출원시 주장해야 하되,(54③) →""출원인에게 부담이 되니"" 조약우선권주장의 추가·보정을 허용 (54⑦) 이라고 설명하셨는데요. 그런데 조약우선권주장의 추가·보정을 하기 위한 조건으로 일단 조약우선권주장을 한 자 이어야 하면 출원시 애초에 조약우선권주장을 했어야 하는 부담은 여전히 안고 있는것 같은데요. 어떤 측면에서 54⑦이 출원인의 부담을 덜어주는 건가요?? (출원시 부담없이 아무렇게나 조약우선권 주장을 일단 해놓고, 나중에 일정기간 내 전략적으로 보수하란 말인가요?) 아 그리고 제가 이제 2차 준비중인데, 기본이 안된것 같아서 1차 중급을 들으려고 봤더니, 2차 강의도 틈틈이 하셨나보네요. 감사합니다~ㅠㅠ","1. 2001. 3. 1 출원이 파리조약 당사국이 아닌 국가에 한 것이라면, 2001.5.1 출원을 기초로 우선권주장을 할 수 있다는 의미입니다. 2. 존속기간 만료일이 그만큼 늦춰지게 된다는 의미입니다. 3. 문의한 조약우선권주장은 다른 선출원을 기초로 한 것이고, 당해 선출원을 기초로 조약우선권주장을 하지 않음으로 판단시점 소급효 불인정이 되는 것을 막겠다는 의미입니다. 열공하세요~", ,,18.11.18
특허법,조문,52조,[52] 분할출원 시기 中 특허결정등본 송달 후 3월 (단 설정등록 이전) 이내의 기간?댓글수1,"[질문1] 2015.7.29이후 출원부터는 특허결정등본 송달 후 3월 (단 설정등록 이전) 이내의 기간에 분할출원을 허용하는데 이는 권리범위 재설계(특허장벽 쌓기)를 하라는 취지로 허용한다고 이지특허법(422p)에서 나와있습니다. 그런데, 변경출원의 경우도, 특허결정등본 송달 후 3월 (단 설정등록 이전) 이내의 기간에 가능한데 그 근거는, 변경출원은 출원계속중에 가능하다...라는 답변을 지난번 질문에서 임병웅변리사님에게 받았습니다. 그런데, 이 기간에 변경출원하는 모습을 생각해보면 특허결정등본 송달 후, 실용신안출원으로 변경;; (마땅히 실익이 없어 보이고요) 실용신안등록결정등본 송달 후, 특허출원으로 변경 (발명의 고도성, 높은 수준의 진보성을 다시 따져야 하는 불경제) 그래서 이 기간의 의미는 법조문상에서만 의미가 있을뿐, 실무상 특별한 취지가 없다는 생각이 드는데요. 제가 놓친 부분이 있을까요? [질문2]특허결정등본 송달 받은 후에도 분할출원을 인정하는 취지에 대해 이지 특허법 422p 에서는 권리범위재설계(특허장벽쌓기)라고 말하고 있는데요. ┌특허권(X) │청구항1. A+B └청구항2. A+B' (균등범위) 에서 제3자가 A+B를 실시하면 특허권 1개를 침해한 것이고 ┌특허권(Y) └청구항1. A+B ┌특허권(Z) └청구항1. A+B' (균등범위) 에서 제3자가 A+B를 실시하면 특허권 2개를 침해한 것으로 만드려는게 특허장벽 인가요?",1. 네. 맞습니다. 단 실용에서 특허로의 의미는 있겠네요. 2. 발명의 설명/도면에만 기재된 발명을 청구범위에 기재하여 다양한 관점에서 권리범위를 설계하는 것입니다. 열공하세요~ 답글기능 더보기, ,,18.11.18
특허법,조문,33조,"(제 33조, 제 44조) 단독 발명 후, 공동출원의 약정?댓글수1?사진첨부",강사님 안녕하세요! 저번 질문에 답변해주신 것 정말 감사드립니다. 동일한 내용 질문해서 죄송합니다. 그런데 이음특허법 6판의 내용과 답변해주신 내용(객관식 210문 5번지문) 다르게 나와있습니다ㅠㅠ 아래 중에 뭐가 맞는 내용인지 너무 답답합니다ㅠ.. 1.이음특허법 6판 2. 이지 특허법 객관식 210번 5번지문 (질문) 이음특허법에서는 상기 경우에 33조. 44조 모두 위반이 아니라고 되어있는데 이지특허법객관식에서는 44조위반으로 되어 있어 혼란스럽습니다.,안녕하세요? 이음특허법 내용은 구 제44조에 대한 판례입니다. 동일한 질문이 아래 몇 개 있으니 검색해 보세요. 열공하세요~, ,,18.11.19
특허법,조문,36조,"[36조] 실질적 동일성, 용이성 질문드립니다.?댓글수1","안녕하세요 변리사님 특허객관식 풀다가 궁금한 사항이 생겨질문드립니다. 보기1: 확대된 선출원이 적용되려면 두 발명의 기술적 구성이 동일해야 하는바, 두 발명 사이에 구성상 차이가 있어 새로운 효과가 발생한 경우, 그 구성상 차이가 그 발명이 속하는 기술분야에서 통상의 기술자가 용이하게 도출할 수 있는 범위 내라고 하더라도 확대된 선출원의 규정은 적용되지 않는다. 보기2: 서로 다른 사람이 출원한 선출원과 후출원의 청구범위에 기재된 발명의 구성에 차이가 있어도, 그 기술분야에 통상의 지식을 가진 자가 보통으로 채용하는 정도의 변경에 지나지 않고 발명의 목적과 작용효과에 특별한 차이를 일으키지 않는다면, 후출원은 특허받을 수 없다. 둘다 맞는 보기인데, 보기2는 강의에서 설명해주신대로 명확하게 선출원에서의 동일성(=극히 용이하게 발명할 수는 없으나 용이하게 발명할 수 있는 단계)으로 인식하고 문제를 풀었습니다. 근데 보기1이 확선 규정이 적용되지 않는것은 분명하지만, 보기2의 동일성보다 윗 단계의 동일성인지, 아니면 보기2의 동일성과 같은 수준의 동일성인지가 궁금합니다. 보기2에선 통상의 기술자가 보통으로 채용하는 정도의 변경에 지나지 않고 '특별한 차이를 일으키지 않는다면' 이라고 했고 보기1에선 '새로운 효과가 발생'하고, 통상의 기술자가 용이하게 도출할 수 있는 범위 내라고 한 것을 비교해봤을때, 언뜻 보기엔 같은 수준의 동일성 같기도하고, 어떻게 보면 보기1의 동일성 수준이 더 높아보이기도 했습니다.. 강의노트 도해를 보면 보기2의 동일성 수준이 용이성 단계이고 그 위는 이제 비용이성 단계인데, 보기1을 보면 용이하게 도출할 수 있는 범위 내라고 하므로 같은 용이성단계인것 같기도 하구요.. 질문이 길어 죄송합니다. 답변해주실것에 미리 감사드립니다.","안녕하세요? 보기 1은 용이성 단계는 동일성 범위를 벗어났기 때문에 확선의 지위 위반이 아니라는 것이고, 보기 2는 용이성 단계도 동일성 범위 이내이기 때문에 선출원주의 위반이라는 것입니다. 그리고 보기 2는 용이성 단계도 동일성 범위로 본다는 것이고, 질문하신 것처럼, ""선출원에서의 동일성(=극히 용이하게 발명할 수는 없으나 용이하게 발명할 수 있는 단계)""가 아닙니다. 열공하세요~", ,,18.11.20
특허법,문제,55조,"[55조, 56조] 이중우선 주장?댓글수1",안녕하세요. 특객 12판 410번 4번 지문 관련 질문입니다. 갑 --------------------16.3.21. [AB] 일본 출원--------------------16.8.15. [ABD/AD] 조약우주출원 을 16.3.15. [A] 국내 출원----------------------16.6.2. [AB] 우주출원------------------------------17.3.13. [ABC] 우주출원 X출원 Y출원 Z출원 이 사실관계인데 A가 왜 X출원시까지 판단시점 소급하지 못하고 Z출원시로 판단하는 것인가요?,안녕하세요? 제목에 답이 있네요. 이중우주이기 때문에 법 제55조제5항에 따라 소급효의 예외를 인정하고 있습니다. 열공하세요~, ,,18.11.21
특허법,조문,55조,[55조] 국내우선권주장 추가보정에 관하여?댓글수1,"안녕하세요. 구 인사이트 객관식 특허법 풀다가 질문이 있어서 글 남깁니다. 10판 p.368 문제에 16.3.15 국내출원X (발명A) 16.6.2 국내출원Y (발명A,B) X에 대한 국내우선권주장 17.3.13 국내출원Z (발명A,B,C) Y에대한 국내우선권주장 의 경우에서 ""Z발명에 17.6.15까지 X발명에대한 우선권주장을 추가하는 보정을 하여 발명 A의 거절이유를 극복할 수 있다"" 는 지문이 옳다고 합니다. 이에 대하여 의문이 있는데, 우선권주장을 추가하려면 1. 최선출원일부터 1년 4개월 이내 2. 추가하려는 우선권의 기초가되는 출원이 유효하게 존속 + 분할,변경 출원이 아닐 것 3. 후출원이 추가하려는 우선권의 기초가 되는 출원으로부터 1년내 출원되었을 것 을 전제하여야 한다고 이해했는데, 위 지문의 상황에서 17.6.15라는 시기는 조건1과 조건2는 만족하지만 조건3을 만족하지 못하기 때문입니다. 우선권 주장을 추가하는 보정을 할 경우 최선출원일~1년4개월 요건만 만족한다면 추가하려는 선출원이 후출원보다 1년을 초과하여도 괜찮은건가요? 아니면 지문의 오류인가요?","녕하세요? 전혀 잘못 이해하고 있습니다. 우선권주장의 보정 또는 추가 당시 법 제55조제1항제3호, 제4호를 만족해야 하는데, X출원이 17.6.15일 경과후 취하간주되기 때문입니다. 참고로, 사안에서 법 제55조제1항제1호의 1년은 이미 만족한 상태입니다. 열공하세요~ 답글기능 더보기", ,,18.11.22
특허법,조문,29조,[29조] 수치한정 발명의 신규성 진보성?댓글수1,"안녕하세요 변리사님 Q1) 수치한정발명의 신규성 진보성 판단시 수치산정이 1.기술수단으로서의 의의를 가지고 그효과도 이질적인 경우 또는 2. 공지된 발명과 비교하여 한정된 수치범위 내외에서 현저한 효과 차이가 생기는 경우에는 수치범위가 공지된 발명에 개시되어있거나 통상의 기술자가 선택할수 있는 주지관용기술에 해당한다고 볼수 없어 신규성이 인정된다 (2011후 2015) 여기서 2번의 같은 경우 이를 진보성이 인정된다고는 판단할수 없나요? Q2) 진보성판단에서 수치산정의 유무에서만 차이가 있는경우, 한정된 수치범위 내외에서 현저한 효과의 차이가 생기지않는다면 진보성이 부정된다(2007후1299)고 교재에 언급되어있고 다만, 그럴경우라도 기술수단으로서의 의의를 가지고 그 효과도 이질적인경우라면, 임계적 의의가 없다고 하여 진보성이 부정되지않는다.(2008후4998, 2010후2582) 라고 언급되어있습니다. 이는 현저한 효과의 차이판단은 Q1)2에서의 신규성 판단방법과 기술수단의로서의 의의를 가지고 효과도 이질적인 경우 Q1)1에서의 신규성 판단 방법과 동일한데 판례에서 언급된 수치한정발명에서 신규성과 진보성 판단의 차이가 무엇인지 궁금합니다. 판례 표현만 보면 신규성 진보성 판단방법이 동일한거같아 질문드립니다. 답변에 미리 감사드립니다.","안녕하세요? 신규성과 동일성 판단법리를 모름고 있어서 헷갈리는 것입니다. 신규성은 동일성 판단인데, 구성-주지관용기술의 부가삭제변경불과/효과-새로운 효과X를 말하고, 진보성은 용이성 판단인데, 구성-통상의 기술자가 채용 불과/효과-현저한효과X(이질적 효과 또는 동질의 우수한 효과)를 말합니다. 예를 들어, 새로운 효과가 없으면 - 신규성 위반, 새로운 효과는 있는데 현저한 효과가 없으면 - 신규성 위반은 아닌데 진보성 위반 현저한 효과가 있다면 - 신규성과 진보성 모두 위반 아님 입니다. 다시 말하면, Q1은 현저한 효과가 있어서 신규성 위반이 아니라는 것입니다(물론, 진보성 위반도 아닙니다.) 열공하세요~", ,,18.11.22
특허법,문제,47조,[47조] 특허객관식 335번과 339번?댓글수1,"안녕하세요 객관식풀다가 서로 충돌된다는 느낌이 드는 보기들이 있어 질문드립니다 335번 1번보기) 기재불비에 대한 최후거절이유를 해소하기 위한 보정이 이루어졌는데, 그 보정 이후 발명에 대한 심사 결과 신규성이나 진보성 부정의 거절이유가 발견된다고 하더라도, 그러한 거절이유는 보정으로 청구항이 신설되거나 실질적으로 신설에 준하는 정도로 변경됨에 따라 비로소 발생한 경우와 같은 특별한 사정이 없는 한 보정으로 인하여 새롭게 발생한 것이라고 할수없기 때문에 심사관으로서는 그 보정에 대한 각하결정을 하여서는 아니된다.//답:o 339번 5번보기) 기재불비를 이유로 거절이유가 통지되어 이를 해소하는 보정을 한 결과 발명의 진보성 결여의 거절이유가 발생한 경우 이는 최초거절이유가 된다.//답:x , 해설:기재불비를 이유로 한 거절이유통지가 최초거절이유통지라면 새로이 발생한 진보성 위반은 최후거절이유통지가 되고, 최후거절이유통지라면 새로 발생한 진보성위반은 보정각하된다. 335번문제에서는 기재불비로 인해 받은 최후거절이유통지를 해소하기 위한 보정 이후에 신규성이나 진보성위반의 거절이유가 발견되었지만 결과적으로 보정각하가 되지않았습니다. 그런데 339번해설에서는 기재불비를 이유로 한 최후거절이유통지에 따른 보정 결과 진보성결여의 거절이유가 발생한 경우 보정각하가 된다고 말하고있습니다. 보기만 읽어서는 같은 사안이라고 보여지는데, 안에 숨겨진 다른 사실관계 때문인지, 아니면 제 얕은 특허법 지식때문에 헷갈리는건지 궁금합니다. 감사합니다","안녕하세요? 339번 5번 지문은 보정 때문에 진보성 결여가 <발생>하였다는 것이고, 335번 1번 지문은 진보성 결여가 [발견]하였는데 언제 <발생>했느냐에 따라 그 결론이 달라지는 것입니다. 열공하세요~", ,,18.11.23
특허법,조문,29조,[29조2항] 진보성 통상의 기술자?댓글수2,"통상의 기술자 기술수준의 지역적 범위와 관련하여 질문드립니다 이지특허법 p194에서 진보성 판단시 통상의 기술자 수준은 국내로 한정하여 판단하는 것이 ""타당하다""고 기재되었는대요 국내주의에 의할지 국제주의에 의할지 견해대립이 있는 건가요? [2003후 1512 판결내용] 구 특허법(2001. 2. 3. 법률 제6411호로 개정되기 전의 것) 제29조 제2항, 제1항 제2호의 규정의 취지는 어떤 발명이 그 특허출원 전에 국내뿐만 아니라 국외에서 반포된 간행물에 기재된 발명에 의하여 용이하게 도출될 수 있는 창작일 때에도 진보성을 결여한 것으로 보고 특허를 받을 수 없도록 하려는 데에 있으므로 ( 대법원 2002. 8. 23. 선고 2000후3234 판결 참조), 이와 달리 발명의 진보성 판단은 국내의 기술 수준을 고려하여 국내에 있는 당해 기술분야의 전문가의 입장에 판단하여야 한다는 상고이유의 주장은 독자적 견해에 불과하여 받아들일 수 없다. 상기 판례 빨간 부분으로 된 내용을 보면 마치 통상의 기술자 수준은 국내주의에 의해야 한다는 주장을 배척하고 간접적으로 통상의 기술자 수준은 국제주의에 의한다고 하는 것 같아서 질문드립니다","안녕하세요? 네. 대법원 판례가 명확하지는 않지만, 통상의 기술자의 수준을 국내주의를 취하고 있는 것으로 이해될 수도 있습니다. 그러나, 나라마다 동일한 발명에 대하여 진보성에 따라 등록여부를 달리하는 것은 통상의 기술자의 수준 결정을 달리하기 때문이라는 것이 가장 합리적 해석입니다. 열공하세요~", ,,18.11.23
특허법,문제,36조,[36조] 외국어특허출원 선출원지위?댓글수1,"안녕하세요? 객관식 문제 풀다 이해안가는 부분이 생겨 질문남깁니다. 외국어특허출원의 경우 원문과 국어번역문의 청구범위에 공통으로기재된 발명이 선출원 지위를 갖는다. (틀린지문)/ 해설에 국어번역문이 보정 효과 갖기에 국어번역문 청구범위와 대비판단하는 것은 이해가는데, 심사기준 국어번역문 신규사항 포함 경우 선원지위 인정하지 않는다로 써있으니공통범위로 선출원 지위 갖는거 맞지 않나요?/ 제 생각은 원문abc+국어번역문bcd=선원지위 공통범위 bc라 생각했습니다..답변 미리 감사드립니다!","세요? 결과적으로는 같지만, 논리적으로 다릅니다. 번역문의 선출원 지위가 있고, 다만, 번역문에만 기재된 발명은 선출원의 지위가 없다고 이해해야 합니다. 예를 들어, 국내출원도 보정된 청구범위가 선출원의 지위를 갖지만, 신규사항추가를 통해 청구범위에 기재된 발명은 선출원의 지위가 없다고 해석됩니다. 조문 제목이 틀렸네요. 36조로 수정해 주세요.", ,,18.11.23
특허법,조문,36조,[36조4항] 협의불성립?댓글수1,안녕하세요 협의불성립으로 거절될경우 디자인보호법은 56조에서 이경우 디자인공보에 게재하고 후출원을 확선으로도 저지하는 규정이 있는데 특허는 거절되고도 굳이 공개되진않죠? 감사합니다^^;,네. 공개되지 않습니다. 열공하세요~, ,,18.11.23
특허법,조문,54조,[54조5항] 해석과 관련하여?댓글수1,"안녕하세요 54조5항에서 조약우선권주장출원의 증명서류 제출기간을 규정하고 있는데요 1호. 조약 당사국에 최초로 출원한 출원일 2호. 그 특허출원이 국내우선원을 수반하는 경우~ 3호. 그 특허출원이 다른 조약우선권을 수반하는경우~ 여기서 2호와 3호에 해당하는 경우는 해당선출원이 결국 최초로 출원한 출원일이기때문에 1호로 포섭할수있는것이 아닌가 하는 의문이 들었는데요 그럼 2,3호는 왜 있나 생각을 하니 복합우선을 고려해보면 예를들어 X출원(A) , Y출원(B) , X와Y를 기초로 조약우선 Z출원(AB)인 경우 3호를 적용하여 B발명은 최초출원일이 Y출원일이지만 Z출원이 다른X출원우선권을 수반하고 있으므로 그 최초출원인 X출원으로부터 1년4월 즉, 복합우선의 경우를 생각해서 만들어진 규정이 맞나요? 감사합니다",네. 맞습니다. 열공하세요~, ,,18.11.23
특허법,문제,47조,"[47조, 51조] 보정 질문입니다.?댓글수1","안녕하세요 임병웅 변리사님 객관식 문제집 풀이하다 궁금한 사항이 생겨 질문드립니다. 청구범위 발명의 설명 보정 후 청구범위 (다) A+B+C A+B+C A+B+C+D (라) A+B+C A+B, A+B+C A+B (ㅂ)최후거절이유 통지에 대하여 (다)의 보정을 하였고, 심사관은 보정은 적법하다고 판단하였으나 원 거절이유는 극복하지 못했다고 판단하여 거절결정을 하였다. 이에 출원인은 거절결정불복심판을 청구한 경우, 심판관은 출원인의 심사단계에서의 보정이 신규사항추가임을 이유로 보정을 각하하고 보정전의 명도를 기준으로 거절이유의 존부를 판단하여야 한다. (ㅅ)재심사를 청구하면서 (라)의 보정을 한 경우 심사관이 보정은 적법한 것으로 인정하고 원 거절이유가 극복되었다고 판단하였으나, 다른 거절이유가 존재한다고 판단하여 최초거절이유를 통지하였고 이에 대한 보정이 있었으나 거절이유가 극복되지 못했다고 판단되어 거절결정이 내려졌고 출원인은 거절결정북복심판을 청구하였다. 이 경우 심판관은 최후거절이유를 통지한다. (ㅂ)해설: X 심판단계에서 심사단계의 부적법한 보정이 발견된 경우라고 하더라도 보정을 각하하지 않고 최후거절이유를 통지하여야 한다. 이는 심사관의 판단을 믿은 출원인의 절차권을 보장해주기 위함이다. (ㅅ)해설: O 심판청구전 부적법한 보정으로 심판청구후에 발견되었기 때문에 심판관은 출원인의 신뢰의 이익을 보호해 주기 위해 최후거절이유를 통지한다. 1. (ㅂ)에서 심사관이 보정이 적법하다고 판단했는데, 이 부분이 이해가 잘 안갑니다. 해설은 보정은 인정된다고 하고 문제를 풀이한 것 같은데요.. 저는 그 전 단계인 보정인정/각하 부분에서 의문이들었습니다. 최후거절이유통지를 했으니, 청구범위의 감축이지만, 최명도에도 D가없기 때문에 신규사항추가로 보정각하라고 생각했는데, 최명도에 없던 것도 청구범위의 감축이라고 해서 보정이 인정되나요..? 2. (ㅅ)에서는 재심사 단계에서 신규사항 추가는 아니지만, 청구범위의 확장에 해당하는데 왜 보정이 적법한 것으로 인정되는지 모르겠습니다. 답변해주실것에 미리 감사드립니다.",안녕하세요? 1. 심사관이 신규사항추가인데 보정을 착오로 적법하게 판단했다는 것입니다. 2. 착오로 판단했다는 것입니다. 열공하세요~, ,,18.11.24
특허법,조문,42조,[42조8항] 다항재 기재방법?댓글수1,"안녕하세요 임병웅 변리사님 객관식 문제집을 풀다 궁금한 사항이 생겨 질문드립니다. 문제: 청구항1: 단계 A, B 및 C를 거쳐 전기선을 만드는 방법 청구항2: 청구항 제1항에서 단계D를 부가하여 전기선을 만드는 방법 청구항3: 청구항 1항 및 제2항의 전기선 보기: 청구항 제3항을 삭제하고 다음과 같은 청구항 제4항 및 제5항을 각각 신설한다. ""A, B 및 C의 단계를 거쳐 만들어지는 전기선' , 'A, B, C 및 D의 단계를 거쳐 만들어지는 전기선' 문제에서 보기와같이 청구항3을 고쳐야한다고 하는데, 시행령 5조 5항의 '2이상의 항을 인용하는 청구항은 이용되는 항의 번호를 택일적으로 기재하여야 한다.'을 위반해서라고 나와있습니다. 즉, 제가 이해하기로는 청구항3에서 청구항1항과 2항을 택일적으로 기재하지 않아서 그렇다고 이해했는데, 그렇다면 그냥 청구항3을 ""청구항 1항 및 제2항중 어느 하나의 전기선"" 이런식으로 고쳐도 되는건가요?? 감사합니다.",안녕하세요? 네. 그렇습니다. 열공하세요~, ,,18.11.24
특허법,조문,36조,"[36조] 실질적 동일성, 용이성 추가질문입니다.?댓글수1","안녕하세요 임병웅 변리사님 얼마 전 주신 답변을 봤는데 이해가 덜 가는 부분이 있어 추가질문드립니다.. 안녕하세요? 보기 1은 용이성 단계는 동일성 범위를 벗어났기 때문에 확선의 지위 위반이 아니라는 것이고, 보기 2는 용이성 단계도 동일성 범위 이내이기 때문에 선출원주의 위반이라는 것입니다. 그리고 보기 2는 용이성 단계도 동일성 범위로 본다는 것이고, 질문하신 것처럼, ""선출원에서의 동일성(=극히 용이하게 발명할 수는 없으나 용이하게 발명할 수 있는 단계)""가 아닙니다. 열공하세요~ 라고 답변 주셨는데, 질문하신 것처럼, ""선출원에서의 동일성(=극히 용이하게 발명할 수는 없으나 용이하게 발명할 수 있는 단계)""가 아닙니다. 이 부분이 곱씹어봐도 이해가 잘 되지않습니다. 그 위까지는 이해가 가는데, 선출원주의에서의 동일성은 용이성(=극히 용이하게 발명할 수는 없으나 용이하게 발명할 수 있는 단계)까지를 동일하다고 보는것이 맞지않나요? 제가 표현을 '선출원에서의 동일성(=극히 용이하게 발명할 수는 없으나 용이하게 발명할 수 있는 단계)'이라고 해서 틀린건가요..? 그렇다면 '선출원단계에서의 동일성은 용이성(=극히 용이하게 발명할 수는 없으나 용이하게 발명할 수 있는 단계)까지를 동일하다고 본다' 라고 하면 맞는 표현인건가요..? 감사합니다.","개념 정리를 잘 못하고 있습니다. 문언 동일, 내재적 동일성, 실질적 동일성, 극히 용이성, 용이성 모두를 선출원주의에서 동일성으로 보고 있습니다. (=극히 용이하게 발명할 수는 없으나 용이하게 발명할 수 있는 단계)로 표현하는 것 자체가 틀린 것입니다. 열공하세요~", ,,18.11.24
특허법,문제,47조,[47조] 보정 중 직렬적 요소의 부가?댓글수2,안녕하세요 임변리사님. 56회 1회차 모의고사를 풀다가 해설지에 설명이 없어서 질문을 드립니다. 지문 : 최후거절이유통지에 따른 보정 및 재심사 청구에 수반한 보정을 할 때 구성요소의 직렬적 부가로 청구범위가 감축되었다면 실질적으로 청구범위가 변경이 되어도 보정이 허용된다. 라는 지문입니다. 이때 청구범위 감축을 하더라도 청구범위가 실질적으로 변경이 되면 보정이 허용이 안되지 않나요? 감사합니다.,"안녕하세요? 정정의 요건과 보정의 요건을 구별 못하고 있습니다. 보정은 감축이면 충분하고, 실질적 변경 여부는 검토하지 않습니다. 참고로, 구법에서는 보정도 실질적 변경 여부를 검토했지만, 현행법은 이를 삭제한 상태입니다. 열공하세요", ,,18.11.25
특허법,조문,54조,[54조] 조약우선권주장출원의 청구범위?댓글수1,"안녕하세요 임병웅 변리사님 공부하다가 궁금한 사항이 생겨질문드립니다. 이지특허법 조약우주파트에 보면 후출원 요건에서 우선권주장출원의 청구범위에 기재된 발명이 선출원의 출원할 때 최초로 첨부한 명세서 또는 도면에 기재된 사항의 범위 이내여야 된다. 라고 하는데, 강의노트 등의 도해를 보면 선출원의 최명도에 기재되지않은 사항들도 우선권주장출원을 하면서 청구범위에 기재하는 것이 궁금해서 질문드립니다. 선출원의 최명도에 기재된 사항은 판단시점 소급효로 소급되지만, 그렇지 않은 기재사항은 후출원일자를 기준으로 심사를 한다고 나와 있더라구요. 해석을 해보면, 판단시점 소급효를 받는 사항은 선출원의 최명도 범위 이내여야한다. 라고 당연히 생각되지만, 만약에 객관식 단문으로 '우선권주장출원의 청구범위에 기재된 발명이 선출원의 출원할 때 최명도에 기재된 사항의 범위 이내여야한다' 라는 말은 틀린것으로 보는게 맞지않나요? 즉 앞에 '판단시점 소급효를 받는 사항에 대해서는'이 추가되어야 맞는 보기가 되지않나요? 감사합니다.","안녕하세요? 잘못 이해하고 있습니다. 우선권주장은 판단시점을 소급받기 위해서 하는 것이고, 소급효를 인정받기 위한 요건을 말하는 것이기 때문에 틀린 말이 아닙니다. 열공하세요~ 답글기능 더보기", ,,18.11.26
특허법,조문,52조,52조 분할출원?댓글수1,"안녕하세요 변리사님. 분할출원의 출원일 소급 예외규정 질문드립니다. 분할출원시 소급예외중 공지등이되지아니한것으로보는경우 30조2항은 소급되지 않는데요. 이때 30일이내 안해도 보완수수료 납부시 보정가능기간이나 특허결정시 3월이내에 공지예외적용주장 가능한가요? 즉, 30조 3항이 적용 가능한가요? 감사합니다.",안녕하세요? 네. 적용이 가능합니다. 열공하세요~, ,,18.11.28
특허법,조문,36조,[36조] 물건발명과 제법발명?댓글수1,"안녕하세요 변리사님! 늘 좋은 강의 해주셔서 감사합니다^^ 다름이 아니라 제법발명과 물건발명간에 선출 원주의(36조) 적용이 없는 것으로 알고 있는데 도해 특허법 195쪽에서 제법발명이 선출원이 고 물건발명이 후출원일때 36조 적용된다고 쓰 여있는데 혹시 ""제법발명인지 물건발명인지 불 명확한 경우 표현양식에 구속될 것이 아니라 실 체를 파악해야 한다""는 판례 때문인가요? 아니면 일반적으로 제법발명과 물건발명간에 선출원주의가 적용 가능한 것인가요?",안녕하세요? 실체를 중심으로 파악하기 때문에 적용되는 것입니다. 열공하세요~, ,,18.11.29
특허법,조문,52조,[52조 53조] 변경출원 공개일?댓글수1,변경출원의 경우 공개는 원출원일로 부터 1년 6개월 뒤인걸로 알고있습니다. 이떄는 변경출원이 적법할떄의 얘기이고 만약 실용(x) a/ab 변경(y) bc/bc 보정(y) b/b면 y의bc공개는 언제부터인가요?...항상고생하십니다!!,원출원일로부터 1년 6개월후 공개됩니다. 열공하세요~, ,,18.11.29
특허법,문제,47조,[47조] 실체보정관하여 질문있습니다?댓글수1,"안녕하세요 강사님! 질문있습니다~ 이지 객특 324 번 법 제 47조 1항 2호에 의한 거절이유 통지 이후의 보정에 대하여 옳지 않은것은? 출원인이 자발적으로 분명하지 아니한 기재를 명확히 하는 보정은 적법한보정으로 인정된다(옳은지문) 47조 1항 단서에 의해 거절이유 통지가있는 경우에는 1호 2호 3호의 시기에만 보정을 할 수있고, 47조 3항에 따라서, 47조 2호 3호따른 보정 중 청구범위에 대한 보정은 47조 각호 어느 하나 해당하는경우만 보정할 수 있습니다 Q1_그렇다면 위 자발적으로 보정한다는 의미는, 예를들면 신규사항추가로 최후거통지를 받고나서, 의견서 제출기간내 그에따른 보정하면서, 심사관이 지적하지않은 분명하지 않은기재를 출원인이 발견하고 그것도 같이보정하는경우를 생각해도 될까요? Q2_47조 3항에서, ""47조 2호 3호따른 보정 중 청구범위에 대한 보정"" 이라고 했으니, 47조 2호 3호의 시기에 "" 발명의 설명, 도면에관한 보정""을 하는 경우는 47조 3항(청구범위 보정범위 제한)의 규정 적용안되는 것이 맞나요?(당연한듯한데 헷갈려 질문드립니다 ㅜㅠ)","안녕하세요? 1. 네. 보정은 심사관이 지적한 부분을 할 수도 있고, 그렇지 않은 부분을 할 수도 있는 것입니다. 2. 네. 그렇습니다. 열공하세요~", ,,18.11.30
특허법,조문,52조,[52조] 분할출원의 적법성?댓글수1,"안녕하세요 변리사님 분할출원의 적법성과 확선지위 관련 질문드립니다. 1. 원출원 최명도 AB, 분할출원의 발명의설명/청구범위 ABC/AB 인 경우 이때 분할출원의 청구범위가 원출원 최명도 이내이므로 적법하고, 확선지위만 불소급인가요? 2. 원출원 최명도 AB, 분할출원의 발명의설명/청구범위 ABC/ABC 인 경우 이때 분할출원은 부적법하고, 청구범위에서 C만 삭제보정 하면 되는건가요? 즉, 발명의설명에선 삭제하지 않아도 되고 C도 확선지위 인정되나요? 3. 원출원 최명도 AB, 분할출원의 발명의설명/청구범위 AB/AB 인 경우 이때 분할출원은 문제 없지만, 분할출원의 확선지위는 역시 그대로 분할출원일 후 부터인가요? 감사합니다.","글 안녕하세요? 1. 분할출원의 명도가 원출원의 최명도에 기재된 범위를 벗어나서 부적법합니다. 2. 부적법하고, 둘다 C를 삭제보정해야 합니다. 3. 네. 소급효가 인정되지 않습니다. 열공하세요~", ,,18.11.30
특허법,조문,47조,"[47, 51] 실체보정, 보정각하 관련 질문입니다?댓글수1"," 안녕하세요변리사님~! 질문있습니다~! 최후거통지에 의한 보정이 보정범위를 벗어난 것으로 인정되는 경우에도 심판관이 보정각하 결정을 하지 않는 경우가 있다(옳은 지문) 예를들면, 직권 재심사하면서, 특허결정 취소전 거절이유 통지에 따라 발생한 거절이유에 대해서는 최초 거절이유를 통지함 그렇다면, 위 지문의 예시로 , Q_ 최후거절이유통지시 심사관이 지적한 거절이유를 극복하지 못한경우 보정각하 없이 거절결정하는경우도 생각할 수 있을까요?(이경우 보정각하를 반드시하고 거절결정하는것인지도 궁금합니다) 늘 답변감사합니다~!","안녕하세요? 보정각하없이 거절결정하는 경우도 상당히 많습니다. 보정이 없거나 보정이 적법한데 거절이유가 그대로 있으면, 바로 거절결정합니다. 열공하세요~", ,,18.12.01
특허법,조문,51조,[51조] 그 보정에 따라 새로운 거절이유 발생에 관하여 질문드립니다?댓글수2?사진첨부,"안녕하세요 임병웅 변리사님 51조와 관련하여 궁금한게 있습니다. 51조1항본문의 그 보정에 따라 새로운 거절이유와 관련하여, 사진의 각주 2번째 케이스와 4번째 케이스 및 5번케이스를 봤을때 5번케이스는 보정후명세서가 똑같은 29조위반에 같은 인용대상1에 의한거라서 새로운거절이유가 아니고, 4번케이스는 보정후명세서가 29조위반이지만 최후거통때는 인용대상1에 의한것이지만 보정후명세서는 인용대상2가 더해져서 거절이유가 달라짐으로써 새로운거절이유가 발생한것같은데, 2번케이스에서 진보성이 없는경우라면 애초에 새로운 거절이유가 발생한 경우인것같은데 4번케이스와 다르게 왜 곧바로 새로운 거절이유가 발생하지 않다고 보고 심사하는것인지 잘모르겠습니다.. 글을 깔끔하게 쓰지못해서 죄송합니다ㅠ 요약을 하자면 핵심은 2번케이스와 4번케이스가 다르게 되는 이유를 정확히모르겠습니다ㅠㅠ","안녕하세요? 보정이 원인이 되어서 거절이유가 발생해야 보정각하됩니다. 2번은 보정과 상관없이 진보성 위반이 존재하는 것이고, 4번은 보정이 원인이 되어 진보성 위반이 발생한 것입니다. 따라서, 2번은 보정각하되지 않고, 4번만 보정각하됩니다. 열공하세요~", ,,18.12.03
특허법,문제,38조,[38조] 4항 특허출원 후 승계의 효력에 대하여?댓글수1,"특객 문제 (11판 기준 213번)중에 모르는 부분이 생겨 질문드립니다. 213번 옳은 보기 3번에 대한 질문입니다. (3) 丙이 B발명을 특허출원하고 B발명에 대한 특허를 받을 수 있는 권리를 戊에게 양도하기로 약정한 후 사망한 경우, 丙의 아들 丁은 별도의 절차 없이 B발명에 대한 특허를 받을 수 있는 권리를 戊에게 주장할 수 있다. 戊가 출원인명의변경신고를 하지 않아 B발명에 대한 특받권을 갖지 못하지만, 일반승계의 경우 상속의 효력을 생각해보면 계약인의 지위가 丙에서 丁에게 넘어가서 丁이 戊에게 계약의 효력에 의해 특받권을 주장하지 못할 것이라 생각했고, 따라서 戊에게는 아직 丙(丁)과의 계약의 효력으로 인하여 출원인명의변경신고를 할 권원이 있다고 판단하였습니다. 1. 특허에 관한 권리의 상속인 경우 피상속인의 계약의 효력을 戊가 아직 발생시키지 않았기 때문에 상속이 되어버린 이상 계약이 소용 없어진 것인가요? 2. 아니면 아직 효력이 발생하지 않았기 때문에 양도했다고 하더라도 특받권이 여전히 丙(丁)에게 있다는 것의 내용을 <B발명에 대한 특허를 받을 수 있는 권리를 戊에게 주장할 수 있다.> 는 표현을 사용한 것인가요? 3. 특받권이 여전히 丁에게 있어서 주장할 수 있다는 표현을 사용한 것이라면, 이 때 계약의 효력을 주장하는 戊에게는 대항할 수 있는 민사적 계약의 효력이 있을 뿐인 건가요? 만약 특받권이 아직 丁에게 있어서 승계의 취지를 특허청장에게 신고하여 명의 변경이 된 경우, 戊도 후에 계약의 효력을 통하여 출원인변경신고를 할 수 있는지 궁금합니다. 아직 특허법에 대한 이해가 많이 부족하여 질문이 장황해지는 것 같습니다. ㅜㅜ 가독성 떨어지는 질문 읽어주셔서 감사합니다",녕하세요? 1.2. 후자가 맞습니다. 3. 출원인변경신고는 승계인과 피승계인이 함께 해야 하기 때문에 무가 단독으로 출원인변경신고를 하지 못합니다. 열공하세요~, ,,18.12.03
특허법,조문,55조,"[55, 56조]이중우주 확선지위?댓글수1?사진첨부","안녕하세요 변리사님 Q1) 위 그림에서 등록배제요건을 맞게판단했나요? Q2) 위 그림처럼 복합우주 문제일 경우도 이중우주 적용시키는게 맞나요? Q3) 만약 Z출원이 Y출원만을 기초로 국내우주했을경우 Y출원의 확선, 선출원 지위도 복합우주때와 같은가요? 답변에 미리 감사드립니다","안녕하세요? 1.2 틀렸습니다. Z출원은 등록금지적 효력은 X출원 기준으로 이미 판단했기 때문에, Y출원 기준으로 다시 판단하는 것은 의미가 없습니다. 또한, 18. 7부터 X의 ABC도 공지기술의 지위를 갖습니다. 3. 다릅니다. 이 경우 Z출원은 그림에서 Y출원 기준의 등록금지적 효력을 갖습니다. 열공하세요~", ,,18.12.03
특허법,조문,34조,"34, 35조 무권리자 출원?댓글수1","안녕하세요 변리사님. 정당한권리자 출원 질문드립니다. 정당권리자의 출원시 무권리자의 출원에 포함되어야 하는데요. 이때 정당권리자의 최명도가 기준인지 명도가 가준인지 궁금합니다. 즉, 위반시 보정으로 인해 극복 가능하고 출원일소급받을수 있나요? 아니면 그자체로 출원일이 소급되지 않는건가요? 만약 후자라면, 출원일 소급을 위해서는 취하 후 재출원하면 되나요?(기간 만족 가정) 감사합니다.","안녕하세요? 정당권리자의 명도와 비교하고, 보정에 의해 소급효를 인정받을 수 있습니다. 기본서를 정독해 보세요~", ,,18.12.04
특허법,문제,29조,[29조] 신규성을 상실한 특허의 권리범위 인정에 관한 질문입니다?댓글수1,"안녕하세요 변리사님. 객관식 문제를 풀다가 궁금한 것이 생겨 질문드립니다 224번 보기3을보면 '특허의 일부 또는 전부가 출원 당시 공지공용의 것인 경우 특허청구범위에 기재되어 있다는 이유만으로 권리범위를 인정하여 독점적/배타적 실시권을 부여할 수는 없으므로, 권리범위확인심판에서도 특허무효의 심결 유무에 관계없이 그 권리범위를 부정할 수 있으며, 이러한 법리를 진보성이 부정되는 경우까지 확장할 수는 없다' (ㅇ) 인데요, '일부'가 공지공용인 경우에도 권리범위를 인정하지 않는 것이 잘 이해가 되지 않아서 질문드립니다. 청구항의 일부 구성요소가 공지된 경우라도, 청구항이 전체적으로 신규성 상실이 되지 않으면 권리범위가 인정되는 것으로 이해하고 있었는데, 제가 잘못 이해하고 있는것인가요?? 아니면 청구항이 전체적으로 신규성 상실이 아니더라도, 일부 구성요소가 공지된경우 일부 구성요소는 권리범위를 인정안해준다는 의미인가요? 감사합니다","안녕하세요? 여기서 일부공지란 여러 청구항 중 일부 청구항이 신규성 위반이거나, 하나의 청구항에 여러 개의 발명이 있는데 그 중 일부가 신규성 위반인 경우를 말합니다. 제목이 틀렸으니 수정해 주세요~", ,,18.12.06
특허법,문제,41조,[41조] 강제실시권에 관한 질문입니다?댓글수1,"안녕하세요 변리사님. 객관식 문제를 풀다가 궁금한 것이 생겨 질문드립니다 200번 문제의 2번보기를 보면 '정부는 특허발명이 국가 비상사태, 극도의 긴급상황 또는 공공의 이익을 위하여 상업적으로 실시할 필요가 있다고 인정하는 경우에는 강제실시권을 설정할수 없다' (ㅇ) 인데요, 재정의 의한 강제실시권은 공공의 이익을 위하여 상업적으로 실시할 필요가 있다고 인정되는 경우에 설정할 수 있지 않나요?? 재정에 의해서 통상실시권을 설정하는 것이 문제에서 말하는 '강제실시권'에 해당하지 않아서 그렇거나, 보기의 의도가 3자의 청구가 아니라 직권으로 행하는 경우를 물어서 그런것인가요? 감사합니다",안녕하세요? 재정에 의한 강제실시권은 정부가 하는 것이 아니라 특허청장이 하는 것입니다., ,,18.12.06
특허법,조문,29조,"[29조] 수치한정의 경우 신규성, 진보성 판단의 질문입니다?댓글수1","안녕하세요 변리사님. 객관식 문제를 풀다가 궁금한 것이 생겨 질문드립니다 객관식문제집 132번문제의 3번보기와, 158번의 5번보기, 162번의 (ㄴ)보기가 지문 내용의 거의 흡사한데, 해설은 신규성 상실과 진보성 상실로 나뉘어있어 질문드립니다. 보기를 적어보면 132번 3번보기 '소위 수치한정발명에 있어, 그 특허발명의 과제 및 효과가 공지된 발명의 연장선상에 있고 수치 한정의 유무에서만 차이가 있는 경우에는 그 한정된 수치범위가 공지된 발명에 구체적으로 개시되어 있거나, 그렇지 않더라도 그러한 수치한정이 통상의 기술자가 적절히 선택할 수 있는 주지관용의 수단에 불과하고 이에 따른 새로운 효과도 발생하지 아니한다면 그 진보성이 부정된다'(x) -> 해설에 따르면 신규성이 부정된다고 함 158번의 5번보기, 162번의 (ㄴ)보기 '특허등록된 발명이 그 출원전에 공지된 발명이 가지는 구성요소의 범위를 수치로써 한정한 경우에 있어, 그 특허발명의 과제 및 효과가 공지된 발명의 연장선상에 있고 수치한정의 유무에서만 차이가 있는 경우에는 그 한정된 수치범위 내외에서 현저한 효과의 차이가 생기지 않는다면 그 특허발명은 그 기술분야에서 통상의 기술자가 통상적이고 반복적인 실험을 통하여 적절히 선택할 수 있는 정도의 단순한 수치한정에 불과하여 진보성이 부정된다'(ㅇ) 판례의 용어가 약간 다르고 거의 비슷한것 같은데, 다른 판례로 이해해야 할까요? 감사합니다",하세요? 수치한정으로 검색해 보면 여러 차례 답변이 있으니 참고하세요., ,,18.12.06
특허법,조문,29조,[29조] 미완성발명의 공지기술 지우에 관한 질문입니다?댓글수1,"안녕하세요 변리사님. 객관식 문제를 풀다가 궁금한 것이 생겨 질문드립니다 149번문제의 3번보기를 보면 진보성 판단은 발명의 성립성, 산업상 이용가능성 및 발명의 신규성을 구비한 발명을 대상으로 한다(ㅇ) 인데요. 발명의 성립성을 만족시키지 못한 발명중 미완성발명의 경우 공지기술의 지위가 있다고 배웠는데, 이 보기가 맞는 이유가 궁금합니다! 관련보기로 161번문제의 (ㄴ)보기에서도 '진보성 판단시 미완성발명은 선행기술로 인용할 수 없다'라는 보기가 틀린것으로 나와있어서요.. 감사합니다","안녕하세요? 전혀 관련 없는 것을 엮어서 질문을 하고 있습니다. 진보성 판단시 비교대상이 미완성발명일 수 있다는 것과, 내가 출원한 발명의 진보성 판단을 위해서는 완성된 발명이어야 한다는 것은 완전히 다른 얘기입니다.", ,,18.12.06
특허법,조문,41조,法41조5항(국방상 필요한 발명 등)에 관해 질문이 있습니다.?댓글수1,"안녕하세요 임병웅 변리사님! 국방상 필요한 발명에서 정부로부터 외국에의 특허출원금지 또는 비밀취급명령을 받았으나 이를 위반한 경우 취급과 관련해서 간단히 궁금한점이 생겨 질문을 드립니다. 답변 항상 감사합니다! 제41조(국방상 필요한 발명 등) ① 정부는 국방상 필요한 경우 외국에 특허출원하는 것을 금지하거나 발명자ㆍ출원인 및 대리인에게 그 특허출원의 발명을 비밀로 취급하도록 명할 수 있다. 다만, 정부의 허가를 받은 경우에는 외국에 특허출원을 할 수 있다. ⑤ 제1항에 따른 외국에의 특허출원 금지 또는 비밀취급명령을 위반한 경우에는 그 발명에 대하여 특허를 받을 수 있는 권리를 포기한 것으로 본다. ---->정부로부터 외국에 특허출원금지 또는 비밀유지명령을 받았으나 이를 위반한 경우 ""특허를 받을 수 있는 권리""를 포기한 것으로 보는데 만약, 발명자가 출원 중 정부로부터 당해 출원중인 발명에관한 비밀유지명령을 받았으나 이를 위반한 경우 당해 출원을 포기한것으로 볼 수 있을까요?(당연히 출원을 포기한것으로 볼 수 있을것 같기도 하고, 제81조 3항은 명문에서 출원을 포기한것으로 본다고 표현한것과 달리 41조5항은 특허를 받을 수 있는 권리만을 포기한것으로 본다고 표현하고 있어 혹시 당해 출원을 33조1항 본문위반(발명자이기에 명문상 무권리자로 볼수 없으나 발명자가 특받권 양도 후 스스로 출원한 경우 33조1항 위반이라는 판례에서 특허를 받을 수 있는 권리가 없는자의 출원은 33조1항 위반이라는 결론에 착안하여)으로 선해하여 생각할 수 있는지 궁금해서 질문을 드립니다.)","안녕하세요? 특받권을 포기했기 때문에, 법 제33조제1항 본문 위반이 됩니다. 열공하세요~", ,,18.12.06
특허법,조문,47조,"[47,51] 실체보정?댓글수1","임병웅 변리사님! 안녕하세요? 보정 너무 어렵네요 ㅎㅎ ;; 보정의 시기와 관련해서 질문이 있습니다! 1. 최후OA 대응 시기에 외국인이 권리능력을 상실했다면, 원시적 하자로서 최초거절이유를 통지한다. 라는 부분에 대해서, 이 원시적 하자라는 말이 의견서 제출기회를 부여했느냐로 이해할 수 있을까요? 권리능력 상실 시기가 최후 OA 후인데, 최초 OA를 통지하는게 헷갈리더라구요! 1)예를 들어서, 최후 OA를 받고, 기재불비를 보정하는 과정에서 진보성 위반의 거절이유가 발생했다면 보정각하를 하지만 (의견서 제출기회를 부여했기 때문에! ) 2) 최후 OA 후에 외국인이 권리능력을 상실했다면 최초 OA가 되는 건가요? 이때는 절차가, 보정의 적법성 판단>> 원거절이유 해소여부(최후 OA관련) >> 새로운 거절이유 발견 (외국인의 권리능력 상실) >> 보정과 관련해서 생겨난 거절이유가 아님 (원시적O, 보정각하X) >> 최초OA 이렇게 흘러가는 건가요? 2. 즉, 어느 시기에 거절이유가 발생했느냐는 해당 OA 관련 보정일 경우의 말이고, 그와는 별개의 원시적 거절이유라면 최초의 OA를 통지하는 것인가요? 알려주시면 정말 감사하겠습니다!! ㅠㅜ 좋은 하루 보내세요~",안녕하세요? 1. 네. 외국인의 권리능력 상실은 보정과 상관없이 원시적으로 발생한 거절이유에 해당합니다. 2. 원시적이라는 것은 거절이유통지와 상관없이 발생했다는 것을 의미합니다. 열공하세요~ 답글기능 더보기, ,,18.12.06
특허법,문제,33조,[33조] 특받권/법인/특객217번?댓글수1,"안녕하세요 변리사님 특객 217번 3번 지문관련한 질문입니다. ?? 3) 법인은 특받권을 가질 수 있으나 공동발명자가 될 수 없다. (O) 해설 - 법인은 법률행위의 주체가 될 수 있으나 사실행위의 주체는 될 수 없다. 그런데 발명행의는 사실행위이기 때문에 법인은 발명자가 되지 못한다. 즉 , 법인은 원시적으로 특허를 받을 수 있는 권리를 가지지 못한다. ?? 질문 : 법인은 특받권을 갖지 못한다고 생각하여 오답으로 골랐는데 해설의 마지막 부분이 이해가 가지 않아 질문드립니다. “법인은 원시적으로 특받권을 갖지 못한다. 는 해설”과 지문이 병존할 수 없는 것 아닌가해서 여쭤봅니다.","안녕하세요? 원시적으로 특받권을 가질 수 없으나, 승계를 통해 가질 수 있습니다. 열공하세요~", ,,18.12.07
특허법,조문,55조,[55조 56조] 이중우주 복합우주?댓글수1?사진첨부,"안녕하세요 변리사님 http://m.cafe.daum.net/ezpatent/7ZEN/2269 답변에서 말씀하신대로라면 Q1) 복합이중우주의 경우 누적이중우주와 달리 국내우주한 후출원의 청구범위와 선출원, 선선출원의 최명도에 공통적으로 기재된 구성은 선출원과 판단할필요없이 오직 선선출원(조약,국내우주) 기준으로만 확선,선출원지위를 판단하면 되는건가요? Q2) 링크의 Q3질문(아래 사진, 복합우주한경우) 에서 Z출원이 복합우주가 아닌 Y출원만을 기초로 국내우주한경우, Y출원은 위의 복합우주때와 똑같은 선출원, 확선지위가 소급된다고 보여지는데 맞게판단한건가요? 답변에 항상 감사드립니다","안녕하세요? 1. 네. 맞습니다. 2. Y출원은 그림과 같은 확선지위가 인정되나, 공개(18.7)후 취하(18.9)되기 때문에 선출원의 지위가 인정되지 않습니다. 열공하세요~", ,,18.12.08
특허법,조문,54조,정당권리자출원시 54조 우선권주장증명서류 기간특례?댓글수1,"변리사님 안녕하세요! 정당권리자출원시 심사청구의 기간특례(59조3항)만 존재하고, 청구범위제출유예 및 번역문제출과 관련하여서는 실체적 진실 조기파악을 위해 특례기간이 주어지지 않는다고 설명해주셨는데요. 그렇다면 ‘청번조심’ 중 마지막 조약우주증명서류의 제출기간은 조문에 따로 명시되어있지 않은바 특례가 적용되지 않는건가요?? 조약우주증명서류의 경우는 법조문에는 없지만 논리상 기간특례가 인정되어야 할것 같아서 질문드렸습니다. 답변부탁드립니다. 댓글1추천해요0스크랩0","안녕하세요? 선출원일로부터 1년 이내 정당한 권리자가 우선권주장출원하지 않았다면, 보호해주지 않겠다는 취지로 이해됩니다. 열공하세요~", ,,18.12.09
특허법,문제,42조,[42조]청구항?댓글수1?사진첨부,청구항 2번은 특정에 문제가 있어서 부적합한거 알겠는데 청구항 5번은 어떤 근거에 따라 틀렸다고해야하나요?피인용청구항이 중복되어서 그렇다고 보아야 하나요?,시행령 제5조 제6항 위반입니다. 기본서를 정독해 보세요~, ,,18.12.10
특허법,문제,,(수정)확선 질문드립니다.?댓글수2?사진첨부,안녕하세요 임병웅변리사님 공부하며 궁금한게 있어 질문드립니다. 아래의 문제에서 처럼 B도 c를 청구범위에 적고 분할출원된 C에도 c가 청구범위에 적혀있다면 c의 확선을 판단할때 해설을 통하면 B를 기준으로 판단한다고 되어있습니다. 여기서 궁금한 점은 52조에서 소급효 제한 사항중 확대된 선출원에 대한것은 선출원의 발명의 설명에만 적혀있는 경우만 소급효가 제한이 되는 것인가요?? 감사합니다.,"문제를 잘못 이해하고 있습니다. B가 공개후 취하된 국내우선권주장이기 때문에 A출원후 B공개전까지 B의 최명도에 기재된 b가 확선의 지위가 인정되는 것입니다. 그리고 B의 최명도에 기재된 c는 B출원후 B공개전까지 확선의 지위가 인정됩니다. 한편, C는 공개후 취하되었기 때문에 C출원후 C공개전까지 C의 최명도에 기재된 c,d가 확선의 지위가 인정됩니다. 제목이 질문규칙에 또 맞지 않습니다. 수정해 주세요.", ,,18.12.11
특허법,조문,29조,(29조)선택발명 진보성 관련 질문 드립니다.?댓글수1,"안녕하세요 변리사님? 선택발명 진보성 관련해서 질문있습니다. 2006허6303,8330 판례에서는 선택발명의 효과가 수개인경우 어느하나라도 선행발명에 비해 이질적효과 이거나 동질이지만 현저한경우 진보성 및 명세서 기재요건 충족한다고 하고, 2001후2740 판례에서는 선택발명에 포함되는 하위개념들 모두가 선행발명이 갖는 효과와 이질적효과 이거나 동질이지만 현저한 경우에 한해 특허를 받을 수 있다고 하는데요 두 판례의 차이점을 이해하지 못하겠습니다. 선택발명의 효과와 하위개념들의 효과의 차이점이 무엇인가요...?? 소중한 답변 감사합니다!!","안녕하세요? 위 판례는 효과가 여러 개인 중인 그 중 하나가 현저하면 된다는 것이고, 아래 판례는 선택발명(하위개념)이 여러개인 경우 각각 진보성이 인정되어야 한다는 것입니다. 제목이 질문규칙에 맞지 않으니 수정해 주시고, 강의노트에 자세한 설명이 있으면 다시 한 번 참고하세요~", ,,18.12.12
특허법,문제,29조,[29조1항]이지특허법 객관식 답안 질문입니다?댓글수1,"안녕하세요! 이지객관식 132페이지 문제 답안때문에 질문드립니다. 4번 지문(특허법원 2017.7.14 선고 2017허1373) 판결문을 찾아보니 어떤 저분자 화합물과 그 제조방법을 개시한 문헌은 특별한 사정이 없는 한 통상의 기술자가 바라는 모든 수준의 순도의 화합물을 개시한 것으로 보아야 하므로, 특허발명이 선행발명에 비하여 단순히 화합물의 순도를 한정한 것에 불과한 경우에는 특별한 사정이 없는 한 신규성이 부정된다고 보아야 할 것이다. 그러나 공지된 정제기술에 의하더라도 특허발명에서 한정한 순도의 화합물을 얻을 수 없었고, 그 특허발명에서 비로소 그러한 순도의 화합물을 얻는 기술을 개시하였다면, 그러한 화합물 순도의 한정은 통상의 기술자가 적절히 선택할 수 있는 주지 관용의 수단으로 볼 수 없으므로 그 특허발명은 선행발명에 의하여 신규성이 부정되지 아니한다. 상기와 같이 보기 지문과 판례가 동일한데 오답으로 되어있습니다. 정답표기 오기인가요?",안녕하세요? 4번도 정답입니다. 학원홈페이지 자료실에 있는 정오표를 참고하세요., ,,18.12.12
특허법,문제,29조,[29조1항] 산업상이용 가능성?댓글수1,안녕하세요 변리사님 기출문제중 질문 있습니다. 산업과 산업상이용가능성이 헷갈립니다. 객관식12판 125페이지 3번 보기에서 “심장이식수술에 사용되는 기구제조는 산업에 포함된다.” (o) 질문1) 여기에서 “산업에 포함 된다” = “ 산업상 이용가능상이 있다.” 이 의미인가요? 질문2) 만역 질문 1이 (x)라면 위 보기는 산업이긴 한데 산업상 이용가능성은 없는 것인가요?,안녕하세요? 산업상 이용가능성 = 산업 and 이용가능성 입니다. 사안에서는 심장이식수술기구는 인체를 직접적인 구성요소로 하지 않기 때문에 산업상 이용가능성이 있습니다. 기본서를 더 정독해 보세요~, ,,18.12.14
특허법,문제,28조,[28조3항] 확대된 선출원?댓글수1?사진첨부,"안녕하세요 변리사님 기출문제 질문입니다. 1번 보기가 맞는 지문인데. 확대된 선출원은 최초로 첨부된 명세서, 도면에 대하여 선출원의 지위를 인정하니까 그냥 특허청구범위, 명세서 또는 도면에 기재된 사항 이라고 나타낸 위 지문은 틀린거 아닌가요?? 댓글1추천해요0스크랩0",첫댓글 안녕하세요? 정확히는 틀렸지만 상대적으로 답을 골라야 합니다. 열공하세요~, ,,18.12.15
특허법,조문,29조,[29조1항1호] 공지의 의미?댓글수1,"안녕하세요 공지란 불특정인이 알수있는 상태를 의미하는데요 예를들어, 자료가 인터넷으로 유출되었다든지등의 객관적인 어떤 공지상태에 놓였던건 아니나 사람끼리 입소문이 난 경우 불특정인이 추가로 소문을 들을수도 있는 상태지만 객관적인 상태가 아니므로 공지되지않은것인가요? 감사합니다",안녕하세요? 공지된 것입니다. 공지되었음의 객관적 입증은 법률요건분류설에 따라 특허청(심사관)이 할 문제입니다., ,,18.12.16
특허법,조문,29조,[29조] 진보성 질문입니다.?댓글수3,"안녕하세요 임병웅 변리사님 객관식 문제집 풀이하다가 궁금한 사항이 생겨 질문드립니다. 특허 객관식 155번입니다. 문제: 갑은 발명 a, b를 발명의 설명에 기재하고 그 중 a만을 청구범위에 기재하여 2016년 10월 5일에 특허출원하였다. 이후 갑의 특허출원은 2017년 4월5일에 출원공개가 되었고 이후 다른 거절이유가 발견되지 않아 2018년 11월 15일에 갑은 발명 a에 대해 특허를 취득하였다. 한편, 을은 b발명과 동일하지는 않지만 통상의 기술자가 b로부터 쉽게 발명할 수 있는 b'을 완성하여 2017년 2월 15일에 출원하였다. 을의 출원발명 b'에 관한 다음 설명 중 옳지 않은 것은? 보기3: 을의 출원발명 b'은 갑의 출원이 선출원임을 이유로 거절되지는 않는다. 보기5: 을의 출워날명 b'은 갑의 출원발명과는 무관하게 특허를 받을 수 있다. 둘다 맞는 보기인데, 이 문제에서 보기3과 보기5에서 궁금한점이 생겼습니다. 선출원에서의 동일성은 용이성범위까지로 알고 있습니다. '문제에서 통상의 기술자가 쉽게 발명할 수 있는'이라고 했으므로 용이하지 않고, 따라서 갑의 선출원에 걸리지 않나요?? 감사합니다.","하세요? 갑의 선출원의 지위는 a이고, b가 아닙니다. 문제를 잘못 파악하고 있습니다. 열공하세요~", ,,18.12.17
특허법,조문,33조,[33조] 무권리자에서 동일성?댓글수1,"안녕하세요 임병웅 변리사님 복습하다가 궁금한 사항이 생겨 질문드립니다. 강의노트에 나온 33조 제1항 본문위반 예시에서 '발명자가 한 발명을 실질적 동일성의 범위 내에서 변형시킨자' (2009후2463)이 무권리자에 해당함은 당연한데, '실질적 동일성을 벗어난 경우 더 이상 무권리자가 아님'(2008허14421)이 왜 맞는지 잘 모르겠습니다. 무권리자와 허위표시에서 간주하는 동일성은 비용이성단계까지 해당하므로 실질적 동일성을 벗어났다 하더라도 무권리자에 해당할 수 있지않나요?? 감사합니다. 저작자 표시컨텐츠변경비영리",안녕하세요? 무권리자에서 실질적 동일성의 구체적 판단을 할 때 용이성 단계를 벗어나서까지 하는 것입니다. 열공하세요~, ,,18.12.18
특허법,조문,54조,[54조] 조약우선권 주장시 파리조약 내외국인 평등의 원칙에 의한 주체적 요건?댓글수2,"안녕하세요. 변리사님. 필기노트 217페이지를 보면 조약우선권 주장을 할 수 있는 주체적 요건에 파리조약상 내외국인 평등의 원칙에 의거하여, ""조약 당사국 국민, 준당사국 국민, 무국적자(준당사국 국민에 준함)""이 포함되는데요. 조약당사국 국민, 준당사국 국민의 경우 조약당사국에 주소 또는 영업소가 없더라도 '국민'이기만 하면 되는 건지, 아니면 무국적자의 경우처럼 조약당사국에 주소 또는 영업소가 있어야 하는 건지 궁금합니다.","안녕하세요? 용어의 정의를 모르고 있습니다. 조약당사국 국민이란 주소 또는 영업소와 무관하게 그 당사국의 국민을 말하고, 준당사국 국민이란 조약당사국에 주소 또는 영업소를 가진 자를 말합니다. 열공하세요~", ,,18.12.18
특허법,조문,53조,[53조] 변경출원의 원출원의 취급?댓글수1,안녕하세요 변경출원의 경우 출원과 동시에 원출원이 취하된 것으로 보므로 거절결정되는 경우가 있더라도 원출원을 되살릴 방법이 없다고 하셨는데요 이와같은 취급은 소급효를 가지는 출원의 무효나 그외 다른 소멸요건에도 마찬가지인가요? 감사합니다 감기조심하세요,"녕하세요? 원출원이 무효, 취하, 포기, 거절결정이 확정된 경우에는, 살릴 수 있는 방법이 없습니다. 열공하세요~", ,,18.12.18
특허법,문제,47조,[47조] 신규사항추가?댓글수1,"안녕하세요 임병웅변리사님 객관식 문제집을 풀다가 궁금한 사항이 생겨 질문드립니다. 객관식 323번 1번보기입니다. 보기: 하위개념을 상위개념으로 보정하는 경우, 그 상위개념 중에 최초 명세서 등의 하위개념과 비교하여 발명의 효과 또는 과제해결 여부가 달라지는 부분이 포함되면 신규사항의 추가에 해당한다. 일부 구성을 삭제하는 경우에도 그 삭제되는 구성이 최초 명세서 등에서 과제해결을 위하여 필수적인 것으로 기재된 것이라면 신규사항추가에 해당한다. 다만, 과제해결과 관계없이 임의로 부가된 사항을 삭제하여 상위개념이 되는 경우라면 최초 명세서 등 범위 내의 보정으로 불 수 있다. 신규사항 추가는 최명도 범위를 벗어나서 보정했을때 해당한다고 배웠습니다. 예를들어 A+B/A, A+B 일때 A+B를 A+B+C와 같이 보정했을때 즉, 청구항에 부가할 때를 생각했었는데요. 위에 볼드체로 된 부분에 해당하는 경우일때, 어떻게 신규사항추가가 되는지 궁금합니다. 어떤 예시가 있을지 가르침 부탁드립니다.","안녕하세요? 최명도에 A+B+C로 발명을 구현할 수 있다고 했는데, C를 삭제하면서 A+B로 발명을 구현할 수 있다고 하는 것은, 신규사항추가로 보겠다는 것입니다. 열공하세요~", ,,18.12.19
특허법,조문,55조,[55조] 국내우주 출원공개시기?댓글수1?사진첨부,"녕하세요 임병웅 변리사님 복습중에 궁금한 사항이 생겨 질문드립니다. 국내우주했을때, 최우선일로 1년 6개월 뒤 출원공개되는걸로 배웠는데요. 위의 그림에서 z 공개밑에 제가 필기를 'Y출원원 후 1년 6개월 후 공개'라고 적어놨더라구요. 지금 생각되기로는 최우선일인 X출원 후 1년 6개월 뒤 Z가 공개된다고 생각이되는데요. 필기를 잘못한것인지 아니면 제가 놓치고있는 부분이 있는지 궁금해질문드립니다. 사진이 희미해 조금 추가하자면 일본출원(X) 한국출원(Y)-X기초 우주 한국출원(Z)-X,Y 기초복합우주 취하(Y) 공개(Z) 입니다. 감사합니다. 저작자 표시컨텐츠변경비영리 댓글1추천해요0스크랩0",안녕하세요? X 출원일로부터 1년 6개월이 지난 후 공개됩니다. 열공하세요~, ,,18.12.20
특허법,문제,47조,"[47,51] 실체보정?댓글수1?사진첨부",안녕하세요 변리사님 위 객관식문제에서의 5번 지문에서는 최후거절이유가 되기 때문에 틀린 지문이라 되어있지만 아래 335번의 1번 지문의 판례에서는 최초거절이유통지해야되니 맞는 지문인데 두 지문의 어떤 차이때문에 정답이 다르게되나요? 위의 문제도 판례처럼 기재불비를 이유로 거절이유가 통지되고 해소하는 보정을 한 결과 심사 중 진보성 결여의 거절이유가 발생한 경우며 판례 문구와 크게 차이가 없는 지문인데 왜 틀린 지문인지 모르겠습니다.. 답변에 미리 감사드립니다,"안녕하세요? <발생>과 <발견>의 차이점을 모르고 있습니다. <발견>이 언제 되었느냐가 아니라 언제 <발생>했느냐가 중요합니다. 위의 지문은 거절이유통지에 대응한 보정에 의해 거절이유가 <발생>한 것이기 때문에, 법 제47조제1항제1호의 시기라면 최후거절이유통지를, 법 제47조제1항제2호의 시기라면 보정각하됩니다. 그에 반해, 아래의 지문은 최후거절이유통지에 대응한 보정에 의해 거절이유가 <발생>한 것은 아니기 때문에 보정각하해서는 안된다는 것입니다.", ,,18.12.20
특허법,조문,42조,제42조 4항 1호(청구범위가 발명의 설명에 의해 뒷받침 될 것)에 관해 질문이있습니다.?댓글수1,"안녕하세요! 임병웅 변리사님 밑에 문제에서 42조 4항 1호에 위반되는지에 관해 궁금해서 질문을 드립니다.(다른 문제는 논외) 답변 항상 감사합니다! 질문이 너무 장황하여 죄송합니다.. 甲은 한국특허공보 7호에 기재된 “구성요소(A)와 원터치장치(B)로 구성된 스마트폰 구동시스템”의 기술을 인지하고 이를 분석한 결과, 누구나 쉽게 구동시킬 수 있는 보안상의 문제점을 발견하고 이를 해소하고자 지문인식시스템을 연구하였다. 甲은 그 연구물을 다음과 같은 내용으로 전자공학저널에 영문으로 게재하였다 A. 한국특허공보 7호에 기재된 구성요소(A)와 원터치장치(B)로 구성된 스마트폰 구동시스템은 불특정인이 구동시킬 수 있는 문제점이 있기 때문에 원터치 장치(B) 대신에 지문인식시스템(D)으로 구성되고, 또한 지문인식시스템(D)은 유전자지문인식시스템(d)으로 구성되고, 인지시간이 3~5초 내에서 작동하는 스마트폰 구동시스템 그 후 甲은, 전자공학저널에 게재된 영어논문을 명세서로 하여 외국어특허출원을 하였고, 그 영어논문 명세서에 대하여 다음과 같이 국어번역문을 법정기간 내에 특허청에 제출하였다. B. 구성요소(A)와 원터치장치(B)로 구성된 스마트폰 구동시스템은 불특정인이 구동시킬 수 있는 문제점이 있기 때문에 원터치장치(B) 대신에 지문인식 시스템(D)으로 구성되고, 또한 지문인식시스템(D)은 생체지문인식시스템(d) 으로 구성되고, 인지시간이 2~5초 내에서 작동하는 스마트폰 구동시스템 그리고 甲은 외국어특허출원에 대하여 다음과 같이 청구범위를 법정기간 내에 특허청에 제출하였다. C. 제1항 구성요소(A)와 지문인식시스템(D)으로 구성되는 것을 특징으로 하는 스마트폰 구동시스템 제2항 제1항에 있어서, 지문인식시스템(D)은 생체지문인식시스템(d)으로 구성 되는 것을 특징으로 하는 스마트폰 구동시스템 ------>상기 문제에서 출원인의 최초 명세서(발명의 설명)는 A로 판단되고 그 후 출원인이 B로 국어번역문을 제출 하였기에 A에서 B로 발명의 설명은 보정 되었고(보정이 신규사항추가 위반인지는 별론) 후에 출원인은 C를 청구범위로 제출하였는데 여기서 저는 청구범위(C)와 발명의 설명(B)를 비교하여 비록 원문에서 잘못 번역되어 청구범위와 발명의 설명 모두 통상의 기술자가 용이하게 실시할 수 있을 정도로 기재되어있지 않지만, 양자간에 대응되는 구성(생체지문인식시스템)이 존재하여 청구범위가 발명의 설명에의 뒷받침 된다고 생각하여, 제42조 4항1호 위반이 아니라고 판단을 했습니다(42조 3항 1호 위반 여부는 별론). 허나 답안에는 42조 4항 1호 위반이라고 하여 제가 어떤 부분을 놓치고 있는건지 잘몰라 질문을 드립니다. ---참조 판례--- 특허법 제42조 제4항 제1호는 특허청구범위에 보호받고자 하는 사항을 기재한 청구항이 발명의 상세한 설명에 의하여 뒷받침될 것을 규정하고 있는데, 이는 특허출원서에 첨부된 명세서의 발명의 상세한 설명에 기재되지 아니한 사항이 청구항에 기재됨으로써 출원자가 공개하지 아니한 발명에 대하여 특허권이 부여되는 부당한 결과를 막으려는 데에 취지가 있다. 따라서 특허법 제42조 제4항 제1호가 정한 위와 같은 명세서 기재요건을 충족하는지 여부는, 위 규정 취지에 맞게 특허출원 당시의 기술수준을 기준으로 하여 그 발명이 속하는 기술 분야에서 통상의 지식을 가진 자(이하 ‘통상의 기술자’라 한다)의 입장에서 특허청구범위에 기재된 사항과 대응되는 사항이 발명의 상세한 설명에 기재되어 있는지 여부에 의하여 판단하여야 하고, 규정 취지를 달리하는 특허법 제42조 제3항 제1호가 정한 것처럼 발명의 상세한 설명에 통상의 기술자가 그 발명을 쉽게 실시할 수 있도록 명확하고 상세하게 기재되어 있는지 여부에 의하여 판단하여서는 아니 된다.","안녕하세요? 네. 제42조제4항제1호 위반이 아닙니다. 기존에는 제42조제3항제1호와 제42조제4항제1호 위반을 구별하지 않았으나, 최근에는 판례가 명확히 구분하고 있습니다. 기존 기출문제는 기존 판례에 의해 풀이가 된 것 같네요. 열공하세요~ 답글기능 더보기", ,,18.12.21
특허법,조문,36조,[36조] 동일성 추가질문?댓글수1,"안녕하세요 임병웅 변리사님 앞서 주신 답변 감사합니다. 얼마전부터 동일성에 대해 조금 헷갈려서 추가로 좀 여쭤보겠습니다. 정리하자면, 1. 확선에서의 동일성은 문언, 내재, 실질적 동일성 단계까지를 실질적으로 동일하다고 보는 것이고 극히 용이성이나 용이성 단계까지는 동일하다고 보지 않지만, 무권리자와 허위표시에서의 동일성은 실질적 동일성을 벗어난 극히 용이성, 용이성을 벗어난 단계까지를 실질적으로 동일하다고 보는 것이다. 2. '제1국 출원의 최명도에 기재된 내용과 우선권주장출원의 청구범위에 기재된 내용은 문언상으로 동일한 발명 뿐 아니라, 그와 기술적 구성이 실질적으로 동일한 발명을 포함한다.' 라는 판례에서 말하는 '실질적으로 동일한 발명을 포함한다'라는 말과, 강의노트에 있는 '우선권주장출원에서는 문언적 동일성, 내재적 동일성까지를 동일하다고 보고, 실직적 동일성 단계는 동일하지 않다고 본다.'에서의 '실질적 동일성'은 '실질적'이라는 단어만 같을뿐, 전자의 '실질적으로 동일하다'는 동일하다는 의미를 나타내기 위한 것이고, 후자의 '실질적 동일성'은 동일성을 세분화한 단계 중 하나로 보면 되나요? 위 두개와 같이 이해하면 맞는 것인가요?? 항상 감사드립니다.","녕하세요? 네. 다시 정리하면, 동일성(실질적 동일성)이라는 단어를 쓰고 있지만, 판단은 규정별로 달리하고 있다라고 이해하면 됩니다..", ,,18.12.22
특허법,조문,30조,[30] 공지예외의 밀접불가분성?댓글수1,"안녕하세요? 임병웅 변리사님 도해와 2차특허를 병행하다 문득 의문이 들어서 제가 머릿속으로 정리한것이 맞는지 확인하고자 이렇게 질문드립니다. 심사기준은 복수회에 걸친 공지가 있는 경우 각각에 대해 본규정 절차를 밝아야 함이 원칙이나, 공개행위간 밀접불가분 관계인경우 2번째 이후 공지에 대한 증명서류 제출을 생략할수있다고 규정하고 있습니다. 그런데 책에따라 ""밀접불가분성""에 대한 입증 얘기는 있는책도 있고 없는책도 있어서 헷갈려서요. 생각해보건대, 그렇다면 그 두번째 이후공지를 i) 본인이 한경우 ii) 재3자가 한경우 로 나누어(실제로 나눌 실익이 있는지 의문입니다) i)의 경우, ""밀접 불가분성""에 대한 입증은 따로 할 필요 없고 ii)의 경우, ""밀접 불가분성""에 대한 입증을 하여야 하는 것인지 궁금합니다. 감사합니다.",안녕하세요? 둘 다 입증해야 합니다. 따라서 나눌 실익이 없습니다. 열공하세요~, ,,18.12.24
특허법,조문,53조,[53조] 변경출원의 출원인?댓글수1, 갑이 특허출원을 한 후 지분의 일부를 을에게 양도한 후 변경출원을 하는 경우 갑과 을이 공동으로 하여야 하며 그렇지 않은 경우 거절이유이다. 이 보기가 틀린 지문이라고 나와있는데 출원인변경은 가능하지만 추가는 안되는 건가요? 만약 추가가 된다면 원출원의 출원인이 갑과 을이 되어 변경출원도 공동으로 하여야 하지 않나요? 이지특허법 376번 4번보기입니다,"공동으로 하지 않으면 거절이유가 아니라, 불수리됩니다. 열공하세요~ 답글기능 더보기", ,,18.12.24
특허법,조문,54조,[54조] 조약우선권 주장 증명서류?댓글수1,"변리사님 안녕하세요! 변리사님 덕분에 특허법 나름대로 정리 잘 하면서 객관식 특허법 한 번 마무리했습니다. 감사드립니다! 마지막 즈음에 질문들이 몇 개 더 생겨서 질문드리겠습니다! 1. 객관식 p.963에서 (마) 보기에 ""~~~ 우선권증명서류의 번역문을 제출할 수 없다."" 와 같이 나오는데 제가 기억이 안나는건지, 갑자기 헷갈려서요ㅠ 우선권증명서류는 최우선일로 1년 4개월은 기억이 나는데 우선권증명서류 번역문도 따로 어떤 기간 내에 내야 하는 것인가요? 해설을 보니, 특허청장 또는 심판원장이 심사나 심판에 필요한 경우 우선권증명서류 번역문 제출하도록 명할 수 있다는데 즉, 일반적으론 필요없다는 의미인가요? 2. 그리고 이 문제 보니 갑자기 궁금해졌는데, 국제특허출원과 국내우선권주장이 나오는 그 복잡한 표에서, 선출원 취하, 확선 등만 나와있고 예를들어 우선권 증명서류 제출기한과 같은 것은 없는데, 이것은 그냥 일반적인 것과 똑같이 최우선일로 1년 4개월 적용시키면 되서 그런것이겠죠?? 답변부탁드립니다~",안녕하세요? 1. 번역문 제출은 필수사항이 아닙니다. 2. 질문규칙에 맞지 않습니다. 그 표가 뭔지 구체적으로 제시해 주세요. 열공하세요~, ,,18.12.25
특허법,조문,30조,[30조][34조] 공지예외적용출원과 정당한 권리자 보호 간의 차이점?댓글수1,"30조의 공지예외적용출원과 관련하여, (정당한 권리자)갑의 발명A에 대한 공지가 있고, 해당 발명에 대한 출원 시 같은 날에 제 3자 을의 동일발명 A에 대한 출원이 있으면 협의제에 의하지만 이것은 을의 출원이 신규성 위반으로 죽게 될 출원이므로 선출원의 지위가 없다고 보는 것이 타당하다 라고 하고, 갑의 출원보다 을의 출원이 먼저 있을 경우(공개와 갑의 출원 사이에 을의 출원이 있는 경우) 을의 출원이 공개된다면 확대된 선출원의 지위 위반으로 갑이 특허를 받지 못하게 될 수도 있다고 합니다. 그리고 34조와 35조에 의하면 무권리자에 의한 출원은 정당한 권리자가 출원일을 소급하여 적용받을 수 있다고 하는데요, 1. 이 두 경우를 비교할 때 을이 공개 A를 보고 모인하여 출원한 것인지 독자적인 발명인 것인지에 대한 판단은 어떻게 이루어지며, (즉, 을이 무권리자인지의 여부의 판단) 2. 이 경우를 다투게 된다면 입증책임은 누구에게 있는지, 3. 만약 을이 모인하여 출원하였더라도, 정당한 권리자 보호를 적용함에 있어서 공개 A로 인한 차이점이 존재하는지 세 가지가 궁금합니다. 감사합니다!",1. 무권리자라는 주장이 있는 경우 판단을 하게 됩니다. 2. 주장하는 자에게 입증책임이 있습니다. 3. 을이 모인하여 출원하였다면 정당한권리자 출원은 무권리자 출원에 의해 거절되지 않습니다. 공개 A로 인한 차이점은 없습니다. 열공하세요~, ,,18.12.26
특허법,문제,42조,42조 4항 1호) 뒷받침 요건?댓글수1,"임병웅 변리사님 ! 안녕하세요? 객관식 문제집 262 번에 명세서 작성예들 중 가장 적절한 것을 고르라고 할 때 1. 청구항: 전달력 증가기구 기재 , 발명의 설명 : 전달력 가변기구 이게 옳은 지문이더라구요! 근데 보기에 나온 5가지 모두 교재에 옳지 못한 예시들로 나와있는데 왜 상대적으로 1번이 적절한지 모르겠습니다. 청구범위가 A(a,b,c) 이고, 발명의 설명이 B(a,b,c,d) 여도 청구범위가 B(a,b,c,d)이고, 발명의 설명이 A(a,b,c) 일 때와 마찬가지인 기재불비 아닌가요","안녕하세요? 가변이란 +, -를 포함하는 것이고, 그 중에서 +를 청구항에 기재한 것으로서, 기재불비가 아닙니다. 질문 밑에 나와 있는 내용은 본 사례와는 전혀 맞지 않습니다. 열공하세요~", ,,18.12.28
특허법,조문,29조,[29 1항 본문] 산업상 이용가능성 관련 질문입니다?댓글수1,"안녕하세요 변리사님~! 인간을 수술, 치료, 진단하는 방법의 발명은 산업상이용가능성이 없다. 단, 진단방법이라도, 의사의 임상적 판단을 요하지 않고, 인체에 직접적이고 일시적이 아닌 영향을 주지 아니하는 경우 산업상이용가능성이 인정된다(심사실무) Q_ 즉, 진단방법이, 의사의 임상적판단 요하지 않고 and 인체에 직접적이고 일시적 영향을 주는 경우 산이 긍정된다 이렇게 해석하면 되나요? (부정이 2번이라 위와같이 해석하는게 맞는지 헷갈립니다 ㅜㅠ) 매번 자세한 답변 감사합니다~!","심사기준 문구 그대로 적으면 다음과 같습니다. ""그 방법이 질병의 진단과 관련된 것이더라도 그 방법 발명이 임상적 판단을 포함하지 않는 경우에는 산업상 이용할 수 있는 발명으로 인정한다. 그러나 그 발명의 구성이 인체에 직접적이면서, 일시적이 아닌 영향을 주는 단계를 포함하는 경우에는 산업상 이용가능성이 없는 것으로 취급한다."" 열공하세요~", ,,18.12.28
특허법,조문,30조,"[30조] 공지예외주장, 분할출원 질문입니다.?댓글수1","안녕하세요 임병웅 변리사님 12월 29일자 모의고사 치룬 후 궁금한점이 생겨 질문드립니다. 6번 문제 5번보기입니다. 5번보기: 원출원에서 공지예외주장을 하지 않았더라도 분할출원 또는 변경출원 시에 공지예외주장을 하는 것은 적법하다. 틀린보기인데,어떻게 해석해야 할지 의문이들었습니다. 일단 그 전에 같이 든 질문을 여쭤보면, 1. 공지----원출원(공지예외주장X)-----1년-----분할출원(공지예외주장(O) 이렇게 원출원에서 공지예외주장을 하지 않은 상태에서 분할출원만의 공지예외 주장이 가능한지. 2. 공지----원출원(공지예외주장X)----분할출원(공지예외주장(O)----(1년) 이런 상황에서 원출원에 공지예외주장을 하지 않고, 분할출원에만 공지예외주장이 가능한지. 3. 6번의 5번보기 해설에는 분할, 변경출원은 원출원의 절차에 구속되어 부적법하다고 나와있는데요. 제가 생각하기에는 어쨌든 원출원에서 공지예외주장을 해야만 분할출원도 공지예외주장이 가능하다고 이해했습니다. 다만, 30조 3항에 따라 보완수수료를 납부하면 출원시에 취지를 적고 증명서류를 30일내로 제출하지 않아도 되므로, 나중에 보정할 수 있는 시기에 분할출원과 원출원의 공지예외주장이 가능하므로, 원출원과 분할출원의 공지예외주장을 하면 된다. 라고 이해했는데, 제대로 이해한 것이 맞나요? 4. 3.이 맞다면 위의 1.이든 2.이든 원출원에 대해 공지예외주장을 하지 않으면 분할출원만의 공지예외주장은 불가능한거죠?? 항상 진심으로 감사드립니다. 변리사님 새해복 많이받으시고 추운 겨울 몸건강하시기 바랍니다. 감사합니다.","안녕하세요? 맞는 지문입니다. 1. 2번 모두 가능합니다. 해설은 기존에 법 제30조 제3항이 없을 때의 심사실무이고, 법 제30조 제3항이 신설됨에 따라 이제는 틀린 내용이네요. 열공하세요~", ,,18.12.31
특허법,문제,29조,[29조] 선택발명의 진보성 판단?댓글수2?사진첨부,"임병웅 변리사님 안녕하세요! 선택발명 관련 2013년 기출문제를 풀다가 의문이 생겨 질문 드립니다. ① '선택발명의 발명의 설명에는 통상의 기술자가 선택발명의 효과를 이해할 수 있을 정도로 명확하고 충분하게 기재하면 족하고 그 효과를 구체적으로 확인할 수 있는 실험자료까지 기재할 필요는 없다.' 가 옳은 지문이라고 하는데, 대법원 2003.4.25. 선고 2001후2740 판례에 따르면 '선택발명의 설명에 그와 같은 효과가 있음을 구체적으로 확인할 수 있는 비교실험자료 또는 대비결과까지 적어야 하는 것은 아니고, ~' 라고 되어 있어서 정확하게는 실험자료가 아니라 비교실험자료까지 기재할 필요는 없다고 해야 맞는 지문 아닌가요..? 강의노트 p.66에도 실험자료는 기재해야 한다고 나와있어서 저 지문이 왜 맞는 것인지 모르겠습니다ㅠㅠ 답변 기다리고 있겠습니다. 감사합니다!!","안녕하세요? 네. 사실 판례 원문을 보더라도, 비교실험자료라고 표현해야 하는데 잘못 인용한 듯 합니다. 그런데 다른 관점으로는 이질적 효과(질적인 차이) 또는 동질의 우수한 효과(양적으로 현저한 차이) 중 어느 하나를 만족하면 되기 때문에, 이질적 효과가 명확하다면 실험자료(정량적 기재)가 반드시 요구되는 것이 아니라는 측면에서, 꼭 틀렸다고 말하기 어려운 것 같습니다. 객관식은 상대적으로 풀어야 합니다. 열공하세요~", ,,19.01.02
특허법,조문,30조,[30조] 출원공개 또는 등록공고에 의한 공지예외적용?댓글수2,"안녕하세요 임병웅 변리사님! 공지예외적용 부분을 공부하다가 궁금한 점이 생겨서 이렇게 질문 드립니다! 자기 의사에 의하여 공지 등이 된 경우 30조 1항 1호 단서에 의하여 출원공개되거나 등록공고된 경우는 자기 의사에 의하여 공지된 경우에 해당하지 아니한다. 하고 되어있어 이 경우 공지예외 적용을 받을 수 없음을 명시하고 있는데 혹시 이 출원공개나 등록공고에 의한 공지가 2호의 ""권리를 가진 자의 의사에 반하여 29조 1항 각 호에 해당된"" 경우라고도 볼 수 없는 것이 맞나요? 1호는 적극적의사가 포함되지 않아 자기 의사에 의하여 공지 등이 된 경우로 볼 수 없고 2호는 적극적 의사는 아니지만 특허출원이라는 게 필시 출원공개나 등록공고를 수반하는 것이기에 의사에 반하여 공지 등이 된 경우로 볼 수 없는 상황으로 요는, ""출원공개 또는 등록공고에 의한 공지는 1호, 2호 둘다 적용될 수 없어 공지예외적용주장이 일부러 불가능하게 입법이 된 것인지"" 궁금합니다! 저작자 표시컨텐츠변경비영리 댓글2추천해요0스크랩0","안녕하세요? 출원공개 또는 등록공개는 법 제30조제1항제1호에는 해당하지 않으나, 일정한 경우 법 제30조제1항제2호에 해당될 수 있습니다. 구체적으로 무권리자의 출원에 의한 출원공개나 등록공고는, 정당한 권리자의 입장에서 법 제30조제1항제2호에 해당합니다. 이지특허법을 한 번 정독해 보세요~", ,,19.01.03
특허법,문제,47조,[47조] 04년기출변형 문제질문?댓글수1,"안녕하세요. 이지 객관식 문제중에 질문이있어 글올립니다! Q) 특허법 47조1항2호에의한 거절이유통지(최후거절이유통지) 후의 보정에 대하여 옳지 않은것은? 1번. 명세서 또는 도면의 보정은 특허출원서에 최초로 첨부된 명세서또는 도면에 기재된 사항의 범위 안에서 이를할수있다. 5번. 보정 후 청구범위에 특허븹 제62조 각호의 거절이유가 존재하는 경우 적법 하지 아니한 보정으로 각하된다. 답은 5번인데, 위 지문1번에서의 보기는 47조 2항의 신규사항추가금지 범위에 대한것이고 47조1항에따르면 명세서 또는 도면에 대해가능한것아닌가요?? 47조3항에서도 최초가아닌 보정된 명세서또는 도면의 범위에서 판단하던데 왜 1번이 옳은질문인지 궁금합니다 그리고 5번지문에서 단순히 '보정후' 라고만 나와있고 62조 각호의 거절이유가 언제발생된것인지에 관한 단서가 나와있지 않아서 보정후에 발생된것이라고 예상했었는데요.. 본지문처럼 거절이유가 보정으로 인해발생한것인지 원래있던건지 애매할때는 어떻게 풀어야하는지 궁금합니다..ㅠ","안녕하세요? 특허법 제47조제1항제2호 시기이 보정은 (1)제2항+(2)제3항+(3)보정에 따라 새로운 거절이유가 발생하지 않을 것의 3가지 요건을 충족해야 합니다. 1번 보기는 이 중 (1)제2항의 요건을 충족해야 한다는 것이고, 5번 보기는 (3) 요건과 관련하여, 언제 발생하였는지 명확하지 않기 때문에 틀린 지문입니다. 애매할 때는 항상 보정각하가 되지 않는다는 객관적인 사실에 기초해서 문제를 풀면 됩니다. 열공하세요~", ,,19.01.03
특허법,조문,29조,[29조3항] 확선 판단시점 질문입니다?댓글수1,"안녕하세요? 선출원인이 누구이건 후출원시 선출원인과 후출원인이 같으면(양수해서) 출원일동일하기때문에 확선 적용 없는것으로 알고 있는데요, 그렇다면 판단시점이 후출원시가 맞나요? (디자인보호법도 특허랑 같은줄알고있었는데 디자인보호법에서 확선은 판단시점이 결정시 라고 해서 차이가 있는이유가 궁금합니다)",안녕하세요? 네. 맞습니다. 디자인보호법은 잘 모르겠네요., ,,19.01.03
특허법,조문,46조,[46조] 46조와 141조 구별에 관해 질문드립니다!?댓글수1,"안녕하세요 변리사님!! 다름이 아니라 보정명령의 주체에 관해 궁금한 점이 생겨서 질문드립니다. 특허법 46조 2호에 이 법 또는 이 법에 따른 명령으로 정하는 방식을 위반한 경우 심판원장도 보정 명령의 주체가 될 수 있다고 했는데 , 이와 달리 141조 1항 2호 다목에서는 이 법 또는 이 법에 따른 명령으로 정하는 방식을 위반한 경우 심판장이 보정 명령의 주체라고 하고 있습니다. 특허취소신청의 경우 132조의5에서 심판장으로 규정하고 있으므로 별론으로 하고, 나머지 심판 절차에서 보정 명령의 주체가 헷갈려서 질문 드립니다.. 1. 46조 2호는 심판관 및 심판장 지정 전까지만 적용되는 조문인건가요? 2. 그럼 방식심리 들어가고부터는 심판장만이 보정명령 주체가 되는건가요?",안녕하세요? 1. 네 2. 네 열공하세요~, ,,19.01.04
특허법,판례,52조,[52조] 분할출원에서의 동일성?댓글수1,"1) 안녕하세요 변리사님! 분할출원의 동일성 관련 판례에서 질문이 있습니다. 2002후2778판결을 보면(49회 기출문제 #3번 지문) ""원출원과 분할출원의 동일성 여부 판단은 특허청구범위에 기재된 양 발명의 기술적 구성이 동일한가 여부에 의하여 판단하되 그 효과도 참작하여야 할 것인바, 기술적 구성에 차이가 있더라도 그 차이가 주지관용기술의 부가,삭제,변경 등으로 새로운 효과의 발생이 없는 정도에 불과하다면 양 발명은 서로 동일하다고 하여야 한다."" 라고 나와서 마치 실질적 동일성 여부 판단을 하듯이 판시하고 있는데요! 이와같이 소급효를 부여하는 제도 중 하나인 분할출원은, 원래 2단계까지의 동일성(내재적 동일성)이라 알고 있는데 이렇게 3단계 동일성(실질적 동일성) 여부로도 판단하는 경우가 있는 것인가요? 2) 그리고, 어제 했던 질문 간단히 다시 드리자면! 194조 1항,2항: 국제출원일 인정요건을 갖추지 못한 경우 특허청장은 일정한 기간을 정하여 보완 명령 194조 4항: 누락된 부분 있을 시 특허청장은 통지일로부터 2개월 내에 보완 명령 여기에서 1항,2항에 해당하는 국제출원일 인정에서의 ""일정한 기간""도 2개월 내라고 해주셨는데요 그렇다면 국제출원일 인정이나 누락된 부분의 보완이나 결국 특허청장의 보완명령에 있어서는 차이가 없게 되는 것인가요? 이지특허법을 자세히 읽어봐도 ""일정한 기간""이 ""2개월 내""라는 표현을 찾지 못해서 다시 질문드렸습니다.","안녕하세요 1. 대상판결은 ③ 단계의 창작 수준에서 동일성을 판단하여 동일성을 불인정한 사례이지만, 동일성을 인정하여 출원일 소급을 인정한다면 제3자에게 불측의 손해를 줄 수 있기 때문에 적절하지 않다고 생각되고, 최근에는 소급효를 가진 제도는 ② 단계의 창작 수준에서 동일성을 판단하고 있습니다. 2. 일정한 기간은 특허청장이 정하는 기간이고, 2개월 내이든 1개월 내이든 특허청장이 임의로 정할 수 있음을 말하고 있는 것입니다. 열공하세요~", ,,19.01.04
특허법,조문,36조,[36조] 선출원주의 관련 질문입니다?댓글수1,"안녕하세요 강사님~! 동일자 상하위개념발명이 출원되면, 협의제를 적용하지 않고, 양자모두 등록가능하다. 부분적동일성(상 하위개념의 동일성)판단은 신규성과 선출원주의판단에서 다르지 않다 Q_ 상하위개념의 두발명이 동일자 출원이면, 협의제를 적용하지 않는다는건, 양발명이 다르다고 보는것이 아니라, 부분적동일성은 인정하되, 협의제을 적용하지 않는다 이렇게 이해하는것이 맞나요? 늘 답변 감사합니다~!","10:56 첫댓글 안녕하세요? 동일성이 없다는 것입니다. 신규성은 시각주의이지만, 선출원은 역일주의로서 신규성에 나와 있지 않은 부분을 선출원에서 어떻게 할 것인가에 대한 내용입니다. 생각하고 있는 것처럼 충돌이 발생한 것이 아닙니다. 열공하세요~", ,,19.01.05
특허법,문제,42조,[42조]청구범위 기재방법?댓글수1?사진첨부,"작년 객관식책기준으로해서 첫번째 사진의 삼번보기위 청구항 3은 다른 카테고리에 속하는 청구항을 한정하거나 부가하여 구체화하는 것으로 인정되지 않는다 라고 햇고 두번째 사진에서는 청구항 7이 다른 청구항을 인용하는 형식으로 적은 독립항으로서 적법하다 라고 했습니다 1. 첫번째 사진의 청구항 3이 청구항을 구체화한것인지는 어떻게 아나요? 2. 이 두문제를 종합해보면, 다른카테고리의 발명을 인용하는 것은 괜찮고 그런 발명은 독립항이지만 인용해서 구체화시키면 불가능 하다는 뜻인다요? 그리고 카테고리가 다른 발명을 인용만 하면 그발명은 독립항이 되는건가요?","글 발명의 카테고리가 명확하지 않으면 부적법한 것입니다. 첫번째 사진의 청구항 3은 발명이 방법인지 물건인지 불명확하고, 두번째 사진의 청구항 7은 방법이라는 것이 명확합니다. 열공하세요~", ,,19.01.06
특허법,조문,54조,"[54,55] 우선권 주장의 효과?댓글수1","안녕하세요? 변리사님. 적법한 54,55 우선권 주장의 효과로서 선출원 촤명도에 기재된 발명 중 우선권 주장 출원의 청구범위에 있는 발명에 선출원 지위 소급효가인정되는지 궁금합니다. 단순 우선권주장출원, 즉 후출원의 등록요건 판단시점만 소급하는 줄 알았는데 후출원과 타출원과의 관계에 있어서도 후출원에 선출원지위 소급효 등의 효과가 발휘되는지 궁금합니다. 감사합니다",안녕하세요? 소급효 인정됩니다. 열공하세, ,,19.01.07
특허법,조문,51조,[51조] 보정각하의 예외?댓글수4,"변리사님 안녕하세요 보정각하의 예외로 청구항을 삭제하는 보정에 의하여 새로운 거절이유가 발생한경우에는 보정각하하지 않고 최후거절이유통지릉 한다고 알고있습니다. Case1) 청구항 1:A+B로 이루어진 장치 청구항 2:A+B+C로 이루어진 장치 [최후거절이유통지] 청구항1, 청구항2는 진보성 없음. [최후보정 후의 명세서] 청구항1:삭제 청구항2:A+B+C이고, A는 a로 이루어진 장치(A는a로 내적한정하면서, 기재불비가 발생한경우) Case2) 청구항1:A+B로 이루어진 장치 청구항2:청구항1에 있어서, C를 부가한 장치 [최후거절이유통지] 청구항1은 진보성 없음 [최후보정 후의 명세서] 청구항1:삭제 청구항2:청구항 1에 잇어서, C를 부가한 장치 Case1의 보정은 청구항 2의 보정에 의하여 새로운 거절이유 발생으로 보정각하하고 Case2의 보정은 청구항 삭제로 기재불비라는 새로운 거절이유가 발생하였으나 51조 1항 괄호 규정에 의해 보정을 인정하는데 두 경우 모두 청구항의 삭제에 따른 보정으로 판단되는데 보정에 대한 결과가 다른 이유가 무엇인지 알 수 있을까요? 감사합니다.","청구항을 삭제하는 보정’의 경우를 그 대상에서 제외하고 있는 취지는, 보정에 따라 새로운 거절이유가 발생한 경우에는 그 보정을 각하함으로써 새로운 거절이유에 대한 거절이유통지와 또 다른 보정이 반복되는 것을 배제하여 심사절차의 신속한 진행을 도모하되, ‘청구항을 삭제하는 보정’의 경우에는 그로 인하여 새로운 거절이유가 발생하더라도 위와 같은 보정의 반복에 의하여 심사관의 새로운 심사에 따른 업무량 가중이나 심사절차의 지연의 문제가 거의 생기지 아니하는 데 반해 그에 대하여 거절이유를 통지하여 보정의 기회를 다시 부여함으로써 출원인을 보호할 필요성이 크다는 데 있다(대법원 2014. 7. 10. 선고 2013후2101).", ,,19.01.10
특허법,조문,55조,"[55,56조] 국내우선권주장, 우선권 주장 추가, 보정 관련 질문입니다.?댓글수1?사진첨부","안녕하세요 임병웅 변리사님 국내 우주 추가, 보정 관련 질문입니다. 현재 사안은 위 사진과 같이 16년 1월 1일 X출원, 16년 6월 1일 Y출원이 있고 17년 1월 1일에 Y출원을 기초로 한 Z 국내우선권주장출원이 있습니다. 이 때, Z출원에 대해서 X출원에 대한 우선권을 추가하고자 합니다. 현재 Z출원은 55조 1항 1호인 선출원의 출원일부터 1년은 만족하고 있기에 X출원일부터 1년 4개월 내라면 우선권주장 추가가 가능할 것으로 예상됩니다. 현재 X출원은 국내우주의 기초가 안되었기 때문에 1년 3개월이 되더라도 취하간주 되지 않는 상황이었는데 만약 Z가 X출원을 우선권으로 추가하게 된다면 X출원은 1년 3개월 뒤에 취하간주가 되어야 할 것 같습니다. 질문1) 17년 1월 1일~17년 4월 1일 기간에 추가하게 되면 우선권주장도 추가 되고 이후 X출원은 1년 3개월뒤 인 4월 1일에 취하되는 것인가요? 질문2) 그럼 만약에 위 사진에서 17년 4월 1일~17년 5월 1일에 우선권을 추가하면 어떻게 되는건가요??? Z출원은 우선권을 추가하게 되면서 X출원은 즉시 취하가 되는 것인지 아니면 우선권 주장 추가가 안되는 것인지 혹은 다른 상황이 발생하는지... 궁금합니다 항상 감사합니다",1. 네 2. 추가와 동시에 취하간주됩니다. 열공하세요~, ,,19.01.10
특허법,조문,47조,[47조] 보정할 수 있는 범위?댓글수1,"47조 2항 신규사항추가금지 규정에서 외국어 출원에 특별히 조문이 있는 이유를 잘 모르겠습니다.. 일반적인 출원은 최초로 첨부한 명세서 또는 도면에 기재된 사항의 범위, 외국어특허출원은 최종 국어번역문 또는 최초로 첨부한 도면(설명부분 제외)에 기재된 사항의 범위, 인데 결국 47조 2항 후단이 전단과 같은 내용인것처럼 보이는데.. 어떤 점이 다른건가요? 비슷한 질문을 몇 개 보았는데 답변을 읽어보아도 잘 모르겠습니다ㅠ 그리고 후단에 최초로 첨부한 도면에서 설명부분이 제외되어야 하는 이유가 무엇인가요? 그냥 외우면 될 수도 있겠지만 제대로 외우기 위해 잘 이해하고 넘어가고 싶습니다ㅠㅠ",안녕하세요? 1. 외국어출원은 법 제47조제2항전단과 후단을 모두 만족해야 합니다. 번역문이 원문과 다르게 되어 있을 때 차이가 있습니다. 2. 설명부분이 포함된 도면은 번역문의 개념에 포함되기 때문입니다. 열공하세요~, ,,19.01.11
특허법,조문,47조,"(47조, 42조의3) 취하or처음부터 없었던것?댓글수1",안녕하세요. 조문용어에 대해 궁금한것이 있어서 질문드립니다. 예를들어 42조의3 제5항(국어번역문제출효과) 후단에서 국어번역문을 새로 베출한 경우 전에 베출한 국어번역문에 따라 보정한 것으로 보는 모든 보정은 처음부터 없었던 것으로 본다. 제7항(수차례오역정정) 마지막 정정 전에 한 모든 정정은 처음부터 없었던 것으로 본다. 47조 제4항(수차례보정)에서는 각각의 보정절차에서 마지막 보정 전에 한 모든 보정은 취하된 것으로 본다. 이 외에도 여러 조문들에서 (처음부터 없었던 것으로본다) or (취하된 것으로 본다)가 나오는데요 두 경우 모두 소급해서 소멸하는 효과가 생기는데 차이점이 있나요??( 바꿔서 보기로 출제 될수 있을까요?) 댓글1추천해요0스크랩0,"글 안녕하세요? 처음부터 없었던 것으로 보는 것은 그 효과이고, 그 효과를 발생시키는 경우는 무효, 취하, 포기가 있습니다. 바뀌서 출제될 확률은 그리 크지 않습니다. 열공하세요~", ,,19.01.14
특허법,조문,37조,[37조]특허를 받을 수 있는 권리?댓글수1,안녕하세요 변리사님! 특받권은 원칙 설정등록시에 소멸되고 출원의 무효 취하 포기 거절결정확정시에는 1.공개 전에 무효취하등이 이루어지면 재출원할 기회를 줘야 하므로 특받권은 소멸되지 않고 2.공개후에 무효 취하 등이 이루어진 경우에는 특받권이 소멸하는 것이 맞나요? 감사합니다,"안녕하세요? 출원의 취하, 포기, 무효, 거절결정확정, 설정등록시 특받권은 소멸합니다. 하지만, 공개전 취하, 포기, 무효, 거절결정확정된 경우에는 다시 출원할 수 있기 때문에 이를 상대적 소멸이라고 하는 것입니다. 열공하세요", ,,19.01.14
특허법,조문,42조,42조 특허요건 판단시 청구 범위 해석?댓글수1?사진첨부,"안녕하세요. 특허요건 판단시 청구범위 해석 관련하여 질문드립니다. 특허요건판단과 권리범위판단할 때 두경우 모두 발설 참작하는 것이 원칙인데 권리범위 판단할때는 특별한 사정이 있으면 발설에 의해 제한확장 가능하지만 특허요건 판단할때는 특별한 사정 이런거 없이 제한확장 불가능하다고 알고 있었습니다. 그런데 사진의 대법원 판례를 보면 특허요건 판단하는경우인데 권리범위 판단할때와같이 특별한 사정을 언급하고 있는데요, 이 판례가 예외적or잘못된 판례 인가요?","안녕하세요? 기존에는 판례가 일관되지 않았는데, 최근에 일관된 경향을 보이고 있습니다. 열공하세요~", ,,19.01.15
특허법,판례,42조,(42조 6항) 기능식 청구항?댓글수1?사진첨부,"안녕하세요 변리사님 최신판례강의중 첨부파일에서의 판례와 아래 판례를 비교 설명하시며 특허발명 청구항의 기술내용을 파악함에 있어서, 특별한사정이 없는한 광범위하게 규정된 독립항보다 구체적으로 한정하고 있는 종속항의 기술구성이나 발명의 설명에 나오는 특정의 실시례로 제한 해석할 수없다.(2008후934) 여기서 제한해석할수 없는 이유는 판례가 특허요건 판단이기 때문이라 하셨는데, 위 판례 문구에서 권리범위 판단인지 특허요건 판단인지 어떻게 구별할수 있나요? 답변에 감사드립니다. 댓글1추천해요0스크랩0","안녕하세요? 2008후934 [거절결정(특)] 은 거절결정불복심판과 관련된 대법원 판례입니다. 특허요건 판단과 관련된 내용입니다. 또한, 시험에서는 명확히 특정되니 걱정하지 않아도 됩니다. 열공하세요~", ,,19.01.17
특허법,조문,42조,[42조] 기능식 청구항 관련 질문입니다.?댓글수1,"안녕하세요 임병웅 변리사님 기능식 청구항 관련 지문에서 제가 이해한게 맞는지 궁금합니다. 1. 특허요건 판단의 대상이 되는 출원발명의 확정은 특별한 사정이 없는 한 청구범위에 기재된 사항에 의하여야 하지만, 청구범위가 통상적인 구조, 방법, 물질 등이 아니라 기능, 효과, 성질 등의 이른바 기능적 표현으로 기재된 경우에는 발명의 설명이나 도면 등 다른 기재에 의하여 청구범위를 제한하여 해석할 수 있다. -> (X) 보호범위를 판단하는 것이라면 제한하여 해석할 수 있지만 지문의 앞에 '특허요건 판단의 대상이 되는~' 이라고 써있어서 위 지문은 특허요건 판단에 관련된 것이고 그렇기에 청구범위를 제한하여 해석하여서는 아니된다. 라고 생각했습니다. 제가 이해한게 맞나요..?? 2. 기능식 청구항은 청구항이 기능적으로 기재된 사정이 있으므로 독립항과 종속항으로 이루어진 청구범위의 기술내용을 파악하는 경우에 광범위하게 규정된 독립항의 기술내용을 독립항보다 구체적으로 한정하고 있는 종속항의 기술구성이나 발명의 설명에 나오는 특정의 실시예로 제한하여 해석하는 것이 원칙이다. -> (X) 위 지문이 특허요건을 판단하는 것인지, 보호범위를 판단하는 것인지는 모르겠고, 여러 이유를 생각해봤는데 1. 어쨌든 청구범위의 기술내용을 파악할 때 실시예로 제한하여 해석하는 것은 원칙이 아니니까 틀린 지문이다. 2. 청구범위가 독립항, 종속항으로 이루어져 있는지와 관계없이 모든 청구항의 기술내용으로 청구범위를 해석해야 한다. 3. 각 청구항별로 그 청구항이 기능식청구항이라면 기능, 효과, 성질 등을 고려하여 해석하고, 기능식청구항이 아니라면 통상적인 구조, 방법, 물질 등으로 해석한 후에 각각의 청구항을 해석한 것을 바탕으로 전체 청구범위의 발명의 내용을 확정해야 한다. 4. 청구범위가 독립항, 종속항으로 이루어져 있다면 종속항으로 제한할게 아니라 독립항의 기술내용으로 해석해야 한다. (이건 아닐거 같은데 혹시몰라서 써봤습니다)","안녕하세요? 1. 네. 맞습니다. 2. 특허요건 판단은 틀린 지문이고, 보호범위 판단은 종속항의 구성으로 제한해석하는 것이 원칙이라는 것이 틀린 내용입니다. 또한, 보호범위 판단시 특정의 실시예로 제한되는 것은 아니라 기능에 대응되는 실시예로 제한해석됩니다. 열공하세요~", ,,19.01.17
특허법,조문,54조,[54조] 조약우선권제도 질문입니다?댓글수1,"안녕하세요 변리사님 항상 친절하고 빠른 답변 감사드립니다 ㅜㅜ 2005년 변시기출에서 03.3.7 03.4.15 04.2.7 미국 일본 한국(미국과 일본 기초 조약우주) a(A) b(B) a,b(C) 이때 특허출원 C는 조기공개신청이 없는 한, 2004년 9월7일 이후에 출원공개된다 (o) 조약우주에서 출원공개는 소급효가 인정되므로 a에 대해서는 04.4.9일 b에 대해서는 04.10.15일인데 이 경우 a,b 각각 따로 공개되는 것이 아니라 최선출원인 미국으로부터 1년 6월 이후에 모두 공개되는 것인가요? 이 조문의 뜻은 미국-한국에서 선출원은 미국 일본-한국에서 선출원은 일본으로 보아 각각 출원공개를 따지는게 아니라, 미국-일본-한국인데 최선출원은 미국 따라서 미국출원일부터 공개를 따져야 하는것인가요?? 감사합니당","안녕하세요? 공개는 항상 같이 되는 것이고, 2003년 3월 7일로부터 1년 6개월이 지난 후 공개됩니다. 열공하세요~", ,,19.01.18
특허법,조문,42조의3,[42조의3] 번역문 질문드립니다?댓글수1,"안녕하세요 변리사님 조문이 헷갈려서 질문을 쓰게 되었습니다 ㅜㅜ 42조의3 3항 1호/5항이 헷갈립니다 외국어 특허출원하며 출원시 A,B,C를 명세서 도면에 기재 국어번역문 A,B 제출 ---> 번역문에 C를 추가하는 보정을 함 이 경우는 47조 2항에 따른 실체보정인 것인지, 아니면 42조의 3의 5항에 따른 새로운 국어번역문을 제출하여 그의 효과로서 A,B는 없던 것으로 보고 C만 보정한 것으로 보는 것인지 헷갈려서 질문드립니다 ㅜㅜ","안녕하세요? 번역문 제출기간내 번역문을 교체하는 것이라면 C만 번역문을 제출한 것이고, 번역문 제출기간을 벗어나서 보정기간 내 보정하는 것이라면 C를 추가하는 보정이 되는 것입니다. 42조의3를 제목과 내용에서 47조의3으로 잘못 기재했네요. 수정해 주세요.", ,,19.01.18
특허법,문제,46조,(46조)특허취소신청에서 방식심리와 방식심사?댓글수1,"임병웅 변리사님 안녕하세요! 한빛모의고사 2회 산재법 12번을 풀던 중 의문이 생겨 문의드립니다. 특허취소신청에 관한 절차가 특허법 또는 특허법에 따른 명령으로 정하는 방식을 위반하는 경우에 심판원장이 그 기간을 정해 보정을 명할 수 있다가 틀린지문으로 나왔는데요, 1. 방식심리에서의 심판장뿐만 아니라(132의5) 방식심사과정에서 심판원장도(46조) 그 기간을 정해서 보정을 명할 수 있지 않나요? 2. 만약 안된다면 근거가 무엇인가요?","안녕하세요? 명할 수 있다가 아니라 보정을 명하여야 한다이기 때문에, 틀린 지문인 것 같네요. 열공하세요~ 답글기능 더보기", ,,19.01.19
특허법,문제,36조,[36조] 외국어특허출원에서 선출원의 지위?댓글수1,"안녕하세요 임병웅 변리사님 객관식 특허법 178번문제 4번 보기에서 '외국어특허출원의 경우 원문과 국어번역문의 청구범위에 공통으로 기재된 발명이 선출원의 지위를 가지게 된다'가 틀린 지문이고 앞에 변리사님이 해주신 답변 '번역문의 선출원 지위가 있고, 다만, 번역문에만 기재된 발명은 선출원의 지위가 없다고 이해해야 합니다.' 를 찾아보고 다시 질문드립니다. 번역문에 선출원 지위가 있고 번역문에만 기재된 발명은 선출원의 지위가 없는건 이해가 되지만 지문에 공통으로 기재된 발명이라 되어있으므로 번역문에만 기재된 발명이 포함되지 않고 그러므로 선출원의 지위를 가지게 되는게 아닌가요?","안녕하세요? 번역문의 보정 효과로 인해 번역문을 기준으로 선출원의 지위를 판단하는 것이고, 원문을 고려하지 않은 것입니다. 다만, 번역문의 보정이 신규사항추가인 경우에는 그 신규사항추가된 것에 대해서는 선출원의 지위를 인정할 수 없다고 이해하면 됩니다. 열공하세요~", ,,19.01.20
특허법,문제,37조,"[37, 38] 상속 및 일반승계인의 제3자에대한 대항요건 질문입니다.?댓글수1","안녕하세요? 객관식 220번에 3번보기에서 병이 B발명을 특허출원하고 B발명에 대한 특허를 받을 수 있는 권리를 무에게 양도하기로 약정한 후 사망한 경우, 병은 아들 정은 별도의 절차없이 B발명에 대한 특허를 받을 수 있는 권리를 무에게 주장할 수 있다. 라 되어있는데 병의 사망시 별도의 절차없이 정에게 상속의 효력이 발생하는 것은 맞지만 결국 제3자인 무에게 대항하려면 신고를하여야하지 않나요? 저작자 표시컨텐츠변경비영리",안녕하세요? 무는 계약만 하고 특허를 받을 수 있는 권리의 승계인이 아니기 때문에 무에게 대항할 필요가 없습니다. 열공하세요~, ,,19.01.20
특허법,조문,42조의3,[42조의 3] 오역 정정?댓글수1,안녕하세요? 42조의 3 7항에서 오역의 정정에 관해 47조 1항 1호 또는 2호의 기간에 하는 경우 마지막 정정 전에 한 모든 정정은 처음부터 없었던 것으로 본다 이 조문과 47조 4항의 1항 1호 또는 2호에 따른 기간에 보정을 하는 경우 각각의 보정절차에서 마지막 보정 전에 한 모든 보정은 취하된 것으로 본다. 두 조문 모두 거절이유를 통지받기 전과 재심사를 청구할 때의 정정/보정은 종합적으로 반영하는 건가요? 저작자 표시컨텐츠변경비영리 댓글1추천해요0,"안녕하세요? 법 제47조제1항본문의 시기에는 그렇습니다. 다만, 재심사청구할 때의 정정/보정은 1번밖에 못하기 때문에 종합적으로 고려할 이유가 없습니다. 열공하세요~", ,,19.01.21
특허법,문제,36조,36조 관련질문입니다?댓글수1?사진첨부,객관식 187페이지 ㄴ.지문인데 특허를 받는다...라면 틀린것이지만 받을수있다...면 옳은거 아닌지요?,"원칙적으로 협의제에 의합니다. 만일 협의체가 적용되기 전 특허를 받는다면, 무효사유에 해당합니다. 열공하세요~", ,,19.01.21
특허법,문제,30조,(30조)공지예외적용주장 객 질문입니다.?댓글수1?사진첨부,안녕하세요 변리사님 ! 객12판 296문제 1번 보기 문제 입니다. 정답이 2인건 알겠는데 1에서 무엇이 틀렸는지 모르겠습니다. 해설에는 최초 공지일이 아닌 최선의 공지일 이라고 되어있는데 둘의 차이가 있나요? 많이 부족해,"안녕하세요? 밀접불가분성이 없어도 됩니다. 밀접불가분성은 증명서류 제출을 생략하기 위한 요건이나, 공지예외적용주장을 하기 위한 요건은 아닙니다. 기본서를 조금 더 정독해 보세요~", ,,19.01.24
특허법,조문,47조,[47조] 보정의 제한범위에 대해 질문있습니다?댓글수1,"안녕하세요 변라사님! 보정범위의 제한에 대해 질문드립니다 자진보정기간 뿐만아니라 47조1항각호의 보정기간 및 심판원에서 거절이유통지에 따른 보정기간에 행하는 보정들도 별도로 ""거절이유로 통지한 사유 범위내에서만 보정해야한다""는 등의 보정범위 제한은 배우지 않은것으로 기억합니다 맞는기억인가요? 즉, 특허출원의 보정에대한 제한은 (1)47조1항에 따른 기간제한 및 (2)47조2항3항에 따른 제한만 있으므로, 최후 거절이유통지에 따른 보정을 하면서 거절이유로 지적한 부분 외에 다른부분도 스스로 보정하는것도 47조2항3항의 제한요건만 충족한다면 가능한것이 맞나요?",글 안녕하세요? 네. 거절이유와 상관없는 것도 보정할 수 있습니다. 열공하세요~ 답글기능 더보기, ,,19.01.27
특허법,문제,47조,[47조] 보정질문입니다.?댓글수1,"안녕하세요 임병웅 변리사님 객관식 문제집 회독중에 헷갈리는게 있어서 질문드립니다. 특객 329번 (마)보기입니다. 보정전 청구항1에 발명A가 기재되어 있었고, 최초거절이유통지에 대응한 보정에 의해 청구항1이 발명의 설명에 기재되어 있는 발명B로 바뀐 경우, 거절이유는 극복되었으나 발명B에 다른 거절이유가 존재한다면 이는 보정에 의하여 새로운 거절이유가 발생한 경우로서 보정각하의 대상이 된다. 틀린 보기라는건 짚어내었는데, 해설에는 보정에 따라 거절이유가 발생했으므로 최후거절이유통지해야된다고 나와있었습니다. 저는 처음부터 발명의 설명에 기재되어있는 B였기 때문에, 보정에 따라 거절이유가 생긴 것이 아니고, 처음부터 있던 거절이유이므로 다시 최초거절이유통지하는게 맞다고 생각했는데, 어느 부분이 틀렸는지 가르침 부탁드립니다. 감사합니다.","안녕하세요? 보정하지 않았으면 거절이유가 발생하지 않을 것입니다. 따라서, 보정에 의해 발생한 거절이유에 해당합니다. 열공하세요~", ,,19.01.28
특허법,문제,52조,[52조]분할출원에따른 삭제보정?댓글수1,"안녕하세요 객 362번관련입니다 거절결정후 일부를 분할출원하고 원출원은 그대로 불복심판을 청구하려고하는 경우, 보정가능시기를 따져보면 원출원에서 분할출원한 부분을 삭제보정할수있는 시기가 없지않나요? 즉, 52조1항2,3호의시기에 하는 분할출원의 경우 선출원주의를 회피하기위한 삭제보정을 어떻게 하는지 궁금합니다 감사합니다",원출원에 대한 삭제보정을 하지 못합니다. 대신 심판에 대한 결과가 확정될 때까지 분할출원의 심사가 중지됩니다. 이지특허법 심사 파트에서 특허여부결정을 살펴보면 관련 내용이 있습니다. 열공하세요~, ,,19.01.28
특허법,조문,42조,"(42,47)발명의명칭?댓글수1?사진첨부","보정규정을보면 명세서,도면의보정이가능하고 42조를보면 ""발명의명칭""은 출원서에기재하는것같은데요, 한편 시규까지들여다 보면 명세서에도 기재하는것같습니다. 아래사진보면 청구범위 카테고리변경보정시 발명의명칭도 보정해야한다고합니다. 이경우 출원서상의 발명의명칭보정은 46조의 방식보정이되는 거고, 동시에 47조에따라 명세서의발명의명칭보정을하는건가요?","문의하신 것처럼, 출원서의 보정은 방식보정이고, 명세서/도면의 보정은 실체보정입니다. 다만, 발명의 명칭을 보정하지 않았다고 하여, 제재조치가 있지는 않습니다. 열공하세요~", ,,19.01.29
특허법,판례,30조,(30)특받권양도무효와 이전등록청구?댓글수2?사진첨부,"안녕하세요 2011다77313판례에따르면 직무발명의 양도가 반사회무효가되는경우, 사용자는채권자대위권행사에따라 피용자에 이전, 동시에 피용자에게 자신에이전을 하도록 청구할 수는 있지만 직접양수인에게 자신에 이전등록할것을 구할 수는 없다고하는데요 이에 의문이있습니다. 저는 기존 민법에서의 (1)진정명의회복 법리나 (2)채권자대위권법리를 생각하면 사용자는 직접 자신에 청구하는게 되는게아닌가?하고 생각하자가 1.사용자가 법률상 특허권취득하거나 특허권표상하는 등록이 있던게아니고 2. 변제의수령을요하는게 아니므로 순차이전등록청구가 가능할뿐 자신에직접 이전등록을청구할수는 없다는결론을 내렸습니다 이결론이 맞을까요? 아니면 제가모르는 특허법 내 법리가있어서 직접이전청구가안된다고한걸까요?",지금 풀고 있는 문제는 현행법과 전혀 무관한 판례입니다. 현행법에서는 제99조의2가 신설되어 직접 이전청구가 가능합니다. 개정법을 혼자서 습득할 수 있는 자신이 없다면 가장 최신판 문제집을 풀이하는 것이 좋습니다. 열공하세요~, ,,19.01.29
특허법,조문,,답글Re:(30)특받권양도무효와 이전등록청구?댓글수1,넵 개정된청구가 가능하다는건 알고있는데요~ 그 말고 종전의ㅡ저판례의법리가궁금합니다 ㅜㅜ,"사용자와 종업원 사이의 양도계약은 출원 전 승계이고, 제3자에게 효력을 주장할 수 없기 때문에 사용자가 제3자에게 직접 이전청구를 할 수 없는 것으로 이해하고 있습니다. 열공하세요~", ,,19.01.29
특허법,조문,55조,"[55,56,52조] 국내우주와 분할출원 질문입니다.?댓글수1","안녕하세요 임병웅 변리사님 궁금한 사항이 있어 질문드립니다. 특객 397 4번 보기입니다. 선출원이 2 이상의 발명을 포함하고 있을 때에는 그 선출원의 출원일로부터 1년 3개월 이내에 그 선출원을 2 이상의 특허출원으로 분할출원할 수 있다. 맞는 보기인데, 상황을 가정해보니 이해가 안되는부분이있습니다. 선출원X----국내우주Y(X기초)---1년----선출원X특허결정 확정-----1년3개월 이런 경우 56조 1항2호에 의해 선출원은 취하되지 않고, 협의제에 의하는걸로 알고있는데요. 이를 별론으로 하고, 분할출원은 특허결정의 확정전까지 가능한데, X의 특허결정이 확정되면 1년 3개월 전이라도 분할출원 못하는 경우가 생기지 않나요? 물론 답지에서는 분할출원당시 선출원이 출원계속 중이면 된다고 하는데, 보기에는 그러한 정보가 나와있지않아서 상대적으로 답을 골라야하는건지, 아니면 제가 놓치고있는 부분이 있는지 궁금해서 질문드립니다. 감사합니다.",안녕하세요? 분할출원이 특허결정확정전까지 가능하다는 것은 잘못 알고 있는 내용입니다. 분할출원은 출원계속중에 가능합니다. 그리고 문제는 상대적으로 풀면 됩니다. 열공하세요~, ,,19.01.29
특허법,조문,2조,[2조1호]식물발명 기탁 질문드려요?댓글수1,"안녕하세요 임병웅 변리사님 판례집 읽다가 궁금증 생겨 글 올립니다. 식물발명의 경우 결과물 기탁으로써 특허출원 명세서의 기재를 보충하거나 대체할 수 있는지 여부(소극) 96후2531 판례인데여 2017년에 『식물발명의 경우 종자, 세포 등을 특허청장이 지정하는 기탁기관 또는 국제기탁 기관에 기탁할 수 있으나 결과물인 식물을 기탁함으로써 명세서의 기재를 보충할 수 없다(옳은지문)』으로 기출되기도 했구여 1. 식물발명의 경우 종자, 세포를 기탁할 수 있고, 결과물인 식물도 기탁할 수 있는것인가요? 2. 이 사건을 제가 쫌 찾아보니까, 출원인은 결과물인 식물을 기탁하지도 않았던데(밑의 원심심결 이유 中) 『결과물인 식물을 기탁함으로써 명세서의 기재를 보충할 수 없다』문구가 왜 설시된거죠? -원심심결 이유 中- 항고심판청구인은 본원발명에서 배나무에서 아조변이가 일어난 것을 아접에 의하여 육종한 것으로 당업자가 충분히 재현할 수 있을 뿐 아니라 필요하면 출원인의 농장에서 공개 및 재현성을 확인할 수 있다고 주장하고 또한 미생물과 같이 기탁기관이 지정되어 있지 않아 기탁할 수 없어 기탁하지 않았으므로 특허되어야 한다고 주장하였다. 언제나 부족한 질문에 친절히 답변 주셔서 감사합니다. 좋은 하루 되시길 바랍니다.",안녕하세요? 1. 네 가능합니다. 2. 설사 기탁했을지라도 기재불비라는 것이 요지입니다. 열공하세요~, ,,19.01.29
특허법,조문,42조,[52조] 분할출원기간 질문드립니다.?댓글수1,"안녕하세요. 분할출원의 소급효예외 중 확대된선출원에 따른 다른 출원의 지위에서, 책 기본서 p427에 보면, ‘원출원의 최명도에는 포함되어 있지 아니하지만 분할출원의 명도에 포함된 발명에 의하여 원출원과 분할출원 사이의 제3자의 출원을 거절시키는것은 ~~특허법목적에 반하기 때문에’ 라고 나와있는데 분할출원의 명도가 선출원의 최명도에 포함되지않는다면 분할출원 자체가 불수리대상아닌가요? 이러한경우는 원출원이 무효등으로 소멸되었을때를 말하는것인가요?",안녕하세요? 불수리가 아니라 거절이유에 해당합니다. 열공하세요~, ,,19.01.30
특허법,조문,42조의3,"[42조의3,47조] 수회보정에 따른 보정의 인정에 대한 질문?댓글수1","안녕하세요 변리사님, 42조의3과 47조 보정에 대해 질문드립니다 [조문] 42조의3 7항 ; 6항전단에 따라 47조1항1호 또는 2호에 따른 기간에 정정을 하는경우, 마지막정정 전에 한 모든정정은 처음부터 없었던것으로 본다 47조4항 ; 제1항1호 또는 2호 기간에 보정하는경우 각각의 보정절차에서 마지막보정 전에 한 보정은 취하간주한다 [질문] 42조의3 7항에 따르면, 47조4항과 다르게, 전 출원절차를 통틀어 오직 마지막에 제출된 오역정정서만을 인정한다는 것이 맞나요? 예를들면 자진보정기간/ 거절이유통지1에 따른 보정기간1/ 그후의 거절이유통지2에 따른 보정기간2 가 있는 경우에, 자진보정기간에 번역문오역정정서1, 오역정정서2 보정기간1에 오역정정서3 보정기간2에 오역정정서 4, 오역정정서5가 제출되었다면, 비록 자진보정기간에 제출된 오역정정서1,2는 각각 정정이 적용되지만, 보정기간1에 정정3이 제출되면 1,2는 없었던게 되며, 보정기간2의 오역정정 4,5가 제출되면 결국 1,2,3,4는 없엇던게되고 5만이 인정된다는 의미가 맞나요? 답변부탓드립니다! 감사합니다!","안녕하세요? 아닙니다. 법 제47조 제4항과 같이 이해하면 됩니다. 즉, 오역정정서 1, 2, 3, 5가 인정됩니다. 열공하세요~", ,,19.02.09
특허법,조문,29조,[29조] 제조방법이 기재된 물건발명의 진보성 판단방법?댓글수2,"강의노트 73페이지 12년도 기출을 보면 4번 물건발명의 청구범위에 그 물건을 제조하는 방법이 기재되어 있다고 하더라도 그 제조방법에 의해서만 물건을 특정할 수 밖에 없는 등의 특별한 사정이 없는 이상, 해당 특허발명의 진보성 유무를 판단함에 있어서는 그 제조방법 자체는 고려할 필요없이 그 청구범위의 기재에 의하여 물건으로 특정되는 발명만을 그 출원전에 공지된 발명등과 비교하면 된다. 해설(판례) 제조방법이 기재된 물건발명을 그 제조방법에 의해서만 물건을 특정할 수밖에 없는 등의 특별한 사정이 있는지 여부로 나누어, 이러한 특별한 사정이 없는 경우에만 그 제조방법 자체를 고려할 필요가 없이 청구범위의 기재에 의하여 물건으로 특정되는 발명만을 선행기술과 대비하는 방법으로 진보성 유무를 판단해야한다. 여기서 4번과 판례는 똑같은말 아닌가요..? 4번이 옳지 않은 지문인데 판례를 보면 옳은말 같아서 질문드립니다.",판례를 잘 읽어보지 않고 질문을 한 것 같네요. 판례를 보면 질문에서 지적한 내용(해설(판례)라고 기재한 내용)이 틀렸기 때문에 변경해야 한다는 것입니다. 다시 한 번 정독해 보세요~, ,,19.02.11
특허법,조문,52조,[52조]분할출원?댓글수1,"안녕하세요 임병웅변리사님 오늘 주신 답변에 추가질문 드리겠습니다. 분할출원이 왜 출원계속중에 가능한지 모르겠습니다.ㅠ 특허결정-----등본송달------특허료납부----설정등록 일때, 52조 1항1호에 따라 보정할 수 있는 기간에 가능하다면, 보정은 47조 1항본문에 따라 특허결정등본송달(=특허결정의 확정)때까지 가능하므로 그때까지 가능하고, 52조 1항3호에 따라, 특허결정등본송달 받은날부터 3개월(=특허료납부기간)에 가능하므로 결론적으로는 특허료납부~설정등록까지는 분할출원이 불가능한것 아닌가요? 이렇게 생각하니, 아래 질문에서 1년-----선출원특허결정확정-----1년3개월 이니, 1년3개월전엔 분할출원이 가능하다고 결론지어지긴 하는데 오류가 있는지 궁금합니다. 아래는 지난번 질문입니다. 매번 빨리 답변해주셔서 정말 감사합니다. ==================================================================================================================== 안녕하세요 임병웅 변리사님 궁금한 사항이 있어 질문드립니다. 특객 397 4번 보기입니다. 선출원이 2 이상의 발명을 포함하고 있을 때에는 그 선출원의 출원일로부터 1년 3개월 이내에 그 선출원을 2 이상의 특허출원으로 분할출원할 수 있다. 맞는 보기인데, 상황을 가정해보니 이해가 안되는부분이있습니다. 선출원X----국내우주Y(X기초)---1년----선출원X특허결정 확정-----1년3개월 이런 경우 56조 1항2호에 의해 선출원은 취하되지 않고, 협의제에 의하는걸로 알고있는데요. 이를 별론으로 하고, 분할출원은 특허결정의 확정전까지 가능한데, X의 특허결정이 확정되면 1년 3개월 전이라도 분할출원 못하는 경우가 생기지 않나요? 물론 답지에서는 분할출원당시 선출원이 출원계속 중이면 된다고 하는데, 보기에는 그러한 정보가 나와있지않아서 상대적으로 답을 골라야하는건지, 아니면 제가 놓치고있는 부분이 있는지 궁금해서 질문드립니다. 감사합니다. 안녕하세요? 분할출원이 특허결정확정전까지 가능하다는 것은 잘못 알고 있는 내용입니다. 분할출원은 출원계속중에 가능합니다. 그리고 문제는 상대적으로 풀면 됩니다. 열공하세요~","안녕하세요? 분할출원은 법 제52조제1항각호 중 어느 하나만 만족하면 됩니다. 그리고, 법 제52조제1항제3호에 따라 특허료 납부하면 그 날 바로 설정등록해 주게 됩니다. 열공하세요~", ,,19.02.14
특허법,문제,,이지 객관식 186쪽 36조 관련?댓글수2,"1. 갑은 2016년 4월 27일에 [A,B,C/A]를 특허출원하여 2016년 9월 10일에 [A,C/A,C]로 보정하였으며 2017년 10월 27일에 출원공개되었다. ... 해설을 보면 1의 경우 2016년 4월 27일부터 2017년 10월 27일 공개시까지는 출원서의 최초 명세서, 도면에 기재된 A,B,C가 확대된 선출원의 지위로서 등록금지적 효력을 가지며, 2017년 10월 27일의 공개시 이후에는 최초 명세서, 도면에 기재된 발명인 A,B,C가 공지기술로서 등록금지적 효력을 갖는다... 라고 되어 있는데, A,B,C는 청구범위이고, A가 최명도 부분이 아닙니","질문 자체가 모순이네요. A,B,C가 청구범위라면 명세서에는 무조건 A,B,C가 있습니다. 명세서는 청구범위 + 발명의 설명을 말하는 것입니다. 열공하세요~ 답글기능 더보기", ,,19.03.12
특허법,조문,34조,"[34,35조] 정당한 권리자 관련 질문드립니다.?댓글수1","안녕하세요 임병웅 변리사님. 제가 이해하고있는 것이 맞나 확신이 들지않아서 질문드립니다!ㅠ 판례에 따르면 무권리자인지 여부는 ‘보통으로 채용하는 정도의 구성을 부가 삭제 변경에 지나지 않는 등~’ 이라는 문구로 설시하고있는데, 만약 무권리자가 모인대상발명에 주지관용기술을 더해서 출원하여 등록받았다면, 정당권리자 소급 보호는 객채적 요건(정당권리자 명도가 무권리자의 최명도와 동일 범위)을 만족하지 않아 34조 혹은 35조의 소급이 인정되지 않는 것인가요? 좋은 강의 해주셔서 감사드립니다. 댓글1추천해요0스크랩0","안녕하세요? 해석의 문제인데, 소급효를 인정해 주는 것이 맞습니다. 이지특허법을 정독해 보세요. 문의하신 내용이 그대로 있습니다. 열공하세요~", ,,19.03.14
특허법,판례,29조,[29조] 산업상 이용가능성?댓글수1,"안녕하세요? 변리사님 산업상 이용가능성에서 장래 산업적으로 이용될 가능성의 의미가 명확하게 와닿지 않아 질문드립니다 산업상 이용가능성에 관한 대법원 판례(2001후2801)에서 “출원시는 물론 장래에 산업적으로 이용될 가능성이 있는 경우도 포함하나, 발명의 산업적 실시화가 장래에 있어도 좋다는 의미일 뿐, 장래 관련기술 발전에 따라 기술적으로 보완되어 장래에 비로소 산업상 이용가능성이 생겨나는 경우까지 포함하는 것은 아니다”라고 하였습니다 여기서 장래에 산업적으로 이용될 가능성이란 현재 기술수준으로는 가능한 것이지만 단지 실시화가 안된 것을 의미하는 것인가요? 그렇다면 발명대상을 실제 만들지 않아도 10년 뒤의 기술을 예측하고 미리 출원할 수는 없는 것인가요?","안녕하세요? 네. 그렇습니다. 발명은 기술적 사상이어야 하고, 단순한 사상이어서는 안 됩니다. 예를 들어, 10년후 기술이 개발될 것을 예상하여 시공간을 초월하는 타임머신을 지금 출원하면 법 제29조제1항본문 위반이 됩니다. 열공하세요~", ,,19.03.15
특허법,조문,42조,[42조4항] 청구범위 기재방법 (폐쇄형/개방형)?댓글수1,"안녕하세요 청구범위 기재방법중 보통 사용되는 ""~를 포함하는""의 개방형의 경우 다른 요소를 더 추가하여 실시하는 경우에도 권리범위에 속한다는 판례도 있고 기본적으로 ABC(특허권)일때 ABCD(실시중)는 권리범위에 속한다고 판단하고 있는데요 Q1. 이와 구별하여 ""~으로 이루어지는""과 같은 폐쇄형 청구항은 반대해석을 하자면 구성요소를 추가하여 실시하는 경우에는 권리범위에 속하지 않는다는 것인지 Q.2-1 그렇다면, 뒷부분에 나오는 권리범위해석이나 권범확심판에서 별다른 전제없이 다른 구성요소가 부가된경우 권리범위에 속한다는 내용들은 보통 사용하는 개방형 청구항임을 전제로 하는 내용인것인지 Q.2-2 아니라면, 즉 두 형태 모두 구성요소를 부가하여 실시하는 경우 권리범위에 속한다면 이 두 형태를 구분하여 사용하는 실익이 무엇인지 궁금합니다 감사합니다","안녕하세요 폐쇄형과 관련해서는, 미국은 ABCD 실시가 권리범위에 속하지 않는 것으로 보고 있지만, 아직 우리나라는 판례가 없습니다. 기본서를 조금 더 정독해 보세요~", ,,19.03.22
특허법,조문,47조,(47조) 외국어 특허출원의 실체보정?댓글수1,"안녕하세요 임병웅 변리사님 외국어 특허출원의 경우 보정범위는 47-2항 전문 후문 만족,, 보정이 전문의 최명도와 후문의 최초로 첨부한 도면(설명x)에 기재된 사항의 범위내를 만족,,(+최종 번역문) 에서 전문 최명도가 후문의 도면(설명x)를 이미 포함 하고 있는 것 아닌가요? 중복된 내용 같은데,, 제가 잘 이해 못하고 있는거겠죠?","안녕하세요? 1) 보정된 명도가 2) 전단의 최명도와 3) 후단의 번역문 또는 도면(설명X)의 범위를 만족해야 한다는 것이 법 제47조제2항입니다. 그런데, 도면은 4) 도면(설명O)와 5) 도면(설명X)로 구분되는데, 후단의 번역문은 4) 도면(설명O)만 포함하고 있기에, 보정가능한 범위를 일치시키기 위해 5) 도면(설명X)를 기술하고 있는 것입니다. 열공하세요~", ,,19.03.28
특허법,조문,51조,[51조] 보정각하의 예외?댓글수1?사진첨부,"안녕하세요 임병웅 병리사님. 보정각하의 예외가 헷갈려서 카페글을 찾아보고 어느정도 이해가 됐는데 직권재심사의 경우에 명쾌하게 이해가 안되는게 있어서 질문드립니다. 책 417 페이지를 보면 “심사관은 특허결정 전 최후거절이유 통지에 따른 의견서 제출기간(제47조제1항제2호) 또는 직권 재심사를 청구할 때(제47조제1항제3호) 한 보정이 신규사항추가금지 또는 청구범위 보정범위제한을 위반하거나 그 보정에 따라 새로운 거절이유가 발생했음에도 불구하고 심사관이 보정각하결정을 하지 아니하고 이를 간과하여 특허결정을 취소한 후에 직권 재심사단계에서 발견한 경우에는, 바로 보정각하를 하지 아니하고 최초거절이유를 통지한다.” 라고 나와있는데 적혀있는대로 2호 3호의 보정시기에 한 보정이 부적법할 경우 최초거절이유를 통지하는 것이니 위 4번은 최초거절이유통지가 맞고, 1번도 원래 최초거절이유통지를 함이 맞는데 2번 3번이 왜 최초거절이유통지인지 이해가 안됩니다. 왜냐하면 책에 쓰여져있듯이 2호,3호의 시기의 보정을 전제로 최초거절이유를 통지하는것인데 2,3번은 1호의 시기이기 때문에 원래 다른 경우에서 처리하는것과 같이 최후거절이유 통지를 해야하는것이 아닌가 의문이 듭니다. 단순히 2호 시기의 보정의 거절이유도 최초거절이유통지를 하니 그보다 더 앞선 1호 시기의 보정의 거절이유도 최초거절이유를 통지하는 것인가요?","안녕하세요? 법 제47조제1항제2호 괄호를 살펴보면, 특허결정을 취소하고 직권재심사를 하는 경우 최후거절이유통지에서 제외한다라고 기술되어 있습니다. 즉, 직권재심사 단계에서는 기존의 모든 심사가 reset되고 처음부터 다시 시작하게 됩니다. 열공하세요~ 답글기능 더보기", ,,19.03.28
특허법,조문,47조,[47조] 국어번역문의 제출 위반사유?댓글수1,"기본서 414p 에 등록후- 국어번역문의 제출은 실체적인 문제라기보다는 심사관과 일반 공중이 정확한 내용을 알기 위한 절차적인 문제에 해당하기 때문에, 47조 제2항 후단의 국어번역문에 기재된 사항의 범위를 벗어난 보정은 거절이유, 정보제공사유에만 해당한다. 즉, 등록전과 등록후의 취급이 다르며 번역범위 벗어난 것은 절차적인 부분이라 무효사유에 해당하지 않는다는 요지는 알겠습니다. Q1.그러나 절차적인 부분이라는게 실체적요건이지만 그 중에서 절차적인부분 이다? 라고 해석해야하나요..? 주실조절에서 절차적인 부분이 거절이유가 아닌 다른 사유에 해당한다는게 걸려서 질문드립니다. Q2. 만약 실체적요건으로 계속 볼 수 있다면 47조 2항 전문은 실체적요건으로 등록 전- 거절이유, 정보제공사유 / 등록후 - 정보제공사유, 무효사유 (*등록 후에는 거절이유가 아닌 보정각하이기때문에 거절이유를 뺐습니다) 47조 2항 후문도 실체적요건으로 등록전 - 거절이유, 정보제공사유 / 등록후 - 정보제공사유 로 정리하는게 맞는건가요?","1. 절차적이라는 의미를 한 가지 의미로만 해석을 하고 있는 것 같습니다. 법 제47조제2항 후단의 절차적이라는 의미는 심사의 편의를 위해 번역문이 필요하다는 개념입니다. 그에 반해 절차적 특허요건에서 절차적이라는 의미는 심사관만 검토하면 되고, 제3자가 이에 대해 딴지를 걸 필요가 없다는 개념입니다. 2. 등록후에는 정보제공사유가 아닙니다. 정보제공은 등록전에만 할 수 있습니다. 열공하세요~", ,,19.03.30
특허법,조문,47조,[47조] 외국어특허출원의 보정 범위?댓글수1?사진첨부,제가 이해한게 맞는지 질문드립니다. 제47조 제2항 후단 괄호 (도면 중 설명부분은 제외한다)는 전단과의 범위를 같게하기 위해서 삽입한것이고. 최종국어번역문(명세서 및 도면의 설명범위 포함)(위 사진의 2번 네모) 그리고 특허출원서에 최초로 첨부한 도면(설명범위 제외)(1번네모). 이 두개의 빨간네모가 합쳐져서 전단의 최명도와의 범위가 같아지는게 맞는것인가요? 그래서 결국 명세서 또는 도면의 보정은 사진의 두 개의 빨간네모 범위 내에서 이뤄져야하는게 맞나요?,네. 정확히 이해하고 있습니다., ,,19.04.01
특허법,조문,55조,[55조]확대된 선출원의지위?댓글수1,"강의노트 240p 강의를 듣다가 변리사님께서 특허법의 목적을 생각하면 과정은 몰라도 답을 먼저 도출할 수 있다. 라고 하셔서 한번 적용시켜보았습니다. 그런데 240p 241p의 ABC에는 적용이 잘 되나 240p의 D에는 어떻게 적용해야하는지 모르겠습니다. 한국출원 X ( A / A,B,D) 와 한국출원 Y (A,C/ A,B,C) (X기초 우선권주장) 의 사이에서 A,B,C,D를 출원할 시 A B는 X출원의 최명도에 있기때문에 결과적으로 안될 것이고 C는 Y출원보다 먼저 출원했으니 결과적으로 될것이다. 여기까지 이해했는데 D는 그럼 특허법의 목적을 어떻게 해석해야 출원가능한 것으로 빠르게 결론을내릴 수 있는건가요?","D는 사실 복잡합니다. X 출원은 공개되지 않아야 하는데, 공중의 이용도모가 아닌 우선권주장의 적법성을 판단하기 위해 공개되었고, 따라서 그 사이의 D 출원을 거절하는 것은 적절하지 않다라고 이해하면 됩니다. 열공하세요~", ,,19.04.04
특허법,조문,52조,[52조] 분할출원과 원특허출원과의 관계?댓글수2,"안녕하세요? 이지 특허법 P.436에 기술된 바에 따르면 분할출원은 원출원과는 독립하여 행해집니다. 이에 대한 예시로써, 원출원이 1년 6개월이 지나기 전에 분할 출원된 경우 원출원일이 출원공개되는 날에 분할출원도 공개된다고 설명되어있는데요. 이는 분할출원이 원출원과 독립적으로 행해지는게 아니라, 원출원에 따르는거 아닌가요? 독립적으로 행해진다는것의 예외로써 분할출원의 심사가 원출원의 심사청구 후 10개월이 되기 전에 분할출원의 심사청구가 되었을때 원출원이 실체심사 되는날에 분할출원도 실체심사 된다고 하셨는데, 위에서 말한 독립적으로 행해지는 경우와 그것의 예외 사이에 차이점을 모르겠습니다.. 독립적으로 행해진다면 오히려 원출원이 공개되는날에 분할출원이 같이 공개될 것이 아니라, 분할출원이 되고 1년 6개월이 되는 날에 공개되어야 하는거 아닌가요? 감사합니다. 댓글2추천해요0스크랩0","안녕하세요? 분할출원은 원출원일로 소급하고, 따라서 원출원일로부터 1년 6개월이 경과된 후 공개되는 것입니다. 만약, 분할출원이 이미 원출원일로부터 1년 6개월이 지난 후에 된 것이라면 즉시(공개준비기간을 거친 후) 공개됩니다. 열공하세요~", ,,19.04.04
특허법,조문,54조,54조 관련하여 질문있습니다~?댓글수1,"안녕하세요 판단시점소급효와 출원소급효 구분해서 생각하다보니 문제풀다 헷갈리는게 있어서 질문드립니다 예를 들어 동일발명에 대해 을 의 일본출원이 있고 그 뒤에 갑의 한국출원이 있고 그 뒤에 을의 조약우선권주장 한국출원이 있는경우에 첫번째질문은 갑의 한국출원의 경우 을의 한국출원 54조1항에 의해 선출원주의 위반에 해당되나요? 두번째질문은 해당된다면 논거를 판단시점소급도 마치 출원소급효처럼 판단된다고 생각하는건가요 아니면 파리조약4b 타인에 의해 방해받지않고 타인에게 어떠한 권리도 부여하지않는다 에 의해 선출원지위 인정되지 않는건가요? 아 그리고 질문이 하나 더있는데요 변리사님 제가 변리사님 중급강의 듣고 지금 2차 준비하고있는데요 2차 시험에서 변리사님이 말씀하신 문언적동일 내재적동일같은 표현을 현출시켜서 답안을 작성해도될까요? 대부분의 책들이 내재적동일부분을 판례로 표현해서,, 하나의 키워드처럼 내재적동일이란 단어로 마무리짓는게 괜찮을까싶어서 질문드립니다 답변주시면 감사하겠습니다~",안녕하세요? 1. 네 2. 네. 판단시점 소급효는 특허요건 등의 판단시 발명 단위로 소급효가 달라지는 개념이라고 이해하면 됩니다. 3. 판례의 표현 그대로 쓰는 것이 좋습니다. 열공하세요~, ,,19.04.08
특허법,조문,54조,[54조] 조약우선권증명서류에 대한 국어번역문?댓글수1,조양우선권주장출원의 증명서류 제출과 관련해서 특허청장 또는 심판원장은 심사. 심판을 위하여 필요한 경우 우선권증명서류에 대한 국어번역문을 제출하도록 명할 수 있다. 라고 나와있는데 이 경우 지정된 기간 내에 제출하지 않으면 어떻게 되나요? 강의노트에 무효로 할 수 있다는건 이제 법이 바뀌었다고 나와있는데 어떻게 바뀌었는지를 모르겠네요. 댓글1추천해요0스크랩0,패널티가 없어졌습니다. 열공하세요~, ,,19.04.10
특허법,조문,36조,[36조] 동일자 선출원주의 적용관련 질문?댓글수1,"안녕하세요 임병웅 변리사님 이지특허법 '발명의 동일성' 판단 파트를 공부 중인 학생입니다. 동일자 출원의 경우 실질적 동일성 범위를 좁게 해석해야하며, 심사기준도 그러한 태도라고 서술되어 있는데요, 만약에 그렇게 해서 발명의 표현양식에 따른 차이에 불과한 동일자 출원의 특허출원이 등록되어 복수의 특허권이 발생하였다면, 특허권을 공유로 할 때 현물분할이 허용안되는 근거로 ""사실상 내용이 동일한 복수의 특허권으로 증가하는 부당한 결과"" 를 방지하기 위함이라는 판례와 청구항별 권리이전을 금지하는 것과 배치되는 것은 아닌지 궁금합니다. 답변 미리 감사합니다!",안녕하세요? 질문의 전제가 잘못되었습니다. 발명의 표현양식에 따른 차이에 불과한 경우에는 실질적 동일성이 있습니다. 열공하세요~, ,,19.04.11
특허법,조문,47조,[47조][51조]실체보정 339쪽?댓글수2,"보정에 관한 설명으로 옳은 것은? 2번 지문. 하나의 청구항에 기재된 2 이상의 발명 중 일부에 대해서 의견제출통지서를 받아 이를 해소시키기 위한 보정을 했고 심사관이 그 청구항의 나머지 발명에 대해서 다시 거절이유를 통지한 경우 이는 최초거절이유통지에 해당항다. 이 지문이 처음 정답 표시란에 정답으로 표시되었다가, 정오표에는 5번 지문이 정답으로 되어 있습니다. 5번 지문. 기재불비를 이유로 거절이유가 통지되어 이를 해소하는 보정을 한 결과 발명의 진보성 결여의 거절이유가 발생한 경우 이는 최초거절이유가 된다. 2번 지문도 정답이 아닌가요?",2번이 정답입니다. 5번은 보정으로 인해 진보성 결여의 거절이유가 <발생>했기 때문에 최후거절이유통지를 해야 합니다. 열공하세요~, ,,19.04.12
특허법,조문,52조,[52조] 분할출원의 심사청구?댓글수1,분할출원의 심사청구에 관한 글을 찾아보다가 “분할출원의 심사가 원출원의 심사청구 후 10개월이 되기 전에 분할출원의 심사청구가 되었을때 원출원이 실체심사 되는날에 분할출원도 실체심사 된다”는 글을 봤는데 10개월은 어디서 나온 기간인가요? 책을 찾아봐도 못찾겠어서 여쭤봅니다. 댓글1추천해요0스크랩0,"분할출원은 원출원의 심사청구순서에 따라 같이 심사하는데, 심사청구순서가 약 10개월 정도 된다는 것입니다. 열공하세요~", ,,19.04.15
특허법,조문,29조,[29조] 산업상 이용가능성에서의 이용의 의미에 대한 질문입니다.?댓글수1,"안녕하세요 임병웅 변리사님 산업상 이용가능성에서의 표현에 대한 질문입니다. 여기에서 ""이용""이라는 의미를 특허법 제2조애서의 ""실시""와 동일한 의미로 이해해도 되는것인지요?? 특허법상에서의 실시는 그 태양이 제한열거적으로 규정되어 있는데, 이용이라는 의미를 실시와 같은 의미로만 이해를 해도 되는것인지 궁금합니다. 답변 감사합니다.","안녕하세요? 넓은 의미에서 특허법상 이용은 공개+실시를 의미합니다. 즉, 이용이 실시보다 포괄적인 개념이 됩니다. 참고로, 특허법 목적 파트를 읽어 보시면 이에 대해 기술되어 있습니다. 열공하세요~", ,,19.04.15
특허법,조문,51조,[51조] 보정각하의 대상 관련한 질문입니다.?댓글수1,"안녕하세요 임병웅 변리사님 보정각하의 대상과 관련한 질문입니다. 최후거절이유 통지 등에 따른 보정에 있어서, 해당 보정에 의하여 새로운 거절이유가 발생한 경우에는 이를 보정각하하고 보정전의 명세서 도면으로 심사를 진행한다고 알고 있습니다. 1. 최후거절이유 통지에 의하여 보정을 하였고 새로운 거절이유(거절이유a)가 발생하였으나, 그 보정과 관련 없이 처음부터 존재하였던 거절이유(거절이유b)가 있는 경우에는 보정각하결정과 최초거절이유 통지 중 무엇을 하여야 하는지요...? 2. 만약 최초거절이유를 통지하였고(보정각하를 하여야 했으나 이를 간과하고 최초거절이유를 통지한 경우도 포함) 출원인이 최초거절이유를 통지한 것에 대하여 보정을 하고 그에 따라 심사를 진행하였더니 상기의 거절이유a가 발견된 경우에는 어떤 처리를 하여야 하는지요... 3. 만약 이때 최후거절이유 통지에 따른 보정각하를 하게 된다면 이때의 심사대상을 판단할 때에는 2. 단계에서 하였던 보정까지도 없었던 셈이 되는지요...? 답변 감사합니다.",안녕하세요? 1. 보정의 적법성을 먼저 판단하기 때문에 보정각하됩니다. 2. 심사실무가 명확하지 않으나 보정이 인정됨을 전제로 한 출원인의 이익을 위해 최후거절이유통지를 하는 것이 적절해 보입니다. 3. ㅡ 열공하세요~, ,,19.04.23
특허법,문제,54조,[54조] 390쪽 확대된 선출원의 지위 관련?댓글수1?사진첨부,"5번 지문이 정답으로 되어 있는데요, 확대된 선출원의 지위를 가지려면 다른 특허 출원(甲의 출원)이 출원 공개나 등록 공고가 되어야 한다고 29조 3항에 나오는데요, 문제에는 그런 내용이 없는 것으로 보입니다. 甲의 출원이 '현재 국내에서 심사가 진행 중'인 것으로 되어 있는데요. 제가 문제를 잘못 본 겁니까? 저작자 표시컨텐츠변경비영리 댓글1추천해요0스크랩0","현재 심사가 진행중인 것과 출원공개는 무관합니다. 출원공개는 2017년 2월 10일로부터 1년 6개월후 2018년 8월 10일이 경과된 후 되었겠네요. 한편, 문제의 지문 내용은 가장 옳은 것과 틀린 것을 고르는 상대적 개념인 것이기 때문에, 절대적인 진리 측면에서 살펴보면 안 됩니다. 열공하세요~", ,,19.04.25
특허법,판례,30조,[30조] 보정서 의견제출 기회 질문있습니다.?댓글수1,"2009후4322판롈르 보다가 떠오른건데 --------------------------------------------- [3] 명칭이 “이중층의 지속 방출형 경구 투여 조성물”인 甲 회사의 출원발명에 대하여 특허청 심사관이 비교대상발명들에 비하여 진보성이 없다는 의견제출 통지를 하자 甲 회사가 보정서를 제출하였으나 여전히 진보성이 없다는 이유로 거절결정을 하였는데, 이후 甲 회사가 거절결정을 취소하는 심판청구를 하면서 보정서를 제출하였으나 특허심판원이 거절결정을 유지하는 심결을 한 사안에서, 제반 사정에 비추어 위 심사 및 심판 단계에서 의견제출의 기회가 부여되지 아니한 절차상 위법이 없다고 본 원심판단을 수긍한 사례 ---------------------------------------------- (이 사안과는 좀 다른 얘기 입니다.) 1.이미 통지된 거절이유를 고치지 않았고 2.통지하지 않은 원시적 거절이유가 있을때 나중에 봤을때 그냥 거절결정 해도 되는건 알겠는데 이때 심사관이 그냥 인심써서 최초거절이유통지해도 되나요?","원거절이유가 해소되지 않으면 새로운 거절이통지를 하지 않습니다. 즉, 원거절이유가 해소되었음을 전제로 새로운 거절이유를 검토합니다. 제목에서 법조문이 틀렸네요. 수정해 주세요~", ,,19.05.01
특허법,조문,47조,[47조]보정 가능시기 질문있습니다.?댓글수1,"보정이 가능한시기가 1.47조 1항 등록여부결정송달전 2.재심사시, 3.재심사중 의견서 제출기회줄때 4.거절결정불복심판청구시기 5.거절결정불복심판에서 의견서 제출줄때 모두 합해서 이렇게 맞나요? 저작자 표시컨텐츠변경비영리 댓글1추천해요0스크랩0","제47조 제1항의 시기면 언제든지 가능합니다. 법조문 그대로 이해하려고 노력해야 합니다. 예를 들어, 일반심사단계에서도 의견서 제출기간 내 가능합니다. 열공하세요~", ,,19.05.02
특허법,조문,29조,[29조] 수치한정발명?댓글수1,"안녕하세요? 수치한정발명의 심사기준과 관련하여 헷갈리는게 있습니다. 신규성에 대해서 '수치한정의 임계적의의'에 의해 신규성이 인정될 수 있다고 하여, 수치한정의 임계적의의가 인정도기 위해서는 수치한정사항을 경계로 급등한 특성의 변화, 즉 발명의 작용, 효과에 현저한 변화가 있어야 한다.' 라고 하는데 저 기준은 진보성 판단기준이 아닌가 합니다. 새로운 변화라던가 새로운 효과의 단어로 사용되어야 하는 게 아닌지 궁급합니다.",안녕하세요? 네. 맞습니다. 심사기준이 판례를 따라오지 못하고 있네요. 열공하세요~, ,,19.05.06
특허법,조문,55조,"[55조,56조] 객체적 요건 불만족시 선출원 취하간주 및 그발명의 확선지위 여부?댓글수1","임병웅 변리사님 안녕하세요! 국내우선권주장출원의 청구항 전체가 선출원에 기재된 발명과 동일하지 않아 판단시점이 전혀 소급되지 않는 경우라도, 1) 선출원 취하간주되는건가요? 2) 국내우주출원의 최명도에 기재된 발명과 선출원 최명도에 기재된 발명 중 공통되는 부분이 확선의 지위를 가질때 선출원시로 소급되어 지위를 갖는건가요?? 객체적 요건이 흠결되어 국내우선권주장이 부적법하다고 보아 1), 2) 모두 인정되지 않는다고 보아야 맞는 것 같은데, 대법원 判例 “우선권주장에 명백한 오류가 없다면, 국제출원인이 주장한 날을 우선일로 보아 국제출원 절차를 진행하여야 하며, 우선권주장의 실체적 효력 유무(예: 파리협약 4(h))에 따라 달리 볼 것은 아니다.”라고 한다(2014두42490) 등을 유추하여 보면, 국내우선권주장 자체의 효력이 없는 것은 아니므로 1), 2) 모두 인정된다고 보아야 한다는 견해도 있는바, 1), 2) 인정 여부와 그 근거가 궁금합니다. 답변부탁드립니다. 감사합니다.","안녕하세요? 1. 네 2. 네 객체적 요건을 만족하지 않더라도 우선권주장은 그 효력이 인정되고, 다만, 법 제55조제3항에 의해 판단시점의 소급효가 인정되는 발명이 없을 뿐입니다. 열공하세요~", ,,19.05.07
특허법,조문,30조,[30조] 해외출원과 공지예외적용주장?댓글수1,"안녕하세요 변리사님 강의 감사하게 잘 듣고있습니다. 특허법 기본강의 강의자료 160페이지에서, 시기별 국가별 공지예외적용시기를 비교해주셨는데요 일본의 경우, 2018년 5월 30일 개정하여 2018년 6월 9일 출원부터는 공지예외 적용 시기를 1년으로 연장하여 시행하고 있는 것으로 알고 있습니다. 확인 부탁드립니다. 감사합니다.","19.05.13 14:01 첫댓글 안녕하세요? 일본은 법이 개정되어 1년이 맞는데, 미처 확인하지 못했네요. 열공하세요~", ,,19.05.12
특허법,조문,29조,[29조] 특허요건에 관한 질문 입니다.?댓글수1,"안녕하세요 29조 관련해서 질문드립니다 조문에 관한 질문은 아니지만 궁금해서 질문드립니다 질문) 그 특허출원의 지위에서 그 특허출원 앞 쪽을 보고 특허를 받을 수 있는 지 여부를 판단한다고 알고 있습니다 따라서 만약 제가 발명 X를 19.5.15일에 출원을 함에 있어서 선행기술 조사에서 신규성 위반 사유가 없는 출원이였다고 가정했을 때, 18년 12월에 출원되었으나 아직 공개되지 않은 어떠한 발명 Y가 발명 X에 대해 선출원 지위가 있고 발명 Y는 발명 X에 대해 동일성이 있어 추후에 발명 X가 신규성 위반으로 발명을 받을 수 없는 경우에 X발명의 발명자로서 미리 이러한 실체적 요건 위반을 피할 수 있는 방법은 없는 것인가요? X발명의 발명자는 특허 출원하기 전 발명 Y가 출원이 되어 있고 실체 심사 중임을 알았을 경우 출원을 하지 않았을텐데 발명Y가 1년 6개월 동안 공개 되지 않아 발명 Y의 존재를 모르고 출원하게 되는 상황입니다.","안녕하세요? 피할 수 있는 방법은 없습니다. 따라서, 될 수 있으면 빨리 출원하라는 것입니다. 한편, 질문에서 Y에 의해 X는 확선 위반이 될 수는 있으나, 신규성 위반이 될 수는 없습니다. 열공하세요~ 답글기능 더보기", ,,19.05.15
특허법,조문,42조,[42조] 질문 있습니다?댓글수1,"42조 4항 2호 발명의 특정 관련된 부분인 거 같은데요. 이지특허법 17판 p-354의 표 2-10 젭슨 청구항 부분에서 특허요건판단의 '다만'과 침해여부판단의 '다만'이 어떻게 차이가 있는 것인지 잘 모르겠습니다. 특허요건판단 부분은 발명의 특정은 결정된 후 다음 단계에서 출원인이 공지 기술임을 자인한 경우 해당 구성요소를 공지된 것으로 추정하는 것이고, 침해여부판단 부분은 발명의 특정 자체가 제한 해석 된다는 차이점이 있는 것이 맞나요? 사실상 두 가지 차이가 없는 것처럼 느껴져서 헷갈립니다ㅠㅠ","19.05.20 11:19 첫댓글 맞습니다. 발명의 범위를 제한하는 것과 그렇지 않은 것의 차이입니다. 특허요건 판단할 때는 발명의 범위를 제한하지 않지만, 보호범위 판단할 때는 발명의 범위가 제한된다는 것입니다. 열공하세요~", ,,19.05.15
특허법,조문,52조,"[52조,55조] 분할출원/국내우주 질문드립니다.?댓글수1","안녕하세요 변리사님 분할출원과 국내우선권주장 차이 질문드립니다. 국내우선권주장이 분할출원에 비해 가지는 실익이 무엇인지 잘 모르겠습니다. 각각 모두 최명도 이내에서 하여야하고 둘다 발명의 설명에 있는 내용을 권리화하는것인데, 우선기간 1년이 지났어도 분할출원의 시기적요건에 해당될수도 있으므로, 하위호환되는것 아닌가요? 실익이 무엇인가요? 어떤점을 간과하고 있는지 잘 모르겠습니다. 존속기간면에서 유리한것인가요? 감사합니다.","안녕하세요? 국내우선권주장출원과 분할출원은 입법취지, 요건, 효과 모두 차이가 있습니다. 간략하게 말씀드리면 취지면에서, 국내우선권주장출원은 새로운 사항을 추가하여 한꺼번에 보호받고자 할 때 하는 것이고, 분할출원은 원출원에 기재된 발명 중 일부를 보호받고자 할 때 하는 것입니다. 효과면에서도 국내우선권주장출원은 출원일이 소급되는 것이 아니고 발명별로 판단시점이 소급되는데 반해, 분할출원은 발명별이 아니라 전체가 출원일 소급이 됩니다. 열공하세요~ 답글기능 더보기", ,,19.05.29
특허법,조문,36조,[36조] 특허의 무효와 포기 관련 질문드립니다!?댓글수1,"강의노트 p86쪽에 나와있는 내용입니다. 대법원 2007.1.12. 선고 2005후3017 판결에서는 ""특허권이나 실용신안권의 포기에 의하여 경합출원의 하자가 치유되어 제3자에 대한 관계에서 특허권의 효력을 주장할 수 있다고 보는 것은 명문의 근거가 없을 뿐만 아니라 권리자가 포기의 대상과 시기를 임의로 선책할 수 있어 권리관계가 불확정한 상태에 놓이게 되는 등 법적 안정성을 해칠 우려가 있는 점, 특허권이나 실용신안권의 포기는 그 출원의 포기와는 달리 소급효가 없음에도 결과적으로 그 포기에 소급효를 인정하는 셈이 되어 부당하며, 나아가 특허권 등의 포기는 등록만으로 이루어져 대외적인 공시방법으로는 충분하지 아니한 점 등을 종합하여 보면, 출원이 경합된 상태에서 등록된 특허권이나 실용신안권 중 어느 하나에 대하여 사후 권리자가 그 권리를 포기하였다고 하더라도 경합출원으로 인한 하자가 치유된다고 보기는 어렵다.""고 판시하여, 특허권의 무효와 포기에 대해 달리 취급하고 있다. 여기에서 밑줄 친 부분이 잘 이해가 안됩니다. 아래에 첨부된 그림을 보고 이해해보려했는데 1. 설정등록 이전 특허출원까지만 된 상태인 발명은 '출원'이고 설정등록까지 된 발명은 '특허'라 부르는 것 인가요? 2. '경합출원으로 인한 하자가 치유된다고 보기 어렵다' 라는 의미는 특허 포기 후에 특허권이 장래를 향해 소멸하는 장래효이기 때문에 선출원지위가 남아있어 다른 특허출원에 영향을 미친다는 의미인가요? 바쁘시겠지만 부탁드립니다 좋은 하루되세요:)",글 1. 네 2. 네 열공하세요~, ,,19.06.10
특허법,조문,29조,[29조] 동일성의 유형 질문입니다?댓글수1?사진첨부,문언적 동일과 내재적 동일성의 인용대상에 직접 기재/ 직접 기재와 마찬가지 라 써 있는데 이게 어떤 것을 의미하는 건가요?? 저작자 표시컨텐츠변경비영리 댓글1추천해요0스크랩0,"안녕하세요? 직접 기재되어 있지 않지만 기재되어 있는 것으로 취급되는 것을 말합니다. 참고로 아직 강의를 끝까지 수강하지 않은 상태인 것으로 보이는데, 조금 더 듣다 보면 이해할 수 있을 것입니다. 열공하세요~", ,,19.06.10
특허법,조문,36조,[36조]발명의 동일성 판단방법과 관련한 질문입니다.?댓글수1,"안녕하세요 임병웅 변리사님 상하위 개념의 발명의 동일성과 관련하여 질문이 있습니다. 상위개념이 선출원이고 그 후 하위개념의 출원시, 그 발명의 동일성 판단방법으로는 상위개념의 기재에서 통상의 기술자의 입장에서 인식 가능한 범위까지의 하위개념의 기재는 발명이 동일하다고 보는데요. 반대로 상위개념을 후출원시에는 그 발명의 동일성 판단방법으로는 부분적으로 발명이 동일하더러도 통상의 기술자의 입장에서 용이 변경 가능하고 효과도 동일한 경우에는 발명이 동일하다고 하는데요. 그렇다면 상위개념화 하면서 우선권 주장을 하는 경우, 선출원의 하위개념을 통하여 통상의 기술자의 입장에서 용이 변경 가능하고 효과도 동일한 경우에는 우선권 주장이 인정 가능한지요...? 우선권 주장에서의 동일성에 대하여, 보정과 같은 관점에서 신규사항 추가인지 여부로 판단한다고는 하는데, 이를 통하여 상하위 개념과는 논리필연관계까지를 의미하는 것은 아닌걱 같아서 질문을 드리게 되었습니다. 답변 감사드립니다~ㅎㅎ","안녕하세요? 상하위개념발명은 실질적 동일성의 영역이고, 소급효 인정제도에서 동일성은, 문언적 동일과 내재적 동일성에 한해 인정이 됩니다. 따라서, 상하위개념발명이 내재적 동일성의 영역밖에 있다면 소급효가 인정되지 않습니다. 제목이 질문규칙에 맞지 않으니 수정해 주세요~", ,,19.06.11
특허법,조문,36조,[36조] 실질적으로 동일한 발명에 대한 질문입니다.?댓글수1,"안녕하세요 임병웅 변리사님 실질적으로 동일한 발명을 출원하는 경우, 선출원주의 위반과 관련하여 질문이 있습니다. 질문(1) 실질적으로 동일한 발명을 1개의 출원을 통하여 청구항을 달리하여 출원하는 경우에는 36조의 규정이 적용될 여지가 없는게 맞는지요? 이에 따라 42조8항의 시행령5조를 위반할 가능성은 있느나, 등록 되더라도 무효사유에 해당하지는 않는 것인지요? 질문(2) 그러나 실질적으로 동일한 발명을 동일인이 2개의 출원으로 하여, 동일자에 출원하는 경우에는 36조의 규정이 적용 가능한게 맞는지요?? 이에 따라 등록되더라도 무효사유를 가지게 되는것도 맞는지요?? 답변 감사드립니다.",안녕하세요? 1. 네 2. 네, ,,19.06.21
특허법,조문,47조,[47조] 보정의 범위와 관련한 질문입니다.?댓글수1,"안녕하세요 임병웅 변리사님 최후거절이유 통지에 따른 보정의 범위와 관련하여, 47조 3항의 보정범위와 관련하여 질문이 있습니다. 해당 규정에 의하면 청구범위의 보정에 대하여서는 청구범위를 감축 오기정정 등의 경우에 대하여만 보정이 가능하다고 한정하고 있는데요. 질문(1) 그렇다면 최후거절이유 통지에 대한 보정의 경우, 발명의 설명의 경우에는 신규사항추가금지가 아니라면, 추가하는 보정도 허용되는 것인지요?? 질문(2) 이때, 기능식 청구항의 경우에는 발명의 설명에 기재된 용어에 의해 그 청구범위의 기능식 표현의 발명의 내용을 확정 가능하다고 하는데, 이렇게 된다면 그 청구범위의 기재가 실질적으로 확장되는 것이 아닌가 궁금합니다. 답변 감사드립니다.",안녕하세요? 1. 단순한 발명의 설명 보정은 청구범위 보정범위 제한을 만족하지 못하기 때문에 허용되지 않습니다. 2. 발명의 설명에 용어 정의를 추가하여 청구범위의 기재된 구성의 의미가 바뀐다면 신규사항추가입니다. 열공하세요~, ,,19.06.23
특허법,조문,42조의3,[42조의 3] 번역문에 대하여 질문이 있습니다?댓글수1,안녕하세요. 42조의 3에서 번역문 관련 공부를 하던 중 궁금한게 여럿 생겨 질문을 남깁니다 1. 본 조 2항에 명시된 기간과 본 조 6항의 '보정 할 수 있는 기간' 은 겹칠 수 있지 않나요? 그렇다면 이 경우 출원인은 보정이나 정정 두가지를 선택적으로 할 수 있는 것인가요? 2. 최초 번역문 제출 시 보정을 한 것으로 간주한다는 의미는 번역문 제출을 함으로써 보정에 대한 심사를 진행한다는 의미인가요? 3. 번역문 정정 시에 보정서는 번역을 정정했다는 취지만 적어 제출하면 되는 건가요? 4. 마지막으로 이건 47조에 대한 질문인데 '특허결정의 등본을 송달하기 전까지' 라는 의미는 그 출원이 심사 중에 있어도 보정서를 제출할 수 있다는 의미인가요? 감사합니다.,. 네 2. 심사는 실체심사할 때 진행합니다. 3. 양식이 별도로 있습니다. 4. 네 열공하세요~, ,,19.06.24
특허법,조문,52조,[52조] 분할출원의 시기와 관련한 질문입니다.?댓글수1,"안녕하세요 임병웅 변리사님 분할출원의 시기에 있어서, 재심사청구를 하면서는 분할출원을 할수 없다고 하는데요. 분할출원의 시기에 대하여, 52조1항1호에 의하면, 47조 1항의 보정가능한 시기에 할수 있다고 하며, 47조 1항 3호에서는 재심사청구하면서 보정이 가능하다고 하는데요. 그렇다면, 재심사청구를 하면서도 분할출원이 가능해야 하는것 아닌지요? 답변 감사드립니다.",녕하세요? 재심사청구하면서 분할출원할 수 있습니다., ,,19.06.24
특허법,조문,36조,[36조]에 위배되어 등록된 경우의 권리범위 부정의 항변에 대한 질문입니다.?댓글수1,"안녕하세요 임병웅 변리사님 36조 2항의 위반의 무효사유가 있는 경우, 특허권 침해에 대해 권리범위 부정의 항변이 가능한지에 대한 질문입니다. 판례는 36조의 무효사유가 있는 특허권에 대하여, 권리범위 부정의 항변이 허용된다고 하는데요. 해당 36조 2항의 위반의 경우, 한 특허권에 대하여 무효심결 확정으로 소멸하는 경우, 나머지 특허권에 대하여서 그 무효사유의 하자가 치유된다는 입장인데요. 질문(1) 그렇다면 36조 2항의 위반의 무효사유가 있는 경우에도 권리범위 부정의 항변이 인정되는지요? 질문(2) 만약 부정된다면, 예비적 병합으로 양 청구를 병합하여 소송을 제기하는 것은 허용되지 않는지요? 답변 감사드립니다.",글 안녕하세요? 1. 네 2. 양 청구가 무엇인가요? 질문을 명확히 특정하여 다시 해 주세요. 열공하세요~, ,,19.06.25
특허법,조문,30조,[30조] 공지예외적용주장출원 다른 특허요건과의 관계?댓글수1,"공지예외적용주장출원에서 갑이 공지-을 출원-갑 공지예외적용주장출원-을 출원공개x 이 경우에 을 출원은 선출원의 지위도 확선의 지위도 없어서 갑 출원이 다른 거절이유가 없다면 등록이 되잖아요. 근데 동일출원의 경우 심사실무는 협의명령을 한다는데 그럼 결국 갑 출원이 을 출원과 동일자에 출원되면 협의명령, 이후에 출원되면 등록되는 모순적인 결과가 나오는 건가요.?",네. 그렇습니다. 그래서 이지특허법에서 비판하고 있는 것입니다. 열공하세요~ 답글기능 더보기, ,,19.06.26
특허법,조문,36조,[36조] 권리범위 부정의 항변과 관련한 재질문입니다.?댓글수1,"안녕하세요 임병웅 변리사님 하나의 발명에 대하여 중복등록된 경우, 권리범위 부정의 항변이 허용되는지에 대한 질문이었는데요. 원고가 만약 주위적으로는 침해를 주장하고, 예비적으로는 하나의 특허가 무효가 된 경우를 대비하여서도 침해를 주장하는 경우 이러한 병합이 허용되는것인지요? 답변 감사드립니다.","안녕하세요? 질문 자체에 모순이 있네요. 원고가 자기의 특허가 무효사유가 있다는 것을 먼저 인정하면서, 침해 주장을 하는 경우는 없습니다. 열공하세요~", ,,19.06.26
특허법,조문,29조,[29조]미완성발명?댓글수1,"기본서를 보면, 판례가 미완성발명도 공지기술이라고 판시하고 있는데 확선에서는 미완성발명이 다른 출원의 지위가 없다고 밝힌다고 써있어서요.. 그럼 공지기술이지만 등록금지적 효력은 없다는 이야기인가요??","등록금지적 효력은, 선출원의 지위, 공지기술의 지위, 확선의 지위에 의한 효력을 말하는 것이고, 미완성발명은 이 중 공지기술의 지위는 인정되지만 확선의 지위는 인정되지 않는다는 것입니다. 열공하세요~", ,,19.07.03
특허법,조문,36조,[36조]선출원-협의명령?댓글수1,본강의 수강 중입니다. 36조 6항에서 협의 불성립 등으로 특허거절결정이나 거절한다는 취지의 심결이 확정된 경우 선출원의 지위가 인정되는 것과 36조 4항에서 특허거절결정 확정의 경우 선출권의 지위가 없는 것에서 6항의 경우 동일출원 후 특허거절결정이나 거절결정확정이기 때문에 선출권 지위가 인정되는 건가요? 어떤 관점에서 이 차이를 이해해야 하는지 궁금합니다. 감사합니다.,네. 동일출원이기 때문에 법 제36조제4항 단서에 의해 선출원의 지위가 유지됩니다. 열공하세요~ 답글기능 더보기, ,,19.07.04
특허법,조문,47조,[47조4항] 보정의 취하간주?댓글수1,"안녕하세요 임병웅 변리사님! 최초거절이유 통지 받기전 자진보정의 경우는 이를 종합하여 보정 명세서를 인정한다고 되어있는데, 강의 노트를 보면 47조1항 본문 기간에 (제1차보정서 ◇1) , (제2차보정서 ◇2) 인데 (심사대상 명세서 또는 도면 ◇2) 라고 써있어서요! 기본서를 참고하면 ◇1+◇2로 이해해야 하는거 아닌가요??","말씀하신 것처럼, 법 제47조제1항 본문의 시기의 보정은 이를 합한 것이 심사대상으로 인정됩니다. 열공하세요~ 답글기능 더보기", ,,19.07.10
특허법,조문,29조,[29조2항] 진보성하자에 권리제한의 항변?댓글수1,진보성하자의 경우 문제되는 논점으로 침해금지청구 즉 민사법원에서 권리행사의 제한으로 권리남용항변과 권리범위확인심판에서 진보성하자에 대한 판단가부와 그에 따른 권리범위불인정 불가하다는것 이렇게 정리하고있는데요 권리범위제한의 항변 예를 들어 동일성 실기 고려한 이 항변과 관련하여 진보성의 경우에도 가능한지 명확한 판례가 없는거같아 궁금합니다 불가하다면 문제될거없지만 만약 가능하다면 진보성의 하자 있는경우 민사법원에서 이러한 주장이 가능한지 질문드립니다 정리가 안되어서 질문드립니다~,"권리범위를 부정하는 것과 권리행사를 제한하는 것은 완전히 다른 개념입니다. 동일성실기의 경우는 권리범위가 부정되는 것인데 반해, 진보성이 없는 경우는 권리범위가 인정됨을 전제로 권리행사를 제한하는 것입니다. 제목이 질문규칙에 맞지 않으니 수정해 주세요~", ,,19.07.13
특허법,조문,47조,"[47조, 51조]동일한 거절이유의 의미?댓글수1","안녕하십니까 임병웅 변리사님 두가지 질문이 있습니다. 1. 강의 노트 자료의 191P ""거절이유통지와 거절결정과의 관계""에서 주지가 부합한다의 판례중 1번 판례인 '법조문을 같이 하더라고 사실을 달리 한다면 거절이유를 달리한다'라는 판례는 (1)보정의 적법성 여부를 판단할때(새로운 거절이유 발생 여부) (2)47조1항 본문의 시기를 제외한 모든 시기의 심사 단계의 원거절 이유 해소 여부 위의 두가지를 판단할 때 모두 적용되는것인가요? 2. 보정의 적법성 판단에서 '동일한 거절이유이라 판단되어' 적법성이 인정되었다 하더라도 결국 원거절이유가 해소되지 못하여 거절결정이 되는것인가요?",안녕하세요? 1. 네 그렇습니다. 2. 네 열공하세요~, ,,19.07.15
특허법,조문,54조,[54조] 최선성의 의미?댓글수1,안녕하세요. 공부를 하다가 최선성의 의미에 대해 헷갈리는 부분이 있어 질문드립니다. 우선권 주장의 기초가 되는 출원은 동맹 1국의 최초의 출원이라고 책에 명시되어 있는데요 만약 2019/07/01 미국에 A를 출원하고 2019/09/01 일본에 A를 우선권 주장없이 출원한 후 2020/08/01 한국에 우선권주장을 하며 A를 출원하는 경우 1) '동맹 1국의 최초의 출원' 이라함은 미국에서의 출원을 의미하므로 우선권 주장이 불가능하다 2) '동맹 1국의 최초의 출원'이라함은 일본에서의 출원을 의미하므로 일본 출원에 대한 우선권 주장은 가능하다 둘 중 어느 것이 맞는 건가요? 만약 1)이 맞다면 A를 동맹국에 한번 출원한 이상 그 이후로 1년이 지나면 A에 대해서는 어느 나라의 출원을 기초로 하든간에 더이상 우선권 주장이 불가능하다는 의미인가요? 저작자 표시컨텐츠변경비영리 댓글1추천해요0스크랩0,19.07.18 10:57 첫댓글 안녕하세요? 네. 1번이 맞습니다. 우선권주장은 우선기간내에 하는 것이 맞고요. 열공하세요~, ,,19.07.17
특허법,조문,54조,54조 조약우주와 이중우선 질문드립니다?댓글수1,"조약우주의 이중우선 그러니까 A출원을 기초로한 조약우주출원 B와 B출원을 기초로한 조약우주출원 C가 있을때 A,B,C 출원 모두에 기재된 발명의 경우 C출원일을기준으로 등록요건을 판단하는게 맞나요? 55조 국내우주의 경우에는 조문에 명시되어 있반면 54조 국내우주의 경우 2004허 8749 의 판례에 의해 인정되는것 맞나요?","조약우선권주장의 경우 최선성이 없기 때문에 소급효가 인정되지 않는 것이고, 판례는 이를 확인한 것에 불과합니다. 열공하세요~", ,,19.07.23
특허법,조문,36조,[36조]선출원주의?댓글수1,"선출원주의는 판례가 광의의 동일성을 판단기준을하여 용이성의 범위까지도 동일성을 판단하는걸로 알고있습니다. 선출원:(A/A,B)->후출원:(C/A,B)->선출원(A,B) 공개 (C는 A로부터 용이함) 1.위와같은 상황이라면 후출원은 확선과 선출원을 고려해야하는데 그럼 실질적으로 판단할 때 선출원에 의하여 후출원은 거절결정되는건가요? 2.일반적으로 선출원은 실질적동일성까지만 판단하고 용이성에 대한 조건이 있을때만 광의의동일성 범위까지 해석하면 되는건가요?",1. 판례에 의하면 이 것도 동일하다고 하여 거절됩니다. 2. 참 애매합니다. 판례에 의한 문제인지 아니면 법조문 그대로 해석의 문제인지를 상대적으로 파악해 볼 수밖에 없을 것 같습니다. 열공하세요~, ,,19.07.26
특허법,조문,47조,"[47조, 51조] 보정각하되어야 할 보정을 간과한 후 그 단계에서 발견한 경우 조치?댓글수1?사진첨부","변리사님 안녕하세요. 제 질문을 그림으로 한 번 그려보았습니다.. 원래 그 단계에서 보정각하 되어야 할 보정이 간과된 후, 이후 단계에서 발견된 경우에는 최후거절이유통지를 한다. -> 반대로 이해하면, 그 단계(심사4)에서 발견한 경우에는 보정각하(보정2)를 할 수 있다고 보면 될까요? (거절이유3을 해소하지 못해 어차피 거절결정되겠지만, 이 경우 보정3은 어떻게 취급될까요..?) 혹은 심사3을 신뢰한 출원인을 보호하기 위해 거절이유통지를 하는 것인가요? 감사합니다. http://m.cafe.daum.net/ezpatent/7ZEN/2380?searchView=Y 해결되었습니다..! +우선권주장 강의 중에 새로 추가된 발명을 뉴매터(?)라고 말씀하신 적이 있는데 정확히 부르는 명칭이 무엇인가요?",new matter = 새로운 것 입니다~, ,,19.07.26
특허법,조문,52조,[52조] 분할출원을 기초로 한 분할출원의 출원인?댓글수1,"분할출원을 기초로 한 분할출원(손자출원)을 할 때 父출원까지 소급효가 인정되려면 손자출원 당시 분할출원인이 父출원의 출원인과 동일해야 하나요? (분할출원의 요건 중 시기적 요건은 子출원과만 비교하고, 객체적 요건은 父출원과도 만족해야 하는데, 주체적 요건도 父출원과 비교하여 만족해야하는지 궁금합니다.)",주체적 요건은 子출원과의 관계에서만 만족하면 됩니다. 열공하세요~ 답글기능 더보기, ,,19.07.30
특허법,조문,41조,[51조 1항 단서] 재심사보정각하?댓글수1,"51조1항3호에서 재심사청구전 그 청구전에 한 ""보정""은 보정각하하지아니한다 해석에있어서 부적법한 a보정이 재심사청구 ""후 "" 발견된경우 때에 (즉 그전엔 발견하지못해서 각하하지않고 보정인정) 일반심사 최후거절이유통지에 따른 a보정(47조2호시기)을 발견하면 최후OA를 하잖아요? 그 보정이 적법함을 믿고 보정한 출원인을 보호하기위해서요 Q1.재심사 청구했을경우 그 재심사 청구전의 47조2호의시기에 보정이 같은조 2항 3항을 위반하거나 새로운거절이유 발생한 보정 이라면 2가지로 해석이되는데요. (1)최후OA - a보정 - 보정각하 거절결정 - 재심사청구(b보정과함께) - a보정이 각하되고 b보정만 된상태니 최후OA의 거절이유에 대한 해소가 안되었을 것임 - 거절결정 단, b보정이 최후OA를 극복하지못했지만 적법할경우라는 가정 (2)최후OA - a보정 - 거절결정 - 재심사청구(b보정과함께) - a보정에따른 새로운거절이유발견 - 보정각하x 최후OA한다 으로 해석하는건가요? Q2. 즉,51조 각호가 전부 보정각하해야하는데 하지않고있다가 각호의 경우에 발견한 케이스로 조문을 해석해야하는건가요??",1. 네 2. 네. 법 제51조제1항본문의 보정각하되는 사유의 예외로서 각호를 살피면 됩니다. 열공하세요~, ,,19.08.02
특허법,조문,29조,[29조 1항 1호] 의약품 공연 실시?댓글수2,"변리사님 안녕하세요. 강의노트 3판 364면, 2015년도 기출문제 중 하나 입니다. 갑은 두통약 A의 제조방법을 비밀로 관리하면서 A를 제조·판매하고 있다. 乙이 甲의 제조방법과 동일한 제조방법 및 그 제조방법에 의하여 생산되는 A를 우리나라에 특허출원을 하였다(甲의 제조방법은 공지되지 않은 것으로 보며, 설문에 주어진 상황 외에는 고려하지 않는다). ② ""甲의 제조방법과 동일한 방법으로 생산된 두통약 A가 이미 판매되고 있다고 하더라도, 그 제조방법이 공지되지 아니하였으므로 乙의 두통약 A는 신규성이 부정되지 않는다."" 그리고 특허법원 2018. 1. 11. 선고 2017나1247 판결은, ""화학물질이나 의약품 등의 경우에는 통상의 기술자가 특허발명의 출원일 또는 우선권 주장일 전에 사용할 수 있었던 분석방법을 통해 과도한 노력을 기울이지 않고 그 조성이나 성분을 알 수 없었다면 비록 공연히 판매되었더라도 불특정다수인이 인식할 수 있는 상태였다고 볼 수 없다. 불특정다수인이 발명의 내용을 인식할 수 있는 상태에 놓인 점에 대해서는 이를 등록무효사유로 주장하는 자가 증명하여야 한다. 이러한 증명은 판매된 제품의 모든 성분이나 조성을 정확히 재현하는 정도에 이를 필요는 없으나 적어도 그로부터 특허발명과 대비되는 선행발명의 구성요소를 확인할 수 있을 정도여야 한다.""라고 말하고 있습니다. 15년도 기출에서는, 판매가 2조 3호의 실시에 해당하므로 공연히 실시된 것으로 처리하였습니다. <질문> 2020년을 기준으로 이러한 지문을 보면, 2018년도 판례에 의하여, 원칙적으로 신규성이 인정되는 것으로 보는 것이 옳을까요? (왜냐하면, 공연실시에 해당하는지 여부; 과도한 노력을 기울이지 않고 조성이나 성분을 알 수 있는지 여부가 주어지지 않았기 때문입니다.) 제가 부족하여서 질문을 많이 드려 죄송합니다..","안녕하세요? 객관식 문제는 상대적으로 풀어야 하고, 5지 선다를 살펴보면 과도한 노력을 기울이지 않고 알 수 있음을 전제로 하고 있습니다. 열공하세요", ,,19.08.09
특허법,조문,36조,[36조] 구성 변경이 있는 동일자 출원?댓글수1,"변리사님 안녕하세요. 예를 들어, X출원은 A+B1으로 이루어진 발명입니다. Y출원은 A+B2로 이루어진 발명입니다. B1과 B2는 상호 간에 용이합니다. 일부 구성의 변경이 있는 출원이 동일자 출원인 경우(위 경우)도 실무에서 등록을 긍정해주나요? 그렇지 않다면 협의제에 의하나요? (이지특허법 18판 219~220면을 참고하면, 실무는 선후가 바뀌었을 때 두 출원 모두 등록이 가능한 경우 동일자 출원에서 동일성이 부정되는 것으로 본다고 소개되어있습니다. 하지만 상호 간에 구성 변경이 용이성 범위 내라면 선후가 바뀔 때 두 출원 모두가 등록되는 경우가 없어 실무에서 말하는 예시에 해당하지 않는 것 같아 여쭤보게 되었습니다..) 감사합니다.",글 안녕하세요? 둘 다 등록을 해 주는 것이 맞습니다. 열공하세요~, ,,19.08.09
특허법,조문,52조,[52조] 분할출원의 효과?댓글수1,안녕하세요? 분할출원 우선권 주장 취지기재 등의 예외관련 각주 판례에 궁금한게 있어 질문드립니다. 이지특허 p435쪽 각주 63번에 있는 2017후2819전원합의체판례입니다. 해당 사안에서 이 사건 특허발명(14.4.25)과 자출원(12.3.16)에 우선권 주장의 취지 및 이사건 선출원의 표시가 기재되어 있지 아니한 사실이 인정되어 모출원 국제출원일(12년1월20일)을 기준으로 확선 및 진보성을 판단한다고 판시하고 있습니다. 분할출원 기간특례는 우선권 주장 취지기재 기간이고 우선권 적법요건인 1년 이내 특허출원은 소급효가 인정 되고 이사건 특허발명은 모출원의 손자출원으로 보아 모출원의 출원일로 소급했으나 자출원이 우선권 취지 기재등을 하지 않아 모출원의 판단시점 소급효를 받지 못한것으로 이해했습니다. 그러면 이사건 특허발명과 자출원에 우선권 주장 취지 등이 기재되어 있었다면 이사건 특허발명의 확선 및 진보성판단은 이사건 선출원일(11년8월29일)을 기준으로 할 수 있는건가요? 답변부탁드립니다. 감사합니다.,안녕하세요? 네. 판단시점 소급효가 인정됩니다. 열공하세요~, ,,19.08.19
특허법,조문,55조,"[55조] [56조] 선출원의 취하, 확대된 선출원의 지위?댓글수1?사진첨부","1. 우선권주장에서 선출원(X)이 출원 공개되기 전에 우선권주장이 있고, 이로 인해 선출원이 취하되었을 때에는 선출원의 지위를 잃고, 더 나아가 Y공개부터 216조에 의한 공지기술지위를 가진다고 배웠고, 확대된 선출원의 지위는 없다고 하셨는데, 선출원과 우선권주장출원 사이에 선출원의 공개(1년 6개월 후 공개가 아닌, 조기공개신청에 의한)가 있는 경우에는 선출원의 출원일 다음날과 출원공개사이에 X출원의 확대된 선출원의 지위가 있는지 궁금합니다. 2. 56조 1항 2호에서 선출원의 취하간주 예외에서 선출원 특허 결정인 경우가 있는데, 선출원 요건에 의해서 이 경우 선출원 특허결정은 우선권 주장 이후에 있어야 하는데, 이 경우에는 X출원이 취하되지 않으면서 Y출원이 심사단계를 거쳐야 되는 것이여서, 그 취지가 달성되지 않는 것으로 이해 되어서 이 같은 상황이 제가 제대로 해석된 건지 몰라서 질문드립니다. 설명이 길어서 죄송합니다...","1. 네. 확선의 지위가 인정됩니다. 2. 협의제 의하여, 우선권주장출원에 기재된 발명 중 선출원과 동일한 발명을 삭제하거나, 의사에 의한 선출원의 취하, 포기를 유도하면 됩니다. 열공하세요~ 답글기능 더보기", ,,19.08.24
특허법,조문,34조,"[34조, 35조, 42조의3] 무권리자출원일부터 1년 2개월 이후 특허출원된 정당한권리자출원이 외국어특허출원인 경우?댓글수1","변리사님 안녕하세요. 질문1) 정당한 권리자의 출원이 34조·35조에 해당하는 경우, i) 정당한 권리자의 특허출원이 무권리자출원일부터 1년 2개월 이후 출원된 것이고 ii) 정당한 권리자의 특허출원이 외국어특허출원인 경우에는 iii) 제42조의3 제2항에 따라 번역문을 제출할 수 있는 기간이 지났으나 i) 출원일 소급효 예외에 해당하지 않고 ii) 번역문제출기간의 특례도 규정하고 있지 않아서 결국 번역문을 제출할 수 없는 것 같습니다. iv) 그리고 출원서의 반려사유로 규정하고 있지도 않아서, 방식심사에서 접수한 후 제42조의3 제4항에 따라 출원은 즉시 취하간주될 것 같습니다.. 옳은가요..? 혹은 방식위반으로 출원을 무효로 하나요? 질문2-1) 외국어로 작성된 원문의 명세서도 발명의 설명과 청구범위를 각각 기재하여 제출하나요? 질문2-2) 질문1과 2-1에서, 원문은 발명의 설명만 기재하는 것이라면, ""특허법 시행규칙 11조 5호의2; 청구범위를 기재하지 아니한 명세서를 특허출원서에 첨부하여 특허출원한 정당한 권리자의 출원으로서 그 특허출원 당시에 이미 특허법 제42조의2제2항에 따른 명세서의 보정기간이 경과된 경우""로 보아 반려하는 것 일까요? 감사합니다.","안녕하세요? 1. 불수리사유로 규정하는 것이 맞으나, 빠져 있습니다. 입법불비입니다. 2-1. 네. 서식에 맞춰 작성해야 합니다. 2-2. 1에서 말씀드린 것과 같이 입법불비입니다. 열공하세요~", ,,19.08.26
특허법,조문,52조,[52조]분할출원 출원일의 소급효?댓글수1?사진첨부," 안녕하세요 임변리사님! 이지특허법을 읽는도중 궁금점이 생겨서 질문드립니다! 분할출원에서 확선일 경우 출원일이 소급되지않고 해당 분할출원을 한때에 출원한것으로 본다라고 배웠는데요! 그 구체적인 이유에서 이해가 가지않습니다ㅜ 첨부한 사진에서 밑줄친부분에 ""원출원의 최명도에는 포함되어있지아니하지만 분할출원에 포함된~"" 이부분이 이해가 가지않습니다. 분할출원의 명도에는 원출원의 최명도의 범위 이내라고 알고있는데 밑줄친부분은 원출원의 최명도에는 포함하지않지만 분할출원에 포함되어있는 이라고 되어있어서 헷갈립니다.","안녕하세요? 1. 원출원(A,B) 2. 제3자 출원(C) 3. 분할출원(B,C) 4. 분할출원의 보정(B) 인 경우 소급효가 인정되면, 최명도(B,C)를 기준으로 확선을 적용하기 때문에 제3자 출원이 거절되게 됩니다. 열공하세요~", ,,19.08.26
특허법,조문,45조,45조 하나의 특허출원의 범위?댓글수1,"안녕하세요~ 인용하는 항이 독립항인 경우에는 형태적으로 종속항처럼 생겼어도 단일성 판단 할때 다른 독립항들과의 기술적상호관련성,공통된 기술적특징 여부 판단해주는게 맞나요?",안녕하세요? 네. 판단을 해 주어야 합니다. 열공하세요~, ,,19.08.30
특허법,조문,55조,55조 3항 조문질문?댓글수1,"안녕하세요~ 55조 3항: 그출원의 지위 관점(선출원,확선, 등등) 55조 4항: 다른 출원의 지위 관점(확선) 1. 다른 출원의 지위 관점에서 선출원은 왜 없는거죠? 2. 그 출원의 지위와 다른 출원의 지위가 너무 헷갈리는거 같아서 그런데요... 55조 3항이 그 출원의 지위이지만 다른 출원의 지위도 갖는것으로 보아 다른출원으로서의 선출원 지위도 소급하는건가요? 너무 질문 많이 하는거같아서 죄송합니다 ㅜ 조문정리 인강으로 듣고 있는데 확실히 조문정리를 확실히 해야될 필요성을 다시한번 느꼈습니다. 감사합니다!","글 안녕하세요? 1.2. 법 제55조 제4항은 그출원과 다른출원의 지위 관점에서 선출원, 그출원의 지위 관점에서 확선을, 법 제55조제4항은 다른출원의 지위 관점에서 확선을 기술하고 있는 것입니다. 산업재산권법은 조문이 처음이고 끝입니다. 끝까지 마무리 잘 하세요~", ,,19.09.03
특허법,조문,36조,[36조]선출원 질문드립니다.?댓글수1,"36조 선출에 대해 질문드립니다. 선출원 A가 있고 후출원 B가 있습니다. 근데 B에 대해 심사청구를 먼저하여 실체심사를 하는데 A의 청구범위와 실질적으로 동일한 발명이어서 선출원조항으로 거절결정으로 하였는데, 나중에 A를 실체심사하면서 A에 다른 거절이유가 있어 출원이 취하된 경우, B의 출원에 대해서는 어떻게 되나요? A출원이 취하됐으므로 선출원의 지위가 없어지는 것 아닌가요? (A가 공개되기전에 취하가 돼서 확선의 지위가 없는 상황입니다.)","A출원이 공개되지 않았다면, 심사관이 비밀유지의무가 있기 때문에 A출원이 공개될 때까지 심사를 보류하다가 B출원에 대한 실체심사를 진행합니다. 열공하세요~", ,,19.09.05
특허법,조문,33도,33조 1항 모인대상출원?댓글수1,"안녕하세요 변리사님 33조 무권리자 출원에 대해 공부하던 중 헷갈리는 부분이 있어 질문드립니다. 찰떡초코파이case에서 기존 삼진식품의 기술이 A, 청우식품(모인자)에서 새로 출시한 기술이 A+a1 이라고 할때 1.모인자의 출원이 기술적사상의 창작에 실질적으로 기여한것이 없다는것이 만약 a1이 비용이성이 밝혀져도 A의 발명에 청우식품이 기여한것이 없다는 것만으로 무권리자출원에 의한 무효가되는것인가요? 2.이 경우는 삼진식품이 A기술을 출원을 하지않은 상태인것인가요? 만약 출원 후 공개되었다면 위의 판례는 용이성이 없는것만으로 29조2항에 의해 진보성위반으로 거절결정할 수 있는 문제인데, 33조1항위반으로 거절결정하는 이유는 단지 거절이유 두가지 중 하나를 선택한것인 가요? 감사합니다. 저작자 표시컨텐츠변경비영리","안녕하세요? 1. a1이 비용이하다면 기술적 사상의 창작에 기여한 것이고, 그렇다면 무권리자가 아닐 것입니다. 2. 출원했더라도 공개전 청우식품이 출원했다면 진보성 위반이 아닙니다. 열공하세요~", ,,19.09.06
특허법,조문,36조,36조 특허의 무효와 포기 질문?댓글수1,안녕하세요~ '특허권을 포기함으로써 경합출원의 하자가 치유되지 않는다'의 근거로써 포기는 등록만으로 이루어져 대외적은 공시방법으로는 충분하지 않다는게 이해가 잘 안되네요.. 등록하면 공시된걸로 보는거 아닌가요?,글 찾아보지 않으면 포기했다는 것을 알 수 없다는 의미입니다. 열공하세요~, ,,19.09.17
특허법,조문,29조,29조 신규성 판단 질문 드립니다?댓글수2,체결구랑 리벳트가 어떤건가요?? 둘중에 뭐가 상위인지는 알아야 풀수있을것같아요 ㅠㅠ,19.09.21 00:02 첫댓글 체결하는 기구(=체결구)가 더 상위개념입니다. 제목을 수정해 주세요. 질문규칙에 맞지 않습니다., ,,19.09.18
특허법,조문,42조의3,[42조의3] 외국어특허출원의 오역 정정에 대해 질문드립니다.?댓글수1,국어번역문에 오역이 있더라도 그 오역이 국어번역문에 직접적으로 표현하는 기재는 없으니 기재되어 있다고 자명하게 이해할 수 있는 사항은 오역정정할 필요가 없다고 하셨는데 기재가 없어도 그런의미로 해석될수있으면 오역정정해야하지 않나요?,"번역문에 기재된 내용이 오역이 아닌 것으로 여겨지는 경우는, 굳이 오역정정을 할 필요가 없다는 것입니다. 열공하세요~", ,,19.09.20
특허법,조문,29조,[29조 1항 각호] 신규성 판단 방법에서 실질적 동일성이 있는 경우?댓글수1,"변리사님 안녕하세요? 판단 방법으로서 '주지관용기술의 부가, 삭제, 변경으로 새로운 효과 발생이 없는 경우'는, 구성이 변경된 경우에 적용되는 것으로 이해하고 있습니다. 질문1) 주지관용기술도 신규성 판단시 인용대상으로서 공지기술인가요? 신규성 판단은 하나의 공지기술과 대비하는 것인데, 주지관용기술도 인용대상인 공지기술로 본다면 위 판단 방법이 인용대상의 수에 있어서 예외적인 것 같아 질문 드립니다. 질문2) 위 판단 방법을 i) 결합발명과 ii) 선택발명(출원발명이 하위개념발명)의 경우에도 그대로 적용할 수 있나요? (일반적으로 동일성이 없어 신규성이 있지만) 즉 i) 출원발명인 결합발명이; 공지기술의 구성에 주지관용기술을 부가한 경우에도 실질적 동일성이 있는 것으로 볼 수 있을까요? 또한 ii) 출원발명인 하위개념발명으로서 선택발명이; 공지기술의 구성 중 상위개념을 하위개념으로 변경한 것이 주지관용기술인 경우에도 실질적 동일성이 있는 것으로 볼 수 있을까요? 주지관용기술의 부가와 변경에서 결합발명과 선택발명이 연상되어 질문 드립니다. 매번 감사합니다.",안녕하세요? 1. 인용대상이 하나인 것과 그 인용대상과 발명을 비교하여 동일성을 판단하는 것은 별개의 문제입니다. 2. 네. 그렇습니다. 열공하세요~, ,,19.10.02
특허법,조문,55조,[55조]국내우주 우선권주장 가능시기?댓글수3,안녕하세요 임병웅 변리사님 55조 국내우선권주장출원의 우선권 주장 가능 시기에서 특허여부결정이 되면 우선권 주장을 할 수 없다는 것으로 알고있습니다. 공부 중에 강사님의 서브 책 p236에서 특허여부에 대한 내용에 있어서 질문 드립니다. 1. 출원인이 '특허결정등본을 송달 받은 날부터 30일 경과 후'에 '거절결정의 확정'이 생기는 것이 맞는지요? 2. '특허결정의 확정'은 출원인이 '특허결정등본을 송달 받은 날'인가요 아니면 특허청에서 '특허결정등본을 송달 한 날'인가요? 조문에서 송달한 날~ 송달 받은 날~ 섞여서 나와서 헷갈리네요,19.10.07 23:04 첫댓글 안녕하세요? 1. 거절결정등본송달일로부터 30일이 경과해야 합니다. 2. 송달받은 날입니다. 열공하세요~, ,,19.10.04
특허법,판례,36조,[36조] 선출원의 동일성 판단방법의 판례에 대한 질문입니다.?댓글수1?사진첨부,"이지 특허판례를 보던중에 선출원의 동일성 판단기준은 첨부한 사진에 나와있듯이 ""통상기술자의 보통 채용정도의 변경 지나지 아니하고 효과에 특별한 차이를 일으키지 않는경우 실질적 동일하다."" 는 판례(2007후2827)와 ""주지관용기술 부가 삭제 변경 지나지 아니한 경우 실질적 동일하다"" 는 판례(2017허1021)가 있는데요 이 두 판례는 서로 실질적 동일성의 범위는 상이한데 1. 1차 지문으로 나올경우 어떤 판례로 지문이 나오더라도 정답인 것인지 2. 2차 논점을 기술할때 어떤 판례를 판단으로 답안지를 작성해야 하는지, 차이가 있다면 어떤 사안에 위와 아래 판례를 구분하여 적용하는지 궁금합니다.","첫댓글 대법원이 항상 우선합니다. 즉, 주된 기술은 대법원, 참고사항으로 대법원 판결을 비판하면서 특허법원 판결을 기술하면 됩니다. 열공하세요~", ,,19.10.05
특허법,조문,32조,[32조] 불특허발명의 판단시점?댓글수1,2018년 특허법 기본강의에서는 불특허발명의 판단시점이 판례에 따라 '특허출원시'라고 하셨는데 2019년 특허법 기본강의를 보니 판례 언급은 안해주시고 교재 그대로 '특허여부결정 시'라고 하셨습니다. 혹시 최신 판례에 따라 판단시기가 특허여부결정시로 바뀐건가요?,"특허여부결정시가 다수의 견해이고, 최근 판결이 사안의 사실관계해결과 상관없이 출원시라고 표현하고 있습니다. 열공하세요~", ,,19.10.06
특허법,문제,47조,"47,51조 기출문제 질문드립니다.?댓글수1","안녕하세요 변리사님 기출문제를 풀던 도중 이해가 잘 가지않아 질문드립니다. 필기노트205p 17년도 기출문제 2번선지에서 (2)기재불비를 이유로 최초거절이유통지(a)를 받아 기재불비를 해소하는 보정을 한 출원에 대하여 심사관이 보정의 결정과에 의하여 발생한 거절이유가 아닌 발명의 진보성 결여를 이유로 거절이유를 통지하는 경우에는 다시 최초거절이유(b)로 통지한다. 위 선지는 맞는 선지 인데 만약 강의노트 p181 그림처럼 위의 최초거절이유통지(a) 가 맨처음 보정시기의 최초OA가 아닌 최후 OA이후에 발견된 원시적 거절이유에 의한 최초OA인 경우 ,진보성결여를 이유로 하는 거절통지(b)는 게속된 보정 절차 중 47조 1항 1호에 생긴 거절이유로서 최초OA가 아닌 최후OA로 통지될 수 도 있는것 아닌가요?? 만약 두가지 모두 가능하다면 이런상황에서는 다른 선지와 비교해서 가장 틀린것을 고르는 수 밖에 없을까요?","네. 말씀하신 내용을 전제로 그런 상황이 발생할 수도 있으나, 그렇다면 문제에서 전제를 분명하게 주었을 것입니다. 객관식은 항상 상대적으로 풀이하는 것입니다~ 열공하세요~", ,,19.10.15
특허법,조문,56조,[56조] 국내우주 취하간주의 예외중 선출원의 특허여부결정?댓글수1,"안녕하세요 56조1항2호 특허여부 결정에 관한 질문입니다. 아래는 조문의 일부 인데요 ""그 선출원이 다음 각 호의 어느 하나에 해당하는 경우에는 그러하지 아니하다. 1. 포기, 무효 또는 취하된 경우 2. 특허 여부의 결정, 실용신안등록 여부의 결정 또는 거절한다는 취지의 심결이 확정된 경우 3. 해당 선출원을 기초로 한 우선권 주장이 취하된 경우"" 56조1항 2호의 특허여부결정 이 된경우가 취하간주의 예외로 규정하고 있습니다. 선출원의 특허여부 결정후의 경우 55조에서 국내우주 요건으로 특허여부 결정된 선출원의 경우에는 국내우주를 주장할수 없고 선출원의 특허여부 결정전의 경우 국내우주 주장을 한다면 심사보류를 통해 심사가 진행되지 않아 특허여부 결정이 될수 없는것으로 알고있습니다. 그렇다면 56조1항의 2호에 규정된 선출원이 등록여부 결정이 되어 취하간주 되지 않은것으로 보는 경우는 어떤경우인건지 예시가 생각나지 않아 질문드립니다. 즉 56조1항2호의 선출원의 특허여부 결정으로 취하 간주되지 않는 케이스는 어떤게 있는건가요? 추가적으로 특허여부 결정후 취하간주 되지 않는경우가 있다면 등록되는 경우도 있는건지 궁금합니다 댓글1추천해요0","안녕하세요? 1. 후출원 당시 선출원에 대한 심사가 이미 진행되고 있다면, 선출원에 대한 심사를 보류할 수 없고, 그 결과 선출원의 특허여부결정이 이뤄질 수 있습니다. 2. 등록될 수도 있고, 이 경우 협의제에 의합니다. 열공하세요~", ,,19.10.16
특허법,조문,55조,[55조] 이중우선권주장?댓글수1,"노트 238페이지의 사례입니다 X(A/A) : 외국출원 Y(AB/AB) : 국내출원, X기초 우선권주장 Z(ABC/ABC) : 국내출원, Y기초 우선권주장 위와 같은 사례입니다. 이러한 경우 A는 이중우선권주장으로 판단기준일이 Z시점, B는 유효한 우선권주장으로 판단기준일이 Y시점으로 소급, C는 판단기준일이 Z시점임을 알고 있습니다. Q1. 만약 Z출원이 없다면 A의 판단기준일이 X로 소급되나요? Q2. 만약 Z출원이 (BC/BC) 였다면 마찬가지로 A의 판단기준일이 X로 소급되나요? Q3. 그렇다면 위와 같은 상황에서 출원자의 발명 A는 능히 X시점에 판단받을 수 있었으나(Y출원시 유효한 우선권주장 하였으므로) Z출원의 추가로 인해 그러지 못하게 되는 결과가 된 것 같습니다. 이는 언뜻 보기에 이상한 결과 같아서 55조 5항의 존재취지가 잘 와닿지 않습니다. 55조 5항이 필요한 이유를 좀 더 자세히 설명해주시면 감사하겠습니다","1. Z출원을 기준으로 판단하는 것인지 Y출원을 기준으로 판단하는 것인지 질문이 명확하지 않습니다. Y출원은 국내우주의 선출원으로서 취하간주됩니다. 만약 Z출원이 없다면 Y출원의 A는 X출원일로 판단시점이 소급되고요. 2. Y출원은 취하간주됩니다. 3. 위 케이스에서 X, Y는 모두 국내우주의 선출원으로 취하간주됩니다. 열공하세요~ 답글기능 더보기", ,,19.10.17
특허법,조문,29조,[29조] 발명자가 동일한 확선?댓글수1?사진첨부,"을은 A를 발명하지않아서 발명자가 아닙니다. 그러나 발명을 양수하긴 했습니다. 이때 병출원 X에대해 을출원Y 등록가능성을 보면 1. 선출원판단시 -> 청구범위 A는 병이 무권리자여서 선출원지위x 고로 문제없음 2. 확선판단시 -> 병출원 최명도A 는 을출원 뒤에 병출원 공개가 있으므로 확선존재. 그럼 을은 출원인이동일하거나 발명인이 동일해야함 1) 출원인 병과 을 다름 2) 병출원 A발명은 갑. 을출원 발명도 갑 2)에 의해 확선치유 인거같은데요 질문 Q1. A를 양수한건 무권리자에서 권리자가 되기위함인데 권리자만 된다면 내가발명한게 아니여도 ""발명인이 동일하다"" 이 조건을 만족할수있는건가요? 출원인이 발명하지않아도 괜찮은건가요? Q1-2) 발명의 설명에는 자기가 발명하거나 승계하지않은게 있어도 상관없죠? Q2. *청구범위/발명의설명, 갑이 ABC발명한 상황 갑이 A/ABC 라는 X출원 후에 을로 출원인이 변경되었고 그 후에 갑이 C/C Y 출원을 했다. 그 뒤 X가 공개됨 이때 갑의 Y출원은 을과비교할땐 출원인이달라 확선으로 거부되지만 자기가 발명인이 동일해서 하자없이 등록되는거로 보여지는데요 발명인 동일, 출원인 동일 중 어떤 하나는 거절이유고 하나는 만족할시 하나라도 만족하면 등록되는건가요? Q3. 책을보다보면 최초로 첨부한 발명의설명 또는 도면. 이란표현과 최초로 첨부한 명세서 또는 도면 이란 표현 두가지가 나옵니다. 지금까지 아무생각없이 같은거로 봐왔는데 차이가 있는건가요?",1. 네 2. 네 3. 명세서 = 발명의 설명 + 청구범위 입니다. 열공하세요~, ,,19.10.23
특허법,조문,44조,"[44조,34조]공유자중 1인단독출원 관련질문입니다?댓글수1","안녕하세요 변리사님 질문드립니다~! 공유자 중 일방이 단독으로 출원한경우, 44흠 해소하기위한조치로, ""타방의 지분범위 내에서는 일방의 출원을 무권리자 출원으로 볼 여지도 있는바, 정당권리자의 출원 등의 조치를 고려할 수있다(이음특허법)"" 34조나 35조가 적용되려면, 33조1항본문에 해당해야하는데, 공유자중 일방이 단독으로 출원한경우는 33조 1항 본문이 아닌 44조에의해 거절되거나, 등록후 무효되는 경우에 해당하므로 위와같은경우 정당권리자 출원등의 조치는 취할 수 없다 생각되는데 제가 잘못이해하고 있는것인가요..? 답변부탁드립니다!","안녕하세요? 기존에 그런 논의가 있었으나, 법 제33조 제1항과 제44조는 구분되는 개념으로서, 그렇게 보지 않은 것이 다수적인 견해입니다. 따라서 이해하고 있는 내용이 맞습니다. 열공하세요~", ,,19.10.24
특허법,문제,33조,[33조 1항 본문] 질문입니다.?댓글수1,"안녕하세요? 중급강의 2차문제 풀이하시던 부분에서 질문사항이 있어서 문의드립니다. 2016년 4번 (3) 설문입니다. 갑이 정에게 X발명 특허권을 양도, Y발명 특받권 양도 후 각각의 양도가 무효, 취소된 경우 갑의 정에 대한 조치는? => X발명, Y발명 모두 99조의2 이전청구 또는 133조 1항 2호 무효심판 후 35조 출원해야한다고 하셨습니다. 질문) X발명은 이미 특허를 받아 특허권이 된 상태인데, 특받권의 양도가 아닌 특허권의 양도시에도 133조 1항 2호가 문제되나요? 정당권리자 여부는 무효심판에서 결정시를 기준으로 판단하나요? 아니면 심결시를 기준으로 판단하나요? 감사합니다.",안녕하세요? 죄송하게도 질문규칙에 맞지 않습니다. 2016년 4 (3) 설문에 대해 사진을 찍어서 다시 올려 주세요., ,,19.10.25
특허법,문제,29조,[29조] 신규성 판단?댓글수1,"이지객관식 특허법 144페이지 14년 기출변형 문제 2번지문 질문입니다. 문 > 특허법 29조의 시규성에 관한 설명으로 옳지 않은것은? 2번 > 심사의 대상이 되는 출원의 명세서 중에 종래기술로 기재된 발명의 경우, 출원전에 공지되었음을 인정하고 청구항에 기재된 발명의 신규성을 판단 할 수있다. 2번 지문의 해설에 2013후37 판례의 내용의 결론이 결국 공지된것으로 추정한다는 뜻인것같은데 2번에서 틀린부분이 무엇이고 옳게바꾸려면 어찌해야하나요?","안녕하세요? ""종래기술로 기재된 발명이라고 하여 공지기술로 볼 수 없다. 다만, 출원인이 자인한 경우에는 공지된 것으로 사실상 추정하고 심사를 진행한다."" 열공하세요", ,,19.10.25
특허법,조문,52조,[52조] 분할출원의 확대된 선출원?댓글수1,"안녕하세요 변리사님. 분할출원 출원일소급효 예외로 52조 2항 1호 확대된 선출원에 관한 규정에서의 다른 출원에 해당하는 경우에는 출원일 소급효가 인정되지 않는데요. 그 취지가 원출원의 최명도에는 포함되어 있지않지만, 분할출원의 명세서 또는 도면에 포함된 발명으로 제3자 출원을 거절시키는 것이 부당하기 때문이라고 하는데요. 분할출원의 경우 발명 중 일부라도 원출원 최명도에 기재된 사항이 아니면 거절이유에 해당되는데, 상기 확선의 지위 소급효 예외의 취지의 내용을 어떻게 이해해야할지 모르겠습니다... 원출원이 출원공개 후, 원출원의 청구범위에 있는 내용이 분할출원이 진행될 시 삭제보정이 되더라도 원출원의 삭제보정된 내용의 확선의 지위는 남아있지 않나요? 그렇다면 원출원과 분할출원 사이의 제3자의 출원은 당연 취소 될터인데 굳이 분할출원의 확선의 지위를 소급효 예외를 해야하는지 이해가 가지 않습니다. 혹여 원출원의 발명의 설명에 있는 내용이 분할출원된 경우를 가정해보아도 명확하게 어떤 상황인지 이해가 가지를 않네요... 특허법 회독을 거듭하여도 계속 이 부분에 의문이 남아 질문드립니다.",안녕하세요? 원출원(AB)-제3자출원(C)-분할출원(BC)-분할출원의 보정(B)인 경우를 가정해 보면 됩니다. 그림은 강의노트에 있으니 참고하시고요. 열공하세요~, ,,19.10.27
특허법,문제,42조,[42조] 명세서의 기재방법 기출문제?댓글수1,"이지특허법객관식문제집 287p의 문제와 2번 지문(16년 기출문제) 문>청구범위 해석의 원칙에 관한 설명으로 옳지 않은것은? 지문>특허요건 판단의 대상이 되는 출원발명의 확정은 특별한 사정이 없는 한 청구범위에 기재된 사항에 의하여야 하지만, 청구범위가 통상적인 구조, 방법, 물질 등이 아니라 기능, 효과, 성질 등의 이른바 기능적 표현으로 기재된 경우에는 발명의 설명이나 도면 등 다른 기재에 의하여 청구범위를 제한하여 해석할 수 있다. 이 지문은 틀린지문인데 이지 특허법 358p 2) 문단 권리범위를 판단할 때 기능식 청구항 그 자체만으로 특허발명의 기술내용을 구체적으로 확정할 수 없는 경우에 해당하므로, 발명의 설명에 의하여 제한 해석되어야 한다. 위 문단에 따르면 맞는 지문 아닌가요?","권리범위 판단과 특허요건 판단은 별개의 문제이고, 청구범위 해석방법에 차이가 있습니다. 열공하세요~", ,,19.10.27
특허법,문제,34조,[34조] 정당한 권리자 출원?댓글수1?사진첨부,안녕하세요 임병웅변리사님 2번에 7/1 까지라고 되어있는데 5/1 5/2(기산일) 5/31까지 거불심청구가능 6/1(거절결정확정일 0시부터 기산) 6/30 (7/1전일 만료) 이므로 6/30까지가 맞는거 아닌가요?,"문제에서, 6월 30일이 일요일이네요. 열공하세요~ 답글기능 더보기", ,,19.10.30
특허법,문제,35조,[35조] 무효심결 확정된 날부터 30일 기산?댓글수1,객관식 문제집 67번의 4번 보기문항 질문입니다. 2023/05/28에 무효심결이 확정되었을 때 정당권리자가 출원일을 소급받기 위한 30일 기산을 하면 29일 0시부터 기산하여 30일째가 6/27일 24시 아닌가요? 30일을 경과하지 않아야 하므로 정당권리자는 2023년 6월 27일까지 출원하면 되지 않나요?,"초일(28)-기산일(28)-자연적-만료일(26)이네요. 심결등본송달일로부터 30일이 지난 다음날 오전 0시에 확정되므로, 기산일은 28일입니다. 열공하세요~", ,,19.10.31
특허법,문제,,분할출원에서 미생물 기탁?댓글수1?사진첨부,"보통 출원 전에 미생물을 기탁한 뒤 서류나 취지표시에 하자가 있으면 절차상 무효로 보정명령을 받고 보정이 적법하면 무효가 되지 않고, 미생물이 기탁도 안되어 있을시에는 미완성 발명으로 하자를 치유할 수 없다고 알고 있습니다. 그런데 1번 지문에서처럼 분할출원에서는 원출원에 의해 미생물이 이미 기탁되어 있다고 하여도 서면이 제출되지 않으면 보정사유가 아니고 바로 미완성 발명이 되는 것인가요? 그리고 제가 전제로 기술한 내용이 맞나요?!","지문은 보정사유인데, 보정하지 않았다는 의미입니다. 그 때 기탁과 관련된 절차는 무효가 되고, 출원은 미완성발며이 됩니다. 제목이 질문규칙에 맞지 않으니 수정해 주세요~", ,,19.11.02
특허법,조문,54조,[54조] 조약우선권주장출원 관련 질문입니다.?댓글수2,1. 조약우주는 국가가 다름을 전제로 하는 것입니다. 말씀하신 내용은 국내우주가 됩니다. 2. 네. 맞습니다. 그 결과 등록되면 존속기간의 기산일을 소급효가 인정되지 않기 때문입니다. 열공하세요~,, ,,19.11.05
특허법,조문,36조,[36조]동일성판단?댓글수1?사진첨부,캡쳐63페이지에서는 선출원은 용이성까지이고 캡쳐 95페이지에서는 선출원 판단기준이 동일성이면 모순되는거 아닌가요?,"안녕하세요? 형식적으로는 동일성이라는 용어를 쓰면서, 실질적으로는 용이성까지 판단하는 것이 잘못되었다고 생각하고 있으면 됩니다. 열공하세요~", ,,19.11.06
특허법,조문,30조,[30조]공지예외적용주장 가능한 기간에 대한 질문?댓글수1,"안녕하세요 임병웅 변리사님! 30조 공지예외적용주장이 가능한 기간에 대해 궁금한 점이 있어 질문드립니다. 자기의 의사에 의해 공지된 경우에 특허결정이나 거절결정취소심결 등본 송달일로부터 3개월 이내에 공지예외적용주장을 하는 취지가 궁금합니다. 분할출원 역시 위와 같은 시기에 할 수 있다고 하는데, 분할출원은 권리 재설계라는 의의가 있다고 하지만 공지예외적용주장은 이미 특허결정을 받았는데 굳이 주장할 필요가 있나요? 감사합니다!",안녕하세요? 그대로 등록되면 특허무효사유나 취소사유에 해당할 수 있기 때문입니다. 열공하세요, ,,19.11.06
특허법,조문,29조,29조 신규성 공연실시 질문?댓글수1,안녕하세요~ 1. 물건이 공연실시되면 물건을 제조하는 방법 또한 공지된것으로 봐야하는거 아닌가요? 15년도 기출에서는 의약품의 공지와 제조방법의 공지를 별개의 것으로 취급하던데요.. 2. 물건의 주요부가 해체되어 통상의 기술자가 쉽게 반복하여 실시할수있는 정도의 '실시'에는 물건의 생사양대수청 다 포함되는건가요? 항상 감사드립니다,"안녕하세요? 1. 코카콜라가 공지되었으니, 코카골라제조방법도 공지된 것으로 보는지 생각해 보면 됩니다. 2. 실시는 항상 6개의 개념을 다 포함하는 개념이고, 다만 사안별로 강약이 있을 뿐입니다. 열공하세요~ 답글기능 더보기", ,,19.11.19
특허법,조문,52조,[52조 1항 각호] 분할출원 후 재심사청구를 한 경우 조치?댓글수1,"변리사님 안녕하세요. 재심사청구가 있기 전에는, 거절결정 불복심판 청구기간 이내의 기간에 분할출원이 가능한데요(52조 1항 2호). 분할출원을 한 이후에 재심사청구가 있으면 거절결정은 없던 것으로 보므로, 분할출원은 소급하여 시기적 요건을 위반한 것으로 되나요(반려사유)? 이때 이미 수리된 경우라면 그냥 심사를 진행하나요? 감사합니다.",안녕하세요? 적법한 분할출원으로 인정해 줍니다. 열공하세요~ 답글기능 더보기, ,,19.11.25
특허법,조문,47조,"[47조, 51조] 거절결정불복심판과 보정?댓글수1","안녕하세요 변리사님 강의 잘 듣고있습니다 특허거절결정불복심판 과정 중 보정에 관한 질문인데요. 수업시간에 직권재심사 단계로 넘어갔을때 또는 거절결정불복심판에서 인용심결을 받아 취소, 환송 됐을때는 아예 심사가 reset돼서 직권 재심사나 심판단계 전 발생한 거절이유에 대해선 최초거절이유통지를 한다고 말씀하셨습니다. 1. 심판단계에서 인용심결을 받아 환송 됐을때 심판 단계 전에 발생한 거절이유에 대해서 최초거절이유 통지한다는 것은, 환송됐을 때 하는 심사가 직권재심사에 준하기 때문에 그런건가요? 아니면 따로 법조문에 근거가 있는 건가요? 47조 1항 2호 괄호는 직권재심사만 있어서 질문드립니다. 나름 법조문을 찾아봤는데 잘 찾아지질 않네요... 2. 어찌됐건 환송됐을 때 그전 발생한 거절이유에 대해 최초거절이유 통지한다면, 심판단계에서는 심판관들의 재량에 의해 환송하거나 자판하는걸로 알고있는데 환송하면 최초통지, 자판하면 최후통지로 출원인에게 조금 불합리하다는 생각이 드네요. 제가 잘못 이해하고 있는 부분이 있는지 그냥 그대로 받아들이면 되는지 궁금합니다.","안녕하세요? 1. 근거조문이 직권재심사와 같이 명확하지는 않고 실무가 그렇습니다. 2. 자판한다는 것은 특허심결한다는 것이고, 또 다른 거절심결을 한다는 의미가 아닙니다. 열공하세요~", ,,19.11.30
특허법,조문,30조,[30조] 설정등록 이후에 의사에반한 공지가 발견되는 경우?댓글수1,"네. 그렇습니다. 법 제47조제2항에 위반되지 않도록 안녕하세요 임병웅 변리사님 해당조문과 관련하여 간략한 질문드립니다. 도움주심에 진심으로 감사드립니다. 의사에 반한공지의 경우 딱히 증명서류 제출기한이 없습니다. 하지만 당연히 설정등록 이후에는 제출이 불가능할 것인데, 그렇다면 의사에 반한 공지가 등록이후에 밝혀지면 여지없이 특허는 죽게 될것입니다. 심사에서 밝혀지지 않은 것이 뒤늦게 밝혀졌다고 해서 30조를 적용하지않는 것은 출원인에게 불리해 보입니다. 혹시 이에 대한 논의가 있는지 궁금합니다.보정하는 것입니다.","공지일로부터 12월만 만족했다면, 의사에 반한 공지 주장이 가능한 것으로 해석됩니다. 법조문에 언제까지 주장하라는 것이 없습니다.", ,,19.12.02
특허법,조문,47조,[47조] 오역정정에 따른 보정은 '잘못된 기재의 정정'인지 여부?댓글수1,"안녕하세요 임병웅 변리사님 해당조문과 관련하여 간략한 질문드립니다. 도움주심에 진심으로 감사드립니다. 외국어로 특허출원을 하고 번역물 제출후 오역정정을 하는 경우, 그 정정내용에 따라 명세서보정을 따로 해줘야 합니다. 이때 그 보정은 ’잘못된 기재의 정정‘에 해당되는 보정인가요? 저작자 표시컨텐츠변경비영리 댓글1추천해요0스크랩0",네. 그렇습니다. 법 제47조제2항에 위반되지 않도록 보정하는 것입니다., ,,19.12.02
특허법,조문,52조,[52조] 협의제 회피위한 청구범위 삭제 보정 시기?댓글수1,안녕하세요 임병웅 변리사님 해당조문과 관련하여 간략한 질문드립니다. 도움주심에 진심으로 감사드립니다. 분할출원을 하는 경우 협의제 회피를 위해서 과거에는 삭제보정서를 동시에 제출해야한다고 되어있었습니다. 지금 보니 그 내용은 삭제되고 없는데요. 그렇다면 이제 협의제 회피를 위한 삭제보정서는 분할출원 후 나중에도 가능한 것인가요?,협의명령하였을 때 제출해되 됩니다., ,,19.12.02
특허법,조문,46조,[46조] 3조2항은 방식위반 사유가 아닌지 여부?댓글수1,안녕하세요 임병웅 변리사님 해당조문과 관련하여 간략한 질문드립니다. 도움주심에 진심으로 감사드립니다. 행위능력에 관한 방식위반 사유로 3조1항을 위반한 경우로 기재되어있습니다. 후견인이 후견감독인의 동의 없이 능동절차를 취한 경우엔 3조2항의 위반인데 왜 이는 기재되어있지 않은지 궁금합니다. 민법상으로는 이러한 경우 취소가능하다고 되어있는데 민법을 유추하여 해석하면 되는 문제인 것인가요?,특허법은 법적 안정성을 위해 취소권이 인정되지 않습니다. 이 경우 법 제46조 제2호의 방식 위반입니다. 답글기능 더보기, ,,19.12.02
특허법,조문,32조,[32조] 불특허발명의 등록공고 여부?댓글수1,"안녕하세요 임병웅 변리사님 해당조문과 관련하여 간략한 질문드립니다. 도움주심에 진심으로 감사드립니다. 32조의 조문 내용인 공서양속에 반하는 발명이면 출원공개 되지않고(령19조3항), 열람에의 제공이 되지 않습니다. 그렇다면 예외규정이 없는 한 해당발명은 등록공고는 될 것인데, 이는 출원공개와는 달리 등록공고는 권리의 등록을 공시하여 분쟁을 막기 위한 취지여서 그런것인가요? 저작자 표시컨텐츠변경비영리 댓글1추천해요0스크랩0",불특허발명은 거절이유로서 등록되지 않습니다., ,,19.12.02
특허법,조문,55조,"55조,56조에 선출원지위 질문입니다?댓글수1?사진첨부",한국출원(X)는 1년3개월후 취하간주되는데첫번째 ABCD출원중 A는 Y의 선출원과 확선으로 등록불가하고 B는 Y의 확선으로 등록불가합니다 A는 왜 Y의 선출원으로 등록불가한건가요? Y보다도 먼저출원했고 X는 취하간주라 선출원지위도 없는것이고 Y는 판단시점 소급효이지 출원일의 소급효가 아니라고 알고있습니다,"판단시점 소급효라는 것은, 전체로서 판단하는 출원일 소급효와 달리 발명단위로 판단을 달리한다는 것입니다. A는 법 제55조제4항에 근거하여 확선의 지위에 대한 소급효가 인정되고, 법 제55조제3항에 근거하여 선출원의 지위에 대한 소급효가 인정됩니다. 열공하세요~", ,,19.12.04
특허법,조문,29조,[29조] 물건발명 청구범위에 제조방법 기재된 경우?댓글수1,"안녕하십니까 변리사님 ! 1. 물건발명의 청구범위에 그 물건을 제조하는 방법이 기재되어 있다고 하더라도 당해 특허발명의 진보성 유무를 판단함에 있어서는 그 제조방법 자체는 고려할 필요없이 그 청구범위의 기재에의하여 물건으로 특정되는 발명만을 그 출원전에 공지된 발명 등과 비교하면 된다 -> 2012년 기출문제인데 만약에, 2020년 1차시험에서 이 내용이 보기로 나오면 2011후 927 판례(제조방법 자체로 한정하여 파악할 것이 아니라 제조방법의 기재를 포함하여 특허청구범위의 모든 기재에 의하여 특정되는 구조나 성질 등을 가지는 물건으로 파악하여 출원 전에 공지된 선행기술과 비교하여 신규성, 진보성 등이 있는지 여부를 살펴야 한다.)에 의해 틀린보기로 처리해야되는거죠?!(문제집은 맞다고 되어있어서 헷갈려서 질문드리네요 ㅠ) 2. 무권리자에 의한 출원이 무효심판에 의해 무효로 확정된 경우 확대된 선출원의 지위는 상실된다 ->무효로 확정되면 소급해서 소멸되서 공개되었어도 확선 지위도 없어져야 하는거 아닌가요??ㅠㅠ 3.다리가 손상된 동물의 세포를 복원 또는 치료하는데 사용하는 줄기세포의 경우에는 신규성과 진보성이 있다고하더라도실용신안등록을 받을 수 없다. -> 2007년 기출보기인데 맞는지문이라고 나와있습니다. 줄기세포가 물품성이 없어서 등록못받는건가요??아니면 치료하는데 사용해서 등록못받는건가요??(근데 동물로 한정하고 있어서 만약 특허출원하면 받을 수 있는거 아닌가요?)","안녕하세요? 1. 맞는 지문입니다. 방법은 고려대상이 아니라 물건만 고려대상이고, 방법이 물건의 구성요소를 나타내고 있다면 그 구성요소를 갖는 물건으로 특정하는 것입니다. 2. 공개되면 무효로 확정되더라도 확선의 지위는 변동이 없습니다. 3. 물품성이 없어서 등록을 못 받습니다. 법조문 카테고리가 다른 질문은 별개로 부탁드립니다~", ,,19.12.07
특허법,조문,52조,[52조] 분할출원에서의 기간의 특례 중 번역문에 관해 궁금합니다.?댓글수1,"분할/변경 출원에서의 기간의 특례 청,번,조,심 특허법에서 번역문 낸 다음에만 할 수 있는 것들: 보,분,변,심,공 분할/변경 출원에서 번역문 제출기간이 지나도에 30일의 기간의 특례가 주어지잖아요, 도해 특허법에는 출원일로부터 1년 2개월이 되는날과 제3자의 심사 청구 후 3개월이 되는날 중 빠른날의 기한이 지난 후에도 분할/변경 출원을 한 날부터 30일까지는 번역문 제출이 가능하다고 나와있습니다. 그런데 번역문을 제출하지 않으면 분할/변경 출원을 못하지 않나요? 번역문 미제출시 분할/변경 출원을 할 수가 없는데 왜 분할/변경 출원일로부터 30일의 기간의 특례를 주는 것인지가 궁금합니다. 제가 어떤 부분을 잘못 생각하고 있는지 알려주세요. 감사합니다.","1. 원출원을 외국어로 한 경우에는 원출원에 대한 번역문을 제출해야만 분할/변경출원할 수 있고, 2. 분할/변경출원을 외국어로 한 경우에는 번역문 제출에 있어서 기간의 특례(30일)가 주어집니다. 제목이 질문규칙에 맞지 않으니 수정해 주세요~", ,,19.12.13
특허법,조문,47조,[47조] 신규사항 추가 금지?댓글수1?사진첨부,안녕하세요 임병웅 변리사님 4번 보기를 보면 명세서의 보정이 없는데 그렇다면 A를 원문(A)과 오역의정정(A)와 비교 해보면 47조 2항 위반이 없는거 아닌 가요??,"안녕하세요? 거절되더라도 출원일 소급효 인정 여부는 제3자의 출원에 대한 등록금지적 효력으로서 중요한 의미를 가지고 있습니다. 따라서, 소급효 인정 여부를 결정해야 합니다. 열공하세요~", ,,19.12.13
특허법,문제,52조,[52조] 분할출원 범위를 벗어난 경우의 취급?댓글수1,"안녕하세요. 객관식 353번 보기 4번에 제목과 같은 경우 분할출원은 출원일이 소급되지 않으며 이는 특허청 실무의 태도라고 나와있습니다. 출원일 불소급을 따지기 이전에 애초에 거절되는 것으로 알고 있는데요, 특허청의 실무 태도라고 나와있음에 혹시 실무에서는 거절되지 않고 (디자인보호법상 취급처럼) 출원일이 불소급되어 일반의 출원으로 취급하는 것인지 알고 싶습니다.",, ,,19.12.14
특허법,문제,47조,"[47, 51조] 오역정정 / 재심사단계에서 보정각하 취급?댓글수1","안녕하세요. 객관식 문제집 두 문제에 관하여 질문이 있습니다. 1. 348번 보기 4번에 원문:A 국어번역문:B 오역정정:A 보정:- 인 사례가 왜 원문 및 번역문 신규사항 위반인가요? 오역정정으로 인하여 원문과 번역문 모두 A가 되었고 보정이 없는데 어떻게 위반이 될 수 있죠? 2. 보기 2번은 전제로서 심사 대상이 되는 명세서의 기재는 원문 기준인가요? 3. 보기 2번이 틀린 이유는 원문(A)과 정정된 국어 번역문(B)이 다르기 때문인가요? 그런데 뭐가 번역문 신규사항 위반인거죠? 오역정정은 보정간주의 효과가 없음에도 보정에 관한 거절이유 고려를 동일하게 해야 하나요? 보기를 보면 전체적으로 '설명'란의 위반이 오역 정정의 위반을 말하는 것인지 보정의 위반을 말하는 것인지 잘 모르겠습니다.. 4. 349번 보기 3번에 '재심사단계에서 재심사청구전 보정각하에 대해서 다툴 수 있으나, ....' 라고 쓰여있는데요. 보정각하에 대해서 다툴 수 있는 것은 거절결정불복심판때 뿐이지 않나요?","안녕하세요? 1. 번역문에 보정의 효과를 부여합니다. 즉, 보정된 명세서 또는 도면은 B가 됩니다. 2.3. 질문규칙에 맞지 않습니다. 4. 재심사단계나 직권재심사 단계에서도 다툴 수 있습니다. 열공하세요~", ,,19.12.14
특허법,문제,30조,[30조] 특객 p302 후출원 추가발명 질문드려요?댓글수1?사진첨부,선생님 안녕하세요 특객 풀다가 의문 생겨 질문올립니다 그림의 보기3의 표시부분을 보면 후출원에 새로 추가된 발명에 대해서는 공지된 것으로 보고 심사를 진행하다고 하고 맞는 지문 처리 되어있는데요 공지예외적용은 공지를 없던 것으로 취급하는 것이니까 선출원에 없던 발명이 후출원에 추가되었다 하여도 공지가 없던 것으로 취급될 뿐 새로 추가된 발명이라 하여 공지된 것으로 볼 수 있는게 아니지 않나요? 즉 공지시킨 발명이 a b c 이고 선출원발명이 a b 이고 후출원발명이 a b c라면 c는 새로 추가된 발명이고 공지예외적용도 되어 공지된 것으로 볼 수 없으니까 지문은 틀린게 아닌게 하여 여쭙습니다.. 건강 조심 하시길 바라며 미리 답변에 감사드립니다..!,"안녕하세요? 후출원의 c에 대해서는 후출원을 기준으로 특허요건을 판단하고, 공지된 날로부터 후출원일이 1년을 경과하였다면 공지예외적용주장의 효과를 누릴 수 없습니다. 최근에 개정된 심사기준이고, 아래 검색해 보면 제가 PDF 파일로 설명해 놓은 자료가 있으면 참고하세요~", ,,19.12.15
특허법,조문,47조,[47조] 외국어특허출원의 보정?댓글수1,"1. 두 번째 케이스에서, (2)가 (1)과 (3)에 기재된 사항의 범위를 만족했는지 판단해야 한다고 써 있는데, (2)를 제출할 시점에 (3)은 존재하지 않는 것 아닌가요? 따라서 (2)가 신규사항추가인지 판단에 (3)의 범위를 만족했는지 고려할 수 없을 것 같은데, 신규사항추가의 판단 시점이 번역문 제출시(2)가 아니라 사후적으로 판단해야 하는 것인지 궁금합니다. 2. 위 질문과 별도로, 잘못된 번역문을 제출하였을 경우 오역정정 및 명세서보정을 할 것이 아니라 제42조의3의3항에 따른 국어번역문의 교체를 하는 것이 더 적절한 절차 아닌가요?","첫댓글 1. 신규사항추가인지는 제출할 때 판단하는 것이 아니라 실체심사할 때 판단하는 것입니다. 만약 실체심사할 떄 (3)이 없다면, (1)번의 케이스가 되는 것이고요. 2. 번역문 교체할 수 있는 시기가 지났을 때 의미가 있습니다. 열공하세요~", ,,19.12.16
특허법,조문,47조,"[47조 3항] 최후거절이유통지에 대한 보정, 재심사 청구시 보정에서 범위 제한?댓글수1","변리사님 안녕하세요. 객관식을 풀다 의문이 생겨 질문 드립니다! 47조 3항; 최후OA에 대한 보정과 재심사 청구시 보정은 47조 3항 각 호의 '어느 하나'에 해당하는 경우에 할 수 있는데요. 예를 들어, 어느 청구항의 분명하지 아니한 기재를 명확하게 하면서 + 다른 청구항을 실질적으로 확장하는 경우 [질문] 보정은 개소단위로 이루어지므로, 47조 3항 1호 위반을 이유로 보정각하결정을 하게 될까요? (취급과 근거가 궁금합니다) 감사합니다.","안녕하세요? 제47조제3항은 제136조제1항과 비교하면, ""각호의 어느 하나에 해당하는 경우<에만>""이라고 기재되어 있습니다. 여기서 <에만>이란 다른 각호에 위반되지 않고, 그 각호에만 해당해야 한다는 의미입니다. 따라서, 실질적인 확장이라면 제47조제3항제1호에 위반되어 허용되지 않습니다. 정확히 이해하기 위해서는 개정 이력을 알아야 하는데, 말이 길어질 것 같아서 요지만 말씀드립니다. 열공하세요~", ,,19.12.17
특허법,조문,42조,[42조3항] 발명의설명?댓글수1,"이지특허330p에 있는표에서 발명의설명이 AB. 청구범위가ABC일때 통상의 기술자가 AB발명을 쉽게실시할수있도록 명확 상세하게 적을것 42. 3항 이라되어있는데 이때 42조3항 조문의 ""그 발명""인 청구범위 중 C는 왜 포함이안되는것인가요? 42조4항에의해 뒷받침이 안되는것은 이해가가나 42조3항판단시 C를 판단하지않는이유가 궁금합니다","입법취지에 비춰 봤을때, 청구항에 기재된 발명을 제대로 공개하라는 것입니다. 따라서, 제대로 공개하지 않아서 공개요건을 만족하지 않은 경우에만 법 제42조제3항제1호 위반이 됩니다. 열공하세요~", ,,19.12.18
특허법,조문,30조,[30조] 공지예외적용?댓글수1,"분할,변경출원, 국우주장출원 할 때에 12개월의 판단시점은 선출원일로 소급되잖아요. 근데 후출원의 출원일이 공지시로부터 12개월이 지났다면 후출원 발명 중에서도 선출원에 포함된 발명의 특허요건 판단할때만 공지예외적용되는 건가요?","분할출원, 변경출원은 어차피 새로운 사항의 추가가 안되니 해당사항이 없고요. 국내우선권주장의 경우 그렇습니다. 열공하세요~", ,,19.12.20
특허법,문제,,이지특객 p.409 국내우선권주장출원 문제 질문?댓글수1?사진첨부,안녕하세요 변리사님 문제 중 ㄹ이 이해가 가지 않는데요. Z출원 중 A 발명은 이중우주인데 출원 Y의 발명 A는 확대된 선출원의 지위를 가지는건가요? 설마 우선권 주장의 기초가 되는 출원들도 각각 모두 확대된 선출원의 지위를 가지는건가요? 그렇다면 문제에서 특허 등록가능성을 판단할때 Z 출원 뿐만 아니라 X출원 Y출원의 다른 특허출원의 지위를 모두 고려해서 판단해야하는건가요? 감사합니다,"X, Y, Z 출원 모두 등록금지적 효력을 고려해야 합니다. X는 공개전 취하이므로 등록금지적 효력이 없지만, Y는 공개후 취하이므로 확선의 지위와 공지기술의 지위를 고려해야 합니다. 열공하세요~", ,,19.12.22
특허법,조문,30조,[30조]공지예외적용 국내우주 혼합?댓글수1,"추록중에 이지특허 381p 9번째줄추가 부분을 보면 4) 국내우주출원이 공지예외적용주장을 수반하는경우 국내우주 출원에서 최명도에 기재된 발명과 동일한발명에 대해서는 신규성및 진보성판단시 해당공지된 발명을 없던것으로 보고심사를 진행한다. 그리고 각주에는 선출원시 공지예외주장을 하지않았다해도 국내우주 주장출원시 이와같은 주장을 인정하도록 되어있다 라고 되어있는데 공지A 국내출원Y. 국내우주출원Z 일때 Y가 아래의 5가지정도로 생각해볼수있을거같은데 Q1. 최명도에 기재된 발명과 동일한발명에 대해서는 신규성및 진보성판단시 해당공지된 발명을 없던것으로 보고심사를 진행한다. 이부분이 의미하는게 밑의 5가지 전부의 경우를 말하는거죠? Q2. 각주내용이 3,5 의 경우인데 선출원이 공지예외안했다가 후에 보완수수료를 낸경우죠?? Q3. Q2에서 보완수수료를 안내서 신규성상실시 Z는 기초가되는 Y가 거절되니 국내우주가 부적법해지고 Z가 공지일부터 12이내가 아니라면 Z도 신규성으로 거절되겠죠? 1. (청구범위/발명의설명) B/ABC 에서 B/BC 보정의 경우 선출원은 공지예외적용필요없지만 국내우주출원이 공지예외적용을 받기위해선 선출원이 공지날로부터 12개월이내 출원+선출원으로부터 1년이내 국내우주출원만족+후출원 공지예외적용주장 2. AB/ABC에서 B/ABC 보정 선출원은 공지예외적용필요없지만 국내우주출원이 공지예외적용을 받기위해선 선출원이 공지날로부터 12개월이내 출원+선출원으로부터 1년이내 국내우주출원만족시+후출원공지예외적용주장 3. AB/ABC 국내우주출원이 공지예외적용을 받기위해선 선출원이 공지날로부터 12개월이내 출원+선출원도 공지예외적용+선출원으로부터 1년이내 국내우주출원만족시+후출원 공지예외적용주장 4. B/ABC 선출원은 공지예외적용필요없지만 국내우주출원이 공지예외적용을 받기위해선 선출원이 공지날로부터 12개월이내 출원+선출원으로부터 1년이내 국내우주출원만족시+후출원공지예외적용주장 5. B/ABC 에서 A/ABC 국내우주출원이 공지예외적용을 받기위해선 선출원이 공지날로부터 12개월이내 출원+선출원도 공지예외적용+선출원으로부터 1년이내 국내우주출원만족시+후출원 공지예외적용주장","Q1. 추록을 잘못이해하고 있네요. 국내우주출원할 때 새로운 발명이 추가된 경우에는 국내우주출원이 공지된 날로부터 1년 이내가 아니라면 새로운 발명은 공지예외적용주장을 받을 수 없다는 의미입니다. 밑에 비슷한 질문에 대한 답변(그림 포함) 참조하세요. Q2. Q3. 출원과 동시에 반드시 공지예외적용주장을 해야 하는 것은 아니니, 선출원이 공지된 날로부터 1년 이내이고, 후출원이 선출원일로부터 1년 이내라면 공지예외적용주장을 인정하겠다는 것입니다. 선출원의 보완수수료 납부와 무관합니다. 실제로 선출원은 취하간주될 것이니 보완수수료를 안 내는 경우가 대부분일 것입니다. 열공하세요~", ,,19.12.23
특허법,조문,52조,52조 분할출원 조문 질문?댓글수1,"안녕하세요~ 52조1항3호 : 설정등록을 받으려는 날이 3개월보다 짧은 경우에는 그날까지의 기간 그날까지가 아니라 설정등록받기전 아닌가요? (30조3항도 그렇고요...) 심사청구같은경우는 ""심사청구를 한때"" 기준일 확정, 신규성 같은경우도 ""특허출원전""과 같이 시각주의로 봐야되는거 아닌가요?? 항상 답변해주셔서 감사드립니다!! 저작자 표시컨텐츠변경비영리 댓글1추천해요0스크랩0","안녕하세요? 법조문에 <그 날까지의 기간>이라고 하여, 시각주의가 아닌 역일주의에 나타내고 있습니다. 열공하세요~", ,,19.12.24
특허법,조문,30조,[30조]공지예외적용 국내우주 혼합 추가질문?댓글수1,"답변해주신것 중에 ----------Q2. Q3. 출원과 동시에 반드시 공지예외적용주장을 해야 하는 것은 아니니, 선출원이 공지된 날로부터 1년 이내이고, 후출원이 선출원일로부터 1년 이내라면 공지예외적용주장을 인정하겠다는 것입니다. 선출원의 보완수수료 납부와 무관합니다. 실제로 선출원은 취하간주될 것이니 보완수수료를 안 내는 경우가 대부분일 것입니다.---------- 질문1. 출원과 동시에 반드시 공지예외가 필요없다고 하셨고 선출원 보완수수료와 무관하다고하신게 후출원의 공지예외적용에 포커스를 맞췄을때 후출원이 출원하거나 후출원이 보완수수료를 내고 보정 또는 결정등본송달받은후 3월이내면 되는것이고(출원과 동시에 할 필요없다는 뜻) 선출원이 보완수수료를 내든안내든 판단시점만 소급되었다면 상관이없다 라는 뜻이죠? 질문2. 말씀해주신 그림포함 답변을 보고왔는데 제가 처음부터 개념을 잘못잡았던것인지 너무 당연하게 느껴져서요. abc공지 ab선출 abc 후출원(국내우주+공지예외) 일경우 후출원이 공지로부터1년뒤, 선출원이 공지로부터 1년내일 경우, 후출원중 ab는 선출원때로 판단시점 소급하니 ab는 공지예외적용되는것이고 c는 소급을 못받으니 공지예외 요건불만족이라 안되는것이 당면한건데 이 내용이 이번개정으로 인해 맞는내용이 되었다는게 이해가가지 않습니다.","1. 요지만 다시 말씀드리면, 기존에는 선출원이 공지예외적용주장을 하고 있어야만, 후출원도 공지예외적용주장을 할 수 있었는데, 법이 개정되어 법 제30조제3항이 신설되면서 선출원이 공지예외적용주장을 하고 있지 않아도 후출원에서 공지예외적용주장을 할 수 있습니다. 2. 기존에는 발명별로 판단하지 않았는데, 개정된 심사기준에서는 발명별로 판단하고 있습니다. 열공하세요~", ,,19.12.26
특허법,조문,29조,[29조] 변경출원시 29조1항 적용관련?댓글수1?사진첨부,"안녕하세요 변리사님 !! 저 도해특허책보던 중 궁금한 것이 생겨 글 남깁니다 ^^ 29조1항 신규성 판단 기준시점은 [변경출원의 경우 원출원일] 이잖아용 그럼 제가 첨부한 사진에서 2019년 8월 1일 B로 출원할 경우 29조1항 적용되어 신규성 위반으로 등록을 받지 못하지 않나요-? 왜냐믄 변경출원의 ‘원출원일은 2018년 1월 1일’로 A/B/C가 ..... 신규성 지위 가지는거 아닌가요..? ㅠ_ㅠ 흑흑 아래 도표에서 보면, 국내우주의 29조1항 신규성 체크 시점은 [선출원일부터]니까 2018년 1월 1일로 A,B,B1,C까지 신규성 지위를 가지게 되잖아용.. 우주는 알겠는데 ㅠㅠ 결론은 ㅠㅠ 변경은 원출원일부터면 1월1일인데 왜 B가 흠결이 아닌지 모르겠습니다 ㅠ_ㅠ","안녕하세요? 원출원은 공개전 취하간주되어 등록금지적 효력이 존재하지 않고, 변경출원만 등록금지적 효력이 존재하는 것입니다. 즉, 변경출원의 최명도에 기재된 A, C만 공지기술의 지위가 있어서, 2019년 8월 1일 출원된 B는 흠결이 없게 된디ㅏ. 열공하세요~ 답글기능 더보기", ,,19.12.29
특허법,조문,29조,"[29조,98조] 동일성의 상위 하위 개념?댓글수1?사진첨부","동일성 개념에서 내적부가 하위 상위 개념과 98조 부분을 보다보니 헷갈려서 질문드립니다 만약 A의 하위 개념이 a1 a2 a3이고 A의 하위개념은 a1 a2 a3이 전부일 경우 A+B+C는 (a1+B+C, a2+B+C, a3+B+C)와 같다고 볼수있는데 그렇다면 A+B+C가 선출원이고 공개후라면 (a1,a2,a3중 하나)+B+C는 동일성으로 신규성이 상실되지 않을까요? 마찬가지로 구리도 금속중 하나이고 첫번째 사진첨부의 첫번째 대법원 판례처럼 금속+B+C가 공개됐을경우 통상의 기술자가 구리를 채택함을 인식하고있다면 구리+B+C도 신규성이 상실되는것 아닌가합니다.","통상의 기술자가 A의 기재로부터 a1의 존재를 직접적으로 인식하고 있다면, 실질적 동일성의 개념이 아닌 내재적 동일성의 개념이 됩니다. 강의노트 65p의 상하위개념의 동일성은 내재적 동일성의 범위를 벗어난 경우를 설명하고 있는 것입니다. 열공하세요~", ,,20.01.02
특허법,문제,36조,[36조] 특객 189p 선출원주의?댓글수1?사진첨부,"안녕하세요 변리사님 이지 객관식 특허법 189p 1번 보기에서 선출원주의에 있어서 전후로 양 발명이 동일하다는 것은 그 기술적 구성이 전면적으로 일치하는 경우는 물론 ""그 범위에 차이가 있을 뿐 부분적으로 일치하는 경우""라도 특별한 사정이 없는 한, 양 발명은 동일하다. 라고 되어있고 맞는 지문입니다. """"있는 부분이 잘 이해가 되지 않습니다. 1. 범위의 차가 있을 뿐 부분적으로 일치하는 경우라는 것이 어떤 개념을 말하는 것인가요? 상하위 개념 발명을 말하는것인지 수치한정발명을 말하는 것인지 아니면 아예 다른 개념인건지 모르겠습니다. 2. 만약 위 개념이 상하위 개념이나 수치한정발명이라면 부분적으로 차이가 있다면 실질적 동일성(범위차이 또는 구성변경) 을 판단해야 하는데요. 실질적 동일성을 판단할 때 지문에서 원칙적으론 동일성 인정. 특별한 사정이 있다면 동일성 부정이라는 관점에서 문제풀면 되는 것인가요? 강의노트 64p 에 있는 동일성의 유형에서는 각 사안마다 원칙이 다른데 이렇게 획일적으로 판단해도 되는지 궁금합니다.","안녕하세요? 발명의 범위가 상이한 경우입니다. 예를 들어, 선출원이 a+b+c이고, 후출원이 a+b일 때, 선출원의 a+b와 부분적으로 일치하더라도 동일성이 있다는 것입니다. 열공하세요~", ,,20.01.02
특허법,조문,47조,47조 2항 전단과 오역의 정정관련 질문입니다.?댓글수1,"안녕하세요? 47조 2항 전단 적용에 관해서 의문이 있어 질문드립니다. 우선, 47조 2항 전단에서는 ""제 1항에 따른 명세서 또는 도면의 보정은 최명도에 기재된 사항의 범위에서 한다."" 고 되어있고, 42조의3 6항 단서에서 ""오역의 정정은 5항을 적용하지 않는다."" 라고 되어있습니다. [질문 1] 번역문 제출시에는 명세서 보정의 효과(42조의3 5항)가 있어서 47조 2항 전단의 판단대상이 되지만, 오역의 정정의 경우에는 명세서 보정의 효과가 없어서(42조의3 6항 단서) 47조 2항 전단의 판단대상이 되지 않는게 아닌지 궁금합니다. (아니면 47조 2항 전단의 명세서 또는 도면의 보정이 번역문의 명세서, 도면을 포함하는 의미인가요?) 감사힙니다.","안녕하세요? 말씀하신 것처럼 오역을 정정하였다고 하여, 법 제47조제2항전단의 <명세서 또는 도면의 보정>이 되지 않습니다. 다만, 오역을 정정한 경우 법 제47조제2항후단의 비교대상이 됩니다.", ,,20.01.05
특허법,문제,42조,[42조] 배경기술 기재 질문드립니다.?댓글수1,"안녕하세요 임병웅 변리사님 문제풀다가 궁금한점이 생겨질문드립니다. 객관식 251번 절차무효사유를 고르는 문제에서 (자) 발명의 설명에 배경기술이 기재되지 않은 경우 에서 (자)도 절차무효사유라고 되어있었습니다. 제가 다른질문들을 찾아보니 배경기술 항목이 없으면 42조 9항 절차무효사유이고, 항목은 있지만 배경기술이 기재되어 있지않으면42조 3항 2호라고 봤는데, 이 문제에서는 배경기술 항목이 없는 것으로 보고 절차무효사유라고 되어있었습니다. 보기에서 항목에 대한 사항은 언급없이 배경기술이 기재되지않은 경우라고 나와있어서 42조 3항 2호에 해당한다고 생각했는데, 어떻게 구분하여 판단해야되는지 가르침 부탁드립니다. 감사합니다.","안녕하세요? 항목이 없는 것인지, 아니면 항목이 있는데 기재가 부적법한 것인지 여부는 문제에서 명확히 주어지는 것이니 걱정하지 않아도 됩니다. 열공하세요~", ,,20.01.07
특허법,문제,52조,[52조] 2차 모의고사 8번 분할출원의 소급효에 대해 질문드립니다.?댓글수1,"안녕하세요, 임병웅 변리사님 2019 12월 2차 모의고사 8번 문제 질문드립니다. 8번문제를 도식화해 보면 아래와 같습니다. 2016.9.1 2017.2.1 2017.8.1 2017.11.1 --------|------------------|------------------|------------------|----------------- 甲 일본 A(a,b) 出 甲 B한국(b,c)出 甲 C한국(c,d)出 B,C 조기공개출원 이후, B,C취하 A조약우주 B 분할출원 (C출원후 c는 삭제보정) 여기서 2번 보기가 틀린 보기로 처리되어 있어 궁금한데요, 2번 보기는 아래와 같습니다. 乙이 2017년 4월에 출원하였다면 乙의 출원D(a,b,c,d)중 발명 b를 삭제보정하여야 특허를 받을수 있다. 이때 C출원은 '분할출원의 경우, 원출원 최명도에 후출원 명도가 포함되어야 한다'는 조건을 만족하지 않아 분할출원으로 성립 않지 않나요? 분할출원은 조약우주나 국내우주와는 달리 판단시점 소급효가 아니라 출원일 소급효라 문제 상황의 경우 분할 출원으로 성립하지 않고 분할출원일에 일반 출원으로 출원한것처럼 처리된다고 배웠던것 같은데.. C출원이 적법한 분할 출원으로 성립하지 않을 경우 B출원에서 c를 삭제보정하였으니 c의 확선지위는 2017.8.2부터 2017.11.1공개시까지 생길 것 처럼 생각이 됩니다. 그렇다면 2번 보기의 경우 b만이 확선지위를 가지고 있으므로 2는 맞는 보기로 처리해야 할것처럼 생각이 듭니다. 제가 어디서 잘못 생각하고 있는지 궁금합니다. 감사합니다.","안녕하세요? 확선의 지위는 최명도에 기재된 발명이므로 보정과 무관합니다. 즉, 사안의 B출원에서 c를 삭제하였더라도 B의 c는 2017.2.1 다음날로부터 2017.11.1의 공개전까지 확선의 지위가 인정됩니다. 열공하세", ,,20.01.07
특허법,조문,42조,"[42조 3항, 4항] 42조 3항1호, 42조 4항 1호 질문입니다.?댓글수1","안녕하세요 임병웅 변리사님 공부하다가 궁금한점이 생겨 질문드립니다. 이지특허 330p에 42조 4항1호와 3항1호에 대한 예시들이 나와있는데, 그 중 각주 276번 예3 부분에 질문이있습니다. 예3: 청구항에는 치환기(x)로 ch3, oh, cooh가 택일적으로 기재치환벤젠의 원료화합물을 니트로화하여 파라니트로치환벤젠을 제조하는 방법이 기재되어있으나 발명의 설명에는 그 실시예로 원료화합물이 톨루엔(x가 ch3)인 경우에 대해서만 기재되어 있고 그 방법은 ch3와 cooh의 현저한 배향성의 상이 등으로 보아 원료가 안식향산(x가cooh)인 경우에는 부적절하다고 인정되는 경우에는 특허법 제42조 3항 1호 위반으로 거절이유를 통지한다. 이 예시에서 발명의설명에 기재된 방법으로 청구항에 기재된 발명의 일부를 실시하기에 부적절하다고 보여지므로 42조 3항 1호에 해당됨은 명확한데, 발명의 설명이 청구항을 뒷받침하지않아 42조 4항 1호에도 해당되지않나요? 42조 4항 1호에 해당된다고 적혀있지 않은 이유가, 42조 4항 1호에는 해당되지않아서인지,아니면 최근 판례와는 달리 종전 판례는 어느 하나의 거절이유로만 통지해도 적법하므로 42조 4항 1호에 해당유무는 별론으로하고 42조 3항 1호로만 통지한 것인지 궁금합니다. 감사합니다",안녕하세요? 제42조제4항제1호 위반 여부는 개별적으로 판단하지 않은 것으로 보입니다. 열공하세요~ 답글기능 더보기, ,,20.01.07
특허법,조문,47조,[47조] 심사청구 후 보정질문?댓글수1,"안녕하세요 변리사님. 보정시기 관련해서 계속의문이 남아 질문드립니다. 47조 1항을 보면 결정등본 송달받기전까지 보정을 할 수 있으므로, 특허출원인의 심사청구후 실체심사진행 전에도 당연히 보정이 가능해보입니다. 그런데 자꾸 신경쓰이는 것이 외국어 특허출원의 경우 (42조의3 3항) 1.보정을 한 후 2. '특허출원인'이 심사청구 후 에는 번역문제출이 불가능하다고 나와있습니다. 여기에 있어 2.의 시기에 번역문 제출이 불가능한것은 심사청구란것이 현재상태 그대로 심사를 받겠다는 의사가 포함되있기때문이라고 책과 강의에서 설명해주신걸로 기억합니다. 이러한 이유에서 본다면 심사청구후 출원인이 청구범위등을 보정하는것도 청구당시의 상태에 변화를 주는것인데 이러한 보정은 아무런 문제없는것인가요? 또한 82조의 2항의 경우에도 (물론 출원인이 심사청구하고 보정한 경우 출원인만이 절차를 밟는자이므로 의미는 없지만) '출원인이 아닌자가 심사청구한 후' 출원인이 보정한 경우를 규정하고 있습니다. 혹시 42조의3 3항과 82조 2항에서 심사청구한 자를 나누어 명시하고 있는 것이 출원인 아닌자의 심사청구의 경우에만 심사청구 후에도 보정이 가능하고, 출원인 본인의 심사청구에는 번역문 제출이 불가한것과 같이 보정도 불가능하기 때문인지 궁금합니다.","안녕하세요? 출원인은 법 제47조제1항의 시기를 만족한다면 항상 보정이 가능합니다. 다만, 외국어 출원의 경우에는 정확히 표현하면 심사청구라는 것이 번역문 확정의 의미를 가지고 있는 것입니다. 그 의미는 법 제201조제3항에서도 그대로 적용되고 있는 것이고요. 열공하세요~ 답글기능 더보기", ,,20.01.14
특허법,조문,55조,[55조]이중우선시 우선권주장 추가 보정 시기?댓글수1,"안녕하세요,임병웅 변리사님 13판 410p 4번 보기 질문 드립니다. 문제 상황을 도식화해보았습니다. 2016.3.21 일본 ______________|__________________________ 甲 A,B A,B 일본 조약우주 2016.3.15 2016.6.2 2016.8.15 2017.3.13 국내 ----|----------------------|-------------------|-------------------|--------------- 乙 A 乙 A,B 甲 A,D 乙 A,B,C A A,B A,B,D A,B,C |_______________________||_______________________________________| 국내우주 국내우주 ④ 乙은 2017년 6월 15일까지 2016년 3월 15일자 출원에 관한 우선권주장을 추가하는 보정을 하여 발명A의 거절이유를 극복할 수 있다. (맞는지문) 2017.3.13 乙의 출원에 2016.3.15 乙출원에 관한 우선권주장을 추가하면 발명A의 거절이유를 극복할 수 있을 듯이 생각이 드는데요, 해설에 나와있는 취하간주와 우선권 추가 주장 시기 1년 4개월은 이해가 되었습니다. 헌데 국내우주의 주장가능 기간은 출원일로 부터 1년인데 그러려면 2017.3.15까지 출원을 해야 하는것 아닌가 하는 생각이 듭니다. 이 사안의 경우 2016.3.15 출원부터 1년 내에 출원한 출원만이 국내우주를 할 수 있을것 처럼 생각이 되어서요. 미리 감사드립니다.","을의 a, b, c 출원은 3.13이므로 이미 3.15 이전에 출원한 것이고, 1년을 만족했음을 알 수 있습니", ,,20.01.16
특허법,조문,42조,"[42, 43조] 발명자 기재의 정정 (이지 객관식 247번 2번 지문 관련)?댓글수1?사진첨부","2번 지문을 틀린 지문으로 하려면, 특허출원인 또는 특허권자가 착오로 인하여 특허출원서에 발명자 중 일부의 발명자의 기재를 잘못 적은 것이 명백한 경우에는 특허권자 및 신청 전·후 발명자 전원이 서명 또는 날인한 확인서류를 첨부하여 정정할 수 한다. -> 특허출원인 또는 특허권자가 착오로 인하여 특허출원서에 발명자 중 일부의 발명자의 기재를 잘못 적은 것이 명백한 경우에는 특허권자 및 신청 전·후 발명자 전원이 서명 또는 날인한 확인서류를 첨부하여야만 정정할 수 있다. 로 수정해야 할까요?? 저작자 표시컨텐츠변경비영리","잘못 적은 것임이 명백한 경우에는 날인한 서류가 필요없습니다. 따라서, 오타인 “한다”를 “있다”로 수정하면 될 것 같네요. 제목을 질문규칙에 맞게 수정해 주세요.", ,,20.01.16
특허법,조문,51조,[51조}] 보정각하와 거절결정불복심판의 차이?댓글수1,"안녕하세요 변리사님 기출지문에는 ""보정각하 타당여부에 대해 거불복심판에서 심리함에 있어서, 심사단계에서의 보정각하사유가 아닌 다른 사유에 의해 판단 될 수 있으며 이 경우 청구인에게 의견제출기회를 주지 않아도 된다."" 가 맞는 지문이었는데 거절불복결정심판에서는 63조 준용해서 다른 거절이유존재시 의견서 제출기회를 주어야 한다고 나오는데 어떤 부분이 차이가 나서 의견제출기회를 줘도 되는지 안되는지 차이가 나는 것인가요?","안녕하세요? 거절이유와 보정각하사유를 혼동하고 있네요. 보정각하사유는 거절이유와 전혀 다른 사유이며, 법 제63조제1항각호에 의해 보정각하할 때는 의견제출기회를 주지 않아도 됩니다. 열공하세요~", ,,20.01.18
특허법,조문,29조,[29조]진보성 결합발명 판단법리?댓글수1,"2차 수험생이나 심화강의를 수강하고 있습니다. 어느 특허발명의 특허청구범위에 기재된 청구항이 복수의 구성요소로 되어 있는 경우에는 각 구성요소가 유기적으로 결합한 전체로서의 기술사상이 진보성 판단의 대상이 되는 것이지 각 구성요소가 독립하여 진보성 판단의 대상이 되는 것은 아니므로, 그 특허발명의 진보성 여부를 판단함에 있어서는 청구항에 기재된 복수의 구성을 분해한 후 각각 분해된 개별 구성요소들이 공지된 것인지 여부만을 따져서는 안 되고, 특유의 과제 해결원리에 기초하여 유기적으로 결합된 전체로서의 구성의 곤란성을 따져 보아야 할 것이며, 이 때 결합된 전체 구성으로서의 발명이 갖는 특유한 효과도 함께 고려하여야 할 것이다. 2009후1897 https://casenote.kr/%EB%8C%80%EB%B2%95%EC%9B%90/2009%ED%9B%841897 강의와 기출해설을 하시면서 '결합관계를 포함하여'라는 문구가 꼭 들어가야한다고 말씀하시고 책에서도 위의 판례를 언급하셨는데 판례에 문언적인 기재를 찾을 수 없어 해당 내용이 다른 판례인지 통설, 다수설 견해인지 알고싶어 질문드립니다.","유기적으로 결합된 전체로서 = 결합관계를 포함하여 입니다. 즉, 결합관계도 하나의 구성요소가 된다는 의미입니다. 제목이 질문규칙에 맞지 않으니 수정해 주세요.", ,,20.01.21
특허법,조문,54조,[54조] 조약우주 기초가 된 외국 특허(출원)의 공지기술 지위 질문?댓글수1,"안녕하세요. 특허법 제54조 조약에 의한 우선권 주장 관련하여 궁금한 점이 있습니다. [사실 관계(시간 순, 청구 범위 = 최명도 범위)] - 일본에서 발명 a, b에 대해 X 출원 - 국내에서 X 에 대해 적법하게 조약 우선권 주장하며 발명 b, c에 대해 Y 출원 - 일본에서는 X 출원 공개되기 전에 취하(따라서 X 출원에 의해 공지기술 지위 부여되지 않음) 이 경우, 아래의 두 가지 상황에 대해 Y의 청구범위에 포함되지 않은 발명 a의 지위가 궁금합니다 1) Y 가 출원공개되었으나 등록 전 취하된 경우 2) Y 가 등록공고된 경우 스터디원들의 중론(?)은 전문 공개가 원칙이므로 우선권 주장 내용이 공개되면서 1), 2) 모두 a 또한 공지기술의 지위를 갖는다고 하는데, 타국의 특허출원에 대해서도 이런 원칙을 그대로 적용할 수 있는 것인지요? 더 구체적으로, 출원공개/등록공고에 'Y는 우선권 주장을 하고 있으며 그 기초가 된 선출원은 X 이고, 그 내용은 a, b 이다.' 라는 내용이 포함되나요?","안녕하세요? Y 출원이 공개/공고되더라도 X 출원을 열람하지 못합니다. X 출원의 열람은 X 출원 국가의 법령에 규정이 있어야 할 수 있는데, 대부분의 국가가 그러하지 않기 때문입니다. 즉, a는 공지기술의 지위가 없습니다. 열공하세요~", ,,20.01.21
특허법,조문,47조,[47조]보정?댓글수1,1.특허 결정 등본 송달하기 전까지 가능하다고 되어 있는데. 어디선가 특허결정 송달은 발송시랑 같다고 해서 도달주의 아니라고 하던데 맞나요? 2.명세서등 실체보정이 아니고 출원서 보정은 언제까지 가능하나요?,"1. 심사기준(4104p)에 보면, ""심사관이 특허결정 등본을 발송한 이후 출원인이 특허결정등본을 받지 않은 기간 중에 보정서를 제출한 경우 그 보정은 인정되지 않는다.""고 기술되어 있습니다. 다만, 개인적으로는 공감하기 힘든 내용입니다. 출원인이 모른 상태에서 보정기한의 제한을 두는 것은 옳지 않은 실무입니다. 2. 출원계속중에 할 수 있습니다. 다만, 특허청장이 보정명령하면 그 기간내에 할 수 있습니다.", ,,20.01.23
특허법,문제,55조,[55조] 선출원 요건?댓글수1?사진첨부,"변리사님 안녕하세요. 객관식특허법 문제입니다. [질문] 3번 지문에서; i) 선선출원(X)이 취하간주된 '후[17년 6월 16일 이후]' ii) 선출원(Y)을 원출원으로 분할출원(W)을 하면서 선선출원(X)을 기초로 하는 우선권 주장도 가능한가요..? 즉 선출원이 취하된 경우 우선권주장의 기초가 될 수 없는데, 예외적인 경우인가요? 아니면 지문은 그 우선권주장이 적법함(X 취하간주 전)을 전제로 한 것인가요? 감사합니다.","안녕하세요? 2017년 3월 13일에 출원된 것을 기초로 분할출원하면서 우선권주장을 할 때, 분할출원은 2017년 3월 13일에 출원된 것으로 보기 때문에, 그 후인 2017년 6월 15일 경과후 선출원이 취하간주되었는지 여부와 무관하게, 우선권주장을 수반한 분할출원은 우선권주장의 선출원의 요건을 만족하는 것입니다. 열공하세요~", ,,20.01.24
특허법,조문,33조,[33조] 무권리자의 특허는 무효이다?댓글수1,"[2009후2463] ""발명자가 아닌 사람으로서 특허를 받을 수 있는 권리의 승계인이 아닌 사람(이하 ‘무권리자’라 한다)이 발명자가 한 발명의 구성을 일부 변경함으로써 그 기술적 구성이 발명자의 발명과 상이하게 되었더라도, 변경이 그 기술분야에서 통상의 지식을 가진 사람이 보통으로 채용하는 정도의 기술적 구성의 부가·삭제·변경에 지나지 않고 그로 인하여 발명의 작용효과에 특별한 차이를 일으키지 않는 등 기술적 사상의 창작에 실질적으로 기여하지 않은 경우에 그 특허발명은 무권리자의 특허출원에 해당하여 등록이 무효이다."" ------------------- 무효심판에 의해 무효심결이 확정되기 전에는 무효로 볼 수 없다고 알고있었는데, (신규성위반이나 선출원주의 위반인 경우 권리범위를 불인정할지언정 무효는 아니다 라고 공부했고) ""그 특허발명은 무권리자의 특허출원에 해당하여 등록이 무효이다"" 를 보니까 어떻게 정리를 해야할지 모르겠어서 질문드립니다 !",무효심판에 대한 판례입니다., ,,20.01.27
특허법,판례,39조3항,[29조3항] 2010후2179 판례?댓글수1,"[1] 확대된 선출원에 관한 구 특허법(2006. 3. 3. 법률 제7871호로 개정되기 전의 것) 제29조 제3항에서 규정하는 발명의 동일성은 발명의 진보성과는 구별되는 것으로서 두 발명의 기술적 구성이 동일한가 여부에 의하되 발명의 효과도 참작하여 판단할 것인데, 기술적 구성에 차이가 있더라도 그 차이가 과제해결을 위한 구체적 수단에서 주지·관용기술의 부가·삭제·변경 등에 지나지 아니하여 새로운 효과가 발생하지 않는 정도의 미세한 차이에 불과하다면 두 발명은 서로 실질적으로 동일하다고 할 것이나, 두 발명의 기술적 구성의 차이가 위와 같은 정도를 벗어난다면 설사 그 차이가 해당 발명이 속하는 기술분야에서 통상의 지식을 가진 사람이 쉽게 도출할 수 있는 범위 내라고 하더라도 두 발명을 동일하다고 할 수 없다. 판례는 이해했습니다만 추가로 궁금한것이 있습니다. 위 경우에는 동일하지는 않으나(신규성 만족), ""해당 발명이 속하는 기술분야에서 통상의 지식을 가진 사람이 쉽게 도출할 수 있는 범위 내"" 라고 한다면 진보성 위반이 맞나요?","진보성은 출원 전 공지기술과 비교하는 것이고, 확선의 다른 출원과 비교하는 것입니다. 즉, 출원 전 공지기술이 없다면 진보성 위반이라고 할 수 없습니다.", ,,20.01.27
특허법,조문,44조,"[44조, 42조의2]비법인사단 출원, 출원일?댓글수1","법인아닌단체가 그 명의로 출원하는경우는 불수리된다. 여기에 해설을 보니까 법인아닌단체는 단체원공동으로 또는 대표자개인명의로 출원할수밖에 없다라 나와있는데 출원이나 심판청구같은것은 11조의 대표자단독으로 행하기에 앞서 44조를 적용해서 공동으로 출원하거나 139조3항의 공유자모두가 공동으로 심판을 청구해야하잖아요? 이러한 점에서 대표자개인명의로 출원할수밖에 없다는 표현이 어떤 경우인지 궁금합니다. 42조의2 특허출원일은 명세서 및 필요도면이 첨부된 특허출원서가 특허청장에게 도달한날로한다. 특허청장은 방식심사결과 방식심사에 흠결이없는경우에 출원일자 및 출원번호를 적은 출원번호통지서를 출원일에게 송달한다 시규24 즉, 특허청장은 도달한날을 출원일자로해서 출원번호와함께 송달하는건가요?","글 1. 권리능력이 없으면 출원을 할 수 없습니다. 이 경우 방식심사에서 불수리되고, 특히 외국인은 불수리되지 않으면 실체심사에서 거절됩니다. 2. 여기서, 도달한 날은 법 제28조를 적용합니다. 즉 우편은 경우 발신주의가 기본적으로 적용됩니다.", ,,20.01.29
특허법,조문,47조,(47조)청구범위보정범위제한?댓글수1?사진첨부,"안녕하세요 책개정판 옮겨담는작업 중인데요 첨부사진 2)부분 첫부분에, 출원인이 “최후”거절이유통지 극복위해 재보정한다로 책개정하며 “최초”에서 수정되었는데요. 의미상 출원인이 재보정을하는것은 최초 거이통에대응해 보정하는 게(개정 전 내용)맞지않나라는 생각이 들어서 질문을 드리게되었습니다. 최초통지된 거절이유를 극복하기위해 재보정을 하지만, 궁극적으로 출원인은 지금통지된 최후거절이유통지를 극복한다는 의미로 “최후”가 맞는말인건가요?","안녕하세요? 정확히 표현하면, 법 제47조제1항제2호의 시기의 보정이다 보니 최후거절이유통지를 극복하기 위해서 보정을 하는데, 그 내용은 최초거절이유통지에 기재된 내용을 극복할 수도 있고 안 할 수도 있는 것입니다. 즉, 그냥 되돌아가는 경우에는 극복하지 않고 심사관이 틀렸다고 주장하는 것이고, 되돌아가면서 제1호 내지 제3호에 따라 보정하는 경우에는 극복하면서 심사관의 거절이유를 해결했다고 주장하는 것입니다. 열공하세요~", ,,20.01.31
특허법,판례,36조,[36조]동일성 용어?댓글수3,"책의 문언적, 내재적, 실질적 동일성의 개념을 2차에서 답안지에 현출했을때 채점하시는 교수님이 이질감없이 받아들이시나요? 즉 답안지에 그대로 기재하여도 되는지 알고싶습니다 + 소의 이익에서 예외적으로 부정하는 케이스 1 다른 사정에 의하여 심결자체가 더이상 무의미하게 되는 경우 2 심결을 취소하더라도 유리한 심결을 받을 가능성이 없게된 경우 1 2를 목차정도로 현출해도 될지 알고싶습니다 + 상고심계속 중 소송요건 흠결로 언급하신 케이스 98후1921에 대한 판시 내용을 찾지 못하였는데 도움을 주실 수 있으신가요?","1. 교수님들이 동일성의 개념을 모르는 경우가 많습니다. 따라서, 풀어서 기술하는 것을 추천합니다. 2. 소의 이익과 관련해서는 목차로 현출해도 됩니다. 3. 98후1921은 유료 DB에서만 검색이 됩니다.", ,,20.02.03
특허법,조문,55조,[55조] 국내우주 추가?댓글수1,"갑 2016.1.3 청구범위에 A. 로 출원X 2016.5.6 청구범위 AB X기초 국우주장한 출원Y 2017.1.2 청구범위 ABC Y기초 국우주장 출원Z 여기서 누적우주에서 복합우주로 바꾸기위해 출원Z에서 X기초우주를 추가하려면 55조1항 만족+ 최선출원일 1년4개월이하 여야하는데 1. 55조1항중 선출원 부터1년은 2016.1.3일부터 1년을 만족해야 되는 부분에서""선출원""은 최선출원이나 여러 선출원중 제 앞에있는 선출원이 아닌 ""제가 국우로 추가 하려는 그 선출원""부터 1년인거죠? 2. 그리고 1년의 기준을 따질때 Z가 2017.1.3일부터 1년이 넘은경우에는 아예 X기초 국우가 불가능한건가요? 아니면 심공존재등에 해당되는게 없으니까 적법한 Y기초 국우를 했다면 2016.5.6일로서 1년이 만족되는건가요? 후자는 우선권주장의 기간이 무한연장되는거 같으면서도 사실 최선출원일부터 1년4개월만족과 1년3개월후X출원이 Y가한 국우때문에 취하되는것을 생각해보면 괜찮은거같기도하고 심공존재등에 해당안된다고 하지만 실제 조문에 나열되어있는걸 봤을때 30조1항처럼 55조1항이 언급되어있지않고 선출원부터 1년의 기간을 무한연장시키지 않으려면 취지상 전자가 맞을거같기도한대요. 뭐가맞는걸까요..? 항상조문을 잘 보라고하시지만 조문을 해석하는 능력이 너무 부족한거같습니다.. 그냥 이지특허에 써있는 내용 외에는 응용이 잘 안되는 느낌인데 1차는 그렇다쳐도 어떻게 극복해야할까요ㅠ",1. 네 2. 전자입니다., ,,20.02.05
특허법,조문,29조,[29조] 진보성 통상의 기술자 관련?댓글수1,"통상의 기술자는 국내로 기준을 한정하여 해석한다고 알고 있었는데 아래 판례를 보고 개념의 혼돈이와서 질문드립니다. 아래 판례2003후1512에서 제29조 제2항, 제1항 제2호의 규정의 취지는 어떤 발명이 그 특허출원 전에 국내뿐만 아니라 국외에서 반포된 간행물에 기재된 발명에 의하여 용이하게 도출될 수 있는 창작일 때에도 진보성을 결여한 것으로 보고 특허를 받을 수 없도록 하려는 데에 있으므로 ( 대법원 2002. 8. 23. 선고 2000후3234 판결 참조), 이와 달리 발명의 진보성 판단은 국내의 기술 수준을 고려하여 국내에 있는 당해 기술분야의 전문가의 입장에 판단하여야 한다는 상고이유의 주장은 독자적 견해에 불과하여 받아들일 수 없다. 위 판시내용은 예외적이라고 보아야할까요?","이지특허법 진보성 파트에서 통상의 기술자와 관련된 각주 확인해 보시고, 다시 질문해 주세요. 이미 답변이 있습니다.", ,,20.02.07
특허법,조문,30조,[30조] 공지예외주장?댓글수1,의사에 의한 공지에서 보완수수료를 납부하는 경우에는 보정할 수 있는 기간에 보완할 수 있도록 규정하는데 거절결정불복심판에서 준용되어 존재하는 보정기간에도 가능한건지 알고싶습니다,네. 할 수 있습니다., ,,20.02.08
특허법,조문,44조,[44조] 위반 시 취급?댓글수4,정당한 권리자 출원은 법문상 33조1항 본문에 해당하는 경우에 가능한데 44조 위반의 경우에는 정당한 권리자 출원을 할 수없나요? 아직 공부가 부족하여 예시로는 공동발명 후 1인 출원한 경우 밖에 없으나 다른 경우도 있다면 알려주시면 감사하겠습니다,"1. 정당한 권리자 출원을 할 수 있어야 한다는 소수의 견해가 잇으나, 다수는 정당한 권리자 출원을 할 수 없는 것으로 해석합니다. 2. A, B 발명후 B, C 출원한 경우 등 다양한 케이스가 발생할 수 있습니다.", ,,20.02.08
특허법,조문,52조,[52조] 재심사의 청구와 분할출원?댓글수1,"변리사님 안녕하세요. 재심사 청구와 분할출원 관련하여 이전에 올라온 질문들을 검색해보다가 궁금한점이 생겨서 질문드립니다. https://m.cafe.daum.net/ezpatent/7ZEN/1572?searchView=Y 해당 글은 14년도 기출 14번의 1번 지문에 대해서 묻고 있는데 답변을 옳은 지문이라고 하셨습니다. 1번 지문: 출원인이 특허출원의 특허거절결정에 대해 재심사 청구를 한 경우에 해당 거절결정등본을 송달받은 날부터 30일 이내에는 분할출원을 할 수 있다. 다른 관련 질문들을 다 읽고 정리했을때는 재심사청구와 동시에는 분할출원을 할 수 있지만 재심사청구 시 거절결정이 취소 간주되기 때문에 ""거절결정등본을 송달받은 날부터 30일 이내""에는 분할출원이 안된다고 생각하였습니다. 그렇다면 여전히 해당 지문은 틀린 지문이 되는것이 아닌지 궁금합니다. 감사합니다.",안녕하세요? 네. 틀린 지문입니다. 이해하고 있는 내용이 맞습니다., ,,20.02.11
특허법,문제,52조,[52] 분학출원 소급적용 예외?댓글수1?사진첨부,객문 263 3번지문에서 a 에대한 확선지위가 16.10.20부터 발생하고 을은 특허받을수 있는거 아닌가요?,"첫댓글 분할출원에 대한 확선의 지위는 16.10.20의 다음날부터 발생하나, 원출원에 대한 확선의 지위는 16.7.20의 다음날부터 발생합니다. 적법한 분할출원이라는 것은 원출원에 a도 포함되어 있다는 의미입니다.", ,,20.02.12
특허법,조문,44조,[44조] 위반여부?댓글수1,A B 가 공동발명하고 C가 출원하면 33조1항 및 44조 위반 모두 해당하나요? 같은 내용을 질문 드리는 듯해 죄송합니다,제33조제1항본문 위반입니다. 제44조 위반은 특허를 받을 수 있는 권리를 가진 자 일부를 누락한 경우를 말합니다, ,,20.02.13
특허법,문제,42조,[42] 객관식 279?댓글수1?사진첨부,2번선지이 틀린선지인 이유가 기재방법위반한 청구항 2를 인용하고 있어서 인가요?,행령 제5조 제6항 위반입니다., ,,20.02.13
특허법,조문,54조,"[54,55조]우선권주장의 보정,추가?댓글수1?사진첨부","안녕하십니까 변리사님, 1. 사진에서 Z출원이 X출원을 기초로 조약우주 하는 게 아니라 Y출원만을 기초로 조약우주 한다면 55조5항의 최우선일은 Y출원일이 되서 Y출원일로부터 1년4개월 이내에 우선권주장을 보정 또는 추가 할 수 있는건가요??아니면 Y출원만을 기초로 해도 X출원이 최우선일이 되는건가요? 2. 2017후 1274 판례는 PCT자기지정의 경우뿐만 아니라 국내출원을 기초로 국내우주(55조) 한 경우 후출원 당시 특허출원인이 특받권 승계받았다면 국내우주 할 수 있는건가요??아니면 PCT자기지정의 경우에만 가능한건가요?",안녕하세요? 1. Y출원일이 최우선일입니다. 2. 국내출원도 마찬가지입니다., ,,20.02.13
특허법,조문,42조의3,[42조의3] 외국어출원의 번역문 보정 간주 효과를 오역정정에는 부여하지 않은 취지가 무엇일지 궁금합니다.?댓글수1,"안녕하세요! 외국어특허출원 후 번역문을 제출한 경우 42-3조 5항에 의해 보정 간주 효과가 부여되는데요, 6항에서 굳이 ""정정된 국어번역문에 관하여는 5항을 적용하지 아니한다""라고 제외한 취지가 무엇일지 궁금합니다. 출원인 입장에서는 불필요하게 유사한 절차 2번 밟게 되는 셈인데 굳이 6항을 통해 보정 간주 효과를 벗겨버린 이유가 무엇일까요? 스터디원들과 논의를 해보았는데 1) 오역 정정에 대해 보정이 적법한지처럼 심사를 하면 지나치게 심사가 지연되기 때문이다, 2) 번역문은 권리범위를 정의하는 문서가 아니기 때문에 보정간주 효과 부여한 것이 출원인 편의를 위한 예외인 것이고 보정은 따로 하는 것이 원칙으로서 당연한 것이다, 등의 의견이 있었는데 다들 고만고만한 레벨에서 논의를 하니 시간낭비인 것 같습니다. 변리사님께서 가르침을 주시면 제가 전파하도록 하겠습니다!! (항상 고민 해결 감사드립니다) (참고: 2019. 12. 10. 시행 특허법 42-3조 5항, 6항 조문 내용) ⑤ 특허출원인이 제2항에 따른 국어번역문 또는 제3항 본문에 따른 새로운 국어번역문을 제출한 경우에는 외국어특허출원의 특허출원서에 최초로 첨부한 명세서 및 도면을 그 국어번역문에 따라 보정한 것으로 본다. 다만, 제3항 본문에 따라 새로운 국어번역문을 제출한 경우에는 마지막 국어번역문(이하 이 조 및 제47조제2항 후단에서 ""최종 국어번역문""이라 한다) 전에 제출한 국어번역문에 따라 보정한 것으로 보는 모든 보정은 처음부터 없었던 것으로 본다. ⑥ 특허출원인은 제47조제1항에 따라 보정을 할 수 있는 기간에 최종 국어번역문의 잘못된 번역을 산업통상자원부령으로 정하는 방법에 따라 정정할 수 있다. 이 경우 정정된 국어번역문에 관하여는 제5항을 적용하지 아니한다.","안녕하세요? 오역정정에 대해 보정의 효과를 부여하면 오역 정정 자체가 신규사항추가가 되기 때문에, 이를 회피하기 위함입니다.", ,,20.02.14
특허법,문제,52조,[52조 외] 분할출원 변경출원 재심사 거절결정불복심판 청구 기간?댓글수1,"안녕하세요 이지특허 객관식 문제 풀다 질문드립니다. 455번 해설에 보면 변경출원은 최초의 거절결정등본을 ""송달 받은 날""부터 30일 재심사청구는 최초거절결정등본 ""송달일""부터 30일 거절결정불복심판은 거절결정등본의 ""송달 후"" 30일 로 나와있는데 결국 같은 뜻인건가요?? 답변 부탁드리겠습니다. 감사합니다.",안녕하세요? 같은 말입니다., ,,20.02.15
특허법,조문,,우선권 주장과 공지예외 주장에 관한 질문입니다?댓글수1,"안녕하세요? 질문드립니다 1. 국내우선권 주장의 경우 공지일로 부터 1년내에 기초출원이 있으면 국내우선권 주장출원시 공지일로 부터 1년이 지나도 우선권주장 출원일을 기준으로 절차를 밟을 수 있는것으로 알 고 있습니다. 그 효력에 관한 질문인데요, 우선권 주장 출원중 소급효가 인정되는 발명에 대해서만 공지예외 주장의 효력을 받을 수 있는건지, 소급효 상관없이 공지예외 주장을 받을 수 있는것인지 궁금합니다. 사례를 들면, 1. 발명 A의 공지가 있고 2. 1년내에 기초출원을 하면서 발명 B를 청구하며 A공지에 대해 공지예외주장을 했습니다(B는 A로부터 용이하게 발명가능) 3. 그리고 A공지로부터 1년 지났지만 기초출원일로부터 1년내에 공지우선권 주장출원을 하면서 청구항1항은 A를, 청구항2항은 B를 청구했습니다. 그리고 공지예외 주장을 하였고요 이 경우에 우선권주장출원 1항과 2항 모두 공지예외주장 효력을 받아서 문제없이 등록가능한지, 우선권주장 출원중 판단시점 소급을 받는 2항만 공지예외주장 효력을 받아서 등록이 가능한지 질문드립니다. 타 문제집에 판단시점 소급을 받는 2항의 발명만 공지예외 주장 효력을 받을 수 있다고 되어있어서요. 2. 공지1과 2가 있고 기초출원이 각 공지일로부터 1년내에 출원되었습니다.(공지1에 대해서는 공지예외주장했지만, 2에 대해서는 안했음) 국내우선권주장출원은 기초출원부터 1년내지만 각 공지로부터 1년은 지난상태라고하면, 국내우선권주장 출원을 하면서 공지예외 주장을 할때 기초출원이 공지예외주장을 공지1에 대해서 했다면 국내우선권 주장 출원은 기초출원이 한 공지1에 대해서만 공지예외 주장을 할 수 있는건지. 공지2에 대해서도 공지예외주장을 할 수 있는 건지 헷갈리네요 답변기다리겠습니다. 감사합니다.","안녕하세요? 1. 발명단위로 1년 요건을 만족했는지 판단합니다. A는 1년이 지났기 때문에 공지예외적용주장이 안 됩니다. 2. 우선권주장출원의 일부 발명이 기초출원일까지 판단시점의 소급효가 인정된다면, 공지 2에 대해서도 공지예외적용주장을 할 수 있습니다. 제목이 질문규칙에 맞지 않으니 수정해 주세요.", ,,20.02.16
특허법,조문,52조,[52조] 분할출원과 확선의 지위?댓글수1,안녕하세요 분할출원을 공부하던 중 궁금한 것이 생겨 질문드립니다. 분할출원을 할 경우 확대된 선출원에서 '다른 특허출원'의 지위는 그 소급효가 인정되지 않는 것으로 알고 있는데요 그렇다면 '다른 특허출원'의 지위가 아니라 분할출원 자체의 등록요건을 판단할 경우에는 소급효가 인정되는 것인가요? 예를 들어 원출원 : ab (abcd) 제 3자의 출원 : ab(abcd) 분할출원 : cd(abcd) [괄호 안은 최명도입니다.] 이렇게 순차적으로 출원이 된 후 원출원이 공개 전 삭제 보정이 되었다면 분할출원은 확선의 지위가 소급되어 제3자의 출원에 의해 거절되지는 않는 것인가요? 그렇다면 제3자의 출원과 분할 출원 모두 등록이 가능한 것인가요?,"네, 모두 등록가능합니다.", ,,20.02.18
특허법,조문,29조,[29조]선택발명 비교실험자료?댓글수2,"선택발명은 이질적이거나 동질이더라도 현저한 효과가 있음은 명확히 기재하여야 한다 명확히 기재되어있다고 하기위해서는 이질적인 효과는 구체적인 내용 현저한 효과는 정량적으로 기재되어어야 한다 효과의 현저함을 확인할 수 있는 비교실험자료 등까지 제출되어야 하는것은 아니나 의심스러울 경우 구체적인 자료를 제출하는 방법으로 그 효과를 주장입증할 수 있다 아래 2008허12678 그러나 출원일 이후 실험데이터를 제출하는 방법에 의하여 발명의 목적·구성 및 효과를 주장, 입증할 수 있는 것은, 이른바 선택발명에 있어서 명세서에 그 발명이 선행발명에 비하여 질적으로 다른 효과를 갖고 있거나, 질적인 차이가 없더라도 양적으로 현저한 차이가 있음이 명확히 기재되어 있어 기재불비는 없으나, 그 발명의 효과가 선행발명의 효과에 비하여 현저한지 여부가 의심스러운 경우 등에서 예외적으로 인정될 수 있는 것이고(대법원 2003. 4. 25. 선고 2001후2740 판결 참조), 이 사건과 같이 명세서에 하나의 발명의 구성 중 일부 구성에 대한 기재가 없어 기재불비가 있는 발명에서까지 인정되는 것은 아니므로, 원고의 위 주장은 더 나아가 살펴볼 필요 없이 받아들일 수 없다. 즉 1 비교실험자료를 제출하여 진보성 판단시 효과를 고려대상이 되게 할수 있다 2 다만 구체적인 내용이 기재되어 이질적인 차이를 확인할 수있거나 정량적으로 기재되어 양적으로 현저한 차이가 기재되어 있어 명세서 기재불비는 아니어야 효과를 입증할 수 있다 3 수치한정발명 판례에서 추후 실험자료를 통해 인정하지 않은것은 기재불비이어서이다 선택발명 판례와 수치한정발명 판례에 대해 제가 잘못 이해한 부분이 있을까요 잘못 이해하였다면 어떤식으로 제가 정리하고 있어야할까요 앞선 질문들을 보았음에도 정리가 쉽지않아 질문드립니다",1. 통상의 기술자가 최명도로부터 도출가능하다면 의견서에 나타낸 비교실험자료의 효과를 고려하여 진보성을 판단할 수 있다. 2. 기재불비는 다른 특허요건으로 진보성 판단과 별개로 판단한다. 3. 기재불비는 별개의 특허요건이다. 추후 실험자료가 제출이 인정되지 않은 것은 통상의 기술자가 최명도로부터 도출할 수 없기 때문이다. 라고 이해하면 됩니다. 기본서를 조금 더 정독해 볼 필요가 있어 보이네요., ,,20.02.18
특허법,조문,55조,[55] 우선권 주장 소급효인정?댓글수1,상위개념 A와 하위개념 a1 a2 a3 a1선출원 후 이를 기초로 상위개념 A 우선권주장 출원시 소급효가 인정되나요? 실시례1 기재후 우선권주장출원 청구범위에 실시례 추가 기재시 취급도 궁금합니다,1. 선출원의 최명도가 A가 없었다면 인정되지 않습니다. 2. 선출원의 최명도에 실시예1이 기재되어 있었다면 인정됩니다., ,,20.02.18
특허법,조문,36조2항,"[36조 2항, 6항] 협의불성립 질문입니다.?댓글수1",안녕하세요 임병웅 변리사님 공부하다가 궁금한사항이 생겨질문드립니다. 협의 불성립시에는 출원공개가 안되고 그에따라 확선지위가 없는게 맞나요? 감사합니다 저작자 표시컨텐츠변경비영리,"공개전 협의명령을 할 수도 있고, 공개후 협의명령을 할 수도 있습니다. 후자라면, 확선의 지위도 있습니다.", ,,20.02.19
특허법,조문,,공유관련 질문입니다?댓글수1,특허법상 공유는 합유로 본다고 알고있는데 민법상 공유 규정이 적용되나요?!,합유로 본다는 말은 처음 들어 보네요. 일부 합유적 성격을 지니고 있지만 근본적으로 민법상 공유관계와 같습니다. 제목이 질문규칙에 맞지 않으니 수정해 주세요~, ,,20.02.20
특허법,조문,42조,[42조 6항] 필수구성요소?댓글수1?사진첨부,"이지 336p 출원인은 발명의 필수구성요소이기만 하면 스스로발멍을 보호할슨 있는 가장 적절한수단을 선택하여 청구범위를 작성할수있다. 여기서 필수구성요소란 출원인 주관적사고에 근거해 추출한 후 청구항에 적은 구성요소다. 즉, 발명을 정의하는데 필요한 모든구성요소는 발명의 설명에 기재하면되고, 이를 필수구성요소로 청구항에 모두기재하는것은 아니다. 이말은 즉 발명정의하는데 필요한모든것은 발명의설명. 그리고 이중 내가 추출한 청구범위에 적은게 필수구성요소 인데 각주에 42조6항을 신설하면서 발명을 이루는 필수구성요소를 전부기재해야한다는 의미로 해석해야하는것을 명확히 하고있다 라고쓰여있어서요. 42조6항은 청구항의 구성요소기재방법인데 위와 모순되는것같아 질문드려요!","각주에서, 필수구성요소란 출원인이 주관적으로 선택한 구성요소를 말한다는 본문의 기재를 그대로 적용하면 됩니다.", ,,20.02.21
특허법,문제,29조,[29조]권리남용 항변?댓글수1,"신규성이 부정되는 경우 권리범위가 부인되는 것이고 진보성이 부정되어 무효로 될 것이 명백한 경우 특허권의 권리행사가 남용이다로 알고 있습니다 신규성이 부정되어 무효로. 될것이 명백한 경우에 권리남용항변 할 수 있다는 학설 내지 견해가 있는지 알고싶습니다 대법원 2014. 7. 24. 선고 2013다18806 판결 [특허권침해금지 <<<원심은>> 그 판시와 같은 이유로, 명칭을 '처리 카트리지, 전자사진 화상형성장치, 구동력 전달부재 및 전자사진 감광드럼'으로 하는 이 사건 특허발명(특허등록번호 제258609호)의 특허청구범위 제25항 및 제26항(이하 '이 사건 제25항 및 제26항 발명'이라고 한다)은 원심 판시 비교대상발명 1, 2에 의하여 <<<그 신규성이나 진보성이 부정되어 특허가 무효로 될 것임이 명백하다고 할 수 없어 이 사건 제25항 및 제26항 발명의 특허권에 기초한 원고의 이 사건 청구는 권리남용에 해당하지 아니한다고 판단하였다.>>> 또한 원심은 그 판시 이 사건 실시제품 중 삼각형 형태의 기어를 장착한 모텔뿐만 아니라 원통형의 돌출부 주변에 3개의 돌기를 가진 형태로 된 '클로버 기어'를 부착한 감광드럼을 생산·판매하는 것 역시 이 사건 제25항 및 제26항 발명에 대한 원고의 특허권을 침해하는 행위에 해당한다고 판단하였다. 이러한 판단을 전제로 하여 원심은, 2007. 12. 3.부터 2010. 11. 26.까지 기어를 부착한 이 사건 실시제품의 해외수출분 판매가격의 합계액 15.644,427,386원에 2007년부터 2010년까지 '컴퓨터 및 그 주변기기'에 대한 국세청 고시 단순경비율인 90%를 제외한 표준소득률 10%를 곱한 금액을 이 사건 특허권 침해행위로 인하여 피고가 얻은 이익액으로 보고, 위 금액을 기어 부분의 가격이 감광드럼 전체의 가격에서 차지하는 비율에 따라 제한한 범위로 한정하지 아니하고서 그 전액을 기초로 이 사건 손해배상액을 정하여야 한다고 판단하였다. 원심판결 이유 및 원심이 인용하고 있는 제1심판결 이유를 관련 법리와 기록에 비추어 살펴보면, 원심의 위와 같은 판단은 정당하다. 거기에 상고이유의 주장과 같이 특허청구범위의 해석, <<<<특허발명의 신규성이나 진보성 흠결에 기한 권리남용 판단>>>>, 특허권침해 판단 및 특허권 침해로 인한 손해배상액 산정<<<<에 관한 법리를 오해하는 등의 사유로 판결에 영향을 미친 위법이 없다.>>>> 그러므로 상고를 기각하고 상고비용은 패소자가 부담하기로 하여, 관여 대법관의 일치된 의견으로 주문과 같이 판결한다.","권리남용은 권리가 있음을 전제로 행사를 제한하는 것입니다. 즉, 침해가 성립하지만 특별한 사정에 의해 의해 권리행사를 제한하는 것입니다. 그런데, 신규성 부정은 침해가 성립하지 않습니다. 따라서, 권리남용이론을 적용하는데 무리가 있습니다. 논의나 학설이 있는지는 잘 모르겠네요.", ,,20.02.25
특허법,조문,51조,[51조] 보정각하와 특허법원의 처분 관련 질문입니다.?댓글수1,"안녕하세요? 1차시험이 밀려 못들은 판례강의를 수강하던 중 의문사항이 생겨서 질문드립니다. 우선, (1) 거불심에 대한 심취소에서 특허청장은 출원인의 의견서, 보정서 제출기회 보장을 위해 제한설이 적용되지만 보정각하의 경우에는 63조 1항 단서에 따라 출원인에게 의견서, 보정서 제출기회를 추가로 부여하지 않으므로 위 법리가 적용될 수 없으므로 보정각하결정의 이유 이외의 사항을 주장하여 보정각하의 적법성을 주장할 수 있다. (2) 거불심에 대한 심취소에서 특허법원의 심판대상은 심결의 위법성 및 절차의 위법성 일반이므로 그 보정각하결정이 위법한 경우에는 그것만으로 취소환송 하여야한다. (보정 후 명도로 판단하는 것은 행정권의 행사로 삼권분립원칙에 반하고, 출원인의 의견서, 보정서 제출기회를 박탈하게되므로) [질문 1] 출원인이 A 라는 이유로 보정각하결정을 받고 거불심에서 기각된 후 심취소를 제기하였는데 특허법원에서 특허청장이 A가아닌 B라는 이유로 보정각하결정이 적법하다고 주장하는 경우, A를 이유로 한 보정각하 결정이 위법하더라도 특허청은 새로운 주장이 가능하므로 (1)의 법리에 따라 기각되어야 하나요? 아니면 A를 이유로 한 보정각하 결정이 위법한 것 그 자체로 (2)에따라 취소환송 하여야하나요? [질문 2] 질문 1의 답이 기각이라는 전제하에 해석하면 결과적으로 보정이 51조 1항에 해당하면 51조 2항에따라 통지하는 보정각하결정의 이유는 사실상 어떠한 이유여도 상관없다는 결론이 나오는 것이 아닌가요? 보정각하결정이 진보성에 위반되는 경우나 기재불비인 경우나 상관없이 신규성 위반으로 보정각하 후 심취소 단계에 이르러서야 진보성 위반이나 기재불비 위반을 주장하는 것이 적법하다는 결론이 출원인 보호에 부적합해 보여서 이러한 결론이 맞는 것인지 묻고싶습니다. 특허법을 공부할수록 임병웅 변리사님 너무 멋지십니다. 감사합니다. 용환 올림. 저작자 표시컨텐츠변경비영리","안녕하세요? 1. B의 이유가 적법하다면 기각됩니다. 2. 출원인 보호라는 것이 의견서/보정서 제출기회의 부여인데, 어차피 보정각하할 때는 의견서/보정서 제출기회를 주지 않기 때문에 가능한 것입니다. 열공하세요~", ,,20.03.01
특허법,조문,53조,[53조] 변경출원시 공지예외주장 취지기재?댓글수2,"임병웅 변리사님, 안녕하세요. 다른 질문들 검색해봤는데 같은 질문이 없네요ㅜㅜ 제가 뭔가 크게 잘못 이해하고있나봅니다.. 이전에는 원출원시에 공지예외주장을 안 했으면 변경출원시에도 공지예외주장을 할 수 없었으나, 30조 3항이 도입됨으로써 가능해졌다고 알고 있습니다. 그런데 30조 3항은 '변경출원시'도 놓치고 이후에 가능한 기간을 규정한 것 같은데요.. '변경출원시'에 공지예외주장이 가능한 것은 30조 3항이 아니라 53조 2항 2호 때문이 아닌가요? 53조 2항 2호에 의해, 30조 2항 적용시에는 '원출원시'가 아니라 '변경출원시'를 특허출원일로 보니까, '변경출원시'도 30조 2항의 기간에 해당해서 공지예외주장을 할 수 있는게 아닌지요?","기존에는 원출원 당시 제30조 주장을 하지 않아서, 원출원이 공지기술에 의해 신규성, 진보성 위반되는 것을 회피하기 위해 분할출원이나 변경출원을 악용했다는 것입니다. 이를 막기 위해 원출원이 제30조 주장을 하지 않았다면 분할출원, 변경출원 역시 제30조 주장을 하지 못하도록 하였습니다. 그러나, 현재는 원출원 당시 제30조 주장을 하지 않고 나중에 해도 되기 때문에, 이를 막을 필요가 없어졌습니다.", ,,20.03.04
특허법,조문,33조,[33조] 무권리자 여부?댓글수3,A b공동발명 후 A가 출원 등록 받은 경우 33조1항 위반인가요? 다수설의 입장과 근거를 알 수 있을까요?,제44조 위반입니다. 법조문을 한 번 읽어볼 것을 추천드립니다.,네 저도 조문상 그러하다고 알고 있으나 2차책에 33조 위반으로 보는 견해가 있다고 소개되고 있어서 일반적으로 받아들여지는 내용인지 궁금해서요,"최소한 견해의 출처가 어디인지를 말씀해 주셔야 검토할 수 있을 것 같습니다. 즉, 일반적인 내용은 아닙니다.",20.03.05
특허법,조문,29조,[제 29조] 미완성발명의 확선지위 질문드립니다.?댓글수4,"미완성발명이 출원공개가 되고나서 이후 무효 포기 취하 거절결정확정되면 확선지위는 어떻게되나요? 판례집에서 미완성발명은 확선지위가 없다고하나 비고에서 어짜피 미완성발명은 등록받지 못할것이므로실익이 없다고 되어있는데, 그럼 공개가되면 확선지위는 남아있어야 하지 않나요??",확선 지위가 없다는 것이 판례입니다. 판례집에서 얘기하는 것은 선출원(미완성발명)이 아니라 후출원에 대한 것입니다.,판례집에서 91후1656 판례입니다 타출원의 확선 지위는 선출원에 대한 것 아닌가요???,"선출원인 미완성발명과 동일한 발명을 출원하면 미완성발명으로 거절되기 때문에, 선출원의 확선지위 인정여부와 상관없이 후출원은 등록받을 수 없다는 것이 판례집의 해설입니다.",20.03.16
특허법,조문,29조,[제 29조] 산업상 이용가능성에 관한 질문입니다?댓글수1,"혈액투석장치는 혈액투석방법과 다르게 인체를 구성요소로 하지 않아 산업상이용가능성이 있다고 알고 있는데요 도해특허법 내용에서는 인체를 직접적인 구성요소로 하지 아니한 의료행위에 사용하는 의료기기 장치라고 되어있는데, 혈액투석기기는 그 의료행위(혈액투석방법)가 인체를 구성요소로 하고있어 산업상이용가능성이 없는것아닌가요???","혈액투석기기 구성 중 어디에도 인체가 포함되어 있지 않습니다. 다만, 혈액투석기기를 인체에 사용할 뿐입니다.", ,,20.03.19
특허법,조문,29조,[제 29조] 진보성 판단 질문있습니다?댓글수3,대법원 판례 84후9 선출원된 인용디자인의 형상 및 모양이 ~ 신규상 유무의 판단자료로 삼았다 하여 위법이 있다고 할 수 없다. 여기서 진보성 판단 대상이 발명에 한정하지 않았다는 내용이 어디에 들어있는지 모르겠어요 ㅠㅠ,선출원의 발명이 아닌 디자인과 비교하여 진보성을 판단하고 있습니다., ,,20.03.25
특허법,조문,36조,[36조 2항] 기재불비로 거절결정 내려진 경우 선원의 지위?댓글수1,"안녕하세요 ! <갑과 을이 동일자에 동일발명에 대해서 출원을 하고, 갑의 출원이 먼저 등록된 경우이고, 을의 출원에 대해 발명의 설명의 기재불비를 이유로 거절결정이 내려진 경우. 갑의 특허권 또한 무효사유를 갖게 되고 무효심판에 의해 언제나 권리 소멸? -> X> 원래는 동일 출원일때 어느 한 출원이 특허된 경우, 협의 할수 없는 경우에 해당하여 나머지 출원에 대해 거절 이유를 통지하고 그 등록된 특허도 ‘무효사유’ 를 갖는것인데. 1. 그 등록된 특허의 무효사유 라는 것이 무엇인가요? 단순히 36조 2항 위반, 착오 등록 인가요? 2. 최종적으로 둘다 무효가 되면 선출원지위가 있으므로 어느 누구도 재출원을 통해 특허를 받을수는 없게 되는 것인가요? 3. 위의 <> 경우에서 을의 기재불비로 인한 거절결정의 확정의 경우에는 선원의 지위가 상실되어 갑의 특허는 유효하다고 풀이가 되어있는데. 일단 무효사유가 있으므로 무효심판을 통해 무효가 되지만 을의 출원이 선출원 지위가 없으므로 재출원을 통해 특허를 받을수있다는 의미인가요? 4. 3이 아니라면 동일자출원에 협의할수없는 경우인데 어떻게 ‘선원의지위 상실’ 이라는 이유로 갑의 특허가 유효할수있는지 궁금합니다.",1. 네 2. 특허의 무효는 선출원의 지위가 없습니다. 그러나 공개후 무효이므로 공지기술의 지위가 남게 됩니다. 3. 무효가 되지 않는다는 의미입니다. 4. 네. 그렇습니다., ,,20.04.03
특허법,조문,34조,34. 35 정당한 권리자의 보호 객관식 문제?댓글수1,안녕하세요 객관식 313번 문제 질문드립니다 선택지 4번에서는 정당한 권리자 갑이 을의 출원에 대해 거절결정이 된 날로부터 30일이 경과한 후 출원을 하면 갑의 출원은 을이 출원한 날에 출원한 것으로 취급되지 아니한다. 이게 옳지 않은 선택지인데요 30일이 경과한 후에 출원했으니 출원의 소급효가 인정되지않으니까 저 지문은 맞는 말이 아닌가요?,"거절결정이 된 날과 거절결정이 확정된 날을 구분하지 못하고 있습니다. 거걸결정확정은 거절결정이 되고, 등본이 송달되고, 30일이 경과되어야만 합니다.", ,,20.04.08
특허법,조문,53조,53조 객관식질문?댓글수1,안녕하세요? 객관식 367번 5번 선택지에서는 원출원의 특허결정등본이 송달된 이후에는 변경출원을 할 수 없다가 틀린 지문이라고 나와있는데요 옆에 해설에 특허결정등본이 송달된 이후에도 설정등록 이전이라면 변경출원이 가능하다. 다만 최초 거절결정 등본이 송달되지 않고 특허결정등본이 송달된 경우에 한한다 라고 되어있네요? 변경출원은 최초의 거절결정등본 송달받은날부터 30일 이내에 신청하는게 아닌가요? 결정등본이 송달되어도 신청할 수 있나요?,"거절결정과 특허결정을 구분하지 못하고 있습니다. 거절결정등본이 송달되지 안혹 특허결정등본이 송달되었다면, 설정등록전까지는 출원계속중이기 때문에 변경출원을 할 수 있습니다.", ,,20.04.08
특허법,조문,42조,[42조] 종래기술 질문입니다.?댓글수1,"안녕하세요 임병웅 변리사님 공부하다가 궁금한 사항이 생겨 질문드립니다. 객관식 280번 3번 보기입니다. ""출원발명의 명세서에 기재된 종래기술은 그 출원발명의 출원인 스스로가 그 출원발명의 선행기술임을 인정한 것이어서 종래기술을 공지기술로 간주하고 그 출원발명뿐만 아니라 다른 출원발명의 신규성 또는 진보성을 판단할 수 있다."" 이 보기에서처럼, 자인하지않은 경우엔 공지기술로 추정할수 없다고 알고았는데요. 그렇다면 자인까지했다면 자기 출원에서 공지기술로 사실상 추정할 수 있음은 알겠는데, 다른 출원발명의 신규성 또는 진보성도 판단할때도 공지기술로 볼 수 있나요?? 감사합니다. 항상 감사합니다.",공지기술로 보지 않습니다., ,,20.04.09
특허법,조문,55조,[55조] 우선권 주장의 주체?댓글수1,"변리사님 안녕하세요. 최근 2017후1274 대법원 판결에서 국내우선권주장의 경우 ""특허를 받을려는 자""가 우선권주장을 할 수 있고 우선권주장출원 당시 후출원의 출원인이 선출원의 출원인과 일치해야 하는 것은 아니라는 판시가 있었고 올려주신 추록에 반영되었음을 확인했습니다. 그렇다면 선출원이 공동출원이어도 후출원인 국내우선권주장에서 공동으로 할 필요가 없는것인지 궁금합니다. (올려주신 추록에 ""선출원 발명을 개량하여 후출원 발명을 하는 과정에서 선출원의 출원인 중 일부만 후출원의 출원인에 포함되거나"" 이 부분이 공동출원의 경우를 말씀하시는 것인지 궁금합니다.) 항상 감사합니다.",네. 공동출원할 필요가 없습니다., ,,20.04.12
특허법,조문,42조,42조8항 시행령5조?댓글수1,"안녕하세요 변리사님. 42조8항 시행령5조 관련해서 강의를 듣다가 잘 이해가 안가는 것이 있어서 질문드립니다. 1. 청구항의 중복기재에서 판례는 적법할 수 있다하여 5조3항을 삭제했는데, 실무상으로는 시행령5조2항 위반으로 처리 한다고 배웠습니다. 그런데 여기서 중복기재란 문언적으로 동이한 경우를 말하며 실질적으로 동일할 뿐 표현을 달리한 경우는 제외한다고 했습니다. 궁금한것이 문언적으로 동일하다는 것이 문언적으로 완전히 일치하다는 건데 그런경우가 발생할 수가 있나요? 똑같은 말을 그대로 다른 청구항에 똑같이 쓰는 경우가 발생할 수가 있는지 아니면 제가 잘못 이해한 건지 여쭤보아요. 2. 시행령5조 5항 택일적기재에 대해서 잘 이해가 안가는 것이 2이상을 인용할 때는 무조건 택일적으로 기재하여햐 한다고 한는데, 택일적기재는 결국 인용하려는 여러 항들 중에 하나만 인용한다는 것인데, 만약 청구항1. A 및 B를 포함하는 장치. 청구항2. C 및 D를 포함하는 장치. 에서 만약 청구항3을 A,B,C,D에다가 E를 포함하고 싶으면 청구항3. 청구항1 및(AND) 청구항2에 있어서, E를 포함하는 장치. 라고 해야 하지 않아요? 즉 2이상의 청구항을 인용할 때 그 청구항 둘을 동시에 인용하고자 할 때는 그러면 어떻게 해야하는지 모르겠어서 질문드립니다.","안녕하세요? 1. 네. 그런 경우 많이 발생합니다. 2. 청구항 3. 1항에 있어서, C, D, E를 더 포함하는 장치, 또는 2항에서 A, B, E를 더 포함하는장치 라고 하면 됩니다.", ,,20.04.14
특허법,조문,42조,42조3항1호?댓글수1,"안녕하세요 변리사님. 강의를 듣다가 궁금한 것이 생겨 질문드립니다. 42조3항1호에서 ""발명을 이해하고 재현할 수 있는 정도""인지의 여부에서 발명의 설명에 나타나있는 효과까지 실시가 되어아 하는 실질적재현설이라고 배웠습니다. 그렇다면 통상의 기술자가 발명의 설명에 나타나 있는 효과를 예측할 수 없고 나타나지 않는다면 42조3항1호 위반인데, 만약 그 나타나지 않은 효과가 청구항에 기재되어 있지 않거나 그 효과가 나타나지 않는다고 하여 청구항의 발명을 실시하는데 아무 문제 없으면 그때는 결국 42조3항1호 위반 아니라고 보면 될까요? 즉, 교재를 보면 ""발명의 설명에 기재된 효과가 발명으로부터 도출될 수 없음이 명백한 경우에 42조3항1호위반""이라고 되어있어서 이때 ""발명의 설명에 기재된 효과""는 청구항에도 기재되어 있거나 청구항의 실시와 관련된 효과라는 전제가 깔려있는 건가요?","청구항에 기재되지 않은 발명은 발명의 설명의 법 제42조제3항제1호 요건을 만족할 필요가 없습니다. ""그 발명""이라는 내용을 읽어보세요.", ,,20.04.14
특허법,조문,51조,[51조] 보정각하 질문입니다.?댓글수1,"안녕하세요 임병웅 변리사님 공부하다가 궁금한 사항이 생겨 질문드립니다. 객관식 324번 5번 보기의 해설입니다. 객관식 324번 문제 특허법 제 47조 제1항 제2호에 의한 거절이유통지(최후거절이유통지) 후의 보정에 대하여 옳지 않은 것은? 5번보기 '보정후 청구범위에 특허법 제62조 각호의 거절이유가 존재하는 경우 적법하지 아니한 보정으로 각하된다' 틀린 보기인건 알겠는데, 답지에 ' 보정에 의하여 새로운 거절이유가 발생한 경우에만 보정각하된다(51조1항)' 라고 되어있습니다. 근데 그 경우만이 아니라 47조 2항 3항위반도 포함되어야 하는것 아닌가요? 감사합니다.","네. 포함됩니다. 해설은 문제에서 틀린 부분은 대한 설명인 것이지, 보정각하되는 사유 전체에 대한 설명이 아닙니다.", ,,20.04.14
특허법,조문,52조,[42조3항1호]명세서 기재불비 해소 - 선택발명?댓글수1,"안녕하세요 변리사님! Q1. 의약용도발명에서 명세서에 효과가 명확기재되어 있더라도, 비교실험자료를 보정으로 추가하는것이 47조2항 위반이 아닌지 궁금합니다 의약용도발명에서 명세서에 효과가 명확히 기재되면 족하고 비교실험자료까지는 기재될 필요가 있으며 효과의심스러울 경우 추후 제출해 효과를 주장입증 가능하다(2001후736) 여기서 최초명세서에 효과가 명확기재되었다면, 추후 비교실험자료를 제출해 주장입증할 수 있다는 것""의 의미가 보정으로 명세서에 비교실험자료를 추가할 수 있다는 의미인가요? 아니면 단순히 의견서통해서 의견을 뒷받침하는 자료로서 사용된다는 의미인가요? 만약 보정을 의미한다먄 47조2항 신규사항 추가가 아닌것인가요? 비교실험자료가 ""최초명세서에 기재된것과 마찬가지로 이해""될 수 있는 경우만 신규사항추가가 아니고, 그러한 경우 심사관이 애당초 효과가 의심스럽다고 하지 않았을테니, 정말 예외적인 경우가 아니라면, 효과가 명세서에 명확히 기재되어있는 경우라도 비교실험데이터를 보정으로 추가하는 것은 신규사항 추가가 된다고 보아도 될까요? Q2. 아래 판례에서 ""보완""의 의미가 보정으로 실험데이터를 명세서에 추가한다는 것이 아니라, 의견서등의 근거자료로서 사용한다는 의미로 받아들이면 될까요? 출원일 후 제출된 실험데이터에 의해 명세서기재를 ""보완""할 수 있는 경우는 본래 명세서기재요건을 충족했음에도 불구하고 효과가 의심스러워 이를 보완하기위해 제출라는 경우만 추가제출이 허용된다(2003허2317)",1. 의견서에 비교실험자료를 기재합니다. 2. 의견서에서 보완한다는 내용입니다. 열공하세요~, ,,20.04.15
특허법,조문,30조,30조 공지예외적용주장?댓글수1,"안녕하세요 변리사님. 30조 공지예외적용 강의를 듣고 나서 복습하다가 궁금한 것이 생겨 질문드려요. 30조1항 본문 자기 의사에 의하여 공지된 경우에, 교재에 ""다만 특허를 받을 수 있는 권리를 가진자가 직접 발명을 공개하거나 자신의 발명임을 밝여야만 하는 것은 아니다""라고 있으면서 각주3번에 판례가 있습니다. 판례를 보면 결국 자기의 발명을 꼭 자기가 공개 안하더라도 제3자에게 의뢰하거나 위탁해서 공개된 경우도 본인의 의사에 의한거라고 볼 수 있다고 했습니다. 이 부분을 읽고 나서 공지예외적용주장의 무효로써 방식에 위반된 경우, 여기서 방식에 위반된 경우가 각주11번으로 나와있는데, 첫 번째로 ""그 발명을 발표한 자와 출원인이 다른 경우""라고 나와있는데 여기에서 말하는 방식위반 사유는 위의 제3자에게 의뢰하여 공개하게 한 경우는 제외한 경우를 말하는 건가요? 그러면 여기 방식위반에 나와있는 발표한 자와 출원인이 다른 경우를 예로 들면 발명자가 발표를 하고 나서 그 특받권을 제3자에게 양도하여 준 경우라고 생각하면 될까요? 양수인은 결국 발표자는 아니기 때문에 그 발명에 대해 특허출원을 할 때 공지예외적용주장을 못하는 것이 맞겠지요? 항상 좋은 강의 해주셔서 감사합니다.","발명자, 공개자, 출원인 중 2명이 일치하지 않으면, 왜 일치하지 않은지에 대한 증명서류(제30조 제2항의 증명서류와 별개)를 제출해야 하고, 그렇지 않으면 방식위반입니다.", ,,20.04.15
특허법,조문,45조,45조 하나의 특허출원의 범위?댓글수1,"안녕하세요 변리사님. 45조 강의를 들으면서 궁금한 것이 있어 질문드립니다. 리담특허법19판 교재372쪽에 하나의 특허출원의 범위 판단의 구체적 예에서 만족하지 않는 예로 청구항 1. 직류모터용 제어회로A 청구항 2. 직류모터용 제어회로B 이렇게 나왔습니다. 그리고 둘은 당연히 기술상호관련성이 없어서 시행령6조에 위반이라 45조 위반이라고 이해했습니다. 그런데 45조의 취지를 가르쳐주시면서 예를들어 하나의 출원에 바이오제약 관련된 것과 반도체 관련 발명이 하나의 출원에 있으면, 하나는 심사관의 전문분야가 아니기 때문에 원활하게 심사진행을 할 수 없고 따라서 따로 출원을 해야한다 하셨습니다. 이러한 취지로 관련성 있으면 하나의 출원으로 해도 되는데, 그러면 위의 예에서 보면 직류모터용 제어회로A 와 B는 같은 분야이고 한 명의 심사관이 심사하는데 문제 없는거 같아서, 그러한 취지로 보면 하나의 특허출원에 해도 될거같은데, 취지 이전에 법으로써 서로 상호관련성이 있음을 요건으로 했기 때문에 거기서 위반이 되어서 저런 경우는 따로 출원해야 되는 건가요? 항상 좋은 강의 감사합니다^^","전혀 다른 특징 A와 특징 B를 가지고 있는 것과 관련해서는, 2건의 출원에 대한 심사를 한 번에 해야 한다는 것인데, 심사하는데 어려움이 있지 않을까요? 수수료를 별도로 내면서 별개로 출원하여 심사받는 것이 적절하다고 생각하면 됩니다.", ,,20.04.15
특허법,조문,29조1항,"[29조1항,2항] 수치한정발명 신규성/진보성 판례 질문드립니다?댓글수1","2011후2015 판례 질문입니다. 아래는 판결요지부분의 일부입니다. a) 수치한정이 공지된 발명과는 서로 다른 과제를 달성하기 위한 기술수단으로서의 의의를 가지고 그 효과도 이질적인 경우나 공지된 발명과 비교하여 한정된 수치범위 내외에서 현저한 효과의 차이가 생기는 경우 등에는, b) 그 수치범위가 공지된 발명에 구체적으로 개시되어 있다고 할 수 없음은 물론, 그 수치한정이 통상의 기술자가 적절히 선택할 수 있는 주지·관용의 수단에 불과하다고 볼 수도 없다. 여기서 a부분은 진보성유무를 판단하는거같은데 왜 결론인 b부분에서는 신규성이 있다고 판시하는건가요? 물론 진보성이 인정되면 신규성도 당연히 인정되겠지만 신규성판단이면 이질적 효과나 현저한 효과를 따질 필요가 없지 않나 싶어서 질문 드립니다. 저 판례부분을 요약하면 ""현저한 효과가 있으므로 신규성을 인정한다."" 고 읽혀서 어색하게 느껴져서요..","원심 판결에서 신규성 위반이라고 했는데, 대법원에서 깨진 사건입니다.", ,,20.04.16
특허법,조문,42조,[제 42조 9항] 도면 기재사항에 관한 질문입니다?댓글수1,Q1. 도면은 제출했는데 도면에 관한 설명부분 미기재시 42조 9항 위반으로 절차보정사유 맞나요?? Q2. 혹시 도면에 관한 설명은 기재했는데 도면은 미제출하면 어떻게 되나요??,"1. 도면의 설명부분과 도면의 간단한 설명은 헷갈리고 있는 것 같네요. 도면의 설명부분이 없다고 하여 절차보정사유에 해당하는 것은 아닙니다. 2. 발명의 설명에 도면의 간단한 설명을 기재했는데, 도면을 제출하지 않은 경우 법 제42조제3항제1호 위반에 해당하게 됩니다.", ,,20.04.18
특허법,조문,52조,"[52조, 55조] 분할출원과 원출원을 같이 심사하는지, 국내우주 선출원의 공지기술의 지위?댓글수2","1. 분할출원의 심사순서는 원출원의 심사청구순서에 따른다는 말이, 원출원과 분할출원을 같이 심사한다는 말인가요? 만약 맞다면 둘을 심사하며 거절이유통지, 보정, 등록여부결정 등의 심사단계 절차도 함께 밟게 되나요? 2. 도해특허법 13판 61쪽 6번 '국내우선권주장출원의 경우' 그림 질문입니다. 후출원(Y)의 공개시부터 선출원과 후출원의 최명도가 모두 공지기술의 지위를 갖는다고 적혀 있는데, 법 55조 4항을 보면 29조3항과 4항을 적용할 때에만 선출원이 (후출원과 겹치는 범위 내에서) 출원공개된것으로 간주한다고 써있으니 29조1항을 적용할 때는 공개된것으로 간주하지 않는것 아닌가요? 요약하면 Y의 공개시 전까지 선후출원 최명도에 모두 기재된 발명의 확대된 선출원의 지위는 갖는건 이해가 가지만, Y공개시부터 공지기술을 갖는건 이해가 안 돼서 질문드립니다!!","1. 심사순서만 같고, 나머지 절차는 별개로 진행됩니다. 2. 법 제29조제3항,제4항이 아니라, 법 제216조에 의해 공지기술의 지위가 인정됩니다. 제목 수정해 주시고, 강의노트 참조하세요~", ,,20.04.20
특허법,조문,54조,54조와 55조?댓글수1,"안녕하세요 변리사님. 조약우주와 국내우주 강의를 들으면서 궁금한 것이 생겨 질문드립니다. 조약우주에서의 최선성과 국내우주의 이중우주(누적적우주)의 취지가 같은 것 같고 적용 하는 방법도 같은데, 국내우주의 선출원 요건도 최선성으로 하면 될거 같은데, 왜 따로 조문을 만들어서 이중우주의 경우를 고려하게 되었나요..? 감사합니다.","단순히 누적적 우주를 막기 위해서, 요건을 바뀌는 것은 주객전도된 생각인 것 같습니다. 요건이 먼저 만들어지고, 운영하다 보니 문제점이 있어서, 이중우주를 제한하고 있다라고 생각하면 됩니다. 열공하세요~", ,,20.04.21
특허법,조문,47조,[47조] 요약서의 보정 가능 여부?댓글수1,"제47조(특허출원의 보정) ① 특허출원인은 제66조에 따른 특허결정의 등본을 송달하기 전까지 특허출원서에 첨부한 명세서 또는 도면을 보정할 수 있다. 47조1항에서는 명도를 보정 대상으로 정의하고 있습니다. 질문1) 효용은 크지 않지만, 만약 요약서의 표현이 마음에 들지 않는 경우 요약서를 자진보정할 수는 없나요? 질문2) 아울러 대한민국을 지정국에 포함하고있는 국제출원이 국내단계에 적법하게 진입한 경우에도, 질문1)에서와 동일하게 판정이 난다고 보면 될지요?(∵ 특례규정 無)",1. 네. 요약서는 자유롭게 바꿀 수 있습니다. 2. 네., ,,20.04.22
특허법,조문,29조,[29조] pbp 청구항?댓글수1,준특허를 읽고 있는데 진정pbp와 부진정 pbp를 서술하고 있는데 답안지에 현출해도 괜찮을까요?,일본 학설로 별로 의미가 없습니다., ,,20.04.22
특허법,조문,55조,55조?댓글수1,안녕하세요 변리사님. 중요한 거 같지는 않은데 계속 걸려서 질문드립니다. 55조 국내우주에서 주체적 요건중에 꼭 선출원의 출원인과 후출원의 출원인이 일치할 필요는 없다고 하면서 선출원 발명을 개량하여 후출원 발명을 하는 과정에서 선출원의 출원인 중 일부만 후출원의 선출원의 출원인에 포함되는 경우가 예시로 나와있습니다. 그런데 이 경우 선출원 발명 개량한 후출원인들은 마음대로 선출원을 기초로 국내우주 할 수 없지 않나요? 그렇게 되면 선출원은 취하간주가 되어서 후출원의 출원인에 포함되지 않은 선출원인의 출원인들이 피해를 보지 않나요. 아니면 묵시적으로 후출원 개량발명한 사람들에게 지분을 다 양도했다는 전제가 있는 것인가요? 감사합니다.,"결과적으로 후출원한 자는 특허를 받을 수 있는 권리를 가지고 있어야 합니다. 따라서, 문의하신 내용과 같은 case는 발생하지 않습니다.", ,,20.04.22
특허법,조문,52조,52조 분할출원?댓글수1,"안녕하세요 변리사님. 강의를 들으면서 앞에 부분을 복습하던 중 리담특허법 제19판, p223 각주111)에서 특허법원 2017.10.12. 선고2017허1021 판례를 보면 분할출원된 발명과 원출원 발명의 동일성이 있는지 여부와 관련하여 실질적 동일성까지 동일한 발명에 해당한다고 하여 협의의 동일성 판단기준에 따라 동일성을 판단하고 있다고 하였습니다. 판례 사안을 모르지만 분할출원과 원출원이 동일출원 협의제에 걸려 동일성 판단하는데 실질적동일성까지 선출원주의를 고려하는 듯한 판례라 생각됩니다. 이로 인해 2009년 대법원 판례의 광의의 동일성 판례가 변화가 있을 것이라는 의미까지는 이해가 되었습니다. 그런데 문언적, 내재적 동일성이 아닌 실질적 동일성으로 분할출원하면 분할출원의 객체적요건 위반이라 애초에 분할출원이 거절이유에 해당하는데 위의 판례에서 저러한 예시를 들어 설명한 것이 이해가 안되어 질문드립니다. 감사합니다.",기존에는 분할출원의 객체적 요건 위반이 거절이유에 해당하지 않습니다, ,,20.05.01
특허법,조문,30조,[30조] 복수의 공지가 있을때의 문제입니다?댓글수1,"복수의 공지 관련해서 판례 두가지 관계에 대한 질문입니다. 우선 복수의 공지가 있을때 공지들이 밀접불가분의 관계에 있다면 증명서류 원용가능한것으로 알고 있습니다. ①판례 2009허351을 보면 박람회 공지와 직접적으로 관계없는 상업적 판매는 밀접불가분한 공지가 아니라는 취지로 판시가 되어있고 ②판례 2015허7308을 보면 반복 공개행위는 출원서에 기재된 발명의 공개 행위의 연장선에 있다고 볼 수 있으므로, 비록 출원서에 기재되어 있지 않거나 증명성류가 첨부되어 있지 않더라도 당연히 특허법 30조의 공지예외 적용을 받을 수 있다. 그러면 판례②는 취지나 증명서류의 제출이 없어도 당연히 효력받는 범위를 설시하고 있으니까 여러공지가 있으면 1.밀접불가분공지 아니고 반복공개행위 아니라서 취지, 증명서류 별도로 제출하는 경우 2.반복공개행위는 아니지만 밀접불가분공지라서 증명서류는 원용이 가능한경우 3.반복공개행위라서 증명서류 원용조차 필요없는 경우 이렇게 세가지 경우가 나올 수 있는 것인가요? 아니면 단순히 증명서류 원용가능한경우/아닌경우로만 나눠야 되는 것인가요? 답변기다리겠습니다. 감사합니다","판례를 잘못 이해하고 있습니다. 2015허7308은 밀접불가분성을 입증한 경우에 취지, 증명서류가 필요없다는 것입니다. 따라서, (1) 밀접불가분성이 없는 경우 각각 취지, 증명서류 필요, (2) 밀접분가분성이 있는 경우 2차 공지부터 취지, 증명서류 불필요 로 이해하면 됩니다.", ,,20.05.02
특허법,조문,52조,[52조] 분할출원에서 동일성 B유형?댓글수2,"안녕하세요 변리사님 보정/분할 등 소급효 인정규정에서의 동일성은 '기재된 사항의 범위 내'이고, 이는 문언적?내재적(A유형) 동일성만을 포함하는 거라고 기본강의때 배웠습니다. 그런데 2002후2778판례사안을 보면, 원출원 중 일부 발명이 실시례 등의 상세한 설명에 기재된 것으로서 원출원 발명과 다른 하나의 발명으로 볼 수 있는 경우에는 그 일부를 분할출원할 수 있으며, 이 경우 그 동일성 여부의 판단은 특허청구범위에 기재된 양 발명의 기술적 구성이 동일한가 여부에 의하여 판단하되 그 효과도 참작하여야 할 것인바, 기술적 구성에 차이가 있더라도 그 차이가 주지 관용기술의 부가, 삭제, 변경 등으로 새로운 효과의 발생이 없는 정도에 불과하다면 양 발명은 서로 동일하다고 하여야 한다. 고 하여 29조1,3항과 같이 실질적 동일성(B유형) 판단하고 있는데요, 해당 판례가 예외적인거라고 봐야 하나요 아니면 소급효인정규정에서 원출원(또는 선출원)과 본원출원 간 동일성도 실질적 동일성까지 판단하는 걸로 바꿔서 생각해야 할까요?",안녕하세요? 기본서 중 이익제도 중 발명의 동일성 파트를 한 번 정독해 보시고 다시 질문해 주세요. 이미 질문하신 내용에 대한 답이 있습니다., ,,20.05.04
특허법,조문,29조,[29조] 통상의 기술자?댓글수1,통상의 기술자가 통상의 지식을 가진 자인지 해당 기술 분야 통상의 자식을 가진자인지 구별이 어렵습니다 전자와 후자 중 어떤 것이 맞나요?,후자가 맞습니다., ,,20.05.06
특허법,조문,52조,[52조] 분할출원?댓글수1,"안녕하세요 변리사님^.^ 제가 질문한 것에 답변달아주신거에 대해서 여쭤보고 싶은 것이 있어 질문드립니다. 전에 했던 질문은 ""강의를 들으면서 앞에 부분을 복습하던 중 리담특허법 제19판, p223 각주111)에서 특허법원 2017.10.12. 선고2017허1021 판례를 보면 분할출원된 발명과 원출원 발명의 동일성이 있는지 여부와 관련하여 실질적 동일성까지 동일한 발명에 해당한다고 하여 협의의 동일성 판단기준에 따라 동일성을 판단하고 있다고 하였습니다. 판례 사안을 모르지만 분할출원과 원출원이 동일출원 협의제에 걸려 동일성 판단하는데 실질적동일성까지 선출원주의를 고려하는 듯한 판례라 생각됩니다. 이로 인해 2009년 대법원 판례의 광의의 동일성 판례가 변화가 있을 것이라는 의미까지는 이해가 되었습니다. 그런데 문언적, 내재적 동일성이 아닌 실질적 동일성으로 분할출원하면 분할출원의 객체적요건 위반이라 애초에 분할출원이 거절이유에 해당하는데 위의 판례에서 저러한 예시를 들어 설명한 것이 이해가 안되어 질문드립니다."" 이였습니다. 변리사님께서 ""기존에는 분할출원의 객체적요건 위반이 거절이유에 해당하지 않았다""라고 답변을 달아주셨습니다. 그러면 객체적 요건인 내재적 동일성 까지의 요건이 분할출원의 거절이유에 해당하지 않았을 때는 일단은 분할출원은 인정해주고 분할출원 발명을 심사할 때 객체적 요건을 판단하는 건가요? 즉, 분할출원의 거절이유는 아니고 분할출원한 발명의 특허 결정여부 거절이유에 해당했던 것이였나요?","기존에는 분할출원의 객체적 요건 위반이 거절이유가 아니었습니다. 그리고, 판례 사안을 보니 2000년 전에 출원된 사건이고, 이는 다른 심사기준에 의할 수도 있을 것입니다. 궁금하시면 법조문과 심사기준 한 번 찾아 보세요~", ,,20.05.07
특허법,조문,35조,[35조] 정당권리자출원?댓글수1,"무권리자 출원에 대해 정당한 권리자가 소급효를 받으려고 할 때, 만족시켜야 하는 객체적요건이 어떻게 되는지 헷갈립니다. 무권리자의 최명도>=정당권리자 최명도 무권리자의 청구범위>=정당한권리자 청구범위 둘다 만족하여야 하는건가요?",전자가 만족하면 됩니다., ,,20.05.08
특허법,조문,55조,[55조] 우선권에 대하여?댓글수1,"조약우선권주장출원은 어차피 출원인의 동일성을 만족해야 하는데 우선권만 따로 양도,양수하는 것이 무슨의미가 있는지 궁금합니다.",출원인의 동일성을 만족하지 않아도 됩니다., ,,20.05.08
특허법,조문,42조4항,[42조4항2호] 위반태양?댓글수1,"안녕하세요 변리사님! 청구범위 기재요건 42조4항2호에 관해 질문드립니다 1. 조성물발명에서 청구항에 단순히 ""%""을 기재한 경우에는 단위불분명하여 본규정 위반이 되는것인가요? 예를들어 「A 및 B를 포함하는 화합물에 있어서, A는 20~30%, B는 10~20% 인것을 특징으로 하는 화합물」과 같은 청구항 기재는 본규정 위반일까요? 2. 만약 위와같이 기재했어도 발명설명에 비추어 %가 중량비를 의미함이 통상기술자에게 명확하다면 본규정위반이 아닌것이 되는 것인가요?",1. 네 2. 네 법 제42조제4항제2호에 대한 기본서를 정독해 보세요., ,,20.05.11
특허법,조문,33조,[33조] 개량특허의 귀속?댓글수2,"제33조(특허를 받을 수 있는 자) ① 발명을 한 사람 또는 그 승계인은 이 법에서 정하는 바에 따라 특허를 받을 수 있는 권리를 가진다. 다만, 특허청 직원 및 특허심판원 직원은 상속이나 유증(遺贈)의 경우를 제외하고는 재직 중 특허를 받을 수 없다. ② 2명 이상이 공동으로 발명한 경우에는 특허를 받을 수 있는 권리를 공유한다. 특허법 제 33조 관련하여 물질특허의 피허가자가 개량특허를 발명한 경우에 대하여 질문이 있습니다. 특허법 판례책 4판 94페이지의 2009다 75178 판례를 보다가 문득 궁금해졌는데요. 물질특허의 특허권자와 피허가자 모두 위 판례에 따라 기술적 사상의 창작행위에 실질적으로 기여하여 공동발명자로 볼 수 있는 경우, 특허법 제 33조 제 2항에 따라 특허를 받을 수 있는 권리를 공유하고, 제 44조 제 1항에 따라 공동출원하여야 하는 것인데, 만약 피허가자가 특허권자 몰래 출원을 하였는데 특허권자가 이 사실을 알게 된 경우에요. 특허권자는 기술이전계약서에 개량특허의 귀속에 관한 조항이 없더라도 (e.g. 특정 특허를 특허권자와 피허가자가 공동으로 개발한 경우에는 공유로 한다.) 피허가자가 제 44조 제 1항에 따라 공동출원하지 않았음을 이유로 문제제기할 수 있는 것 아닌지 궁금해요. 어차피 공동발명자인지는 실제 어떻게 기여하였는지를 들여다봐야 하는 문제인데 계약서에 저런 조항을 넣지 않은 경우보다 넣었을 때의 실익이 있는지 궁금합니다.","공동발명자가 아닙니다. 물질특허을 발명한 자는 이미 그 부분에 대한 권리를 확보하였고, 물질은 이미 공지된 부분이기 때문에 개량발명에 대한 기술적 사상의 창작에 기여한 자가 아니기 때문입니다. 열공하세요~", ,,20.05.16
특허법,조문,35조,[35조] 정당권리자 출원에서의 우선권 주장 질문드립니다.?댓글수1,"안녕하세요. 분할출원의 경우, 조약우선권 주장의 취지 기재는 출원일 소급효의 예외로서 인정이 됩니다. 정당권리자 출원의 경우 그러한 소급효의 예외 규정이 없는데요. 정당권리자 출원을 하면서 조약우선권 주장을 하게 된다면, 조약우선권 주장의 취지 기재 여부의 판단 시점이 무권리자 출원일이 되어버리기 때문에, 정당권리자 출원에 있어서는 조약우선권 주장이 불가하다고 생각이 듭니다. 정당권리자 출원을 하면서 조약우선권 주장을 하는 것이 가능한 것인지 궁금합니다.",, ,,20.05.17
특허법,조문,29조,[29조] 선택발명 신규성?댓글수2,선택발명의 신규성이 부정되려켱 선행발명에 하위개념을 구체적으로 개시하고 있어야한다고 합니다 2014후1631에서 단순 열거라 하여 구체적으로 개시되었다고 볼 수 없다고 한 바 있습니다 문언적 기재는 단순 열거로는 부족한건가요?,"례를 찾아보니 잘못 이해하고 있습니다. 판례는 동일성 있게 열거하고 있지 않다는 것이 요지입니다. 참고로, 계속적으로 질문 규칙을 충족하지 않게 질문을 하고 계시네요. 다른 분들이 찾아 보지 않고 질문 내용을 파악할 수 있게끔 질문을 해 주시지 않으면, 답변을 드리기 어렵습니다. 다음부터는 규칙에 맞게 질문해 주실 것을 부탁드립니다.", ,,20.05.20
특허법,조문,36조,[36조] 선출원?댓글수1,안녕하세요~ 동일한 발명에 대해 갑은 13년 9월 1일 오후 5시. 을은 같은해 9월 2일 오전 9시에 특허출원한 경우 동일발명 동일출원이라고 하는데요~ 날짜가 다른데 왜 동일출원이 되죠?,, ,,20.05.21
특허법,조문,30조,"[30조, 55조] 1년과 12개월?댓글수1","국내우선권주장은 선출원일로부터 1년 이내이고, 공지예외주장은 공지된 날부터 12개월 이내 출원하면서.. 라고 되어 있는데요, 1년과 12개월은 어떤 차이가 있나요?",?둘 다 역법적 계산방법에 의하므로 차이가 없습니다., ,,20.05.25
특허법,조문,55조,[55조] 우선권 주장의 소급효?댓글수1,?네. 문의하신 케이스에서는 선출원주의 위반도 될 수 있습니다.,, ,,20.06.04
특허법,조문,36조,36조 선출원주의?댓글수1,"안녕하세요 변리사님. 선출원주의 복습하던 중 물건발명과 제법발명의 선출원주의에 대해 한 가지만 질문하겠습니다! 리담특허법19판 p834 표6-9에서 물건발명과 제법발명의 대해 후출원의 등록가능성을 보면, 갑(물건발명)을 먼저 출원했을 때 을(제법발명)의 등록가능성은 물건의 최명도에 기재된 방법이 제법발명의 방법과 같으면 출원시기에 따라 확선 or 신규성 위반이라도 배웠습니다. 그런데 만약 물건의 청구범위에 그 방법이 기재되어 있으면 선출원위반도 될 수 있을까요? 물건방명의 청구범위를 작성할 때 그 물건을 나타내면서 그 방법 또한 나타나지 않나해서요. 제법발명이 선출원인 경우는 제법발명의 청구범위에 물건이 나타내어질 수 밖에 없어서 선출원위반도 된다고 배워서 이를 위의 케이스에서는 없나 해서 여쭤봅니다! 감사합니더!",, ,,20.06.13
특허법,조문,30조,"[30조,52조,54조]이익제도를 수반한 선출원에 대한 분할출원 시 취지 기재 및 서류 제출 관련 법조문?댓글수2","안녕하세요 변리사님 좋은 책과 강의 덕분에 효율적으로 공부할 수 있어서 항상 감사하게 생각하고 있습니다~ 다름이 아니라 특허법 법조문을 비교하며 공부하다 보니 그 법조문 구성에서의 차이점이 실익이 있는지 관련하여 의문이 들어 질문 남기게 되었습니다. 먼저 공지예외주장을 수반한 특허출원에 대한 분할출원에 대하여 특허법 30조2항에서는 <제1항제1호를 적용받으려는 자는 특허출원서에 그 취지를 적어 출원하여야 하고, 이를 증명할 수 있는 서류를 산업통상자원부령으로 정하는 방법에 따라 특허출원일부터 30일 이내에 특허청장에게 제출하여야 한다.> 라고 제도의 취지 기재와 취지서류에 대한 요건을 동시에 규정한 후, 특허법 52조2항2호에서 이에 대한 변경출원의 출원일 소급효의 예외규정을 두어 취지 기재와 취지서류에 대한 특례요건을 동시에 명시하고 있습니다. 반면 조약우주를 수반한 특허출원에 대한 분할출원에 대하여 취지 기재는 특허법 54조3항 <제1항에 따라 우선권을 주장하려는 자는 특허출원을 할 때 특허출원서에 그 취지, 최초로 출원한 국가명 및 출원의 연월일을 적어야 한다.> 그리고 취지서류는 특허법 54조5항 <제4항에 따른 서류 또는 서면은 다음 각 호에 해당하는 날 중 최우선일로부터 1년 4개월 이내에 제출하여야 한다.> 로 제도의 취지 기재와 취지서류에 대한 요건을 따로 명시한 후, 각각 특허법 52조2항3호와 52조4항에서 변경출원의 출원일 소급효의 예외 역시 따로 규정하고 있습니다. 두 제도의 이런 법조문 구성의 차이점은 결국 특허법54조5항에서 취지에 대한 서류의 제출시기 요건을 출원일이 아닌 최우선일을 기준으로 규정함으로써 나타난다는 결론에 이르렀고, 여기서 왜 굳이 취지의 기재와 취지서류의 제출시기의 요건 판단기준을 다르게 정하여 특허법 52조4항이라는 조약우주를 위한 특례규정을 따로 만들었는지 의문이 생겼습니다. 제 단순한 생각으로는 취지서류에 대한 요건 역시 특허출원의 출원일을 기준으로 규정하여 취지기재와 서류에 대한 요건을 한 항에서 규정하면 특허법 52조2항3호에서 동시에 예외를 규정할 수 있어 특허법 52조4항을 굳이 입법할 필요가 없을 거 같다고 판단했습니다. 이처럼 특허법 52조4항에 대한 입법취지가 따로 있어서 별도로 규정한 것인지, 아니면 제가 법조문에 대해 오해를 하고 있는 것인지 확인하고 싶어서 이렇게 질문을 올리게 되었습니다. 감사합니다~","법 제52조제4항의 입법취지는 조약우선권주장의 증명서류제출기간과 관련하여, 최우선일로부터 1년 4개월이 지난 후라도 분할출원일로부터 3개월의 기간을 더 주겠다는 것입니다. 달리 얘기하면, 분할출원일로부터 3개월의 기간이 최우선일로부터 1년 4개월 이내라면 1년 4개월까지 증명서류 제출기간을 주겠다는 것입니다. 이를 법 제52조제2항제3호에서 함께 규정한다면, 분할출원일로부터 3개월의 기간만 허용한다는 것이고, 이는 분할출원일로부터 3개월의 기간이 최우선일로부터 1년 4개월 이내일 때 오히려 분할출원인에게 불리하게 됩니다.", ,,20.06.20
특허법,조문,54조,[54조] 공지예외적용주장을 수반하는 조약우선권주장출원?댓글수1,"안녕하세요. [리담 특허법 19판 467p/강의노트 239p] 조약우선권 주장출원에서 공지 예외 적용 주장을 할때 12개월의 판단시점이 선출원으로 소급되지 않습니다. 이의 근거로 제30조 제1항 본문의 '특허출원'은 '국내출원'을 의미하기 때문이라 설명해주셨습니다. 이때, 조약우선권주장출원의 판단기준이 선출원인 일본출원(강의 노트 예시)의 시기로 소급되더라도, 일본 출원의 시기를 판단기준으로 할 뿐, '특허출원' 자체는 조약우선권주장출원을 말하는 것이 아닌가요? 그리고 이렇게 소급이 안된다는 것이 출원인에게 어떤 이익을 주는지도 궁금합니다.. (일본출원 시기로 소급하여 12개월을 판단하였을때, 조약우선권주장출원 실제 시기보다 빠르기에 출원인에게 더 유리한 것이 아닌가요?)","안녕하세요? 일본출원은 법 제30조제1항의 특허출원이 아니고, 조약우선권주장출원이 법 제30조제1항의 특허출원이기 때문에 소급효가 인정되지 않는다는 것이고요. 이렇게 소급효가 인정되지 않는 것은 출원인에게 불이익한 결과가 발생합니다. 열공하세요", ,,20.06.22
특허법,조문,54조,"( 54조, 55조) 조약우선권 주장 출원에서의 확대된 선출원 주의 적용?댓글수1","안녕하세요 변리사님조약우선권에서 확대된 선출원 주의를 적용하는 것에서 의문점이 생겨 질문드립니다.( 청구범위 / 발명의 설명) 입니다 1. X 출원 : (A /A ), Y 출원 ( A/ AB), Z 출원 ( B / AB) 에서 Y출원은 X 출원을 선출원으로, Z출원은 Y 출원을 선출원으로 하여 조약우선권주장 출원을 하고 있습니다 이 경우에 발명 B의 경우에는 선출원의 최선성에 위배가 되지 않으므로 Y출원일로 판단시점이 소급 될 것입니다. 이와 다르게 발명A의 경우 조약우선권 제도에서 확대된 선출원 주의를 심사실무 상 55조 4항을 유추적용 하는데요, 55조 4항에서는 Z 출원의 최명도에 기재된 발명 중 Y출원의 최명도에 기재된 발명이면 확대된 선출원의 지위가 인정된다고 하고 있습니다 이를 토대로 보면, 발명 A의 경우 청구범위에 기재되어 있지 않기 때문에 선출원의 최선성을 판단할 필요 없이 확대된 선출원의 지위가 인정되는지 궁금합니다. 정리하면, 만일 위 사례가 모두 국내출원으로 55조가 적용이 된다면, 55조의 경우에는 발명 A가 55조 5항에 위배되어 55조 4항이 적용되지 않는 CASE로 판단하여 당연히 확대된 선출원의 지위가 인정되지 않겠지만, 조약우선권의 경우에는 국내우선권 주장의 이중우선의 위배를 선출원의 요건 중 최선성으로 이론 구성하여우선기간의 실질적 연장을 방지하고 있습니다. 그리고 이 때의 최선성 요건이란 후출원의 청구범위에 있는 발명을 최명도에 기재한 최초의 출원임을 의미하기에, 위 사례와 같이 발명의 설명에만 기재가 되어있는 경우 이중우선으로 보이는 상황을 어떻게 해결하는 지 궁금합니다. 장마로 습하고 더운 가운데 항상 좋은 강의를 위해 힘써주셔서 감사합니다","안녕하세요? 확선은 청구범위가 아니라 최명도가 기준이고, 최명도에 기재된 발명이 최선성이 없는 경우에도 소급효가 인정되지 않는 것이 취지에 부합합니다.", ,,20.06.24
특허법,조문,54조,"54조,55조에서 선출원지위?댓글수1","안녕하세요 변리사님. 1회독 후 복습하던 중 조약우주와 국내우주에서 선출원지위와 관련해서 질문드립니다. 국내우주의 경우 55조4항에 의해 확선지위가 있음을 배웠습니다 리담교재 p488에 조약우주와 국내우주의 비교 [표3-9]에서 조약우주에서도 해석상 국내우주와 동일하게 확선의 지위를 적용한다고 되어있습니다. 그런데 36조 선출원지위와 관련해서 강의노트 및 강의를 들으면서 판단시점이 소급되는 발명에 대해서 확선처럼 소급해서 선출원지위가 있는 것으로 가르쳐주셨는데, 선출원지위가 소급해서 있는것은 따로 법조문이 있는 것은 아닌거 같은데 왜 소급해서 있는건가요? 감사합니다.","이건 선출원주의의 개념에 대한 것입니다. 청구범위에 기재된 발명이 발명 단위로 판단시점이 옮겨 갔을 때, 선출원주의에서 그 발명의 앞쪽을 보는 것이 그 출원의 지위이고, 뒤쪽을 보는 것이 다른 선출원의 지위(선출원의 지위)입니다.", ,,20.06.25
특허법,조문,55조,55조 1항 국내 우선권 주장의 주체적 요건?댓글수1,"안녕하세요 변리사님, 55조 1항 우선권 주장의 주체적 요건인 '특허를 받으려는 자' 와 관련하여 질문드립니다 최근 대법원 판례인 (대법원 2019. 10. 17. 선고 2017후 1274)에서는 후출원의 출원인이 후출원 시에 ' 특허를 받을 수 있는 권리'를 승계하였다면 우선권 주장을 할 수 있고, 후출원 시에 선출원에 대하여 특허출원인변경신고를 마쳐야만 하는 것은 아니다. 라고 판시했습니다. 이에 대한 근거로 법 38조 4항은 특허에 관한 절차에서 참여자와 특허를 등록 받을 자를 쉽게 확정함으로써 출원심사의 편의성 및 신속성을 추구하고자 하는 규정으로 우선권주장에 관한 절차에는 적용될 수 없다 라고 하고 있습니다. 저는 이 판례에서 위와 같은 근거를 제시한 것에 의문이 생겼습니다. 그 이유는 55조 제 1항 ' 특허를 받으려는 자'에서 특허의 해석 때문이었습니다. 조문상 ' 특허를 받으려는 자' 에서의 특허는 당연히 후출원 특허를 받으려는 자, 즉 후출원 특받권을 승계한 자를 의미한다고 여겼으며,이렇게 해석하게 되면 위와 같은 사안에서 후출원의 출원인은 후출원을 하기 전에 선출원인으로 부터 이미 출원 전 특받권을 양수한 것이 되어 38조 1항만의 적용을 받기에 판례에서 38조 4항의 적용을 배제할 수 있다는 근거가 적절한 지에 대한 의문이 생겼습니다. 그러나 만일 55조의 ' 특허를 받으려는 자'의 해석을 선출원 특허를 받으려는 자, 즉 선출원 특받권을 승계한 자를 의미한다면, 후출원인은 비록 출원인변경신고가 없었더라도 판례의 근거에 의하여 적법하게 '선출원 특받권을 승계한 자' 가 되고 그렇다면 ' 선출원 특받권을 승계한 자' 는 55조 1항의 '특허를 받으려는 자'에 해당되므로 우선권 주장을 할 수 있다라는 결론이 나오게됩니다. 종합하면 조문만을 읽었을 때는 55조 1항의 '특허를 받으려는 자' 가 '후출원 특받권을 승계한 자'라고 여겼는데,판례의 태도는 '선출원 특받권을 승계한 자' 라고 보는 것 같아 무엇이 정확한지 궁금합니다. 아울러 판례의 태도라면 만일 선출원인의 특받권이 공유인 경우에 어느 일방이 타방의 특받권에 대한 지분에 대하여 적법한 양도 없이자신만의 명의로 후출원을 한 경우, 이 후출원은 선출원 특받권을 승계한 자의 승계가 아니므로 우선권 주장이 무효로 되는데, 이렇게 판단하는 것이 맞는지 궁금합니다.",, ,,20.07.13
특허법,조문,38조,[38조] 38조5항의 일반승계에 대한 질문?댓글수1,"38조 5항에서 '승계인은 지체 없이 그 취지를 특허청장에게 신고하여야 한다.'고 규정하는데, 만약 이미 효력은 발생했으니 굳이 신고를 안한다면 그 취지를 신고하지 않았을 때의 불이익이 있나요?","훈시적 규정입니다. 따라서, 불이익이 없습니다.", ,,20.07.14
특허법,조문,54조,[54조]복합우주 조약우주?댓글수1,"일본출원 최명도 A 미국출원 최명도 A B 일본출원 후 미국출원 후 한국출원 청구범위 A B C로 출원(일본, 미국출원 모두 조약우주, 두 우주 모두 기간 만족) 1. 이 경우 미국출원에 대한 조약우주는 최선성을 만족하지 못하기 때문에 보정명령이 내려지나요? 2. 1.에 따라 미국출원 기초 우주가 무효가 된다면 결국은 발명 A만 판단시점이 소급하게 되나요? 3. 발명 A,B 모두를 우주할 수 있는 방법은 없나요?","일부가 최선성을 만족하는 경우 보정명령이 내려지지 않습니다. 따라서, A는 일본출원일로, B는 미국출원일로 판단시점이 소급됩니다. 강의노트를 참고하세요~", ,,20.07.15
특허법,조문,42조,[42조] 필수적 구성요소 결여?댓글수1,안녕하세요 변리사님 발명의 목적 효과 발휘를 위해 A+B+c가 필요한데 청구항에 A+B만 기재되어 있으면 42.4.1위반인가요? 반대로 청구항 A+B+c 발명의 설명 A+B기재한 경우 42.4.1 위반일까요? A+B만으로 효과 발휘가 가능하다면 달라지나요?,"안녕하세요? 1. 발명의 설명에 기재된 발명의 모든 구성요소를 청구항에 기재해야 하는 것은 아닙니다. A+B+c에 의해 A+B까지 일반화 내지 확장할 수 있다면, 42조제4항제1호 위반으로 보기 어렵습니다. 다만, A+B로 기재한 경우 신규성, 진보성 판단시 불리한 지위에 있게 됩니다. 2. 마찬가지로 A+B에 의해 A+B+c까지 일반화 내지 확장할 수 있다면 42조제4항제1호 위반이 아닙니다. 열공하세요~", ,,20.07.22
특허법,조문,42조,[42조] 청구범위 기재불비?댓글수1,1항 물건 2항 제조방법 3항 물건 및 제조방법 4항 제2항에 따라 제조된 물건 같이 청구시 3항 4항에 몇 항 위반의 하자가 있게되나요?,"3항은 법 제42조제4항제2호 위반의 거절이유가 있고, 4항은 거절이유가 없습니다.", ,,20.07.28
특허법,조문,47조,[47조] 보정시기?댓글수1,"제47조(특허출원의 보정) ① 특허출원인은 제66조에 따른 특허결정의 등본을 송달하기 전까지 특허출원서에 첨부한 명세서 또는 도면을 보정할 수 있다. 다만, 제63조제1항에 따른 거절이유통지(이하 ""거절이유통지""라 한다)를 받은 후에는 다음 각 호의 구분에 따른 기간(제3호의 경우에는 그 때)에만 보정할 수 있다. <개정 2016. 2. 29.> 1. 거절이유통지(거절이유통지에 대한 보정에 따라 발생한 거절이유에 대한 거절이유통지는 제외한다)를 최초로 받거나 제2호의 거절이유통지가 아닌 거절이유통지를 받은 경우: 해당 거절이유통지에 따른 의견서 제출기간 2. 거절이유통지(제66조의3제2항에 따른 통지를 한 경우에는 그 통지 전의 거절이유통지는 제외한다)에 대한 보정에 따라 발생한 거절이유에 대하여 거절이유통지를 받은 경우: 해당 거절이유통지에 따른 의견서 제출기간 1호 괄호에 (거절이유통지에 대한 보정에 따라 발생한 거절이유통지는 제외한다) 부분이 왜 있는건가요? '거절이유통지에 대한 보정에 따라 발생한 거절이유에 대한 거절이유통지'는 어차피 최초로 받을 수 없기 때문에 해당 괄호가 없더라도 조문의 의미에 전혀 상관이 없는 것 아닌가요? 다시 말씀드리자면, 최후거절이유통지는 어차피 최초로 받을 수 없는 것이라 1호의 요건을 만족시키지 못하는데 굳이 조문에서 제외하고 있는 이유를 모르겠습니다.",네. 확인적 의미의 규정입니다., ,,20.08.03
특허법,조문,30조,30조 공지예외적용주장과 다른 제도와의 관계?댓글수1,"안녕하세요 변리사님 30조 공지예외적용주장과 각종제도와의 관계를 공부하면서 궁금한 점이 생겨 질문 드립니다. 저는 30조와 다른 제도와의 관계를 다음과 같이 정리 해보았습니다 1. 분할(변경)출원이 공지예외의 적용을 받기 위한 요건 (1) 원출원 - 공지 등이 된 때로부터 12개월 이내에 출원 - 분할(변경)출원 당시 공지예외적용주장과 증명서류제출이 되어 있을 필요는 없음 (2)분할(변경)출원 - 원출원일로부터 12개월 이내에 출원 - 분할(변경)출원시 공지예외적용주장을 하고 30일 이내에 증명서류 제출 2. 국내우선권주장출원이 공지예외의 적용을 받기 위한 요건 (1) 선출원 - 공지 등이 된 때로부터 12개월 이내에 출원 - 후출원 당시 공지예외적용주장과 증명서류제출이 되어 있을 필요는 없음 (2) 후출원 - 선출원일 부터 12개월 이내에 출원 - 후출원시 공지예외적용주장을 하고 30일 이내에 증명서류 제출 정리를 하는 와중에 몇가지 궁금한 점이 생겼습니다. 1) 국내우선권주장출원이 되었든, 분할(변경)출원이 되었든 각각의 출원당시에 선출원 혹은 원출원이 공지예외적용주장과 증명서류 제출이 되어 있을 필요는 없습니다. 이는 法 30 3항에 따라서 이후에 보완을 할 수 있기 때문입니다 그런데, 만일에 출원인의 착오로 분할(변경)출원과 후출원의 심사절차 동안에 원출원 이나 선출원의 공지예외적용주장 및 증명서류 제출을 보완을 통해 하지 않게 되면 분할(변경)출원과 후출원은 결국 공지예외적용주장을 못하게 되는 것인지 궁금합니다 2) 분할(변경)출원과 후출원의 경우에 출원시 공지예외적용의 취지를 기재하여 공지예외적용주장을 하고 30일 이내에 증명서류를 제출하는데, 이 경우에도 法 30 3항의 적용을 받아 보완수수료를 내고 보완을 할 수 있는지 궁금합니다 항상 감사합니다 ~","1. 심사기준에 의하면, 원출원에서 제30조 주장의 취지 기재(증명서류는 불요)가 있어야 한다는 입장입니다. 2. 네. 가능합니다.", ,,20.08.05
특허법,조문,55조,[55조] 55조 4항과 216조와의 관계?댓글수1,"안녕하세요. 216조 2항 1호 괄호를 보면 ""55조제1항에 따른 우선권 주장을 수반하는 특허출원이 출원공개 또는 설정등록된 경우에는 그 선출원은 제외한다""고 하며 그 선출원은 출원공개 또는 설정등록되지 아니한 경우에도 서류 열람이 가능하다고 합니다. 즉 공지기술의 지위가 인정되는 열람할 수 있는 상태가 된다고 이해했습니다. 그런데 55조 4항을 보면 그와 관련해 ""그 특허출원이 출원공개되거나 특허가 등록공고되었을 때에 해당 우선권 주장의 기초가 된 선출원에 관하여 출원공개가 된 것으로 보고 ~""라고 규정하면서 공개를 간주한다고 하는데요. 이미 216조에 의해 공개가 된다고 규정하는 것을 다시 55조에서 공개를 간주한다고 하며 확선을 적용한다는 것을 확인해주는 확인적 의미의 규정이 맞나요? 감사합니다.","안녕하세요? 공지기술의 지위가 인정되는 것과 출원공개는 별개의 것입니다. 구체적으로 공지기술의 지위가 인정되었다고 하여 확선의 지위를 인정할 수는 없고, 출원공개되어야만 확선의 지위가 인정됩니다. 따라서, 확인적 의미의 규정이라고 할 수 없습니다.", ,,20.08.07
특허법,조문,47조,[47조] 보정?댓글수1,47조3항4호의 보정은 신규사항 추가의 거절이유를 통지 받은 경우에만 가능한가요? 재심사에서는 보정각하에 불복할 수 없나요?,1. 네 2. 새로이 보정기회가 주어지고 보정하면서 다투면 됩니다., ,,20.08.14
특허법,조문,42조,[42조] 배경기술의 기재?댓글수1,"배경기술에 기재된 일부 구성요소가 공지되었음을 출원인이 자인한 경우에요 선출원 발명에 기재된 기술이었지 출원전 공지된 기술은 아니다 라는 것을 입증시, 공지된 것으로 추정한 것을 번복할 수 있다고 하셨는데요. 선출원 발명에 기재된 기술이면 출원 후 공개가 되니까 그또한 공지기술인 셈 아닌가요..?","신규성, 진보성 판단의 대상이 되는 공지기술은, 출원전 공지기술에 한합니다.", ,,20.08.20
특허법,조문,42조,[42조4항]명세서의 기재방법?댓글수1,안녕하세요!! 강의노트 문제를 풀던중 특허법 제42조(특허출원)제4항1호가 규정하는 기재요건을 충족하는지 여부는 발명의 설명이 통상의 기술자가 그 발명을 쉽게 실시할 수 있도록 명확하고 상세하게 기재하고 있는지 여부에 의하여 판단하여서는 아니된다. 라는 보기가 옳은 것으로 되어있고 해설에 판례번호만 나와있어서 질문드립니다!! 1. 보기에서 말하는 것이 42조 4항 1호가 아닌 2호와 관련된 내용이기에 보기가 옳은것인지 궁금합니다! 2. 42조 4항 1호가 되기 위해서는 통상의 기술자가 발명의 설명을 통해 청구범위의 발명의 범위까지 확장할 수 있는지 여부에 의해 판단한다는 내용으로 바뀌면 되나요?? 항상 감사합니다!!,1. 보기는 법 제42조제4항제2호가 아닌 제42조제3항제1호에 관한 것입니다. 2. 네. 그렇습니다., ,,20.08.31
특허법,조문,29조,[29조]와 [36조]에 관련하여 선출원 지위 상실관련하여 질문드립니다.?댓글수1,"안녕하세요. 임병웅 변리사님께 질문드립니다. 리담특허법(제19판) 832p(강의노트 제4판 368p)에서 甲이 A+B+C로 구성된 발명을 출원 후 실시중이고, 乙이 A+B+C+D로 구성된 발명을 출원 후 실시중인 경우 에서 乙출원이 선출원이고 甲출원이 후출원인 경우에 관해 의문사항이 있습니다. 두 발명은 상하위개념 발명의 관계에 있고, 그 구성요소로 볼 때 甲의 발명이 상위개념발명이고, 乙의 발명이 하위개념발명일 것입니다. 1. 선출원(乙출원)이 공개되기 전 후출원(甲출원)의 등록가능성을 판단할 때는, 선출원이 공개되기 전이므로 선출원의 지위만 적용되고 공지기술의 지위와 확선의 지위는 적용이 없을 것이라고 생각합니다. 따라서 제36조 위반으로만 등록이 거절되는 것이 아닌가요? 2. 선출원이 공개된 후 후출원의 등록가능성을 판단할 때는, 선출원이 공개된 후이므로 선출원의 지위, 공지기술의 지위, 확선의 지위 모두가 적용될 것이라고 생각합니다. 따라서 제29조 제1항, 제3항, 제4항 및 제36조 위반으로 등록이 거절되는 것이 아닌가요? 제가 이해한 내용과 책(강의노트)에서 알려주신 내용이 달라서 제가 무엇을 잘못 이해하고 있는지 여쭙습니다. 감사합니다!",1. 공개된 후에 확선이 적용됩니다. 2. 선출원의 지위와 공지기술만 적용됩니다. 잘못 이해하고 있는 것 같네요. 다시 한 번 정독해 보세요~, ,,20.09.01
특허법,조문,29조,[29조] 선택발명 신규설?댓글수1,1. 선택발명 신규성 부정하려면 구체적으로 개시해야하는데 동일성이 인정되려면 선행문헌에 어느정도로 기재되어 있어야하나요? 2. 상위개념 A 실시례로 a1~a500있을 수 있다 a250을 구성으로 하여 출원시 신규성이 부정되나요? 3.A+B a1-500 b1-200 3-1 a250+b20출원시 신규성 부정되나요? 3- 2. a250+b300 출원시도 신규성 부정되나요?,1. 문언적 동일이나 내재적 동일성이 인정될 정도입니다. 2. 네. 문언적 동일입니다. 3. 질문이 뭔지 모르겠네요?, ,,20.09.10
특허법,조문,29조,"[29, 36조] 이용관계에 있는 두 출원 간 후출원의 등록가능성?댓글수2","안녕하세요. 임병웅 변리사님께 질문드립니다. 리담특허법(제19판) 832p(강의노트 제4판 368p)에서 甲이 A+B+C로 구성된 발명을 출원 후 실시중이고, 乙이 A+B+C+D로 구성된 발명을 출원 후 실시중인 경우 에서 乙출원이 선출원이고 甲출원이 후출원인 경우에 관해 의문사항이 있습니다. 두 발명은 상하위개념 발명의 관계에 있고, 그 구성요소로 볼 때 甲의 발명이 상위개념발명이고, 乙의 발명이 하위개념발명일 것입니다. 1. 선출원(乙출원)이 공개되기 전 후출원(甲출원)의 등록가능성을 판단할 때는, 선출원이 공개되기 전이므로 선출원의 지위만 적용되고 공지기술의 지위와 확선의 지위는 적용이 없을 것이라고 생각합니다. 따라서 제36조 위반으로만 등록이 거절되는 것이 아닌가요? 2. 선출원이 공개된 후 후출원의 등록가능성을 판단할 때는, 선출원이 공개된 후이므로 선출원의 지위, 공지기술의 지위, 확선의 지위 모두가 적용될 것이라고 생각합니다. 따라서 제29조 제1항, 제3항, 제4항 및 제36조 위반으로 등록이 거절되는 것이 아닌가요? 제가 이해한 내용과 책(강의노트)에서 알려주신 내용이 달라서 제가 무엇을 잘못 이해하고 있는지 여쭙습니다. 감사합니다!",1. 공개된 후에 확선이 적용됩니다. 2. 선출원의 지위와 공지기술만 적용됩니다. 잘못 이해하고 있는 것 같네요. 다시 한 번 정독해 보세요~, ,,20.09.12
특허법,조문,29조,[29조] 선택발명 진보성 판단 사례?댓글수1,"안녕하세요 변리사님, 선택발명의 출원에 대한 진보성 판단 시 책과 강의노트에 제시된 사례가 언뜻 상호모순되는 것으로 보여 질문드립니다. [책의 사례] - 내용 : '선택발명에 여러 효과가 있는 경우에 선행발명과 비교하여 이질적이거나 양적으로 현저한 효과를 갖는다고 하기 위해서는 선택발명의 모든 종류의 효과가 아니라 그 중 일부라도 선행발명과 비교하여 그러한 효과를 갖는다고 인정되면 충분하다' [강의노트의 사례] - 사실 관계 : 1. 공지기술 A, 특허출원(a1,a2,a3 중 어느 하나) 2. A가 상위개념이고, a1~a3가 A를 한정한 하위개념발명 3. a1의 효과 : e1,e2,e3 / a2의 효과 : e4,e5 / a3의 효과 : e6,e7 - 내용 : '선택발명에 포함되는 하위개념의 실시형태 중 가장 열등한 것의 효과가 선행발명에 개시된 실시형태 중 가장 우수한 것의 효과와 비교하여 현저하다는 관계가 인정되지 않는다면, 선택발명에 포함되는 하위개념의 실시형태 중 일부의 효과가 선행발명에 개시된 실시형태 중 일부의 효과보다 뛰어나 보인다고 하여 선택발명의 진보성이 부정되지 아니한다고 볼 수는 없다'(대법원 2016.1.28 선고 2013후 1887) 이 두 사례를 이해하기 위해 정리한 내용은 아래와 같은데 혹시 틀린 부분이 있는지 짚어주시면 감사하겠습니다. - 책의 사례에서의 출원발명이 a1만을 특정한 선택발명이라고 가정 - 책의 사례는 a1의 효과인 e1,e2,e3 中 어느 하나라도 공지기술과 대비해 진보성을 가지면 출원발명 진보성 인정 - 강의노트의 사례는 a1과 a2의 진보성은 인정되나, a3의 진보성이 인정되지 않는 경우, 출원발명은 진보성 위반 - 즉, 책의 사례는 출원발명에서 진보성 여부를 판단할 때, 청구항의 여러 효과 中 일부가 진보성이 인정되면 충분하다는 것이고 - 강의노트의 사례는 출원발명이 복수의 청구항(or 마쿠쉬 청구항)으로 이루어졌을 때 (각 청구항의 개별 효과 e1~e7전부가 진보성이 인정되야 하는 것이 아니라) 모든 청구항이 진보성이 있어야 한다는 것으로 이해 (참고 : 책 이지특허법 18판 p.71 '5.선택발명' / 강의노트 p.75 '선택발명의 신규성, 진보성 판단 CASE') 긴 글 읽어주셔서 감사합니다.","네. 어렵게 생각할 필요없이, 1. 하나의 청구항에 여러 발명이 있는 경우 발명 단위로 특허요건 판단하여 하나라도 위반되며 청구항 자체가 특허요건 위반이 되는 것이며, 2. 진보성 판단은 효과 일부가 현저하면 되는 것이고 전부가 현저해야 하는 것은 아니다. 라고 정리하면 됩니다.", ,,20.09.19
특허법,조문,30조,[30조] 3항 개정내용?댓글수1,"안녕하세요 변리사님! 개정법인 30조3항의 적용시기에 대해 궁금한점이 있습니다 30조3항은 47조1항의 보정기간내에 가능한 것으로 규정되어있는데, 거절결정불복심판에서 47조가 준용되는 경우에도(즉, 심판단계에서 새로운 거절이유발견에 따른 거절통지 및 의견제출기회 부여시) 그 기간내에 보완수수료와 30조3항 절차를 밟을 수 있는것인가요? 바쁘신 중에도 답변해주셔서 항상 감사드립니다!",네. 그렇습니다, ,,20.09.20
특허법,조문,52조,[52조]분할출원 소급효의 예외?댓글수1,"안녕하세요. 분할출원에 있어서 소급효가 인정되지 않는 5가지 확공조국등 에서 공에 해당하는 30조에 의문이 생겨 질문드립니다. 먼저 저는 30조의 2항의 '제 1항 1호를 적용받으려는 자는 특허출원서에 그 취지를 적어 출원하여야하고, 이를 증명할 수 있는 서류를 특허출원일부터 30일 이내에 특허청장에게 제출하여야 한다.' 를 취지를 적는건 출원서를 제출할 당시에 하는것이고, 서류제출기간은 그 출원서를 낸 날로부터 30일이다. 로 이해했습니다. 여기서 1. 취지를 적어 출원한다는 뜻이 출원인이 공지예외적용주장을 하는 것으로 생각하면 되나요? 또, 공지예외적용의 취지기재 및 증명서류제출기간에 있어서 소급효가 인정되지 않는다. 라는 문장에서 분할출원시 공지예외적용을 받고자 할 때, 공지예외적용의 증명서류제출기간은 분할출원이 있은날로부터 30일 이내에 제출하면 된다 까지는 이해가 되는데, '취지기재' 에 있어서 소급효가 인정되지 않는다의 뜻이 이해가 되지 않습니다. 아래 글에 달린 변리사님 댓글을 보았을때, '심사기준에 의하면, 원출원에서 제30조 주장의 취지 기재(증명서류는 불요)가 있어야 한다는 입장입니다' 라고 하셨는데, 2. 이 말씀은 원출원에서 30조 주장의 취지기재를 하지 않았다면, 그 이후 분할출원에서는 30조 적용을 못한다는 뜻으로 이해할수 있나요? 그럼 이 경우, 3. 취지기재에 있어서 소급효가 적용되지 않는다는 뜻은 어떻게 해석하면 되나요? 분할 출원시 공지예외적용을 받고자 한다면, 원출원 시에 설사 공지예외적용주장을 하지 아니하였더라도, 분할출원 시에 공지예외적용주장(즉, 취지를 기재한 출원서를 제출한다) 을 하면 족하다는 뜻이 아닌건가요? 그럼 4. 원출원 나중에 있음이 명백할 공지예외적용주장을 할 분할출원의 30조 주장에 대해서는 원출원일에 주장하는 것이 아니라 30조 주장을 하는 분할출원 당시에 주장을 하면 족하다 라는 뜻으로 이해함이 맞을까요?","안녕하세요? 1. 네. 분할출원은 원출원일로 출원일 소급효가 인정되지만, 분할출원할 때 그 주장을 하면 된다는 것입니다. 2. 이건 제30조제3항의 신설로 인하여 심사기준이 바뀌었습니다. 3. 네. 그렇습니다. 4. 네. 그렇습니다.", ,,20.09.24
특허법,조문,55조,[55조]이중우주?댓글수1,"1. X출원 2. X1 (X분할출원,X기초 국내우주) 3. X2 (X1분할출원,X1기초 국내우주) 의 경우에 55조5항에 따라서 X2에 이중우주 적용되나요? 2. X2를 X를 기초로 국내우주 하면 분할출원시 취지쓰고 증명서류도 3개월 추가기간이있어서 문제 없는데 X1을 기초로 국내우주 하면 이중우주 걸리는지...궁금합니다 항상 감사드립니다 ^^","1. 전제 조건이 맞지 않네요. X1이 X기초 분할출원하면서, X기초 국내우주를 한다는 개념은 없습니다. 또한, X가 X1 기초 분할출원, X1기초 국내우주라를 한다는 개념도 없습니다. 2. 이것도 질문 자체가 이해가 안됩니다. 그리고 국내우주는 증명서류 제출도 하지 않습니다.", ,,20.10.06
특허법,조문,36조,[36조] 선출원의. 지위?댓글수1,공동발명자(a b) 중 1인 (a) 딘독으로 출원한 경우 선출원의 지위가 있나요? A출원시 선출원 확선으로 거절되나요? A B 출원시 선출원 확선으로 거절되나요? a출원으로 등록된 경우 공지예외 주장 가능할까요? 정당권리자출원이나 이전청구로만 극복가틍할까요?,"1. 44조 위반으로 거절결정이 확정된다면 선출원의 지위가 없습니다. 2. 밑에 질문은 이해가 안 되네요. <A 출원시? AB 출원시?> 가 무엇을 의미하는지, <공지예외주장>은 왜 하는지 모르겠네요.", ,,20.10.08
특허법,조문,54조,[54조] 조약우선권 주장?댓글수1,"안녕하세요! 기출문제 풀다가 헷갈려서 질문 드립니다 2014년 변리사 기출문제 중 하나입니다. 조약우선권 규정에 의하여 우선권을 주장한 자는, 특허청과 외국의 특허업무를 담당하는 행정기관 간에 우선권증명서류를 전자적 매체에 의하여 교환할 수 있는 체제가 구축된 국가로서 특허청장이 고시하는 국가인 경우에, 최초로 출원한 국가의 특허출원의 출원번호 및 그 연월일을 기재한 서면을 최선일로부터 1년 4개월 이내에 특허청장에게 제출하여야 한다 (X) 인데 여기에서 최선일은 국내우선권주장출원에서 말하는 '최선출원일'을 말하는 것이 맞나요? 맞게 고치려면 '최선일 → 최우선일' 이라고 수정하고, '~서면 → ~서면과 명세서 및 도면'이라고 수정하면 되는건지 궁금합니다! 답변 미리 감사드립니다","출원연월일을 적은 서면, 명세서 및 도면의 등본, 즉 출원번호는 빼고요. 말씀하신 최선일은 최우선일로 하는 것이 맞습니다.", ,,20.10.24
특허법,조문,52조,[52조] 분할출원 중 삭제보정 시기?댓글수2,"안녕하세요 선생님! 분할출원중 협의제 회피방안으로 삭제보정 한다고 배웠습니다. 그리고 삭제보정의 시기는 아무때나 가능하다 말씀해주셨습니다. 여기서, 궁금사항입니다. Q1. 삭제 보정이 아무때나 가능하다는말씀은 보정가능기간(47조1항본문, 1호, 2호, 3호시기)인 경우에 아무때나 가능 하다는 말씀인지 궁금합니다. Q2. 만약 Q1이 맞다면 삭제보정이 아무때나가능한것은 47조1항 본문,1호 시기에는 신규사항만 아니면 보정인정이되기에, 그리고 2호,3호 시기에는 47조 3항 1호 보정범위제한에 의해 삭제보정이 가능한것인지도 궁금합니다.",?네. 이해하신 내용이 맞습니다., ,,20.10.28
특허법,조문,55조,[55조] 국내우주를 두개주장하는 경우?댓글수1,"안녕하세요 선생님! 조약우주의 복합우주를 공부하고나니, 국내우주부분에서 궁금증이 생겼습니다. 국내출원(X)-국내출원(Y)-국내출원(Z)한경우, 국내출원(Z)에서 출원(X)와(Y)의 국내우선권 주장을하면 즉, 국내우주를 두개주장하면 파리조약: 복합우선이란 하나의 출원에 관하여 복수의 우선권(둘이상의국가에서 한 출원에 기한것을포함한다)을주장하는것.. 이라는 표현에의해 위의예시도 복합우주라고 부르는게맞는지 궁금합니다.","네, 2이상의 선출원에 기초해서 우선권주장을 하는 것을 복합우주라고 합니다.", ,,20.11.01
특허법,조문,36조,[36조]선출원주의 동일자출원?댓글수1,"안녕하십니까ㅎㅎ 동일자 출원에 관한 판례에 관하여 질문드리고 싶습니다. (2005후3017)판례를 보면 동일인이 동일한 발명에 대하여 같은 날에 출원하여 모두 등록된 경우, 등록된 특허권 중 어느 하나가 포기되어도 경합출원으로 인한 하자가 치유된다고 보기는 어렵다. 라고 하고 있습니다. 그런데 (89후1103)판례를 보면 동일인이 동일 고안에 대하여 같은 날에 경합출원 하여 모두 등록이 된 경우에 그 후 어느 한 쪽의 등록이 무효로 확정되었다면 나머지 등록을 유지, 존속시켜 주는 것이 타당하고 당초에 경합출원이었다는 사실만으로 나머지 등록까지 모두 무효로 되는 것은 아니다. 라고 하고있습니다. 동일자 출원시 모두 등록된 후 한쪽이 무효가 되면 나머지 하나가 하자가 치유되지 않아서 역시 무효인지 아니면 무효가 아닌지 궁금합니다. 답변미리감사드립니다",안녕하세요? 특허 무효의 경우 선출원의 지위가 없기 때문에 나머지 하나가 무효가 되지 않는다는 것이 판례의 요지입니다. 열공하세요~, ,,20.11.02
특허법,조문,35조,[35조] 선출원주의 질문드립니다.?댓글수1,"안녕하세요, 객관식 풀던 중 질문이 생겨 글을 남깁니다. 189페이지 ㄴ 지문에서 갑과 병이 협의를 해서 병이 특허를 받을 수도 있으니까 지문이 맞는 것 아닌가요? 병이 특허를 받을 수도 있다, 라고 되어있어야 맞는 지문이 되는 걸까요...? 미리 감사드립니다.",, ,,20.11.11
특허법,조문,54조,"[54조]최선성,정규성?댓글수1","변리사님 안녕하세요! 54조 요건중에서 최선성 정규성을 만족시켜야 한다는 요건에서요,, 둘중 하나만 만족시키면 요건이 충족되는건가요? 아니면 둘다 만족시켜야 하나요??! 감사합니다...!",안녕하세요? 둘 다 만족해야 합니다., ,,20.11.13
특허법,조문,55조,[55조 7항] 국내 우선권 주장 보정 및 추가?댓글수1,"안녕하세요. 해당 조문과 56조에서의 우선권 취하 가능 시기와 관련해서 질문이 있습니다. ---1----2----3-------------------------국우주(1,2,3)----> 이와 같은 3개의 선출원과 후출원으로 (복합)국우주를 주장했을 때 55조 7항에 따르면 1의 출원일로부터 1년 4개월 이내에 우선권 주장 보정 및 추가를 할 수 있습니다. 그런데 만약 (56조의 우선권 주장 취하 가능 시기를 살펴볼 때) 2혹은 3의 출원일로부터 1년 3개월이 되는 시점이 1의 출원일로부터 1년 4개월이 되는 시점보다 늦는다면, 그 이후에 취하 가능 시기에서는 보정을 할 수 없기 때문에 반강제적(?)으로 취하를 하지 못하게 되는 것인가요??? 조문상으로는 위와 같이 될 것 같은데 정확히 알고 싶어 질문을 올렸습니다. 감사합니다.","잘못 이해하고 있습니다. 1, 2, 3은 각각 1년 3월 경과하기 전까지 취하할 수 있습니다.", ,,20.11.24
특허법,조문,38조,[38조]5항의 취지신고 부적법 시 효과?댓글수1,안녕하세요 변리사님 강의 잘 듣고 있습니다. 다름이 아니라 조문을 읽다가 문득 궁금한 점이 생겨서 질문드리게 되었습니다. 특허법 38조5항에는 특허출원 후 특받권의 상속 및 일반승계 시 그 승계를 받은 자가 즉시 특허청장에게 그 취지를 신고하라는 규정이 나와있습니다. 만약 이 취지신고를 하지 않거나 그 기재가 부적법하다면 유의미한 법적 효과가 나타나는지 궁금합니다. 감사합니다~,"훈시적 의미의 규정입니다. 따라서, 위법시 제재는 없습니다.", ,,20.11.29
특허법,조문,44조,[44조]특받권이 공유일 경우 공유자 중 1인의 출원거부 시 조치?댓글수1,안녕하세요 변리사님 좋은 강의 잘 듣고 있습니다. 특허법 44조에 따르면 특받권이 공유일 경우 공동으로 출원해야 한다는 규정이 나와있습니다. 이에 특받권이 공유일 경우 공유자 중 1인이 출원을 거부할 경우 남은 공유자들 역시 출원을 할 수 없다는 객관식 문제 지문을 접하게 되어 문득 의문이 들어 질문드리게 되었습니다. 그렇다면 남은 공유자들은 1인의 출원거부로 인해 공유인 특받권을 행사하지 못하는 불이익을 받게 되는 것인데 이럴 경우 이들이 할 수 있는 조치는 출원을 거부하는 1인과의 협의 밖에 없는 것인지 궁금합니다. 감사합니다~,네. 그렇습니다., ,,20.11.29
특허법,조문,30조,[30조] 공지예외주장?댓글수2,"안녕하십니까 변리사님. 공지예외주장의 경우, 특받권자의 의사에 의하여 또는 특받권자의 의사에 반하여 공지된 경우 공지예외 주장을 할 수 있는것으로 알고있습니다. 이지특허법에는 '공개자가 특허를 받을 수 있는 권리자임을 증명해야 예외주장가능' 이라는 문장이 기재되어있습니다. 그렇다면, 1. 갑이 발명한 발명품인 A를 갑과 아무런 관계 없는 을이 그 존부를 알아차리고 공개한다면 갑은 공지예외주장을 할 수 없는 것인가요? 이런경우는 어떻게 해야하는 것인가요? 2. 갑과 을이 발명품 A의 공동발명자인 경우, 갑의 일방적 의사로만 공지하게 되었다면, 후에 갑과 을이 공동으로 출원시 공지예외주장이 가능한가요? 3. 비슷한 예로, '정당권리자는 무권리자의 출원에 대한 거절결정이 출원공개일로부터 12월 경과후에 있는 경우에는 반드시 그 거절결정이 확정된 날로부터 30일 이내에 출원하여야 한다'라는 문장이 있는데, 정당권리자의 출원일이 출원공개일로부터 12월 이내라도, 공개자가 특받권자가 아니기때문에 공지예외주장이 불가한것인가요? 4. 특받권자의 의사에 반한 공개의 예로 사기, 협박, 강박등을 제시하고 있는데, 예시를 들어주실 수 있나요? 잘 와닿지 않습니다. 항상 친절한 답변 주셔서 감사합니다.","안녕하세요? 뭔가 잘못 이해하고 있네요. 공개자, 발명자, 출원인이 모두 다른 경우에 왜 다른지에 대한 증명서류를 제출합니다. 1. 의사에 반한 공지 출원을 하면 됩니다(발명자와 출원인이 같습니다.) 2. 네 3. 의사에 반한 공지 출원을 하면 됩니다. 4. 반공개의사가 있는데, 공개된 경우로서 말씀하신 무권리자가 몰래 보고 공개시킨 경우도 해당힙니다. 열공하세요~", ,,20.11.29
특허법,조문,42조,[특허법 42조 제3항 제1호]에 대해서 질문드립니다.?댓글수1,교수님 안녕하십니까 강의를 듣고 공부하는 중에 이해가 잘 가지 않는 부분이 있어 질문드립니다. 대법원 2004.12.23 선고 2003후1550 판결 '약리효과가 있다는 것을 약리데이터 등이 나타난 시험예로 적거나 또는 이에 대신할 수 있을 정도로 구체적으로 적어야만 비로소 발명이 완성되었다고 볼 수 있는 동시에 명세서의 기재요건을 충족하였다고 볼수 있다' 에 대해서 발명의 미완성과 명세서 기재불비를 특별히 구분하는 것으로 보이지 않는다고 하셨습니다. 그렇다면 특허법원 2001. 7. 20. 선고 2000허8420 판결 '어떤 특허출원이 법 제 42조 제3항 제1호에서 정한 명세서의 기재요건을 충족하지 못하였다고 하여 이를 미완성 발명이라고 단정할 수는 없다고 할 것이다' 하여 양자의 거절이유에 대해서 구별하는 입장을 취한다고 해석됩니다. 그렇다면 명세서의 기재불비와 미완성발명에 대한 판례의 입장에 대해서 각각에 대해서 판결문을 작성하여 적용할때 특별히 구분짓지는 않지만 거절이유를 통지할때에는 각각 구별해야 한다라고 보는 것이 맞나요? 아니라면 어떻게 보아야 할까요 감사합니다,"안녕하세요? 판례를 완전히 잘못 이해하고 있습니다. 발명의 완성까지의 구간(A 구간)과 그 후 기재불비를 해소하는 구간(B 구간)으로 구분하여, 2003후1550은 A구간에서의 판결이고, 2000허8420은 B 구간에서의 판결입니다. 기본서와 강의노트에 그림이 있으니 참고해서 살펴 보세요.", ,,20.12.01
특허법,조문,54조,[54조] 우선권주장 보정?댓글수1,"안녕하세요 변리사님 54조 7항에서 제 1항에 따라 우선권 주장을 한 자 중 제2항의 요건을 갖춘 자는 제5항에 따른 최우선일부터 1년 4개월 이내에 해당 우선권 주장을 보정하거나 추가할 수 있다. 고 나와있는데요. 3항에서 제 1항에 따라 우선권을 주장하려는 자는 특허출원을 할 때 특허출원서에 그 취지, 최초로 출원한 국가명 및 출원의 연월일을 적어야 한다. 고 나와있는 부분에서 만약에 출원시에 취지표시를 하지 않은 것도 7항에서 이야기하는 '보정'시기에서 보정 할수있을까요? 아니면 특허출원시에 취지표시를 하지 않은 조약우선권주장은 출원을 취하하고 재출원을 해야하나요?","법 제54조 제7항은, 취지 기재하지 않은 것을 추가 또는 취지 기재를 잘못한 것을 보정할 수 있다는 것입니다.", ,,20.12.06
특허법,조문,42조,[42조의2]청구범위 유예제도와 분할출원의 관계?댓글수1,"안녕하세요 변리사님! 청구범위 유예제도를 공부하다가 궁금증이 생겨 질문드립니다. 분할출원시 청구범위 유예제도를 연장해주는 취지는연장해주지 않으면 분할출원시 청구범위 유예저도 기간이 끝나버려서 제출할 수 없게 되는 경우가 생겨서 이를 보완해주기 위함으로 알고 있습니다. (질문1)반면에 국내우선권 주장출원에 경우 어차피 원출원으로부터 12개월 이내에 출원해야 하므로 청구범위 유예제도 기간 내에 행해지는 출원이므로 따로 기간을 연장해주지 않는다고 생각했는데 맞는 생각인가요? (질문2)그렇다면, 국내우선권 주장출원시 청구범위 제출유예기간은 원출원으로부터 1년2개월이 경과하면 칼같이 끝나는 반면, 분할출원에 경우 분할출원을 원출원에 청구기간 유예제도 유예기간 내에 하더라도 분할출원으로부터 30일내의 연장기간이 더 늦으면 그날까지 제출가능한 경우나 제3자 심사청구시에도 분할출원을 함으로써 청구범위 제출 유예기간을 3개월보다 연장해버릴수도 있는데, 이러한 연장들은 비록 분할출원시 청구범위 제출기간을 연장해주는 취지에는 맞지 않지만, 반사적 이익정도로 생각하면 될까요? 항상 답변 감사드립니다!!",1. 네 2. 전혀 성질이 다른 것을 말씀하시고 계시네요. 분할출원은 그것만을 위해서 다시 비용을 부담하는 것이고요. 반사적 이익이라고 보기 어렵습니다., ,,20.12.07
특허법,조문,55조,[55조] 국내우선권 주장의 주체?댓글수1,"안녕하세요 변리사님 리담 객관식 문제를 풀다 개법원 판례 관련하여 궁금한게 생겨 질문드립니다 객관식p399 대법원 2019.10.17 선고 2017후1274 우선권주장출원 당시 후출원의 출원인이 선출원의 출원인과 일치해야 하는 것은 아니다. 선출원 발명을 개량하여 후출원 발명을 하는 과정에서 선출원의 출원인 중 일부만 후출원의 출원인에 포함되거나 (중략) 이 경우 특허청장 등은 그 승계인임을 증명하는 서류를 제출하게 할 수 있다 이와 관련하여 다른분이 질문하였던 게시글을 찾아보다 https://m.cafe.daum.net/ezpatent/7ZEN/2543?searchView=Y 다음과 같은 게시물을 찾았는데요 여기서 변리사님의 답변의 의미가 기초출원이 공동출원인 경우, 국내우선권주장출원은 공동출원인 모두가 함께하여야하나, 위와같은 대법원 판례의 경우 우선권주장출원의 출원인이 기초출원의 특허를 받을 수 있는 권리를 모두 양도받은 경우라고 해석하면 될까요?? 감사합니다","국내우선권주장출원의 경우 공동으로 하지 않아도 됩니다. 예를 들어, 선출원 A, B- 후출원 A, C인 경우 (1) 갑이 A, 을이 B, 병이 C를 발명했다면, 후출원은 갑과 병이 할 수 있고, (2) 갑이 A, C, 을이 B를 발명했다면, 후출원은 갑이 할 수 있습니다. 열공하세요~", ,,20.12.09
특허법,조문,44조,[44조] 공동출원 / 공동출원인 추가 가부?댓글수1,"안녕하세요. [44조 위반시] 1. 소급효 X -> 취하 후 재출원 2. 이전 1)등록전 : 불가 2)등록후 : 99의2 위와 같이 정리하였습니다만, 44조 위반시, 등록(전) 단계에서 출원인 추가가 가능한지 문의드립니다. 감사합니다.",등록전 단계에서 출원인 변경신고를 하면 해결됩니다. 기본서에 자세히 기술되어 있으니 정독해 보세요~, ,,20.12.10
특허법,조문,45조,[특허법 제45조 하나의 특허출원의 범위]에 대해서 질문드립니다.?댓글수1,"안녕하십니까 교수님 강의를 듣다 이해가 가지 않은 부분이 있어 질문드립니다. 특허법 45조에서 특허출원은 하나의 발명마다 하나의 특허출원으로 한다라고 명시되어 있고 또 교수님께서도 강의 중에 청구항 하나에 1발명이 원칙이다라고 말씀해주셨습니다. 또 그거에 대한 예외로 45조 2항에 나타나 있다고 학습했습니다 여기서 근데 청구항 1 : a를 이용한 발명 청구항 2 : b를 이용한 발명 청구항 3 : 청구항1 또는 청구항2에 있어서 c를 부가한 발명 (a와 b는 단일성을 만족한다고 가정한경우 입니다) 이렇게 있다고 예를 들면, 청구항 3의 경우 택일적 기재로 인해 청구항1에 c를 부가한 발명 하나와 청구항2에 c를 부가한 발명으로 이렇게 총 2개의 발명이 나오는데 혹시 이부분도 45조 2항의 대통령령으로 정한 시행령에 해당하여 두개가 나와도 허용되는 것인가요? 감사합니다","뭔가 잘못 이해하고 있습니다. 1청구항 1발명이 원칙이나, 예외적으로 1청구항 복수의 발명이 될 수도 있고, 복수의 발명은 모두 제45조의 요건을 충족해야 하기 때문에, 제45조제1항단서에 해당하는 경우에만 1출원을 할 수 있습니다. 문의한 내용은, 청구항 3이 제45조제1항단서에 해당하기 때문에 1출원으로 할 수 있는 것입니다.", ,,20.12.11
특허법,조문,29조,[29조3항] 확선에서의 발명자 동일?댓글수1,"녕하세요. 29조3항 내용 중 '발명자가 동일하면 확선의 지위가 없다'와 관련하여 질문이 있습니다! 리담특허법에 이와 관련된 예시가 있는데 그 중에서 1.갑이 A,B를 발명하였고 2.병이 A를 무권리자로 선출원하였고 3.을이 A에 대한 발명을 양수하였다고 나와 있습니다. 그래서 을은 병 출원 다음으로 A~를 출원하였는데 이때 병의 출원이 'A에 대한 발명자가 동일하여 확선의 지위가 없다'라고 나와있습니다. 강의에서는 발명A의 발명자가 '을'이기 때문에 발명자가 동일하다고 하셨던 것 같습니다.. 그런데 발명자 인격권은 양도하지 못한다고 하였는데 여기서 발명자가 동일하다는 것이 발명자 '을'로 동일하다는 것이 아니라 '갑'으로 동일하다는 것인가요?? 강의내용이 기억나지 않아 글을 올립니다.. 만약 인격권에 관한 것이 아니라 A발명을 을에게 양수하여 을이 발명자라고 한다면 특허제품에 발명자 표시는 '을'이라고 쓰여져 있는 것이겠죠??",네. 발명자가 모두 갑으로 동일하기 때문에 확선의 지위가 없습니다., ,,20.12.17
특허법,조문,29조,[29조1항]구성 부가의 경우 신규성여하?댓글수1,"안녕하세요. 구성이 단순 부가된 경우 신규성(동일성) 판단에 대해 질문 드립니다. 도해특허 14판 200페이지에는, a+b+c 가 출원 공개된 경우 a+b+c+d의 출원 가능성을 다루고 있으며, 하위발명이라는 근거로 동일성 범위가 아니라고 하셨습니다. 그런데 2003후472와 같이 d의 부가가 주지관용기술의 ‘부가’이며 새로운 효과가 없는 정도로 미미한 경우라면 a+b+c와 동일성 범위라고 할 수 있을지 궁금핮니다. 감사합니다.",네. 이해하신 내용이 맞습니다~, ,,20.12.19
특허법,조문,36조,[36조] 선출원?댓글수2,"임병웅 변리사님, 안녕하세요. 선출원에 대하여 공부하다가 헷갈리는 내용이 있어서 문의 드립니다. 1. 동일인이 동일한 발명에 대하여 특허와 실용신안을 같은 날 출원하여 모두 등록된 경우 등록된 특허권이나 실용신안권 중 어느 하나에 대하여 사후 권리자가 그 권리를 포기했다 하더라도 경합출원으로 인한 하자가 치유된다고 보기는 어렵다. (대법원 2007.1.12. 선고 2005후3017판결) 2. 동일인이 동일고안에 대하여 같은 날에 경합출원을 하여 모두 등록된 겅우 그 중 어느 하나의 권리가 등록이 무효로 확정되었다면 나머지 등록을 유지존속시켜주는 것이 타당하고 당처에 경합출원이었다는 사실만으로 나머지 등록까지 모두 무효로 볼 것은 아니다. (대법원 1990.08.14. 선고 89후1103판결) 1번 판례는 경합출원이 치유되지 않고 2번 판례는 경합출원이 치유될 수 있는 이유가 1) 1번은 특허vs실용신안이고 2번은 실용신안vs실용신안이기 때문인가요? 아니면 2) 1번은 등록을 “포기” 한거고 2번은 등록이 “무효”가 되었기 때문인가요? 감사합니다!",2)번이 맞습니다., ,,20.12.27
특허법,조문,29조,"[29조,36조] 기출문제 질문?댓글수1",2015년 기출문제 질문 있습니다. 선출원과 후출원의 출원인 및 발명자가 다르고 청구범위가 동일한 경우에는 확대된 선출원 규정 및 선출원 규정에 따라 후출원은 특허를 받을 수 없다. → O 이 지문의 상황에서 적용되는 건 선출원주의인 것 같은데 문장의 후단에 “확대된 선출원 규정 ‘및’ 선출원 규정에 따라” 라는 말이 엄밀히 말하면 틀린것 아닌가요?,"청구범위는 명세서에 포함되는 개념입니다. 따라서, 확대된 선출원 규정이 적용됩니다.", ,,20.12.30
특허법,조문,53조,[53조]리담객 380번 변경출원전 지분양도 했을 경우 불수리/거절 판단?댓글수1,"안녕하세요. 리담 객 380번 변경출원 관련해서 질문드립니다. 4번 문항에서 갑이 지분의 일부를 을에게 양도한 경우 X출원을 기초로 한 변경출원은 갑과 을이 공동으로 하여야 하며, 그렇지 않은 경우 거절이유이다. 라고 적혀있고, 해설은 불수리된다 라고 적혀있는데요. 저는 변경출원도 별개의 출원이고, 특받권이 공유이면 공동출원을 해야되기 때문에 안한다면 44조 위반으로 생각해서 거절이유라고 생각했는데요. 실무상 불수리로 처리하는건가요? 44조 위반으로 처리하지 않는 이유가 궁금합니다..","변경출원 요건의 만족 여부를 먼저 판단한후, 거절이유를 판단하기 때문입니다. 변경출원의 요건을 만족하지 않으면 일반적으로 불수리됩니다.", ,,20.12.31
특허법,조문,42조,[42조] 배경기술에 관하여 질문 있습니다.?댓글수1,배경기술을 아예 안적으면 42조9항 위반으로써 절차 보정사유이고 배경기술을 미흡하게 적으면 42조3항2호 위반으로써 절차적 요건 위반인가요? 항상 좋은 강의 감사드립니다. 새해 복 많이 받으십시요.,네. 맞습니다., ,,21.01.04
특허법,조문,34조,[34조] 정당권리자의 출원일 소급효?댓글수1,"안녕하세요? 질문들을 검색해서 보다가 거절결정이확정되려면 거절결정되고, 등본이 송달되고, 30일이 경과되어야 한다는 것을 알게 되었습니다. 1. 그렇다면 정당한 권리자는 ‘거절결정등본송달일로 부터 60일’ 내에 출원해야 한다로 알고 있어도 되나요? 2. 그런데 실질적으로는 정당권리자가 무권리자의 거절결정등본송달일을 알 방법이 없으니까 위와 같은 표현은 안쓰는 것인가요? 3. 34조에서 ‘33조 1항 본문이 따른 특허를 받을 수 있는 권리를 가지지 아니한 사유로 특허를 받지 못하게 괸 경우에는’ 이라고 한정하고 있는데 무권리자의 출원이 이러한 사유가 아닌 다른 이유로 거절이나 무효가 될수도 있지 않나요? 4. 그런 경우에는 34조가 적용되지 않아서 30일내에 출원해도 소급효가 인정되지 않거나 경과해도 소급효가 인정이 되는 것인가요?","1.2. 연장 가능하니 반드시 그런 것은 아닙니다. 3.4. 그런 경우에는 제34조, 제35조의 해당 사항이 없는 것으로 이해됩니다. 제목이 틀렸네요. 수정해 주세요~", ,,21.01.16
특허법,조문,54조,54조[조약우선권주장출원] 부분 우선?댓글수1,"안녕하세요? 조약우선권주장의 예에서 우리나라에 특허출원된 발명이 '크롬 또는 알루미늄을 구성요건으로 하는 내식강'을 요지로 하는 것임에 대하여 제1국 출원에는 '크롬을 구성요건으로 하는 내식강'만이 기재되어 있는 경우, 양자는 별개의 발명이라서 전부 우선권주장이 안되는 건가요? 아니면 우리나라 출원의 크롬을 구성요건으로 하는 내식강 부분에는 우선권 인정이 되나요? 또, 혹시 '크롬 또는 알루미늄을 구성요건으로 하는 내식강'이라는 발명의 기재는 단일성을 만족하지 못하는 것인가요? 감사합니다!",1. 크롬을 구성요소로 하는 내식강은 판단시점의 소급효가 인정됩니다. 2. 단일성 만족 여부는 사안에서는 알 수 없습니다., ,,21.01.21
특허법,조문,55조,[55조] 국내우선권주장출원 판단시점소급효?댓글수1,"안녕하세요? 55조 3항에보면 29조 3항본문이라고 한정하고 있는데, 그렇다면 29조 3항의 단서 규정은 적용이 안되는 것인가요? 즉, 우산권 주장의 기초가 되는 출원의 출원인과 확선적용을 받게되는 출원의 출원인이 같다고 하더라도 확선적용을 받을 수도 있는 것인가요? 감사합니다!","제55조제3항은 그 출원의 지위를 말하는 것이고, 다른 출원의 지위는 제55조제4항입니다. 제55조제4항에 의해 확선의 지위 적용의 예외가 됩니다. 열공하세요~", ,,21.01.24
특허법,조문,29조,[29조1항] 신규성상실 이유 추록에 관하여?댓글수1,"리담특허법 추록에서 '한편, 29조1항 신규성상실사유인 공지,공연실시,반포된 간행물에 게재, 전기통신회선 공중이용은 그 4가지 요건사실을 합하여 하나의 동일사실을 구성한다'라고 되어있는데 이것의 의미가 정확히 어떻게 되는건가요?? A라는 간행물에 게재되어 신규성상실되는거랑 B라는 간행물에 게재되어 신규성상실되는 경우 등 모두 동일사실로 취급한다는건가요??","네, 공지가 가장 포괄적인 개념이고, 나머지 신규성상실사유는 예시적 개념입니다. 한편, 추록은 그 부분이 아니라 판단시점이 출원시가 아니라 심결시라는 것입니다. 추록을 잘못 파악하고 있네요. 열공하세요~", ,,21.01.25
특허법,조문,30조,"[30조, 55조] 객관식 300번 공지예외주장 및 국내우주?댓글수4","[지문] 17.1.1 A 공지 - - - 17.7.1 A 출원(X), 공지예외주장수반 - - - 18.7.1 A 및 A' 출원(Y), X출원기초국내우주 및 공지예외수반 단, A와 A'는 동일성이 없고, A'는 A로부터 통상의 기술자가 용이하게 발명가능. [해설] 위 경우에 있어 해설지에 따르면 Y출원에서 A는 공지예외적용을 받지만, A'는 X출원에 포함되어있지 않기 때문에 공지예외적용을 받을 수 없다고 합니다. [문제점] 제가 생각하기로는 Y출원의 공지예외적용주장의 요건을 모두 만족했으므로 A는 공지되지 않은 것으로 보고, 그렇다면 A에 의해 Y출원의 A'역시 진보성이 부정되지 않아야 할 것 같은데, 어느 부분에서 제가 잘못 이해하고 있는지 알려주시면 감사하겠습니다... 수강생 드림.","Y의 A는 특허요건 판단시 17.7.1로 소급되므로 공지가 안 된 것으로 보지만, Y의 A'는 특허요건 파단시 18.7.1을 기준으로 하므로 1년이 지나서 공지가 안 된 것으로 볼 수 없습니다. 기본서를 정독해 보세요~", ,,21.01.27
특허법,조문,42조,[42조] 뒷받침 요건?댓글수1,"안녕하세요 판례 중 이해가 안가는 것이 있어 질문 드립니다. 49회 기출문제에서 7번 문제 지문이기도 합니다. 특허청구범위가 발명의 설명에 의하여 뒷받침되고 있는지 여부는 특허출원 당시의 기술 수준을 기준으로 하여 그 발명과 관련된 기술분야에서 평균적 기술 능력을 가진 사람의 입장에서 볼 때, 그 특허청구범위와 발명의 설명의 각 내용이 일치하여 그 명세서만으로 특허청구범위에 속한 기술구성이나 그 결합 및 작용효과를 일목요연하게 이해할 수 있는가에 의하여 판단하여야 한다. (2003후2089) 뒷받침되고 있는지 여부를 파악할 때에 도면을 참작할 수 있다고 알고 있는데 위 판례를 이해해보자면 ‘명세서만으로’ 판단하는게 원칙이고, 도면을 참작할 수 있다는 것은 예외적인 경우 라는 결론이 나오는데 제가 생각한 것이 맞나요??","판결의 요지를 잘못파악하고 있네요. 판결의 요지는 청구범위에 기재된 내용을 명세서를 통해 이해할 수 있어야 한다는 것이고, 도면이 있는 경우 도면과 명세서를 일체로 하여 살펴본다는 것은 본 판결의 논점이 아닙니다. 한편, 문의하신 판결은 기존의 해석론으로 최근에는 이와 같이 해석하고 있지 않습니다. 리담특허법판례를 보시면 자세히 설명되어 있으니 꼭 살펴 보세요.", ,,21.02.01
특허법,조문,54조,[54조] 조약우주 공개와 선출원의 열람 여부?댓글수1,"안녕하세요, 조약우주 공개와 선출원의 열람 여부 관련하여 궁금한 것이 생겨 질문드립니다. 그럼 바로 본질문 드리겠습니다. 1. 조약우주 공개 시 216조 불문 외국의 선출원에 대하여는 공개효과가 발생하지 않는가요? 2. 만약 요청에 의해 조약우주에 대한 번역문을 제출한 경우에도 열람에 의한 공개효과가 부여되지 않는가요? 3. 그렇다면 216조에 의한 열람효과는 국내/조약우주 중에서는 국내우주에만 한정하여 부여되는 거라고 이해하면 될까요? 감사합니다..!",1. 네 2. 네 3. 네, ,,21.02.02
특허법,조문,52조,[52조]분할출원에서의 발명의 동일성 범위?댓글수1,"안녕하세요 변리사님 다름이 아니라 기출문제를 풀다 제가 오개념을 가지고 있나 의심되서 질문 올리게 되었습니다 49회차 3번 문제 2번 지문을 보면 원출원과 분할출원의 동일성 여부의 판단은 특허청구범위에 기재된 양 발명의 기술적 구성이 동일한가 여부에 의하여 판단하되 그 효과도 참작하여야 하고, 기술적 구성에 차이가 있더라도 그 차이가 주지 관용기술의 부가, 삭제, 변경 등 으로 새로운 효과의 발생이 없는 정도에 불과하다면 양 발명은 서로 동일하다. 라고 하며 분할출원에서의 동일성 범위가 '실질적 동일성' 이라고 명시하고 있습니다. 그런데 제가 수업 들을 때는 분할출원은 소급효를 가지므로 '내재적 동일성' 범위를 만족해야 한다고 배웠습니다. 제가 지문을 잘못 이해한 것인지, 아니면 다른 오개념을 가지고 있는 것인지 알려주시면 감사하겠습니다 ㅠㅠ","분할출원의 경우에는 과거 대법원이 실질적 동일성의 관점에서 판단하였으나, 최근 특허법원은 내제적 동일성 범위에서 판단하고 있습니다. 리담 특허법 동일성 파트를 정독해 보세요~", ,,21.02.09
특허법,조문,29조,[29조] 마쿠시형식?댓글수2,"안녕하세요. 리담 객관식 특허법 관련 질문입니다. 마쿠시형식 관련 문제의 해설인데, 사진촬영이 불가하여 해당 부분을 기술만 한 점 양해부탁드립니다ㅠㅠ -------------------------------------------------------------------------------------------------------------------------------------------- 마쿠시 타입의 청구항 등 하나의 청구항에 2 이상의 발명이 기재된 경우에 대하여는 하나의 선행기술로 각각의 발명에 대하여 신규성이나 진보성이 없다는 거절이유를 통지할 수 있다 ☞ o 청구항에 기재된 발명이 마쿠시 형식등으로 기재돤 경우에 그 선택요소 중 어느 하나를 선택하여 인용발명과 대비한 결과 진보성이 인정되지 않으면, 그 청구항에 기재된 발명전체에 대하여 진보성이 없는것으로 인정한다 ☞ o -------------------------------------------------------------------------------------------------------------------------------------------- 각기 다른 문제의 해설인데, 정독하여도 배척되는 것으로 느껴져 그 뜻에 대해 질문드립니다. 어떻게 다른것인지 와닿지 않습니다. 감사합니다!","첫번째 지문의 case는 선행: ac, 본원: ab, ac인 경우 ab는 진보성 위반, ac는 신규성 위반이라는 것이고, 두번째 지문의 case는 선행: ac, 본원: ab, ad인 경우 ad가 진보성 위반이면 청구항 전체가 진보성 위반이라는 것입니다. 어떤 부분에서 배척되는 것으로 보이는지 알아야만, 정확한 답변을 드릴 수 있을 것 같습니다.", ,,21.02.10
특허법,조문,47조,[47조] 보정가능시기 질문입니다.?댓글수1,"47조1항 소정의 실체보정 가능기간은 1. 본문시기(특허결정등본 송달전) 2. 최초거절이유통지에 대한 의견서 제출기간 3. 최후거절이유통지에 대한 의견서 제출기간 4. 재심사청구시 로 알고있습니다. 1. 만약 특허출원 후에 최초거절이유통지를 받고 거절이유를 해소하였고, 새로운 거절이유가 발생되거나 발견되지 않아서 특허결정된다면, 심사관의 특허결정등본 송달 전까지 47조1항 본문 시기에 재차 자진 보정이 가능한가요? 2.안된다면 그 이유는, 47조 1항 법문상 ""거절이유통지를 받은 후에는 다음 각호의 구분에 따른 기간에만 보정할 수 있다."" 때문인가요?","불가능하고, 이해하고 있는 내용이 맞습니다", ,,21.02.11
특허법,조문,29조,"[29, 54, 55조] 특허요건 판단, 우선권 주장?댓글수1","안녕하세요 변리사님 첫 번째로, 특허 발명의 구성 중 일부가 출원 전부터 공지기술이라 하더라도 보호범위를 판단할 때는 이를 제외하지 않는다고 배웠습니다. 그런데 특허요건을 판단할 때는 이를 제외한 상태에서 특허를 받을 수 있는지 판단하는게 맞나요? 두 번째로, 적법하게 국내우선권주장, 조약우선권주장을 한 경우 우선권 주장을 추가할 수 있는데 이 때 추가할 수 있는 우선권주장은 조약우선권의 경우엔 조약우선권주장만 추가할 수 있고 국내우선권주장의 경우엔 국내우선권주장만 추가할 수 있는게 맞나요? 미리 감사의 말씀 드립니다",1. 특허요건을 판단할 때도 제외하지 않습니다. 2. 네. 그렇습니다., ,,21.02.22
특허법,조문,29조,[29조&54조] 조우주를 수반하는 특허출원 전 외국출원이 이미 등록공고된 경우?댓글수1,"안녕하세요. 조우주를 수반하는 특허출원이 국내에 출원되기 전에 우선권 주장의 기초가 되는 최초의 출원이 이미 조기공개가 되었다고 하더라도, 판단시점 소급효에 따라 우선권 주장의 기초가 되는 최초의 출원일 후 1년 이내라면 출원이 가능한건가요?? 따라서 외국에서 등록공고된 특허출원이 그 날 이후 한국에 특허출원을 하여 등록받을 수 있는 경우가 있을 수 있나요?? (기본강의때 말씀하셨던 것도 같은데,, 갑자기 기억이 나지 않아 질문드립니다..) 항상 감사합니다.","네. 있습니다. 다만, 개량발명은 소급효가 인정되지 않기 때문에, 공개에 의해 신규성, 진보성 판단을 해야 합니다. 열공하세요~", ,,21.02.24
특허법,조문,47조,[47조1항1호]최초거절이유통지 및 거절결정취소 후 심사국환송?댓글수1,"[키워드] 특허법제47조1항1호 , 63조1항 및 132조의17 [대상] 거절걸정불복심판의 인용심결로 심사국 환송 사안입니다. 1. 심판절차에서 거절이유통지 후 보정 따른 거절이유 발생. 이후 심사국에서 발견 2. 심판청구 전 심사절차에서 거절이유통지 후 보정 따른 거절이유발생. 이후 심사국에서 발견 [질의] 1,2번의 경우 최후거절이유통지인가요 ? 리담특허법 21년 3월 추록에 의하면 1,2모두 최초거절이유통지를 해야된다라고 기재되어있어 질문드립니다. 명문 정의상 최후거절이유통지가 맞는듯한데 실무상 규칙이 따로 있나요?","네. 최초거절이유통지를 합니다. 거절결정불복심판에서 환송되어 심사국으로 온 경우에는 reset 되고 처음부터 다시 시작합니다. 근거는, 심사기준을 살펴보면 됩니다.", ,,21.03.29
특허법,조문,33조,[33조] 1항 본문 위반 판례?댓글수1,"안녕하세요! 항상 좋은 강의 해주셔서 감사합니다. 변리사님 강의 듣고 점점 공부에 재미를 붙여가고 있습니다! ^-^ 질문은 교과서 260페이지에 있는 판례에 대한 질문입니다. (2011. 9. 29 선고 2009후 2463 판결) (판결) 발명자가 한 발명의 구성을 일부 변경함으로써 그 기술적 구성이 발명자가 한 발명과 상이하게 되었다 하더라도, 그 변경이 통상의 기술자가 보통으로 채용한느 정도의 기술적 구성의 부가, 삭제, 변경에 지나기 아니하고 그로 인하여 발명의 작용 효과에 특별한 차이를 일으키니 아니하는 // 등 // 기술적 사상의 창작에 실질적으로 ~ 수업에서 '등 앞쪽은 진보성을 위반하였다는 뜻이다' 라고 설명을 들었는데, 그 이유가 ""특별한 차이를 일으키지 아니하는"" 이라는 워딩이 효과의 현저성을 위반했기 때문이라고 이해했는데요. 근데 굵게 표시한 부분의 워딩이 저는 신규성 판단 시 ""구성 요소에 차이가 있더라도 그 차이가 과제 해결을 위한 구체적 수단에서 주지관용기술의 부가, 삭제, 변경 등으로 새로운 효과의 발생이 없는 정도라면 서로 동일성이 있다고 하여야 한다""는 부분에 걸려서 진보성 위반을 판단하기 전에 신규성이 위반이 되었다고 생각합니다. 변리사님의 설명이 이해가 안된건 아닙니다. 근데 아무래도 ""부가, 삭제, 변경""이라는 워딩이 겹쳐서 자꾸 신규성 방향으로 생각을 하게 되는 것 같은데, 제가 어느 부분에서 틀렸는지 설명해주시면 감사하겠습니다.","신규성: 주지관용기술의 부가, 삭제, 변경 진보성: 통상의 기술자가 보통으로 채용하는 정도의 부가, 삭제, 변경 으로 이해하면 됩니다.", ,,21.04.15
특허법,조문,42조,[42조] 공지기술 전합 판례 질문?댓글수1,"안녕하세요 변리사님 42조에서 ""배경 기술로 기재되어 있다고 하여 그 자체로 공지 기술로 볼 수 없다""고 판시한 판례에서 질문드립니다. 이해가 도무지 안돼서 카페에 관련 글들을 전부 찾아본 후에 궁금증이 풀린 것 같은데, 확실한 것 같지 않아서 질문드려서 좀 확실하게 하고 싶습니다. 1. 배경 기술에 기재된 구성요소가 공지되었음을 자인하면, 이 배경기술은 해당 발명 청구항의 동일성, 진보성을 판단할 때에도 인용 발명(공지기술)로써의 역할을 가지게 된다. >> 만약 배경 기술과 청구항 사이에 신규성이 있으면 29조 1항 위반 // 용이성이 있으면 진보성 위반으로 거절사유가 된다. 2. 입증 책임이 전환되었기 때문에 출원인이 나중에 배경 기술이 공지 기술이 아님을 입증해야한다 ( ex. ""제가 배경 기술에 적은거는 회사 내부 정보예요! 공지기술 아니예요!"") 제가 이해한 부분에서 잘못된 부분이 있을까요? 사실 쓰면서도 이게 맞는건지..... 아리까리하네요....","1. 네. 정확히 표현하면 공지기술로서 추정하고 심사를 진행한다. 2. 공지기술이라는 것은 원래 심사관이 입증해야 하나, 추정되는 경우 반대로 출원인이 공지기술이 아님을 입증해야 한다.", ,,21.04.16
특허법,조문,35조,"[35조, 42조의2] 정당한 권리자의 청구범위 제출 유예?댓글수1",정당한 권리자의 경우 청구범위 제출의 유예에서 기간의 특례를 주지 않는다고 배웠습니다. 이 말은 무권리자의 출원으로부터 1년 2개월이 지난 이후 정당한 권리자가 출원하는 경우에 기간의 특례가 없기 때문에 반드시 청구범위를 적어서 제출해야 하며 청구범위를 적지 않고 출원시 불수리된다는 말이 맞는지 여쭤봅니다. (위의 질문이 맞다면) 보통은 무권리자가 먼저 출원하였다는 사실을 모르는 상태에서 정당한 권리자가 자신의 출원을 진행하는게 일반적인 것 같은데 얼른 출원일을 확보하고자 청구범위를 적지 않고 제출한 경우 그럼 불수리되거나 35조 적용을 못받거나 둘 중에 하나인 것 같습니다. 이렇게 진행되면 불합리하다고 생각되어 어느 부분에선가 잘못 생각하거나 빠뜨린 점이 있는 것 같아 질문드립니다.,무권리자 출원일로부터 1년 2개월 이내 출원하면 청구범위 제출 유예의 적용을 받을 수 있습니다. 결국 빨리 출원하면 됩니다., ,,21.04.20
특허법,조문,47조,[47조] 신규사항추가금지 관련?댓글수1,"안녕하세요 변리사님. 신규사항추가금지 관련 질문드립니다. 최초 거절이유 통지 대응 보정은 47조2항 만족 불문 보정후 내용으로 심사 진행하는 것으로 알고있는데, 그럼 신규사항 추가를 어떻게 판단한다는 건지 잘 모르겠습니다. 보정 적법전제로 판단하므로 47조2항 고려않는다는 의미인지? 질문드립니다.",제47조제2항이 거절이유에 해당하므로 최후거절이유통지를 합니다., ,,21.04.21
특허법,조문,55조,[55조 7항] 56조 2항에 의한 제한 질문드립니다.?댓글수1,55조 7항이 56조 2항에 의해 제한된다는 부분에 대해 질문드립니다. 1. 우선권주장의 보정 및 추가에서 보정 안에 우선권 주장의 취하도 포함되는 개념일까요? 2. 제가 이해한 바로는 우선권 주장의 취하가 우선권주장의 보정 안에 포함되는 개념인데 최선출원일로부터 1년 3개월 이후부터 1년 4개월 사이의 1개월 기간동안 취하는 불가능하기 때문에 보정의 범위가 제한된다라고 이해했는데 이 부분이 맞게 생각하고 있는건지 여쭤봅니다.,네, ,,21.04.22
특허법,조문,55조,"[제55조,2009후2371] 판례 사실관계관련 질문드립니다.?댓글수2","안녕하세요. 요즘 질문을 너무 자주하는것같아 죄송한 마음이 들지만 혼자 고민해결이 안되어 또 질문드립니다ㅜㅜ 항상 감사합니다 판례의 요지(63조관련 절차적 위법)와는 상관 없는 부분이라서 무의미한 고민일 수 있겠으나, 해당 판례 사실관계에서 심사관이 ""이 사건 출원발명의 특허청구범위에는 이 사건 선출원발명에 비하여 새로운 구성이 추가되어 있어서 그 출원일이 이 사건 선출원발명의 출원일로 소급되지 않는다는 기재""를 덧붙여 거절결정 하였는데요, 위 기재가 절차적 위법은 별론으로 하고도 실체적으로 적법한 얘기인지 질문드립니다. 1. '출원발명 청구범위에 선출원발명에 비하여 새로운 구성이 추가되어 있어서' 부분에서, 국내우주는 원래 개량발명 보호를 위한 것으로 후출원 청구범위에 당연히 새로운 구성추가가 있을 수 있는것 아닌가요? 예를들어 선출원발명 A+B에 후출원발명 A+B+C인 경우 적법한 국내우주 수반한다면 A+B부분만의 판단시점을 소급받을 수 있는것 아닌가요? 따라서 이 판례의 경우 설령 우주불인정 취지 및 이유를 통지하였다고 가정해도 실체적으로 우주가 적법한 사안인것같은데, 제 생각이 맞는지 아니면 어딘가에서 국내우주관련 오개념이 있는것인지 혼란스러워서 질문드립니다. 2. 또한 '출원일로 소급되지 않는다'는 기재 역시, 본 규정은 출원일 소급효가 아닌 판단시점 소급효(제3항)를 갖는 것이기 때문에 잘못된 기재가 맞나요?","1. 국내우선권제도를 완전히 잘못 이해하고 있네요. 선출원 1. 발명1을 하고, 개량발명 발명2를 한 후, 1. 발명1. 2. 발명2를 기재하여 국내우주출원을 하였다면, 1. 발명1만 소급효를 인정받고, 2. 발명2는 소급효를 인정받을 수 없습니다. 말씀하신 A+B+C는 발명2이고, 따라서 소급효 인정이 안 됩니다. 2. 판단시점의 소급효가 인정되지 않는다고 표현하는 것이 정확한 표현일 것입니다.", ,,21.05.02
특허법,조문,47조,[47조] 신규사항추가금지 관련?댓글수2,신규사항추가금지 적용시 최명도 기재된 사항 범위 내라도 청구항이 신설되면 47조 2항 위반인가요..??,"네. 청구범위의 확장, 변경 모두 가능합니다.", ,,21.05.03
특허법,조문,29조,29조3항 단서 질문?댓글수1,"안녕하세요 변리사님. 무권리자 출원에 대해서도 발명자가 동일하면 29조3항 단서로 확선 위반이 아닌가요? 즉, 선출원에 정당한권리자의 발명이 있고 후출원에 무권리자가 출원한 경우, 거절이유들을 따져보았을때, 청구범위에 따라 36조, 무권리자이니 33조의 거절이유가 일단 있겠지만 같은 발명에 대해 확선위반을 적용해야하는지, 아니면 법문에 충실히 해석하면 무권리자가 출원한 것도 발명자는 같으니 확선의 거절이유는 없는지 질문드립니다. 모인출원을 법문 해석으로 보호하게 되면 확선 취지에 반하는 것 같기도 해서요. 미리 답변 감사드립니다.",확선 위반이 아닌 것으로 해석됩니다., ,,21.05.04
특허법,조문,47조,[47조] 보정의 적법성 질문드립니다.?댓글수4,"안녕하세요 47조를 공부하던 중에 의문이 생겨 질문드립니다. 47조 2항 2호와 3호의 시기에는 '보정의 적법성' 먼저 판단 -> '원거절이유 해소여부, 새로운 거절이유 발견여부와 시점' 판단 위 순서까지는 이해를 했습니다. 1. 보정의 적법성은 [47조 2항], [47조 3항],[보정에 따라 새로운 거절이유가 발생하지 않을 것] 이렇게 세가지 요소를 판단하는 것으로 이해했는데, 맞나요? 2. 저의 이해가 맞다면, 새로운 거절이유 여부를 왜 두 번 판단하는지 의문이 듭니다. 적법성 판단 과정에서 새로운거절이유가 발생하지 않을 것을 고려하였으면서, 보정이 적법하다는 전제하에 이루어지는 심사과정에서는 새로운거절이유를 왜 다시 판단하는 건가요? 작년에 잠시 공부를 했을 때도 같은 부분에서 의문이 있었는데 그 때 해결이 덜 됐던 것 같습니다 ㅠㅠ 질문 읽어주셔서 감사합니다 !","[발생시점]이 중요합니다. 법 제47조제1항제2호, 제3호 시기에 [발생]한 거절이유는 보정각하되는 것이고, 법 제47조제1항본문의 시기에 [발생]한 거절이유는 최초거절이유통지, 법 제47조제1항제1호의 시기에 [발생]한 거절이유는 최후거절이유통지를 하게 됩니다.","넵 그 부분은 이해를 했습니다! 그런데 적법성 판단을 할 때 새로운 거절이유 여부를 판단하는데 , 강의노트의 186페이지(4판)를 보면 적법성 판단 후 1.[원거절이유 해소여부]2.[새로운거절이유 발견여부]를 판단한다고 되어있습니다. 그렇다면 새로운 이미 적법성 판단과정에서 새로운 거절이유 여부를 확인했는데 다시 한 번 더 고려하는 것이 아닌지 의문이 계속 듭니다.ㅠㅠ","[발생]과 [발견]의 개념을 모르고 있는 것 같네요. 보정의 적법성 판단할 때 검토하는 것은, 법 제47조제1항제2호 또는 제3호 시기에 보정에 의해 [발생]한 거절이유에 한정되는 것입니다.",21.05.04
특허법,조문,51조,"[51조] 51조 1항 2호, 63조 1항 2호 관련 질문?댓글수1","안녕하세요 변리사님! 51조 1항 2호에 대한 그림을 강의 노트 189쪽에서 확인할 수 있잖아요. 심사관이 착오로 특허 결정했다는 것은 심사 과정에서 47조 1항 2호 시기의 부적법한 보정, 47조 1항 3호 시기의 부적법한 보정을 확인하지 못했다는 것일텐데요. 그리고 제3자의 정보 제공으로 특허 결정 취소를 하고, 그 후 재심사 중 특허 결정 전에 부적법한 보정이 발견되면 최초 거절이유 통지를 한다고 해주셨고, 이 부분에서 63조 1항 2호를 같이 확인하기 위해 조문을 봤는데, 63조 1항 2호 : ""제 66조의31항에 따른 직권 재심사를 하여 취소된 특허결정 전에 이미 통지한 거절이유로 특허거절결정을 하려는 경우"" 이 부분에서 ""통지""라는 워딩이 거슬립니다. 착오로 인해 특허 결정을 하고 제3자의 정보제공으로 직권 재심사를 하게 될텐데, 이미 통지한 거절이유가 맞는 논리인지 모르겠습니다. 변리사님이 수업시간에 강조해주신대로 ""발생""이 중요하니까, 63조 1항 2호에서 이미 통지 라는 워딩을 이미 발생한으로 바꿔 해석하는게 맞을까요?","이미 발생한 것 중 거절이유통지를 한 번도 안 한 것이라면, 법 제63조제1항제1호에 따라 거절이유통지를 하는 것이고, 이미 발생한 것 중 거절이유통지를 했더라도, 법 제63조제1항제2호에 따라 거절이유통지를 하는 것입니다. 열공하세요~", ,,21.05.06
특허법,조문,42조,[42조8항] 젭슨청구항?댓글수1,질1. 젭슨청구항은 전제부에 종래기술을 ‘인용’하는 형식상 종속항 기재형식과 유사한게 맞나요? 질2. 그렇다면 젭슨청구항은 형식상 독립항일수밖에 없는게 맞을까요? (종속항의 젭슨청구항 형식이 잘 상상이 안되네요) 항상 감사합니다,"1. 먼저, 전제부는 항상 종래기술을 기재되는 것은 아닙니다. 기술분야, 용도 등도 전제부에 기재할 수 있습니다. 다음으로, 종래기술을 전제부에 기재하였을 때 어디까지가 종래기술이다라고 기재하는 것인데, 형식적으로 보면 유사한 면이 있네요. 2. 종속항을 젭슨 형태로 쓸 이유는 없어 보이네요.", ,,21.05.18
특허법,조문,28조,[29조1항 본문] 2017후523 판례?댓글수1,판례 내용 중 원심이 실시한 피고의 검증 시료 1에 대한 검증 결과에 나타난 누설전류 수치와 누전차단기가 작동하지 않은 사정 등을 종합하면 이 부분의 의미는 “작동하지 않은 사정이 있더라도 발명의 목적달성 가능성을 예측할 수 있을정도면 그냥 완성된것으로 보겠다~” 의 의미로 발명 완성 판단 범위를 넓게 판단하겠다 로 이해하면 맞을까요? 항상 감사합니다,네. 발명의 성립성 위반이 아닌 기재불비로 거절하겠다는 것입니다. 아래 검색해 보세요., ,,21.05.23
특허법,조문,34조,"[34,35조] 무권리자???댓글수1",34조에서 무권리자는 발명자가 아닌 자로서 특허를 받을 수 있는 권리의 승계인이 아닌자로 되어있습니다. 강의노트 171쪽 마지막 문장에는 발명자가 동일하여 정당한 권리자는 무권리자의 확선에 걸리지 않는 다는 내용이 서술 되어 있습니다. 34조에서는 발명자가 아닌 자를 무권리자로 보고 있는 반면 강의 노트의 무권리자는 발명자로 이야기 하고 있는 것으로 인지되어 무권리자에 대한 정의인지에 혼돈이 생겨 문의 드립니다.,"무권리자를 정확히 정의하면 특받권을 작고 있지 않은 자를 말합니다. 강의노트는 무권리자의 선출원, 발명자(승계인)의 후출원이 있는 경우, 선출원과 후출원의 발명자가 같다는 것입니다.", ,,21.05.25
특허법,조문,52조,[제52조] 거절결정불복 심판 내에서 분할출원 가부?댓글수1,"안녕하세요 변리사님 제170조에서 47조1항1호 2호를 준용하고 있어서 거절이유 통지에 따른 의견제출기간이 보정시기인데, 제52조 분할출원시기에 '47조1항에 따른 보정가능 기간'을 포함하고 있으므로, 결국 거절결정불복 심판 내에서도 거절이유 통지시에 분할출원이 가능한 것인지 질문드립니다. ('특허법 제170조'와 동류의 규정인 '상표법 제123조'에서는 '분할출원규정(상표제45조)'이 명문으로 준용함에 반하여 특허법에서는 분할출원규정(특허제52조)를 준용하고 있지 않아서 궁금증이 생겼습니다) 감사합니다.",분할출원할 수 있습니다., ,,21.06.01
특허법,조문,,발진법 10조 직무발명?댓글수1,공동발명 도중 완성 전에 발명자 중 한 명이 종업원이 되어 사용자와 예약승계 계약을 체결했다면 이 때도 다른 공유자들의 묵시적 동의가 있다고 보나요?,"판결을 보면, 발진법 제14조가 특허법 제37조 제3항에 우선한다고 해석하고 있으므로, 이 경우에도 동의없이 사용자가 승계한다고 봄이 타당합니다. 제목이 질문규칙에 맞지 않으니 수정해 주세요~", ,,21.06.04
특허법,조문,34조,"[34],[35]조 질문?댓글수1",법조문에서 말하는 그러지 아니하다가 소급이 안 된다는 건가요? 출원이 안 된다는 건가요?,?소급효가 인정되지 않는다는 것입니다., ,,21.06.04
특허법,조문,52조,52조?댓글수1,"분할출원에서 기간의 특례가 청, 번, 조, 심이라고 되어있는데 공지이외적용주장은 왜 안 들어가나요? 원출원일로부터 12개월, 증명서류 제출이 분할출원일로부터 30일 아닌가용?","뭔가 잘못 이해하고 있네요. 기간의 특례란 별도의 기간을 주는 것인데, 제30조는 별도의 기간을 주지 않습니다.", ,,21.06.08
특허법,조문,52조,임의대리인의 특별수권사항에서 52조와 53조 비교?댓글수1,분할출원과 달리 변경출원은 임의대리인의 특별수권사항인데 양자가 다른 특별한 이유가 있나요?,변경출원은 원출원이 취하간주되기 때문에 신중을 기하기 위해서입니다., ,,21.06.08
특허법,조문,42조,[제42조] 기능식 청구항 관련하여 질문드립니다?댓글수1,"기능식 청구항 청구범위 해석 관련 질문드립니다 1.질문 배경 (1)리담특허법에 아래와 같이 기재되어 있습니다 특허요건 판단시 -> 기능을 포함하는 모든 수단 보호범위 판단시 -> 발명의 설명 및 도면에 기재된 실시예와 균등범위 (2)기능식 청구항의 특허요건과 보호범위 판단대상을 동일하게 해석한다는 일원론, 다르게 해석한다는 이원론이 있는 것으로 압니다. 2. 질문 사항 그렇다면, 변리사님께서는 특허요건과 보호범위 판단대상을 다르게 해석하는 이원론의 입장으로 보시는 것인지 여쭤보고 싶습니다 감사합니다","네. 이원론적 입장입니다. 참고로, 기존에는 일원론적 입장과 이원론적 입장의 대립이 있었으나, 최근에는 판례도 이원론적 입장에서 판시하고 있습니다. 제목이 질문규칙에 맞지 않으니 수정해 주세요~", ,,21.06.08
특허법,조문,30조,[30조] 다른 특허요건과의 관계?댓글수1,"강의노트 156p를 보다가 궁금증이 생겨서 질문을 드립니다. [甲 A간행물 발표] -> [乙 출원 (Y)] -> [甲 A공지예외적용주장출원(X)] -> [乙 A공개 (Y)] 이 과정에서 乙은 맨 처음 발생한 [甲 A 간행물 발표] 때문에, 신규성,진보성 여부로 인해 거절결정은 피할수 없는 것은 알겠습니다. 수업중에 만약 甲과 乙이 같은날 출원하게 된다면, 乙이 거절결정이 확정될것임에도 불구하고, 甲과 乙이 협의명령을 받아 乙이 지분을 받는 형식으로 실무를 진행한다고 수업해주셨습니다. 그럼 만약 乙의 입장이라면, [甲 A공지예외적용주장출원(X)] 전에 乙이 발명을 끝내고 (우연히 or 조사해서) [甲 A간행물 발표]가 있는 것을 알게되어, 乙이 발명에 대한 권리를 취득하고자 하는 방법은 甲과 동일한 날 출원하는 방법 뿐인것을 깨닫고, 고의적(악의)으로 乙이 甲과 같은날 출원하게 된다면 이를 막거나 책임을 물을 수 있는 방법은 없나요?",갑의 출원이 있다는 것을 을이 알 수 없습니다., ,,21.06.10
특허법,조문,29조,[29조] 객관식 133페이지?댓글수1,"안녕하세요, 임병웅 변리사님. 리담 특허법 객관식 14판 133페이지에서 질문드립니다. (나)번에서 신규성이 상실된 발명임에도 불구하고 착오로 특허된 경우 무효 심판에 의한 무효심결이 확정 되기 전까지는 유효한 특허권으로 취급되는 것이므로, 무효심결 확정 전 제3자가 업으로서 특허발명을 실시하는 행위는 특허권의 침해를 구성한다. 라고 되어있는데, 해설을 보면 공개시키지 않았음에도 불구하고 착오로 등록된 경우로서 특허권의 효력을 부정하고 있다고 하여 틀린 지문으로 설명하고 있습니다. 저는 특허되었기 때문에 당연히 공개된 것으로 생각하여 맞는 지문으로 표시했는데, (나) 지문의 사실관계에서 어떻게 공개시키지 않았음을 알 수 있는지 잘 이해가 되지 않습니다. 감사합니다.","해설의 의미를 잘 이해 못하고 있습니다. 출원을 통해 공개시키지 않았다는 것은, 다른 사람이 출원전에 이미 공개시켰다는 것, 즉 신규성이 상실되었다는 것입니다. 신규성의 취지를 한 번 더 읽어 보시면 됩니다.", ,,21.06.16
특허법,조문,42조,[42조] 배경기술의 기재부분 판례?댓글수1,강의노트 132p 판례는 이해가 가는데 사실관계에서 이해가 안가요. 왜 출원은인 구성요소가 공지된걸 자인한거죠? 구성요소가 공지인거면 새로운 효과의 발생이 없는 이상 서로 동일해서 신규성위반으로 거절결정 받을 가능성이 높아질텐데 그래서 결국 거절결정당해 대법원까지 갔고 왜 굳이 자인을 하나요? 또 그렇게 자인해놓고 나중에는 실제로 공지되지 않았음을 입증해서 추정을 번복하면 출원인의 행동이 앞뒤가 맞지않잖아요. 출원인의 행동 이해가 안돼서 사실관계가 이해가 안됩니다.. 제가 어디를 잘못 생각하고 있는지 알려주세요..,"구성요소 전부가 공지됨을 자인하여 신규성 위반이 아니라, 구성요소 중 일부가 공지됨을 자인한 것입니다. 사실관계를 꼼꼼히 살펴보세요~", ,,21.06.27
특허법,조문,30조,[30조] 의사에 반한 공지인지 여부?댓글수1,"안녕하세요 30조 의사에 반한 공지인지 여부와 관련하여 출원인 갑과 별개로 자신이 선의로 동일한 발명을 한 을이 갑 출원 전 해당발명 공지시킨 경우는 무권리자에 해당하지 않아서 의사에 반한 공지로 볼 수 없는지 궁금합니다. 또 해당 논점관련 갑, 을이 서로 별개로 동일 발명 발명한 경우, 둘다 특받권을 갖는 것인지? 궁금합니다.",1. 네. 의사에 반한 공지가 되지 않습니다. 2. 네. 그렇습니다. 특받권은 상대적입니다., ,,21.07.01
특허법,조문,52조,[52조] 분할출원 하며 PBP 청구항으로 보정가부?댓글수1,"안녕하세요! 변리사님! 청구항에 물건을 기재하고 발명의 설명에 물건, 제법을 기재한 경우에, 1) PBP 청구항으로 보정하는 것이 청구항 감축으로서, (47조 1항 2호의 시기에) 가중적 제한에 걸리지 않는 것인지? 2) 별개로 분할 출원 하면서 청구항을 PBP 청구항으로 변경 가능한지? (즉, 분할출원만을 하면서 PBP 청구항으로 변경이 가능한지?) (가령 보정이 불가능한 시기에 분할출원으로 사실상 보정하는 게 가능한지? 궁금합니다. ) 궁금합니다.",1. PBP로 보정하는 것이 감축으로 인정되지 않습니다. 물건으로 발명을 특정하고 특허요건을 판단하기 때문입니다. 2. 물건에 제법에 의해 생산되었다는 것이 발명의 설명에 기재된 경우 가능합니다., ,,21.07.02
특허법,조문,36조,36조[선출원]?댓글수1,선출원주의에서 동일성을 설명하실 때 실질적 동일성 그 중에서 특히 발명의 구성 일부가 변경된 경우에는 보다 넓은 범위에서 동일성을 인정하신다고 말씀하셨습니다. 그렇다면 그 외의 부분인 범주/ 범위가 다른 경우에는 신규성 같은 정도의 동일성을 인정하는 건가요? 아니면 교과서 223pg에 나온대로 범주/범위가 다른 경우에는 동일성은 오히려 더 좁게 판단해야하는 건가요?,신규성과 같은 정도입니다., ,,21.07.03
특허법,조문,36조,(36조) 선출원주의?댓글수1,"임병웅 변리사님께, 안녕하세요. 리담특허법 19판 220쪽에 보면, 동일인이 동일 발명을 동일자에 특허출원한 경우에 '협의할 수 없는 경우에 해당한다'는 과거의 판례는 폐기된 판례인가요 아니면 아직도 유효한 판례인가요? 객관식 지문으로 나왔을 때 위 판례의 내용대로 기술되어 있는 지문을 맞다고 해야하는지 궁금합니다. 읽어주셔서 감사합니다. 좋은 하루 되세요.",아직 폐기되지는 않았습니다. 지문에서는 판례에 따라서 문제를 풀이하라고 문제에서 주어집니다. 제목을 질문규칙에 맞게 수정해 주세요~, ,,21.07.08
특허법,조문,42조,42조 8항 다항제 기재방법?댓글수1,"다중청구항을 다중청구항으로의 인용 불가 부분을 공부하던 중 헷갈리는 부분이 있어 질문드립니다. 교재의 각주에 [청구항 1] A 및 B를 포함하는 장치 [청구항 2] 청구항 1에 있어서, C를 더 포함하는 장치 [청구항 3] 청구항 1 또는 청구항 2에 있어서, D를 더 포함하는 장치 [청구항 4] 청구항 3에 있어서, E를 더 포함하는 장치 [청구항 5] 청구항 2 또는 청구항 4에 있어서, F를 더 포함하는 장치 [청구항 6] 청구항 5에 있어서, G를 더 포함하는 장치 이렇게 있는데요 청구항 4와 청구항 6을 비교하던 중 청구항 4는 청구항 3만 인용했지만 청구항 3이 2개 이상의 항을 인용하기 때문에 실질적으로 위반으로 봐야하고 청구항 6은 청구항 5 하나만 인용하여 시행령 5조 6항 위반이 아니라고 설명되어 잇는 부분이 잘 이해가 가지 않아요. 결국 청구항 5도 2개 이상의 항을 인용하여 3개의 발명을 갖고 있는 항 아닌가요?","완전히 잘못 이해하고 있습니다. 아래의 시행령 제5조제6항 그대로 해석하면 됩니다. ""⑥2 이상의 항을 인용한 청구항에서 그 청구항의 인용된 항은 다시 2 이상의 항을 인용하는 방식을 사용하여서는 아니 된다. 2 이상의 항을 인용한 청구항에서 그 청구항의 인용된 항이 다시 하나의 항을 인용한 후에 그 하나의 항이 결과적으로 2 이상의 항을 인용하는 방식에 대하여도 또한 같다."" 그 결과 청구항 4와 청구항 6은 ""2이상의 항을 인용한 청구항""이 아니기 때문에 다항제 기재 위반이 아니고, 청구항 5는 시행령 제5조제6항전단을 만족하기 때문에 다항제 기재 위반이 됩니다. 한편, 하나의 청구항에 발명이 여러개인 것과 다항제 기재방법은 전혀 상관이 없습니다. 열공하세요~", ,,21.07.11
특허법,조문,42조,[42조] 종속항의 기재불비 관련?댓글수1,"안녕하세요 변리사님! 독립항 청구항 1에 기재불비가 있을 경우 그 종속항 청구항 2도 독립항의 기재불비를 갖는다고 알고 있는데요 이게 일반적으로 적용된다고 생각하면 되는지 , 42조 3항1호, 4항1,2호, 8항을 달리 취급해야 하는지 궁금합니다. 예를들어 독립항이 '약' 이라는 단어를 써서 기재불비면 종속항도 해당 42조4항2호 기재불비를 갖는다고 말할수 있는건가요?","잘못 알고 있습니다. 독립항의 기재불비가 종속항에 그대로 이어지는 경우도 있지만, 그렇지 않은 경우도 있습니다. 청구항별로 각자 기재불비인지 판단하면 됩니다. 열공하세요~", ,,21.07.12
특허법,조문,51조,[51조] 최후거절이유통지에 따른 보정과 보정각하?댓글수1,"임병웅 변리사님께, 안녕하세요. 조금 긴 질문 드립니다. 리담특허법 19판 427쪽 각주 54번과 관련하여 질문드립니다. 본문에서 최후거절이유통지에 따른 보정을 하였으나 보정이 적법하지만 여전히 거절이유를 해소하지 못한 경우에는 거절이유가 동일하여 특허거절결정된다라고 기술되어있습니다. 이에 대한 각주에서 소개된 판례에 의하면, 제42조4항2호의 기재불비를 이유로 최후거절이유통지를 하고 보정을 하여 원거절이유는 해소되었으나 그 보정이후 심사에서 신규성이나 진보성 위반이 발견된 경우 새로이 발견된 신규성과 진보성 위반의 거절이유는 '보정으로 청구항이 신설되거나 실질적으로 신설에 준하는 정도로 변경됨에 따라 비로서 발생한 경우와 같은' 특별한 사정이 없는 한 보정으로 인하여 새롭게 발생한 것이라고 할 수 없으므로, 보정각하를 하여서는 아니 되고, 신규성이나 진보성 위반의 거절이유를 출원인에게 통지하여 의견제출기회를 주어야 한다라고 판시하였습니다. 위 판례는 출원인이 명세서기재불비를 이유로 최후거절이유통지를 받고 보정하여 이를 극복하였으나 새로운 거절이유가 발생한 경우에는 심사관은 보정각하가 아니라 언제나 출원인에게 의견제출 및 보정의 기회를 주어야 한다는 의미인가요? 작은 따옴표 안의 내용은 결국 제47조 3항에서 말하는 청구범위감축에 반하는 보정은 허용할 수 없다라고 이해되는데요(이부분 정확하게 이해했는지 모르겠습니다). 청구범위감축외에도 신규사항추가금지 및 보정에 따라 새로운 거절이유가 발생하는 경우에도 보정각하하여야 하고 위 판시사안은 보정에 의해 신규성이나 진보성 위반사유가 생긴 경우에 해당하므로 보정각하로 가야하지 않나요? 보정각하로 가지 않은 이유가 최후거절이유통지가 명세서기재불비이기 때문인지 궁금합니다.","판례를 완전히 잘못 이해하고 있습니다. 새로운 거절이유가 발생한 경우에는 보정각하합니다. 그런데, 기재불비를 해속하는 과정에서 보정을 했다면, 일반적으로 발명의 내용이 바뀌지 않았고(판례에는 이를 청구항이 신설되거나 실질적으로 신설에 준하는 정도로 변경되어야 한다고 표현하고 있습니다), 그렇다면 신규성, 진보성 위반은 보정에 의해 <발생>한 새로운 거절이유가 아니기 때문에 보정각하해서는 안 되고, 거절이유통지를 해야 한다는 것입니다. 열공하세요~", ,,21.07.12
특허법,조문,29조,29조 2항 진보성 판단 질문입니다.?댓글수1,안녕하세요 강사님. 중급강의 수강생입니다. 29조 2항의 진보성 판단 시 구성의 곤란성을 1차적으로 판단 후 애매할 경우 효과의 현저성(이질성 혹은 동질의 현저성)을 판단한다고 배웠는데 구성의 곤란성이 없다고 판단될 경우에는 효과의 현저성을 판단하여 진보성을 인정할 수 있는지 아니면 구성의 곤란성이 없다면 효과의 현저성을 판단(고려)할 필요가 없이 진보성 위반인지 궁금합니다. (별도로 중급강의 업로드 시간도 궁금합니다.),"청구범위를 중심으로 특허요건을 판단하기 때문에, 청구범위의 청구항의 구성의 곤란성이 없다면, 발명의 설명에 기재된 효과의 현저성을 참작할 필요가 없습니다. 다만, 구성의 곤란성을 판단할 때 효과를 고려하여 판단합니다. 업로드 시간은 제가 잘 모릅니다. 학원에 문의해 보세요. 열공하세요~", ,,21.07.13
특허법,조문,52조,52조 분할출원과 원출원의 관계에서 질문드립니다.?댓글수1,"리담특허법 443p 원특허출원과의 관계 1)에서 분할출원의 출원공개는 원특허출원과 독립하여 행해진다. 예를들어, 분할출원은 원출원일로부터 1년 6개원이 지나기 전에 분할된 경우에는 1년 6개월이 지난 후에, 원출원일부터 1년 6개월이 지난 후에 분할된 경우에는 즉시 출원공개된다. 라고 되어있는데 예를 들어 뒷부분의 내용이 왜 독립하여 행해진다는 말에 대한 예시인지 이해가 잘 되지 않아 질문드립니다.","분할출원이 원출원일로 소급되니, 원출원이 공개되는지 상관없이, 원출원일로부터 1년 6개월이 지난 후에 독자적으로 공개된다는 것입니다. 제목이 질문규칙에 맞지 않으니 수정해 주세요.", ,,21.07.15
특허법,조문,47조,47조 3항 관련 기출문제 질문입니다.?댓글수1,"2021 리담 특허법강의노트 204페이지에 있는 기출문제 선지 3번에서 최초 거절이유를 해소하고자 청구항의 구성 A를 하위개념구성인 ""a+b""로 보정하였으나. 이에 대하여 심사관으로부터 다시 거절이유를 통지밭은경우 구성 ""a+b""를 ""a""로 보정하고, ""b""를 신설청구항으로 보정할수있다. 가 틀린 선지라고 되어있는데요, 이경우에 ""a+b""를 ""a""로 보정하고, ""b""를 신설청구항으로 보정하는게 청구범위의 확장인것은 이해가 되는데, 47조 3항 4호에 있는 보정전 청구범위(구성 A) 로 되돌아가면서 청구항을 한정하는 경우로는 볼 수 없는지 궁금합니다.","법 제47조 제3항 제4호는 신규사항추가로 인해 최후거절이유통지가 나온 경우에 해당합니다. 그리고, ""b""를 신설하는 것은 법 제47조 제3항 제4호 요건도 충족하지 못합니다.", ,,21.07.15
특허법,조문,42조,42조 4항 1호?댓글수1,"1. 42조 4항 1호 뒷받침요건을 판단하는 과정 중 형식적 판단에 관하여 질문드립니다. 형식적 판단을 할 때 청구항에 기재된 발명이 발명의 설명에 기재되어 있는지를 판단하는데 구성요소 단위로는 따지지 않는 것인지 궁금합니다. 예를 들어 청구항 발명(A)의 구성요소가 a,b,c이고 발명의 설명에 기재된 발명(B)의 구성요소가 a,b,c,d일 때 A의 구성요소가 발명의 설명에 모두 기재되어 있으므로 실질적 판단 여부와 무관하게 42조4항1호 위반이 아니라고 판단하면 안되는건가요? 2. [예3] 청구항에는 치환기(X)로 CH3, OH, COOH가 택일적으로 기재된 치환벤젠의 원료화합물을 니트로화하여 파라니트로치환벤젠을 제조하는 방법이 기재되어 있으나 발명의 상세한 설명에는 그 실시예로 원료화합물이 톨루엔(X가 CH3)인 경우에 대해서만 기재되어 있고 그 방법은 CH3, COOH의 현저한 배향성의 차이 등으로 보아 원료가 안식향산(X가 COOH)인 경우에는 부절적하다고 인정되는 경우에는 특허법 제42조제3항제1호 위반으로 거절이유를 통지한다. 위 예시에서 치환기가 OH, COOH인 발명이 청구항에는 기재되어 있지만 발명의 설명에는 기재되어 있지 않으므로 42조 4항 1호 위반에도 해당한다고 볼 수 있는지 궁금합니다. 감사합니다!","1. 정확히 표현하면, 구성요소로 따질 수 있는 발명이 있고, 그렇지 않은 발명이 있을 수 있습니다. 구체적으로 기계분야의 발명은 구성요소로 따져서 뒷받침 요건을 충족한다고 할 수 있으나, 화학이나 바이오 분야 발명은 결합관계가 서로 달라지기 때문에 그렇지 않습니다. 2. 네. 그렇습니다.", ,,21.07.16
특허법,조문,42조,[42조] 발명의 설명 기재방법?댓글수3,"42조 3항 2호는 발명의 설명에서 배경기술을 적어야한다는 내용의 조문이고, 42조 9항의 경우는 발명의 설명의 기재방법에 관련된 조문으로 알고있습니다. 그런데 명세서의 배경기술을 적는 부분에 배경기술과 관련된 항목이 없으면 42조 9항 위반으로 방식위반에 해당되어 보정명령 후 무효 처리가 되는것이고, 배경기술의 항목이 있지만 잘못 기재된 경우에는 42조 3항 2호 위반으로 절차적 요건 위반에 해당되어 거절이유가 된다고 강의에서 들었습니다. 그런데 각각 조문의 의미를 보면 반대로 배경기술이 없으면 42조 3항 2호에 위반되는 것이고 배경기술 항목이 있지만 잘못 기재되어 있다면 42조 9항 위반으로 보정명령 후 무효 처리가 되어야 하는것이 아닌가 싶어서 질문드립니다.","조문의 의미를 어떻게 해석한다는 것인지 잘 모르겠네요. 제42조제9항은 형식적 판단을 한다는 것이고, 제42조제3항제2호는 실질적 판단을 한다는 것입니다. 열공하세요~","제42조3항2호는 ""배경기술을 적을 것""이라고 하여 배경기술 관련 항목을 적어야 하는것 자체와 관련이 있다고 생각하여 관련 항목을 적지를 않았을때 위반이 되는것이 아닌가 생각하였고, 제42조9항은 ""발명의 설명, 도면 및 요약서를 적는 방법에 대해 산업통상자원부령으로 정한다""고 하여 적는것 자체가 아닌 관련 사항을 적을 때 어떻게 적어야 하는지, 그 방법에 관한 것이어서 배경기술을 적었지만 잘못 기재하였을때 위반되는것이 아닌가 생각했었습니다.","네. 반대로 생각하고 있네요. 제42조제3항제2호는 배경기술의 내용을 잘 적어야 한다는 것이고, 제42조제9항은 배경기술의 항목을 빠드리지 말고 적어야 한다는 것입니다.",21.07.18
특허법,조문,51조,[51조] 보정각하 여부 관련?댓글수1,"보정에 따라 새로운 거절이유가 발생하여 보정각하 할지와 관련하여, 청구항 A+B 에 대해 인용문헌1 진보성 위반 최후 거절이유 통지 있었고 청구항을 A+B+C 로 감축 보정했을때 인용문헌 1 과 인용문헌 2 결합으로 진보성 위반 거절이유가 있다고 판단되는 경우에 이 경우 실질적으로 A+B 에 대해서도 인용문헌1과2 결합으로 진보성 위반 이므로 최후 거절이유 통지 하는 게 맞는 것이 아닌지? 아니면 보정에 따라 발생한 거절이유로 보아 보정각하 해야하는 것인지 궁금합니다. 즉, 청구범위 감축보정한 경우 진보성 거절이유가 나오면 사실상 보정 전 청구항도 같은 인용문헌으로 진보성 위반이므로 보정에 따라 새롭게 발생한 거절이유로 볼 수 없는것이 아닌지? 궁금합니다.","보정된 청구항을 가지고 판단해야 하는데, 보정전 청구항을 가지고 판단하는 오류를 범하고 있습니다. 보정된 청구항을 가지고 판단했을 때 인용발명이 달라서 새로운 거절이유가 발생한 것이고, 따라서 보정된 청구항은 보정각하됩니다. 그리고, 그 후 보정전 청구항은 거절이유가 동일하여 거절결정되고요. 열공하세요~", ,,21.07.21
특허법,조문,29조,29조2항 선택발명의 진보성 판단에 관해 질문있습니다.?댓글수1,"안녕하세요 임병웅 변리사님. 중급강의 수강하고 있는 학생입니다. 다름이 아니라 리담특허법 추록72p 선택발명의 진보성판단 중 2010후3424에서 ""선택발명에 여러 효과가 있는 경우에 선행발명에 비하여 이질적이거나 양적으로 현저한 효과를 갖는다고 하기 위해서는 선택발명의 모든 종류의 효과가 아니라 그 중 일부라도 선행발명에 비하여 그러한 효과를 갖는다고 인정되면 충분하다."" 라고 서술되어있는데 여기서 '선택발명에 여러 효과가 있는 경우' 라는 것은 '선택발명의 여러 효과 중 일부는 선행발명의 효과보다 현저한 효과를 가지고, 나머지는 선행발명과 관련없는 다른 효과가 있는 경우' 라고 해석하면 될까요?? 항상 좋은 강의 감사합니다!!",?네.그렇습니다., ,,21.07.26
특허법,조문,55조,[55조 1항] 판단시점?댓글수2,"안녕하세요 임병웅 변리사님! 55조 이해를 잘 하고 있는 건지 의문이 생겨 질문드립니다. 1항 단서에 다음 각 호의 어느 하나에 해당하는 경우에는 그러하지 아니하다 라고 되어있고 1~4호까지 중 3,4호의 판단 시점이 보정 또는 추가시라고 배웠습니다. 그렇다면 (475페이지 하단에) 우선권주장 이후엔 선출원이 무효, 취하, 포기, 특허여부결정, 실용신안등록여부의 결정 또는 거절한다는 취지의 심결이 확정되더라도 상관 없다는 말은 1년 4개월 이내의 경우라면 해당 우선권 주장에 대한 보정이나 추가가 없는 경우+우선권 주장 이후에 한한다고 이해해야 하는 건가요? 감사합니다:>","뭔가 잘못 이해하고 있네요. 우선권주장이 적법하기 위해서는 <선출원>이 우선권주장 당시 법 제55조제1항제3호, 제4호를 만족해야 하고, 우선권주장의 보정 또는 추가가 적법하기 위해서는 <보정 또는 추가되는 출원>이 우선권주장의 보정 또는 추가 당시 법 제55조제1항제3호, 제4호를 만족해야 합니다. 열공하세요~", ,,21.07.26
특허법,조문,34조,"[34, 35조] [54조] [55조] 소급효 예외 - 등록지연 질문?댓글수1","34, 35조 무권리자 출원, 54조 조약우선권 주장, 55조 국내 우선권 주장의 적법한 효과에 소급효 예외가 있고, 이 네 조문의 공통점이 등록 지연으로 인한 특허권 존속 기간 연장 시 기산일을 불소급 한다는 것인데요. 소급효 예외를 통해 판단 시점을 소급하지 않는 이유가 출원인의 이익을 위하여인데, 등록 지연으로 인한 특허권 존속 기간 연장 시 기산일을 불소급하면 출원인에게 불리하면 불리했지, 유리하다고 생각이 들지 않습니다. 99조의2 1항 : 특허 출원에 대하여 특허 출원일로부터 4년과 심사 청구일로부터 3년 중 늦은 날보다 늦게 설정 등록이 이루어지느 경우, 그 기간만큼 해당 특허권의 존속 기간을 연장할 수 있다. 에서 보게 되면 기산일을 소급해야, 특허출원일로부터 4년이란 기간이 더 빨리 오게 되고, 그러면 (99조의2가 만족한다는 전제 하에) 늦은 설정 등록까지의 기간이 더 늘어날테니까, 존속 기간을 더 많이 연장할 수 있기 때문에 출원인에게 유리하게 될 수 있다고 생각합니다. 특허법에서 어떤 의도로 출원일을 소급하지 않는 것이 출원인에게 더 유리하다고 판단했는지 궁금합니다.","<등>은 출원인의 이익을 위해 소급효의 예외를 인정해 주는 것이 아닙니다. 등록지연에 따른 연장은 특허청의 늦장 대응으로 심사기간이 길어져 등록된 경우 존속기간이 짧아지는 문제점을 보완하기 위한 것입니다. 따라서, 정당한권리자의 출원, 분할출원, 변경출원의 경우 출원인이 그 출원을 늦게 한 것까지 소급해 주는 것은 타당하지 않기 때문에 소급효의 예외를 인정하고 있는 것입니다.", ,,21.07.29
특허법,조문,52조,52조 분할출원과 원출원의 관계?댓글수1,안녕하십니까 임병웅변리사님 리담 443페이지 원특허출원과 분할출원의 관계에서 서로 전혀 별개의 출원이므로 분할출원에 대한 새로운 심사청구 출원공개 특허여부결정이 원출원과 별개라고 배웠습니다 하지만 원출원이 공개가되면 분할출원이 바로 공개가 되는게 서로 모순이 아닌가요? 심사순서의 경우는 심사효울성을 높이기위함이라 알겠는데 출원공개의 경우 이유를 잘 모르겠습니다 그냥 원출원의 최명도의 범위에서 분할출원이 가능하니까 그런것일까요?,"분할출원이 전혀 별개의 출원이므로 별개의 절차가 진행된다는 것을 이해 못하고 있습니다. 분할출원은 원출원일로 소급효가 인정되고, 원출원일로부터 1년 6개월이 지나면 공개됩니다. 이와 별개로 원출원도 원출원일로부터 1년 6개월이 지나면 공개됩니다.", ,,21.08.03
특허법,조문,54조,"[54,55조] 누적적 우주 최선성 불만족 질문입니다.?댓글수1","안녕하세요 변리사님. 강의노트244p 질문입니다. 미국 출원X : A/A 일본출원Y(X기초 우주) : A,B/A,B 한국출원Z(Y기초 우주) : A,B,C/A,B,C 이렇게 누적적 우주 했을때, Z의 A는 최선성 불만족으로 Y까지 소급되지 않고 B는 최선성 만족해 소급이 인정되는건 이해했습니다. 질문1. 원출원이 최선성 불만족시 우선권 주장이 무효가 된다고 하셨는데 위와같이 A는 최선성 불만족 B는 만족같이 일부가 만족하면 무효처리 하지 않는건가요? 그렇다면 만약 일본출원Y가 A/A일때 우선권 주장 자체를 무효 처리 하는건가요? 질문2. 위와같이 누적적우주 했을때와, 위에서 Y가 한국출원일때(나머진다 동일) 누적적우주를 한 두경우에 만약 출원Z가 출원X의 출원일에서 1년이내에 출원되었다고 하더라도, 즉 실질적으로 우선기간 연장된 효과가 발생하지 않았어도 누적적 우주를 했다는거 자체만으로, Y까지 소급효를 인정하지 않는건가요? (Z출원 했을때 출원인이 X기초 우주해서 복합우주 하지 않았다고 가정했을때 입니다.)","1. 네. 그렇습니다. 발명단위로 판단하여, 일부 발명이 요건을 만족하는 경우에는 우선권주장이 무효가 되지 않습니다. 2. 네. 복합우주를 하지 않았다면 판단시점의 소급효가 인정되지 않습니다.", ,,21.08.06
특허법,조문,54조,"[54조 7항,55조 7항]우선권 주장의 보정 또는 추가 조문 질문입니다.?댓글수1","안녕하세요 변리사님. 54,55조 우선권주장의 보정 또는 추가가 이해는 어렵지 않게 했는데 조문이 직관적으로 안읽혀서 질문드립니다.(최우선일과 최선출원일은 이해해서 답변안해주셔도 됩니다!) 1. 54조 7항 : 제1항에 따라 우선권 주장을 한 자 중 제2항의 요건을 갖춘 자는 제 5항에 따른 최우선일부터 1년 4개월 이내에 해당 우선권 주장을 보정하거나 추가할 수 있다. 한국출원X 일본출원Y 미국출원Z 한국출원W(X기초우주 + Z기초 우주) 에서 Y기초 우선권주장을 추가할때를 예로 들어 봤을때 이 때 조문에 대응되는것이 각각각 제1항에 따라 우선권 주장을 한 자=Z기초 우주 주장(조약우주를 하나라도 수반한 출원을 한자가 조약우주 보정,추가 할수있으므로) / 2항의 요건을 갖춘것=추가할 Y기초우주의 Y출원일의 1년내에 후출원W를함 / 해당 우선권 주장=Y기초 우선권 주장이맞나요? 아니면 각각이 어디에 대응되는지 알려주시면 감사하겠습니다. 2. 55조 7항 : 제1항에 따른 요건을 갖추어 우선권 주장을 한자는 선출원일(선출원이 둘 이상인 경우에는 최선출원일을 말함)부터 1년 4개월 이내에 그 우선권 주장을 보정하거나 추가 할 수있다. 일본출원X 한국출원Y 한국출원Z 한국출원W(X기초 우주 + Z기초 우주)에서 Y기초 우선권주장을 추가할때를 예로 들어 봤을때 이때 조문에 대응 되는것이 제1항에 다른 요건을 갖춘 우선권 주장=추가할 Y기초 우선권 주장(Y출원후 1년이내 출원, 추가할때 Y출원 무효등X 요건 만족 가정) / 그 우선권 주장 : 추가할 Y기초 우선권 주장이고 54조 7항과 달리 우선권 주장 보정,추가의 전제인 국내우주를 하나라도 수반한 출원을한자가(즉 Z기초우주 한자) 국내우주의 추가 보정을 할수있다는 내용이 조문에 명시적으로 표현되지는 않았다고 이해했는데 잘 이해한것일까요? 아니면 위예시에서 어디에 각각 대응되는지 알려주시면 감사하겠습니다. 사례형등으로 나오면 완벽하게 풀 수 있을것같은데 조문에 대응이 잘 안되는것 같습니다.","1. (1) 제1항에 따라 우선권 주장을 한 자 = W 출원이 Z 기초 주약우주를 하고 있을 때, (2) 제2항의 요건을 갖춘 자 = W 출원이 Y 출원일로부터 1년 이내라면 (3) 해당 우선권 주장 = Y 기초 우선권주장 2. (1) 제1항에 따른 요건을 갖추어 우선권 주장 = W 출원이 Z 기초 국내우주를 하고 있을 때, (2) 그 우선권 주장 = Y 기초 우선권주장 입니다.", ,,21.08.08
특허법,조문,51조,[51조제3호]연관된 법조문 170조1항?댓글수1,"안녕하세요 변리사님 항상 공부를 하면서 이 부분이 깔끔하게 잘 이해가 되지 않았었는데요 얼마 전 제67조의2 등본송달일로부터 30일 이내의 대응방안 수업을 듣고 나니 무엇인가 실마리가 잡힌듯 하여 제가 이해한 것이 맞는지 질문드립니다! 51조1항3호 67의2 재심사청구 전에 한 보정 > 보정각하하지 아니하고 최후OA한다 <관련공부> 법조문 170조1항 51조1항 본문 중 47조1항2호 및 3호에 따른 보정은 제47조1항2 에 따른 보정(132의17 특허거절결정에 대한 심판청구 전에 한 것은 제외한다)로 (...)준용한다 밑줄친 부분이 헷갈렸던 부분 제가 이해한 거로는 특허거절결정불복심판청구와 재심사청구를 택일하여 출원인은 일반심사에 따른 거절결정에 다툴 수 있습니다. 따라서 47조1항2호 및 3호는 모두 거절결정 전 단계이므로 특허거절결정에 대한 심판청구는 47조1항2호 및 3호 시기의 보정 이후를 의미합니다. 여기서부터 문제인게 그럼 '특허거절결정에대란 심판청구 전에 한 것'이 무엇을 말하고자 하는지 모르겠습니다 ㅠ 보정이 인정되었음을 믿고 심판절차를 밟은 출원인을 보호하기 위해 심판청구까지 간 보정은 보정각하 되지 않고 최후OA하니까 47조1항2호 및 3호 시기에 한 보정이 있을 때 특허거절결정 심판청구가 있는 상태라면 바로 ""아 최후OA! 오키"" 이러고 넘어가라는 의미인가요? 170조1항이 51조1항3호 옆에 필기되어 있던데 재심사 청구랑 심판청구랑 택일로 한세트여서 그런게 맞나요?","아직 보정 파트에 대한 이해를 완전히 못하고 있습니다. 법 제47조제1항제1호, 제2호 시기의 보정은 심판청구전에도 이뤄질 수 있고, 심판청구후에도 이뤄질 수 있는데, 법 제170조 제1항은 이 중 심판청구전 법 제47조제1항제2호의 시기의 보정이 부적법한데 심판청구후 발견된 경우에 보정각하하지 않겠다는 것입니다.", ,,21.08.13
특허법,조문,30조,[30조 ~ 56조] 이익제도 파트 질문입니다.?댓글수1,"안녕하세요, 이익제도 파트에서 이해가 어려웠던 부분 질문드립니다. 감사합니다. 1. 공지예외적용주장 30②(절차 : 원칙) "" ... 특허출원서에 그 취지를 적어 출원하여야 하고, 이를 증명할 수 있는 서류를 ... 제출하여야 한다."" 30③(절차 : 예외) "" ... 취지를 적은 서류 또는 이를 증명할 수 있는 서류를 제출할 수 있다."" >> 질문 원칙은 취지 적은 출원서 and 증명서류 제출이고 예외는 취지 적은 서류 or 증명 서류 중 하나만 내도 되는 것이라고 이해하면 맞는 것인지 궁금합니다. 2. 무권리자 출원과 정당한 권리자의 보호 부적법한 경우의 효과 중 불수리 (리담396p) ""청구범위를 적지 아니한 명세서를 특허출원서에 첨부하여 특허출원한 정당한 권리자출원으로서 그 특허출원 당시에 이미 출원일로부터 1년 2개월이 되는 날이 지났을 경우에는 불수리된다."" >> 질문 정당한 권리자의 출원이 64①각 호와 같이 소급제도가 적용되어 출원 당시에 이미 1년 2개월이 지났을 경우를 생각하면 맞게 이해한 것인지 궁금합니다. 3. 보정 >> 질문 보정각하 됐을 때 왜 바로 거절결정하지 않고 보정 전 명도로 돌아가서 다시 심사하는지 궁금합니다. 이미 같은 명도로 심사했었을지라도 여러 번 심사하면 혹시나 발견못한 거절이유를 발견할 수 있어서라고 이해하면 될까요? 4. 우선권주장 최우선일(54⑦) vs 최선출원일(55⑦) (노트237p) ""(최우선일) : 조약/국내 우주의 기초출원 중 가장 빠른 출원 (최선출원일) : 국내우주의 기초출원 중 가장 빠른 출원"" 55⑦(우선권주장의 보정 또는 추가) ""제1항에 따른 요건을 갖추어 우선권 주장을 한 자는 선출원일(선출원이 둘 이상인 경우에는 최선출원일을 말한다)부터 1년 4개월 이내에 그 우선권 주장을 보정하거나 추가할 수 있다."" >> 질문1 55⑦에서 말하는 선출원에는 현재 우주된 기초출원 이외에도 이제 우주를 보정,추가하려는 선출원도 포함된 것인가요? 구체적으로 아래와 같은 상황이 궁금합니다. 한국출원A----한국출원B----한국출원C----한국출원D----한국출원E----> 한국출원E에 한국출원C,D 기초우주가 된 상황에서 한국출원B를 기초우주 추가하려고 할 때 1년 4개월의 기산점은 B인지 C인지 궁금합니다. (55① 등 다른 요건 모두 만족) >> 질문2 국내우주한 후출원의 최명도에 기재된 발명과 그 기초가 된 선출원의 최명도에 기재된 발명이 동일성 있는게 하나도 없어도 선출원은 취하되고 후출원 공개 시에 같이 공개 간주 되나요? ex) 선출원(A B / A B), 후출원(C D / C D) 5. 발명의 동일성 무권리자 출원에서의 동일성 판단방법 (리담499p~500p), [그림 3-27] 판례에 의한 각 규정별 동일성의 인정범위 (리담501p), 객체적 요건 (노트166p) ""... 무권리자에 해당하는지 여부와 관련하여 ... 진보성 판단에 준하는 광의의 동일성 판단기준을 적용하는 것은 ... 다시 한 번 고려해볼 필요가 있다."", ""D유형 : 무권리자출원, 허위표시"", ""기재된 사항의 범위 내 : 명시적 기재 또는 통상의 기술자가 출원시의 기술상식에 비추어 기재되어 있는 것과 마찬가지라고 이해"" >> 질문 정당한 권리자출원 보호에서 무권리자에 해당하는지 관련하여 광의의 동일성 판단 기준(C유형) + 등 을 추가하여 D유형을 적용하는 것으로 이해하는게 맞는 것인지, 아니면 '문언적 동일성' + '내재적 동일성' 으로 A유형 적용하는 것인지 잘 이해가 안 갑니다. 무엇을 놓치고 있는지 궁금합니다. 감사합니다.","1. 예외는 둘 중에 하나만 내는 것이 아니라, 빠진 부분 보충해서 내라는 의미입니다. 2. 네. 맞습니다. 3. 보정전 명도로 심사하여 거절이유가 동일한 경우 거절결정합니다. 4. (1) B입니다. (2) 네, 그렇습니다. 5. 제34조, 제35조에서는 A 유형을, 무권리자인지 여부는 D 유형을 적용합니다. 예를 들어, 정당한 권리자 발명----(D유형)----무권리자출원----(A유형)-----정당한 권리자 출원이 됩니다. 제목이 질문 규칙에 맞지 않으니 수정해 주세요~", ,,21.08.24
특허법,조문,36조,물건발명 제법발명 36조 질문드립니다.?댓글수2,"55강 강의 내용 중 ""리담 특허법 pg 836 표 6-9"", ""강의노트 pg367"" 질문드립니다. 방법발명이 선출원이고 물건발명이 후출원인 경우 (물건발명 출원이 방법발명의 공개 전 후 상관없이) 물건발명 (후출원)의 등록가능성에 대하여 질문드립니다. 표 6-9를 보면 이 경우 특허법 제36조의 위반으로 등록이 불가능하다는 내용은방법발명(선출원)의 출원시기가 물건발명(후출원)의 공개시기와 상관없이 모두 적혀있습니다. 앞서 36조의 위반 여부를 따질 때에는 ""선출원""의 청구범위와 ""후 출원""의 청구범위를 비교하는 것으로 배웠습니다. 아래 첨부한 그림과 같이 방법발명의 경우 청구 범위가 방법이고 물건발명의 경우 청구범위가 물건인데 왜 특허법 제36조 위반인 것인가요? 단순히 실질적으로 동일하기 떄문이다 라고 기억하면 될까요?? 감사합니다.",네. 일반적으로 실질적 동일성이 인정됩니다. 발명의 동일성 파트를 정독해 보세요~, ,,21.08.25
특허법,조문,30조,[30조] 공지예외적용 주장의 가능 여부 질문드립니다.?댓글수1,"질문1). 갑이 발명 A,B를 하고 을에게 발명A에 대한 특허 받을 수 있는 권리를 이전하면서 A와 밀접불가분한 발명B에 대한 설명을 하였습니다. 을은 청구범위에 A, 발명의 설명에 A,B를 기재하여 출원하였고 해당 출원이 공개된 경우 갑이 B발명에 대하여 의사에 반한 공지예외적용 주장을 할 수 있나요? 질문2-1) 갑이 발명 A를 하였고 해당 발명에 대해 공지행위를 하였습니다. 이후 갑이 을에게 A발명의 특허받을 수 있는 권리를 이전한 경우 을의 출원시 을은 갑의 공지행위에 대하여 공지예외적용 주장을 할 수 있나요? 질문2-2) 갑이 발명 A를 하였고 A발명의 특허받을 수 있는 권리를 을에게 이전한 이후 갑이 A발명을 공지하였습니다. 이후 을이 출원한다면 을은 공지예외적용 주장을 할 수 있나요? 질문2는 30조1항 각호에서의 '특허받을 수 있는자'에 대한 해석에 관한 질문인데요. 출원 당시에 특받권 가진 자(즉, 정당권리자)라고 해석한다면 둘다 공지예외적용 주장을 할 수 없을 것 같고 공지행위 시를 기준으로 특받권이 있었는지 여부를 따진다면 각각 다른 결론에 이를 수 있을 것 같아 여쭤봅니다.",1) 을에게 비밀유지의무가 있는지 여부에 따라 달라질 수 있을 것 같네요. 비밀유지의무가 있다면 을은 무권리자이고 따라서 공개는 의사에 반한 공지일 수 있습니다. 2-1) 네. 의사에 의한 공지입니다. 2-2) 네. 의사에 반한 공지입니다., ,,21.08.27
특허법,조문,54조,[54조/55조] 우선권 주장 관련하여 문의드립니다.?댓글수1,"질문1) 조약우선권 주장 제도가 우선기간의 실질적 연장을 불허하기 때문에 최선성 요건을 구비해야 하는 것이라면 다음과 같은 케이스는 우선기간을 실질적 연장하는게 아닌 것인지 궁금합니다. 갑은 2020.1 미국에 X출원(청구범위A/발명의설명AB)을 하고 2020.12 한국에 Y출원(A/AB)하면서 X를 기초로 조약우선권 주장을 합니다. 이후 2021.8에 Y를 기초로 분할출원 Z(B/B)하면서 X를 기초로 조약우선권 주장을 합니다. 이렇게 되면 우선기간이 실질적으로 연장되는게 아닌건지요? 질문2) 국내우선권 주장 중 이중우선에 대한 질문입니다. 조문에는 선출원이 54또는55의 우선권 주장을 수반한 출원인 경우 선출원의 최명도 기재된 발명 중 선출원의 기초출원의 최명도에 기재된 발명은 55조3항의 소급효와 4항의 확선의 지위가 없다고 되어 있는데, 시간순으로 X(A), Y(AB/AB) - X기초 국내우주, Z(BC/BC) - Y기초 국내우주가 있다고 하면 적용사항이 없는거겠죠? 답변 부탁드리겠습니다.",1. Z의 출원일이 Y 출원일로 소급하기 때문에 우선기간이 연장되지 않습니다. 2. 네. 없습니다., ,,21.08.28
특허법,조문,42조,"42조, 젭슨청구항 공지기술인지의 여부 질문드립니다.?댓글수1",42조 배경기술파트에서 배경기술에 기재된 경우 이를 공지기술로 단정할수 없다고 되어있고 젭슨청구항 case에서도 전제부를 공지기술로 단정할수 없다고 되어잇는데 그냥 단정할수 없다고 생각하고 넘어가면 될거같기는 한데 각각의 경우에 공지기술이 맞다고 인정되면 생기는 문제점들이 뭐가 있는지 궁금합니다.,"전제부, 배경기술에 기재된 경우 등록전에 인용문헌없이도 특허요건을 판단할 수 있고, 등록후에는 균등론을 적용할 때 권리범위가 제한됩니다.", ,,21.08.31
특허법,조문,51조,[51조] 51조 1항 3호 보정각하의 예외 질문?댓글수1,"안녕하세요? 보정각하의 예외 규정과 관련하여 질문드립니다. 다음과 같은 상황을 가정해봅니다. 1. 재심사 청구 전의 최후거절이유통지에 대한 보정이 47조 2항(신규사항추가금지), 51조 1항 본문(새로운 거절이유 발생)의 사유가 있음에도 보정각하되지 않고 보정이 인정된 이후, 재심사 청구 후에 발견되었을 경우에 51조 1항 3호에 의해 보정각하되지 않고, 63조에 따라 거절이유를 통지하며 이 때의 거질이유통지는 47조 1항 2호(거절이유통지에 따른 보정에 따라 거절이유가 발생)에 의해 최후거절이유통지가 됩니다. 2. 반면에 재심사 청구 전의 최후거절이유통지에 대한 보정이 47조 3항 각 호의 사유가 있음에도 보정각하되지 않고 보정이 인정된 이후, 재심사 청구 후에 발견되었을 경우에 51조 1항 3호에 의해 보정각하되지 않음은 분명하나 이후 재심사 과정에서 47조 3항 각 호의 사유가 거절이유는 아니기에 63조에 따라 거절이유통지를 할 수 있는지 의문입니다. 따라서 위와 같은 저의 판단에 어떤 오류가 있는지, 최종적으로 2. 의 경우에 재심사 과정에서 최후거절이유통지를 하는지, 한다면 어떤 조문을 근거로 최후거절이유통지를 하게 되는지 궁금합니다.","잘못 이해하고 있습니다. 거절결정할 때 존재하는 거절이유를 가지고, 다시 최후거절이유통지를 합니다.", ,,21.09.01
특허법,조문,42조,[제42조] 청구범위 기재방법 중 명확성 요건에 대하여 질문있습니다.?댓글수1,"안녕하세요. 특허중급강의의 2차문제 55회를 푼 후 교재를 읽다가 의문점이 들어 질문드립니다. 2차 55회 문제-4에서 -------------------------------------------------- [청구항 1] 성분 A와 성분 B와 성분 C로 이루어지는 제설제 [청구항 2] 청구항 1에 있어서, 상기 성분 A는 전체 조성물을 기준으로 40~60중량%, 상기 성분 B는 30~50중량%, 상기 성분 C는 20~30중량%인 제설제. ------------------------------------------------- 위의 청구항 2는 청구범위 기재방법의 명확성 요건 위반 유형 중에서 (교재 338pg의 명확성 요건 위반 유형 - 원문자11번의 로마자3번 유형) 조성비의 기술적인 결함이나 모순이 있는 조성비가 %로 기재된 조성물 발명의 경우 - 하나의 최대성분량과 나머지 최소성분량의 합이 100%를 초과하는 경우에 해당하여 거절이유가 있다고 해설해주신 기억이 있습니다. 그런데 교재 341pg의 원문자 12번에서는 위 원문자11번 요건을 만족하지 않은 조성비가 중량비로 기재된 조성물 발명의 경우에는 만족하지 않아도 명확성 요건을 충족한다고 되어 있습니다. 저는 원문자 12번에 따르면 위의 청구항 2도 중량비로 기재되어 원문자11번의 위반에 해당하더라도 명확성 요건이 충족되었다고 생각이 드는데, 중량""비""라는 것이 중량""%""의 기재는 포함하지 않고, 정수비의 형태를 말하는 것이어서 그런건가요? 아니라면 제가 간과한 부분이 있는 건가요? 답변 미리 감사드립니다!","중량비는 하나의 물질을 기준으로 다른 물질의 성분함량의 비율을 표현하는 것이고, 전체 비율 100% 중 일정 부분을 나타나는 중량과 다른 개념입니다. 각주에 설명이 있으니 한 번 읽어 보세요~", ,,21.09.02
특허법,조문,29조,[29조] 선택 발명의 진보성 관련한 질문입니다.?댓글수1,"2010후 3424 판례를 보면 ""...선행발명에 비하여 이질적인 효과나 현저한 효과가 있음을 명확히 기재해야 하며....차이를 확인할 수 있는 구체적인 내용이나 정량적 기재가 있어야 한다""고 되어 있는데 2005후 3338 판례에서는 ""비교실험자료, 대비결과까지 기재하여야 하는 것은 아니라고 하더라도...""라고 되어 있습니다. 종합해보면 출원시 명세서에 이질적 효과 또는 현저한 효과에 대한 구체적인 내용이나 정량적 기재를 해야하고, 그렇지 않으면 명세서 기재불비가 되며, 출원일 이후 명세서에 기재된 효과만으로 진보성 인정을 할 수 없는 경우 비교실험데이터를 제출하는 등의 의견서를 통해 진보성 있음을 주장 입증할 수 있고 이때 의견서에 적힌 내용을 참작하려면 통상의 기술자가 출원시 기술수준으로 의견서에 개진된 내용을 명세서로부터 추론할 수 있을 정도가 되어야 한다고 이해하면 될까요? 답변 부탁드리겠습니다.","이번에 대법원 2021. 4. 8. 선고 2019후10609 판결이 나오면서, 기존의 쟁점이 조금 바뀌었는데, 한 번 읽어보시고 질문해 주세요. 기존 판례 가지고 논의하는 것은 무의미할 것 같네요.", ,,21.09.05
특허법,조문,35조,[35조] 기간계산 문제 질문드립니다.?댓글수1,"안녕하세요 객관식 문제 68페이지를 풀던 중에 질문드립니다. 무권리자의 특허권에 대해 2023년 5월 28일에 무효심결이 확정된 사안입니다. '정당한 권리자 병이 출원일을 소급받기 위해서는 2023년 6월 26일까지 출원을 하면된다.' 가 왜 맞는 질문이 되는지 모르겠습니다. 저는 정당한 권리자가 출원일 소급을 위해 30일 이내 출원을 해야하기 때문에 초일 : 5월 28일 기산일 : 5월 29일 말일 : 6월 27일 (30일- 2일= 28일 이므로 6월 28일, 6월 28일의 전날) 이렇게 계산했습니다. 어떤 부분에서 제가 틀린걸까요? 감사합니다.","확정된 경우에는 오전 0시부터 시작되니, 기산일이 5월 28일입니다.", ,,21.09.07
특허법,조문,29조,[29조] 선행기술 판단시점 관련하여 질문드립니다.?댓글수2,"항상 노고가 많으십니다^^ 객관식 163번 5번 문항을 해설을 보면 출원시 국내우주를 적용할때 선행기술의 판단기준점은 '선출원의 출원시'라고 적혀있습니다. 그러나 리담특허법 194p 신규성판단의 시기적 기준의 (2)예외를 보면 국내우주의경우 '선출원일' 이라고 적혀있습니다. 모순처럼 느껴지는데 문제해설대로 정리를 해야하는건지, 제가 포인트를 놓친건지 알고싶습니다.","리담특허법을 보면 마지막 단어의 출원시가 앞의 선출원일과 연결되어 있습니다. 즉, 선출원일의 출원시라는 것입니다.", ,,21.09.11
특허법,조문,30조,[30조]공지예외주장의 적용?댓글수2,"1. 갑은 발명 A를 2020/9/1 논문발표 하였습니다. 이후 갑은 A를 개량하여 발명 B를 하였고 B는 A로부터 용이한 발명입니다. 이후 2021/1/2에 발명 A,B를 X로 출원하며 A 논문발표에 대해 공지예외적용을 주장했습니다. 이 때 B의 특허요건을 판단할 때 공지예외가 적용되나요? 2. 갑은 발명 A를 2020/9/1 논문발표 하였습니다. 이후 갑은 A를 개량하여 발명 B를 하였고 B는 A로부터 용이한 발명입니다. 이후 2021/1/2에 발명 B를 Y로 출원하며 A 논문발표에 대해 공지예외 적용을 주장했습니다. 이 때 B의 특허요건을 판단할 때 공지예외가 적용되나요? 3. 2의 경우 공지예외가 적용된다면 특허 받을 권리만 가지고 있다면 두 발명이 다르더라도 주장 자체는 가능한 것인가요?",1. 네 2. 네 3. 네, ,,21.09.12
특허법,조문,42조,[42조 4항 1호] 청구항의 기재원칙 - 뒷받침 요건?댓글수2,"1. [42조 4항 1호] 청구항의 기재원칙 - 뒷받침 요건 아래는 책 p.337의 내용입니다. 청구항에는 치환기(X)로 CH3, OH, COOH가 택일적으로 기재된 치환벤젠의 원료화합물을 니트로화하여 파라니트로치환벤젠을 제조하는 방법이 기재되어 있으나 발명의 설명에는 그 실시예로 원료화합물이 톨루엔(X가 CH3)인 경우에 대해서만 기재되어 있고, 그 방법은 CH3와 COOH의 현저한 배향성의 상이 등으로 보아 원료가 안식향산(X가 COOH)인 경우에는 부적절하다고 인정되는 경우에는 특허법 제 42조 제 3항 제 1호 위반으로 거절이유를 통지한다. 2. 질문 COOH인 경우에 부적절하다고 인정되는 경우 42조 3항 1호 위반으로 거절이유를 통지한다고 되어있는데, 만약 이 사안을 42조 4항 1호의 적용과 관련하여 생각해본다면 발명의 설명에 기재된 내용(CH3)을 확장 내지 일반화 할 수 없는 경우(COOH인 경우 적용 안됨)라고 해석하여 42조 4항 1호 위반에 해당될 수 있는 것인지, 아니면 확장화/일반화 불가 즉, 발명의 설명으로 청구범위를 이끌어낼 수 있는게 아니라 사실적 불가, 즉 COOH를 적용할 수 없는 사안이므로 42조 4항 1호 위반에는 해당되지 않는 것인지 궁금합니다..!","보는 관점의 문제인데, CH3에 의해 OH, COOH가 일반화 내지 확장이 되지 않는다면 제42조제4항제1호 위반이 될 수도 있다 는 정도로 알고 있으면 됩니다. 열공하세요~", ,,21.09.13
특허법,조문,34조,"[34조, 35조] 정당한 권리자의 보호?댓글수2","완전히 잘못 이해하고 있습니다. 내적한정하면서 기재불비가 발생됨을 전제로 하는 것이고, 내적한정하면 항상 기재불비가 발생하는 것이 아닙니다. 또한 인용발명이 같다면 동일사실이고, a로 내적한정하는 것이 새로운 사실이라고 할 수 없습니다. 열공하세요~","소급효가 인정되지 않는다면, 무권리자 출원일과 정당한 권리자 출원일 사이의 제3자의 공지나 출원에 의해 특허를 받을 수 없게 됩니다. 일단, 등록됨을 전제로 특허권의 존속기간이나 다른 효력을 논의할 수 있지 않을까요?", ,,21.09.14
특허법,조문,51조,[51조]?댓글수1,"1. 책 p.428 주석 54번 표의 세번째 예시에 관한 질문입니다.. 표에 있는 내용은 아래와 같습니다. 청구항1 : A+B 로 이루어진 장치 청구항2 : A+B+C로 이루어진 장치 [최후거절이유통지] 청구항 1, 청구항 2는 진보성 없음 [최후 보정 후의 명세서] 청구항1 : 삭제 청구항2 : A+B+C이고, A는 a로 이루어진 장치 (A는 a로 내적한정하면서, 기재불비가 발생한 경우) [보정각하] 청구항 2의 보정에 의하여 새로운 거절이유가 발생하였기 때문에 보정이 부적법하여 보정각하함 [특허거절결정] 청구항 1, 청구항 2는 진보성이 없으므로 특허거절결정함. 2. 질문 위 내용에서 볼드처리한 A는 a로 내적한정하면서, 기재불비가 발생하는 경우라는 문구가 잘 이해가 되지 않습니다. A+B+C일 때 진보성 없음으로 거절통지 되었는데, 내적한정한 a+B+C도 마찬가지로 진보성이 없기 때문에 새로운 거절이유가 발생하였다고 이해하는 것이 맞나요? 그리고 거절이유가 동일한 경우에는 특허거절결정을 해야하고, 이때 동일한 경우란 법조문+사실이 동일한 경우를 의미하는데, 이 예시에서는 a가 새로운 사실이 되어 새로운 거절이유가 되는 것이 맞나요?? 확인 후 답변주시면 감사드리겠습니다! 감사합니다.","완전히 잘못 이해하고 있습니다. 내적한정하면서 기재불비가 발생됨을 전제로 하는 것이고, 내적한정하면 항상 기재불비가 발생하는 것이 아닙니다. 또한 인용발명이 같다면 동일사실이고, a로 내적한정하는 것이 새로운 사실이라고 할 수 없습니다. 열공하세요~", ,,21.09.15
특허법,조문,36조,[36조] 특허출원과 실용신안등록출원의 협의제?댓글수1,"36조는 ""특허출원된 발명과 실용신안등록출원된 고안이 동일한 경우, 같은 날에 출원된 것일 때에는 협의에 의하여 정하여진 하나의 출원인만이 특허 또는 실용신안등록을 받을 수 있다."" 라고 규정하고 있습니다. 그렇다면 실용신안법의 진보성의 요건은 충족하지만 특허법의 진보성의 요건은 충족하지 못하는 고안 x 가 있을 때, 이를 같은 날에 A가 특허출원하고, B는 실용신안등록출원을 한 경우 심사관이 A 출원의 진보성을 판단하기 전에 단순히 두 출원의 발명과 고안이 동일하다는 이유로 특허청장이 협의의 결과를 신고할 것을 명하는 경우, 협의가 성립되지 않아 두 출원모두 거절된다면, 어차피 등록받지 못하는 발명을 출원한 A 때문에 실용신안등록을 받지 못하는 B의 상황이 불합리해 보이는데, 이러한 상황은 선출원주의를 근간으로 하는 특허법 규정의 취지상 어쩔 수 없는 것인가요? 즐거운 추석 보내시길 바랍니다!","네, 심사관이 모든 거절이유에 대해 거절이유통지를 한 후 거절결정해야 하는 것은 아닙니다. 열공하세요~", ,,21.09.18
특허법,조문,29조,[29조] 신규성 지위?댓글수2,"안녕하세요 변리사님. 특허출원이이 무효, 취하, 포기, 거절결정(거절결정심결확정), 무권리자 등의 사유에 의하면 선출원의 지위는 잃는 것으로 알고 있습니다. 하지만 확대된 선출원의 지위는 출원공개 또는 등록공고 된 경우, 취하나 무효등이 되어도 그 지위는 존속되는 것으로 알고 있습니다. 질문은 아래와 같습니다. 1. 선출원하여 등록된 특허권(공개되었다고 가정)이 무효사유등으로 인해 무효(소급소멸)가 되더라도 이와 동일한 후 출원은 신규성위반으로 거절되는 것이 맞나요? (출원공개 혹은 설정등록으로 인한 공개 등의 사유로 29조1항에 해당하는 공개가 있었다면, 그 특허권이 무효(소급소멸)하게 되어도 후출원 판단시 그 소멸된 특허권을 신규성 위반의 증거로 계속 사용할 수 있는것인지 궁금합니다) 2. 만약 1번에 대한 답이 O(긍정)이라면, 무효심판 등을 통해 특허권을 소멸시키는 이유로써, 특허권 침해에 대한 손배부담의 면제, 자유로운 사용을 위함을 제외하고 또 어떠한 실익이 있는 것인지 궁금합니다. 3. 출원에 대해서는 출원공개(1년6월)or 설정등록(공지간주)시 공개되는 것으로 알고있습니다. 특허가 출원중 거절이유등의 사유(64조2항 제외)로 1년6월내에 등록결정이아닌 거절결정된다면 이 때에는 출원공개가 안되는 것이 맞나요? 1년6월 이후에 거절결정되면 출원공개되는것이 맞나요? 3-1. 만약 1년6월이후에 출원이 거절결정되어 출원공개되었다면, 선출원의 지위는 없지만, 이와 동일한 후출원의 등록요건 판단시 신규성의 증거로 사용 될 수 있는 것이 맞나요? 3-2. 만약 우선심사 통해 1년6월 이전에 출원이 거절결정되어 출원공개되지 않았다면, 선출원, 확선, 신규성등 아무런 지위가 없는 것이 맞나요? 감사합니다.","1. 네 2. 특허권의 효력을 없애는 것이고, 언급한 것 이외의 실익은 기본서에서 효력 파트를 보시면 됩니다. 3. 네 3-1. 네 3-2. 네 열공하세요~", ,,21.09.20
특허법,조문,55조,[55조] 국내우선권 주장 추가?댓글수1,"안녕하세요 변리사님. 국내우선권 주장 추가의 경우, 최선출원일 기준 1년4월로 됨은 알고 있습니다. 아래과 같은 상황에서 질문드립니다. < 시간 순 > X(일본) Y(한국) Z(한국) W(한국_X와 Z우주한 상태, Y 추가 원함) 이 때, Y 출원일 기준 W출원일이 우선기간 1년 만족할 때, Y출원일로부터 1년4월 이내 우선권주장 추가 가능함은 알고 있습니다. 만약 Y가 미국인 경우라면, X(일본) Y(미국) Z(한국) W(한국_X와 Z우주한 상태, Y 추가 원함) 질문1. 이 때, X출원일로부터 W가 우선기간 1년 만족함은 당연하니 Y역시 우선기간 만족하고, 조약우주의 추가는 최우선일 기준 이므로 1년 4월의 기준은 Y가 아닌 X로 부터 기산됨이 맞나요? 감사합니다.",네. 맞습니다., ,,21.09.21
특허법,조문,55조,[55조] 국내우선권주장에서의 확선?댓글수1,"안녕하세요 변리사님 국내우선권 주장에 있어서, X출원(A/A,C)에 대해 국내우주하여 Y출원(A,B/A,B)함을 전제로 할 때, 선출원인 X출원은 취하되고 Y출원이 적법하게 공개 or 등록되면 그 때부터 X출원도 열람가능하여 X에 대해서도 공지기술지위(A,C에 대하여)를 인정해줌으로 알고 있습니다. (각각 청구범위/발명의설명 순서) 1. 이 때, C에 대한 확대된 선출원의 지위는 왜 인정되지 않는 것인지 궁금합니다. Y출원이 공개되면서 X출원(A,C)에 공지기술지위가 생기면 C에 대한 확선지위 역시 생겨야 마땅한 것 아닌가요? 감사합니다.","법 제29조 제3항을 읽어보면, X 출원이 출원공개 또는 등록공고되어야만 확선의 지위 인정이 됨을 알 수 있습니다.", ,,21.09.21
특허법,조문,56조,[56조] 국내우선권주장?댓글수1,"국내우선권주장출원 객문 415pg 17년도 기출의 2번 보기에는 ""국내우선권 주장 출원에 있어서 선출원이 둘 이상인 경우에는 최선출원일부터 1년 4개월 이내에 우선권 주장을 보정하거나 추가할 수 있다""라고 기재되었습니다. 이는 특허법 제 55조 7항에 따라 옳은 조항인데 의문이 하나 생겨서 질문드립니다 국내 선출원 A,B가 있고 C를 B를 기초로 국내우주를 하였습니다. 이 때 C에 A에 대한 국내우주를 추가하기 위해서는 C 출원이 A로부터 1년 이내이고 C에 추가하는 보정을 할 때 최선출원일인 A의 출원일로부터 1년 4개월을 만족해야합니다. 그런데 추가를 하기 위해서는 기초가 되는 A출원이 무효, 포기, 취하 등이 되면 안 되는데 만약 추가 보정하는 시점이 A 출원일로부터 1년 3개월 후, 1년 4개월 전이라면 추가 보정이 가능한가요? 가능하다면 추가 보정하기 전까지는 A출원이 유효하기 때문에 문제없이 추가가 가능하고 추가 직후 곧바로 A는 취하간주되는 건가요?","네. 국내우선권주장의 선출원이 되기 때문에, 추가하게 되면 선출원이 취하간주되네요.", ,,21.09.26
특허법,조문,38조,38조 관련 판례 2015후321?댓글수1,2015후321판례에서 소제기 기간이 경과한 후 출원인변경신고를 한 경우 당사자로 볼 수 있는 자로 인정되지 않고 하자가 극복되지 않는다고 하는데 제가 생각했던 논리는 출원인변경신고를 하지 않은 양수인은 소송의 당사자적격이 없고 당사자적격은 소송요건으로 변론종결시를 기준으로 판단한다고 생각했습니다 판례원문을 읽어보니 판결이유에 대해서도 충분히 납득은 가지만 제가 원래 생각했던 논리의 흠을 찾지 못해 질문드립니다,"변론종결시에, 소제기기간 동안 원고가 적법하게 소 제기를 했는지 판단하는 것입니다.", ,,21.09.29
특허법,조문,45조,(45조) 종속항 단일성 관련 질문?댓글수1,"변리사님 안녕하세요. 독립항의 구성요소에 a,b,c가 있고 종속항의 구성요소에 a,b,c,d가 있을 때 d 또한 기술적 특징으로 인정 되어서 두 항 사이의 단일성이 만족하지 않을 가능성은 없는지 궁금합니다. 감사합니다.","d의 또 다른 기술적 특징이 있을지라도, a, b, c의 기술적 특징을 공유한다면, 단일성을 만족합니다.", ,,21.09.29
특허법,조문,42조,[42조] 다항제기재방법?댓글수1,"안녕하세요. 지금 중급강의를 듣고있는데 발명의 동일성 동일자출원부분에서, 실질적동일성의 범위를 좁게 해석하여야하는 근거 중에 특허출원인이 동일한 경우에는 하나의 출원서에 복수의 청구항으로 기재하여 출원하는 경우 모두 유효하게 등록될수있었을것(94후1558) 라는 점이있는데요.. 1. 이때 하나의 출원서에 복수의 청구항으로 기재되면 선출원지위가 원래 적용되지않는것인가요? 그래서 이런말을 할수있는것일까요?? (하나의 출원서에 대하여 처음생각해보아서 헷갈립니다ㅠ) 2. 그리고 같은 판결에서 발명의 중복기재 가능여부에 관하여, 심사실무상 발명기재를 시행령5조2항위반으로 처리한다지만 일단 판례에서는 중복기재되었다고하여 반드시 다항제 기재방법에 위반되는것은 아니라고 하였는데 이 취지가 그럼 어떡하라는건지 잘 이해가 안갑니다 그냥 문언적/내재적 중복된 발명이 있더라도 그냥 내버려두라는것인갸요..?","1. 네. 선출원주의는 별개의 출원끼리 적용됩니다. 2. 판례는 시행령 제5조제3항 위반이 잘못되었다는 것이고, 시행령 제5조제2항 위반으로 처리할 경우 판례는 없는 것입니다.", ,,21.10.06
특허법,조문,29조,29조 동일성 관련 질문?댓글수1,"변리사님 안녕하세요? 29조에서 동일성 판단 할 때 권리 범위를 그린 후에 그 바깥이 동일성 영역이라고 설명해주셨는데, 그 이유에 대해서 여쭤볼 수 있을까요? 왜 그렇게 판단하는지에 대한 설명은 따로 해주시지 않은 것 같아 궁금하여 여쭤보게 됐습니다! 감사합니다.","공지기술이 a+b+c인데, 출원발명이 a+b라면, 공지기술에 출원발명의 모두 구성요소가 기재되어 있는 것입니다. 열공하세요~", ,,21.10.10
특허법,조문,54조,[54조] 복합우선과 부분우선?댓글수1,"안녕하세요 변리사님 기본서 p458 4.조약우선권의 유형과 관련해서 질문드립니다. 1. 복합우선은 하나의 출원에 2 이상의 우선권주장을 수반하는 것이고, 부분우선은 하나의 출원에 1 또는 그 이상의 우선권주장을 수반하면서 그 안에 우주를 하지 않는 발명을 포함하는 것 즉, 둘의 관계는 어느 하나가 다른 하나를 포함하는게 아닌 복합우선과 부분우선을 동시에 했을 때 교집합관계라고 이해하는게 맞을까요? 2. 이 둘의 특허요건 판단방법에는 본질적인 차이가 없고 둘다 출원인이게 이익이 되는쪽으로 우주 각각 별도로 판단하나요?",1. 네 2. 네. 그렇습니다., ,,21.10.10
특허법,조문,36조,[36조] 물건발명과 제법발명에서의 선출원주의?댓글수1,"안녕하세요 변리사님 처음엔 당연하다고 생각하고 넘어갔는데 어느 순간 보니까 뭔가 이상하다는 생각이 떠나질 않아서 질문남깁니다 선출원이 방법발명 (청구범위:방법1, 최명도 방법1, 물건)이고 후출원이 물건발명 (청구범위:물건 ,최명도: 방2,물건)일때 양자는 실질적으로 동일성이 있어 선출원주의 위반이라는데 이때 선출원주의를 비교하려면 양 발명의 청구범위를 비교하는게 맞지 않나요? 그렇다면 비교하고자 하는 것은 방법1과 물건인데 이때는 동일성이 인정되고 왜 선출원이 물건발명 후출원이 방법발명일때는 똑같이 물건과 방법1을 비교함에도 동일성이 없다고 하는지 궁금합니다","실질을 가지고 판단해 보면, 일반적으로 제법발명에는 물건의 구성이 있을 수 밖에 없는데, 물건발명에는 제법의 구성이 있을 수도 있지만, 없을 수도 있습니다.", ,,21.10.10
특허법,조문,29조,29조 수치한정발명과 선택발명에서의 의견서 참작 여부?댓글수3,변리사님 안녕하세요? 프린트 75p에서 수치한정발명과 선택발명의 case에서 진보성 위반으로 거절이유 통지 되었을 때 선택발명의 case에서는 의견서에 새로운 효과를 작성하여도 추론가능할 수 있고 수치한정발명에서는 의견서에 게재된 새로운 효과를 추론할 수 없다고 설명해주시면서 처음에 명세서에 임계적 의의에 대한 내용이 전혀 없다고 하셨는데 왜 이런 차이가 발생하는 지 잘 이해가 되지 않는 것 같습니다. 수치한정발명에서도 선택발명에서의 case처럼 임계적 의의가 인식되지 않고 있다고 의견서에 게재된 비교를 통해 인식될 수 있는 것 아닌지 궁금합니다. 카페에 올라왔던 질문글을 읽고도 잘 이해가 되지 않아 여쭤보게 되었습니다. 감사합니다.1,"진보성 판단시, 명세서로부터 의견서에 개진된 효과가 추론이 되는지 여부에 따라 달라지는데, 추론이 되면 이를 반영하고, 되지 않으면 이를 반영하지 않는다는 것이 일반법리입니다. 문의한 것처럼 추론이 되지 않는다면 반영 안되는 것이 맞습니다.","제 질문이 조금 잘못 됐었던 것 같습니다! 선택발명에서는 명세서로부터 의견서에 기재된 효과가 추론이 되고, 수치한정발명에서는 추론이 되지 않는데 이 차이가 어디서 발생하는지 궁금합니다. 수치한정발명에서도 의견서에 기재된 명세서로부터 추론할 수 있지 않나요?","발명의 특성을 생각해 보면 쉽게 이해할 수 있습니다. 선택발명은 심사관이 상위개념의 공지기술을 찾았을 때 의견서에서 본원발명과 비교하여 차이가 있다는 것을 주장하는 것이고, 수치한정발명은 수치범위의 효과에 대해 아무런 기재를 하지 않았다가, 나중에서야 비로서 임계적 의의를 기재하는 것입니다.",21.10.12
특허법,조문,47조,"[47조] 보정 관련 기재불비, 거절이유통지 등?댓글수1","1. 판례에서 기재불비 극복을 위한 보정에서 진보성 부정을 새로운 거절이유로 보지 않고 의견제출 및 보정의 기회를 부여해야 한다고 하였는데, 이는 최후거절이유통지를 해야한다고 이해하면 될까요? 2. 신규사항 추가가 거절이유이지만 47조 2항 3호, 4호 시기의 보정에서는 그보다 먼저 보정요건으로서 판단하여 보정각하 된다고 이해하면 될까요? 3. 47조 1항 2호, 3호 시기 보정으로 명백히 잘못된 기재불비가 새롭게 발생하면, 이것이 청구항을 삭제하는 보정에 의한 것이 아닐 경우에도 직권보정하고 특허결정 하나요? 4. 판례는 47조 1항 2호 시기 보정에서 법조문과 사실이 모두 동일할 경우 동일한 거절이유로 보아 거절결정한다고 하면서, 가급적 다시 거절이유 통지하여 출원인에게 의견제출할 기회를 부여하도록 한다고 하였는데, 그렇다면 이러한 경우 동일한 거절이유이지만 예외적으로 최후거절이유통지를 하나요? 감사합니다!","1. 언제 발생했느냐에 따라 달라집니다. 원시적 발생은 최초, 법 제47조제1항제1호의 시기의 보정에 의해 발생은 최후가 됩니다. 2. 네, 그런데 보정시기에 대한 조문을 잘못 이해하고 있네요. 다시 한 번 살펴 보세요. 3. 네 4. 가급적 다시 거절이유통지한다는 것이 무슨 의미인지 모르겠네요. 판례 번호와 함께 구체적으로 질문해 주세요.", ,,21.10.13
특허법,조문,42조,[42조] 다항제 기재방법과 시행령 5조?댓글수1,"다항제 기재에서 시행령 5조 3항이 “필요한 수” 때문에 삭제되어 중복기재되어도 5조 3항 위반이 아니라고 필기해 놓았는데, 책에서 동일한 청구항을 중복하여 기재하는 경우 시행령 5조 2항 위반이라고 되어있어, 제가 필기를 잘못한 것인지 질문드립니다. 감사합니다!","네, 대법원 판결에 의해 시행령 제5조 제3항이 삭제되었고, 현재는 시행령 제5조 제2항 위반으로 거절결정하고 있다는 것입니다. 밑에 비슷한 질문들 있으니 검색해 보세요~", ,,21.10.13
특허법,조문,42의3,[42의3] 번역문 교체시기?댓글수1,"안녕하세요 변리사님. 외국어출원의 번역문 교체는 보정, 출원인의 심사청구 후에는 불가능한데 제3자의 심사청구가 있는 경우에는 어떻게되나요? 1년2개월 / 3개월중 빠른날 이 적용되는 건가요?? 답변 미리 감사합니다!!","네, 제42의3 제2항이 적용됩니다.", ,,21.10.17
특허법,조문,52조2항,"[52조 2항 3,4호, 4항, 5항/ 52조의 2] 분할출원과 우선권주장의 관계 및 분리출원?댓글수1","1. 2022.4.20 시행 개정법 52조 4항은 다음과 같습니다. 분할의 기초가 된 특허출원이 제54조 또는 제55조에 따라 우선권을 주장한 특허출원인 경우에는 제1항에 따라 분할출원을 한 때에 그 분할출원에 대해서도 우선권 주장을 한 것으로 보며, 분할의 기초가 된 특허출원에 대하여 제54조제4항에 따라 제출된 서류 또는 서면이 있는 경우에는 분할출원에 대해서도 해당 서류 또는 서면이 제출된 것으로 본다. 개정법에 의하면 원출원 시에 우선권주장을 하였다면, 분할출원 시에 별도로 우선권주장을 할 필요가 없다는 것인데, 그렇다면 52조 2항 3호, 4호의 출원일 소급효의 예외 규정이 의미가 있을지 의문입니다. 개정법 이전에 분할출원의 경우 우선권 주장의 효과를 받으려면 원출원 시에 적법한 우선권 주장을 해야함은 물론 분할출원 시에도 별도로 우선권 주장을 해야 하기 때문에 52조 2항 3호, 4호에서 소급효 예외 규정을 둔 것은 의미가 있습니다. 다만, 개정법과 같이 원출원 시에 적법한 우선권 주장을 했다면 분할출원 시에 우선권 주장을 할 필요가 없으니 52조 2항 3호, 4호의 효과가 필요가 없고, 만일 원출원 시에 적법한 우선권 주장을 하지 않았다면 분할출원 시에 우선권 주장을 하더라도 분할출원은 우선권 주장의 효과를 받을 수 없으니 52조 2항 3호, 4호를 적용할 상황이 없을 것이기 때문입니다. 따라서 개정법에 52조 2항 3호, 4호가 있는 이유가 궁금합니다. 2. 2020.4.20 시행 개정법 52조 5항은 다음과 같습니다. 제4항에 따라 우선권을 주장한 것으로 보는 분할출원에 관하여는 제54조제7항 또는 제55조제7항에 따른 기한이 지난 후에도 분할출원을 한 날부터 30일 이내에 그 우선권 주장의 전부 또는 일부를 취하할 수 있다. 해당 규정은 분할출원 이후에 별도로 우선권 주장을 취하할 수 있는 기간을 부여하고 있는데, 54조 7항, 55조 7항은 우선권 주장의 보정 및 추가만을 규정할 뿐 취하에 대한 언급은 없다는 점, 55조에 따른 우선권 주장은 별도로 56조에서 취하간주의 규정만 있는 점, 54조 7항 55조 7항에서 규정한 기간 이후에 우선권 주장을 취하하는 것은 보정 및 추가와는 달리 제3자의 이익을 해하지 않는다는 점에 비추어 보면 별도로 취하에 대한 기간을 부여할 필요성이 없어보이는데 개정법에 이와 같은 규정이 생긴 이유가 궁금합니다. 3. 2020.4.20 시행 개정법 52조의2 2항은 다음과 같습니다. 제1항에 따라 분리된 특허출원(이하 “분리출원”이라 한다)에 관하여는 제52조제2항부터 제5항까지의 규정을 준용한다. 이 경우 “분할”은 “분리”로, “분할출원”은 “분리출원”으로 본다. 본 항에서 분리출원에 대해 52조 6항, ""⑥ 분할출원의 경우에 제54조에 따른 우선권을 주장하는 자는 같은 조 제4항에 따른 서류를 같은 조 제5항에 따른 기간이 지난 후에도 분할출원을 한 날부터 3개월 이내에 특허청장에게 제출할 수 있다. "" 을 준용하지 않는 이유가 궁금합니다. 해당 규정을 준용하지 않으면, 최우선일로부터 1년 4개월이 도과한 뒤에 분리출원을 했을 때, 분리출원의 기초가 된 원출원에 대하여 증명서류가 제출되지 않았다면, 해당 분리출원과 원출원 모두 우선권 주장 적용을 받을 수 없어 분할출원에 비하여 출원인에게 과도한 불이익이 있는 것으로 보이는데, 그럼에도 6항을 준용하지 않는 것은 분리출원제도 자체가 비상의 구제수단이라는 점 때문인 것인지 의문이 생깁니다.","1. 출원과 동시에 주장간주(자동주장)로 인해 사문화되었네요. 2. 출원과 동시에 주장간주로 하되, 대신 취하할 수 있는 시기를 제한하겠다는 취지로 보입니다. 3. 저도 준용해야 할 것 같은데, 이상하게 느껴지네요. 개정된지 얼마 안 되었으니, 입법 취지 및 국회에서의 논의 경과 등을 살펴본 후 나중에 추록으로 정리해 보겠습니다.", ,,21.10.20
특허법,조문,42조,[42조] 첨부서류 불수리 관련?댓글수1,"42조 2항에서 발명의 설명은 아예 제출하지 않으면 방식심사에서 불수리 한다고 되어있는데, 필요한 도면은 제출하지 않으면 불수리가 아닌 방식위반으로 무효가 되나요? 그리고 불수리도 결국 방식심사에서 중대한 하자로 인한 것인데 왜 무효인 경우에만 방식위반이라고 하나요? 감사합니다!",, ,,21.10.20
특허법,조문,47조,[47조] 기통지한 거절이유에서 인용된 문헌으로 거절결정 시 (2011허10306)?댓글수1,"강의노트 256페이지에서 두 번째 판례(2011허10306)와 관련하여, 판례는 47조 1항 2호 시기 보정에서 동일한 거절이유가 나와 기통지한 거절이유에서 인용된 문헌으로 거절결정할 때 그 문헌 전체에 대하여 거절이유통지가 있었다고 봄이 상당하여, 추가적인 거절이유통지 없이 바로 거절결정할 수 있다고 하면서도, 새로운 거절이유로 볼 여지가 있으므로 가급적 다시 거절이유통지하여 출원인에게 의견제출할 기회를 부여하도록 한다고 하였습니다. 그렇다면 이러한 경우 동일한 거절이유이지만 예외적으로 최후거절이유통지를 하나요? 감사합니다!","판례는 잘못 이해하고 있네요. 다른 거절이유로 판단되면 최후거절이유통지를 하지만, 동일한 거절이유로 판단되면 거절결정한다는 것이 요지입니다. 일반적으로는 동일한 거절이유로 거절결정됩니다.", ,,21.10.20
특허법,조문,36조,[36조] 선출원주의 관련 (리담 객관식 특허법 12페이지)?댓글수1,리담 객관식 특허법 12페이지 문제에서 (바)에 대한 해설에서 '선출원주의는 청구범위에 기재된 발명이 동일성이 있는 경우에 적용되는데 물건발명과 물건을 제조하는 방법발명은 동일성이 없기 때문에 양자 모두 등록가능하며'라고 되어있습니다. 그런데 물건발명과 방법발명사이는 범주상이한 실질적 동일성이 있는 것 아닌가요..?,"동일자 출원의 경우 판례는 형식이 아닌 실질을 가지고 판단한다는 일반원칙을 가지고 있으나, 실무는 실질적 동일성을 좁게 보고 있습니다. 발명의 동일성 파트를 한 번 읽어 보세요~", ,,21.10.25
특허법,조문,29조,"[29조] 신규성, 수치한정 발명 진보성 관련?댓글수1","1. 을이 두통약 A를 출원하기 전, 갑이 그와 동일한 제조방법으로 이미 두통약 A를 제조, 판매(갑은 두통약 A 제조방법을 비밀로 관리)하고 있었다면, 을의 두통약 A 출원은 신규성 상실을 이유로 거절된다고 하였는데(2015년 변리사 기출), 저는 의약품 판매만으로는 공연실시가 되지 않는다고 생각하여 제조방법 역시 공지되지 않았다고 보아 을의 출원이 신규성으로 거절되지 않는다고 생각하였습니다. 제가 어떤 부분을 잘못 생각하고 있는 것인지 질문 드립니다. 2. (대법원2008후4998 판결)""수치한정을 제외한 양 발명의 구성이 동일한 경우 그 수치한정이 공지된 발명과는 상이한 과제를 달성하기 위한 기술수단으로서의 의의를 가지고 그 효과가 이질적인 경우라면, 수치한정의 임계적 의의가 없다고 하여 특허발명의 진보성이 부정되지 않는다.""라는 판례에서, 기술수단으로서의 의의를 가지고 효과가 이질적인 경우가 곧 수치한정의 임계적 의의가 있는 것이라고 해석하면 될까요? 감사합니다!","1. 제조방법은 공지되지 않았고, 의약품 판매는 통상의 분석방법에 의해 분석된다면 공지된 것입니다. 2. 네, 맞습니다. 임계적 의의는 이질적인 효과나 동질의 우수한 효과를 말합니다.", ,,21.11.01
특허법,조문,42조,42조 제3항 1호 질문?댓글수1,"리담특허법의 335p 표 2-8의 2번째유형질문입니다 청구범위: A,B,C 발명의 설명: A,B 일때, 기재불비 여부의 설명을 보면 통상의 기술자가 A,B 발명을 쉽게 실시할 수 있도록 명확하고 상세하게 적고 있지 않다면 법 제 42조3항1호 위반으로 부적법 이라고 적혀있습니다 근데 통상의 기술자가 실시할수있도록 설명이 되어야할 발명이 왜 A,B,C가 아니라 A,B인지 모르겠습니다 표의 나머지 유형인 첫번째 세번째 네번째 모두 실시가능요건의 설명되어야할 발명의 기준이 청구범위의 발명의 범위인것같은데 왜 두번째 유형인 위의 유형만 발명의 설명의 범위로 되어있는건가요?? ------------------------------------------------------------------------------------------ 그리고 질문의 내용을 적다보니 더 궁금한게 생겼습니다. 표의 4번째 유형 청구범위: A(a,b,c) 발명의설명: B(a,b,c,d) 에서 다기재 협범위 원칙에서 강의노트 69p에서 예를 들어주셨던 것으로 대입해서 청구범위를 A(그냥 자전거), 발명의설명을 B(자전거 + 라이트)라고 할때, 42조4항1호의 취지에 따르면 발명의 설명을 통해 청구범위의 내용이 공개되어야한다는 것인데, 그냥 자전거에 비해 신규성이 있는 '라이트가 결합된 자전거'에 대한 설명으로 그냥 자전거의 내용도 공개하였다고 볼 수 있을 것 같은데 왜 확장 내지 일반화의 조건이 필요한 것인가요? 만약 자전거가 더 상위개념이기때문이라면, 세번째 유형이 세모가 되는것을 어떻게 이해를 해야하는지 모르겠습니다 생각을 할수록 더 헷갈리네요 답변해주시면 감사하겠습니다","1. C는뒷받침 요건을 적용하고, A, B는 실시가능요건을 적용하겠다는 것이 실무의 태도입니다. 2. 사안의 예시는 기재불비가 아닙니다. 다만, 사안의 예시가 되려면 청구항 자전거 발명의 설명에 자전거, 라이트+자전거 가 기재되어 있어야 합니다. 유형 4는 동일한 효과를 나타내는 물건인데, 청구항에는 a, b, c에 의해 그 효과를 낼 수 있다고 기재되어 있는 반면, 발명의 설명에는 a, b, c, d가 필요하다고 되어 있는 경우입니다. 열공하세요~", ,,21.11.04
특허법,조문,52조,[52조] 발명의 설명 또는 도면에만 기재된 발명의 취급?댓글수1,"(52조의 질문이 아닌데 딱히 관련조문이 떠오르지않아 기본서의 관련내용중 ""발명의 설명 또는 도면에만 기재된 발명의 특허법상 보호방안""의 내용이 수록된 부분인 분할출원 챕터로 했음을 양해부탁드립니다) 기본적인 내용인데 개념이 분명하지않아 질문드립니다 제가 만든 보기예문입니다 Q. A/AB 출원에서 o x ? ①B는 심사의 대상조차 되지않는다 ②42조 3항은 A에 해당하는 발명의 설명에 기재된 사항에 관한 요건이므로 B의 기재에 불비나 위반사유가 있더라도 등록이 되는 출원이다 ③B가 공서양속이나 공중위생을 해할 염려가 있는 발명이라도 A가 그렇지 않은이상 B발명도 그대로 출원공개가 된다 3번이 애매하지만 1,2번은 맞는 지문으로 만들어본건데 틀린부분 지적부탁드립니다 추가로 변경출원 문제이지만.. ④출원공개되기전의 A/AB을 원출원으로 변경출원 A/A를 한 경우 B는 어떠한 지위도 없어서 그 후 타인이 B를 출원하더라도 거절시킬수 없다 이것도 맞는지 부탁드립니다 감사합니다",모두 맞게 이해하고 있습니다., ,,21.11.11
특허법,조문,36조,[36조] 동일성판단?댓글수1,안녕하세요 임병웅 변리사님! 선출원이 제법발명이고 후출원이 물건발명의 경우 판례(대비되는 발명의 실체에 따라 판단해야지 표현 양식에 따라 판단해서는 안된다) 에 따라 동일성이 인정되어 선출원주의 위반이 이해가 되는데 선출원이 물건발명이고 후출원이 제법발명일때도 발명의 동일성이 인정되어 선출원주의 위반이 될 수 도 있지 않나요??,"실체의 의해 판단한다는 판례의 일반법리에 의하면 동일성이 인정될 가능성이 있습니다. 그러나, 일반적으로 물건은 하나이고 방법은 수없이 많기 때문에, 물건이 PBP 형식으로 기재되어 있다고 할지라도, 동일성이 인정되기는 굉장히 어려울 것입니다. 열공하세요!", ,,21.11.12
특허법,조문,55조,[55조] 국내우선권주장출원?댓글수2,객문 p400에 있는 문제 2번 지문입니다. 선출원에 대한 특허를 받을 수 있는 권리의 양도 계약 후에는 출원인 변경신고 전이라도 승계인이 국내우선권주장출원을 할 수 있다. 해당 지문은 옳은 지문으로 해설에는 대법원 2019.10.17 선구 2017후 1277 판례가 써 있습니다. 판례에 따르면 우선권주장출원 당시 후출원의 출원인이 선출원의 출원인과 일치해야 하는 것은 아니고 선출원인 중 일부가 후출원 출원인에 포함되거나 선출원에 대한 특허를 받을 수 있는 권리를 양도하여 양수인이 후출원을 한 경우는 달라질 수 있다고 합니다. 저는 여기서 우주출원 당시 후출원의 출원인이 선출원의 출원인과 다르다는 것이 적법하게 양수 절차를 마친 경우를 의미한다고 생각했습니다. 그래서 위 지문의 경우 출원 당시 출원인변경신고를 하지 않아 이전의 효력이 발생하지 않았고 따라서 적법한 양수인 되지 못한 후출원인의 우선권주장은 부적법하다고 생각했습니다. 그러나 위 문제의 지문을 보니 후출원 당시에는 적법한 양수인이 아니었지만 후출원 계속 중에 적법한 양수인이 된 경우도 우선권주장 출원이 적법한 것으로 여겨지는 것 같습니다. 제 추측처럼 후출원 당시에는 적법한 양수인이 아니었지만 후출원 계속 중에 적법한 양수인이 된 경우도 우선권주장 출원이 적법한 것으로 여겨지는 건가요? 아니면 다른 이유가 있는 건가요?,"판례를 잘못 이해하고 있네요. 판례의 내용은 후출원 당시 특받권을 가지고 있으면 되는 것이고, 꼭 출원인변경신고까지 완료해야 하는 것은 아니라는 것입니다. 판례를 천천히 읽어 보세요.", ,,21.11.18
특허법,조문,51조,[51조] 재심사 청구 시의 보정?댓글수1,"안녕하세요! 리담 객관식 323페이지 문제 관련해서 질문 드립니다! 5번 선지 : 직권보정 전 최후거절이유통지에 따른 의견서 제출기간 또는 재심사 청구할 때 부적법한 보정이 특허결정이 취소된 후 발견되어 거절이유통지를 한 경우에 보정에 따라 새로운 거절이육 발생하면 보정각하결정을 하여야 한다. 해당 선지에 대한 해설은 다음과 같습니다 ""최후거절이유통지이기 때문에 보정에 따라 새로운 거절이유가 발생하면 보정각하결정을 하여야 한다."" 볼드체 부분에서 저는 ""재심사 청구할 때"" 부분에서 질문이 생겼는데요 51조 1항 3호에 보면 재심사 청구 전 보정에 대해서는 51조의 적용을 받지 않는데, 위 선지에서는 ""할 때"" 라고 해서 이건 보정각하 아닌가? 라는 생각이 들었는데요. 1. 재심사 청구""할 때""임에도 해설에서 최후거절이유통지라고 한 이유가 직권 보정 전에 ""발생""했기 때문인가요? 2. 사실, '직권보정'이라는 워딩이랑 '재심사 청구'라는 워딩이랑 같은 선지에 있다보니, 51조 1항 1호를 적용해야할지, 3호를 적용해야할 지 헷갈립니다. 사실관계가 ( 재심사 청구 -> 심사 -> 특허결정 -> 직권보정 -> 특허결정취소 -> 발견 ) 이렇게 되는 것이고, 직권 보정에 대한 심사 중에 발견했고, 발생 시점이 직권 보정을 기준으로 전에 발생했기 때문에 최후거절이유통지가 된다로 이해하고 있으면 괜찮을까요?",직권보정 전 and (법 제47조제1항제2호 or 제3호 시기의 보정)으로 이해하면 됩니다., ,,21.11.19
특허법,조문,29조,[29조3항] 동일한 출원인의 시기?댓글수1,"안녕하세요 변리사님. 29조 3항의 확선지위적용시 동일발명자, 동일출원인은 미적용인데 도해를 보면 동일출원인은 '출원할 때' 라고 나와있습니다. 그렇다면 특허결정 전까지 다른 출원을 양도받는다 하더라도 거절이유 극복은 불가능 한것인지 궁금합니다. 미리 감사합니다!!",네. 극복 불가능합니다., ,,21.11.22
특허법,조문,36조,[36조] 선출원?댓글수2,"안녕하십니까 공부를 하다가 헷갈리는 부분이 있어서 질문드립니다 리담 특허법 20판 p836의 표 6-9는 실시불가피설에 대한 표로서 물건발명과 제법방법의 관계에 대해 설명하고 있습니다. 해당 표에서 물건발명이 선출원되고 제법발명(방1)이 후출원 되었을 때 물건발명의 최명도에 기재된 방법이 제법발명과 동일하다면 제법 발명은 공개 전에는 확대된 선출원에 의해, 공개 후에는 신규성 위반으로 거절됩니다. 여기까지는 무리 없이 이해가 되었으나 선출원에 혼동이 왔습니다. 일반적으로 하나의 물건에는 다양한 종류의 제법이 존재할 수 있으므로 선출원이 적용되지 않을 수 있다고 이해하고 있습니다. 그러나 해당 조건에서는 방법도 동일한데 선출원이 왜 적용되지 못하는 건지 헷갈려 나름의 결론을 내려보았습니다. 1) 제법발명이 최명도에 기재되어 있으나 청구범위는 물건발명이므로 청구범위끼리 비교하는 선출원에서는 위반이 성립되지 않는다. 2) 설사 물건발명의 청구범위가 방1을 기재한 PBP 형식으로 이루어졌다고 하더라도 특허요건에 대한 판단을 하는 상황이므로 제법발명에 한정하여 물건을 특정하는 것이 아니라 물건 전체로써 특정해야 하므로 결과적으로 1)과 같은 상황이 되어서 선출원 위반이 성립하지 않는다. 이렇게 이해하면 되는건가요? 아니면 혹시 다른 이유 때문에 선출원 위반이 성립할 수 없는 것인가요?","방법은 수없이 많이 존재하기 때문에, 일반적으로 청구범위에 기재된 물건발명에 의해 후출원 방법발명(방1)을 도출할 수 없습니다. 물론, 실질적으로 도출할 수 있어서 동일성이 인정된다면 선출원 위반일 수도 있습니다. 열공하세요~", ,,21.11.24
특허법,조문,55조,[55조] 이중우선 객관식 선지 질문?댓글수1,"안녕하세요 변리사님! 객관식 문제를 풀다가 질문이 생겼습니다. 문제는 리담 객관식 402번에 3번 선지입니다. 3번 선지 ""선출원이 국내우선권주장 또는 파리조약에 의한 우선권주장을 수반하는 경우에 후출원에서는 선출원에 대하여 새로 추가된 사항에 대해서만 우선권의 효과를 인정한다"" 라는 선지가 맞는 선지로 나왔는데요. 굵게 표시한 '선출원에 대하여 새로 추가된 사항'이 틀리다고 생각합니다. 예를 들어 선선출원이 A에 대한 출원이고, 선출원이 A, B에 대한 출원이고, 후출원이 A, B, C에 대한 출원이라고 했을 때, '선출원에 대하여 새로 추가된 사항'은 발명 C인데 반해, 우선권의 효과를 받는 발명은 B아닌가요? 저는 위 상황을 생각하고 3번을 답으로 했습니다만... 어느 부분에서 제가 틀렸는지 말씀해주시면 감사하겠습니다.",선출원에 대하여 새로 추가된 사항은 B입니다. C는 후출원에 새로 추가된 사항입니다. 열공하세요~, ,,21.11.25
특허법,조문,44조,[44조] 공동출원 위반시 보호규정 미존재 이유?댓글수1,"변리사님 안녕하세요 무권리자의 출원에 대해서는 34조, 35조와 같이 출원일의 소급효를 인정하고 있는데 같은 주체적요건 위반인 44조에 대해서는 왜 이런 규정이 없는지 궁금합니다. 감사합니다","법 제44조는 매우 복잡합니다. 기출원을 죽이더라도 공유자가 함께 새로운 출원을 해야 하는데, 쉽지 않습니다. 구체적으로, 비용, 공동출원에 대한 합의, 절차진행 등의 문제가 있습니다. 열공하세요~", ,,21.11.26
특허법,조문,45조,[45조] 하나의 특허출원의 범위 (객294번)?댓글수1,"객 294의 마번 보기입니다. [청구항1] 화합물 a [청구항2] 화합물 a로 제조된 중합체 b [청구항3] 중합체 b와 난연재로 구성된 조성물c 여기서 1과2, 2와3이 단일성이 있는건 알겠습니다. 그런데 중합체 b가 결국 화합물 a로 만들어져 청구항3은 곧 (화합물a로 제조된) 중합체b와 난연재로 구성된 조성물c이므로 이것도 청구항1과 연결되어 1,2,3항이 모두 단일성을 갖춘 것으로 생각했습니다. 그런데 해설에서는 청구항 1과3 사이에서는 단일성이 없다고 나와있어서 제가 어떤 부분을 잘못 생각하고 있는지 여쭤보려고 글을 써봅니다.","중합체 b가 화합물 a로 만들어질 수도 있고, 화합물 a1, 화합물 a2 등으로 만들어질 수도 있기 때문에, 청구항 1과 청구항 3은 단일성이 없는 것입니다. 열공하세요~", ,,21.12.03
특허법,조문,29조,[29조 2항] 민사소송상 불요증 사실 특허vs디보 비교문제 질문드립니다.?댓글수1,"리담객관식 150p (마) 민사소송상 불요증 사실의 하나인 공지 또는 현저한 사실과 디보법상 신규성이 부인되는 디자인의 공지, 공용사실과는 그 개념이 서로 다른것으로서 전자는 증거없이 그 사실을 인정할 수 있으나, 디자인의 공지공용사실에 대해서는 심사관이 입증한 경우에 한해 인정할 수 있다. 지문이 옳은것으로 되어있습니다 ,전의 문장은 이해가 가나 ,후의 문장이 이해가 가질 않습니다 ㅜ 디자인의 경우 현저한 주지형태같은경우는 증명하지 않고 거절시킬수 있는걸로 알고있는데 위 지문이 맞는다는건 현저한 주지형태를 거절할때는 이를 입증하지 않아도 되나 소송에 가서는 입증한 경우에 한해 인정할수 있다는뜻인가요? 답변 감사합니다!","공지공용과 주지관용은 전해 다른 개념입니다. 공지공용되었음은 심사관이 입증해야 하나, 그 공지공용이 주지관용인 경우에, 심사/심판단계에서는 현저한 사실이므로 입증을 요하지 않는 것입니다. 다만, 소송단계에서는 현저한 사실일 수도 있고 아닐 수도 있습니다. 열공하세요~", ,,21.12.03
특허법,조문,29조,[29조 1항 각호]신규성 동일성/실/기 권리범위 부정에 관련 질문드립니다?댓글수1,"리담객관식 128p 신규성관련 문제에서 (나) 신규성이 상실된 발명임에도 불구하고 착오로 특허된 경우 무효심판에 의한 무효심결이 확정되기 전까지는 유효한 특허권으로 취급되는 것이므로, 무효심결 확정전 제3자가 업으로서 특허발명을 실시하는 행위는 특허권의 침해를 구성하게 된다. 위의 질문이 틀리다고 되어있는데, 저는 위 지문을 읽었을 때 당연무효 부정의 관점에서 접근해서 침해를 구성한다고 생각했는데 위 지문은 '동일성/실/기 중 동일성에 해당해서 권리범위 부정하므로 침해가 아니다'라고 접근해야하나요? (문장 전단은 맞는 말인가요?) 답변 감사합니다!",1. 행정처분의 공정력에 의해 당연무효는 아닙니다. 2. 권리범위 부정으로 침해가 되지 않습니다., ,,21.12.03
특허법,조문,55조,[55조] 후출원의 확선지위?댓글수1,안녕하세요 202조 pct 확선지위 질문했는데 답글에 55조 4항은 선출원이 아니라 후출원의 확선지위 조문이라 하셨습니다. 그렇다면 55조 6항은 후출원이 공개되면 선출원에 관하여 공개된것으로 보고 선출원의 진입여부(201조 4항에 의한 취하 여부)와 관계없이 '후출원'에 확선지위를 주는건가요? 정확하게는 '후출원'의 최명도에 있는 발명 중 선출원의 최명도에도 있는 발명에 대해 확선지위를 인정한다는 게 맞나요?,네. 맞습니다., ,,21.12.06
특허법,조문,29조,[29조 7항]?댓글수1,"안녕하세요? 특허객관식 170번 문제 풀다가 궁금증이 생겨서요. 지문 : 대한민국을 지정국으로 하는 국제출원이 확대된 선출원의 지위에서 다른 출원의 지위를 갖기 위해서는 국내공개가 있어야 한다. 강의 들을때 변리사님이 국제출원이 국어 pct라면 틀린 지문이고(전자) 외국어 pct라면 맞는 지문이라고 하셨는데(후자) 전자의 경우에는 충분히 납득이 갑니다. 그러나 후자의 경우, 29조 7항에는 국제출원이 다른 출원지위 인정 요건으로 ""번역문 미제출로 취하간주되지 아니한 경우""라고 되어 있지, ""국내공개 된 경우""라고 명시되어 있지 않아서 다소 헷갈리는데요. 지문에서 ""국내공개가 있어야 한다.""는 의미가 1.번역문 미제출로 취하 간주되지 않는 한 국내단계 진입함으로 인해 결국 국내공개가 되므로 타 출원의 지위가 인정된다는 취지인지 2. 문언 그대로 국내공개가 되어야 타 출원의 지위가 인정된다는 취지인지 혼란스러워 질문을 드리게 되었습니다. 항상 좋은 강의 감사드립니다.",1번의 의미입니다. 법 제201조제4항에 의해 취하간주되는 경우 국내공개가 되지 않습니다., ,,21.12.07
특허법,조문,52조,[52조]?댓글수1,안녕하세요? 분할출원 질문드립니다. 객관식 강의에서 변리사님이 원출원에서 우선권 주장하지 않으면 분할출원도 우선권 주장할 수 없다고 하셨는데요. 이는 납득이 갑니다. 원출원이 심사청구를 했는지 여부와 상관 없이 분할출원만 심사청구하는 것이 가능한 것인가요?,?네. 가능합니다., ,,21.12.08
특허법,조문,47조,[47조] 실체보정?댓글수1,객관식 특허법 15판 345번 문제 ㄴ지문 '최후거절이유통지에 따른 보정 및 재심사 청구에 수반한 보정 시 구성요소의 직렬적 부가로 청구범위가 감축되더라도 실질적으로 청구범위가 변경되면 보정이 허용되지 않는다'이 틀린 것으로 나와 있는데 직렬적 부가로 인한 실질적 동일성의 경우 원칙적으로는 신규사항추가로 적법하지 않지만 ㄴ지문에서 명시적으로 '청구범위 감축'이라고 언급했기 때문에 47조2항의 신규사항추가금지 규정 위반에 해당하는 실질적 동일성 case가 아닌게 맞는 지 궁금합니다. 그리고 상위개념을 하위개념으로 또는 그 반대로 보정하는 경우에도 원칙적으로 신규사항추가이지만 여기서도 위문제에서의 ㄴ지문처럼 '청구범위 감축'에 해당한다고 언급이 되면 적법한 보정인가요? 항상 여러 질문들에 대해 답변주셔서 감사합니다.,"문제의 의도를 잘못 이해하고 있습니다. 구법에서는 법 제47조제1항제2호,제3호의 시기에 보정은 청구범위의 감축일 뿐만 아니라 정정과 같이 실질적 변경, 확장이 아니어야 한다고 하였으나, 현재 개정법에서는 실질적 변경, 확정과 관련된 제한은 삭제되었고, 이를 물어보고 있는 것입니다. 열공하세요~", ,,21.12.10
특허법,조문,55조,[55조] 국내우선권주장과 분할출원?댓글수1,적법하게 우선권주장을 한 국내우선권주장출원(Y출원)(즉 Y출원의 기초가된 X출원일로부터 1년이내 출원한 요건 충족한 경우)을 기초로 분할출원(Z출원)을 했을 때 분할출원(Z출원)도 우선권주장 효과를 누리려면 우선권주장을 해야 하나요?? 아니면 자동으로 우선권주장효과를 누리게 되나요??,네. 우선권주장을 해야 합니다. 기본서를 정독해 보는 것을 추천합니다~, ,,21.12.15
특허법,조문,42의3,[42의3조] 제3자 심사청구시 국어번역문 교체가능 여부?댓글수1,"1. 동일하면 신규성 위반, 용이하면 진보성 위반 그렇지 않으면 등록됩니다. 2. 네. 열공하세요~",, ,,21.12.15
특허법,조문,30조,[30조]공지예외적용주장이 부적법한경우의 효과?댓글수2,"안녕하세요 변리사님 30조 공지예외적용주장이 부적법한경우의 효과에 대해 질문드립니다. 30조 공지예외적용주장이 방식에 위반한경우(공지후 12개월이 지나 출원한경우)에 공지예외적용주장이 무효가되어, 출원발명이 신규성 진보성판단시 공지기술에 의하여 출원된 발명의 신규성, 진보성을 판단하여야한다고 알고있습니다. 1.그렇다면 본인의 발명이 공지된 것임에도 불구하고 공지예외적용주장 기간내 출원하지못하면 신규성,진보성위반으로 거절결정이 되는건가요? 2. 그렇다면 리담특허법 p.383에 (2)출원발명의 신규성, 진보성 판단 출원은 공지예외적용주장을 하지 아니한 출원이 되기 때문에 심사관은 공지예외적용을 주장한 공지기술에 의하여 출원된 발명의 신규성 또는 진보성을 판단하여야한다. 의 의미는 공지예외적용을 주장한 공지기술에 의하여 공지예외적용을 주장한 출원은 신규성, 진보성판단시 거절결정 될 수있다 라는 의미로 해석하는건가요?",, ,,21.12.16
특허법,조문,52조,[52조] 분할출원?댓글수1,"안녕하세요! 분할출원 판례 관련하여 질문 드립니다. 원출원 발명과 분할출원 발명의 동일성 여부의 판단은 청구범위에 기재된 양 발명의 기술적 구성이 동일한가 여부에 의하여 판단하되 그 효과도 참작하여야 할 것인바, 기술적 구성에 차이가 있더라도 그 차이가 주지 관용기술의 부가, 삭제, 변경 등으로 새로운 효과의 발생이 없는 정도에 불과하다면 양 발명은 서로 동일하다고 하여야 한다 (대법원 2004. 3. 12. 선고 2002후2778). 분할출원에서 객체적 요건으로 분할출원 명도에 기재된 발명이 원출원 최명도에 기재된 사항의 범위 이내여야 하고, 이는 문언적 동일과 내재적 동일성만을 의미하는 것이지, 실질적 동일성은 안 된다고 알고 있었는데, 위 판례에서는 왜 분할출원과 원출원의 동일성을 명도, 최명도가 아닌 청구범위를 비교하여 실질적 동일성 여부를 확인하고 있는지 질문 드립니다. 선출원에서 동일성은 판례가 진보성과 같이 판단한다는 점에서 위 판례가 원출원이 선출원 지위가 있음을 전제로 하여 청구범위를 비교한 것은 아닌 것 같다고 생각되는데.. 어떻게 이해해야 하는지 궁금합니다!","기존에는 분할출원의 적법성을 판단할 때, 청구범위끼리 비교했습니다. 즉, 현재법을 기준으로 구번의 해석에 대한 판례를 살펴보니 이해가 되지 않고 있는 것입니다. 열공하세요~", ,,21.12.19
특허법,조문,29조,[29조] 진보성 판단?댓글수1,"안녕하세요! 진보성을 판단하는 주체적 기준으로 통상의 기술자는 국내의 기술수준만을 고려한다고 알고 있었는데, ""진보성 판단을 국내의 기술 수준을 고려하여 국내에 있는 당해 기술분야의 전문가의 입장에 판단하여야 한다는 상고이유의 주장은 독자적 견해에 불과하여 받아들일 수 없다(대법원 2004. 11. 12. 선고 2003후1512 판결)""는 판례를 어떻게 이해해야 하는지 질문드립니다.","통상의 기술자의 결정과 공지기술의 결정을 구분하지 않고 판시한 것입니다. 기본서의 진보성 파트에서 각주를 살펴보면, 자세히 설명되어 있으니 읽어 보세요~", ,,21.12.20
특허법,조문,35조,[35조] 무권리자 출원에서 동일성 범위?댓글수1,"안녕하세요, 리담 특허법 기본서에서 질문이 있는데요, 500쪽에서 (앞에도 몇 번 나오지만) 무권리자 결정기준에서 광의의 동일성 판단 기준을 적용하는 것은 1) 정당권리자를 지나치게 보호하는 면이 있고 2) 무권리자 출원 이후의 이와 동일한 개량발명을 한 제 3자에게 불측의 손해를 줄 수 있다는 2번이 이해가 안되어서요. 예를 들면 어떤 경우에서 제 3자가 손해를 볼 수 있는 건가요?","1. 무권리자 출원 A 2. 제3자출원 A'(A로부터 용이) 3. 정당한 권리자 출원 A' 인 경우 정당한 권리자 출원이 무권리자 출원의 출원일로 소급효가 인정되고, 이 경우 제3자출원은 선출원주의 위반이 됩니다. 열공하세요~", ,,21.12.24
특허법,조문,42조,[42조] 기재불비?댓글수1,"안녕하세요! 청구범위 기재불비 관련 기출문제애 대해 질문 드립니다. 저는 42조 4항 1호 뒷받침 요건에서 발명의 설명이 청구항을 포함할 수 있어야 이 규정을 만족한 것이라고 이해하고 있었습니다. (예컨대, 청구항에 가소성물 압출성형방법이 기재되어있고, 발명의 설명에는 농수산 가공품의 식용가소성물의 제조방법에 대해서만 기재되어 있고 다른 가소성물에 대한 기재가 없는 경우 42조 4항 1호로 거절이유 통지해야 한다는 사안) 이와 관련하여 2000년도 기출문제에서 “청구항에는 표시장치 전력 절감에 대한 방법 발명이 청구되어 있고, 발명의 설명에는 모니터 전력 절감을 위한 제어회로와 그 기능 및 작동원리만이 설명되어 있다.” 라는 지문이 맞는 지문으로 되어있어 질문드립니다. 저는 발명의 설명에 모니터 외에 다른 표시장치에 대해서는 전력 절감에 대한 내용이 기재되어 있지 않아 틀린 지문이라고 생각하였는데, 제가 어떤 부분을 잘못 생각하고 있는 것인가요? 감사합니다!","법 제42조제4항제1호 위반 여부는 발명의 설명에 기재된 발명에 의해 청구항에 기재된 발명까지 일반화 및 확장가능한지 여부에 따라 달라집니다. 심사기준은 2가지 예시를 모두 언급하면서, 첫번째는 일반화 내지 확장이 안된다는 것이고, 두번째는 일반화 내지 확장이 되는 것으로 하고 있습니다. 열공하세요~", ,,21.12.25
특허법,조문,29조,[29조 2항] 진보성 거절이유통지 질문?댓글수1,"안녕하세요 변리사님! 리담 객관식 147번문제 공부하다가 질문이 생겼습니다. Q. 147 1번 : 인용발명을 달리하여 신규성이 없다는 거절이유와 진보성이 없다는 거절이유를 하나의 의견제출통지서에 의하여 동시에 통지할 수 없다. 3번 : 발명의 신규성은 공지발명과 동일성 여부에 따라, 발명의 진보성은 공지발명으로부터 쉽게 발명할 수 있는지 여부에 따라 판단되며, 진보성 판단은 발명의 성립성, 산업상 이용가능성 및 발명의 신규성을 구비한 발명을 대상으로 한다. (두 선지 모두 옳은 선지입니다) 1. 볼드체가 옳은 이유는 29조 2항의 ""1항에도 불구하고"" 라는 부분때문인가요? 2. 신규성을 구비한 발명을 진보성 판단의 대상으로 한다는 것은 다시 말하면, 신규성이 위반된 경우에는 진보성을 판단하지 않는다는 의미로도 이해할 수 있는데, 1번 선지에서는 신규성 위반과 진보성 위반을 같이 통지할 수 있다고 하고 있습니다. 두 선지에서 차이 발생하는 이유는 인용 대상을 달리 하였는가 여부에 따라 달라지는 것인가요? 저작자 표시컨텐츠변경비영리","1. 네 2. 동일한 인용발명일지라도 신규성 위반이고, 이를 극복하더라도 진보성 위반이라고 할 수 있습니다. 이는 출원인의 대응용이성을 위해서입니다. 기본서를 한 번 읽어 보세요~", ,,21.12.25
특허법,조문,30조,[30조] 공지예외주장?댓글수1,"안녕하세요 객관식문제집 301페이지에서 질문드립니다. 갑이 17.05.10에 A발명에 대한 팜플렛을 제작, 배포 을이 17.09.10에 A를 특허출원 갑이 17.10.01 A를 개량한A'를 특허출원 위와 같은 상황에서 갑이 특허법 30조 취지의 주장을 하면서 출원한 경우, A'의 진보성 판단에 있어 A를 인용발명으로 하여 진보성을 부정할 수 있다. 라는 2번 지문이 틀린지문입니다. 공지예외적용을 한 경우 공지된 사실에 의해 진보성을 부정할 수 없는 취지의 해설은 이해했습니다. 그런데 저는 을의 특허출원이 공개되는 경우 진보성을 부정할 수 있게 되는 것이어서 옳은 지문으로 생각했습니다. 문제 상황에서 공개되었다는 말이 없는 경우에는 공개됨을 가정하여서까지 문제를 풀면 안되는걸까요? 늘 이런 부분이 고민되어 질문드립니다. 감사합니다.","을의 출원은 공지기술이 아니고, 출원공개되어야 공지기술인데 사안의 사실관계에서 별다른 언급이 없다면 을의 출원일인 17.9.10부터 1년 6개월이 경과한 후 공개될 것입니다. 열공하세요~", ,,21.12.26
특허법,조문,47조,[47조] 최후거절이유통지 후 보정의 범위의 제한?댓글수1,"법 제47조 3항 4호에서 최후거절이유통지 후 보정범위 제한에 대해 질문이 있습니다. ""보정 전 청구범위로 되돌아가는건 허용한다""는게 보정 바로 전, 그러니까 신규사항이 추가되기 직전 청구범위로 돌아가는것만을 허용한다는 건가요? 예를 들어 최명도엔 A+B, A+B+C가 있었는데 보정 바로 전 청구범위가 A+B+C 였다면 A+B+C로 가야지 A+B로는 못 가는거죠?","네, (1) 보정전 청구범위로 가거나, 또는 (2) 가면서 법 제47조제3항 각호의 요건을 충족하는 것만 가능합니다. 그런데, A+B는 (1)(2) 모두를 충족하지 않아서 불가능합니다. 열공하세요~", ,,21.12.28
특허법,조문,29조,"[29조 3항, 36조] 발명의 동일성?댓글수1","안녕하세요 변리사님! 구성요소 생략시 발명의 동일성 판단여부에 관해 질문드립니다. 1. 선출원이 구성요소 a+b인데, 타인이 선출원이 공지 되기 전에 구성요소 a로 출원을 하면 이러한 경우도 동일성 영역에 해당하여 선출원과 확선이 적용될 수 있는지 궁금합니다. 2. 만약 후출원이 선출원, 확선이 적용되지 않아 등록 가능하거나 착오로 등록된 경우라면 생략침해에 해당하여 침해를 묻지 못하는 것으로 배웠는데, 만약 후출원특허인 구성요소 a가 선출원특허의 전용품에 해당한다면 이에대해 선출원특허권자가 비록 후출원특허권자라도 간접침해를 물을 수 있는지 궁금합니다. 감사합니다!","1. 네, 적용됩니다. 실질적 동일성의 범위에 속합니다. 2. 잘못 이해하고 있습니다 .등록가능한지 여부와 실시가 침해인지 여부는 전혀 별개의 것입니다. 후출원의 등록여부와 상관없이 a를 실시하는 것은 AER에 의해 직접침해가 되지 않습니다. 다만, 문의한 것처럼 간접침해일 가능성은 남아 있습니다. 열공하세요~", ,,21.12.29
특허법,조문,47조,[47조] 보정 범위?댓글수1,"객관식문제집 419페이지에서 질문드립니다. 5번지문에서, '출원보정의 경우 보정되기 전 출원서에 최초로 첨부된 명세서 또는 도면의 전체내용과 보정후의 청구범위에 기재된 발명'이 대비되는 대상이 잘못된 것이라고 되어있습니다. 해설지를 확인해보면 보정 '직전'이 아닌 최명도를 비교하여 신규사항 추가인지를 판단하여야 한다고 하는데, 조금은 국어의 문제일 수도 있겠으나 저는 5번지문의 내용도 '보정 전 최명도'='최명도' 라고 생각하여 맞는 지문이라고 생각했습니다. 이런 지문의 경우에는 어떻게 판단해야하는지 궁금합니다. 감사합니다!","해설이 조금 어설프네요. 법 제47조제2항: ""최명도 - 보정후 명도"" 법 제47조제3항: ""보정전 청구범위 - 보정후 청구범위""인데, 지문에 최명도 - 보정후 청구범위라고 하여 틀린 지문입니다. 열공하세요~", ,,22.01.02
특허법,조문,56조,[56조] 56조 1항 2호에 따른 선출원주의 문제?댓글수1,"안녕하세요 임병웅 변리사님. 56조 1항 2호 관련하여 질문이 있습니다. 질문 1. 특허법 제56조 1항 2호에 따르면 '선출원이 특허여부의 결정, 실용신안등록 여부의 결정 또는 거절한다는 취지의 심결이 확정된 경우 선출원은 취하된 것으로 보지 않는다. ' 라고 되어있고 특허 또는 실용신안 등록 여부의 결정에는 거절결정과 등록결정이 모두 포함되는것으로 생각됩니다. 이에따라 선출원이 등록결정되고 우선권 주장이 취하되지 않는 상황이 발생할 수 있을 것으로 생각되는데, 이 떄 우선권 주장을 수반한 후출원의 청구범위와 선출원의 청구범위가 동일성이 있다면 선출원주의상 동일자출원이 경합하는 문제가 발생할 수 있는지 여쭤보고 싶습니다. 질문2. 혹시 질문 1의 논리가 맞다면 이러한 문제를 해결해주는 심사기준 혹은 판례가 있는지 여쭤보고 싶습니다. 미리 답변 감사드립니다!","1. 네, 경합 이슈가 발생합니다. 이 때 출원인은 선택하면 됩니다. 2. 심사기준에 의하면 국내우선권주장을 한 경우 선출원의 심사를 보류합니다. 기본서에 나와 있으니 한 번 읽어 보세요. 열공하세요~", ,,22.01.03
특허법,조문,29조,"[29조] 산업상 이용가능성, 신규성 판단 시기적 기준?댓글수1","안녕하세요. 29조의 산업상 이용가능성은 심사 실무상 출원 시를 기준으로 신규성은 명문상 특허 출원 시를 기준으로 한다고 하였는데, 이때 예외 조문들의 판단 시기는 출원 시인지, 출원 일 기준인지 알고싶습니다. 기본서의 예외 내용을 보면 아래와 같이 서술되어있습니다. 1. 무권리자에 대한 정당한 권리자의 출원의 경우 무권리자의 출원일, 2. 분할 출원, 변경 출원의 경우 원출원일, 3. 조약우선권 주장출원, 국내우선권주장출원의 경우 선출원일, 4. 국제특허출원의 경우 우선일의 출원 시를 기준으로 판단한다. 이때, 1,2,3의 경우, 산업상 이용가능성 및 신규성 판단시 출원일 기준, 동일자 불포함하고 4의 경우, 산업상 이용가능성 및 신규성 판단시 출원시 기준, 동일자 포함하여 시각주의로 고려하는 것이 맞는지요? 미리 답변 감사드립니다. 감사합니다. ps. 19년도 기출 지문 및 해설이 이해가 안가 질문드렸습니다. (한빛산재법진도별OX) -특허법 29조1항 각 호의 선행기술인지 여부를 판단하는 기준점은 '출원일'이 아니라 '출원시'이나, 국내우선권 주장이 있는 경우에는 그주장의 기초가 되는 특허출원(선출원)의 '출원일'기준으로 선행기술인지 여부를 판단하여야 한다 -> X, 국내우선권 주장을 한경우에도 동일하게 선출원의 '출원시'를 기준으로 판단한다.",기본서를 잘못 이해하고 있네요. 1.2.3.4)의 출원시를 기준으로 합니다. 다시 한 번 살펴 보세요~, ,,22.01.04
특허법,조문,34조,"[34조,35조]정당권리자출원?댓글수1",안녕하세요 리담특허법 보다가 궁금한 점 질문드립니다. 정당권리자출원이 특허권이전청구에 비교해 갖는 실익은 권리범위 재설계라고 적혀있는데요 무권리자출원에 기재된 발명 외에 다른 발명을 추가하는 것은 정당권리자출원이 부적법하게 되어 출원일 소급이 인정되지 않는 점을 고려하면 통상의 기술자가 보통으로 채용하는 정도의 변경~ 에 해당하는 판례에 따라 권리범위 재설계를 해야하는건가요?,"잘못 이해하고 있습니다. 동일한 발명일지라도 청구항을 어떻게 작성하느냐에 따라 권리범위는 전혀 다르게 됩니다. 따라서, 최명도 범위내에서 청구항 작성을 달리하여 권리범위를 재설계한다는 것입니다. 문의한, ""통상의 기술자가 보통으로 채용하는 정도의 변경~""은 실질적 동일성의 범위로서, 소급효 인정에서의 동일성(문언적 동일, 내재적 동일성) 범위 밖에 있는 개념입니다. 열공하세요~", ,,22.01.06
특허법,조문,29조,[29조] 특객 122번 산업상 이용가능성관련 질문입니다.?댓글수1,"문제 지문 부분에 대한 질문입니다. “진드기 살충에 뛰어난 효과를 보이는 천연물질”개발에 있어 뛰어난 효과가 있으나, 물질의 추출이 어려운 경우가 있다고 지문에 나와있습니다. 이에 대하여 물질의 경우에는 추출방법까지 완료가 되어야 산업상 이용가능성이 있다고 보아야 하는 것인가요? 물질 발명에 있어서 일단 효과가 있다고는 하였으니, 이에 대하여는 진보성이 인정될 것인바, 물질 자체에 대하여는 특허를 받은 후에, 추출성공률을 높인 후 추출방법에 대하여 별도로 출원하는 것은 불가능한 것일까요?",수지상 세포 사건 판례를 한 번 살펴보세요. 출원일 당시 이용가능성이 있어야 합니다. 열공하세요~, ,,22.01.17
특허법,조문,52조,[52] 분할출원?댓글수1,"甲은 2016년 7월 20일 특허출원을 하였고 조기공개신청을 하지 않았다. 그 후 2016년 10월 20일 적법하게 분할출원하였고, 분할된 출원의 발명의 설명에는 a라는 기술적 사상이 포함되어 있는데 이 2016년 9월 20일 a를 특허출원한 경우, 乙은 a에 대하여 특허를 받을 수 없다. 리담객 265 3번 선지인데요, 갑의 첫번째 출원의 최초의 명세서 도면에 a가 포함돼서 확선의지위를 가지기 때문에 을이 특허를받을수없는게 맞는지 확인하고 싶습니다! 감사합니다",네. 그렇습니다, ,,22.01.17
특허법,조문,47조,[47조] 보정?댓글수1,"변리사님 안녕하세요? 제 136조 4항에서 명세서 또는 도면의 정정은 청구범위를 실질적으로 확장하거나 변경할 수 없다고 되어있는데요, 본 항의 요건을 보정 요건에 적용할 수 없는 이유가 1. 47조 1항 본문에 따른 자진 보정이나 47조1항1호 최초 거절이유통지에 따른 의견서 제출기간 내 보정할 때는 신규사항 추가가 아니라면 확장하거나 변경할 수 있어서 적용하지 못하는 거 맞나요? 2. 그리고 47조1항2호, 3호 시기의 보정에는 청구범위 감축만 할 수 있으므로 청구범위를 실질적으로 확장 또는 변경할 수 없다는 요건을 부과해도 문제가 없는거죠? 항상 좋은 강의 감사드립니다.","없는 요건을 만들어서 이해하는 건 위험합니다. 실질적 확장, 변경은 보정과 전혀 상관없는 요건입니다. 참고로, 구법에서는 보정도 실질적 확장, 변경이 되지 않아야 했습니다. 열공하세요~", ,,22.01.22
특허법,조문,54조,"[54,55조] 소급효 인정과 관련된 규정에서 동일성 판단 방법?댓글수1","안녕하세요 변리사님! 동일성 판단에 대한 판례에 대해 헷갈리는 부분이 있어 질문드립니다 판례는 보정, 정정 등에서 <최초로 첨부된 명세서 또는 고면에 기재된 사항이란 최초 명세서 등에 명시적으로 기재되어있는 사항이거나 또는 명시적인 기재가 없더라도 그 발명이 속하는 기술분야에서 통상의 지식을 가진 사람이라면 '출원시'의 기술상식에 비추어보아 보정된 사항이 최초명세서 등에 기재되어있는 것과 마찬가지라고 이해할수있는 사항이어야 한다/2005후3130, 2012후3404>라고 판시하고 있는 반면 국내우주,조약우주에서는 동일한 법리를 <'우선권 주장일 당시'의 기술상식에 비추어 보아~/2012후2999, 2019후10265>라고 판시하고 있습니다. 그렇다면 보정, 정정 등에서의 출원시의 기술상식이란 소급된 출원일 당시의 기술상식이라고 이해해도 되는 것일까요?","네, 보정, 정정은 하나의 출원을 고치는 것이고, 우주출원은 별개의 출원을 다시 하는 것이라는 것을 알고 있으면 조금 더 이해하기 편합니다. 열공하세요~", ,,22.01.22
특허법,조문,29조,[29조1항] 선택발명 신규성판단?댓글수3,안녕하세요? 판례강의 듣다가 이해가 가지 않아 질문드립니다 동일성의 유형 장표에서 b유형인 실질적 동일성의 예시 세가지중 하나에 발명의 범위가 다른경우가 포함되어 있는데요. 선택발명의 신규성판단 설명하실때에 문언 내재 실질적 동일성 중에 선택발명은 발명의 범위가 다르므로 실질적동일성은 벗어난다고 하셨거든요 그런데 장표의 b유형에서는 실질적 동일성 카테고리에 발명범위 다른경우도 포함되어 있는데. 그러면 실질적동일성을 벗어나는게 아니라 실질적 동일성에 해당된다는게 아닌가요…?,"잘못 이해하고 있습니다. 일단 범위가 달라(출원발명이 하위개념) 실질적 동일성의 범위를 벗어난 상태이니, 문언적 동일과 내재적 동일성을 벗어난다면, 즉 선행발명에 하위개념이 개시되어 있지 않다면 신규성 위반이 아니라는 것입니다. 혹시나 해서 강의도 다시 들어봤는데, 강의에서도 이와 같이 말하고 있습니다. 신규성에 대한 질문이니 제목을 제29조제1항으로 수정해 주세요.","말씀해주신 문언적동일과 내재적동일은 A유형이고 문언적 동일과 내재적 동일성을 벗어난다면(A유형을 벗어난다면)신규성 위반이 아니라 하셨는데, 장표상 그걸 벗어나도 B유형에 해당되니 실질적 동일성 유형을 못 벗어난 게 아닌가 하고요. [범위가 다르면 실질적 동일성 범위를 벗어난다]는 개념은 이해하는데 장표 상 화살표와 매칭이 안됩니다ㅠㅠ 발명의 범위가 다르면 실질적 동일성 범위를 “벗어나는데” 왜 표에서는 실질적 동일성의 카테고리중 하나로 구성되어있는걸까요??? 실질적 동일성 윗칸에 있어야 할 것 같거든요 ㅠㅠ 이해가 안됩니다. 죄송해요 도와주세요ㅠㅠ","문의하신 내용을 보니, 동일성의 개념을 아직 제대로 공부하지 않은 것 같네요. 신규성 위반이 되지 않기 위해서는 B유형, 즉 (1) 문언적 동일, (2) 내재적 동일성, (3) 실질적 동일성의 범위를 벗어나야 하는데, 선행발명이 상위개념이고, 선택발명이 하위개념이기 때문에 즉, 발명의 범위가 다른 경우 실질적 동일성의 판단에서 이미 동일성이 없다고 판단되었기 때문에, (3)을 이미 벗어났고, (1)(2)를 벗어난다면 신규성 위반이 아니라는 것이 판결의 요지라는 것입니다. 선택발명의 문제가 아니라, 동일성 개념의 이해에 대한 문제이기 때문에, 기본서의 발명의 동일성 파트를 다시 한 번 정독해 보시고, 그래도 이해가 안 되면 다시 질문해 주세요~",22.01.23
특허법,조문,52조,[52조] 분할출원 출원일 소급효가 인정되지 않는 경우?댓글수1,"안녕하세요, 변리사님. 리담객관식 p.360에 (나)번 보기를 보면 ""보정할 수 있는 기간 또는 거절결정불복심판을 청구할 수 있는 기간을 경과하여 한 분할출원은 출원일의 소급효가 인정되지 않는다."" 라고 하고 틀린 보기라고 되어 있습니다. 위와 같은 경우엔 시기적 요건 위반으로 출원이 불수리 되는것으로 알고 있는데, 이 경우엔 출원일의 소급효가 인정되지 않는다고 말할 수는 없는건가요? 만약 그렇다면, 출원일의 소급효가 인정되지 않는다고 말할 수 있는 경우는 적법하게 출원이 된 경우에 한해서 확.공.조.국.등 일 경우에만 해당하는 것인지 궁금합니다.","이해하고 있는 것에 더하여, 심사실무상 분할출원의 명세서 또는 도면이 원출원의 최초 명세서 또는 도면에 기재된 범위를 벗어난 경우, 출원일 소급효가 인정되지 않은 것으로 처리하고 있습니다. 열공하세요~", ,,22.01.29
특허법,조문,35조,[35조] 정당권리자가 무권리자의 특허를 뺏는 case?댓글수1,"안녕하세요 변리사님, 질문 드립니다. 만약 무권리자가 특허를 등록 받은 상태에서, 정당권리자는 35조에 따라 무효심결 확정 후 30일 이내에 출원을 하여 출원일 소급제도를 적용받거나, 무권리자에게 자신의 지분을 이전청구하여 권리를 되찾아 올 수 있지 않습니까? 그런데, 대법원 2014.5.16 선고 2012다11310 판결에서는 '정당한 권리자가 특허법 제35조에 따른 특허법상의 구제절차에 따르지 아니하고 무권리자에 대하여 직접 특허권의 이전등록을 구할 수 없다' 라고 나와있어서 혼동이 됩니다. 어떻게 받아들이면 될까요? + 게시글을 검색해보니 후발모인, 원시모인 등의 설명이 있는데 처음듣는 단어라 그런지 와닿지가 않네요.... 감사합니다.",판결이 나온 후 제99조의2가 신설되어 이전청구가 가능하게 되었습니다. 기본서의 정당한 권리자의 보호 파트를 한 번 읽어보세요. 자세히 설명되어 있습니다., ,,22.01.29
특허법,조문,29조,[29조] 권리범위 불인정?댓글수1,"안녕하세요 기출문제를 풀다가 질문드립니다. 어느 발명이 특허발명의 권리범위에 속하는지를 판단함에 있어서 특허발며와 대비되는 발명이 공지의 기술만으로 이루어지거나 그 기술분야에서 통상의 지식을 가진 자가 용이하게 실시할 수 있는 경우에는 특허발명과 대비할 필요 없이 특허발명의 보호범위에 속하지 않는다. 1. 위 지문이 옳은 지문인 이유는 확인대상발명vs공지기술 일 때 진보성이 없다면 자유실시기술의 항변으로 보아 특허발명의 보호범위에 속하지 않는 것이 맞나요? 2. 특허발명 vs 공지기술 일 때 진보성이 부정된다면 진보성은 동일성실기를 따져보았을 때 이에 속하지 않거, 그러므로 특허권 하자의 항변으로써 권리범위가 부정되지 않는 것으로 보면 되는 것이 맞는지 궁금합니다. 감사합니다!",1.2. 네, ,,22.01.29
특허법,조문,37조,[37조] 객관식 214번 질문(특받권 공유)?댓글수2,"안녕하세요 객 214번 문제 질문입니다. 특받권이 A, B, C의 공유일떄 (1) A는 B의 동의없이 특허를 받을 수 있는 권리의 지분을 C에게 증여할 수 없다. 이게 틀린 지문으로 나오는데요, 37조 3에 의하면 타인에게 양도시에 다른 공유자 동의를 얻어야 하는거 아닌가요? 지문 취지가 ""동의 없으면 증여 못한다."" 인데 맞는것 같은데 왜 틀린것인지 잘 이해가 안갑니다. ㅠㅠ","타인이 아닌 공유자 사이의 지분양도는 공유자 간의 지분비율의 변동에 불과하기 때문에, 동의를 필요로 하지 않습니다. 열공하세요~", ,,22.02.02
특허법,조문,42조,[42조] 청구범위기재방법?댓글수1,"먼저 좋은 강의 감사드립니다. 현재 2차 준비 중이고, 기출문제를 풀던 중 궁금한 점이 있어 질문드립니다. 기출문제 39회 문제3과 관련하여 청구항1 - 금속재료 가공방법 청구항5 - 상기 청구항1의 방법으로 제조된 금속재료 청구항6 - 상기 청구항5의 방법으로 제조된 금속재료를 이용하여 ~하는 방법 으로 되어 있는데요. (필요한 부분만 발췌했습니다.) 제가 갖고 있는 책의 해석은 청구항6은 독립항으로서 특별히 문제 없다고 되어 있습니다. 해설은 이해가 가지만 노란색으로 표시해놓은 '방법'이라는 말은 42조4항2호 위반 아닌가요? '상기 청구항5의 방법'이라고 되어 있고, 청구항5의 경우, 방법발명이 아니라, 물건발명인데, 방법이라고 되어 있어서 본 호 위반 아닌가 싶어 질문드립니다. 답변해주시면 감사하겠습니다.",<<<청구항 5. 상기 청구항1의 방법으로 제조된 금속재료>>> 청구항 6. 상기 <<<청구항 5. 상기 청구항1의 방법으로 제조된 금속재료>>>를 이용하여 ~하는 방법 이렇게 보면 바로 이해될 것 같네요.., ,,22.02.02
특허법,조문,53조,[53조] 변경출원의 확선 지위 질문드립니다.?댓글수1,"안녕하세요 변리사님! 변경출원을 복습하던 중 궁금한 점이 생겨 질문드립니다. 강의노트 216페이지 오른쪽 그림을 보면 조기공개 등으로 인하여 변경출원일 전에 원출원이 공개되는 경우가 있습니다. 원출원이 취하간주 되기 전에 공개되어 원출원에도 확선의 지위가 생기게 되는데, 이 경우에 원출원의 최명도와 변경출원의 청구범위가 동일할 경우 원출원의 확선의 지위에 걸려 변경출원이 거절결정되는지, 아니면 법조문대로 변경출원의 청구범위가 원출원의 최명도 범위 내에 있어서 객체적 요건을 만족시키기만 하면 원출원의 확선의 지위와 관계없이 변경출원이 인정되는지 질문드립니다!","1. 변경출원의 출원일 소급효가 인정되면, 원출원일과 변경출원일이 동일자가 되어 확선의 지위가 적용되지 않습니다. 2. 한편, 출원일 소급효가 인정되지 않는다고 할지라도, 출원인이 동일하여 확선의 지위가 적용되지 않습니다.", ,,22.02.04
특허법,조문,36조,[36조] 선출원?댓글수1,안녕하세요 49회 기출문제 1번을 풀던 중에 질문드립니다. 권리범위확인심판에서 특허발명이 선출원주의를 위반한 경우에는 반드시 확인대상발명과 대비하여 권리범위를 인정할 수있는지 여부를 판단하여야 한다. 이 지문이 왜 틀린 지문이 되는지 잘 모르겠습니다. 선출원주의를 위반했다는 것은 동일성실기에 해당하여 권리범위를 인정할 수 없게 되는 것이 아닌가요? 감사합니다.,"선출원위반의 경우 권리범위를 불인정하기 때문에, 확인대상발명과 대비하여 권리범위 인정 여부를 판단할 필요가 없습니다. 이는 권리범위 판단 순서를 생각해 보면 더 쉽게 이해가 됩니다. 1. 특허발명의 특정, 2, 확인대상발명의 특정, 3. 특허발명의 실시인지 판단.... 열공하세요~", ,,22.02.05
특허법,조문,42조,[42조] 젭슨청구항 침해여부판단?댓글수1,"안녕하세요, 2021 리담특허법 강의노트 140p 젭슨청구항 침해여부판단 에서 질문 있습니다. 출원인이 출원과정에서 선행기술과의 관계에서 신규성 및 진보성 결여의 거절이유를 극복하기 위하여, 구성요소 중 일부를 전제부로 돌리면서 전제부에 대해서는 권리의 보호범위로 주장하지 않겠다는 의사를 분명히 한 때에는, 등록 후에 특징부에는 해당하지 않고 전제부에만 해당하는 균등한 구성요소를 포함하는 기술의 실시에 대해서는 자신의 권리를 주장하지 않겠다는 의사로 파악함. 어떤 경우인지 잘 이해가 안돼서 질문 드립니다. 질문 1) 예를 들어, 다음과 같은 상황에서 ""특징부에는 해당하지 않고 전제부에만 해당하는 균등한 구성요소를 포함하는 기술""은 a+b'를 말하는 건가요? 1. a --> 신규성 극복을 위해 삭제 2. a+b --> 1. a에 있어서 b를 특징으로 하는 발명 (즉 a+b) 질문 2) 처음부터 a+b를 출원했으면 a+b'도 균등범위로 권리범위에 속하는데 보정를 통해 등록받으면 균등범위가 좁아져서 a+b'가 권리범위에 속하지 않게 된다는 말인가요?",1. 네. 그렇습니다. 2. 보정 & 출원인의 명백한 의사가 있어야 합니다. 기본서에서 출원경과참작의 원칙을 정독해 보세요~, ,,22.02.11
특허법,조문,29조,[29조] 출원공개가 이루어지지 않고 등록공고 된 경우?댓글수1,"출원발명이 출원공개 되지 않고 설정등록 후 등록공고된 경우에 ‘설정등록 후 등록공고 전’의 시기에 타인이 출원발명과 동일성의 유형 중 b유형(문언+내재+실질)에 해당하는 발명을 출원하면 확선 위반(다른 특허출원의 특허출원일 후, 등록공고 전이므로), 신규성 위반(설정등록 이후이므로) 둘다 해당하는것인가요?","네, 둘 다 해당합니다~", ,,22.02.11
특허법,조문,51조,[51조] 새로운거절이유?댓글수1,"도해특허법 예시중 청구항 1 A+B로 이루어진장치 청구항 2 A+B+C로 이루어진장치 [최후거절이유통지] 청구항1,청구항2는 인용대상에 의하여 진보성 없음 [최후보정 후의 명세서 ] 청구항 1 삭제 청구항 2 A+B+C+D 이 경우는 '청구범위 감축이고 보정에 의해 새로운 거절이유가 없다고 보정을 인정한다'고 써있는데, 그 다음에 보정된 청구항2가 진보성 없는 경우 특허거절결정, 있으면 특허결정 한다고 되어있거든요. 여기서 궁금한게, 새로운 거절이유가 발생하지 않아야 보정을 인정하는데 (보정으로 진보성거절 문제가 생기지 않아야함) 이 말은 결국 다른 인용대상에 의해 진보성위반이 생기지 않아야 하죠.. 그럼 보정적법 여부를 따질 때 심사관이 조사해보니 A+B+C+D와 다른 발명과의 진보성이 문제없어야 보정인정하고, 인정후 A+B+C와 A+B+C+D를 비교한 결과 여전히 진보성 위반이면 거절결정(기존 이유극복x), A+B+C와의 진보성을 극복하면 특허결정 하는 루트인가요?? (*다른 인용대상에 의한 진보성위반 = 새거절이유라고 생각하고있습니다) 제가 헷갈리는이유가 청구항 1 A로 이루어진 장치 [최후거절이유통지] 청구항 1이 인용대상 1에 의하여 진보성 없음 [최후보정 후 명세서 ] 청구항 1 A+B+C로 이루어진 장치 (인용대상1에 대해서는 진보성이 인정되나 인용대상 1및 2에 의해 진보성 없음. 인용대상 2는 C의 부가로 인해 추가로 필요) 의 case에서 새로운 거절이유가 발생했다고 보정각하하는것과의 차이점이 궁금해서입니다. 여기서는 다른발명에의한 진보성위반을 먼저 보정적법여부에서 조사해서 판단해서입니다. 저 루트가 맞는지도 궁금하고, 보정적부에서 실질적으로 진보성, 신규성 등의 거절이유등을 다 조사해버리게된다면 심사관입장에서는 보정한 청구범위에대해서 다~조사하고, 문제없어야 기존 거절이유만 극복하는지 판단하는 꼴이 되므로 결국 보정한 청구범위도 보정각하를 위해 많은 걸 조사하니까 보정각하의 ( 심사지연하지않게하는) 취지가 크게 있나...하는 의문이 듭니다","거절이유의 동일성 판단에 대한 개념을 모르고 있네요. 구체적으로, 법조문과 이를 뒷받침하는 사실이 같다면 동일한 거절이유에 해당합니다. 문의사례1에서는 A+B+C+D에 대한 진보성 위반과 인용발명이 같다면 기존의 거절이유와 동일한 거절이유이고, 보정에 의해 새로운 거절이유가 발생한 것은 아니기 때문에, 보정인정후 거절결정됩니다. 문의사례2에서는 A+B+C에 대한 인용발명이 다르기 때문에 다른 거절이유이고, 보정에 의해 새로운 거절이유가 발생하였기 때문에 보정각하됩니다.", ,,22.02.17
특허법,조문,42조,[42조] 발명의 설명 기재방법?댓글수1,1. 최우선일은 복합우주를 하였을 때 사용되는 단어입니다. 2. 우선권주장출원은 새로운 내용을 추가할 수 있기 때문입니다.,"정성적 특징은 발명의 특성에 대라 데이터가 필요없을 수도 있고, 정량적 특징은 데이터가 있어야 효과를 예측할 수 있을 것입니다. 열공하세요~", ,,22.04.11
특허법,조문,54조,[54조] 조약우선권주장출원?댓글수1,"안녕하세요 강사님. 54조 조약우선권 출원에서 제2항 최초의 출원일로부터 1년 이내에 우선권 주장을 해야한다고 할 때의 ‘최초의 출원일’과 제5항의 ‘최우선일’의 차이를 잘 모르겠습니다… 조문에서 따로 쓴 것을 보면 다른 것 같은데, 어느 경우에 이 두 날이 다르다고 할 수 있을까요? 또한, 우선권주장출원이 보정 시에 신규사항추가를 회피하는 방안이라고 하셨는데, 판단시점 소급효와 명도에 신규사항이 추가된 것이 무슨 관련이 있는지 잘 모르겠습니다… 판단시점 소급효가 되더라도 신규사항이 추가된 것은 맞는 것 같은데, 어떻게 회피가 되는 것인지 궁금합니다. 감사합니다.",1. 최우선일은 복합우주를 하였을 때 사용되는 단어입니다. 2. 우선권주장출원은 새로운 내용을 추가할 수 있기 때문입니다., ,,22.04.15
특허법,조문,52조,"[52조, 54조] 법개정에 따른 52조 6항 사문화와 분할출원 심사기준에 대해 질문드립니다.?댓글수2","안녕하세요 임병웅 변리사님 특허법 52조의 6항이 같은 조문의 4항의 우선권주장간주와 증명서류제출간주로 인해 사문화가 되었다고 하신 부분에 대해 질문이 있습니다. 4항의 경우 [분할의 기초가 된 특허출원이 우선권을 주장한 특허출원인 경우]이고, 6항의 경우 [분할출원의 경우]이고, 분할출원에서 [조약우선권주장을 하는 자]는 으로 규정되어 있어, 두 항의 요건이 다르다는 생각이 들어 예외가 있지 않을까 찾아보게 되면서 여러 질문 사항이 생겼습니다. 이하에 질문이 나오게 된 과정과 사례를 적으면서 제 질문에는 앞에 번호를 붙이겠습니다. 우선 첫번째로 조문상의 두 요건이 '분할의 기초가 된 특허출원이 우선권을 주장하였는지 여부'가 문제인 것 같아서, 분할출원의 기초가 된 원출원에서 우선권주장을 하지 않았다가 분할출원 시 우선권주장을 하는 경우를 생각해 보았는데, 이 경우 특실심사기준 6106면에 따르면 ""실무상 원출원 시 우선권주장을 하지 않은 경우 분할출원시에 우선권주장은 불가""하다고 되어있었습니다. 그 취지는 리담특허법에 원출원시 우선권주장을 하지 아니하여 우선권주장의 효과가 발생하지 않은 것을 분할출원으로 회피하는 것을 막기 위함이라고 되어있습니다. 1. 그런데 만약 그런 의도가 아니라 단순히 원출원 후에 외국출원을 발견하여 그로 인하여 발생한 타인의 독립한 우선권을 승계하며 자신의 원출원을 분할출원하여 우선권의 효과를 인정받고자 하는 경우도 이러한 심사기준의 제한에 구속되는지 궁금합니다. 그리고 다음으로 두개의 외국출원에 대한 복합우선권주장의 경우에서, 한개의 외국출원(X)만 우선권주장을 하였다가 분할출원을 하면서 또 다른 외국출원(Y)에 대해 우선권 주장을 하는 경우를 생각해보았는데, 2. 이 경우에도 분할출원의 Y에 대한 우선권주장이 원출원 시 우선권주장을 하지 않았다고 판단하여 위 심사기준에 제한을 받게되는지 궁금합니다. 마지막으로 결국 혹시 6항이 사문화가 되지 않을 예외가 될 수 있는 경우, 즉 조문을 유지할 실익이 있는 경우를 찾아내었는데, 외국출원(A)이후 우선기간에 맞추어 국내에서 원출원(X)를 하면서 출원서에 우선권주장의 취지 등은 적었으나 증명서류는 내지 아니한 경우, 54조 5항의 1년 4개월 이내에 증명서류를 제출하여야 하고, 이를 어길시 같은 조 6항에 따라 우선권주장은 효력을 잃게되지만 만약 증명서류제출기한 1년 4개월이 거의 다 되어 분할출원(Y)를 하고 그 이후에 원출원(X)의 우선권주장 증명서류를 낸 경우, 52조 4항의 전단으로 인해 자동으로 우선권 주장이 간주되나 증명서류의 경우엔 같은 항 후단의 [분할의 기초가 된 특허출원에 대하여 증명서류가 있는 경우] 제출간주 되므로, 분할출원 시 제출된 증명서류가 없는 경우엔 제출간주 되지 않고, 이 때 우선권주장은 간주되었으므로 52조 6항의 [분할출원에 경우에 54조에 따른 우선권을 주장하는 자]의 요건을 만족하고 6항의 효과로 54조의 5항의 기간이 지난 후에도 분할출원일로부터 3개월까지는 증명서류를 낼 수 있게 되어 6항이 존속해야하는 실익이 있다고 생각합니다. 3. 위의 사례의 경우 완벽한 사문화라 보지 않고 법조문을 유지할 실익이 있다고 볼 수 있을까요? 그리고 위 3번 사례에서 분할출원은 원출원과는 독립한 출원이므로, 위 사례의 원출원(X)의 증명서류를 분할출원 후에 제출하지 아니하여 원출원의 우선권주장이 그 효력을 잃은 경우, 결국 위의 1번 질문처럼 '원출원이 우선권주장을 하지 않고 분할출원을 하며 우선권주장을 한 경우'가 되는데, 4. 이런 경우도 심사기준의 제한으로 분할출원의 우선권주장이 52조 4항과 6항을 별도로 만족함에도 불구하고 불가하다 판단되는지 궁금합니다.","1. 심사기준에 반하는 것이 가능한지에 대한 질문이네요. 현재 심사실무는 원출원에서 우선권주장을 수반하지 않은 경우 분할출원 역시 안됩니다. 2. 네. 제한을 받게 됩니다. 3. 네. 있을 수 있는 사례라고 보이네요. 다만, 이는 개정될 심사기준을 살펴보면 될 것 같습니다. 4. 분할출원 당시 원출원이 우선권주장을 하고 있으면 됩니다. 참고로, 3번의 경우는 가능성이 있어 보이기는 하나, 법 제52조제6항이 적용되는 사례가 있다면 새로 신설된 분리출원 역시 법 제52조제6항처럼 증명서류 제출기간의 특례를 주는 것이 적절해 보이나, 분리출원은 기간의 특례를 주지 않고 있으며 이는 또 다른 문제처럼 보입니다. 제 답변이 정확하다고 할 수는 없고, 특허청에서 어떻게 운영의 묘를 살리는지 한 번 추후에 살펴보면 될 것으로 보입니다. 열공하세요~", ,,22.04.18
특허법,조문,25조,"[25조, 33조, 44조] 화학발명에서의 발명자 판단 판례 관련하여 질문 드립니다.?댓글수5","리담 특허법 객관식 제16판 p. 202 15년도 기출변형 ㄹ 보기에서 '정당한 권리자로부터 특허를 받을 수 있는 권리를 승계 받은 바 없는 무권리자가 특허출원하여 특허권의 설정등록이 이루어졌더라도, 특허법이 정한 절차에 의하여 구제 받을 수 있는 정당한 권리자로서는 무권리자에 대하여 직접 특허권의 이전등록을 구할 수는 없다.' 라는 보기의 해설에서 특받권을 지닌 자는 법원에 해당 특허권의 이전 청구를 (공유면 그 지분을) 할 수 있다고 되어 있는데요 (제99조의2 1항), 그러면 법원에도 할 수 있는 것이고 직접도 할 수 있다고 받아들여야하는 것인지 (아마 사적자치의 원칙이겠죠?) 아니면 법원에만 청구할 수 있는 것인지, 또는 법원에 청구하는 것을 직접 청구한다고 보는 것인지... 아니면 해설과 보기가 다른 이유에 다른 이유가 있는 것인지 궁금합니다!",?법원에 청구하는 것을 직접 청구한다고 하는 것입니다.,그러면 이전 청구는 법원에 하는 것으로 외우면 되는 것인가요? 조문에 써있는 대로? 괜히 직접 청구를 확대해석할 필요는 없겠죠? 그러니까 이전 청구를 무권리자에게 말 그대로 직접하는 경우는 굳이 생각할 필요가 없는 것이지요?,"뭔가 큰 착각을 하고 있는 것 같네요. 지문은 판례의 문구인데, 요지는 법 제34조, 제35조에 의해 죽이고 별도의 출원을 하는 것이 아니라, 법원에 이전청구를 할 수 있다는 것입니다. 그런 의미에서 직접(=죽이고 않고) 이란 단어를 쓰고 있는 것입니다. 특허권자에게 가서 ""너 무권리자이니 나한테 이전해달라고 청구한다""는 개념은 존재하지 않습니다. 법원의 판결을 받아서 이전등록되는 것입니다. 열공하세요~",22.04.21
특허법,조문,29조,[제29조2항] 효과의 현저성 입증책임 관련 질문드립니다?댓글수1,"안녕하세요 변리사님 최근 선택발명 진보성판례 공부하던 도중 혼란스러워서 질문 드립니다ㅠㅠ 법률요건분류설에 따라, 진보성의 증명책임은 진보성 부정하는 자에게 있는 것으로 알고있습니다. 그런데 1. 선택발명 진보성 판례(2019후10609)는 진보성판단시 효과의 현저성의 지위를 설시하면서, 이때 ""그 효과가 의심스러울 때""에는 추가적인 실험 자료를 제출하는 등의 방법으로 그 효과를 ""주장ㆍ증명하는 것이 허용된다""고 했고 2. 수치한정발명 진보성 관련 판례들(2018허8265 등)도 수치범위 내외에서 동질의 현저한 효과나 이질적인 효과가 있어야 진보성이 인정된다는 전제 하에, 발명의 설명에 ""현저한 효과가 있음을 명확히 기재하여야"" 한다고 하는것에 의문이 들었습니다. 위 두 판례들을 읽다보니 마치 현저한 효과에 대한 입증책임이 출원인 혹은 특허권자에게 있다는 것 같은데, 위 판례내용들을 입증책임과의 관계에서 어떤식으로 이해하면 될까요? 혼자서 고민해본 바로는 1. 선택발명 판례에서 ""효과가 의심스러울 때""라는건 심증불형성의 상태를 의미하는게 아니라 ""현저한 효과가 없다""는 심판관의 심증이 든 것을 의미한다. 2. 수치한정발명은 특성상 구성이 곤란하지 않다고 추정되어서 출원인이 반증으로 효과의 현저성을 입증해야 한다. 라고 (아무 근거없이) 생각해 보았는데 어차피 수험 비적합적인 부분이니, 이런 식으로 이해하고 넘어가도 무방할까요? 질문이 너무 길어서 번거롭게 해드린것 아닌가 걱정되는데 천천히 답변해주셔도 괜찮습니다! 항상 감사드립니다","효과는 출원인이 명세서에 기재해야 하는 것이고, 심사관이나 심판관은 명세서에 기재된 것에 대하여 법률요건분류설에 따라 인용발명(입증자료)을 근거로 효과의 현저성이 없어서 진보성 위반이라고 주장할 수 있는 것이고, 이에 대해 출원인이 인용발명과 다르다는 것을 주장입증하지 못하면, 거절결정되거나 기각된다는 의미입니다. 그 객체인 발명이 선택발명이냐 수치한정발명이냐에 따라 다르지 않습니다. 열공하세요~", ,,22.04.25
특허법,조문,37조3항,강의노트 271p 특받권 37조3항 질문있습니다?댓글수1,강의노트 271페이지 도표 특받권 맨아래에 공유에서 다른 공유자의 동의를 받아야만 지분양도(99조3항)이라고 적혀 있는데 37조3항이 아닌가요? 아니면 99조 3항도 같이 참고해서 봐야한다는 뜻인가요?,"네, 제37조제3항이 맞습니다. 조문을 잘못 기재했네요.", ,,22.05.08
특허법,조문,52조,[52조]분할출원에서 소급효 예외?댓글수1,"안녕하세요 변리사님 52조 분할출원의 소급효 예외 중 2항 3,4호에 대해 질문이 생겼습니다. 이번 개정으로 4항이 들어오면서 6항이 사문화 되었다고 하셨는데 2항 3,4호는 어떤 규정의 존재 실익이 있는지 여쭙고 싶습니다. 특허법 책을 보면 원출원이 우선권 주장을 하지 않은 경우 분할출원 역시 우선권 주장을 할 수 없다고 적혀있는데 그럼 원출원이 우선권 주장을 한 경우에만 분할출원도 우선권 주장을 할 수 있고 그 경우에는 4항에 따라 우선권 주장을 한 것으로 간주되서 애초에 우선권 주장의 취지를 기재할 일이 없는것 아닌가요? 좋은 강의 찍어주셔서 감사합니다!","소급효가 인정되지 않는다는 점에 실익이 있습니다. 분할출원시를 기준으로 주장을 해야 한다는 것이 법 제52조제2항제3호, 제4호이고, 분할출원이 되면 주장된 것으로 본다는 것은 법 제52조제4항인 것입니다. 열공하세요~", ,,22.05.11
특허법,조문,42조,[42조] 시행령 5조 택일적 기재?댓글수2,"변리사님 안녕하세요 42조에대하여 공부하다가 질문이 생겨 글을 남기게 되었습니다. 질문1. (예5) 청구항 1 내지 청구항 7 및 청구항 9 내지 청구항 11 중 어느 한 항에 있어서 … 장치 (예6) 청구항 1 내지 청구항 7 또는 청구항 9 내지 청구항 11 중 어느 한 항에 있어서 … 장치 위 예5, 예6에 대하여 심사기준은 택일적 기재로 인정한다고 하는데요. 예5는 이해가 가는데 예6은 잘이해가 안갑니다. 혹시 예5와 예6은 의미가 동일한 것인가요? 질문2 (예3) 청구항 1 및 청구항 2 또는 청구항 3 중 어느 한 항에 있어서, … 장치 위 예3은 택일적 기재인 것으로 인정되지 않는다고 하던데요. 이 예시는 청구항 1 및 2 또는 청구항 1 및 3으로 해석되는 것인가요? 감사합니다. 오늘도 좋은하루 되세요","1. 네, 동일한 의미입니다. 2. (1 및 2) 또는 3 중 어느 한 항이라고 해석되면 택일적 기재이지만, 1 및 (2 또는 3 중 어느 한 항)이라고 해석되면 택일적 기재가 아닙니다. 밑에 비슷한 질문 있으니 검색해 보세요~", ,,22.05.13
특허법,조문,52조,[52조] 분할출원 확선지위의 소급효 예외?댓글수1,"안녕하세요! , 확선지위 소급효의 예외의 이유가 원출원 최명도에는 없는데 분할출원의 명도에는 있는 발명을 그 사이에 출원한 제3자 보호라고 배웠습니다. 이때 분할출원의 명도는 원출원의 최명도 범위에서 되어야 해서 약간 혼란이 와서 질문드립니다. 원출원 (최명도 A,B,C), 분할출원 (최명도 A,C,D 명도 A,C)인 경우에 이렇게 보정을 하고 나면 적합한 분할출원이 되어 거절이유에는 해당하지 않으나, 발명D에 확선지위의 소급효를 주는 것이 부당하기 때문이라고 이해하면 될까요? 감사합니다!","네, 맞습니다. 기본서의 분할출원 파트를 읽어 보시면, 자세히 기술되어 있습니다.", ,,22.05.22
특허법,조문,34조,"[34조, 35조] 소급효 인정에 따른 존속기간과 심사청구기간?댓글수1",안녕하세요 강사님 34조와 35조 조문의 단서 '무권리자가 특허를 받지 못하게 된 날부터(심결이 확정된 날부터) 30일이 지난 후에 정당한 권리자가 특허출원을 한 경우에는 그러하지 아니하다.' 에서 그러지 아니하다는 말이 소급효가 인정되지 아니한다는 뜻인가요? 30일이 지나면 출원자체가 안된다는 뜻인줄 알았는데 강의노트 150p의 소급효 인정에 따른 심사청구기간표를 보면 무권리자의 특허출원 후 3년이 지나도 정당한 권리자가 특허출원을 할 수 있는것으로 보아 특허출원은 가능하되 소급효만 인정되지 않는것인지 궁금해 질문드립니다 항상 감사합니다 !,"네, 출원은 되지만 소급효만 인정이 안 됩니다. 열공하세요~", ,,22.05.26
특허법,조문,38조,[38조] 동일한 자로부터 특받권 승계 후 동일출원 협의 불성립 시 선출원의 지위?댓글수1,"변리사님 안녕하십니까. 리담 특허법 회독 중 궁금한 점이 있어 질문 올리게 되었습니다. 38조의 내용에서 동일한 자로부터 특받권을 승계한 자가 둘 이상이며 같은 날에 출원한 경우 협의제, 협의명령에 따르게 되고, 협의가 성립되지 않으면 모든 출원은 33조 1항 위반으로 거절되는 것으로 이해하였습니다. 특받권 승계 후 동일출원의 경우, 36조 2항에 따른 위반이 아닌 33조 1항 위반으로 거절하는데 이경우도 그 거절당한 출원이 public domain으로 넘어가 선출원의 지위가 남는것인지 궁금합니다! 항상 감사드립니다!","제33조제1항 본문 위반으로 거절된 경우에는 제36조제5항에 의해 선출원의 지위가 남지 않습니다. 이에 대한 문제점에 대해 리담특허법, 특허를 받을 수 있는 권리 파트에서 각주를 보면 설명해 두었으니 참고하세요. 열공하세요~", ,,22.05.27
특허법,조문,55조,[55조] 국내우선권주장 효력?댓글수1,안녕하세요 변리사님 국내우선권주장 효력과 관련해 질문 드립니다 ㅎㅎ 만약 갑이 선출원 청구범위 a 발설 ab를 기초로 우선권 주장해 후출원 청구범위 ab 발설 ab 인 경우 그 사이에 을이 b를 출원하였다면 확대된 선출원 지위로는 당연히 공격 가능하지만 선출원의 지위로도 공격 가능한지 궁금합니다 항상 친절한 답변 감사합니다 ㅎㅎ,"네, 선출원의 최명도(ab)와 후출원의 청구범위(ab)를 기준으로 동일성이 있으면 판단시점의 소급효가 인정되기 때문에, 이 경우는 선출원주의 위반도 해당합니다. 열공하세요~", ,,22.06.01
특허법,조문,42조의3,[42조의3] 권리화를 위한 외국어출원 번역문 제출 가부?댓글수1,"안녕하세요 변리사님 공부를 하다가 의문점이 들어 질문드립니다 만약 외국어특허출원으로 발명의 설명에 abc 청구항에 a로 ""영어 출원"" 한 경우 청구항에 b를 추가하고 싶은 경우 바로 번역문으로 청구항에 b를 기재한 번역문을 제출해도 조치로서 가능한가요?? 아니면 반드시 원칙대로 제대로된 번역문 제출하고 추후 보정을 통해 b를 추가해야되나요 항상 열정적인 강의 감사합니다^^ 미리답변 감사합니다","번역문에 보정의 효과를 부여하기 때문에, 바로 b를 추가해도 됩니다.", ,,22.06.01
특허법,조문,42조,[42조] 기능식청구항?댓글수1,안녕하세요 변리사님! 공부를 하다가 궁금한 점이 있어 질문 드립니다 방법발명에도 기능식 청구항이 적용될 수 있는지 궁금합니다 답변 미리 감사합니다 ^^,"기능식 청구항은 수단과 기능이 존재해야 하는데 방법은 수단이 존재하지 않습니다. 다만, 기능만 기술될 수 있는데 이를 기능적 표현이라고 합니다. 기능적 표현도 동일하게 해석됩니다. 법조문을 제42조로 바꿔주세요", ,,22.06.08
특허법,조문,38조,[38조] 특허를 받을 수 있는 권리의 승계?댓글수1,객관식 212번의 보기1번에서 특허출원 후에 있어서 특허를 받을 수 있는 권리의 승계는 상속 기타 일반승계의 경우를 제외하고는 승계인이 출원인변경신고를 하지 아니하면 제3자에게 대항할 수 없다. 지문이 틀린지문입니다. 출원 후 출원인 변경신고가 제3자에게 대항요건이 아니고 효력발생요건인건 이해했습니다만 승계인이 출원인 변경신고를 하지않으면 효력도 발생하지않아 대항을 할 수 없는건 마찬가지 아닌가요? 감사합니다!,"객관식의 문제 포인트가 법리적인 것을 물어보는 것이냐 아니면 조문을 암기하고 있는 것을 물어보는 것이냐에 따라서 답 달라질 수 있습니다. 이 문제는 후자를 물어보고 있네요. 지양해야 하는 문제이기는 한데, 기출문제가 이렇게도 출제되고 있다는 것을 알고서 상대적으로 답을 고르겠다고 생각하면 됩니다.", ,,22.06.10
특허법,조문,42조,[42조] 의약용도발명 여부?댓글수1,안녕하세요 변리사님 공부를 하다가 궁금한 점이 있어 질문 드립니다 갑은 과민성 방광증상 등에 치료효과를 가지는 특정 기본골격을 갖는 화합물을 특징으로 하는 물질 특허 x에 관한 특허권자이다 x는 a물질을 유효성분으로 하면서 이에 b 물질을 함께 사용하는 것을 특징으로 한다 라고 기재되어 있는 경우 특허 x를 의약용도발명으로 볼수 있는지 궁금합니다 답변 미리 감사합니다^^,"네, 용도발명입니다. 물질과 그 용도로 청구항이 구성되어 있네요", ,,22.06.13
특허법,조문,42조,[42조] 컴퓨터 프로그램 발명?댓글수1,"안녕하세요 변리사님! 공부하다가 모르는 것이 나와 질문드리고자 합니다 컴퓨터 프로그램 발명을 물건 발명으로 출원한 경우에도 발명의 성립성 요건 즉 ""컴퓨터프로그램이 하드웨어와 유기적으로 결합되어 물리적 변환을 야기하는 등 하드웨어 자원을 이용하는 경우 자연법칙을 이용한 것으로 보아 발명의 성립성을 인정한다"" 를 만족시켜야 하는 지 궁금합니다 항상 친절한 답변 감사합니다^^","네, 항상 만족해야 합니다.", ,,22.06.13
특허법,조문,30조,[30조] 공지예외 주장?댓글수3,"안녕하십니까 공부를 하던 중에 의문이 생겨서 질문드립니다. 공지예외 주장 시 의사에 의한 주장의 경우에는 출원시 그 취지를 기재하거나 보완 수수료를 납부한 뒤에 규정된 기간 내에 주장이 가능한 것으로 알고 있습니다. 따라서 설정 등록이 된 이후에는 공지예외 주장이 불가능합니다. 그런데 의사에 반한 주장에 경우에는 판례로 그 취지를 출원 시 기재를 요하지 않으며 신규성, 진보성이 문제 되는 경우 의사에 반한 공지임을 증명하면 된다고 판시하고 있습니다. 그렇다면 의사에 반한 공지의 경우에는 등록 후 무효심판에 이르러 신규성, 진보성을 무효사유로 주장하는 경우에도 공지예외 주장을 할 수 있는지 궁금합니다.","?네, 할 수 있습니다~",안녕하세요? 할수있다는법적근거가 뭔지 궁금합니다 디보법은 명문규정이 있는데 특허법30조는 명문으로 인정하는것같지는않아서요~,"디자인보호법 제36조는 의사에 의한 경우, 의사에 반한 경우의 제한이 없으며, 모두 대상에 해당하고, 제36조제2항에 따라 취지와 증명서류를 제출하여야 하나, 특허법 제30조는 의사에 의한 경우, 의사에 반한 경우의 제한이 있으며, 의사에 의한 경우만 제30조제2항,제3항에 따라 취지와 증명서류를 제출해야 합니다. 즉, 의사에 반한 공지는 원래 취지 및 증명서류가 필요로 하지 않으며, 다툼이 있을 때 의사에 반한다는 것과 12개월이내 출원했다는 것만 입증하면 됩니다. 법조문을 한 번 비교해 보세요.",22.06.14
특허법,조문,41조,[41조] 국방상 필요한 발명 등 에 대해질문드립니다.?댓글수1,"안녕하세요! 항상 답변 감사합니다:) 리담 특허법 주교재 p.253의 일부에 대해 궁금해서 질문드립니다. 외국에의 특허출워 금지 및 비밀취급명령의 의의 부분에 ""한편, 국방상 필요한 발명으로서 비밀취급명령을 받은 경우에는 비밀취급 해제시까지 전자문서로 제출할 수 없으며, 출원공개 또는 등록공고를 보류하여야 하고, 비밀취급이 해제된 때에는 지체없이 출원공개 또는 등록공고를 하여야 한다. 다만, 그 특허출원이 설정등록된 경우에는 출원공개를 하지 아니한다.""라고 나와있습니다. 저는 빨간 글씨부분이 이해가 되지 않는데, 수업 때 강의노트에서 표를 보며 외국에의 특허출원 금지 및 비밀취급명령은 등록 전의 경우라고 배웠고, 그 등록은 제가 이해하기로는 ""설정등록""이였습니다. 고로 빨간 부분처럼 특허출원이 설정등록 되었다면 특허권이 생기니 등록 후 의 경우가 되는게 아닌지요..ㅠ? 어떻게 등록 전의 경우를 전제로 한 곳에 ""설정등록""이 나올 수 있는지 이해가 되지 않아 질문드립니다. 감사합니다.","비밀취급명령이 해제되어 설정등록되면, 출원공개하지 않고 등록공고만 한다는 의미입니다. 열공하세요~", ,,22.06.15
특허법,조문,52조의2,[제52조의 2] 분리출원 1항각호 질문드립니다.?댓글수2,"안녕하세요 변리사님. 제52조의2 1항 각호 규정내용관련 의문점 질문드립니다. 1. 1?2호 관련 심판대상이 되는 '거절결정' 에서 거절되지 않은 청구항 등을 분리할 수 있다고 규정하고 있는데요, 거불심에서는 전면적 재심사가 가능하여서 심사단계에서는 거절되지 않은 청구항이라도 의견제출기회부여 후 거절할 수 있으므로 문언상 심판단계에서 비로소 거절된 청구항 역시 분리할 수가 있는것이 맞나요? 만약 맞다면, 심판원이 거절이유가 있다고 판단한 청구항을 다시 심사해야 하고, 또다시 불복이 가능한 등으로 절차반복 문제가 생길 수 있을것 같아서 질문드립니다! 2. 3?4호 관련 52조의2 1항 3?4호 내용을 합치면 결국 47조3항 각호와 같은 것 같은데, 47조3항 1-3호에 대응되는 부분을 3호에, 47조3항 4호에 대응되는 부분을 4호에 나누어서 규정한 특별한 이유가 있나요? 답변 미리 감사드리고 날씨가정말 더운데 건강조심하세요!","1. 심판단계에서는 또 다시 거절결정하지 않습니다. 원래의 거절결정이 타당한지 여부를 심리하여 타당하지 않으면 기각할 뿐입니다. 즉, 심판단계에서 거절이유가 있는 청구항 역시 거절결정된 청구항이라고 할 수 있고, 제1호에 해당하지 않습니다. 2. 제4호는 원출원이 법 제47조제2항의 신규사항추가금지 위반으로 거절결정되어 기각심결된 경우이고 삭제한 경우만 해당합니다. 법 제47조제3항제4호와 미묘한 차이가 있습니다. 법 제47조제3항제4호 신규사항추가금지 위반으로 최후거절이유통지가 된 경우로서, 신규사항추가전으로 되돌아 가거나 되돌아가면서 다시 제1호부터 제3호까지 규정에 따라 보정할 수 있습니다. 열공하세요~", ,,22.07.05
특허법,조문,33조,"[33조 본문, 55조] 진정한 발명자, 국내우선권주장출원?댓글수1","안녕하세요. 임병웅 변리사님. 아래와 같은 경우엔 판단이 어떻게 되는지 궁금합니다. 순서(1,2,3) 1. 발명자 A, B 적법한 승계인 갑 갑이 발명 X(p,q,r)에 대해 출원 2. 발명자 B, C 적법한 승계인 갑 갑이 발명 X를 기초로 한 국내우선권주장과 함께 X'(p,q,r,s)를 출원 3. 국내우선권주장 및 등록요건 만족하여 X출원은 56조에 의해 취하간주되고 X'는 등록 해석 X'는 발명자와는 무관하게 적법한 승계인에 의한 출원이므로 33조 본문 위반이 아니어서 거절이유, 무효사유가 되지 아니한다. X'출원의 청구항 중 p,q,r은 선출원의 최명도의 범위 내 발명이므로 판단시점이 소급하고, 범위 외인 s는 소급하지 않는다. (부분우선권) 궁금한점 a. 위 해석 부분에서 틀린 부분이 있는지 b. 발명자 A의 경우 동의 같은 게 없었더라면 X'의 출원 및 등록은 인격권의 침해가 될 수 있는지 c. 발명자 A는 특허권 X'에 대해 발명자로 추가해줄 것을 요구할 수 있는지 d. 위와 같이 우선권주장시 우주출원과 선출원의 출원인은 같은데 청구항의 추가, 또는 개량발명 등으로 발명자가 다르다면 선출원의 발명자의 취급은 어떻게 되는지 궁금합니다.","a. 없습니다. b. 있습니다. c. 요구할 수 있습니다. d. X'의 발명에 기여한 것이 없다면 누락되는 것이 적절하고, X'의 발명에 기여한 것이 있다면 추가 또는 정정을 요구할 수 있고, 인격권 침해에 대해 손해배상을 청구할 수 있습니다. 열공하세요~", ,,22.07.07
특허법,조문,54조,[54조] 조약우선권주장출원의 출원일?댓글수1,"안녕하세요 변리사님 질문이 있습니다. 조약우주가 적법한 경우 판단시점의 소급효가 발생하는 것이 출원일이 소급되는 것과는 다르다고 이해했습니다. 때문에 선출원의 지위와 확선의 지위가 조약우주를 주장한 날을 기준으로 생긴다고 받아들였는데 문제와 필기노트 219에서는 선출원일을 기준으로 발생하는 것을 확인했습니다. 판단시점 소급효가 등록금지적 효력에도 영향을 주는 것인가요? 판단시점의 소급효와 출원일의 소급효의 차이점을 잘못 이해한것인지, 책의 '조약우선권주장출원의 출원일은 우선권주장을 하는 실제의 제2국 출원일이며, 제1국 출원의 선출원일로 소급간주되는 것은 아님을 유의하여야 한다.'를 어떻게 적용하는 것인지 궁금합니다. 감사합니다!",잘못이해하고 있습니다. 판단시점의 소급효라는 것은 발명 단위로 판단이 달라지는 것을 말합니다. 당연히 등록금지적 효력도 발명 단위로 달라집니다. 열공하세요~, ,,22.07.07
특허법,조문,34조,[34조] 정당한 권리자 출원?댓글수2,"안녕하세요 변리사님 특허객관식문제집 310p에서 질문드립니다 지문 2번에서 갑히 불복심판청구없이 거절결정이 확정듼 경우, 이 말 뜻은 거절결정등본 송달일(5.1)로부터 3개월인 8.1에 확정된 것을 뜻해서 정당한 권리자인 을은 거절결정확정일인 8.1부터 30일 이내에 출원을 하여야 34조에 의한 보호를 받을 수 있는것 아닌가요? 왜 7.1일인지 모르겠습니다!","네, 구법의 내용인데 개정이 안 되었네요. 2번 지문을 9.1(월요일)로 수정해 주세요. 8.2 - 0시 확정 8.2 - 기산일 8.31 - 만료일이나 일요일이므로 제14조제4호 적용하여 9.1 이네요. 참고로, 나중에 정오표로 반영하여 나올 예정입니다. 열공하세요~", ,,22.07.11
특허법,조문,52조,[52조] 분할출원?댓글수1,"안녕하세요 임병웅변리사님! 객관식(15판) 369p ㄹ번보기에서 ( (ㄹ) 원출원이 조약에 의한 우선권 주장을 하고 있는 경우에 그 특허출원서에 그 취지, 최초로 출원한 국명 및 출원의 연월일을 기재하여야 하고, 분할출원서에도 그 취지, 최초로 출원한 국명 및 출원의 연월일을 기재하여야 한다. ) 개정된 52조4항에 따라 원출원이 조약우주출원이므로 분할출원도 우선권주장 및 증명서류 제출이 자동으로 간주되어 틀린 보기가 되는 건가요?","?네, 틀린 지문이네요.", ,,22.07.11
특허법,조문,42조,[42조] 젭슨청구항?댓글수2,"안녕하세요, 리담 판례집 6판 117페이지의 116,117번 판례에 대해 질문이 있습니다! 출원인이 전제부를 권리보호범위로 주장 안하겠다는 의사를 분명히 한 경우라도, 특허요건 판단의 경우는 전제부를 제외할 수는 없고, 이는 전제부가 공지기술이라고 (출원인의 자인에 의해) 인정된 경우여도 마찬가지인가요? 권리범위 판단의 경우 마찬가지로 출원인이 의사를 분명히 한 경우 전제부를 제외 가능하다고 이해하였습니다. 그렇다면 전제부가 공지기술이라고 인정되는 경우는 권리범위 판단일지라도 제외 불가능한가요? 117번 판례의 맨 마지막 줄에 권리범위에 속하는지 여부를 판단함에 있어서 공지된 부분을 제외하고 판단하면 안된다 라고 적혀 있어서 질문 드립니다. 질문이 다소 길어 죄송합니다...","잘못 이해하고 있습니다. 권리범위 판단이든 특허요건 판단이든 상관없이, 전제부에 있는 구성요소와 특징부에 있는 구성요소를 포함한 전체로서 발명을 특정하고 판단합니다. 열공하세요~", ,,22.07.11
특허법,조문,52조,[52조] 분할출원?댓글수1,"2017후2819 전원합의체 판결로 인해, 52조 4항이 신설되게 되었는데요~ 위 판례에서 ""실시권자는 신의칙에 반하는 특단의 사정이 없는 한 무효심판을 청구할 수 있다고 함이 타당하다고 여겨진다. 여기서 말하는 특단의 사정이란 실시권자가 아무런 제한 없이 실시를 허락받아 특허권 그 자체를 취득한 것과 마찬가지로 볼 수 있거나, 당사자 간에 조합관계가 성립하는 등으로 실시권자가 특허권자와 그 법률상 이해관계를 같이하여 불이익이 없다는 등을 말한다.""라고 서술되어 있는데, 당사자 간에 조합관계가 성립하는 등으로 실시권자가 특허권자와 그 법률상 이해관계를 같이하여 불이익이 없다는 부분이 명확히 이해가 되지 않아 질문드립니다. 실시권자는 특허권이 사라지면 제약에서 벗어나기 때문에 이득이고, 특허권자는 실시료를 받는 등 특허권 관련 이득을 볼 수 없어 손해인데 이 둘이 조합관계이므로 손해가 없다는 식으로 이해하면 될까요?","네, 법률상 이해관계를 같이 하는 경우를 말합니다.", ,,22.07.13
특허법,조문,54조,"[54조, 55조] 최선성의 의미와, 이중우선과의 비교?댓글수1","안녕하세요 변리사님 공부중에 조금 헷갈리는 사항이 있어서 질문드리게 되었습니다. 미국에서 2022.1.1 에 청구범위에 A 발명의 설명에 A,B를 기재해서 출원 함 (미국출원1) 미국에서 2022.2.1 에 청구범위에 A,B 발명의 설명에 A,B,C를 기재해서 출원 함 (미국출원2) [질문1] 1. 54조의 최선성 관련하여 여기서 2022.3.1에 우리나라에 B,C 를 출원하고, 미국출원2를 기초로 우선권 주장하면 <최선성 위반>인 것인가요? 즉, 최선성을 판단함에 있어서는 조약당사국에 출원된 출원들의 <최초 명세서 또는 도면>을 기준으로 하는건지 <청구범위를 하는건지 궁금합니다. [질문2] 2. 만약, 1.의 상황에서 최선성 위반이라면, 우선권 주장 자체가 부적법해져서 우선권주장 전체가 효력이 없는것인가요 아니면 C에대해서는 우선권주장이 적법해서 C에대해서만 효력이 있는 것인가요? [질문3] 3. 이와 별개로, i) 55조에서 <이중우선> 개념은 우선권주장의 기초가된 출원이 다른 출원을 우선권주장의 기초로 할때, 즉, <우선권 주장이 2번 이상 있을때>만 문제되는것인 것 맞을까요? ii) 이와 다르게 최선성은 여러출원이 있기만 하면 적용되는것이지 우선권 주장의 기초가된 출원이 다른출원을 기초로우선권 주장을 할 필요는 없는것일까요? 2004허8749 판레사안이 최선성문제임에도 불구하고 이중우선되어 있다보니 헷갈려서 질문드리게 되었습니다. 감사드리고 오늘도 좋은하루되시길 바라겠습니다!!","1. 이에 대해서는 법에 규정이 없지만, 이중우주의 경우를 고려하면 최명도를 기준으로 함이 타당합니다. 따라서, B는 최선성 위반입니다. 2. 발명 단위로 판단합니다. 따라서, C에 대해서만 판단시점의 소급효가 인정됩니다. 3. 최선성은 누적적 우주가 아니더라고 적용될 수 있는 개념입니다. 열공하세요~ 답글기능 더보기", ,,22.07.14
특허법,조문,55조,[55조]국내우선권 주장의 주체?댓글수1,"2017후1274 판결에서 국내우선권주장출원의 경우 공동으로 하지 않아도 됩니다. 예를 들어, 선출원 A, B- 후출원 A, C인 경우 (1) 갑이 A, 을이 B, 병이 C를 발명했다면, 후출원은 갑과 병이 할 수 있고, (2) 갑이 A, C, 을이 B를 발명했다면, 후출원은 갑이 할 수 있습니다. 라는 답변을 밑 게시글에서 주셨는데, 위 경우에서 후출원의 경우 A와 C는 단일성을 만족하는지와 2이상의 발명을 공동출원할때 발명자 공동이 출원해야하는 것이 실무에 의해서인지, 특허법 조문에 의해서인지가 궁금합니다. 공동발명자가 특받권을 공유하여 공동출원하는 33조 2항->44조와는 다른 케이스인 것 같아서요~!","1. 단일성 만족하지 않으면 45조 위반으로 거절이유통지하면 됩니다. 국내우주의 적법성과 별개의 문제입니다. 2. [2이상의 발명을 공동출원할때 발명자 공동이 출원해야하는 것]은 특허법 제55조 제1항의 ""특허를 받으려는 자""의 해석에 관한 내용입니다. 열공하세요~'", ,,22.07.15
특허법,조문,36조,[36조] 선출원주의의 동일성 판단에대한 질문?댓글수1,"선출원주의의 동일성 판단에 대한 질문입니다. 강의노트에서 선출원의 동일성 유형은 문언적 동일부터 용이성까지의 영역을 모두 포함하는 유형으로 나와 있는데, 이것을 고려하면 갑이 A+B+C로 출원 후 을이 A+B+C+D를 출원했을 경우 갑의 발명이 공개 전이더라도 앞서 강의노트에서 나왔던 선출원주의의 동일성 해석에 따르면 후출원이 무조건 등록 가능한 것이 아닌, 을의 발명이 용이하지 않을 경우에만 선출원주의에서 말하는 동일성에 해당하지 않아 등록 가능한 것이 아닌지 헷갈려 질문 드립니다.","잘못 이해하고 있습니다. 선출원에서 실질적 동일성의 범위 중 용이성 영역까지 확대해서 판단하는 것은, 구성의 변경이 있는 경우에만 한정되고, 질의하신 범위가 다른 경우에는 용이성 영역까지 확대되지 않습니다. 열공하세요~", ,,22.07.19
특허법,조문,29조,[29조 3항 ~ 7항] 국내우선권주장 질문드립니다?댓글수1,"15판 리담객관식 특허법 171페이지 문제 질문드립니다 갑이 자기의 발명 X, Y 에 대해서 명세서의 발명의 설명에 기재하고 청구범위에는 Y만을 기재하여 특허출원 A를 한 후, 을이 독자로 한 X와 동일한 발명에 대해서 특허출원 A의 출원고개 전에 특허출원 B를 한 경우에 있어서, X와 동ㅇ리한 발명에 관한 출원 B가 출원 A를 인용발명으로 하는 확대된 선출원의 규정에 의해 거절되지 않는 경우는 어느것인가? 2번 질문 A가 B의 출원일 후에 된 발명 Y, Z 에 대한 특허출원 C의 특허출원 등에 의한 우선권주장의 기초로 되고, C에 대해서 출원공개가 된 경우 질문. 선출원을 기초로 국내우선권 주장 출원을 한 경우, 국내우선권주장 출원이 공개가 되면 선출원이 공개된 것으로 보는 걸로 알고 있습니다 이때 선출원의 발명의 설명에만 적힌 발명은 (국내우선권주장 출원에는 발명의 설명, 청구범위에 모두 기재되지 않은 발명) 국내우선권주장 출원이 공개가 되면 공지된 것으로 본다고 알고 있는데요 공지된 시기가 궁금합니다 ""국내우선권 주장 출원 공개시점""에 오직 선출원의 발명의 설명에만 적힌 발명이 공지된 것으로 보는 건가요? 답변 미리 감사드립니다!!","네, 후출원의 출원공개된 이후 선출원의 최명도가 공지기술의 지위를 갖습니다. 법 제216조를 읽어 보세요~", ,,22.07.19
특허법,조문,29조,[29조 2항] 진보성 관련 질문드립니다?댓글수1,"15판 리담 객관식 157p 진보성 문제에서 보기 5번지문과 해설내용에 "" 선택발명이 공지된 상위개념인 선행발명과 비교하여 구성의 곤란성이 인정되는지 판단하기 위해서는, 상위개념의 크기, 선행발명이 선택발명을 선택할 동기를 제공하거나 선행발명에 임시가 있는지 여부, 선해압ㄹ명에 기재된 하위개념발명과 선택발명이 구조적으로 유사한지 여부 등이 고려되어야 한다."" 라고 적혀져 있는데 ""임시""라는 부분이 오타인지 아니면 임시라는 용어로 쓰인게 맞는지 궁금합니다 판례를 직접 찾아보려고 했는데 검색해도 나오지가 않아서..ㅠㅠ 질문드려요 답변 미리 감사드립니다!",암시입니다., ,,22.07.19
특허법,조문,51조,[51조] 보정에 대해서 질문드립니다?댓글수1,"안녕하십니까 강사님 강의를 듣던 중 궁금한 부분이 생겨 질문드립니다. 먼저 일반적인 보정에서는 최후거절이유통지 후의 보정에 있어서 신규사항추가금지원칙, 보정범위제한,보정으로인한 새로운 거절이유가 생기면 보정각하를 하고 보정전 명도로 판단을 하기에 원 거절이유가 해소되지 않아 거절결정 된다고 이해를 하였습니다. 1. 만약 보정각하를 적용하기 전인 최초거절이유통지전의 보정이나 최초거절이유통지를 한 후의 보정 같은 경우 신규사항이 추가되어도 보정된 명도를 가지고 심사한다 하셨는데, 만약에 추가된 청구항이 신규사항추가금지의 거절이유뿐만이 아니라 신규성이나 진보성같은 다른 거절이유가 있으면 다른 거절이유도 심사를 할까요? 신규사항이 추가된경우 어차피 삭제해야하는데 굳이 신규사항으로 추가된 것을 심사하는 것은 심사관 입장에서 시간낭비 같아서요. 2. 명백한 기재불비의 경우 심사관이 직권으로 보정하여 특허결정을 할 수 있다고 배웠습니다. 그리고 여기서, 직권 보정 전에 한 부적법한 보정(47조 2항, 47조 3항, 새로운 거절이유 발생)이 특허결정이 취소된 후 발견된 경우, 바로 보정각하 하지않고 최후거절이유통지를 한다라고 배웠습니다. - 그럼 여기서는 부적하게 보정된 명도를 가지고 다시 심사를 하는 것인가요? 그래서 그 보정된 명도로 심사하여 새로운 거절이유와 신규사항이 추가되어 이미 한 거절이유통지를 했던 것들과 함께 다같이 그냥 최후 거절이유통지를 하는것인가요? - 아니면 부적법한 보정이기에 그 보정 전의 명도가지고 심사를 하는데 이 경우 이미 거절이유통지가 되었던 사유들을 거절결정하지않고 다시 최후거절이유통지하는건가요? 감사합니다","1. 네, 심사합니다. 다만, 심사관이 모든 거절이유에 대해 거절이유통지를 해야 하는 건 아닙니다. 2. 이는 명확하지는 않지만 후자가 맞습니다. 보정전 명도에 의한 거절이유에 의해 최후거절이유통지를 합니다. 거절이유는 제한열거적이기 때문에 거절이유에 포함되지 않은 부적법한 보정사유(물론, 거절이유에 포함하는 사유도 존재)를 근거로 거절이유통지를 할 수는 없습니다. 열공하세요~", ,,22.07.19
특허법,조문,29조,[29조] 신규성 질문 드립니다.?댓글수1,"2004허5160 판결에서 “하나의 인용문헌에 2 이상의 실시예가 개시되어 있는 경우 2 이상의 실시예를 인용발명으로 각각 특정하고 상호 결합하여 청구항에 기재된 발명의 신규성을 판단해서는 안된다. 다만, 당해 기술 분야의 출원시의 기술상식으로 고려할 때 2 이상의 실시예로부터 하나의 인용발명이 자명하게 도출되는 경우에는 그러하지 아니하다” 하고 판시하였는데, 1. 앞 문장에서 신규성은 1대1로 판단해야 하므로 “상호결합”해서 신규성을 판단해서는 안된다는 뜻으로 이해했는데 옳은가요? 2. 뒷문장에서 반대로 해석시 2 이상의 실시예로부터 하나의 인용발명이 자명하게 도출될 경우에는 2이상의 실시예를 특정하고 상호결합해 신규성을 판단해도 된다 라고 해석이 되는데 .. 그럼 신규성을 1대1로 판단해야한다는 원칙과 반대되는게 아닌가요? 미리 답변 감사드립니다.",1. 네 2. 자명하게 도출되는 경우에는 실시예 하나로 간주하겠다는 것입니다., ,,22.07.21
특허법,조문,33조,[33조] 일부청구항만 무효사유를 가지고 있는 경우?댓글수1,"안녕하세요 임병웅변리사님! 판례집 93번 판결의 사실관계를 보면, 갑이 a+b를 발명하고, 을이 이를 모인하여 a+b+c와 a+b+d를 발명했습니다. 그 뒤 갑이 출원하고, 을도 각각을 1항, 2항으로 하여 출원하였고, 둘 다 등록받은 후에 갑이 을을 상대로 33조1항본문 위반으로 무효심판을 청구하여 무효사유가 있는 1항만 무효가 된 사안인데요. 원래 실체심사시 출원일체의 원칙에 따르면 을의 출원에서 1항은 33조1항본문 위반 거절이유를 가지기때문에 전체가 거절결정 되어야 하는데, 둘다 등록되어 후에 갑이 무효심판을 청구했다는 것은 착오로 등록된 경우여서 후에 그런 문제가 발생한 건가요? 등록 후부턴 무효사유가 있는 청구항만 무효로 할 수 있으니까 1항만 무효가 되는 것이구요?? ..",네. 맞습니다~, ,,22.07.25
특허법,조문,47조,[47조] 신규사항 추가?댓글수1,필기노트 164p 신규사항 추가의 구체적인 case 의 3번 “미완성 발명을 완성시키는 보정을 한 경우 그 보정은 신규사항을 추가한 것으로 된다”에서 특허법 판례강의에서 강사님께서 최명도가 미완성인 경우 보정해 완성시키는 경우: 신규사항 추가 ㅇ 최명도 완성&청구범위 미완성일 때 보정해 완성시키는 경우: 신규사항 추가x 라고 하셨는데 명세서가 발명의 설명과 청구범위로 이루어져 있는데 최명도가 발명 완성인데 청구범위의 발명이 미완성인 경우가 있을 수 있나요..? 두번째 경우에서 최명도 안에 청구범위가 있으니 청구범위의 발명이 미완성이면 최명도도 미완성인 것 아닌지요ㅜㅜ,"명세서 = 발명의 설명 + 청구범위이고, 발명의 설명은 완성인데, 청구범위가 미완성일 수 있습니다. 발명의 설명에 기재된 모든 발명을 청구범위에 기재하는 것은 아니니까요. 열공하세요~", ,,22.08.01
특허법,조문,38조,[38조] 효력발생요건과 대항요건?댓글수1,"객관식 212번 99년 기출문제 1번 지문 특허출원 후에 있어서 특허를 받을 수 있는 권리의 승계는 상속 기타 일반승계의 경우를 제외하고는 승계인이 출원인변경신고를 하지 아니하면 제3자에게 대항할 수 없다. 강의에서 "" 효력발생요건이지 대항요건이 아니다. "" 라고 설명 해주셨습니다. 여기서 궁금한 점은, 효력이 발생하지 않았다면 대항할 수 없는 것 또한 당연히 맞는거 아닌가? 입니다. 효력이 발생하지 않아도 대항할 수있는 경우가 있습니까?","네, 문제가 조금 문제를 내포하고 있습니다. 38조로 검색해 보면 밑에, 동일한 질문이 있으니 참고하세요~", ,,22.08.01
특허법,조문,55조,선출원의 확선?댓글수1,"안녕하세요 변리사님~~ 55조 4항에서 질문이 있습니다! 55조 4항은 후출원의 확선을 인정하는 조문인데, 그러면 만약에 선출원이 취하되기 전에 선출원이 조기공개 된다면, 선출원에 대해서도 확선의 지위를 인정하나요?? 감사합니다","네, 확선의 지위와 공지기술의 지위가 인정됩니다.", ,,22.08.07
특허법,조문,38조,[법 38조] 분리탑재형 발전기 사건?댓글수1,대법원 2020 05 14 2020후10087 판결에서 특허를 받을 수 있는 권리에 관하여 승계인의 지위와 양립할 수 없는 법률상의 지위를 취득한 사람이 제3자라고 하는데 승계인의 지위와 양립할 수 없는 법륭상의 지위를 취득한 자가 잘 이해가 안되서 이에 대한 예시를 좀 들어주셨으면 좋겠습니다. 특히 양립할 수 없는 법률상 지위를 취득한 자에 대한 예시좀 말해주셨으면 좋겠습니다.,"갑이 발명하고, 출원 전 을에게 먼저 양도하고 병에게 양도하였는데, 병이 먼저 출원한 경우 병은 양립할 수 없는 지위를 취득한 자이고, 을은 승계의 효력을 병에게 주장하지 못합니다. 강의노트에 그림이 있으니 참고하세요~", ,,22.08.07
특허법,조문,36조,[36조] 선출원주의 동일성?댓글수1,"안녕하세요 임병웅 변리서님, 판례집 선출원 파트에서 질문드립니다. 발명창작 수준 장표에서 보면, 선출원은 C유형으로써 용이성 영역을 만족하여야 하고, 때문에 판례가 비판받는다고 말씀해주셨던 것으로 기억하고 있습니다. 그런데 아래에서는 실질적 동일성을 의미하는 B 유형에 해당하는 판례 문구가 선출원 규정과 관련하여 나와있습니다. (89p) 분할출원된 발명이 구 특허법 제36조 제2항의 선출원 규정에 위배되어 그 등록이 무효로 되어야 한다고 본 사례 청구범위의 기재가 문언적으로 일치하지 않더라도 그 차이가 동일한 기술적 구성에 대해 기능,성질,효과 등으로 표현을 달리한 것에 불과하거나 기술적 과제를 해결하기 위한 구체적 수단에서 주지관용기술을 부가,삭제,변경한 것 또는 단순히 수치 범위를 달리한 것에 지나지 아니하여 새로운 효과가 발생하지 않는 정도의 미세한 차이에 불과하다면 양 발명은 실질적으로 동일한 발명에 해당한다. 비고(대상판결은 주지관용기술의 부가삭제변경에 지나지 아니한 경우에 실질적 동일성이 있다고 하여 실질적 동일성의 범위를 상대적으로 좁게 인정하고 있다.)에 있는 것처럼 이 판례는 동일성의 범위를 상대적으로 넓게 인정한 예외라고 보면 되는걸까요? 제가 선출원에 있어서 동일성의 범위를 잘 이해하지 못하고 있는 것 같습니다. 늘 감사드립니다.","대상판결은 선출원주의에서 동일성의 범위를 넓게 보는 것이 아니라 좁게 보는 것이고, 특허법원 판결이기 때문에 대법원 판결이 바뀌었다고 단정할 수는 없는 것입니다. 따라서, 대법원은 선출원주의에서 동일성을 넓게 보고 있으나, 최근 특허법원은 신규성, 확대된 선출원의 지위와 마찬가지로 좁게 보면서 판시한 것도 있다. 고 정리하면 됩니다. 열공하세요~", ,,22.08.08
특허법,조문,30조,[30조] 공지예외주장 질문드립니다.?댓글수1,"리담 특허법 객관식 302번 문제 관련된 질문입니다. 강의에서 설명하실 때 2020.07.01에 먼저 출원한 병의 발명 B가, 갑이 먼저 2020.05.01에 판매하기 시작한 A+B로 인해 29조 1항에 따라 신규성위반임을 말씀하셨는데요. 그렇기 때문에 '병의 B출원은 29조 1항 위반이고 거절결정이 될 것이기 때문에 선출원지위를 인정하지 않아서 갑이 2020.08.01에 출원한 B는 선출원 위반이 아니다' 라고 이해하면 될까요??","네, 그렇습니다.", ,,22.08.09
특허법,조문,47조,[47조] 특허출원의 보정 질문드립니다.?댓글수1,"강의 설명 중, '번역문에서 설명부분이 없는 도면은 비어있으므로 최명도에 있는, 설명부분이 없는 도면을 채워넣는다' 라고 하셨습니다. 이 말이 잘 이해가 안 가서 고민해봤는데요. 이거를 풀어서 이해하자면 1) 원래 번역문 제출은 명세서와 설명부분 포함한 도면에만 제출한다. 2) 외국어특허출원은 47조 5항에 따라 국어번역문을 제출한 경우에만 최명도 범위내에서 명도보정을 할 수 있는데, 설명부분이 없는 도면은 번역문 제출이 없으므로 이렇게만 보면 '설명부분이 없는 도면 범위내에서는 보정할 수 없구나' 라는 결론에 이를 수 있다. 3) 하지만 그렇게되면 보정 범위가 (도면 범위 중에서)'설명부분이 있는 도면 범위내'로만 제한되기 때문에 이것을 해소하기 위해서 설명부분이 없는 도면'도 번역문 제출한 것으로 취급하여 온전한 최명도 범위내에서 명도보정을 할 수 있게 한다 이렇게 이해하면 될까요?","네, 정확히 이해하고 있습니다~", ,,22.08.11
특허법,조문,51조,[51조] 보정에서의 동일성 유형?댓글수2,"안녕하세요 동일성 유형 파트를 공부하다가 기본서를 보아도 이해되지 않는 부분이 있어 질문드립니다 ! 보정은 동일성에서 A유형을 요구하는 것으로 알고 있습니다. 그런데 기본서에서 I)주지관용기술이더라도 통상의 기술자가 명세서 등에 기재되어 있는 것과 마찬가지라고 이해할 수 있는 사항이 아니라면 보정이 인정되지 않는다는 사례, ii)상위개념을 하위개념으로 정정하였다고 하더라도 통상의 기술자가 명세서 등에기재되어있는 것과 마찬가지라고 이해할 수 있는 사항이 아니라는 사례 등이 나와있습니다. 두 사례는 마찬가지로 이해할 수 있는 상황이 되었을 때 실질적 동일성에 해당한다는 B유형을 말하는 것이라고 생각했는데, 제가 어느 부분을 잘못 이해하고 있는지 궁금합니다.","두 판례 모두 내재적 동일성(마찬가지라고 이해할 수 있는 사항)의 범위를 벗어났기 때문에, 부적법하다는 것입니다. 기본서에서 동일성 파트를 정독해 보세요~", ,,22.08.13
특허법,조문,36조,[36조 등] 동일성 유형?댓글수3,"단계 (문언적동일성&내재적 동일성) : 통상의 기술자가 최명도에 기재되어 있는 것과 마찬가지라고 이해할 수 있는 사항이면 동일성 인정. B단계 (실질적 동일성까지) = 협의의 동일성 : 주지관용기술의 부가,삭제,변경 등으로 새로운 효과 발생이 없는 정도의 미세한 차이에 불과// 부분적으로만 일치하더라도 발명의 포섭범위를 달리한데 지나지 않는 때에 동일성 인정 C단계 (용이성까지, 선출원 해당) = 광의의 동일성 : 통상의 기술자가 보통 채용하는 정도의 변경에 지나지 아니하고 발명의 목적과 작용효과에 특별한 차이를 일으키지 않는 경우 동일성 인정 +선출원 대법원 판례는 광의의 동일성(5단계)까지를 인정하지만, 특허법원 판례(분할출원관련 2017허1021판례)에서 최근 협의의 동일성(3단계)으로 본 케이스가 있음. D단계(비용이성~까지) : 통상의 기술자가 보통채용하는 정도~효과에 차이가 생기지도 아니하는/등/공중을 오인시킬 정도에 이르지 아니한 경우 1. 동일성 파트 문구들이 헷갈려서 위와 같이 정리를 했는데, 이렇게 판례에 중복으로 등장하는 문구들을 정리해서 문구를 기준으로 동일성 유형을 암기하고 정리해도 괜찮을까요? 2. 판례문구에서 C단계와 D단계의 경계를 잘 모르겠습니다. D단계는 C단계를 포함한 걸로 이해를 하면 맞는걸까요? 3. 협의의 동일성=3단계, 광의의동일성=5단계 가 맞는지 궁금합니다. 4. 사례집에서 ""제36조를 적용하기 위한 전제로서 두 발명이 서로 동일한 발명인지 여부는 대비되는 두발명의 실체를 파악하여 따져보아야 할 것이지 표현양식에 따를 차이에 따라 판단할 것은 아니므로 대비되는 두발명이 각각 물건의 발명과 방법발명으로 서로 발명의 범주가 다르다 하여 곧바로 동일한 발명이 아니라고 단정할 수 없다."" 라는 판례가 C유형에 소개되어 있는데, 위 판례가 B유형과 어떤 점에서 차이가 있는지 잘 모르겠습니다. 늘 감사드립니다 !","실질적 동일성의 유형으로는 (1) 범위가 다른 경우 (2) 범주가 다른 경우 (3) 구성이 변경된 경우 가 있고, 판례집의 판례는 (2)에 해당합니다. 질문하신 것 보니, 동일성의 기본개념을 잡지 못하고 있습니다. 이렇게, 조각조각 질문해서는 동일성을 이해할 수 없습니다. 기본서의 동일성 파트를 한 번 정독한 후 다시 질문해 주세요. 궁금한 사항이 기본서에 전부 적혀 있습니다.","혹시 어떤 부분에서 개념을 잡지 못하는 것으로 생각되시는지 여쭈어봐도될까요? 동일성파트가 헷갈려서 어제 오랜시간동안 기본서를 붙잡고 판례들을 공부했습니다 어느정도 이전보다 이해가 많이 되었다고 생각해서 이해되지 않는 2,4번 질문을 드렸는데 (3번은 협의의동일성이 명확히 3단계라고 명시되어있지는 않아서 확인차 질문드렸습니다!) 기본서를 보라고 말씀해주시니 어떻게 공부해야할지 감이 잡히지 않습니다 ㅠㅠ 어디서부터 잘못된 것일까요 .. ㅠㅠ","뻐대만 말씀드리면, 1. 일단, 문언적 동일, 내재적 동일성 및 실질적 동일성의 개념이 무엇인지 이해해야 합니다. 2. 실질적 동일성은 (1)(2)(3) 3가지 유형이 있는데, (3) 구성이 변경된 경우에만 신규성, 확선과 선출원주의에서 차이가 있다는 것을 이해해야 합니다. 3. 무권리자 출원이나 허위표시는 일반적인 판단기준이 다르지만, 다만 그 구체적인 예로서 진보성이 없는 경우를 설시하고 있다는 것을 이해해야 합니다. 기본서에서도 이에 맞춰서 기술을 하고 있습니다. 혹시, 신규성에서의 동일성 파트를 공부하고, 이익제도에서 동일성 파트를 공부하지 않은 것이 아닌지 추측됩니다.",22.08.17
특허법,조문,34조,"[34,35조,29조] 확선에서의 동일성 판단?댓글수1","안녕하세요. 리담책과 강의노트를 함께 공부를 하던 중 궁금한 사항이 있어서 질문합니다. 리담책p.404, 강의노트p.153 그림(사정상 그림을 올리지는 못하는 점 죄송합니다 ㅠㅠ)에서 제3자(병)에의해 출원이 공개가 되면 정당한 권리자의 출원이 확선에 위반된다고 합니다. 제3자의 출원은 [D/C,D]이고 정당한 권리자의 출원은 [A,C/A,C]인데, 여기서 확선을 따져보면 제3자의 최명도(C,D)와 정당한 권리자의 청구범위(A,C)인데 이것이 확선에서의 동일성이 맞는것인지 궁금합니다. 질문받아주셔서 감사합니다!","A, B, C, D는 모두 발명 단위로 설명하고 있는 것입니다. 제3자의 최명도 C와 정당한 권리자 청구범위 C가 동일하여 확선 위반이 맞습니다. 열공하세요~", ,,22.08.18
특허법,조문,54조,"[54조, 55조] 우선권주장출원 질문드립니다.?댓글수2","<1> 리담 객관식 414번 문항에서 1번 선지에 ""조약우선권 주장 출원은 산업통상자원부령으로 정하는 국가의 경우 최초로 출원한 국가의 정부가 인증하는 서류로서 특허출원의 연월일을 적은 서면, 발명의 명세서 및 도면의 등본만을 증명서류로 제출하면 인정된다"" 라고 적혀있는데요. 여기서 잘못된 부분이 ""만을"" 때문인가요? 말의 의미가 중의적으로 해석될 수 있는 것 같아서요. 1)연월일 서면, 발명의 명도 등본을 증명서류로 제출해도 되고 2)출원번호 및 증명서류를 제출해도 되는데 저는 1번 선지를 읽은 뒤에 '연월일 서면, 명도 등본만 제출하면 되고 추가적으로 제출할 거 없으니까 맞지 않나? '라고 생각한다음에 옳은 거라고 생각을 했습니다. 문장이 이렇게 중의적으로 적혀있는 경우에는 그냥 눈치껏 논점이 무엇인가 파악한 다음에 답을 체크하는 게 맞는 거겠죠.. ? <2> 415번 문항에서 ㄹ선지에, 갑의 국내출원 A는 A 출원일로부터 1년 3개월이 지난 시점에서 취하된 것으로 보는 게 맞다고 설명을 해주셨는데요. 국내우주를 수반하는 출원의 경우, 선출원은 1년 3개월후에 취하간주되는 것은 알고 있습니다. 그런데 이 문제는 B에서 국내우주를 해서 발명 X에 대해서 이중우주를 하게 된 경우이기 때문에 우선권주장이 부적법하여 A출원이 취하되지 않는 게 맞지 않나요? 리담특허법 504페이지 밑에 ""(2) 출원의 판단시점 소급효 불인정""을 보면 ""우선권주장이 부적법하여 우선권주장이 무효처분된 경우 선출원은 취하되지 않으므로"" 라고 나와있습니다. 415번 문제에서 국내출원 B의 국내우주가 부적법한 건 맞지만 '무효처분이 됐다라는 말이 없기 때문에' 이 부분을 고려하지 않고 단순히 국내우주가 된 경우를 가정하고 취하기간만 살펴본 건가요?","1. 법조문을 보면 ""제1호의 서류 또는 제2호의 서면을 특허청장에게 제출하여야 한다.""고 되어 있습니다. ""만을""은 조문을 알고 있는지 물어보고 있는 것으로 명확히 틀린 지문입니다. 2. 우선권주장이 부적법한 경우와 적법하나 소급효의 예외를 인정하는 경우를 구분 못하고 있는 것 같네요. 이중우주는 전자가 아니라 후자입니다. 열공하세요~", ,,22.08.19
특허법,조문,55조,"[55,56조] 선출원의 취하간주?댓글수2","안녕하세요. 객관식 문제집 408페이지 4번 지문이 '선출원이 2 이상의 발명을 포함하고 있을 때에는 그 선출원의 출원일로부터 1년 3월 이내에 그 선출원을 2 이상의 특허출원으로 분할출원할 수 있다.' 이고, 해설에는 '분할출원 당시 선출원이 출원 계속 중이면 되는 것이다.' 라고 돼있습니다. 이렇게 분할출원한 경우에 선출원이 1년 3월 후에 취하간주 돼버리면 선출원은 처음부터 없었던 것으로 보게 되는걸로 알고있는데 이런 경우 분할출원의 소급효는 어떻게 되는것인지 궁금합니다! 미리 답변 감사드립니다.",분할출원의 원출원 요건을 이해 못하고 있네요. 분할출원 당시에서 출원 계속중이면 되는 것입니다. 기본서를 정독해 보세요~, ,,22.08.19
특허법,조문,29조,"[29조] 신규성, 진보성 판단 질문드립니다.?댓글수2","발명단위로 판단한다, 청구범위를 기준으로 판단한다, 청구항별로 판단한다, 구성요소 단위로 판단한다는 말이 구분이 잘 안 되는 것 같습니다. 1) 발명단위로 판단한다는 말이 청구항 별로 판단한다는 말이랑 같은 말인 것이죠? 그리고 출원서를 네모칸이라고 했을 때 위에 청구범위, 밑에가 명세서 및 도면을 가리키는데 청구범위에 A라고 적혀있으면 청구항에 하나의 발명 A만 적혀있다는 얘기이구요. 그리고 단순히 청구항이나 명세서 도면에 적힌 부분만 가지고는 등록금지적 효력을 판단하는 데에 있어서 문제가 있을 수 있으니 구체적으로 동일성판단을 할 때 구성요소 단위로 판단한다. 2) 강의노트 219페이지에 있는 등록금지적 효력을 나타낸 부분에 대해서는 단순히 청구범위나 명세서 도면을 가지고 지위를 그린 것은 구성요소를 구체적으로 보는 게 아닌 단순 발명단위로만 판단한 것이고, 문제에서 어떻게 주어지느냐(예를 들어, A발명은 구성요소 a,b로 이루어져있고 등등)에 따라서 살펴보는 범위를 더 깊이 보아야하는지 아니면 단순히 발명만 가지고 판단해도 되는지 결정된다. 이런 식으로 이해하면 될까요? 재시생인데, 작년에 공부할 때 용어 정의가 하나도 안 되어있어서 내용 이해가 하나도 안 가다보니 무작정 외운다고 되는 게 아니더라구요.. 외울 수도 없었구요. 그리고 이번에도 공부하면서 뒷부분을 공부하면서 지위를 그리는 것은 쉬운데, 변리사님께서 어떨 때는 발명단위로, 청구범위로, 구성요소로 판단한다는 것처럼 말을 구분지어서 설명하시나보니 구체적으로 개념에 대한 이해가 잘 가지 않는 상태에서 대충 지위만 막 그리고 있는 것 같다는 생각에 질문드립니다 .ㅠㅠ","1. 다른 말입니다. 예를 들어, 1. A, B와 (C, D 중 어느 하나)로 된 X라고 하면, 청구항 1에는 발명 ABC, ABD 2개의 발명이 있습니다. 2. 문제의 사실관계에서 발명 단위인지 구성요소 단위인지 명확히 주어집니다. 3. 강의노트 특허요건파트 맨 마지막에 보면, 발명단위와 청구항단위, 그리고 출원단위를 구분해 놓은 그림이 있으면 참고하면 좋을 것 같습니다. 열공하세요~", ,,22.08.21
특허법,조문,52조의2,[52조의2] 분리출원?댓글수4,"안녕하세요:) 복습 중 궁금한게 생겨 질문드립니다! 분할, 변경 출원에서는 분할출원, 변경출원이 외국어특허출원인 경우/ 원출원이 외국어특허출원인 경우가 가능하지만 분리출원은 외국어출원이 불가하다 배웠습니다. 이때 원출원이 외국어 특허출원이고 이를 기초로 분리출원이 가능한데, 분리출원이 외국어특허출원인 경우만 안되는건지 아니면 외국어특허출원을 원출원으로 분리출원도 안되고 분리출원을 외국어특허출원으로 하는 것도 안되는건지 궁금합니다! 감사합니다:)","원출원이 외국어출원인 경우 번역문을 제출했기 때문에 거절결정, 기각심결이라는 행정처분을 받을 수 있는 것이고, 분리출원이 외국어출원인 경우는 허용되지 않습니다. 열공하세요~",답변 감사합니다:) 죄송하지만 변리사님께서 말씀하신부분중 앞부분이 잘 이해가지 않아 한번 더 질문하겠습니다. 그러면 원출원이 외국어 출원이고 번역문을 제출했다면 거절결정불복심판에서 기각심결 후 이를 기초로 분리출원이 가능하다는 말씀이신가요?!,"네, 가능합니다.",22.08.23
특허법,조문,47조2항,[47조2항] 신규사항추가?댓글수1,"안녕하세요, 특허 심사기준 신규사항추가 판단의 구체적 예를 보면, ""상위개념을 하위개념으로 보정하여 범위를 축소하였더라도 [최초 명세서 등에 그 하위개념이 개시되어 있거나, 출원시의 기술상식을 참작하여 통상의 기술자에게 그러한 상위개념이라고 하면 보정된 하위개념으로 바로 인식될 정도]가 아니면 신규사항 추가에 해당한다"" 라고 설명하고 있는데요, 만약 문제 지문에, 청구항1 : A+B 를 A+b(b는 B의 하위개념) 로 보정 라고 나와 있다면, 이는 위 심사기준에서 대괄호 [ ] 부분을 만족한다는 전제로 문제를 풀면 될까요? 아니면 b가 신규사항추가일 수도 있다는 점도 염두하고 풀어야 하나요?",신규사항추가일 수도 있습니다., ,,22.08.27
특허법,조문,53조,[53조] 변경출원?댓글수1,"안녕하세요 교수님. 변경출원과 관련하여 질문이 있습니다. 53조 변경출원 시 변경출원 자체에 거절이유가 있어 거절결정되는 경우 원출원의 취하로 인해 원출원을 살리는 방법이 없다는 내용에 대해서, 변경출원의 거절결정에 대해 다시 실용신안의 10조 변경출원은 불가능한가요? 53조 변경출원이 고도성이 없어 거절된 발명을 실용신안으로 바꾸어 등록가능성을 높이는 제도라고 알고 있어서 실제로 이런 상황을 가정하긴 어려울 것 같지만... 원래 고도성도 있던 발명이 다른 거절이유로 거절되었다가 실용신안으로 변경출원하였고 그 거절에 따라 다시 실용신안10조로 특허발명으로 변경하는 건 허용되지 않는 건가요? 변경출원 과정에서 범위의 제한 때문에 기존 특허발명에 있던 거절이유가 극복될 수 있는 상황이 없다고 생각해야하는 건지, 아니면 제가 놓친 법조문이나 판례가 있는지 궁금합니다. 혹시 '최초의' 거절결정등본 송달일로부터 이 부분 때문인가요?","비용만 다시 낸다면, 다시 '최초의' 거절결정등본 송달일로부터 30일 이내 변경출원할 수 있습니다.", ,,22.09.01
특허법,조문,52조,[52조] 객관식 358면 질문드립니다?댓글수1,"안녕하세요 변리사님 [객관식 358면 문제] 분할출원에 관한 설명으로 옳은 것을 모두 고른 것은? ㄱ. 특허출원인은 2이상의 발명을 하나의 특허출원으로 한 경우에는 그 특허출원의 출원서에 최초로 첨부된 명세서 또는 도면에 기재된 사항의 범위 안에서, 특허법 제47조제1항에 따라 보정을 할 수 있는 기간 또는 특허거절결정등본을 송달받은 후 특허법 제137조의17에 따라 심판을 청구할 수 있는 기간 중 어느 하나에 해당하는 기간에 그 일부를 하나 이상의 특허출원으로 분할할 수 있다. ㄴ. 특허법 제52조제1항의 규정에 의한 분할출원으로 인하여 청구범위가 동일하게 될 경우에는 원특허출원을 보정하여야 한다. ㄹ. 원출원이 특허법 제54조의 규정에 의한 우선권을 주장하고 있는 경우에 그 특허출원서에 그 취지, 최초로 출원한 국명 및 출원의 연월일을 기재하여야 하고, 분할출원서에도 그 취지, 최초로 출원한 국명 및 출원의 연월일을 기재하여야 한다. [질문] ㄹ은 22.4.20. 시행개정법에 따라 원출원이 우선권 주장과 서류제출이 되면 분할출원도 우선권주장과 서류제출을 한 것으로 보니까 분할출원서에 취지기재를 하지 않아도 되므로 틀린 보기 아닌가요?? 해설에는 ㄱ,ㄴ,ㄹ이 옳은 지문이고 정답은 ㄱ,ㄹ인 2번으로 나와있는데 ㄱ,ㄴ이 맞는 1번이 정답이지 않나요..? 해설을 잘 이해하지 못한 건지 정답 파악이 안돼요ㅠㅜ","네, 해설이 잘못되었습니다. 학원홈페이지에 보면 객관식 추록이 있으니 참고하세요. 열공하세요~", ,,22.09.07
특허법,조문,29조,[29조1항] 선택발명의 신규성?댓글수1,"안녕하세요 변리사님! 선택발명의 신규성 관련해 질문있어서 글남깁니다. 해당 부분 강의 중 선택발명은 실질적 동일성 요건을 만족했으니(범위면에서 벗어남) 내재적동일성, 문언적 동일을 벗어나면 신규성을 만족한다고 설명을 해주셨는데 헷갈리는 부분은 설명을 곧이 이해하면 각 동일성 판단이 독립하게 느껴집니다. 하지만 제가 동일성 판단에서 배운 바로는 문언적동일하게되면 당연히 내재적동일, 실질적동일하게 된다고 생각합니다. 따라서 선행문헌에 개시된 선택발명은 문언적(또는 내재적) 동일하게되면서 결국에는 실질적 동일성 요건을 만족하지 못하게 된다고 이해했습니다. 제가 질문이 다소 난잡하지만 받아주셔서 감사합니다!","잘못 이해하고 있습니다. 문언적 동일: 명시적 기재 내재적 동일성: 명시적 기재와 마찬가지 실질적 동일성: 다소 차이는 있지만 그 차이가 미세하여 동일한 것으로 간주 기본 개념부터 익혀서 차곡차곡 공부를 해야 합니다. 선택발명은 문언적 동일, 내재적 동일성을 만족하지 않으면, 하위개념으로 범위를 달리하여 실질적 동일성도 만족하지 않으니, 신규성 위반이 아니라는 것이 판결의 요지입니다. 열공하세요~", ,,22.09.08
특허법,조문,36조,36조 선출원주의 53조 변경출원?댓글수1,"원출원(x)에 대해, 변경출원(y)를 한경우, x는 취하간주되면서, y의 최명도가 확선의 지위를 y의 출원일부터 갖는것으로 알고 있습니다. 그런데 y의 청구범위는 왜 x의 출원일부터 선출원의 지위를 갖는 것인가요? 특허출원의 취하는 선출원의 지위를 소멸시키지 않나요? 감사합니다.","X 출원과 Y 출원의 등록금지적 효력이 다른데, 이를 구별하지 못하고 있네요. X 출원은 취하간주로 선출원의 지위가 없지만, Y 출원은 출원계속중이므로 청구범위에 대한 선출원의 지위가 인정됩니다.", ,,22.09.14
특허법,조문,51조,[51조]보정각하?댓글수1,안녕하세요 1. 동일한 거절이유로 거절결정을 할 때는 거절이유통지를 하지 않고 의견서제출기회도 주지 않으므로 거절결정되었다는 사실만 통지해주는 것이 맞나요? 그렇다면 출원인은 그 전에 통지된 이유로 거절되었다고 받아들이는 것인가요? 2. 보정각하 결정시 이유를 붙여 서면으로 하나 그에 대한 의견서 제출기회만 부여하지 않는건가요? 그렇다면 보정각하 후 보정전 명도로 심사가 이뤄져 거절결정이 내려지므로 출원인은 보정각하에 대한 이유만 서면으로 받고 보정각하나 거절결정에 대한 의견서제출기회가 없다고 이해한 것이 맞나요? 감사합니다.,1. 거절결정서에 거절이유를 명시합니다. 2. 보정각하결정서와 거절결정서를 받게 됩니다. 둘 다 그 이유가 기재되어 있습니다., ,,22.09.15
특허법,조문,30조,[30조] 착오등록 후 무효심판과 공지예외적용주장?댓글수4,"안녕하세요 디자인보호법 수강 중 특허법 30조 공지예외적용주장과 디보법 36조 신규성상실예외주장을 비교하여 궁금한 점이 생겨 질문드립니다. 디자인보호법의 경우 절차적 요건을 완화하여 무효심판, 이의신청에 대한 답변서 제출기간에도 신규성상실예외적용주장이 가능해 착오등록된 후에도 이를 보완할 수 있게끔 해두었는데, 이에 반해 특허는 설정등록 후에는 공지예외적용주장이 불가능해 만약 출원 전 의사에 반한 공지가 있는데 출원인도, 심사관도 이를 발견하지 못해 착오등록됐다면 무효심판에서 특허권자의 대응방안이 어떻게 되는지 궁금합니다. 디자인에 비해 특허는 신규성 위반 사유가 있는데 착오로 등록되는 경우가 없어서 (문제된 판례가 없어서) 따로 규정을 두지 않은 것인지, 수험적으로는 중요하지 않을 것 같지만.. ㅎㅎ 의문이 생겨 글 남깁니다. 감사합니다 :)","법 제30조제1항제1호의 사유인데, 주장하지 않고 등록되면 나중에 무효사유에 해당할 수 있습니다. 디자인보호법과 달리 특허법에서는 따라 대응할 수 없습니다. 열공하세요~",답변 감사합니다:) 말씀하신 30조 1항 1호의 사유가 아닌 30조 1항 2호의 사유로 착오등록된 경우에도 (심사관이 해당 공지사실 발견하지 못해 신규성 위반의 거절이유통지도 하지 않은 경우) 똑같이 대응할 수 없는 것인가요?,"법 제30조제1항제2호는 언제나 주장할 수 있기 때문에, 등록후에도 주장가능한 것으로 해석됩니다.",22.09.19
특허법,조문,29조,"[ 29조 3항, 52조] 분할출원과 확대된 선출원 지위 질문드립니다.?댓글수1","안녕하세요 변리사님~~ 분할출원 ,변경출원, 분리출원은 확대된 선출원 지위에서 다른 출원에 해당하는 경우 소급하지 않는다는 것에 이유에 대해서 의문이 듭니다. 그 이유가 교재에서는 "" 원출원의 명세서 도면애는 포함되어 있지 아니하지만 분할출원 명세서 또는 도면에 포함된 발명에 의하여 원출원과 분할출원 사이의 제3자의 출원을 거절시키는 것은 특허법의 목적에 반하기 때문에 소급효가 인정되지 않고 현실의 분할출원일을 기준으로 한다 ""에서, 분할출원은 분할출원 명세서 도면은 원출원의 최초 명세서 도면 범위 내여야 하는데, 원출원 최명도를 벗어난 범위의 발명을 분할출원 명세서 도면에 적으면 거절이유가 됩니다. 분할출원을 원출원의 최명도 범위에 벗어난 발명을 포함시키고 거절결정되지 않은 채 공개되었을 때 제 3자의 불측의 손해를 방지하기 위해서 ( 분할출원이 다른출원의 지위에 있을 때는 분할출원의 최명도가 확선의 지위가 있으므로!) 다른 출원의 지위를 불소급시키는 건가요? 보통 분할출원할 때 (거절결정 될 것을 알면서도) 원출원 최명도에 없는 발명을 분할출원 명세서 도면에 적나요..? 뭔가 혼란이 와서 질문드립니다!",1. 네. 그렇습니다. 2. 내용을 보강하여 분할출원하는 경우도 종종 있습니다., ,,22.09.21
특허법,조문,54조,[54조] 조약우주?댓글수1,"안녕하세요 객관식문제집을 풀던 중에 질문드립니다. 조약우주와 관련하여 옳지않은 것을 고르는 문제입니다.(400번) 우선권주장 전체를 취하한 후에는 우선권주장을 추가할 수 없으나, 같은 날에 우선권주장을 취하한 후 추가하는 보정은 할 수 있다. 라는 지문이 옳다고 되어있습니다. 풀이가 없는 지문인데, 관련하여 조약우주 파트를 다시 읽어보아도 궁금한 내용을 찾지 못해서 질문드립니다. 전단의 내용은 이해가 가는데 후단의 내용의 근거는 어디서 찾을 수 있을까요?","네, 심사기준에 나와 있는 내용입니다. 분할, 분리, 변경출원할 때 원출원이 출원계속중이어야 한다는 것과 동일한 해석방법입니다. 참고로 기존에 리담특허법에서 그 내용을 기술하고 있었으나, 상대적으로 중요도가 낮아서 개정시 삭제하였습니다. 열공하세요~", ,,22.09.21
특허법,조문,55조,[55조] 이중우선 관련 질문?댓글수1,"안녕하세요! 기본서 499페이지 각주 111번 관련 문의 드립니다. Z출원을 Y출원에 대하어 우선권 주장하면 이중우선이 되어 우선권의 효과가 인정되지 않는다는 것 까지는 이해했습니다! “우선권주장의 효과를 가지기 위해서는 선출원의 기초출원을 복합적으로 우선권주장을 하여야 한다” 의 의미는 Z출원시 X,Y 모두에 대해 우선권 주장을 하고, 각각에 대해 요건까지 모두 만족하면 발명 A도 X 출원일을 기준으로 판단시점 소급효를 누릴 수 있다는 뜻이 맞을까요?",네. 맞습니다., ,,22.09.22
특허법,조문,35조,[35조] 특허의 무효와 포기에서 선원지위?댓글수2,"변리사님 안녕하세요, 리담 판례집 6판 p.88의 83번 판례 질문드립니다. <비고>에 보면 특허권의 무효는 출원의 무효와 달리, 특허권의 포기와 마찬가지로 선원지위를 상실했다고 보면 안된다고 합니다. 이 이유가, 특허권이 무효가 되면 ""특허출원""이 아닌, 권리가 처음부터 없었던 것으로 보므로 출원상태일 때는 유효하기 때문인가요? 또 강의노트에는 특허가 무효되면 선출원지위를 인정하지 않는다고 나와있어서, 무엇이 맞는지 질문드립니다! (혹시나 제가 중급강의를 듣다가 틀리게 적은 거라면 정말 죄송합니다ㅠㅠ) 아 그리고 85번 판례에서, 분할출원된 발명과 원출원 발명의 동일여부 판단시 ""실질적으로 동일한지""를 기준으로 한다고 하며, 그 밑으로 내재적 동일과 실질적 동일 판단법리까지를 쓰고 있습니다. 분할출원은 ""A유형"" 이라 내재적 동일까지만 동일한 발명으로 인정해 소급이 가능한 것으로 알고 있어서 질문 드립니다.","1. 판례가 특허의 무효는 선출원의 지위를 상실하고, 특허의 포기는 선출원의 지위를 상실하지 않는다는 입장입니다. 다만, 특허의 무효에 대해서는 법 제133조제3항의 해석상 비판이 있습니다. 2. 분할출원의 소급효가 인정되면, 협의제 적용 문제가 있고 이 때에는 실질적 동일성까지 판단합니다.", ,,22.09.23
특허법,조문,38조,[38조4항] 출원인 변경신고?댓글수1,"안녕하세요 임병웅 변리사님 리담특허책 275p 하단 각주 194)번 판례(2015후321) 관련 질문드립니다! 이 판례에서는 ""취소의 소를 제기한 후 특허출원인변경신고를 하였더라도, 그 변경신고 시기가 취소의 소 제기기간이 지난 후라면 제기기간 내에 적법한 취소의 소 제기는 없었던 것이므로, 취소의 소가 부적법하기는 마찬가지이다"" 라고 판시했는데, 리담특허책 1264p 상단의 '소송요건의 심리'에서 ""소송요건의 존부 판정하는 기준시점은 원칙적으로 변론종결 시이다""라고 기재되어있습니다. 그러면 출원인변경신고가 취소의 소 제기기간이 지난 후라도, 변종시 전까지만 출원인변경신고를 하게되면 소송요건을 적법하게 갖춘 걸로 판단이 되는거 아닌가요?! 판례가 꼭 모순된 것 같은 판결을 한 것 같아 질문드립니다!","제소기간 & ""원고의 소제기""를 만족해야 한다는 것입니다. 소송요건의 판단시점과 요건을 만족해야 한다는 것은 다른 개념입니다. 즉, 사실심 변론종결시를 기준으로 하더라도 요건을 만족하기 못하기 때문에 소각하된다는 것이 판결의 요지입니다. 열공하세요~", ,,22.09.30
특허법,조문,51조,[51] 보정각하?댓글수1,"문제 321번의 ""심사관이 보정각하 결정을 할때 거절이유를 통지하여야 하는 경우는 없다"" 옳은 지문이라고 하는데, 51조 2항에 따르면, 거절 이유를 붙여야한다고 되어있어 틀린것 아닌가요? 추가로, 강의시에는 63조 1항 얘기하셨는데, 이건 직권으로 보정각하를 하더라도, 의견서를 제출할 수 있는 기회를 주지 아니한 것이 절차적 위법은 아니다라고 되어있는데, 이 때 의견서를 제출할 기회를 주지 않아도, 거절 이유를 통지할 수 있는 것 아닌가요..?",1. 거절이유통지하는 것과 보정각하를 서면으로 이유를 붙여서 하는 것은 전혀 무관한 내용입니다. 2. 거절이유통지를 하여 의견제출기회를 주는 것입니다., ,,22.10.01
특허법,조문,42조,[42조] 발명의 설명?댓글수1,"발명의 설명 중 배경 기술은 신규성 진보성 위반으로 보지 않는다고 하엿는데, 이는 발명의 설명 중 배경 기술에만 A 기술이 들어간 경우에만 최명도에 A를 포함시키지 않는건가요??",전혀 잘못 이해하고 있네요. 발명의 설명에 기재되었다고 하여 출원전 공지기술로 보지 않는다는 것입니다. 나의 출원에 관한 얘기가 아닙니다., ,,22.10.01
특허법,조문,30조,[30조 1항 제2호] 의사에 반한 공지 주장 여부?댓글수1,"무권리자 공지 이후 1년이후 출원하려면, 신규성 진보성에 위반됐는지를 확인해야한다고 하는데, 이 경우에는 거의 무조건 위반 아닌가요??","정당한권리자가 개량하여 동일성, 용이성이 없을 수도 있습니다.", ,,22.10.01
특허법,조문,52조,[52조] 분할출원 등에서 기간의 특례?댓글수1,"안녕하세요 변리사님! 분할/변경출원에서 기간의 특례가 인정되는 경우를 '청번조심'으로 암기하고 있었는데, 52조에 4,5항이 신설되면서 우선권주장취하시기의 특례가 추가되었으니 청번조심에 '우'선권주장취하시기도 추가해서 암기해도 되나요? 정리해보면, 분할출원 기간의 특례 - 청번조심'우'/ 분리출원 기간의 특례 - 조심'우'(분리출원은 청구범위제출유예제도와 외국어출원제도 이용불가하므로 제외)/ 변경출원 기간의 특례 - 청번조심 이렇게 암기해도 되는건가요?!",암기는 자기 마음대로 하면 됩니다. 저는 분할출원-청번조우심 분리출원-우심 분경출원-청번조심 으로 암기하고 있습니다., ,,22.10.06
특허법,조문,29조,[29조] 산업상이용가능성?댓글수1,"임병웅 변리사님, 안녕하세요 수지상세포 판례를 공부하다가 의문점이 생겨서 여쭤봅니다. 리담 판례집 41페이지에 보면은 , 수지상세포 사건의 경우는 특허 출원발명이 기술적으로 출원일 당시에 실시하기 어렵고 출원일 이후에 완성되는 기술을 통해 출원발명이 실시가능하게 되는 경우이기 때문에 출원일 당시를 기준으로 미완성발명이기 때문에 29조 산업상 이용가능성을 이유로 우회적으로 거절하는거라고 저는 공부했었는데요. 여러 문제들을 풀어보니 수지상세포 사건 자체가 완성발명이기는 한데 실시 가능해지기 위해서는 보완기술이 필요하므로 산업상이용가능성이 위반된다는 풀이도 있는거 같아서 어떻게 이 판례를 해석하는것이 옳은 것인지 알려주실수 있나요?","판결이 법 제29조제1항의 산업상 이용가능성 위반이라고 하니, 이를 발명의 성립성 관점과 협의의 산업상 이용가능성 관점에서 설명하는 것이 가능할 것입니다. 관점의 차이라고 이해하면 됩니다. 열공하세요~", ,,22.10.09
특허법,조문,30조,[30조] 공지예외적용주장출원?댓글수2,"안녕하세요 14년 기출 선지 특허를 받을 수 있는 권리를 가진 자가 특허출원 전에 해당 발명을 공지한 후 공지예외적용 요건을 갖추어 특허출원을 하였는데, 그 공지일과 특허출원일사이에 제3자에 의하여 해당 발명과 동일한 발명의 공개가 있는 경우, 제3자의 공지가 공지예외적용에 해당하는 공지에 의하여 지득한 발명의 공개라는 사실이 명백하더라도 출원인이 그 의사에 반하여 공지된 발명이라는 사실을 입증하지못하면 그 특허출원은 제3자의 공지에 기초하여 신규성을 상실한다. 여기서 지득한 발명의 공개는 의사에 의한 공지이고 밀접불가분의 관계에 있는 공지이므로 의사에 의한 공지라는 증명서류 제출이 불필요하고 밀접불가분의 관계에 대한 증명서류는 제출해야 하는 것이 맞나요? 그렇다면 이 선지에서 의사에 반하여 공지된 발명이 아닐 뿐더러 의사에 반하여 공지된 발명임을 입증하지 못한다 해도 밀접불가분의 관계라는 사실을 증명하면 공지예외적용이 가능하므로 틀린보기라고 생각하면 되나요? 이와 별도로 무권리자가 자신의 발명을 모인하여 출원을 하고 공개됐다면 의사에 반한 공지로 보나요? 감사합니다.","1. 네, 맞습니다. 2. 네, 무권리자 출원에 의한 공지는 의사에 반한 공지입니다.", ,,22.10.11
특허법,조문,45조,[45조] 하나의 특허출원의 범위?댓글수1,안녕하세요 45조 1항 특허출원은 하나의 발명마다 하나의 특허출원으로 한다. 이 조문 해석 질문입니다. 마쿠쉬 타입으로 기재된 청구항이나 둘 이상의 항을 인용하는 청구항은 하나의 청구항에 여러개의 발명이 있을 수 있는데 이 때 조문의 표현처럼 하나의 발명을 하나의 특허출원으로 한다면 하나의 청구항에 있는 여러개의 발명을 각각의 특허출원으로 보게 됩니다. 그렇다면 이때는 하나의 발명을 하나의 청구항으로 해석해 여러개의 발명을 포함하는 하나의 청구항을 하나의 특허출원으로 보는 것이 맞을까요? 또한 하나의 청구항에 하나의 발명만 있을 때는 청구항과 발명이 일치하므로 결국 조문의 '하나의 발명'이란 '하나의 청구항'을 의미하는 것으로 보면 될까요? 감사합니다,"아닙니다. 예를 들어, 하나의 청구항에 여러 개의 발명이 있을 떄, 여러 개의 발명이 단일성을 만족해야만 하나의 출원을 할 수 있습니다. 열공하세요~", ,,22.10.11
특허법,조문,32조,[32조] 불특허발명 기준?댓글수1,객관식193번 풀다가 질문드립니다. (가)의 유해물이 그 허용량을 넘은 화장품은 특허에서 의미하는 필연적으로 공중의 위생을 해하는 허용량을 넘었다고 보는 것인가요? 만약 화장품 제조 규정에서 정한 허용량을 넘은 경우라고 나오면 불특허 발명에 해당하지 않는 것인지 궁금합니다!,"질문의 요지를 잘 모르겠네요. 유해물이 허용량을 넘는 화장품이면 공중의 위생을 해칠 우려가 있는 발명인데, 규정에서 정한 허용량을 넘는 경우라면 불특허발명이 아니라는 건가요? ", ,,22.10.12
특허법,조문,47조,[47조] 거절이유 이외 사항 보정?댓글수1,"안녕하세요 47조1항1호시기 2호시기 모두 거절이유에 기재되지 않은 사항에 대해서도 보정할 수 있는 것이 맞나요? 21년 기출 지문중 -거절결정등본을 받은 후, 재심사를 청구하지 않고 거절결정불복심판을 청구하는 경우에는 심사관의 거절결정 이유를 해소하기 위한 도면의 보정만 가능하다. 이 선지에 대해 리담객관식 해설(p.333)에 '특허법 제47조 1항의 시기에만 보정이 가능하다.' 라는 것이 거절결정불복심판 청구 후 가 아닌 '청구시'에는 보정 불가능하므로 틀린 선지라는 뜻인가요? 이와 별개로 거절결정불복심판 중에 최초 최후 거절이유통지에 대한 의견제출기간 내 보정이 가능한데 이때 거절결정 이유 해소 외의 사항에 대해서 명도에 대해 보정 가능한 것이 맞나요? 감사합니다",1. 네 2. 네 3. 네, ,,22.10.14
특허법,조문,30조,[30조]공지예외주장출원?댓글수1,공지예외주장출원을 한 같은 날에 다른 출원이 있는 경우 두 출원에 대해서 협의명령을 해야하나요? 어차피 다른 출원은 신규성이 없어서 거절되므로 협의명령이 필요없지 않나요? 협의명령을 해야하는지 궁금합니다. 감사합니다.,"네, 이론상 협의명령을 안하는 것이 타당할 듯 싶으나, 실무상 협의명령을 하고 있습니다.", ,,22.10.15
특허법,조문,42조,[42조] 대법원 2017.1.19. 선고 2013후37 판례 질문?댓글수4,"안녕하세요 변리사님 대법원 2017.1.19. 선고 2013후37 판례의 취지가 잘 이해되지 않아 질문드립니다 A - ""특허요건을 판단할 때 명세서의 전체적인 기재와 출원 경과를 종합적으로 고려하여 출원인이 일정한 구성요소는 공지기술이라는 취지로 청구범위의 전제부에 기재하였음을 인정할 수 있는 경우에는 별도의 증거 없이도 전제부 기재 구성요소를 출원 전 공지된 것이라고 사실상 추정할 수 있다. 그러나 이러한 추정이 절대적인 것은 아니므로 ~ 특별한 사정이 있는 때에는 추정이 번복될 수 있다"" - 리담기본서 367면 B - ""명세서에 배경기술로 기재되어 있다고 하여 그 자체로 공지기술로 볼 수 없다"" - 리담기본서 337면 Q1) A부분에서 공지자인한 경우 공지된 것이라고 사실상 추정할 수 있다는 것은 어떤 경우에 활용되는 내용인가요?? Q2) 신규성 판단에 있어서, 출원의 명세서 중에 종래기술로 기재된 발명의 경우 이를 기반으로 신규성을 부정할 수 없는 것은 B 부분에 근거하였다고 보면 되나요?","1. 신규성, 진보성 판단할 때 활용됩니다. 2. 네. 배경기술=종래기술입니다.","공지자인한 경우 공지된 것으로 사실상 추정할 수 있는데(A) 신규성, 진보성 판단할 때에 공지기술로 볼 수는 없다는 부분(B)이 충돌된다고 느껴집니다ㅠ 공지된 것과 공지기술이 다른 개념은 아니지 않나요..?","1. 배경기술에 기재되었다고 하여 공지기술이 아니다. 2. 다만, 배경기술에 기재되었고 & 공지자인한 경우 공지된 것으로 <추정>하고 심사를 진행할 수 있다. 3. 추정은 입증책임의 전환이고, 출원인이 공지되지 않음을 입증하면 추정을 복멸시킬 수 이싿. 이렇게 정리하면 됩니다. 전합 판결이고 중요한 리딩 케이스이니 한 번 읽어 보세요~",22.10.18
특허법,조문,29조,[29조] 진보성 판단시 해명과정 고려 여부?댓글수1,"안녕하세요 변리사님 리담객관식 140면 선택지 중 (가) 어떤 원인의 해명에 의한 발명으로 일단 그 원인이 해명되면 해결이 용이한 발명의 경우에는 그 원인의 해명과정을 중시하여 진보성을 판단하여야 한다. (해설) 즉, 심사의 대상이 되는 출원의 명세서에 기재된 사항에 의하여 얻은 지식을 전제로 진보성을 판단할 경우에는 그 발명이 속하는 기술분야에서 통상의 지식을 가진 사람이 인용발명으로부터 쉽게 청구항에 기재된 발명에 이를 수 있었던 것으로 인정되기 쉬운 경향이 있으므로 주의를 요한다. 이는 발명의 탄생과정은 고려하지 아니한다는 것과는 구별되어야 한다. Q) 즉, 발명의 탄생과정(해명과정)도 진보성 판단에 고려되어서 해결이 용이한 발명일지라도 해명과정에 진보성이 인정된다면, 다른 거절이유가 없는 한 특허등록이 가능한건가요??","발명의 탄생과정이라는 것은 출원인(발명자)이 어떤 고난과 역경을 극복하고 발명을 하게 되었는지에 대한 과정이고, 지문과 전혀 다른 개념입니다. 열공하세요~", ,,22.10.19
특허법,조문,55조,[55] 국내우선권제도 출원인?댓글수1,안녕하세요 객관식에서 질문드립니다! 406번 2번 보기에서 양도계약 후에는 출원인 변경신고 전이라도 승계인이 출원을 할 수있다는 것이 이해가 가질 않습니다. 출원인이 일치하지 않아도 된다는 것이 분할출원에서처럼 적법한 승계 절차를 갖춘 승계인까지 된다 정도가 아니라 특받권을 가지는 사람이면 된다로 보면 되는것일까요?,"네, 우선권주장출원 당시 출원인이 일치하지 않아도 되고, 특허를 받을 수 있는 권리를 가지고 있으면 충분하다는 것이 판결의 요지입니다. 열공하세요~", ,,22.10.19
특허법,조문,52조,[52조] 분할출원의 주체적 요건?댓글수1,"안녕하세요 52조의 주체적 요건은 분할출원 당시 원출원의 출원인 또는 그 승계인 이며, 원출원이 공동출원이면 분할출원 역시 공동으로 해야하는 것으로 알고 있습니다. 하지만 2020년도 기출에서 ""분할출원을 할 수 있는 권리를 가진 자는 원출원을 한 자 또는 그 승계인이고, 공동출원은 원출원과 분할출원 전원이 [완전히]일치해야 한다."" 고 되어있습니다. 원출원 이후 분할출원 전에 승계하면 그 승계인과 공동출원인이 분할출원 완전히 일치하지 않다는 생각으로 틀린 답이라 생각했는데 옳은 지문이었습니다. 공동출원 이후 승계가 일어나면 분할 출원을 할 수 없나요?? 맞다면 왜 그런지 궁금합니다.. 감사합니다","<<<<분할출원 당시(=분할출원할 때) >>> 일치하면 됩니다. 따라서, 옳은 지문입니다.", ,,22.10.21
특허법,조문,34조,"[34조,35조] 정당한 권리자 출원 소급에 의한 보호?댓글수4","리담특허법 제 20판 396p 위에서 두번째 줄 ""출원일"" 관련한 질문입니다. 정당한 권리자 출원의 무권리자의 출원일로 소급에 의한 보호의 효과 부분에서 (2)부적법한 경우의 효과 : ①출원일의 불소급과 ②불수리는 독립적으로 생각해야 할까요? 396p 2번째 줄 불수리 부분에서 청구범위 제출 유예해 주는 1년 2개월의 기준이 되는 ""출원일""은 무권리자의 출원일을 기준으로 해야하는건지 아니면 불소급되니 정당한 권리자의 출원일을 기준으로 해야하는 건지 헷갈립니다. 제가 이해한 바로는 1년 2개월의 기준이 되는 ""출원일""은 무권리자의 출원일로 소급되지 않은 정당한 권리자의 출원일인 것 같은데 확실하지 않아서 질문 드립니다.","무권리자출원일로부텨 1년 2개월이 지나서 정당한 권리자가 출원하면서 청구범위 제출 유예를 하면 불수리되는 것이고, 정당한 권리자 출원의 요건을 만족하지 않으면, 수리되나 출원일이 불소급이 되는 것입니다.",네 감사합니다. 그러면 청구범위 제출유예기간이 지나서 불수리될 때의 기준 시점은 무권리자의 출원일로 생각하면 되는거죠?,"네, 댓글을 읽어보면, ""<<<<무권리자출원일>>>로부텨 1년 2개월이 지나서"" 이라고 되어 있습니다.",22.10.25
특허법,조문,55조,[55조] 국내우주 취지 기재?댓글수1,안녕하세요 객관식문제집에서 질문드립니다. 471번 5번지문에서 특허결정등본 송달받은 후에는 국내우주를 할 수 없다 -틀린지문 이고 해설에는 선출원일로부터 1년이내라면 설정등록 이전에 국내우주 할 수 있다고 되어있습니다. 그런데 국내우주는 출원과 동시에 취지를 기재하지 않으면 할 수 없는 것이 아닌가 하는 생각이들어 질문드립니다. 어떻게 이해하면 될까요?? 감사합니다,선출원과 후출원을 구분하지 못하고 있네요. 선출원의 설정등록전까지 국내우선권주장의 취지를 기재하면서 후출원할 수 있다는 것입니다., ,,22.10.26
특허법,조문,55조,[55조] 이중우선의 판단기준?댓글수1,이번 한빛모의고사 11번을 풀다가 의문이 생겨 질문드립니다! 이중우선권 주장을 했지만 특허출원이 선선출원으로부터 1년 이내 일 때에도 55조 5항이 적용이 되나요? 법조문만 따졌을 때는 적용이 되는게 맞는 거 같지만 다소 출원인에게 가혹한 것 같아 질문드립니다!,"네, 적용됩니다. 이 경우 출원인이 복합우주를 하면 되므로, 출원인에게 가혹하지 않습니다. 열공하세요~", ,,22.11.06
특허법,조문,52조,[52조] 분할출원 시기적요건?댓글수1,"안녕하세요 임변리사님. 분할출원 시기적 요건에서 질문이 있습니다. 분할출원의 경우 특허 거절결정된 경우 뿐만 아니가 등록결정이 된 경우에도 송달일로 부터 3개월내에 분할출원이 가능하다고 공부했는데, 객관식문제를 풀다보니 특허거절결정등본 송달받은 날로부터 3개월 이내에 재심사청구있는 경우 3개월의 기간이 남아있더라도 그 기간에는 분할출원을 할수 없다 라는 지문이 옳은데 여기서 해설은 재심사청구가 있는 경우 특허거절결정이 취소되기 때문에 분할출원할수 없다고 써져있습니다. 등록이 되든, 거절이 되든 상관없이 3개월내에 분할출원 가능하다 써져있는데 왜 재심사청구할때에는 거절결정취소를 이유로 분할출원이 불가하다는 건가요? 이 이유가 왜 성립하는지 궁금합니다. 분할출원의 시기적 요건이 개정되면서 이렇게 푸는 것이 아직도 유효한지 궁금합니다 그럼 감사합니다.","네, 아직 심사실무가 바뀌지 않았고요. 재심사청구를 했으면 나중에 재심사단계에서 다시 특허여부결정이 되더라도 분할출원할 수 있기 때문에, 제한을 두고 있다라고 이해하면 됩니다.", ,,22.11.08
특허법,조문,42조,"[42조,47조,51조,62조] 47조 3항에 따른 거절결정?댓글수1","51조에 따르면, 47조 1항 2,3호 시기의 보정이 동조 2,3항을 위반하거나 보정에 따른 새로운 거절이유 발생시 보정 각하 후, 보정 전 명도로 심사를 진행하여, 거절이유가 있을 시에 거절 결정이 되는 것으로 알고 있습니다. 1. 그런데 62조 1항 각호의 거절이유에는 47조 2항만 포함되고, 47조 3항은 포함되지 않는데 입법불비인가요? 2. 아니면, 62조 1항거절이유에 포함되는 42조 4,8항이 청구범위 기재방법에 관한 것이라서 47조 3항을 안넣은건가요? (47조 4,6,8항과 47조 3항은 서로 관련이 없는건가요..?)",1. 입법불비가 아닙니다. 2. 법 제47조제3항 위반은 보정각하사유일뿐 거절이유가 아닙니다. 보정각하사유와 거절이유는 전혀 다른 개념입니다., ,,22.11.10
특허법,조문,36조,[36조]동일출원의 모두 등록?댓글수1,"리담특허법 제 20판 225p 하단 (3) 소결 부분 관련 질문입니다. 89후 1103 판결에 따르면 동일출원의 모두 등록되었을 때 한쪽이 무효라면 그 무효가 된 특허는 선출원의 지위를 상실하였으므로 나머지 등록은 존속하는 것이고, 이에 반해 2005후 3017 판결은 한 쪽이 포기하였다면 그 포기된 특허권은 선출원의 지위를 상실하지 않아 나머지 등록은 역시 효력을 잃는 것으로 이해했습니다. 1. 한쪽이 포기하면 나머지는 등록이 무효로 되는 건가요? (선출원의 지위는 상실하지 않은 채로) 2. 소결 부분을 이해하기를 "" 특허권을 무효로 하든 특허권을 포기하든 선출원의 지위는 남아있다. 특허권의 무효와 포기를 달리 취급하는 판례의 태도는 타당하지 않다. 왜냐하면 특허권의 무효는 특허'출원'의 무효와 달리 특허권이 처음부터 없었던 것으로 보는 것이므로 설정등록이 없었던 것으로 보는 것이지 그 전의 출원 자체는 유효하기 때문이다"" 는 것인가요? 특허권의 무효와 특허출원의 무효의 차이는 아래 링크의 글 중 한 부분을 참고했습니다. 링크 : http://kpaanews.or.kr/news/news_print.html?section=86&category=89&no=3002 참고 부분: PS: 개정 심사기준에 의하면, 특허권이 무효로 된 경우 선출원의 지위가 상실(2014원7914, ‘16.9.21.결정)된다고 하였으며, 그 이유는 ① 출원 포기시 선출원의 지위가 상실 (법제36조제4항)되고 ② 특허 무효가 확정되면 특허권은 처음부터 없었던 것 (법제133조제3항)보기 때문이라고 하였다. 그러나 이와 같은 법해석은 명백히 잘못이다. 특허권은 설정등록에 의해 발생(법제87조제1항)되는 것이므로 특허권이 처음부터 없었던 것으로 한다는 것은 설정등록이 없었던 것으로 보는 것이므로 특허출원이라는 사실행위는 그대로 남게 되고 따라서 설정등록 전까지의 청구범위도 그대로 남게 된다.",1. 네 2. 네, ,,22.11.12
특허법,조문,47조,"[47조,51조] 보정각하의 예외 중 최초거절이유 통지?댓글수4","안녕하세요 도해 특허법 16판 117p 보정각하의 예외를 살펴보다 의문이 들어 질문드립니다. 보정각하의 예외 중 취소된 특허결정 전에 한 부적법한 보정이 직권 재심사 후 발견된 경우에만 '최초'거절이유통지이고 나머지는 '최후'거절이유통지인데 그 이유는 47조 1항 2호 괄호와 51조 1항 2호 때문에 그런 것인가요? 위 의문의 연장선상에서, 리담 특허법 20판 406p [제2관 보정시기] - 예외 - 1. 최초거절이유통지 설명 부분에서 「최후거절이유 통지가 아닌 거절이유통지」에 대해 설명해주실때 ii)에 해당하는 것이 직권 재심사이고 그래서 최초거절이유통지하는 것이라고 이해하는 것이 맞다면, iii) 거절결정불복심판에서 취소환송 되었는데 취소환송 전의 거절이유통지에 대한 보정에 따라 발생한 거절이유에 대한 거절이유통지 역시 ii)직권 재심사와 같은 이유로 최초거절이유통지를 해야한다고 이해하면 될까요? 보정각하의 예외 부분에서 위 iii)에 대한 언급이 없는 것 같아서 질문 드립니다. 저작자 표시컨텐츠변경비영리","1. 네 2. ii) 거절결정불복심판에서 취소환송 되었는데 취소환송 전의 거절이유통지에 대한 보정에 따라 발생한 거절이유에 대한 거절이유통지는, 보정각하와 무관한 것으로서, 실체심사를 reset하고 처음부터 다시 시작한다는 내용입니다. 열공하세요~",아 감사합니다 그렇다면 위 ii)의 직권재심사도 reset이라고 필기가 되어 있는데 ii)와 iii) 모두 실체심사를 reset 하고 처음부터 다시 시작한다고 이해하면 될까요?,네 그렇습니다~,22.11.13
특허법,조문,29조,[제29조 제1항 각호] 동일성의 유형( 2022 리담특허법 강의노트 제6판 P.61)?댓글수1,"2022 리담특허법 강의노트 제6판 P.61(제29조 제1항 각호, 동일성의 유형) 구성변경 동일성 인정여부(선출원주의 동일)가 일반적 불인정*(일반적 불인정)으로 표기되어 있는데, 일반적 인정으로 수정되어야 하나요? (-> 강의 전자 칠판에선 일반적 불인정*(일반적 불인정)으로 노트와 동일하게 표기되어 있으나, 임 변리사님께서 강의 설명 중 동일성이 인정된다고 말씀하셨습니다.) 그리고, 리담특허법(원서+강의노트+조문정리) 정오표가 있나요?","각주에 해당하는 사유가 발생하면 동일성 인정, 그렇지 않으면 불인정입니다. 따라서, 일반적 불인정이라고 하든, 아니면 일반적 인정이라고 하든 별의미가 없어 보이네요. 정오표 및 추록은 학원 홈페이지에 있으니, 참고하세요~", ,,22.11.22
특허법,조문,52조,[52조1항3호]의 시기의 분할출원시 협의제회피방안?댓글수3,안녕하세요 등록결정등본송달후~등록시에 권리범위 재설계를 위해 분할출원하는경우 원출원의 삭제보정이 필요할듯한데 보정가능시기가 아니라 어떻게 처리되는지 분할출원할 청구항을 등록포기하면 되는지 궁금합니다 감사합니다,"권리범위(청구항)를 재설계하여 분할출원하기 때문에, 동일성이 없습니다. 따라서, 협의제 회피하지 않아도 됩니다. 열공하세요~",그러면 청구항 재설계말고 기존의 청구항을 나누기만하는 방식의 분할은 협의제회피를 어떻게 하는지 궁금합니다,동일성 인정되면 협의제 피하기 위해서 삭제보정하면 됩니다.,22.11.23
특허법,조문,42조,[42조]PBP청구항?댓글수1,"PBP청구항 권리범위확인 판례에서 질문있습니다. Q) 만약 내 청구항(PBP청구항)이 A->B를 거쳐 만들어지는 X(물건)이고, 3자의 발명이 B->A를 거쳐 만들어지는 X이면 청구항에 기재된 제조방법은 발명 특정수단으로서 의미를 가질 뿐이기 때문에 3자의 발명은 제조방법이 다르더라도 내 발명 보호범위에 속하는 것이고, 만약 이렇게 물건으로만 특정하여 보호범위를 해석할 때 과도하게 보호범위가 넓어지면 청구항에 기재된 제조방법으로 만들어지는 물건으로 한정한다(이런 경우라면 제3자 발명은 내 보호범위에 속하지 않는다). 이렇게 생각을 했는데 제가 제대로 이해한 것이 맞는지 궁금해서 질문드립니다.","원칙적으로 보호범위에 속하지만, 특별한 사정이 있다면 제조방법에 의해 생산된 물건으로 한정되고, 이 경우에는 보호범위에 속하지 않는다고 이해하면 됩니다. 열공하세요~", ,,22.11.29
특허법,조문,54조,"[54조,55조] 우선권 주장의 취하?댓글수1","안녕하세요, 변리사님. 조약 우주의 경우, 최우선일로부터 1년 4개월이 지난 이후에도 우선권주장을 취하하는 보정을 할 수 있는데 이로 인해 우주를 수반한 분할, 분리 출원에서 정의하고 있는 우선권주장 취하 기간의 특례 규정이 오히려 출원인에게 불리하게 작용된다고 하셨습니다. 다만, 그렇더라도 현행법상 자동적으로 우선권 주장이 간주되는 분할, 분리출원의 경우엔 최우선일로부터 1년 4개월 이후더라도 그 출원을 한 날로부터 30일까지만 우선권주장의 취하가 가능한것으로 받아들이면 될까요?? 그리고, 국내 우주에서는 1년3개월 이후엔 선출원이 취하되어 우선권 주장을 취하할 수 없기 때문에, 특례 규정이 있더라도 1년3개월 이후엔 우선권 주장을 취하할 수 없는것인가요??",1. 네 2. 국내우선권주장은 특례 규정에 의해 취하할 수 있습니다., ,,22.11.29
특허법,조문,54조,"[54조, 55조] 국내우선권주창출원?댓글수1","안녕하세요 변리사님~! 리담 객관식 16판 414번 문제 1번을 공부하다가 궁금증이 있어 질문드립니다. 우선권 주장 출원에 관한 설명으로 옳지 않는 것을 고르는 문제입니다. 답이 1번인데 1번은 "" 국내우선권 주장 출원은 선출원의 증명서류를 제출할 필요가 없고, 조약우선권 주장 출원은 산업통상자원부령으로 정하는 국가의 경우 최초로 출원한 국가의 정부가 인증하는 서류로서 특허출원의 연월일을 적은 서면, 발명의 명세서 및 도면의 등본만을 증명서류로 제출하면 인정된다."" 라고 되어있습니다. 1번의 답지 해설은 54조 4상 1호와 2호를 이유로 설명을 하고있습니다. 근데 선지 1번도 보시면 54조 4항 1호를 말하고 있는데, 이 선지가 왜 틀린건가요?? 조약우주의 경우 최우선일로부터 1년 4개월 이내에 선출원에 관한 증명서류를 제출하여야하지만 국내 우주의 경우 선출원을 입증하는 서류는 제출할 필요가 없다는 내용 + 조약우주의 경우 54조 4항을 봤을 때 선지 1번의 전, 후단 모두 맞는 것 같은데 어디가 틀렸는지를 못찾겠습니다. 그럼 답변기다리겠습니다! 감사합니다.","아래 조문을 보면, 산업통상자원부령으로 정하는 국가의 경우는 제1호의 서류만이 아니라 제1호 서면과 제2호 서류 중 아무거나 제출하면 됩니다. ④ 제3항에 따라 우선권을 주장한 자는 제1호의 서류 또는 제2호의 서면을 특허청장에게 제출하여야 한다. 다만, 제2호의 서면은 산업통상자원부령으로 정하는 국가의 경우만 해당한다. 1. 최초로 출원한 국가의 정부가 인증하는 서류로서 특허출원의 연월일을 적은 서면, 발명의 명세서 및 도면의 등본 2. 최초로 출원한 국가의 특허출원의 출원번호 및 그 밖에 출원을 확인할 수 있는 정보 등 산업통상자원부령으로 정하는 사항을 적은 서면 열공하세요~", ,,22.12.05
특허법,조문,52조,[52조]?댓글수1,"부제목- 52조 4항, 6항 안녕하세요 변리사님! 분할출원시 조약우선권주장(이하 조약우주라고 하겠습니다) 하는 경우에 증명서류 제출기간 특례규정인 52조 6항 관련하여 질문이 있습니다. case 1) 원출원시 조약우주, 증명서류 제출한 경우 Case2) 원출원시 조약우주, 증명서류 미제출한 경우 질문1. case1의 경우, 분할출원시 52조 4항이 적용되기에 분할출원에, 대하여 우선권 주장, 증명서류 제출이 의제되어, 52조 2항 3호와 52조 6항 규정의 존재 실익이 없는것이 맞나요? 질문2, case 2의 경우, (1)분할출원에 대해 우선권의 '주장' 은 52조 4항에 의해 , 주장 의제가 되나요? (2)원출원에 대한 증명서류는 54조 5항이 적용되어, '원출원일' 로부터 1년4개월 내에 제출되어야 하나요? (3)이 경우, 분할출원에 대해서 곧바로 52조 4항이 적용되어, 증명서류제출 의제가 되는지 궁금합니다. (4)원출원에 대한 증명서류를 미제출한 상태에서, 분할출원의 증명서류를 먼저 제출하려는 경우에, Case1과 달리 비로소 52조6항이 실익을 갖고 적용되어 원출원일로부터 1년4개월이 지났더라도, 분할출원을 한 날부터 3개월 이내에 증명서류를 제출하면 되는지 궁금합니다.","1. 네, 다만, 법 제52조제2항제3호는 (소급효가 인정되지 않는다는 것)과 (출원과 동시에 취지 기재를 해야 한다는 것)의 의미가 있는데, 여전히 (소급효가 인정되지 않는다는 것)은 의미가 있네요. 2. (1) 네, (2) 네, (3) 원출원이 증명서류를 제출해야 분할출원에 대해서도 자동제출간주가 적용됩니다. (4) 네 열공하세요~", ,,22.12.05
특허법,조문,52조,[52조 5항] 52조 5항의 취지에 대하여?댓글수1,"안녕하세요. 52조 5항의 우선권주장취하 시기의 특례 규정 취지에 대하여 질문 드립니다. 52조 5항 규정의 취지가 분할출원이 국내우선권주장 자동간주 되었을 때, 선출원일로부터 1년 3개월이 지난 후에도 우선권 주장을 취하할 수 있는 기간 30일을 준다는 것으로 알고 있는데, 그렇다면 52조 5항 규정에 “선출원일로부터 1년 3개월이 지난 후에도 분할 출원을 한 날로부터 30일 이내에 취하할 수 있다”고 적혀있지 않고 “55조 7항(최선출원일로부터 1년 4개월)에 따른 기간이 지난 후에도 분할 출원을 한 날로부터 30일 이내에 취하할 수 있다“고 적혀있는지 궁금합니다. 감사합니다.","입법자가 아무런 생각없이 개정을 한 것입니다. 법 제55조제7항의 보정/추가 중 취하와 관련하여서는 제56조제2항에 의해 제한되고 있는데, 제56조제2항에 의해 제한되고 있다는 것을 간과한 것으로 추측됩니다. 참고로, 조약우주도 이상하기는 마찬가지입니다. 조약우주의 취하는 법 제54조제7항에 의해 제한받지 않고 자유롭게 할 수 있는데, 법 제52조제5항은 취하할 수 있는 시기를 오히려 제한해 버리고 있습니다. 열공하세요~", ,,22.12.12
특허법,조문,52조,[52조 4항] 변경출원의 조약우선권 주장이 필요한지 여부?댓글수1,"안녕하세요, 52조 4항 관련하여 질문 드립니다. 52조 4항에서는 분할의 기초가 된 특허출원이 제54조 또는 제55조에 따라 우선권을 주장한 특허출원인 경우에는 제1항에 따라 분할출원을 한 때에 그 분할출원에 대해서도 우선권 주장을 한 것으로 본다고 되어있는데 그렇다면 다음 지문이 틀린 지문이 되는 것인가요? 원래는 맞는 지문이었는데 개정 후 틀린 지문이 된 것인지 궁금합니다. 기초출원이 조약우선권주장을 하고 있는 경우에도 변경출원은 조약우선권주장을 따로 하여야 하며 우선일로부터 1년 4월이 경과하더라도 변경출원을 한 날부터 3월 이내에 우선권주장 증명서류를 제출할 수 있다. 감사합니다","맞는 지문입니다. 분할출원, 분리출원은 자동주장간주에 대한 규정이 신설되었지만, 변경출원은 신설되지 않았습니다. 제53조를 한 번 확인해 보세요.", ,,22.12.14
특허법,조문,37조,"[37조, 38조] 이전과 승계의 차이?댓글수1",제목 그대로 이전과 승계의 차이가 무엇인지 궁금합니다.?,"이전은 권리의 주체가 바뀌었다는 것이고, 승계는 이어받았다는 것입니다.", ,,22.12.15
특허법,조문,42조,"[42조 3,4,8항] 거절이유 극복?댓글수1","42조 3항(발명의 설명) 42조 4항(뒷받침 요건) 42조 8항(기재방법) 의 거절이유에 대한 극복을 조약우선권, 국내우선권 주장으로 할 수 있다고 하는데 그 예시가 어떤 것이 있는지 궁금합니다.","우선권주장은 새로운 내용의 추가가 되니, 극복하고자 하는 내용을 추가하여 우선권주장을 하면 됩니다. 열공하세요~", ,,22.12.15
특허법,조문,52조,"[52조, 53조] 재심사청구 후 분할, 분리변경?댓글수1",수업시간에 재심사 청구 후에는 거절결정등본 송달로부터 3개월 이내라도 분할출원을 할 수 없다. 하지만 재심사 청구 후 거절결정등본 송달로부터 3개월 이내라도 변경출원은 할 수 있다 라고 하셨는데 분할출원과 변경출원의 차이가 무엇인지 기억이 안납니다.,"잘못 알고 있네요. 분할출원은 할 수 있는데, 변경출원은 할 수 없습니다. 변경출원은 최초 거절결정등본의 송달일로부터 3개월 이내에 가능하기 때문입니다. 열공하세요~", ,,22.12.15
특허법,조문,54조,"[54조, 55조] 우선권 주장의 독립성?댓글수1",조약우선권의 경우 기초출원과 분할하여 우선권만을 양도할 수 있는 독립성이 있는데 국내출원의 경우에도 이와 같이 국내우선권만을 양도받아 국내우선을 주장하며 출원할 수 있는지 궁금합니다.,"기본서에 다음과 같이 기술되어 있네요. ""승계인은 조약에 의한 우선권주장과는 달리 우선권의 승계는 필요로 하지 아니한다. 이는 조약우선권은 제1국 출원을 기초로 제2국에 출원하는 것이므로 특허독립의 원칙에 따라 별도로 제2국에 우선권을 주장할 수 있는 권리가 필요하지만, 국내우선권은 국내에서의 특허를 받을 수 있는 권리의 승계만 있으면 충분하기 때문이다. """, ,,22.12.15
특허법,조문,54조,[54조] 조약우선권 최선성의 요건?댓글수1,"동일한 외국(예를들어 일본)에 같은 발명에 대한 출원(X1, X2)가 있고 X1과 X2가 1)같은 국가(일본)의 출원임 2) 우선권주장의 기초가 되지 않을 것 3) 공개되지 않았을 것 4) 취하, 포기, 거절되었을 것 5) 권리를 남기지 않았을 것 을 만족하여 X2를 가지고 유효하게 한국에 조약우선권 주장 출원(A)을 했다고 하자. 조약우선권 주장은 정형성만 만족하면, 즉 취소 또는 포기하더라도 타국에서 우선권 주장의 기초가 될 수 있다고 하는데 만약 출원인이 한국에 조약우선권 주장 출원(A)을 한 후 3국(미국)에서 X1의 권리자가 우선권주장(B)을 새로이 해버린다면 A출원의 우선권 주장은 어떻게 되는가?","A는 최선성의 요건을 만족하지 않으니, 우선권주장이 무효가 되고, 출원은 판단시점의 소급효 불인정됩니다. 열공하세요~", ,,22.12.15
특허법,조문,47조,[47조] 실체보정 주체적 요건 관련 질문?댓글수1,"안녕하세요 변리사님 Q1) 47조 보정의 주체적 요건은 분할출원과 동일하게 출원인과 동일인 또는 정당승계인이라고 봐야하는 것 맞나요? Q2) 공유인 특허를 받을 수 있는 권리로 공동특허출원했을 때, 공유자 중 1인이 단독으로 보정을 못 하는 것의 근거는 시행규칙 11조11호와 (분할출원과 동일하게) ""출원인이 복수인 경우에는 모두 일치하여야 하기 때문""이라고 보면 되나요?",1. 네 2. 공유자 중 1인이 단독으로 보정할 수 있습니다. 법 제11조제1항 본문이 적용됩니다., ,,22.12.15
특허법,조문,36조,[36조] 선출원지위 심사 관련 질문?댓글수1,"안녕하세요 변리사님 Q1) 출원의 취하는 소급효이고, 포기는 장래효 맞나요? Q2) 선출원지위는 출원의 무효,포기,취하,거절결정의확정,무권리자의출원이면 인정되지 않으므로, 출원의 포기가 장래효와는 상관없이 선출원지위가 인정되지 않는 것 맞나요? Q3) 후출원의 36조 위반여부 판단시에 선출원이 아직 등록여부결정되지 않아서 심사 중인 경우에, 후출원은 심사중지를 하나요? 아니면 선출원 등록여부결정 전이라도 바로 36조 위반인가요?",1. 모두 소급 소멸입니다. 2. 소급효이므로 인정되지 않습니다. 3. 선출원을 발견하면 심사를 보류합니다. 시행규칙 제40조를 확인해 보세요. 열공하세요~, ,,22.12.15
특허법,조문,29조,[29조] 기출문제 질문드립니다?댓글수1?사진첨부,,"1. 불가능합니다. 2. 네 3. 예를 들어, 1. 종이, 2. 종이의 제조방법인 경우 종이 및 그 종이의 제조방법과 같이 기재하면 됩니다. 기본서를 한 번 살펴보면 자세히 설명 되어 있습니다.", ,,22.12.16
특허법,조문,42조,[42조8항] 다항제기재방법?댓글수1,안녕하세요 교수님 리담객관식 275페이지 3번지문에서 청구범위에 2이상의 카테고리를 기재하는 경우에는 이들 복수의 카테고리를 모두 포함하는 간단 명료한 명칭으로 기재해야한다. 부분에서 1. 본래 한 청구항에 다른 두 카테고리기재가 가능한지? (불가능하다면 마쿠쉬방식으로 기재하여도 불가능한지) 2. 불가능하다면 위 지문에 ‘청구범위’에 2이상의 카테고리를 기재하는 경우란 각각의 청구항에 다른 카테고리를 기재하였음을 이야기하는것인지 3. 또한 이들 복수의 카테고리를 포함하는 간단 명료한 명칭이란 표현이 잘 와닿지않는데 예시를 들을 수 있을까 하여 질문드립니다! 항상 감사드립니다.,, ,,22.12.17
특허법,조문,55조,"[55,56조] 국내우주 조문관련하여 질문드립니다.?댓글수1","안녕하세요 임병웅변리사님. 국내우주 조문관련하여 헷갈리는점이 생겨 질문드립니다. 특허법55조8항에서는 국내우주의 기초가 된 선출원은 설정등록을 받을 수 없다. 라고 나와있고 56조 1항 2호를 보면 국내우주의 기초가 된 선출원이 설정등록되었으면 취하된 것으로 되지않는다. 라고 나와있는데, 이 두 조문이 모순?되는게 아닌가싶어 헷갈립니다. 제가 어느부분을 놓치고있는지 궁금합니다. 항상 좋은강의 감사드립니다.","네. 모순입니다. 설정등록을 받을 수 없으니, 법 제56조제1항제2호에서 설정등록은 입법불비입니다.", ,,22.12.29
특허법,조문,42조의3,[42조의 3] 원문주의?댓글수1,리담 특허법 322페이지에서 정정된 국어번역문이 보정에 대한 신규사항의 판단기준이 된다. 라고 되어있습니다 1. 최근에 외국어 특허출원과 관련하여 원문주의를 취한다고 배운기억과 충돌하는 것 같습니다. 둘은 어떻게 구별되는 것인지 궁금합니다. 2. 같은 페이지에서 정정된 국어번역문에는 보정의 효과를 부여하지 않는다고 되어있습니다. 이 문장 자체는 이해가 되는데 보정의 효과는 부여하지 않으면서 왜 보정에 대한 신규사항의 판단기준이 되는 것인지 궁금합니다. 문제 풀이 할 때 무리가 없던 파트여서 가볍게 넘어갔던 것 같은데 오늘 천천히 읽어보니 이해가 되지 않아 질문드립니다. 감사합니다 . 새해 복 많이 받으세요 !,"1. 원문주의는 법 제47조제2항전단을 말하고, 편의성을 위해서는 법 제47조제2항후단도 만족해야 하는데, 이 때 정정된 국어번역문을 기준으로 한다는 것입니다. 2. 보정에 대한 신규사항추가의 판단대상으로 인정하지 않으면, 보정한 것은 계속 법 제47조제2항후단 위반이 될 수밖에 없습니다.", ,,23.01.03
특허법,조문,47조,[47조] 실체보정 조문관련하여 질문드립니다.?댓글수1,안녕하세요 임병웅변리사님. 특허법 47조 4항을 보면 47조1항1호 및2호에 따른 기간에 보정을 여러차례하는경우 마지막 전에 한 모든보정은 취하된 것으로 본다고 나와있는데 그럼 재심사청구시(47조1항3호)에 여러차례 보정이 있는경우는 어떻게 처리 되는지 궁금합니다. 항상 좋은강의 감사드립니다!,"재심사청구시, 즉 그 때에만 보정할 수 있기 때문에, 여러 차례 보정이 불가능합니다.", ,,23.01.04
특허법,조문,29조,[29조 3항] 확선 판단?댓글수1,"안녕하세요. 리담객관식 16판 문제에서 확선과 선출원에 관한 설명으로 옳지 않은 것을 고르는 문제가 있는데요~ 1. '확대된 선출원'은 특허청구범위, 명세서 또는 도면에 기재된 사항에 대하여 선출원의 지위를 인정하지만... 3. '확대된 선출원'에 있어서는 선출원의 발명자와 후출원의 발명자가 동일한 경우 후출원은 선출원에 의해 배제되어야 하지만, '선출원'에서는 선출원 발명자가 후출원 발명자와 동일한 경우라도 후출원을 배제할 수없다. 라고 되어있습니다. 3번이 완전히 틀려서 답은 3번이겠지만, 1번 또한 의문이 드는데요. 확선은 '최명도'에 기재된 사항에 대하여 선출원의 지위를 인정하는 것이라고 볼 때 1번에서 그냥 '명도'라고 표현한 부분은 틀린거 아닌가요?? 특허법 기출문제들을 보면 정말 이렇게 사소하게 틀린 걸로도 많이 장난치기에 매사에 이렇게 볼 수밖에 없는데 왜 1번이 맞는지 잘 모르겠습니다! 그럼 답변기다리겠습니다. 감사합니다.","네, 정확히 표현하면 맞다고 말할 수 없습니다. 다만, 객관식은 상대적으로 가장 옳은 것, 틀린 것을 고르는 것이지, 절대적 진리를 추구하지는 않기 때문에, 상대적 풀이를 해야 합니다.", ,,23.01.04
특허법,조문,29조,(29조) 신규성에서의 공지?댓글수1,"안녕하세요 변리사님 신규성을 판단함에 있어 두 판례가 다르게 느껴져서 여쭤봅니다 특허법원 2018. 1. 11. 선고 2017나1247 판결은, ""화학물질이나 의약품 등의 경우에는 통상의 기술자가 특허발명의 출원일 또는 우선권 주장일 전에 사용할 수 있었던 분석방법을 통해 과도한 노력을 기울이지 않고 그 조성이나 성분을 알 수 없었다면 비록 공연히 판매되었더라도 불특정다수인이 인식할 수 있는 상태였다고 볼 수 없다. 불특정다수인이 발명의 내용을 인식할 수 있는 상태에 놓인 점에 대해서는 이를 등록무효사유로 주장하는 자가 증명하여야 한다. 이러한 증명은 판매된 제품의 모든 성분이나 조성을 정확히 재현하는 정도에 이를 필요는 없으나 적어도 그로부터 특허발명과 대비되는 선행발명의 구성요소를 확인할 수 있을 정도여야 한다.""라고 말하고 있습니다. 그런데 2017후 1304판결 에서는 특허발명이 해당 구성 또는 속성으로 인한 물질의 새로운 용도를 특허의 대상으로 한다는 등의 특별한 사정이 없는 이상 공지된 물건에 원래부터 존재하였던 내재된 구성 또는 속성을 발견한 것에 불과하므로 신규성이 부정된다. 이는 통상의 기술자가 출원 당시에 그 구성이나 속성을 인식할 수 없었던 경우에도 마찬가지다 라고 나와있습니다. 왜 두 판례에서 통상의 기술자가 출원 당시 그 물건의 구성요소를 몰랐음에도 결론에 있어서 차이가 나는것인가요? 제가 생각한 이유는 의약발명의 경우엔 용도가 발명의 구성요소여서 아래 판례에서의 특별한 사정으로 보았는데 다른이유가 있을까요?","두 판결의 요지를 잘못 이해하고 있네요. 2017나1247 판결은 제품을 판매하더라도 제품의 성분이 분석이 안 되어 공지가 되지 않았다는 것이고, 2017후1304 판결은 제조방법이 공지된 경우 그 제조방법에 의해 필연적으로 그 물건이 제조된다면 물건발명도 공지된 것이라는 것입니다.", ,,23.01.05
특허법,조문,,특허법 출원과 절차의 처분대상?댓글수1,"특허법에서 각 절차와 OA가 어떻게 되는지 정리가 잘 안됩니다. 출원 / 보정 / 심판청구 / 취소소송에서 어떤 과정에서 어떤 요건을 만족하면 어떤 OA를 하는지 정리가 잘 안됩니다. <출원> 1. 출원에서 보정명령 후 무효처분을 내리는 행대방수의 위반에서도 방식위반이라 하는 것이 어떤 것을 의미하는지 모르겠습니다. 출원서에 똑같이 기재하지 않은 것이라도 보정명령을 하는 것이 있고 불수리 처분을 하는 경우가 있는데 어떤 차이가 있는지도 궁금합니다. <절차> 46조에서 특허에 관한 절차라 할 때 이절차가 어떤 대상을 말하는지, 출원과 실체보정, 심사청구 이외에 해당되는 것이 있는지 궁금합니다.","1, 불수리 사유는 제한열거적이고, 불수리 사유에 해당하지 않은 하자는 전부 방식위반이라고 보면 됩니다. 2. 조기공개신청, 우선권주장절차, 공지예외적용절차, 미생물기탁절차 등 특허법 전반에 걸쳐 너무 많습니다. 질문규칙에 맞지 않으니, 제목에서 [제46조]를 추가해 주세요.", ,,23.01.05
특허법,조문,42조,[42조] 보정 불수리?댓글수1,"안녕하세요, 보정과 불수리를 구분하는 방법에 대해 질문드립니다. 42조 같은 경우에는 수업자료를 통해 보정과 불수리를 구분해서 외울 수 있었는데요, 그 외에 특허법 전체 조문에서 다양한 곳에서 보정과 불수리가 나오는데 그때마다 각각 따로 외워야 하는것인지 궁금합니다. 혹시 보정과 불수리를 쉽게 구분할 수 있는 어떠한 대원칙이 있을까요?? 감사합니다.","불수리는 제한열거적이니, 암기를 하면 되나, 처음부터 암기를 하는 것은 무리가 있고, 회독수를 늘리다 보면 경미한 하자인지 아니며 중대한 하자인지에 대한 감(?)을 찾을 수가 있습니다.", ,,23.01.08
특허법,조문,52조,"[52조, 54조]?댓글수1","안녕하세요, 변리사님 우선권주장이 수반된 출원을 기초로한 분할출원을 함으로써 그 분할출원에도 우선권주장이 자동으로 간주되는데, 이때 그 원출원이 1국 출원일로부터 1년 4개월 내에 증명서류를 제출하지 않은 경우에 그 분할출원은 최우선일로 부터 1년 4개월과 분할출원을 한 날로부터 3개월 중 늦은날까지 조약우주에 관한 증명서류를 제출할 수 있다고 하셨는데, 이때 원출원이 증명서류를 제출하지 않음으로써 우선권 주장의 효력을 잃게 되더라도 이미 자동으로 우선권주장의 효력을 받은 분할출원에 대해서는 우선권 주장이 계속 유지되는 건가요? 그리고 위와 같은 경우에서 분할출원을 먼저하여 자동 우선권주장의 효력을 받고 난 이후, 원출원에 대해서 증명서류를 제출한다면 그때도 분할출원이 대해서도 함께 제출된 것으로 간주가 되는것일까요?? 감사합니다.","네, 그렇습니다.", ,,23.01.08
특허법,조문,54조,[54조] 조약우주?댓글수1,"안녕하세요, 간단한 의문이지만 잘 모르겠어서 질문드립니다. 갑: 외국 A출원 한국 A출원 (조약우주) ------ㅣ------------ㅣ------------------ㅣ----------------------------- 을: 한국 A출원 이런 상황에서 갑이 조약우선권주장을 하면 을의 한국 A 출원은 어떻게 되는지가 궁금합니다. 다른 조건이 없다면 갑의 한국 A출원은 판단시점이 소급되어서 을의 출원에 영향을 받지 않고 등록이 될 것 같은데, 그렇다면 을의 한국 A출원은 어떻게 되는건가요?","?갑의 한국출원에 의해, 제29조제3항, 제36조 위반이 됩니다.", ,,23.01.11
특허법,조문,38조,[38 4항 5항] 특받권 상속?댓글수1,안녕하세요. 리담 객 222번 문제 관련 질문드립니다. 3번 지문에서 병이 b발명을 특허출원하고 b발명에 대한 특받권을 무에게 양도하기로 하는 약정을 한 후 사망한 경우 병의 아들 정은 별도의 절차없이 b발명에 대한 특받권을 무에게 주장할 수 있다. (o) 라고 되어있는데 38조 4항 5항에 따라 상속의 경우 특받권은 상속시 효력이 발생한다고 해도 양도약정을 한 후 포괄승계 했기 때문에 양도인의 지위를 승계한 정이 양수인인 무에게 대항할 수 없지 않나요??? 감사합니다.,"출원인변경신고가 효력발생요건이기 때문에, 포괄승계를 한 경우 계약상의 효력을 주장하는 것은 별론으로 하고, 특허법에서는 승계의 효력이 발생하지 않는다는 것입니다.", ,,23.01.12
특허법,조문,51조,[51조] 보정각하 불복?댓글수1,"안녕하세요 임병웅 변리사님, 51조 3항 관련 질문드립니다. 기출 51회 2번 - 출원인이 특허거절결정에 대응하여 재심사를 청구하는 경우 그 청구 전에 있었던 보정각하결정에 대하여는 불복할 수 없지만, 그 재심사에 따른 특허거절결정에 대하여 불복심판을 청구한 경우 그 심판에서는 이를 다툴 수 있다. (X) -> 여기서 뒷부분은 51조 3항에 의해서 X라고 판단되는데, 앞부분이 맞는 것인지 확인 질문 드립니다. 재심사 청구시 재심사 청구 전 보정각하 결정에 대해 충분히 다툴 기회를 주었기 때문에 재심사 청구 전 보정각하결정에 대해 거불심청구시 다툴 수 없다라고 리담 특허법에서 보았는데, 그렇다면, 재심사청구시 재심사 청구 전 보정각하 결정에 대해서는 재심사 단계에서 다툴 수 있는 것인가요? 따라서 앞부분 지문은 O가 되는 걸까요? 감사합니다!!","네, 다툴 수 있습니다.", ,,23.01.13
특허법,조문,34조,"[34, 35조] 불수리 기준시점이 궁금합니다?댓글수1","안녕하세요 강사님 리담 최신판 404페이지인데요 청구범위를 적지 아니한 명세서를 출원서에 첨부하여 특허출원한 정당한 권리자출원으로서 그 특허출원 당시에 이미 출원일로부터 1년 2개월이 되는 날(다만, 기한 이전에 출원심사 청구의 취지를 통지받은 경우 그 날부터 3개월이 되는 날 또는 출원일부터 1년 2개월이 되는 날 중 빠른 날)이 지났을 경우 불수리된다 이게 잘 이해가 안되는데요 이 경우 출원일이 무권리자 출원일이 기준이 되나요?","?네, 출원일의 소급효가 인정되는 정당한 권리자 출원을 설명하고 있습니다.", ,,23.01.16
특허법,조문,55조,[55조] 이중 우선권 주장의 우선권 효과 인정?댓글수3,"안녕하세요 변리사님, ""선출원이 우선권주장을 수반하는 경우, 후출원에서는 [선출원에 대하여 새로 추가된 사항에 대해서만] 우선권의 효과를 인정한다""라는 보기가 왜 맞는 보기인지 이해가 가지 않아 질문드립니다. 주어진 상황에서 [선선출원 -> 선출원 -> 후출원]이라고 한다면, 후출원에서 '선출원에 대하여 새로 추가된 발명'은 우선권의 효과가 인정되지 않는 것 아닌가요? 아니라면 '선출원에 대하여 새로 추가된 사항에 대해서만'의 선출원을 선선출원으로 해석해야 하는 것인가요?","선선출원 A - 선출원 A, B - 후출원 A, B, C라고 했을 때, 후출원 A, B, C 중 B는 선출원에 대하여 새로 추가된 사항에 해당합니다. 이 때, 후출원 A, B, C 중 B만 선출원일로 판단시점의 소급효가 인정된다는 것입니다.", ,,23.01.18
특허법,조문,30조,[30조] 공지예외적용주장이 부적법한 경우의 취급?댓글수1,Q. 특허출원이 비용이함에도 불구하고 공지예외적용주장을 하는 이유는 특허출원 등록이 가능한지 가능하지 않은지 잘 모르겠어서 안전하게 일단 공지예외적용주장을 하는 것이다. 일단 공지예외적용주장을 해서 적법하면 공지가 안된걸로 봐주기 때문이다. 라고 이해했습니다. 제가 옳게 이해하고 있는건가요?,"?네, 맞습니다.", ,,23.01.18
특허법,조문,45조,[45조] 일군 발명의 단일성 판단 관련 질문?댓글수7,"안녕하세요 변리사님 ""실용신안등록출원은 하나의 총괄적 고안의 개념을 형성하는 1군의 고안을 1실용신안등록출원으로 할 수 있으며, 이때 청구된 고안들의 기술적 특징은 전체 고안들 중 어느 하나 이상이 선행기술에 비해 개선된 것이어야 한다."" 단일성을 판단할 때는 발명 '전체'로 보아 선행기술에 비하여 개선된 것인지 여부를 판단한다고 알고 있는데, 그러면 위 지문을 틀린 것 맞나요??","어디서 틀렸는지 모르겠네요. 선행기술에 비해 개선된 기술적 특징이 동일하거나 상응한다면, 단일성을 만족합니다.","실용신안법 제4조 제2호에 따르면, 청구된 고안들이 동일하거나 상응하는 기술적 특징을 가지고 있을 것. 이 경우 기술적 특징은 고안 전체로 보아 선행기술에 비하여 개선된 것이어야 한다. 즉, 고안 전체로 보아 선행기술보다 개선되어야 해서 틀린 지문이라고 생각했습니다 아닌가요..?","맞는 지문입니다. 전체 중 하나만 기술적 특징을 공유(동일/상응)하면 되는데, 문의한 지문은 하나 이상이라고 했으니까요. 열공하세요~",23.01.19
특허법,조문,29조,[29조] 공지에 의한 신규성 상실?댓글수1,"안녕하세요 판례강의를 듣던 중 궁금증이 생겨 질문 드립니다. 출원공개 없이 설정등록된 경우에는 216조에 의해 서류의 열람이 가능하기 때문에 등록공고 전이라도 공지기술의 지위를 갖게 됩니다. 이 경우 설정등록에 의해 공지기술의 지위를 갖게되는 시점은 등록원부 생성시점부터라고 하셨는데, 그럼 특허청 심사관의 비밀유지의무가 해제되는 시점도 그 시점부터로 보는 것인지 궁금합니다. 만약 해제 시점이 별도로 규정되어 있다면 언제부터인지 역시 궁금합니다.","네, 공지란 불특정인이 알 수 있는 상태에 놓은 것을 의미하는 것입니다. 등록원부가 생성되어야 아무나(불특정인) 열람할 수 있는 상태이므로, 공지가 되는 것입니다. 심사관의 비밀유지의무 해제도 마찬가지입니다.", ,,23.01.22
특허법,조문,36조,[36조] 특허권의 무효와 선원 지위?댓글수1,"변리사님 안녕하세요. 1. 특허권이 무효가 된 경우에는 처음부터 없었던 것으로 보기 때문에 선출원의 지위를 불인정한다고 하는데, 후발적 무효사유로 무효가 된다면 무효사유에 해당한 때부터 소멸하므로 선출원의 지위가 인정되는 것인가요? 2. 만약 그렇다면 시험에서 나왔을 때 “특허권이 무효로 된 경우 선출원의 지위 인정할 수 없다” 라고 나오면 맞다고 해야하나요 틀렸다고 해야하나요?",". 네. 판례는 없지만 그렇게 해석이 됩니다. 2. 상대적으로 볼 수 밖에 었을 것 같네요. 후발적 사유를 제외하여야 하니, 절대적인 진리 측면에서는 맞았다고 단정할 수는 없습니다. 다만, 판례의 문구가 그대로 출제된 경우 맞았다고 처리될 수 있으니(실제 기출도 그렇게 처리됨), 결국 상대적 풀이를 할 수밖에 없네요. 참고로 판례의 문구는 다음과 같습니다. ""동일인이 동일 고안에 대하여 같은 날에 경합출원을 하여 모두 등록이 된 경우에 그 후 어느 한 쪽의 등록이 무효로 확정되었다면 나머지 등록을 유지, 존속시켜 주는 것이 타당하고 당초에 경합출원이었다는 사실만으로 나머지 등록까지 모두 무효로 되는 것은 아니다.""", ,,23.01.23
특허법,조문,29조,[法 29] 진보성?댓글수1,"진보성에서 일반적 판단방법에 '구성의 곤란성' 과 '효과의 현저성'이 있는데, 여기서 효과의 현저성은 출원당시의 기술수준을 보아 예측할 수 없는 유리한 효과(이질효과/동질우수효과)라고 써져 있는데 이질효과는 무엇이고 동질우수효과가 무엇인지 잘 이해가 되지 않습니다. 이질효과와 동질우수효과에 예를 들어주셨으면 좋겠습니다. 일단은 이질적인 효과는 의학발명에서 부작용을 최소화하는 것 이고 동질우수효과는 예측 범위를 넘는 우수한 효과라고 생각하고 있는데, 제가 판단한게 옳은건지 말씀해주셨으면 좋겠습니다.","선행발명은 30% 수율의 A 효과가 있다고 했는데, 출원발명이 60% 수율의 A 효과가 있다면 동질의 우수효과이고, 출원발명이 A 효과 이외의 B 효과도 있다면 이질적인 효과입니다. 열공하세요~", ,,23.01.25
특허법,조문,51조,[51조] 재심사청구시 보정각하 관련 질문?댓글수1,"안녕하세요 변리사님 재심사 청구시 보정된 발명이 신규성 또는 진보성이 없어 특허를 받을 수 없는 경우에는 심사관은 보정각하하고 거절결정을 하여야 한다. 위 지문이 틀린 이유가 무엇인가요? 51조1항3호는 그 근거가 아닌 거 같은데, 맞나요??","근거는 법 제51조제1항본문입니다. 보정에 의해 새로운 거절이유가 <발생>한 경우에만 보정각하되고, 기존부터 있었던 거절이유라면 보정인정되고, 거절결정됩니다. 열공하세요~", ,,23.01.25
특허법,조문,52조,"[52조~56조] 이익제도와 공개, 확대된 선출원의 지위?댓글수1","확선 관련해서 계속햇갈립니다. 분할, 분리, 변경, 조약우선, 국내우선에서 기초출원과 후출원이 있을 때, 1. 공개와 관련해서 후출원의 공개시에 기초출원의 명세서, 도면이 같이 공개되는 것은 국내우선권 뿐이며 2. 확대된 선출원의 지위에서 확선의 소급효가 있는 것은 조약우선권, 국내우선권 뿐이다. 3. 다만 분할출원의 경우 기초출원이 존속하기 때문에 기초출원의 공개에 의해 기초출원의 최명도에 포함되어 있던 발명 역시 확선의 지위를 얻을 수 있으며 4. 분할, 변경출원의 경우 확선의 지위는 소급되지 않지만 기초출원과 후출원의 청구범위에 동시에 포함되는 발명은 출원일 소급효로 인해 선출원의 지위를 소급하여 가진다. 이렇게 이해했는데 틀린 부분이 있는지 궁금합니다.",?1-3. 맞습니다. 4. 기초출원의 최명도와 후출원의 청구범위입니다., ,,23.01.27
특허법,조문,54조,[54조] 조약우선권 취지기재 시기?댓글수1,조약우선권과 국내우선권을 출원시에만 주장할 수 있도록 하는 것은 실무적인 이유라고만 알고 있으면 되는지,법적 안정성 목적입니다., ,,23.01.27
특허법,조문,51조,[51조] 보정각하와 불복?댓글수1,"직권재심사 / 재심사 청구 후 취소된 거절졀정의 ""보정각하""에 대해서는 불복할 수 없다고 규정하는데 취소된 거절결정에서 ""거절결정"" 이 부적법했다면 이에 대해서는 재심사의 거불심에서 다툴 수 있다는 의미가 맞는지",뭘 물어보는지 모르겠군요. 법 제51조제3항의 Case는 기본서에 그림이 있으니 참고하세요., ,,23.01.27
특허법,조문,47조,[47조] 의견서 제출기간?댓글수1,"1. 수업에서 의견서는 불수리의 대상이 아니라 했는데 보정 등에서 ""의견서"" 제출기간이라는 것이 어떤 의미인지. 2. 이 기간동안은 심사에 대한 결정을 하지 못하도록 기간을 보장하고 그동안 보정을 할 수 있도록 하는 것이라고 이해하면 되는것이 맞는지",?1.2. 보정도 할 수 있는 기간입니다., ,,23.01.27
특허법,조문,35조,[35조] 기일의 계산?댓글수1,"객관식 p.310 (2) 24. 5. 1 등본송달, 거절결정 확정일 ⇒ 24. 8. 1 / 24 : 00까지 거불심 청구 가능. 00시에 만료이므로 기산일은 8.2 → 30일내에 정당권리자 출원 가능 → 9.1 전날까지 정당권리자 출원 가능 → 8.31까지가 아닌지",?8월 31일까지입니다., ,,23.01.27
특허법,조문,29조,[29조] 공연실시과 공지의 구분?댓글수2,객관식 p.126 (3) 공연실시이기는 하지만 과즙압축기의 경우 발명의 구성이 외부로 드러나지 않았다면 공개된 것으로 보지 않는다고 할 수 있는 것이 아닌지,외부로 드러나지 않았다면 공연실시가 아닙니다., ,,23.01.27
특허법,조문,35조,"[35조, 99조] 법조문 비교?댓글수1","변리사님 정당한 권리자의 보호에서 34조가 해석 상 특허등록 전에도 특허무효사유에서 제외되므로 선의의 무권리자의 특허를 죽이지 않고, 정당한 권리자가 특허권을 이전청구하여 이전등록 받을 수 있다고.이해하였는데, 옳게 이해한건가요? 그렇다면, 34조의 세트는 104조로 알고 있는데, 위의 경우에서는 34조의 세트가 103조의 2인건가요?","잘못 이해하고 있습니다. 제34조는 무권리자 출원이 <출원>중인 경우에 적용되는 것입니다. 따라서, 제99조의2는 적용되지 않습니다.", ,,23.01.28
특허법,조문,29조,[29조] 권리범위부정과 행정처분의 공정력?댓글수1,"안녕하세요 18년 기출 2번선지 특허가 진보성이 없어 무효사유가 있는경우에 특허무효사유에서 무효심결이 확정되지 않으면, 특별한 사정이 없는 한 다른 절차에서 그 특허가 무효임을 전제로 판단할 수는 없으므로, 특허발명이 공지의 기술인 경우 등을 제외하고는 특허발명의 진보성이 부정되는 경우에도 권리범위확인심판에서 등록된 특허권의 효력을 당연히 부인할 수는 없다. '특허권의 효력을 당연히 부인할 수는 없다'이 부분은 행정처분의 공정력을 말하는 것 아닌가요? 특허발명이 공지의 기술인 경우에도 권리범위가 부정되는 것이지 특허권의 효력을 부인할 수는 없는 것 아닌가요? 두가지가 같은표현인지 질문드립니다.","네, 같은 표현입니다.", ,,23.01.29
특허법,조문,52조,[52조]분할출원?댓글수1,안녕하세요 원출원에서 공지예외주장 없이도 분할출원 시 가능한 것은 알고 있는데 공지일로부터 12개월 내에 분할출원을 한다면 당연히 가능한 것이고 원출원이 12개월 이내라면 분할출원은 12개월 내에 출원하지 않아도 공지예외주장이 가능한 것이 맞나요? 감사합니다,"네, 맞습니다.", ,,23.01.30
특허법,조문,37조,37조-38조?댓글수1,"2인 이상이 공동으로 발명한 경우 특허를 받을 수 있는 권리는 공유로 하며, 공유자 전원이 공동으로 출원하지 아니하면 절차무효사유가 된다. 위 선지의 경우 절차무효사유가 아닌 거절이유, 정보제공이유, 특허무효사유가 되므로 틀린선지인가요?","네, 그렇습니다.", ,,23.01.30
특허법,조문,35조,"[35조, 99조] 법조문 비교 (수정)?댓글수1","변리사님 제가 전에 잘못 이해하여, 다시 아래와 같이 이해했는데 이번엔 옳게 이해한 건지 확인부탁드립니다. 1. 33조 1항 본문 위반의 경우, 정당한 권리자의 보호는 투 트랙(정당한 권리자 출원의 무권리자의 출원일로 소급에 의한 보호, 특허권의 이전청구에 의한 보호)이 있다. 특허등록 후 서로 대응되는 조문: 99조의 2 & 35조 특허등록 전 서로 대응되는 조문(조문이 없으면, 해석): 해석상 특허등록 전에도 이전청구에 의한 출원인변경신고가 가능하다 & 34조 2. 44조 위반의 경우, 정당한 권리자의 보호는 원 트랙(특허권의 이전청구에 의한 보호)만 있다. 특허등록 후 조문: 99조의 2 특허등록 전 조문(조문이 없으면, 해석): 해석상 특허등록 전에도 이전청구에 의한 출원인변경신고가 가능하다","네, 맞습니다. 기본서의 정당한 권리자 파트를 확인해 보세요.", ,,23.01.30
특허법,조문,52조의2,[52조의 2] 분리출원?댓글수1,"안녕하세요 변리사님. 52조의2 2항에 따라 분할출원에서 준용하는 규정 중 조약우주 증명서류 제출 특례가 빠져 있는데, 그러면 분리출원에는 조약우주 증명서류 제출의 특례가 적용되지 않나요??",?네 그렇습니다, ,,23.02.01
특허법,조문,55조,[55조] 이중우주의 확선 지위?댓글수2,"안녕하세요 변리사님. 이중우주와 확선 지위 배제에 관하여 질문이 있어 글 남깁니다. 질문을 위해 모두 적법한 우선권 주장이 이루어진 최선출원(발명 A), 최선출원을 기초로 한 선출원(발명 A,B), 선출원만을 기초로 한 원출원(발명 A, B, C)가 있다고 가정하겠습니다. 제 55조 제 5항에 의해 발명 A는 원출원과의 관계에 있어 확대된 선출원의 지위가 발생하지 않는다는 것은 명백하게 이해가 갑니다. 또한 제 56조 제 1항에 의해 최선출원은 선출원의 우선권 주장으로 인해 최선출원일 후 1년 3개월이 지난 때에, 선출원은 원출원의 우선권 주장으로 인해 선출원일 후 1년 3개월이 지난 때에 취하간주될 것으로 알고 있습니다. 그렇다면 1. 우선권 주장에 관한 보정이 없다고 할 때 발명 A는 원출원과의 관계에 있어서 판단시점이 소급되지 않을 텐데, 최선출원과 선출원의 취하 간주로 인해 타인의 발명 A 출원에 대해서 신규성 등의 어떠한 지위도 가지지 않는가요? 간단히 말해서 최선출원과 선출원이 취하간주되면 선원의 지위도 발생하지 않을텐데 그렇다면 선출원과 원출원 사이에 타인의 발명 A 특허출원이 있을 때 등록여부에 문제가 없는지에 대한 질문입니다. 2. 만약 원출원에서 발명 A를 삭제하는 보정을 하였다면 선출원에서 발명 A에 관한 우선권 주장의 효력과 원출원에서 발명 B에 관한 우선권 주장의 효력이 모두 유지되나요? 아니면 발명 A는 최선출원, 선출원이 취하간주됨에 따라 그 효력등이 소멸하여 원출원에서 발명 B에 관한 우선권 주장의 효력만이 발생하고, 발명 A의 효력발생을 위해서는 복합우선 또는 분할출원 후 우선권주장 취하의 방식으로 진행해야 하는지가 궁금합니다. 2-1. 만약 앞선 2번의 질문의 답이 '효력이 모두 유지된다'라면, 제 55조 제 4항에서의 출원공개 간주와 확선 지위 부여에 있어서 발명 A는 '원출원이 출원공개 된 때 최선출원일에 출원한 것'처럼 확선의 지위를 부여하는 것이 맞나요? 2번의 답이 효력이 모두 유지가 안된다면 문제될 것이 없는 질문이지만, 이중우주 부분에 헷갈리는 부분들이 많아 이 또한 질문 남깁니다. 궁금한 것을 질문하고, 또 질문하는 과정에서도 다른 궁금점이 생겨 질문하다보니 글이 조금 두서 없을 것 같아 죄송합니다. 질문이 이상하거나 잘못된 부분 말씀해주시면 시정하겠습니다. 항상 좋은 강의 감사합니다.","1. 선출원이 일반적으로 공개후 취하되니 A,B에 대한 공지기술의 지위와 확선의 지위을 갖습니다. 2. 원출원에서 A삭제와 상관없이 B에 대해서는 소급효가 인정됩니다 이중우주의 기본 개념을 전혀 못 잡고 있습니다. 강의노트에 기본 개념과 등록금지적 효력에 대한 그림이 있으니 다시 살펴보는 것이 좋을 것 같네요", ,,23.02.01
특허법,조문,55조의2,[66조의2] 직권보정 등?댓글수1,"안녕하세요 제66조의2 “6항”에 따라 직권보정이 처음부터 없었던걸로 보는 경우에, 특허결정도 같이 취소되는건가요? 아니면 특허결정은 그대로 유지되는건가요? 감사합니다!!","허결정은 유지되되, 무효심판이 청구되면 정정으로 대응하면 됩니다.", ,,23.02.01
특허법,조문,51조,[51조] 직권보정?댓글수4,"안녕하세요 리담객관식 문제는 아니지만 한빛 모의고사1회 지문에서 궁금한 점이 있어 질문드립니다. 5-5. 심사관은 직권보정 전에 한 부적법한 보정이 특허결정이 취소된 후 발견된 경우에는 최후거절이유통지를 하고, 취소된 특허결정 전에 한 부적법한 보정이 직권재심사 후 발견된 경우 최초거절이유통지한다.(o) 위 지문 전단의 경우에는 부적법한 보정이 47조1항본문시기의 보정이라면 그 경우에도 최후거절이유통지를 하나요? 감사합니다","네, 언제 발생했는지에 따라 달라집니다. 원시적 발생했다면 최초거절이유통지를 합니다.","감사합니다! 그럼 본문과 1호시기 발생한 거절이유는 모두 최초거통이 맞고, 위 지문의 경우에는 다른 지문이 모두 명확하게 맞았어서 상대적풀이가 필요한걸로 이해하면 될까요?",잘못 이해하고 있네요. 1호 시기 발생한 것은 최후거절이유통지입니다.,23.02.01
특허법,조문,47조,[47조] 특허출원의 보정 (재질문)?댓글수1,"47조 1항 3호와 관련하여, 특허출원인은 그 특허출원에 관하여 특허결정등본을 송달받은 날부터 제79조에 따른 설정등록을 받기 전까지의 기간에 재심사를 청구할 수 있다는 조문에 대한 설명을 강의에서 해주셨는데 3개월 내까지 특허출원료를 납부하면 특허등록을 할 수 있고?? 다만, 그 전에 특허등록을 받으면?? ' ~~~~~ . 이 부분에 대한 설명이었는데, 제가 잘 이해하질 못했습니다.",그 전에 등록되면 보정하면서 재짐사청구를 못 합니다. 이 부분을 알고 싶은 걸까요?, ,,23.02.06
특허법,조문,51조,[51조] 새로운 거절이유의 의미?댓글수3?사진첨부,"1. 분할출원하고 재심사청구하면 됩니다. 2. 일률적으로 말할 수 없습니다. 각각의 제도 시기적 요건에 맞춰 암기해야 합니다. 예를 들어, 재심사청구후 거절결정되고 심판청구했는데 기각된 경우 분리출원가능합니다. 또 다른 예로, 최초거절결정등본송달일로부터 3개월이 아니라면 변경출원을 못합니다.",, ,,23.02.07
특허법,조문,52조,[52조 53조]?댓글수1,"리담특허 객관식 324번 문제 3번 지문에서 거절결정등본이 송달된 경우, 송달일부터 3개월 이내에 출원인은 재심사의 청구를 하면서 실체 보정을 하거나 거절이유가 존재하는 청구항을 분할출원을 할 수 있다. 보정기간과 분할출원의 기간이 동일하여 실질적으로 두 조치 중 하나의 조치만을 선택하여야 하는 불합리가 있다. 둘 다 가능하여 틀린 지문. 이라고 되어 있는데 1. 재심사의 청구를 하면 분할출원 못하지 않나요? 2. 더불어 다른 기간의 조건을 만족한다 가정할 때, 재심사 청구 후 분할출원 불가, 분리출원 불가, 변경출원 가능 거불심 청구 후 분할출원 가능, 분리출원 가능, 변경출원 가능 으로 정리해도 될까요?",, ,,23.02.08
특허법,조문,52조의2,[52조의2] 기간의 특례?댓글수1,"도해 132페이지 관련 질문입니다. 분리출원은 52조 6항을 준용하지 않으므로, 기간의 특례에서 조약우주 증명서류 제출은 빠지는 걸로 알고 있습니다. 근데 해당 페이지에서 분할분리변경출원의 경우 최우선일로부터 1년 4개월이 지난 후에도 분할출원 변경출원을 한 날부터 3개월 이내에 특허청장에게 제출 가능이라고 적혀있습니다. 원래 알고 있던게 맞는 것이죠??","네, 내용은 맞네요. 제목에서 다음과 같이 분리출원을 삭제하면 됩니다. <분할변경출원의 경우>", ,,23.02.11
특허법,조문,56조,[56조] 국내우선권 주장의 출원인?댓글수1,"변리사님 안녕하세요. 2017후 1274 판결에 따르면, 국내우주는 출원인이 일치할 필요가 없으므로, 특받권 양도계약을 했다면, 아직 출원인변경신고 전이라도 양수인이 국내우주출원을 할 수 있는 것이지만, 거절결정 불복심판청구 기각심결 취소소송의 경우 출원인이 일치할 필요가 있으므로, 등본송달일로부터 30일 내에 출원인 변경신고를 하지 않는다면, 이후에 변경신고를 하더라도 출원인 적격을 위반하여 심결각하 되는 것인지 궁금합니다. 감사합니다.",소송이니 심결각하가 아니라 소각하됩니다., ,,23.02.13
특허법,조문,33조,[33조1항본문] 무권리자임을 이유로 무효심판 청구하는 경우 입증책임?댓글수1,"임병웅변리사님 안녕하세요. 33조1항본문 위반을 이유로 무효심판을 청구하는 경우에 기존의 판례에선 1차적으로 심판청구인이 양 발명의 핵심기술이 동일함을 입증하면, 2차적으로 특허권자가 자신이 발명자/승계인임을 입증하면 되는 것으로 입증책임을 분배하였었는데, 이후 최신판례에서 두가지 모두 무효심판청구인이 입증책임을 부담한다고 변경된 것으로 알고있습니다. 근데 16판 도해특허법 p.70에선 '특허권자는 모임대상발명과 특허발명의 핵심기술이 동일하다는 점이 입증된 다음에, 특허발명이 모인대상발명의 기술을 도용한 것이 아니라 자신이 발명한 기술이라는 점을 입증할 책임을 부담' 한다고 나와있고, 16판 추록에도 이 부분은 별도로 나와있지 않아 어떻게 정리해야할지 질문올립니다..",추록 이후 나온 판례로 나중에 다시 추록이 나올 예정입니다., ,,23.03.09
특허법,조문,51조,[51조] 보정각하의 예외?댓글수1,"안녕하세요 임병웅변리사님! 도해책이나 강의노트에서 보정각하 예외가 크게 5가지로 분류되어 있는데, 거불복 심판에서 취소환송된 경우 취소환송 전 거절이유통지에 대한 보정에 따라 발생한 거절이유는 예외에 포함시키지 않는 이유가 따로 있나요?? 그리고 그 경우에 최초 거절이유통지를 하는 근거조문이 뭔지 못찾겠습니다ㅜ..","reset 되고 다시 시작하니, 포함시킬 이유가 없는 것입니다. reset 되는 근거는 법조문에 나와 있지 않고, 심사 실무상(심사기준) 그렇게 운영하고 있습니다. 열공하세요~", ,,23.03.13
특허법,조문,53조,53조[변경출원] 1항 1호 괄호?댓글수1,"변리사님 53조 1항 1호 괄호에 따르면, 거절결정불복심판청구기간은 연장 가능한데, 연장 가능한 기간은 지정기간 모두 다 & 법정기간(132조의 17 거절결정불복심판청구 기간)이다. 그래서 거절결정불복심판청구기간이 연장되면 변경출원할 수 있는 기간도 같이 연장된다라고 조문을 이해했는데요. 여기서 지정기간 모두 다 가 언제를 뜻하는 건가요?",지정기간 모두 다는 법 제15조 제2항을 말합니다. 법 제53조과 무관한 내용입니다. , ,,23.03.15
특허법,조문,30조,[30조]공지예외적용주장?댓글수1,"안녕하세요. 30조 공지예외적용주장 관련 질문 드립니다. 원출원이 공지예외주장을 하지 않았더라도 후출원이 분할출원,분리출원,변경출원 또는 국내우주출원인 경우에 후출원만 공지예외주장을 할 수 있나요? 기본서(리담특허법 21판, 394p, 상단2번째줄)에는 공지예외적용주장을 한 원출원이 있는 경우라는 표현이 있어서 항상 원출원이 공지예외적용주장을 한 경우에만 후출원도 공지예외적용주장을 할 수 있는 것인지 궁금합니다. 감사합니다.",?원출원의 공지예외적용주장과 무관하게 할 수 있습니다., ,,23.03.20
특허법,조문,52조,[52조] 분할출원에서 우선권 자동인정 제도?댓글수2,안녕하세요 임병웅 변리사님 우선권 자동인정 제도로 인해 분할출원 소급효의 예외인 확공조국등 중 조국 에 해당하는 것은 이제 삭제되는 건가요? 아니면 원출원에서 우선권 주장을 안한 경우에는 동일하게 적용하기 위해 남겨야 하는 건가요?,"1. 잘못 이해하고 있는 것이 있는데, 원출원에서 우선권주장을 안 하면 실무상 분할출원도 우선권주장을 할 수 없습니다. 2. 법 제52조제2항각호는 (1) 소급효가 인정되지 않는다, (2) 출원과 동시에 주장해야 한다. 의 의미를 가지고 있었는데, 자동주장간주로 인해 (2)의 의미가 없어지게 되었습니다. 다만, (1)의 의미는 아직도 유효합니다. 열공하세요~", ,,23.03.24
특허법,조문,52조,[52조] 분할출원에서 조약우선권 서류제출?댓글수1,"안녕하세요 임병웅 변리사님 52조6항의 실익이 궁금합니다. 52조4항에 따라 원출원에서 조약우주 + 54조4항 서류 제출하면, 후출원에서 해당 서류 제출한 것으로 봐주는데 52조6항이 굳이 있을 필요가 있나 궁금합니다. 원출원에서 서류 미제출한 경우에 분할출원에서 서류 제출할때나 필요한걸까요?","네, 원출원이 증명서류를 제출하지 않았을 때 실익이 있습니다.", ,,23.03.25
특허법,조문,54조,"[54,55조] 선,후출원의 출원공개 시점?댓글수1","안녕하세요 임병웅변리사님! 조약우주, 국내우주 모두 ‘후출원’의 출원공개시기는 빠른공개를 통한 공중이용도모 취지에서 ‘최우선일로부터 1년 6월 후’이고, 국내우주에서 추가적으로 55조 4항에 후출원이 출원공개/등록공고 되었을때 선출원도 출원공개가 된 것으로 본다는 규정은 선출원의 취하간주에 대비한 ‘선출원’의 공개시점에 대한 내용인 것이죠??",선출원일과 후출원일 공개 사이에서 확대된 선출원이 적용된다는 것입니다. 열공하세요~, ,,23.03.26
특허법,조문,54조,"[54, 55조] 시기적 요건 질문?댓글수1","안녕하세요 변리사님, 다름이 아니라 한 사안에서 54조, 55조를 동시에 쓰는 경우에 시기적 요건 만족 여부에 대해 헷갈려서 질문 남깁니다. 미국에서 19년 11월 30일에 출원하고, 국내에서 20년 11월 25일에 54조 주장 출원한 전제하에 국내에서 개량발명으로 55조 주장 출원하려면, 1년 기산 시점 기준을 19년 11월 30일로 해야하나요, 20년 11월 25일로 해야하나요?","기본발명에 대한 소급효를 어디까지 인정받고 싶냐에 따라 달라질 것입니다. 다만, 어차피 개량발명은 동일성이 없어서 소급효가 인정되지 않습니다. 열공하세요~", ,,23.04.07
특허법,조문,54조,[54조] 조문 질문?댓글수1,안녕하세요. 조문 관련 질문사항 있어서 글 남깁니다. 54조 6항에서의 제 3항에 따라 우선권을 주장한 자 와 7항에서의 제 1항에 따라 우선권을 주장한 자 에 어떤 차이가 있는지 궁금합니다. 감사합니다.,"3항에 따라는 ""출원과 동시에 주장한 자는""의 의미를 가지고 있습니다. 즉, 주장을 해야만 증명서류를 낼 수 있습니다.", ,,23.04.09
특허법,조문,47조,[47조] 제47조제1항제1호의 시기에서 원거절이유가 해소되지 아니하면 곧바로 거절결정되는지 여부?댓글수1,"안녕하세요 보정에 관해 복습을 하다 궁금증이 생겨 질문을 올립니다. 질문1. 실체보정에 대한 심사진행은 제일 먼저 원거절이유가 해소되었는지를 판단하는데, 만약 해소되지 않는다면 거절결정된다고 설명해 주셨습니다. 그러면 만약 제47조제1항제1호의 시기에 한 보정에 의하여 원거절이유가 해소되지 않으면 최후OA를 받지 않고 바로 거절결정되는지 궁금합니다. 질문2. (조문 해석을 통한 질문1의 이유 파악) 혹시 질문1에서 제가 생각한 것이 맞다면 원거절이유가 해소되지 않으면 제47조제1항에 해당하는 사항이 없기에 제62조에 따라 거절결정이 되는 것이 맞는지 또한 궁금합니다.",1. 네 2. 원거절이유가 해소되지 않으면 법 제63조제1항제1호에 해당하기 때문입니다., ,,23.04.13
특허법,조문,33조,"[33조] ""리담특허법 기출문제집"" p75 08번 4번 지문?댓글수1","안녕하세요? 특허법 기본이론 동영상 강좌 수강생 입니다. ""리담특허법 기출문제집"" p75 08번 4번 지문 관련해서 질문 드립니다. 4번 지문 : 특허청 직원인 ""병""으로부터 특허를 받을 수 있는 권리를 상속한 일반인 ""을""은 지체 없이 그 취지를 특허청장에게 신고하여야 한다. 1) 상기 지문에서""특허청 직원""이라는 부분을 고려하여 (33조 1항 단서) 특허청 직원은 재직중 특허를 받을 수 없어 특허 출원 전 Case만 고려 한다면 잘못된 판단일까요? 2) 잘못된 판단이라면 특허청 직원이 상속이나 유증을 통하여 받은 출원 중인 특허를(또는 특허 출원중 특허청 직원으로 재직 시작) 다시 일반인 ""을""에게 상속한 Case도 고려를 해야 하는게 맞아서 라고 보는게 맞을지요? 3) 아니면 5번 지문인 미성년자가 권리만을 얻거나 의무만을 면하는 법률 행위에 관한 지문이 명확히 틀린 지문이기에 4번 지문은 상대적으로 맞는 지문으로 보는게 맞다고 보아야 할지 문의 드립니다.","1. 네, 기본서 <출원인>에서 해당 파트를 각주 포함하여 자세 읽어 보세요. 2. 심사 당시 특허청 직원이 아니라면 법 제33조제1항단서가 적용되지 않습니다.", ,,23.04.17
특허법,조문,52조,[52조] 분할출원?댓글수2,"안녕하세요 기본서 451p 하단에 ""물론, 재심사 청구와 동시에 분할출원할 수는 있다.""라는 표현이 있는데 이 상황이 구체적으로 어떤 의미인지 잘 이해가 되지 않아 질문드립니다. 위 경우, 재심사는 분할출원하면서 동시에 감축보정된 원출원에 대해서 적용되는 건가요? 그리고, 이 경우에는 거절결정불복심판의 경우처럼 협의체 이슈는 생각하지 않아도 되는 건가요? cf. 그리고 기본서에서 언급된 심사기준들도 시험범위에 속하기에 교재에 수록하신 것인지 아니면 책의 다른 내용들을 더 잘 이해할 수 있도록 추가한, 보조적인 내용인 것인지도 궁금합니다. 항상 좋은 강의 감사드립니다.","1. 원출원과 분할출원은 별개의 출원입니다. 원출원은 감축하면서 재심사청구를 하고, 특허가능한 발명은 분할출원할 수 있다는 의미입니다. 2. 협의제 이슈는 생각해야 하고요. 협의제를 회피하는 방향으로 절차를 진행해야 합니다. 3. 당연히 시험에 나옵니다. 열공하세요~", ,,23.04.20
특허법,조문,30조,[30조] 제 3자의 출원과 신규성 위반으로 인한 거절결정 확정시점에 따른 확대된 선출원 지위의 여부?댓글수1,"출처: 리담특허법 기출문제집 101p 2번 ㄴ보기, 106p 8번 4번 보기 2번: 다음 보기 중 갑이 특허를 받을 수 없는 경우로만 묶인 것은? (단 필요한 경우 특허법 30조의 주장을 한 것으로 본다) ㄴ. 갑은 항암제를 발명하였고 이 발명을 비밀리에 알아낸 직장동료 을이 이를 2017년 8월 20일 공개하였다. 이 사실을 알지 못한 병은 갑과 동일한 발명을 하여 2017년 10월 19일 출원하였고 갑은 2018년 1월 21일 특허출원하였으며 병의 출원은 2018년 2월 14일 조기공개되었다. Q1. 이때 丙의 출원은 乙의 공개로 인해 신규성 위반으로 나중에 거절결정확정이 되어 죽지 않나요? 다만, 丙의 출원공개(2018.2.14) 전 후에 거절결정 확정 시점에 따라 甲의 출원이 확선 위반이 될 수도, 안될수도 있다고 생각하는데 (병의 거절결정이 공개 전에 확정되었다면 확선지위가 없음. 또는 병의 거절결정이 공개 후에 확정되었다면 확선 지위가 있음) 따라서 갑이 병의 거절결정확정시점에 따라 특허를 받을수도 있고 못받을수도 있다고 생각이 듭니다. 제 생각중 어떤 점이 잘못됐는지 알고 싶습니다. 8번: 갑은 자신이 개발한 발명 A의 제품을 2019. 9.1 판매하였고 그 판매 제품에 대해 고객의 의견을 받아서 발명 A에 구성 B 를 추가한 발명의 신제품 (A+B) 을 2020.5.1 판매하였으며 그후 갑은 특허법 제 30조(공지 등이 되지 아니한 발명으로 보는 경우) 의 규정에 의하여 2020.8.1 특허출원 (제1항:A 제2항:B) 을 하였다. 다른 거절이유가 없는 경우 갑의 특허출원과 그 특허심사에 관한 설명으로 옳지 않은 것은? 4)병이 갑의 판매제품을 인지하지 못한 상태에서 개발한 발명 B를 2020.7.1 특허출원한 경우, 갑은 제 1항에 대해서 특허를 받을 수 있지만, 제 2항에 대해서는 특허를 받을 수 없다. Q2. 丙의 B발명은 앞에 20.5.1일 판매한 甲의 A+B발명과 동일하므로 , 신규성 위반으로 나중에 거절결정이 되어서 죽을 운명이고, 출원공개가 되고 거절결정확정 시점에 따라 甲의 20.8.1 출원이 확선 위반이 될 수도 안 될수도 있다고 생각했는데 어떤 점을 잘못생각하고 있는지 알고 싶습니다.","1. 병의 출원이 공개전 거절결정이 확정되었다면 병 출원의 공개 자체가 안 됩니다. 모순되는 얘기를 하고 있네요. 2. 이 지문은 확선 위반이 될 수도 있고, 안 될 수도 있네요. 다만, 객관식은 상대적 풀이를 하는 것입니다.", ,,23.04.21
특허법,조문,29조,[29조] 구성요소와 발명 구분?댓글수2,"안녕하십니까 변리사님 제 3절 진보성 부분 전반에 걸쳐 구성요소 혹은 결합 발명을 표현할 때 + 로 표현하는 것에 대해 약간의 혼란이 와서 질문드립니다 제가 이해한 바로는 ( 발명 A에 대해 구성요소가 a, b, c가 있으면 발명 A는 (abc) 혹은 a + b + c로 표현하고 결합 발명을 표현할 때는 발명과 발명 사이 관계이므로 발명 A와 발명 B를 결합하여 A+B라는 발명을 하였을 때 결합의 + 도 판단 근거로 삼아 전체적인 유기적 결합 관계를 고려하여 진보성을 판단해야한다.) 입니다. 질문의 취지를 다시 요약해보면 기본서와 기출 문제에서 ""결합""의 표현이 나올 때 언제 구성요소이고 결합발명인지 혼란이 있다는 것입니다.","예를 들어, a, b, c를 구성요소로 하는 발명이라고 했을 떼, a, b, c 각각은 구성요소이고, a, b, c의 결합관계(예를 들어 일자형 결합, 삼각형 결합 등)는 사실관계에서 문자로 표현되기가 어렵습니다,. 한편, 결합발명이란 a, b, c가 각각 공지되었을 때 이를 결합한 것을 말합니다. 열공하세요~", ,,23.04.21
특허법,조문,30조,[30조 3항 2호] 공지 등이 되지 아니한 발명으로 보는 경우?댓글수1,"안녕하세요? 특허법 기본강의 온라인 수강생 입니다. 30조 3항 2호에서 ""특허결정""시에도 33조 3항 본문에 따른 서류를 제출 할 수 있다고 하는데, 특허 결정 후에 제출 하는 것이 어떤 Case 인지요? 실익이 있는지요? 감사합니다. (30조 3항 2호) 제 66 조에 따른 특허결정 또는 제 176 조제 1 항에 따른 특허거절결정 취소심결(특허등록을 결정한 심결에 한정하되, 재심심결을 포함한다)의 등본을 송달받은 날부터 3 개월 이내의 기간. 다만, 제 79 조에 따른 설정등록을 받으려는 날이 3 개월보다 짧은 경우에는 그 날까지의 기간","기본서에 다음과 같이 기술되어 있네요. ""특허결정등본이 송달되었다고 할지라도 추후 특허취소신청이나 특허무효심판에서 신규성, 진보성 위반 등의 인용대상으로 활용될 수 있으므로, 출원인의 입장에서는 공지예외적용주장을 할 필요가 있는 것이다.""", ,,23.05.01
특허법,조문,30조,[30조] 공지 등이 되지 아니한 발명으로 보는 경우?댓글수2?사진첨부,"제41조 제2항 불특허는 제62조 거절이유에 해당되지 않는데, 1) 어떤 절차로 불특허결정(?)을 하는지 (거절이유통지와 같은 절차가 있나요?) 2) 외국에의 출원금지/비밀취급명령/불특허/수용 각각의 불복은 특허법 내 절차로 진행하는지 아니면 행정소송 대상인지, 아니면 제3의 방법으로 하는지 궁금합니다. 덧붙여, 관련된 시행령에서, 예를 들어 시행령 제12조 제1항에서 ""국내에 주소 또는 영업소를 가진 자""라고 하는데, 1) 이 구문이 들어 있는 이유 2) 해당되는 출원인을 내국인/외국인, 재내자/재외자 로 해서 알고 싶습니다. 예를 들어, 외국인+재내자 O 외국인+제외자 O* (특허관리인 통해서만) 내국인+재내자 O 내국인+재외자 O* (특허관리인 통해서만)....맞나요?",1. 아예 특허여부결정을 하지 않는다는 것입니다. 2. 특허권의 수용ㆍ실시 등에 관한 규정이 별도로 있습니다. 1.2. 재외자의 경우 비밀유지명령을 내릴 수가 없습니다., ,,23.05.01
특허법,조문,41조,"[41조]불특허 및 수용 절차, 불복방법?댓글수1",,, ,,23.05.03
특허법,조문,33조,[33조] 특허청 직원 및 특허심판원 직원?댓글수1,"교과서 1050페이지 그림을 보면 특허청 내에 특허심판원이 있는데, 1) 제33조 제1항단서에서 특허청 직원 및 특허심판원 직원으로 구분하는 이유 2) 제33조 제1항단서에서 ""특허청 직원 및 특허심판원 직원""은 결과적으로 교과서 1050페이지 그림 7-1 모든 조직을 아우르는지 알고 싶습니다.","1. 처음에는 특허심판원이 특허청과 분리되어 있었습니다. 2. 네, 그렇습니다.", ,,23.05.03
특허법,조문,38조,[38조]제2항 동일자출원 협의제?댓글수1,"현행법상, A,B가 공개없이 제38조 제2항 위반으로 인해 결국 제33조제1항 위반으로 거절결정확정된 직후, A가 다시 특허출원 한 경우 다른 거절이유 없을때 등록 가능한가요？ 각주206번 이외에 제36조제4항단서 유추적용은 안되나요?","네, 제38조제2항이 적용되면 다시 출원할 수 있게 됩니다. 선출원주의는 선출원의 지위가 있음을 전제로 하는데, 제38조제2항에 의하면 선출원의 지위가 없습니다. 열공하세요~", ,,23.05.09
특허법,조문,47조,"[47조 , 51조] 보정 각하?댓글수1","보정각하 관련하여 질문이 있습니다 변리사님 47조 1항 2호 시기에 한 보정을 심사할 때 적법성 심사를 한 후 적법한 경우에 보정된 명도로 심사를 합니다. 만약 적법성을 검토하였을 때 47조 2항, 3항, 보정에 따른 새로운 거절이유 발생 중 하나라도 위반하면 보정 각하 후 보정 전 명도로 심사를 합니다. 이 후 보정 전 명도로 심사하였을 때 원 거절이유 해소가 되지 않았을 경우 거절이유통지를 하지 않고 거절 결정을 하는데 이 때 보정 각하 후 다시 보정 전 명도로 심사하는데에 실익이 있는지 궁금합니다. 저는 최후거절이유 통지에 대해 보정을 하였고 그 보정이 적법하지 않아 보정각하 되고 보정 전 명도로 심사한다면 어쩔 수 없이 거절이유통지하였던 거절이유를 다시 발견하고 거절결정이 될텐데 왜 적법성 심사에서 바로 거절결정하지 않는지 의문이 들었습니다!","보정된 명세서 또는 도면을 인정해 버리면, 원거절이유가 해소될 수 있고, 그렇다면 거절결정할 명분이 없어집니다.", ,,23.05.19
특허법,조문,29조,29조 결정형 발명의 진보성 판단 case?댓글수1,안녕하세요. 특허법 공부중 질문이 있어 글을 남깁니다. 제목의 2018후 10923 판결에서 ~대법원은 피고가 제출한 출원당시의 통상적인 다항체 스크리닝 방식에 관한 자료만으로는 통상의 가술자가 결정화 공정변수를 적절히 조절하거나 통상적인 다형체 스크리닝을 통해 선행발명으로부터 위와같은 특성을 갖는 제 1형 결정형을 쉽게 도출할 수 있는지 분명하지 않아는 등의 이유로 이 사건 제 1항 발명이 선행발명에 의해 진보성이 부정된다고 단정할 수 없다. 고 나와있는데요. 질문은 1. 그러면 이 발명이 구성의 곤란성이 있다고 할 수 있는 건가요? 2. 원심판결이 파기환송되면 다시 특허법원으로 돌아가게 되는 건가요? 입니다. 감사합니다~,, ,,23.05.21
특허법,조문,29조,[29조 1항 본문 위반] 발명의 성립성 위반?댓글수1,"변리사님 '미완성발명은 확대된 선출원의 지위가 없다' 해당 관련 판례가 아래 있는 판례을 말하는 거죠? 대법원 2002. 9. 6. 선고 2000후2248 판결 [등록무효(특)] 구 특허법 제6조의2 제1항(현행법 제29조 제3항에 유사)은 특허출원한 발명이 당해 특허출원을 한 날 전에 한 타 특허출원으로서 당해 특허출원 후에 출원공고 또는 출원 공개된 출원서에 최초에 첨부한 명세서 또는 도면에 기재된 발명과 동일한 때에 그 발명에 대하여는 같은 법 제6조 제1항의 규정에 불구하고 특허를 받을 수 없다고 규정하고 있는바, 여기에서 타 특허출원서에 첨부한 명세서 또는 도면에 기재된 발명이란 그 기술내용이 타 특허출원서에 첨부한 명세서 또는 도면에 기재되어 있는 것으로서 그 기재정도는 당해 기술분야에 있어서 통상의 지식을 가진 자가 반복실시하여 목적하는 기술적 효과를 얻을 수 있을 정도까지 구체적, 객관적으로 개시되어 있는 완성된 발명을 말한다(대법원 1992. 5. 8. 선고 91후1656 판결 참조).",네 맞습니다., ,,23.05.23
특허법,조문,42조,제42조의 2 협의의 물건발명 출원에서 도면을 첨부하지 않았을때?댓글수1,"협의의 물건발명 출원에서 도면을 첨부 하지 않았을 경우 흠결의 효과가, 각주275 실용신안등록출원의 경우와 같이 ""불수리""인지, 아니면 다른 취급을 받는지 궁금합니다.","발명 파악이 안되기 때문에, 일반적으로 법 제42조제3항제1호 위반이 됩니다.", ,,23.05.25
특허법,조문,30조,[30조]공지 등이 되지 아니한 발명으로 보는 경우?댓글수1,"안녕하세요? 특허법 기본강의 온라인 수강생 입니다. 30조 및 29조 관련해서 궁금한 점이 생겨 문의 드립니다. 제 30 조(공지 등이 되지 아니한 발명으로 보는 경우) ① 특허를 받을 수 있는 권리를 가진 자의 발명이 다음 각 호의 어느 하나에 해당하게 된 경우 그 날부터 12 개월 이내에 특허출원을 하면 그 특허출원된 발명에 대하여 제 29 조제 1 항 또는 제 2 항을 적용할 때에는 그 발명은 같은 조 제 1 항 각 호의 어느 하나에 해당하지 아니한 것으로 본다. 1. 특허를 받을 수 있는 권리를 가진 자에 의하여 그 발명이 제 29 조제 1 항 각 호의 어느 하나에 해당하게 된 경우. 다만, 조약 또는 법률에 따라 국내 또는 국외에서 출원공개되거나 등록공고된 경우는 제외한다. 2. 특허를 받을 수 있는 권리를 가진 자의 의사에 반하여 그 발명이 제 29 조제 1 항 각 호의 어느 하나에 해당하게 된 경우 30조①1호단서에 의하여 본인의 출원 공개도 의사에 반한 공개로 보는 것으로 알고 있습니다 (특허청장이 공중의 이용 도모를 위하여 공개 하는 것이기 때문에 특허를 받을 수 있는 권리를 가진 자의 적극적인 의사가 포함되었다고 보기 어렵기 때문) 여기서 특허 출원 공개는 29조①각호에 해당하는 공지기술이 되는 것으로 이해 했는데, Q1) 특허 출원 공개는 ""29조①1호""와 ""29조①2호"" 중 어디에 포함이 되는지 알 수 있을까요? 제 29 조(특허요건) ① 산업상 이용할 수 있는 발명으로서 다음 각 호의 어느 하나에 해당하는 것을 제외하고는 그 발명에 대하여 특허를 받을 수 있다. 1. 특허출원 전에 국내 또는 국외에서 공지(公知)되었거나 공연(公然)히 실시된 발명 2. 특허출원 전에 국내 또는 국외에서 반포된 간행물에 게재되었거나 전기통신회선을 통하여 공중(公衆)이 이용할 수 있는 발명 감사합니다.",1. 본인의 출원공개는 의사에 의한 공지는 물론 의사에 반한 공지에도 해당하지 않습니다. 2. 출원공개는 반포된 간행물의 게재에 해당합니다., ,,23.05.30
특허법,조문,51조,[51조] 보정각하 후 심사?댓글수1,"최후거절이유통지 이후 출원인이 의견서와 보정서를 모두 내기 때문에, 제51조에 따라 보정각하가 되었을 때, 보정각하 후 심사는 최후거절이유통지시 심사한 명세서와 의견서 모두로 심사를 진행하는거죠? 보정각하가 되어 최후거절이유통지시 심사한 명세서로만 심사를 하게되면 당연하게 특허거절결정만을 받기에 심사의 실익이 있는지가 궁금하여 질문 남깁니다. 답변 기다리겠습니다. 감사합니다!",?심사관이 제대로 이해를 못하면서 최후거절이유통지를 할 수도 있습니다., ,,23.06.03
특허법,조문,34조,"[34조,35조] 객체적요건 포함관계?댓글수1","리담 p 402 , 강의노트 p153 정당한 권리자의ㅡ출원 명도가 무권리자 출원 발명범위에 포함되어야한다 했습니다. 질문사항은 무권리자 최명도가 A,B 일때 강의노트에서 정당한 권리자 명도에 A만 있어도 포함관계라 하셨는데 (강의노트 2번case) 동일성 벤다이어그램 그릴때보면 A가 더 큰 개념 아닌가요...?(다기재협범위원칙) 만약 워딩 그대로 포함인 의미라면 정당한 권리자 명도에 A,B,C 가 있다면 포함이 안되는건지 궁금합니다. (동일성 벤다이어그램 은 동일성에서만 따지는건가요??) 즉 34,35조에서 말하는 포함의 의미를 다시한번 말씀해주시면 감사하겠습니다!","발명 단위와 구성요소 단위를 구분하지 못하고 있네요. 책에서는 발명 단위로 설명하고 있는데, 구성요소 단위로 문의를 하면 이해가 안 될 수밖에 없습니다. 열공하세요~", ,,23.06.06
특허법,조문,29조,[29조]신규성 판단 관련?댓글수1,"안녕하세요. 질문이 있어 글 남깁니다. 대법원 2017. 1. 19 선고2013후37 판결에서 판결 요지에 구성요소가 특허출원 전에 공지된 것인지는 사실인정의 문제이며 그 공지사실에 관한 중명책임은 신규성이 부정된다고 주장하는 당사자에게 있고, 그 공지사실은 증거에 의하여 증명되어야 한다. 라고 나와있는데요. 부정된다고 주장하는 당사자는 출원전의 심사관, 혹은 등록후의 정보제공자 라고 보면 될까요? 감사합니다.","등록전에는 심사관, 등록후에는 취소신청인이나 무효심판청구인이 되겠네요. 법률요건분류설을 공부해 보세요.", ,,23.06.08
특허법,조문,47조,[47조] 보정가능한 기간?댓글수1,"기출문제집 123p 13번문제 5번 선지에 거절결정등본울 받은 후, 재심사를 청구하지 않고 거절결정불복심판을 청구하는 경우에는 심사관의 거절결정 이유를 해소하기 위한 도면의 보정이 가능하다. 라고 되어있고 47조 1항에 따른 보정할 수 있는 기간에 해당하지 않기 때문에 보정이 불가능하다고 해설해 주셨습니다. 그런데 강의노트 180p의 심판단계 부분의 그림을 보면 보정 7,8이 그려져 있습니다. Q1) 거절결정불복심판 청구할때는 보정할수 없지만, 거절결정불복심판이 진행중(?) 인 때는 보정가능한 기간이 있는 건가요? Q2) 심판단계의 보정 7,8을 한때는 47조 1항에서 언급하지 않고 있지만 170조에서 준용하고 있기 때문에 보정이 가능한 건가요?","네, 제170조에 따라 심판단계에서도 최초, 최후거절이유통지할 수 있고, 이 때 보정할 수 있습니다. 제목이 질문사항과 상관없는 것 같네요. 수정해 주세요.", ,,23.06.10
특허법,조문,,무효 사유 취소 사유?댓글수1,안녕하세요 변리사님 혹시 특허법 전체 각 절차에서 무효사유와 취소사유를 구분해놓은 부분이 책이나 강의노트에 있을까요? 조문보면서 그때그때 암기하기하려니 양이 많아서 조신스럽게 여쭈어봅니다,"특허무효사유나 취소사유는 강의노트 총칙, 기본서 심사 파트에서 구분해 놓고 있습니다.", ,,23.06.23
특허법,조문,54조,"[54조, 55조] 조약우선권 주장에서 우선권의 승계만으로 주체적 요건이 만족되는지 여부?댓글수2","안녕하세요. 더운 날씨에 고생많으십니다. 다름이 아니라 이번 판례 강의에서 우선권의 양도로 후출원의 우선권 주장을 우선권의 양수인이 할 수 있다고 말해주셨습니다. 그러면 여기에는 우선권의 양도 뿐만 아니라 특받권의 승계가 당연히 전제되어 있는 것 인지 궁급합니다. 추가로, 조약우주와 국내우주의 주체적 요건에서 책에 적혀있는 ‘정당한 승계인’이라는 문구(p482, p489)는 후출원을 기준으로 정당한 승계인이라 해석되는 것인지 궁금합니다.","1. 네, 해외에서 특허를 받을 수 있는 권리의 양도까지 포함하는 것이 우선권의 양도입니다. 2. 네, 그렇습니다.", ,,23.06.27
특허법,조문,42조,[42조] 명세서 발명의설명 기재방법?댓글수1,"발명의 설명 중 [발명의 내용 - 발명의 효과] 기재에 대해서 교과서 340쪽에, ""심사관은 발명의 효과가 기재되어 있으나~ 그 효과가 청구항에 기재된 발명과 관련된 효과라면 특허법 제 42조 제3항 제1호 위반으로 거절이유를 통지할 수 있다"" 라고 되어있는데 거절하는 이유가 무엇인가요? 특허받으려는 발명의 효과를 적었는데 왜 거절하는건지 모르겠습니다!","청구항과 관련된 효과인데, 효과를 예측할 수 없는 경우에는 제42조제3항제1호 위반이라는 것입니다. 제목을 질문규칙에 맞춰서 수정해 주세요.", ,,23.06.28
특허법,조문,36조,"[36조 2항, 52조의 2] 분리출원 특허결정 후 원출원과의 협의제 위반?댓글수1","안녕하십니까 교수님, 항상 유익한 강의 감사드립니다. 선출원주의 중 동일출원의 경우 36조 2항의 단서에 의해 협의가 성립하지 아니하거나 협의를 할 수 없는 경우에는 어느 특허출원인도 그 발명에 대하여 특허를 받을 수 없고 교과서 p.224에 의하면 ""협의를 할 수 없는 경우"" 중 동일한 발명에 대한 둘 이상의 출원 줄 어느 한 출원이 특허된 경우를 말한다고 서술되어 있는 것으로 보아, 분리출원의 특허결정 후 원출원의 기각심결이 취소된 상황(교과서 p.446 각주 90)에서 특허심판원으로 환송된다면 협의제 위반으로 원출원에 대하여 거절이유통지를 하게 된다라고 이해하였습니다. 일단 1. 이렇게 이해하는 것이 맞는지 궁금합니다. 2. 그리고 이 때 교과서 224p에 따르면 ""이 경우 등록된 특허는 특허무효사유를 가지고 있다""라고 서술되어 있는데, 그렇다면 분리출원의 특허가 무효사유를 가지게 되는 것인지 궁금합니다 감사합니다","1. 맞습니다. 2. 협의명령을 하였을 때, 원출원에서 청구항을 삭제하면 무효사유를 피하게 되니 문제가 없습니다.", ,,23.07.02
특허법,조문,29조,[29조] 결합발명?댓글수1,A라는 사람의 발명이 a+b 이고 B라는 사람 발명이 a+b+c 입니다. A가 선출원하였으면 B의 발명은 결합발명이고 선출원 주의에 위반되지않습니다. 이상황에서 B는 A에게 허락을 받고 실시를 해야하나요? A입장에서 억울할수도 있을거같은데 가능한 조치는 무엇이 있을가요?,"네, 허락을 받아야 합니다. 강의를 끝까지 들으면 알게 됩니다. 그리고, 제목이 질문규칙에 맞지 않으니 수정해 주세요~", ,,23.07.12
특허법,조문,29조,"[29조] 신규성, 산업상 이용가능성 중 의료업의 판단방법?댓글수1","안녕하십니까 교수님, 항상 유익한 강의 감사드립니다. 문제를 풀다가 궁금증이 생겨 문제를 가져와 보았습니다. 갑은 2015년 7월 1일 동물뿐 아니라 인간의 신경계 질환을 치료하는 조성물과 그 조성물을 이용한 치료방법을 세계 최초로 개발하였다. 이후 갑은 2015년 10월 5일 자신의 연구내용이 기재된 논문을 공개된 학회에서 발표한 다음, 2015년 10월 12일 청구범위 제1항에는 ‘신경계 질환 치료용 조성물’에 관한 발명에 대해서, 제2항에는 ‘그 조성물 투여를 통한 신경계 질환 치료방법’에 관한 발명에 대해서 각각 기재하여 특허출원을 하였다. (청구범위 제1항과 제2항 모두 동물에만 한정한다는 내용이 기재되어 있지는 않다) 한편, 을은 위와 같은 치료용 조성물을 스스로 발명하여 2015년 10월 21일 특허출원(청구범위 제1항에 치료용 조성물에 관한 발명에 대하여 기재하였다)을 하였다. 을이 발명한 조성물에 관한 발명은 갑이 발명한 조성물에 관한 발명과 기술적 사상이 같다. 이 상황에서 을이 특허를 받을 수 없는 이유가 갑의 2015년 10월 5일 공개된 학회에서의 발표로 신규성을 상실했기 때문인가요? 그리고 갑의 청구범위 2항이 인체를 직접적인 구성요소로 하는 발명이기 떄문에 발명의 성립성이 부정되어 갑도 실체적 거절이유에 해당해 등록을 받을 수 없는 것이 맞나요? 그리고 만약 청구항 2항을 삭제하고 공지예외적용주장을 한다고 했을 때, 1항은 단순 조성물에 해당하기 때문에 동물에만 한정하는 보정을 하지 않아도 괜찮은 것인가요? 감사합니다.","1. 을의 출원은 갑의 논문 발표에 의해 신규성 위반, 갑의 출원에 의해 선출원, 확선 위반이네요. 2. 청구항 2는 발명의 성립성이 아니라 산업상 이용가능성이 없는 것입니다. 3. 청구항 2를 동물에만 한정하는 보정하는 경우, 갑의 출원은 등록을 받을 수 있습니다.", ,,23.07.17
특허법,조문,30조,30조 1항 1호 단서 관련 질문?댓글수2,"안녕하세요, 30조 1항 1호 단서 관련 질문입니다. 조약 또는 법률에 따라 국내 또는 국외에서 출원공개되거나 등록공고된 경우는 자기의사에 의하여 공지 등이 된 경우에 해당하지 않는다. -> 의사에 반한 공지이다 -> 출윈시 취지 기재 안 해도 공지예외주장 적용할 수 있다 는 뜻인가요? 아니면 -> 의사에 의한 공지가 아니다 / 타인의 공지이다. -> 따라서 공지예외주장 적용 받을 수 없다 는 뜻인가요? 감사합니다!","둘 다 틀렸네요. 제30조제1항제1호는 해당되지 않고, 제30조제1항제2호는 무권리자가 출원하고 공개되는 경우와 같이, 해당될 여지를 가지고 있다. 입니다.", ,,23.07.20
특허법,조문,,외국어특허출원 국어번역문 제출 관련 질문?댓글수2,안녕하세요 외국어특어출원 국어번역문 제출의 효과로 보분변심공 되는데 여기에 분리출원도 포함되나요?,"분리출원의 시기적 요건을 생각해 보세요. 심판에서 기각심결까지 받은 상태가 되려면, 번역문은 당연히 제출하지 않았을까요?", ,,23.07.20
특허법,조문,46조,[46조] 절차의 보정?댓글수1,"안녕하세요 변리사님. 용어 개념이 좀 헷갈리는게 있습니다. 부적법한 출원서류가 왔을 때 반려한다고 하는데 반려라는게 정확히 어떤 개념인거죠? 말그대로 그냥 돌려보낸다는 뜻인가요? 반려한다. 불수리한다. 소명기회를 준다. 반려가 무엇이고 불수리라는게 무엇인지,, 말그대로 불수리라는게 출원서가 제출되지 않았다고 본다는 건지,, 반려했을 때랑 불수리했을 때랑 뭐가 어떻게 다른건지,, 소명기회는 언제 주는 것인지 등 법조문에는 나와있지 않아서 이렇게 여쭤봅니다.","불수리는 수리하지 않는 것, 반려는 되돌려 보내는 것이므로, 같은 의믜입니다. 소명기회는 불수리 사유에 해당하는 경우에 부여합니다. 시행규칙 제11조를 공부해 보세요.", ,,23.07.21
특허법,조문,52조,[52조] 분할출원?댓글수1,"안녕하십니까 변리사님, 항상 유익한 강의 감사드립니다. 리담 기출문제집 문제를 풀다가 p89 9번 문제 3번 보기에서 궁금한 점이 있습니다. ""갑은 2016년 7월 20일 특허출원(X)을 하였고 조기공개신청을 하지 않았다. 그 후 2016년 10일 20일 적법하게 분할출원(Y)을 하였고, 분할된 출원의 발명의 설명에는 a라는 기술적 사상이 포함되어 있는데 을이 2016년 9월 20일 a를 특허출원한 경우, 을은 a에 대하여 특허를 받을 수 없다."" 라는 보기에서 을의 a 출원 이전에 갑의 특허출원(X)이 있어 X의 선출원과 확선, Y의 선출원을 생각해봐야하는데 만약 a가 발명의 설명에만 기재되어 있고 청구범위에는 기재되지 않았다면 X의 확선으로만 걸리는 것이 맞나요? 그리고 만약 그 상황에서 출원X가 출원공개되지 않는다면 분할출원의 요건 중 ""원출원이 출원계속중일 것""을 만족시키지 못해 문제 상황과 모순되므로 출원X가 출원공개되지 않는 상황을 고려하지 않아도 되는게 맞나요?","1. 네, X에 의해 확선만 위반입니다. 2. 출원 X가 출원계속 중과 ""원출원이 출원계속중""일 것은 아무런 관련이 없습니다.", ,,23.07.25
특허법,조문,51조,[51조 제1항 단서] 보정각하의 예외?댓글수1,"안녕하십니까 변리사님, 항상 유익한 강의 감사드립니다. 리담 특허법 교과서 p442, 제51조 1항 단서인 보정각하의 예외 중 직권보정 전에 한 부적법한 보정이 특허결정이 취소된 후 발견된 경우와 취소된 특허결정 전에 한 부적법한 보정이 직권 재심사 후 발견된 경우, 예외규정을 두는 취지가 같고 둘 다 특허결정이 취소된 후라는 공통점이 있는데 왜 직권보정 전 규정에 의한 거절이유통지는 최후이고 취소된 특허결정 전의 규정에 의한 거절이유통지는 최초인지 궁금합니다.",법 제47조제1항제2호 괄호를 공부해 보세요~, ,,23.07.26
특허법,조문,54조,"[54,55조] 이중우선권주장?댓글수1","안녕하십니까 변리사님 항상 유익한 강의 감사드립니다 리담 기출문제집 140p 4번 문제 3번 보기 ""선출원이 국내우선권주장 또는 파리조약에 의한 우선권주장을 수반하는 경우에 후출원에서는 선출원에 대하여 새로 추가된 사항에 대해서만 우선권 효과를 인정한다"" 에서 예를 들어 특허출원X (최명도 : a) 을 하고 X를 기초로 하는 국내우선권주장을 수반한 특허출원 Y (최명도 : a,b) 을 하고 Y를 기초로 하는 국내우선권주장을 수반한 특허출원Z (청구범위 : a,b,c)을 했다면 a는 이중우선권주장이라 소급효가 인정되지 않고 b만 특허출원 Y 때로 판단시점이 소급되는 것 아닌가요? 그래서 저 보기의 ""선출원""은 Y이고 ""후출원""이 Z라면 ""선출원에 대하여 새로 추가된 사항"" 이 c가 되어 저 보기가 틀린 보기가 아닌가 하는 생각이 듭니다.","?Z출원 발명 a, b, c 중 Y출원에 대하여 새로운 추가된 b만 Y출원일로 판단시접 소급효가 인정된다는 것입니다.", ,,23.07.29
특허법,조문,36조,[36조]36조가 특허 장애요건인 이유가 궁금합니다?댓글수1,"36조 조문에 ~할수있다라고 되어있어서 궁금합니다 29(1항 본문제외), 32, 36조로 암기하고 있긴한데 그 이유가 궁금합니다!","법률요건분류설이란 객관적인 법규의 구조 즉 조문의 형식이나 관계조문의 상호관계 속에서 증명책임 분배의 기준을 찾으려는 견해로서, 법률요건분류설에 의하면 각 당사자는 자기에게 유리한 법규의 요건사실의 존부에 대해 증명책임을 지게 됩니다. 제36조는 후출원이라고 주장하는 자에게 유리한 조문이기 때문에, 그 요건사실의 존부도 선출원임을 부정하는 자가 지게 되는 것입니다. 즉, 단순히 ""있다,"" ""없다""만 가지고 판단하는 것이 아니라, 누구에게 유리한 조문인지 관점에서 살펴보면 됩니다. 열공하세요~", ,,23.08.03
특허법,조문,29조,[29조] 진보성 관련 판례에 관하여?댓글수1,"[29조] 진보성 관련 판례에 관하여 안녕하세요 변리사님! 중급강의를 수강하다 헷갈리는 판례가 2개가 있어서 둘 사이의 구별이 어떻게 되는건지 싶어서 질문드립니다. 판례교재 76번의 (2) 판례 (2010후 3424 판결) 에서는 선택발명의 모든 종류의 효과가 아니라 그 중 일부라도 선행발명에 비하여 그러한 효과를 갖는다고 인정되면 충분하다 라고 판시되어있습니다. 77번 판례 (2013후 1887) 에서는 선택발명에 포함되는 하위개념의 실시형태 중 가장 열등한 것의 효과가 선행발명에 개시된 실시형태 중 가장 우수한 것의 효과와 비교하여 현저하다는 관계가 인정되지 않는다면, 선택발명에 포함되는 하위개념의 실시형태 중 일부의 효과가 선행발명에 개시된 실시형태 중 일부의 효과보다 뛰어나 보인다고 하여 선택발명의 진보성이 부정되지 아니한다고 볼 수는 없다 라고 판시되어 있는데, 두 판례 사이의 판시이유가 다른 점이 무엇인가요?","1) 하나의 발명에 여러 효과가 있을 때, 그 중 일부 효과가 현저하면 진보성을 만족한다는 것이고, (2) 하나의 청구항에 여러 개의 발명이 있으면, 모두 진보성을 만족해야 한다는 것입니다. 기본강의 시간에 설명했던 내용이고, 강의노트를 찾아보면 그림을 확인할 수 있습니다.", ,,23.08.09
특허법,조문,47조,[47] 보정각하 후 거절결정?댓글수1,47조 1항 2호 3호 시기에 보정이 부적법하다면 보정각하하고 보정 전 명도로 심사를 해서 원거절이유가 해소되지 않으면 거절결정하지 않습니까? 근데 생각해보면 보정 전 명도로 심사를 한다는건 무조건 거절결정이 나오는거 아닐까? 란 생각이 드는데 맞나요?,"심사관이 틀리지 않았다면, 거절결정됩니다.", ,,23.08.09
특허법,조문,47조,[47조] 재심사를 청구하는 경우 보정?댓글수1,재심사를 청구하는 경우 보정은 꼭 해야하는 것인가요? 아니면 선택의 문제인가요?,보정없이 재심사청구를 못합니다. 제67조의2를 공부해 보세요., ,,23.08.09
특허법,조문,51조,[51조] 기출문제집 123p. 12번 보정각하에 대한 설명?댓글수1,"기출문제집 123p. 12번 5번지문은 다음과 같습니다. 최후거절이유통지에 대한 의견서 제출기간 내에 단순히 청구항을 삭제하는 보정을하면서 삭제된 청구항을 인용하던 종속항에서 그 인용번호를 잘못 변경함으로써 기재불비가 발생한 경우, 심사관은 거절이유를 통지하여 출원인에게 보정의 기회를 부여하여야 한다. 이는 맞는지문이고 다른 지문이 명백하게 틀린지문이라 답을 찾는데는 어려움이 없었습니다. 다만 이 지문에서 심사관은 거절이유를 통지하여 출원인에게 보정의 기회를 부여할 수 도 있고 직권보정할 수도 있기때문에 ""심사관은 거절이유를 통지하여 출원인에게 보정의 기회를 부여하여야 한다"". 부분이 틀린것 같습니다. 제 생각이 맞는지 확인 부탁드립니다. 감사합니다.",틀린 생각입니다. 명백히 잘못된 경우에 해당할 때만 직권보정합니다., ,,23.08.09
특허법,조문,52조,[52조] 분할출원 요건?댓글수1,"제52조(분할출원) ①특허출원인은 2이상의 발명을 하나의 특허출원으로 한 경우에는 그 특허출원의 출원서에 최초로 첨부된 명세서 또는 도면에 기재된 사항의 범위 안에서 다음 각 호의 어느 하나에 해당하는 기간에 그 일부를 하나이상의 특허출원으로 분할할 수 있다. 라고 적혀있습니다. 그렇다면 최명도엔 A,B,C발명이 있는데 청구범위엔 A발명만 있는경우 2이상의 발명을 하나의 특허출원으로 한 경우가 아님으로 분할 출원이 불가능한건가요? 감사합니다.",최명도에 2이상의 발명이 있으면 됩니다. 기본서를 정독해 보세요., ,,23.08.10
특허법,조문,42조,"[42조 8항] 젭슨청구항,의식적제외이론?댓글수1","안녕하세요 변리사님, 안락의자 의식적제외이론 판례와 출원경과 중 공지 자인부분에서 질문있습니다. 출원경과과정에서 공지 자인하면 사실상 추정이 되고 공지 자인 과정에서 권리범위를 주장하지 않겠다는 취지가 인정되면 의식적 제외로 보아 보호범위 판단시 권리범위를 좁게 해석한다. 이때 공지 자인에까지 포대금반원 원칙이 적용되지는 않으니 공지여부에 대해서는 이후 권리범위 해석 과정에서도 추정이 복멸될 수 있다. 1. 이렇게 해석하는 게 맞나요.?, 2. 맞다면, 권리범위 해석 과정에서 이미 의식적제외이론으로 권리범위가 좁게 해석되는데 공지여부에 대한 추정이 복멸되었을때 실익이 있나요?","포대금반언의 원칙이란 의식적으로 제외한 부분은 등록후에 권리범위를 주장할 수 없다는 것인데, 공지자인이 중요한 것이 아니라, 출원인이 의식적 제외를 했는지 여부가 중요합니다. 특허요건 판단시 공지자인한 경우 공지된 것으로 사실상 추정하고 심사하는 것과 무관한 개념입니다. 즉, 의식적 제외를 했다면, 공지자인 여부와 상관없이 권리범위를 제한해석하게 됩니다.", ,,23.08.18
특허법,조문,33조,[33조]무권리자 출원의 동일성의 인정범위?댓글수1,"안녕하세요 ? 거두절미하고 질문 드리겠습니다! 교과서 522쪽을 보면 동일성의 유형이 그림으로 표현되고 있는데요. 무권리자의 출원의 경우 비용이성의 범주까지 동일성으로 간주하는 d유형에 해당합니다. 그 근거가 교과서 520쪽에 나오는 판례인 '발명자가 한 발명의 구성을 일부변경함으로써 .....(생략) 발명의 작용효과에 특별한 차이를 일으키지 아니하는 등 기술적 사상의 창작에 실질적으로 기여하지 아니한 경우 무권리자에 포함된다고 판시하였다' 입니다. 즉 진보성이 없는 등 기술적 사상에 실질적으로 기여하지 아니한 경우 진정한 발명자의 발명과 동일하다고 판단한 것인데요. 이러한 판단은 광의의 동일성 판단기준을 적용한 것임으로 c유형에 해당하지 않나요 ?? 통상적으로 보아도 d유형은 비용이하다하여도 동일하다 판단하는 것인데 무권리자가 모인한 발명과 비용이한(진보성을 갖춘) 발명을 출원하였다면 등록시켜주는 것이 합당한 것 같습니다. 요약해보면, '진보성이 없는 등'의 판례가 어떻게 비용이성까지 동일하다고 보는 법리로 전개된 것인가요 ?? 감사합니다.","일반법리는 ""기술적 사상의 창작에 실질적 기여한 자""이고, ""진보성이 없는 경우""는 하나의 예시이고, ""등""이라는 단어를 써서 진보성이 있더라도 다른 사유에 해당하는 경우 무권리자에 해당할 가능성을 열어두고 있습니다.", ,,23.08.20
특허법,조문,36조,[36] 선출원?댓글수1,"안녕하세요 변리사님! 공부하던 중 판례가 상충되어 보이는 판례가 있어서 질문드립니다. 1) 출원이 경합된 상태에서 등록된 특허권이나 실용신안권 중 어느 하나에 대하여 사후 권리자가 그 권리를 포기했다 하더라도 경합출원으로 인한 하자가 치유된다고 보지 않는다(대법원 2007.1.12 선고 2005후3017 판결) 문제 ex) 甲이 발명 A에 대하여 같은 날 특허출원과 실용신안등록출원을 하여 모두 등록되었더라도 A에 대한 특허등록 무효심판이 제기되기 전에 실용신안등록을 포기하였다면, A에 대한 특허등록은 유효하다 -> 문제에서 정답이 x였음. 2) 동일인이 동일 고안에 대하여 같은 날에 경합출원을 하여 모두 등록이 된 경우에 그 후 어느 한쪽의 등록이 무효로 확정되었다면 나머지등록을 유지존속시켜 주는 것이 타당하고 당초에 경합출원이었다는 사실만으로 나머지 등록까지 무효로 볼 것이 아니다(대법원 1990.8.14 선고 89후1103판결) 문제 ex) 동일인이 동일고안에 대하여 같은 날에 경합출원을 하여 모두 등록된 경우 그 중 어느 하나의 권리가 등록이 무효로 확정되었더라도 나머지 권리에 경합출원으로 인한 하자가 치유되는 것은 아니다 -> 정답 X 저는 이 1)과 2) 의 경우가 똑같아 보이는데 왜 결론이 다른가요?? 왜 1)에서는 경합출원으로 인한 하자가 치유될 수 없다고 하는 것이고 2)에서는 경합출원이었다고 나머지까지 무효로 본다는 것은 아니다 즉, 유지를 시켜주는 것인가요?? 이 두 판례의 차이점을 잘 모르겠습니다. 그럼 답변기다리겠습니다. 감사합니다.","여기서 3017, 1103 판결 검색해 보거나, 기본서에서 선출원주의 파트(관련문제) 한 번 정독해 보시고, 그래도 궁금한 것이 있으면 다시 질문해 주세요~", ,,23.08.22
특허법,조문,52조,"[52조, 52조의2, 54조] 분리출원의 조약우선권증명서류 제출 특례에 관하여?댓글수2","안녕하세요. 52조의2 분리출원 규정에서 분할출원의 규정인 52조 6항(조약우선권증명서류 제출의 특례)을 준용하지 않는 것이 입법불비라고 설명해주셨습니다. 분리출원의 경우, 기각심결 이후+특허가능한 청구항만 분리할 수 있는걸로 알고있습니다. 원출원이 조약우주를 주장했지만 증명서류 제출을 하지 않았고, 그 후에 기각심결이 나고, 특허가능한 청구항만 빼서 분리출원을 했을 때의 경우, 분리출원은 어차피 특허가능한 청구항만 할 수 있으므로, 분리출원 때의 청구항은 우선권 주장이 인정되지 않음에도 특허가 가능한 것들만 빼서 출원했을테니, 분리출원은 조약우선권 증명서류제출 자체가 원래부터 불필요한 것은 아닌가요? 즉 분리출원 청구범위 자체가 조약우주가 적용되지 않고도 살아남은 것들이니 조약우선권증명서류를 제출할 필요가 없고 따라서 조문도 준용하지 않고 있는 것 아닌지 궁금합니다! 반면 분할출원의 경우에는 원출원의 발명의 설명과 도면에만 있던 발명을 특허받기위해 사용할 수 있으니, 원출원은 조약우주 증명서류를 안냈더라도 분할출원에서는 조약우주증명서류를 제출해야하는 필요성이 있기 때문에 증명서류 제출 특례 조문이 꼭 존재하는 것이고, 분리출원은 애초에 특허가능한 청구항만 분리하는 것이기 때문에 조약우주증명서류 제출 필요성에 차이가 발생하는 것 아닌지 궁금합니다. 감사합니다.","날카로운 지적이네요. 다만, 그렇게 입법취지를 선해할 수도 있겠으나, 제1국 출원과 제2국 출원 사이에서 심사관이 찾지 못했던 선행문헌에 의해, 나중에 정보제공, 취소신청, 무효심판청구가 될 수 있음을 고려해 보면, 출원인에게 우선권주장을 할 수 있는 기회를 부여하여, 이에 대비하도록 함이 적절해 보입니다. 열공하세요~", ,,23.08.22
특허법,조문,55조,[55조] 선출원인의 출원인 중 일부만 후출원의 출원인에 포함되는 경우?댓글수1,"리담 특허법 22판 pg 498 중 '선출원 발명을 개량하여 후출원 발명을 하는 과정에서 선출원의 출원인 중 일부만 후출원의 출원인에 포함되거나...' 해당 경우에 국내우선권주장을 할 경우, 선출원의 취하간주는 어떠한 방식으로 적용되는지가 궁금합니다.","선출원은 1년 3월 경과후 일률적으로 취하되는 것이고, 특정한 방식이 있는 것이 아닙니다.", ,,23.09.05
특허법,조문,29조,[法29] 진보성 판례 2018후10923?댓글수1,"안녕하세요 변리사님 이번에 추록에 의약발명의 진보성 부분에 추가된 판례가 있더라고요. 이 판례에 대해 본적이 없어서 당황했습니다. 근데 읽어보니깐 판례에서 기본적으로 진보성 판단방법인 구성의 곤란성과 효과의 현저성을 따져본다는 내용 같더라고요. 그 판례에서 판시한 것이 ""결정형 발명의 구성의 곤란성을 판단하는 방법""을 판시했다고 생각하고 공부하면 되나요?","네, 진보성 판단의 일반론을 결정형 발명에 적용했다고 보면 됩니다.", ,,23.09.06
특허법,조문,36조,36조 선출원주의?댓글수1,"해당 질문 내용이 수록된 부분은 868p / 5장 이용저촉관계 파트이나, 질문 내용이 선출원 주의 적용과 더 연관이 있어 해당 카테고리에 질문을 드립니다. 갑이 물건발명을 출원후 실시중, 을이 제법발명을 출원 후 실시중일때 을이 선출원, 갑이 후출원 경우 후출원의 등록가능성을 검토함에 있어서, 갑이 을의 공개 전 출원을 하면 29조 3,4항과 36조 위반, 공개 후 출원 시 29조 1항 및 26조 위반이라 나와있습니다. (교재 868 표6-9) 제법발명의 경우 발명의 설명에 그 물건이 기재된다는 것은 알고 있으나, 36조 선출원의 경우 ‘청구범위’가 다른 출원의 지위를 갖는데, 여기에서 어떻게 36조 선출원주위 위반이 나올 수 있는지 잘 이해가 되지 않습니다. 답변주시면 감사하겠습니다.","실질적 동일성 중 발명의 범주가 다른 경우에 해당합니다. 기본서에서 발명의 동일성 파트 공부해 보시고, 추가적인 궁금사항이 있으면 다시 질문하세요.", ,,23.09.10
특허법,조문,42조,(42조의3) 제3항1호 외국어특허출원 관련?댓글수1,서브노트 p.183 및 제42조의3 제3항제1호에 명세서 또는 도면을 보정한 경우는 동조 제2항 기간에 새로운 국어번역문 제출을 못하게하고있는데 동조 동항제2호에를 보면 특허출원인이 출원심사의 청구를 한 경우에도 새로운 국어번역문을 제출 못하게하는데 1호에 따른 명세서 또는 도면 보정을 하려면 2호에 따른 출원심사가 선행되어야하는데 이런 논리면 1호가 의미없는 조항 아닌가요?,심사청구는 누구든지 할 수 있습니다. 제3자가 심사청구하는 것을 생각해야죠., ,,23.09.14
특허법,조문,30조,[30조]신규성 상실의 예외 주장?댓글수1,"기출문제집 107쪽 -09④ 번 문항에서 ④ 발명을 논문으로 발표하더라도 신규성 상실사유가 발생한 날로부터 12개월 이내에 출원하는 경우 신규성 상실의 예외를 인정받을 수 있으나, 제3자가 해당 논문을 읽고 동일 발명에 대하여 먼저 출원을 하는 경우에는 신규성 상실의 예외를 인정받은 특허출원은 선출원주의 위반으로 특허를 받을 수 없다. 해설에서 ... ""제3자의 출원은 무권리자 출원에 해당하기 때문에 선출원의 지위가 인정되지 않으며, 공지예외적용주장출원 후에 공개 되더라도 발명자가 동일하여 확대된 선출원의 지위도 인정되지 아니한다. 따라서 출원은 특허를 받을 수 있다."" 제3자가 누구인지에 대해 아무런 언급이 없는데 발명자가 동일하다고 보는 이유는 무엇인지요? //질문 끝",모인했으니 발명자가 동일합니다. 발명자가 동일한지는 실질적으로 판단합니다. 제목이 질문 규칙에 맞지 않으니 수정해 주세요., ,,23.09.16
특허법,조문,52조,[52조] 52조 7항의 내용 中?댓글수1,"52조 7항의 내용 중, 분할출원이 외국허 특허출원인 경우에는 특허출원인은 제 42조의3 제2항에 따른 국어번역문...을 같은조 제2항에 따른 기한이 지난 후에도 분할출원을 한 날로부터... 위 조문에서 42조의3 제2항의 국어번역문이 포함된 이유를 이해하지 못했습니다. 해당 조문 1호의 단서에 42조의3 제2항 국어번역문이 제출되지 아니한 경우에는 분할출원할 수 없다고 했는데, 왜 기간의 특례를 주는 것인지가 궁금합니다. (42조의3 제2항은 제외하고 42조의3 제3항만 있어야 하는 것이 아닌 이유가 궁금합니다.)","원출원이 외국어 출원인 경우에는 제52조제1항 분할출원이 외국어 출원인 경우에는 제52조제7항 둘 다 외국어 출원인 경우에는 제52조제1항, 제7항 입니다.", ,,23.09.26
특허법,조문,46조,[46조] 절차 보정?댓글수1,"안녕하세요 변리사님 조문 암기 중 서류 관련해서 여쭙고 싶은게 있습니다! 모든 서류 절차에서 특허청장과 심판원장이 46조 행대방수 방식심사를 하는 것으로 알고 있는데 심사국과 심판원에서 원칙적으로 서류 수신처가 특허청장과 심판원장이 되는 것인건가요? 예를 들어 직권보정도 출원인이 전부 또는 일부에 대해서 받아들일수 없는경우 의견서 제출시 '특허청장에게' 보내고, 서류 송달 역시 특허청장이 한다고 하는데 이런 서류 송달/서류 수신 관련한 조문에 특허청장이나 심판원장, 심판장은 등장하는데 심사관 같은 경우는 등장하는 경우를 본적이 없어서 여쭙게 되었습니다! 감사합니다!","네, 그 기관의 장에게 하는 것입니다. 다만, 심판단계에서 심판청구는 심판원장에게 하나, 심판원장이 심판관합의체를 지정하게 되면 심판장이 심판사무를 총괄하므로, 심판장을 수신인으로 합니다.", ,,23.09.28
특허법,조문,36조,[36조] 출원의 취하와 포기의 차이??댓글수1,"안녕하세요 변리사님, 출원의 취하와 포기의 차이점을 잘 모르겠어 질문드립니다. 특허권의 포기와 달리 출원의 포기는 장래효가 아닌 소급효라고 알고 있습니다. 두 가지 모두 출원인의 의사에 의해 출원절차를 소급적으로 종료하는 것 아닌가요? 36조 4항 조문에서 취하와 포기를 따로 명시한 것을 보면 구분되는 행위인 것 같아 질문드립니다.","기존에는 구별의 실익이 있었으나, 법의 개정으로 인하여 현재는 제56조제3항을 제외하고 거의 실익이 없습니다. 기본서에서 출원의 취하와 포기 파트를 살펴보세요~", ,,23.10.04
특허법,조문,29조,[29조] 진보성 기출 관련 질문?댓글수2,"안녕하세요 변리사님! 리담객관식 p.40 1번에서 질문이 있습니다. (가) 어떤 원인의 해명에 의한 발명으로 일단 그 원인이 해명되면 해결이 용이한 발명의 경우에는 그 원인의 해명과정을 중시하여 진보성을 판단하여야 한다. > 즉, 심사의 대상이 되는 출원의 명세서에 기재된 사항에 의하여 얻은 지식을 전제로 진보성을 판단할 경우에는 그 발명이 속하는 기술분야에서 통상의 지식을 가진 사람이 인용발명으로부터 쉽게 청구항에 기재된 발명에 이를 수 있었던 것으로 인정되기 쉬운 경향이 있으므로 주의를 요한다. 해설은 무슨 말인지 이해가 가는데, '원인의 해명'이 무슨 뜻인지 이해가 안됩니다ㅠ 원인의 해명이 당해 특허출원에서 처음 발견된 과학적 원리라는 뜻으로 쓰인건가요?","문제가 왜 생기는지 몰랐는데, 그 문제가 생기는 원인을 알게 되었고, ;그 원인을 해결하는 발명을 했을 때는 그 원인을 알게 된 과정(해명과정)을 중심으로 진보성을 판단한다는 것입니다. 열공하세요~", ,,23.10.13
특허법,조문,51조,[51조] 보정각하?댓글수1,"안녕하세요 변리사님. 51조 3항 괄호에서 직권 재심사를 하는 경우 취소된 특허결정 전에 한 보정각하결정과 재심사의 청구가 있는 경우 그 청구 전에 한 보정각하결정은 거절결정불복심판에서 다툴 수 없다 라고 되어있는데요~ 그 이유가 직권 재심사 단계와 재심사 단계에서 '충분히 다툴 수 있는 기회를 주었기 때문이다' 라고 되어있는데 이 문구가 하도 많이 나와서 외우고는 있습니다. 그런데 이게 무슨 말인지 이해가 가질 않습니다. 이게 절차적인 부분이다보니, 어느 한가지가 이해가 안되어버리면 나머지도 이해가 안되네요. 위에서 처럼 직권 재심사 단계와 재심사 단계에서 '충분히 다툴 수 있는 기회를 주었기 때문이다라는 의미가 무엇인지 궁금합니다!",기본서에 보정각하 파트에서 그림을 확인해 보고 다시 질문해 보세요. 그림 3-13이네요. 자세히 나와 있습니다., ,,23.10.19
특허법,조문,33조,[33조+ 발진법] 기업 소속 직원이 특허를 받을 수 있는지 가부?댓글수1,"변리사님 객관식 문제집을 풀던 중 68p 2번에 ㄱ지문에서 질문이 있어 글 올리게 되었습니다. ㅡㅡㅡㅡㅡㅡㅡㅡㅡㅡㅡㅡㅡㅡㅡ 문제) 다음 보기의 자가 특허출원을 한 때 특허를 받을 수 있는 경우로 바르게 짝지어진것은? (ㄱ) 정부연구보조금을 받은 벤처기업에 소속된 직원으로 해당 발명을 완성한 연구원 (O) ㅡㅡㅡㅡㅡㅡㅡㅡㅡㅡㅡㅡㅡㅡㅡ -> 발명의 완성이 직무발명에 해당한다면 특받권은 비록 연구원에게 원시적으로 귀속되지만, 승계인이 승계여부 통지할때까지는 비밀유지의무가 있다고 학습하였습니다. 그럼 위 지문이 옳은건 1. 비밀유지의무 위반이더라도 특허를 받을 순 있다. 2. 특허출원 및 등록은 비밀유지의무를 위반했다고 보지 않는다. 3. 조건 상 직무발명이 아니라고 본다. 이 중 어떤 이유로 특허를 받을 수 있는 O지문인건지 궁금합니다! 항상 좋은 강의 해주셔서 정말 감사드립니다.","1. 직무발명일 수도 있고, 아닐 수도 있기 때문입니다. 2. 그리고, 직무발명일지라도 사용자가 승계하지 않기로 확정된 경우에는 비밀유지의무가 없고, 종업원이 특허를 받을 수 있는 권리를 가지기 때문입니다.", ,,23.10.19
특허법,조문,42조,[42조] 약리기전이 청구범위를 한정하는 요소가 될 수 없는가??댓글수4,"안녕하세요? 임병웅변리사님 아래 기출문제와 해설 두곳에서 … (특허법 제42조 제4항 제2호) 약리기전이 청구범위를 한정하는 요소가 될 수 없다고 한 판례와(대법원 2014. 5. 16. 선고 2012후 3664). 약리기전 만으로 청구항의 명확성 요건을 충족하는 것으로 볼 수 있다고 한 (대법원 2009. 11. 12. 선고 20075215).판례가 서로 충돌이 있는 것으로 보입니다. 어떻게 정리해야 할까요? P01② 청구범위에 기재되어 있는 약리기전은 그 자체가 청구범위를 한정하는 구성요소가 된다. 해설 ② 의약용도발명에서는 특정 물질과 그것이 가지고 있는 의약용도가 발명을 구성하는 것이고(대법원 2009. 1. 30. 선고 2006후3564 판결 등 참조), 약리기전은 특정 물질에 불가분적으로 내재된 속성으로서 특정 물질과 의약용도와의 결합을 도출해내는 계기에 불과하다. 따라서 의약용도발명의 청구범위에 기재되어 있는 약리기전은 특정 물질이 가지고 있는 의약용도를 특정하는 한도 내에서만 발명의 구성요소로서 의미를 가질 뿐 약리기전 그 자체가 청구범위를 한정하는 구성요소라고 보아서는 아니된다. (대법원 2014. 5. 16. 선고 2012후 3664). P02⑤ 의약의 용도발명에 있어서 의약의 용도가 구성요소에 해당하므로 청구범위에는 의약용도를 치료 대상 질병 또는 약효로 명확하게 기재해야 하는 것인 바, 통상의 기술자의 기술상식에 비추어 약리기전만으로 구체적인 의약으로서의 용도를 명확하게 파악할 수 있다고 하더라도 이것만으로는 청구범위가 명확히 기재된 것이 아니어서 특허법 제42조(특허출원) 제4항 제2호의 요건을 충족한 것이라고 볼 수 없다. 해설⑤ 의약의 용도발명에 있어서는 특정 물질이 가지고 있는 의약의 용도가 발명 의 구성요건에 해당하므로 발명의 청구범위에는 특정 물질의 의약용도를 대상 질병 또는 약효로 명확히 기재하는 것이 원칙이나, 특정 물질의 의약용도가 약리기전만으로 기재되어 있다 하더라도 발명의 설명 등 명세서의 다른 기재나 기술상식에 의하여 의약으로서의 구체적인 용도를 명확하게 파악할 수 있는 경우에는 특허법 제42조 제4항 제2호가 정한 청구항의 명확성 요건을 충족하는 것으로 볼 수 있다(대법원 2009. 11. 12. 선고 20075215). //이상","약리기전은 의약발명의 구성이 아니고, 약리기전으로 용도가 추론되면 명확성 요건을 충족한다는 것인데 왜 충돌이 발생한다는 것일까요? 질문한 것으로 봐서는 아마도 명확성 요건에 대한 이해가 부족한 것 같네요. 참고로, 명확성 요건의 판단에 대해 기본서에 다음과 같이 기술되어 있습니다. ""발명이 명확하게 적혀 있는지는 통상의 기술자가 발명의 설명이나 도면 등의 기재와 출원 당시의 기술상식을 고려하여 청구범위에 기재된 사항으로부터 특허를 받고자 하는 발명을 명확하게 파악할 수 있는지에 따라 개별적으로 판단하여야 하고, 단순히 청구범위에 사용된 용어만을 기준으로 하여 일률적으로 판단하여서는 안 된다.""",변리사님 아무리 생각해도 저는 이해가 잘 되지 않아요. 2014판례 에서는 약리기전이 청구범위를 한정하는 구성요소라고 보아서는 아니된다.고 했는데 2009판례에서는 청구범위가 약리 기전만으로 되어 있어도 된다고 하는 것이 모순인 것처럼 보입니다. 만약 어떤 출원인이 청구범위를 약리기전만으로 작성을 하게 되면 2014판례에서는 거절이 되고 2009 판례에서는 받아들여 질 것 같은데요? 조금만 더 상세히 설명을 부탁드립니다.,"명확성 요건의 내용은 청구항의 해석을 통해 발명을 특정할 수 있는지에 의해 판단하는 것이고, 약리기전이 의약발명의 구성은 아니지만(대법원 2014. 5. 16. 선고 2012후 3664), 약리기전을 통해 의약발명의 구성인 용도(대상질병, 약효)를 도출할 수 있다면 명확성 요건을 충족한다는 것입니다(대법원 2009. 11. 12. 선고 20075215). 기본서에서 명확성 요건을 먼저 다시 살펴본 후, 기본서의 의약발명과 관련된 내용을 확인해 보세요. 사실 궁금한 대부분의 내용이 기본서에 충실히 기재되어 있습니다~",23.10.19
특허법,조문,30조,30조 공지예외주장?댓글수2,"안녕하세요! 강사님! 기출문제집 104P 14년도 기출문제에 대해 질문드립니다 갑이 A를 공지하고, A를 출원하였는데, 제 3자가 갑의 A공지와 A출원사이에 출원하였다면 이는 무권리자의 출원에 해당지만 A 출원에 대해서는 선출원주의가 적용되지않고, 발명자가 갑으로 같기 떄문에 결국 등록가능하다고 배웠던 것 같습니다 제가 궁금한 것은 갑이 A를 공지하고 A를 출원하였는데 제 3자가 A공지와 A출원 사이에 A 공지를 모인하여 공지한 경우입니다. 이 경우는 어떻게 판단되나요? 제 3 자의 공지이지만 명백히 모인한 것이기 떄문에 공지가 안된것으로 보나요?! 미리 답변에 감사드립니다!","1. 잘못 배웠네요. 제3자가 독립적으로 발명하여 출원하였으면 무권리자 출원이 아닙니다. 그리고, 제3자의 출원이 추후 공지된다면 갑의 제29조제3항 위반으로 등록받을 수 없습니다. 2. 네, 의사에 의한 공지를 보고 또 공지시키면 밀접분가분성이 있는 의사에 의한 공지입니다. 복수회에 걸친 공지가 됩니다. 열공하세요~", ,,23.11.03
특허법,조문,30조,[30조] 공지예외주장출원 중 3항에 관하여?댓글수1,"안녕하세요. 30조 공부를 하면서 질문이 생겼습니다. 1) 30조 3항은 의사에 의한 공지인 경우, 보완수수료를 납부하고 일정 기간내에 ‘취지or 증명서류’를 제출할 수 있다고 하는데요. 취지랑 증명서류를 둘 다 내지 못했던 경우에는 적용이 안 되는 것인가요? 2) 30조 3항 2호는, 특허등록이 된다하더라도 신규성이나 진보성을 이유로 취소신청이나 무효심판이 들어온 경우 보호하고자 하는 내용인데요, 그렇다면 취소신청과 무효심판이 들어왔는데 특허결정 등본 송달을 받은 날부터 3개월의 시간이 이미 흘렀다면 그렇게 되기 전에 미리 공지예외주장을 하지 않은 특허권자는 보호받을 필요가 없기 때문에 다른 사유가 있지 않은 이상 무효로 되는 것이라고 생각하면 되는 것이죠?","1. 적용됩니다. 2. 신규성, 진보성 위반일 경우 그렇습니다.", ,,23.11.03
특허법,조문,54조,[54조] 판단시점 소급 객체적 요건?댓글수1,"변리사님 안녕하세요! 객 17판 135p 4번에 1번 지문에 질문이 있어 글 올리게 되었습니다. 갑의 특허출원 C에 대한 특허법 29조(특허요건) 및 특허법 36조(선출원) 규정을 적용함에 있어서 판단시점이 소급되기 위해서는 특허출원 C에 관한 발명의 구성부분이 특허출원 A 또는 B의 특허청구의 범위 내에 기재되어 있어야 한다 (X) -> 특허청구범위라는 범위가 틀려서 옳지 않은 지문인 것은 확실하게 이해했습니다. 그런데 추가로 발명의 구성부분이 기재되어 있어야 한다라는 표현은 맞는 표현인 것인지 궁금합니다!! (발명이 동일성 있게 기재되어 있어야 한다라고 적어야 맞는지, 구성부분이 기재되어 있어야 한다란 표현도 옳은지 여부)","틀린 지문입니다. 예를 들어 C의 발명이 a+b+c일때, A에 a, B에 b+c가 기재되어 있다고 하여 판단시점의 소급효가 인정되지 않습니다. 옳은 문장은 다음과 같겠네요. ""특허출원 C에 관한 발명이 특허출원 A 또는 B의 최초 명세서 또는 도면에 기재되어 있어야 한다.""", ,,23.11.08
특허법,조문,55조,[55조] 국내 우선권주장의 선출원 관련 질문드립니다?댓글수1,"안녕하세요. 국내우주 수반 출원에서 선출원의 공개 여부 관련해서 헷갈려서 질문드려요 국내우주 수반하는 출원에서 선출원은 56조 1항에 의해 취하 간주되기 때문에 공개는 되지 않고 이후에 후출원이 공개/등록되더라도 그 선출원은 신청시 열람만 가능하고 공개는 되지 않는 걸로 이해했는데, 혹시 잘못 이해한 부분이 있을까요?? 확인부탁드려요 감사합니다!!","?공지란 불특정인이 알 수 있는 상태이므로, 열람 가능하다면 공지가 되는 것입니다.", ,,23.11.20
특허법,조문,36조,[36조] 동일출원이 모두 착오등록된경우?댓글수1,"안녕하세요. 선출원주의에서 협의제임에도 불구하고 두 출원이 착오로 등록된 경우 판례의 태도에서는 ""89후1103판결에서는 동일인이 동일고안에 대하여 같은날 경합출원을 하여 모두 등록된 경우에 그 후 어느한쪽이 무효로 확장되었다면 나머지 등록까지 모두 무효로 볼 것이 아니다"" ""2005후3017판결에서는 특허권이나 실용신안권의 포기에 의하여 경합출원의 하자가 치유되어 제3자에 대한 관계에서 특허권의 효력을 주장 할 수 있다고 보는것은 명문의 근거가 없을뿐아니라(중략) 포기의 소급효를 인정하는셈이 되어 부당, 그권리를 포기하였다고 하더라도 경합출원으로 인한 하자가 치유된다고 보기는 어렵다"" 이렇게 두 판례에서 다른결론이 나오는 이유가 무효와 포기의 차이 때문인가요?","네, 그렇습니다. 관련 질문 많으니 검색해 보세요~", ,,23.11.23
특허법,조문,34조,[34조][35조] 정당한 권리자 출원의 효과?댓글수1,"안녕하세요 변리사님 34조, 35조 정당한 권리자 출원의 효과 관련해서 질문 드립니다. 34조, 35조에는 각각 ""무권리자가 특허출원한 때에 특허출원 한 것으로 본다"" 와 ""무권리자 특허의 출원 시에 특허출원한 것으로 본다""라고 나와있는데요. 책에는 34, 35조의 효과가 무권리자의 출원일로 소급한다라고 나와있습니다. '특허출원한 때'와 '특허출원일'은 구분해서 공부해야 하지 않나 싶은데 (like 29조1항), 해당 파트에서는 혼용해서 사용을 하고 있습니다. 이렇게 혼용을 하는 이유는 무엇인지 또, 수험생 입장에서는 '특허출원한 때'로 공부를 해야할 지 '특허출원일'로 공부해야할 지 말씀해주시면 감사하겠습니다.","출원일로 소급한다. 구체적으로 그 특허출원한 때에 출원한 것으로 본다. 이렇게 이해하면 됩니다. 이는 제52조의 분할출원, 제52조의2의 분리출원, 제53조의 변경출원도 동일하게 표현되어 있습니다. 열공하세요~", ,,23.11.23
특허법,조문,34조,"[34,35조] 리담 객관식 109P 1번, 112P 4번?댓글수3","안녕하세요, 기산일에 대해 질문이 있습니다. 34조는 거절결정확정일부터 30일, 35조는 무효심결확정일부터 30일로 알고 있습니다. 제가 휴대폰이 없어서 사진을 첨부하지 못하는점 먼저 죄송하다는 말씀 드립니다. 109P 1번 보기 2번 ""특허거절결정에 대한 갑의 불복심판 청구 없이 거절결정이 확정된 경우, 정당한 권리자 을은 2024년 9월 1일 (월요일)까지 특허출원을 하여야 특허법 제 34조에 의한 보호를 받을수 있다. "" 2024년 8월 1일까지 거절결정에 대한 불복심판을 청구하지 아니하면 갑의 특허출원은 거절결정이 확정되므로, 2024년 8월 2일이 거절결정확정일입니까? 그러면 기산일은 2024년 8월 3일이 되는거고, 8월은 31일까지므로 31-3=28 , 30-28=2 , 2-1=1 이므로 9월1일까지 특허출원을 하여야하는거 맞습니까? 112P 4번 보기 5번 ""을이 갑의 특허발명 X에 대해 무권리자 특허임을 이유로 무효심판을 청구한 다음 무효심결이 2021년 3월 2일에 확정된 후 을이 2021년 4월 1일에 특허출원한 경우, 동 출원은 2017년 11월 1일에 출원된 것으로 간주된다."" 위와 같은 논리로 풀자면 2021년 3월 2일에 무효심결이 확정되므로 2021년 3월 3일이 기산일입니다. 3월은 31일까지므로 31-3=28, 30-28=2 , 2-1=1 이므로 2021년 4월 1일까지 특허출원 할 수 있습니다. 그런데 해설을 보면 2021년 3월 31일까지 출원해야 한다고 나와있어 논리에 모순이 생깁니다. 어느 부분을 제가 잘못생각하고 있는지 여쭙고 싶습니다.","확정되면, 초일=기산일이 된다는 것을 모르고 있네요.",감사합니다~109P 1번에 보기 2번은 만료일이 24.8.31인데 일요일이기 때문에 9월1일(월)까지 출원을 해야하는거 맞죠?,네 그렇습니다~,23.11.23
특허법,조문,30조,[30조] 공지예외주장?댓글수1,"변리사님, 안녕하세요. 공지예외주장 관련해서 질문드립니다! 원출원은 공지예외주장을 하지 않고 분할출원만 공지예외주장을 하는 경우에도, 공지 후 12개월을 만족하는지는 원출원일을 기준으로 하나요?","네, 그렇습니다.", ,,23.11.27
특허법,조문,,의약용도발명 약리기전 질문?댓글수1,"안녕하세요 변리사님! 약리기전에 관한 질문입니다. 1. 2012후3664판결에서 ""약리기전은 특정물질이 가지고있는 의약용도를 특정하는 한도 내에서만 발명의 구성요소로서의 의미를 가질뿐 약리기전 자체가 특허청구범위를 한정하는 구성요소로 보아서는 안된다 ."" 2. 다른판례는 ""약리기전만 기재되어도 구체적용도 파악 가능하면 명세서 기재요건은 충족된다."" 질문) 1. 2번 판례에서는 약리기전이 청구범위 구성요소로 의미를 가진다는 것인지 궁금합니다. 2. 만약 구성요소로 의미를 가진다면 보호범위는 물질+약리기전인지, 약리기전에 의해 파악된 의약용도인지 궁금합니다. 감사합니다.",,1. 물건발명의 구성요소가 아니라는 것입니다. 2. 의약발명의 구성요소는 물건+용도입니다. 약리기전을 용도를 추론하는 도구로 이용될 뿐입니다.,,23.12.04
특허법,조문,29조,[29조 1항] 선택발명의 신규성?댓글수4,"안녕하세요. 선택발명의 신규성 판단에 대해 질문이 있습니다. 선택발명은 상위개념에 포함되는 하위개념만을 구성요소 중의 전부 또는 일부로 하는 발명이기에 실질적 동일성을 만족하지 않아 신규성을 판단할 때 문언적 내재적 동일성만 판단하면 된다고 하는데요. Q1) 하위개념으로 구성되어 있기에 실질적 동일성을 벗어난다고 하면, B유형을 벗어난다는 얘기인데 그렇다면 문언적 내재적 동일성보다 더 창작 수준이 높다는 얘기이기 때문에 이미 문언적 내재적 동일성을 벗어난 게 아닌가요?? 굳이 문언적 동일과 내재적동일을 판단해야하는 이유를 잘 모르겠습니다. 다른 질문에 답변해주신 걸 보아하니 신규성판단을 벗어나기 위해서는 문언/내재/실질적 동일성 세 가지를 모두 벗어나야된다고 하셨는데요. 질문의 요지는 “실질적으로 동일하지 않은데 문언 내재 동일을 왜 판단할 필요가 있는가? 실질적 동일성을 벗어났다면 더 창작수준이 높을텐데 ” 입니다. (https://m.cafe.daum.net/ezpatent/7ZEN/2915?searchView=Y) Q2) 발명의 범위가 다른 경우 확선 판단에 있어서 ’기술적 구성이 전면적으로 일치하는 경우는 물론 부분적으로만 일치하더라도 그 차이가 발명의 포섭 범위를 달리한 데 지나지 아니하는 때에는 양 발명은 특별한 사정이 없는 한 실질적 동일성이 있다 할 것이다.’ 라는 판시를 하는데요. 이는 문언적 내재적동일성만 만족하면 범위가 다르다 하더라도 실질적동일성을 만족하는 것으로 본다고 하는 게 맞지 않나요? (그러니까, 더 낮은 단계인 문언적 내재적 동일하면 당연히 실질적 동일성을 만족하는 게 아닌지? Q1내용과 같다고 보시면 됩니다!) Q3) 발명의 구성 일부가 변경된 경우에만 신규성과 선출원의 판단이 다르다고 합니다. 이 말의 의미가 잘 이해가 안 갑니다. 선출원주의가 진보성에 준해서 판단한다는 것은 알겠는데 그렇다면 발명의 범위, 범주가 다른 경우에는 선출원주의도 구성 변경에 있어서 신규성의 판단처럼 실질적 동일성 범위에서 판단을 하는 것인가요??","1.2. 신규성 판단에 대한 이해가 부족합니다. 1번을 예로 들어 설명하면, 신규성 판단은 (1) 발명의 특정, (2) 공지기술의 특정, (3) 동일성 판단 순서대로 이루어지는데, (2) 공지기술에 상위개념만 있는 경우에는 (1) 하위개념인 발명은 (3) 동일성이 없는데, (2) 공지기술에 상위개념뿐만 아니라 하위개념이 개시되어 있는 경우에는 (1) 하위개념인 발명은 (3) 동일성이 있다는 것입니다. 3. 네, 그렇습니다. 열공하세요~","답변 감사드립니다. 말씀해주신 코멘트에 추가적으로 질문드릴 게 있는데요, 일반적으로 신규성 판단은 B유형으로서 실질적 동일성까지 판단해야한다고 나와있습니다. 여기서 궁금한 점은 Q) 선택발명의 신규성 판단에 대해서 (1)~(3) 과정을 거치는 것은 알겠으나, 왜 '개시(=문언+내재적 동일성)'에 대해서만 판단을 하고 실질적 동일성은 판단하지 않는지에 관한 것입니다. 즉, 신규성판단은 B유형(발명 창작 수준이 3단계)까지 판단을 하는데, 이미 실질적 동일성을 벗어났다면 3단계보다는 높을텐데 왜 그 밑에 있는 A유형(발명 창작 수준이 2단계까지)을 판단을 해야하는지 궁금합니다. 같은 질문을 또 드리는 것 같은데, 답변해주신 것을 제가 이해한 바에 따르면 '공지기술에 하위개념이 개시(문언적,내재적 동일)되어있지 않으면 선택발명은 신규성 위반이 아니다'라고 이해했는데요. 저는 '신규성 판단은 B유형인 문언->내재->실질적 동일성까지 판단해야하는데 실질적 동일성을 벗어났음에도(더 발명의 창작수준이 높으니까 신규하지 않은데) 문언, 내재적 동일성을 판단해야하는지'가 궁금합니다.","제가 답변 드린 것을 계속 이해 못하고 있네요. 공지기술에 상위개념만 기재되어 있으면, 선택발명은 신규성 위반이 아닌 것이고, 공지기술에 하위개념(선택발명)이 기재되어 있거나 기재되어 있는 것과 마찬가지라면, 선택발명은 신규성 위반이라는 것입니다. 동일성 판단의 개념이 아니라, 공지기술에 어떤 것이 기재되어 있느냐의 관점에서 보면 너무 당연한 얘기를 하는 것인데, 동일성 판단의 개념에 생각이 집중되다보니 이해가 되지 않는 것입니다.",23.12.23
특허법,조문,30조,[30조] 공지예외주장?댓글수1,"변리사님, 안녕하세요! 30조 공지예외주장 관련해서 질문드립니다! 분할/분리/변경/국내우선권주장/조약우선권주장출원을 하면서 공지예외주장을 하는 경우에도 30조 3항이 적용이 되나요? 감사합니다.","네, 적용됩니다.", ,,23.12.27
특허법,조문,54조,[54조 조약우선권 주장]?댓글수1,"변리사님, 안녕하세요! 조약우선권주장을 수반하는 분할출원 관련해서 질문 드리고자 합니다! 리담 p455에서 최우선일 (X)로부터 1년 4개월 이내 분할출원하였으나, 최우선일(X) 로부터 1년 4개월까지 원출원(Y)에 대한 조약우선권주장의 증명서류를 제출하지 아니한 경우 최우선일(X) 로 부터 1년 4개월과 분할출원 (Z)을 한 날부터 3개월 중 늦은 날까지 분할출원 (Z)에 대한 조약우선권주장의 증명서류를 제출할 수 있다. 라고 나와있는데, 이 경우 최우선일(X)로부터 1년 4개월까지 원출원에 대한 조약우선권 주장 증명서류 제출이 없었음에도 불구하고, 원출원에 대한 우선권 주장이 취하간주 되지 않고 원출원, 분할출원 모두 조약우선권 주장이 인정이 되는건가요? 감사합니다.","원출원은 제54조제6항에 의해 우선권주장이 효력을 상실하는 것잉고, 분할출원은 증명서류를 제출한 경우 우선권주장이 인정될 수 있습니다.", ,,23.12.28
특허법,조문,30조,[30조 3항] 3항 적용하는 상황에 대한 질문?댓글수1,"안녕하세요 변리사님 새해 복 많이 받으시고 올 한 해 좋은 일 가득하셨으면 좋겠습니다. 30조 3항에 보면 ""제 2항에도 불구하고""라고 나와있는데, 2항은 의사에 의한 공지의 경우 절차에 관한 조문입니다. 그렇다면 30조 3항은 의사에 반한 공지의 경우에는 적용할 수 없는 조문인가요?","네, 적용 안 됩니다.", ,,24.01.01
특허법,조문,29조,[29조] 신규성과 진보성 동시 통지?댓글수2,"리담특허법 기출문제집 53페이지 내용에서 '청구항에 기재된 발명에 대하여 동일한 인용발명으로, 또는 인용발명을 달리하여 신규성이 없다는 거절 이유와 진보성이 없다는 거절이유를 동시에 통지할 수 있다' 라고 하는데요. 기본서 내용중 마쿠쉬청구항에서, 신규성이 없다는 거절이유와 진보성이 없다는 거절이유를 동시에 통지할 수 있다는 내용을 체크해놨었습니다만, '청구항에 기재된 발명에 대하여 동일한 인용발명으로, 또는 인용발명을 달리하여'라는 내용이 이해가 잘 안 됩니다. 첫번째 거절이유 통지에서 인용발명1로 신규성 위반으로 거절이유를 통지한 경우, 그 이후에 인용발명1로 신규성과 진보성이 없다는 거절이유를 통지하거나, 인용발명2로 신규성과 진보성이 없다는 거절이유를 통지할 수 있다는 내용인가요?","1. 인용발명: abc / 청구항: abc1일때, 동일하여 신규성이 없고, 동일하지 않더라도 용이하여 진보성이 없다고 할 수 있다는 것입니다. 2. 인용발명: abc2, abc3 / 청구항: abc1일때, abc2에 의해 신규성이 없고, abc3에 의해 진보성이 없다고 할 수 있다는 것입니다.", ,,24.01.05
특허법,조문,47조,[47조] 실체보정 시기?댓글수1,"변리사님, 안녕하세요! 실체보정 시기 관련해서 질문드립니다! 거절결정불복심판 단계에서 심판청구할때는 보정이 불가능하나 최초, 최후 거절이유가 통지가 되면 의견서 제출 기한에 실체 보정을 할 수 있는 건가요? 감사합니다!","?네, 제170조제1항을 꼭 살펴보세요.", ,,24.01.10
특허법,조문,42조,[42조] 명세서 기재 불비 워딩의 의미 관련 질문?댓글수1,"안녕하세요 변리사님! 기출문제 선지에 '명세서 기재 불비' 워딩에 대해서 질문 드립니다. "" 동일한 발명 사상의 내용이 청구항을 달리하여 중복하여 기재되어 있다면, 특허청구범위가 명확하고 간결하게 기재되어 있어 해당 기술분야에서 통상의 지식을 가진 사람이 그 내용을 명확하게 이해하고 인식하여 재현할 수 있더라도 명세서의 기재불비에 해당한다"" 해당 선지 판단할 때 42조 4항은 만족 / 42조 8항 불만족 (시행령 5조 2항 ""적절한 수"") 로 판단을 잘 했는데요. 선지 말미에 ""명세서 기재 불비""는 어떤 경우에 사용하는지 궁금합니다. 42조 8항도 엄연히 ""청구범위""에 대한 요건이고, 절차적 요건이긴 하지만 위반 시 거절이유가 되는데, 이 경우에는 왜 ""명세서 기재 불비""가 아닌건지 모르겠습니다. ""명세서 기재 불비""는 42조 3항 1호, 4항 위반 시에만 사용하고, 나머지 42조에 해당하는 등록요건(42조 3항 2호 / 42조 8항)은 ""명세서 기재 불비""를 사용 안하나요?","개정 히스토리를 잘 모르고 있네요. 기존에 실무는 중복 기재된 경우 시행령 제5조제3항 위반이라고 하였으나, 94후1558 판결의 영향으로 시행령 제5조제3항 위반이 삭제되었고, 따라서 현재는 94후1558 판결에 의하면 제42조제8항 위반이라고 하기 어렵습니다. 다만, 심사실무는 완전히 동일(문언적 동일/내재적 동일)한 경우에 한해서 시행령 제5조제2항 위반이라고 하고 있으나, 이는 94후1558 판결과 배치되는 것으로서, 현재 실무는 적절한지 여부는 추가적인 판결이 나와 봐야 알 수 있습니다. 참고로, 42조 위반의 거절이유를 기재불비라고 합니다.", ,,24.01.11
특허법,조문,36조,[36조]물건발명과 제법발명 선출원주의?댓글수2,"안녕하세요. 도해 p.148에서 인용대상이 제법발명, 본원발명이 물건발명일 때 선출원주의가 (일반적 불인정)이라고 표기되어 있는 것이 이해가 되지 않아 질문 드립니다. 제법발명 출원 후 물건발명이 출원되면 선출원주의가 적용되는 것으로 알고 있었는데 아닌가요? 감사합니다.",(선출원주의 同日)이란 동일자 출원을 말합니다., ,,24.01.14
특허법,조문,47조,[47조]47조1항제2호괄호의미?댓글수1,"변리사님 안녕하세요. 47조 1항 2호 괄호가 '직권재심사에 따른 특허결정 취소에 따른 통지를 한 경우에는 그 통지 전의 거절이유통지는 제외한다'인데 여기에서 ""거절이유통지""의 의미가 최초거절이유통지인지 아니면 최후거절이유통지인지 아니면 둘 다를 포함하는 개념인지 궁금합니다. 원칙적으로 최초거이통에 대한 보정에 따라 발생한 거절이유는 최후거이통하고, 최후거이통에 대한 보정에 따라 발생한 거절이유는 보정각하하는 것으로 알고 있습니다. 예외적으로 직권재심사단계에서는 출원인의 신뢰를 보호하기 위해 51조 1항 2호에서 취소된 특허결정 전에 한 ""보정""인 경우에는 최초거이통하고, (이 조문에서 보정은 최초거이통에 대한 보정인가요? 아니면 최후거이통에 대한 보정인가요?) 63조 1항 2호에서 취소된 특허결정 전에 이미 ""통지한 거절이유""로 특허거절결정할 경우에는 최초거이통하는 것으로 알고 있습니다. (이 조문에서도 마찬가지로 통지한 거절이유가 최초거이통인지, 최후거이통인지 아니면 둘다인지 궁금합니다) 이 3개의 조문에서 말하는 거절이유통지와 보정이 어떤 것을 의미하는지 답변해주시면 감사하겠습니다! 항상 친절한 답변 감사드립니다.",1. 제47조제1항제2호괄호 - 최초(최후는 보정각하규정인 제51조가 적용됩니다) 2. 제51조제1항제2호 - 최후(최초는 보정각하대상이 아닙니다) 3. 제63조제1항제2호 - 최초/최후 입니다. 열공하세요~, ,,24.01.17
특허법,조문,52조,"[52조] 분할출원 적법 시 심사청구기간, 존속기간 기산?댓글수3",안녕하세요 특허법 공부하다 궁금한 것이 생겼습니다 심사청구기간과 존속기간은 35조에서는 적법시 무권리자 출원일 다음 날부터 기산하는 것으로 알고 있는데 분할출원의 경우에도 적법할 경우 똑같이 원출원일 다음 날부터 기산하는지 아니면 원출원일로부터 기산하는지 잘 모르겠습니다,초일불산입의 원칙을 모르고 있네요. (1) 원출원일의 다음날부터 기산 --> 초일 산입(다음날 기산일) (2) 원출원일부터 기산 --> 초일 불산입(다음날 기산일) (1)(2)는 같은 말입니다.,,,24.01.21
특허법,조문,52조의2,[52조의 2] 분리출원 보정?댓글수1,"변리사님, 안녕하세요! 분리출원 관련해서 질문드리고자 합니다! 분할출원, 변경 출원 심사 중에는 보정을 할 수 있다고 알고 있는데, 분리출원 심사 중에도 보정을 할 수 있는지 궁금합니다. 감사합니다.","네, 분리출원도 별도의 새로운 출원이며, 제47조에 맞춰 보정할 수 있습니다.", ,,24.01.24
특허법,조문,55조,[55조] 조문상 주체적요건?댓글수1,"55조조문- 1.특허를 받으려는자는 = 후출원의 특받권자 2.""자신이 특허를 받을수 있는 권리를 가진 특허출원으로"" 먼저한출원(선출원)의 = 선출원의 특받권자 3.최명도에 기재된발명을 기초로 Q1. 즉, 후출원의 특받권을 가진자이면서 우선권주장의기초가되는 출원에대해서도 가져야하는거죠? 국내우선권주장출원의 경우 공동으로 하지 않아도 됩니다. 예를 들어, 선출원 A, B- 후출원 A, C인 경우 Q2) 갑이 A, 을이 B, 병이 C를 발명했다면 1.특허받으려는자= A와C의 발명자또는승계인 =갑과 병, 2.선출원의 특받권자 = 갑과을 즉, 갑과 병 이면서 갑과을인사람은 갑밖없습니다. 갑과 병이 할 수 있고, (2) 갑이 A, C, 을이 B를 발명했다면, 1.특허받으려는자 = A와C의 특받권자= 갑 2.선출원의 특받권자 = 갑 을 즉, 갑이면서 갑과을 인자는 갑밖에없습니다. 여기서 2. 에대한 조건은 필요없는조건인가요? 조문표현을 직독직해해본건데 잘못해석했나요?","문의한 해석방법이 기존의 심사실무이고, 최근 대법원 판례는 그렇게 해석하면 개량발명보호의 적정화하는 취지를 만족하지 못하기 때문에, 일부만 특받권을 가진 자이면 되고, 후출원 당시 특받권이 일치할 필요가 없다는 것입ㅈ니다. 대법원 판례를 한 번 살펴 보세요~", ,,24.01.26
특허법,조문,52조,[52조] 자동우선권주장과 소급효 예외 실익?댓글수1,"안녕하세요 변리사님 질문 관련 글들을 찾아봤는데, 그래도 제가 모르는 것 같아서 질문 드립니다. 조약우주와 국내우주는 모두 출원 시에 취지도 같이 기재해야 하는 걸로 알고 있습니다. 또한, 분할출원의 원출원에서 우선권 주장을 해놓지 않으면 분할출원에서는 우선권 주장을 못하는 걸로 알고 있습니다. 그럼, 원출원에서 우선권 주장을 해야 분할출원에서 우선권주장을 할 수 있다는 의미일텐데, 자동우선권주장이 생기면서 원출원에서 우선권 주장 및 각종 서류 제출 시 분할출원에서도 우서권주장을 한 것으로 보며, 각종 서류도 제출된 것으로 보게 되었습니다. 그럼 분할출원 시 우선권 주장을 하면서 취지를 기재할 일이 없어진 것 아닌가요? 확공조국등에서 ""조국""의 실익이 없어진 것 같아서 질문드립니다. 변리사님이 이전 질문에서 (1) 소급효가 인정되지 않는다 (2) 출원 시 주장해야 한다에서 (2)의 의미가 사라지게 되었다는 답변을 달아주셨습니다. (https://cafe.daum.net/ezpatent/7ZEN/3217) 그런데, 취지를 기재할 필요가 없다면 소급효가 인정되는지에 대한 논의도 의미가 없어진다고 생각이 들어서요","소급효가 인정된다면 이미 <<<<원출원시>>> 분할출원에 대한 우선권주장의 취지를 기재하지 않았기 때문에, 주장 자체가 안 되는 것입니다. 즉, 소급효 불인정 + <<<<분할출원시>>>> 자동주장 이렇게 해석되어야 법리적으로 적절합니다. 열공하세요~ 답글기능 더보기", ,,24.01.30
특허법,조문,47조,"[47조] 4항 ""~취하된 것으로 본다"" 와 42조의3 7항 ""~처음부터 없는것으로 본다""?댓글수1","이 두개의 표현은 구분해서 암기하면 되는건가요? 추가로 조약우선권을 기초로 분할출원할때 증명서류 자동제출 간주인데, 3개월의 기간의 특례를 주는 이유가 궁금합니다.",1. 구별할 실익이 없습니다. 2. 원출원이 증명서류 안 낸 경우를 생각해 보면 됩니다., ,,24.02.02
특허법,조문,55조,"[55,56조] “출원 계속 중”의 의미?댓글수1",이익제도에서 선출원의 요건으로 출원 계속 중임이 많이 나오는데 출원 계속 중의 의미를 거절결정에 대해 상고심까지 다투는 경우까지도 계속 중이라 보면 되나요?,"네, 그렇습니다.", ,,24.02.03
특허법,조문,30조,[30조] 지득한 발명의 공지와 공지예외적용 주장?댓글수1,"안녕하세요. 기출문제집 p.104와 p.108에 수록되어 있는 문제에 대해 질문드립니다. 지문1 : 국내우선권주장출원에 있어서, 그 선출원의 발명의 공지일부터 12개월 이내에 공지예외적용 요건을 맞추어 특허출원을 하였고, 그 선출원에 기초하여 국내우선권주장의 후출원을 하는 경우, 후출원의 특허출원일이 그 공지일부터 12개월 이내가 아니더라도 공지예외적용을 받을 수 있다. 다만, 후출원에 새로 추가된 발명에 대해서는 공지된 것으로 보고 심사를 진행한다. (O) 질문1 : A 공개 - 선출원 A - 후출원 A, B인 경우(B는 새로 추가된 발명) 공지예외주장의 적용기간 계산시점이 후출원 A, B 中 A만 선출원일로 소급되어 후출원이 공지로부터 1년 경과하더라도 공지예외주장 가능한 것으로 아는데요. 밑줄 친 부분인 '후출원에 새로 추가된 발명에 대해서는 공지된 것으로 보고 심사를 진행한다.'의 의미가 무엇인지 모르겠습니다. 후출원 발명 중 B는 공지된 것이 아니지 않나요? 지문2 : 특허를 받을 수 있는 권리를 가진 자가 특허출원 전에 해당 발명을 공지한 후 공지예외적용 요건을 갖추어 특허출원을 하였는데, 그 공지일과 특허출원일 사이에 제3자에 의해 해당 발명과 동일한 발명의 공개가 있는 경우, 제3자의 공지가 공지예외적용에 해당하는 공지에 의하여 지득한 발명의 공개라는 사실이 명백하더라도 출원인이 그 의사에 반하여 공지된 발명이라는 사실을 입증하지 못하면 그 특허출원은 제3자의 공지에 기초하여 신규성을 상실한다. (X) 질문 2 : 밑줄 친 부분이 틀린 이유에 대한 저의 생각 맞는 지 궁금합니다. (1) 제3자의 공지가 특받권 가진 자의 의사에 의해 공지된 발명을 지득하여 공개한 것이 명백한 경우 : 의사에 의한 공지의 복수 회에 걸친 공지 해당. 따라서, 공개행위 간 밀접불가분의 관계가 있으므로 밀접불가분의 관계에 대한 증명서류를 제출하면, 출원인은 최초의 공지에 대해서만 공지예외주장을 하면 지득한 발명에 대해 따로 증명서류를 제출하지 않아도 신규성 문제 없음 (2) 제3자의 공지가 지득한 발명의 공지인지 제3자의 독자적 발명을 공개한 것인지 불명확한 경우 : 출원인이 제3자의 공지에 의한 신규성 위반 사유로 거절결정되는 것을 피하기 위해, 출원인이 제3자의 공지가 의사에 반한 공지임을 증명할 입증책임 존재 따라서, 밑줄 친 부분이 틀린 이유는 (1) 지득한 발명의 공지는 의사에 의한 공지의 복수 회 걸친 공지에 해당하는 것이지 의사에 반해 공지된 발명이 아니다. (2) 따라서, 지득한 발명의 공지에 대해 출원인이 입증할 필요 없다. (3) 결론적으로 그 특허출원은 제3자의 공지에 기초하여 신규성을 상실하지 않는다. 지문3 : 甲은 2020.2.1 발명 A를 박람회에 출품하고 2020.12.1 공지예외를 주장하며서 특허출원을 하였다. 한편 乙은 박람회에서 발명 A를 지득하고 2020.5.2 간행물에 전재하였는바, 甲이 이 사실과 함께 자신의 의사에 반한 공지임을 입증하였다. (O) 질문3 : 위의 지문2와 유사한 케이스로 보여지는데, 이 지문에서는 '의사에 반한 공지'로 보는 이유는 무엇인가요? 의사에 의한 공지의 복수 회에 걸친 공지로 보지 않는 이유가 무엇인지 궁금합니다.","1. A가 공지된 것으로 보고 B의 신규성, 진보성을 판단합니다. 2.3. 실무는 둘 중에 하나만 입증하면 된다는 것입니다. 기본서에 다음과 같이 기술되어 있네요. 특허법 제30조제1항제1호에 의한 공지가 있은 날과 특허출원일 사이에 제3자에 의하여 공지예외주장출원에 기재된 발명과 동일한 발명의 공개가 있는 경우 제3자에 의한 공지가 공지예외에 해당하는 공지에 의하여 지득(知得)한 발명의 공개라는 사실이 명백한 경우를 제외하고 그 공지예외주장출원은 신규성이 없는 것으로 하여 거절결정한다. 여기서, 제3자에 의한 공지가 공지예외에 해당하는 공지에 의하여 지득(知得)한 발명의 공개란, 예를 들어, 특허를 받을 수 있는 권리자가 한 시험 또는 간행물 발표, 학술단체가 개최하는 연구집회에서의 발표, 박람회에 출품 등에 의하여 공지된 발명을 제3자가 간행물에 전재(轉載)하는 경우 등이다. 또한, 상기 이유에 의한 심사관의 거절이유통지에 대하여 출원인이 제3자에 의한 공지가 공지예외에 해당하는 공지에 의하여 알게 된 발명의 공개라는 사실이나, 출원인의 의사에 반하여 공지된 발명이라는 사실을 증명하지 못하는 경우 그 특허출원에 대하여 거절결정한다.", ,,24.02.03
특허법,조문,47조,[47조] 최초거절이유인지 판단?댓글수1,"12년 기출 (리담특허법 기출문제집 119페이지 7-2번 지문) 진보성 결여를 이유로 거절이유를 통지받은 청구항1에 구성요소를 추가하는 보정을 하여 거절이유를 해소한 상태에서, 심사관이 새로운 선행기술을 제시하면서 청구항1에 대하여 진보성 결여를 이유로 거절이유를 통지했을 때 이는 최초거절이유가 된다. 위 지문이 틀린 지문이고 여기에 대한 해설이 '거절이유에 대응한 보정에 의해 발생한 새로운 거절이유이기 때문'이라고 나와있는데 거절이유에 대응한 보정에 의해 발생한 거절이유라고 단정할 수 없는게 아닌가 질문드립니다! 후행 거절이유통지가 기존 보정전에 내재된 거절이유인데 선행 거절이유통지에서는 이에 대해 지적하지 못하고 있다가 후행 거절이유통지에서 이에 대해 지적하게 된 것이면 최초거절이유통지를 할 수 있지 않나요?","만약, 청구범위가 보정 전후에 동일한다면 최초 거절이유통지를 해야 할 수도 있으나, 청구범위가 보정에 의해 바뀌었으니, 보정에 의해 발생한 거절이유가 맞습니다.", ,,24.02.07
특허법,조문,29조,[29조] 확대된선출원지위?댓글수1,"확대된선출원의 지위에서 출원인이 동일하면 적용이 배제되는데 후출원할 때의 출원인과 선출원인이 동일해야 하므로, 출원인이 동일한지의 판단시점은 후출원시이고, 후출원 이후에 출원인명의변경신고를 하여도 하자가 치유되지 않는 것이 맞나요? 디자인보호법과 다른 부분이라 혼동이 되어 질문드립니다.ㅠㅠ","네, 단편적인 지식을 습득하려고 하지 말고, 기본서를 한 번만이라도 읽어 보세요.", ,,24.02.11
특허법,조문,29조,[29조2항] 수치한정발명 진보성 질문 60회 9번?댓글수1,"60회 기출 9번의 1번 선지입니다 출원발명의 수치범위가 선행발명의 수치범위에 포함된다면, 특허발명에 진보성을 인정할 수 있는 다른 구성요소가 없는 경우 출원발명의 수치한정이 임계적 의의를 가지는 때에 '한하여' 진보성이 인정된다.(O) 2008후4998 (중략) 다만, 1. 그 특허발명에 진보성을 인정할 수 있는 다른 구성요소가 부가되어 있어서 그 특허발명에서의 수치한정이 보충적인 사항에 불과하거나, 2. 수치한정을 제외한 양 발명의 구성이 동일하더라도 그 수치한정이 공지된 발명과는 상이한 과제를 달성하기 위한 기술수단으로서의 의의를 가지고 그 효과도 이질적인 경우라면, 수치한정의 임계적 의의가 없다고 하여 특허발명의 진보성이 부정되지 아니한다. 1번 케이스는 문제에서 다른 구성요소가 없다고 나와있으므로 제외된다고 하더라도 위 판례 문구중 2번의 케이스가 있어서 틀린 지문이 아닌가요? 임계적 의의가 없더라도 ""상이한 과제를 달성하기 위한 기술수단으로서의 의의를 가지고 그 효과도 이질적인 경우"" 진보성이 인정되어 틀린 지문이라고 판단하였습니다 아니면 2번 케이스에도 ""다른 구성요소가 부가되어"" 라는 수식어를 붙여서 이해해야 하나요?","판례 문장을 해석하지 못하고 있습니다. 임계적 의의 = 이질적인 효과 또는 동질의 우수한 효과 이므로, 2008후4998 판결은 이질적인 효과로 인하여 임계적 의의가 있어서 진보성이 인정된다는 것입니다. 열공하세요~", ,,24.02.20
특허법,조문,29조,[제29조] 특허요건 ’그 출원‘ 비교대상?댓글수2,"특허요건에서 신규성, 진보성, 선출원주의, 확대된 선출원주의, 공지기술을 판단할 때 그 출원의 비교 대상은 명세서/도면이 아니라 항상 청구범위인 것이 맞나요..?","?네, 강의를 조금 더 들으면 명확히 알게 됩니다.", ,,24.03.12
특허법,조문,55조,[55조] 우선권 주장의 효과?댓글수1,"안녕하세요, 조약/국내우선권 조문 공부 중 해석이 어려워 질문드립니다. 조약우선권 주장에 대하여는 29조 적용 시 효과를 인정하는데(54조 1항) 국내우선권 주장에 대하여는 29조 1항, 2항, 3항 본문 등으로 한정한(55조 3항) 이유가 무엇인가요? 특히, 29조 3항 단서를 제외시킨 것이 조문에서 어떤 의미인지 궁금합니다.","1. 제54조제1항은 예시열거적이고, 제55조제3항은 제한열거적이기 때문입니다. 제54조제1항은 제29조, 제36조 이외에도 파리조약 4B에 의해 보충적으로 효력을 인정합니다. 2. 제29조제3항단서에서 출원인 동일은 선출원시가 아니라, 후출원시를 기준으로 한다는 의미입니다.", ,,24.03.22
특허법,조문,38조,[38조 1항] 분리탑재형 발전기 사건?댓글수1,"특허를 받을 수 있는 권리에 관하여 승계인의 지위와 양립할 수 없는 법률상의 지위를 취득한 사람이 제3자라고 하는데, 승계인의 지위와 (and) 양립할 수 없는 법률상의 지위를 취득한 사람을 제3자라고 하는 것인가요? 즉, 승계인의 지위를 취득하고, + 양립할 수 없는 법률상의 지위(출원자)를 추가로 취득한 사람 을 제3자라고 하는것인지 궁금합니다. 아니면 ”승계인의 지위와 양립할 수 없는“라는 말에 승계인과 출원자가 양립이 불가능하다 라는 뜻인지 알고 싶습니다.",후자가 맞습니다., ,,24.03.31
특허법,조문,52조의2,[52조의2] 분리출원의 효과 중 선출원주의의 회피?댓글수4,"안녕하십니까! 항상 양질의 강의를 제공해주심에 감사드립니다. 분리출원의 특허결정 후, 원출원의 기각심결이 취소된다면 분리출원의 소급효에 의해 제 36조 2항의 협의제가 문제가 된다고 하셨습니다. 이때 원출원의 청구범위를 삭제보정하는 방법으로 이 문제를 해결할 수 있다고 하셨는데, 이때 보정을 할 수 있는 이유는, 기각심결이 취소된다면 다시 특허심판원에서 특허결정 여부에 대해 다투게 되고, 이 시기는 제 47조 1항에서 정하는 보정의 시기에 부합하기 때문이라고 이해했습니다. 이게 맞는 이해인지 궁금하여 질문드립니다.","정확히 모르는 것 같네요. 협의제 역시 제36조 위반의 거절이유 중 하나이고, 거절이유를 통지하기 때문에 의견제출기간내 보정할 수 있는 것입니다.",답변 감사합니다! 이때 36조 위반에 따른 거절이유 통지는 특허심판원에서 진행되는 절차라고 이해하면 될까요?,"거절결정불복심판 절차를 모르고 있네요. 심판이 인용되는 경우 원거절결정을 취소한 후 자판하거나 환송합니다. 자판한다는 것은 심판원에서 절차가 진행된다는 것이고, 환송한다는 것은 다시 심사국에서 절차가 진행된다는 것입니다.",24.04.03
특허법,조문,36조,"[36조 2항, 3항] 동일출원일 때, '협의를 할 수 없을 경우'?댓글수2","교재 220p. 2.2)에서 '동일한 발명에 대한 둘 이상의 출원 중 어느 한 출원이 특허된 경우를 말한다' 라는 부분의 의미가 헷갈려서 질문을 남깁니다. 같은 날 동일한 특허가 출원되었는데, 한 특허가 실체심사 등의 과정이 빠르게 이뤄져 이미 특허를 얻어 협의를 할 수 없다는 것이 맞을까요? 선출원주의는 특허출원일을 기준으로 판단하는 것인데, 어떻게 동일출원일때 어느 하나가 이미 특허가 될 수 있는지 이해가 잘 안됩니다.","문의한 내용으로 봐서는, 선출원주의 위반은 특허취소신청사유, 특허무효사유가 될 수 있다는 것도 이해가 안 되겠네요. 심사관이 모든 출원을 완벽하게 검토한 후 특허결정할 수는 없습니다. 그래서 이를 보완하기 위하여 정보제공, 취소신청, 무효심판 등의 제도를 두고 있는 것입니다.", ,,24.05.02
특허법,조문,29조,[29조] 인용대상의 수에 따른 거절이유?댓글수1,진보성을 판단할 때 인용대상의 수가 많을수록 사후적 고찰 또는 합당한 거절이유가 결여되어 있는 경우에 해당할 가능성이 커진다는 점에 유의해야 한다고 서술되어 있습니다. 그런데 인용대상의 수가 많을수록 조합(OR)에 동그라미가 될 확률이 높아지고 모두 동그라미가 되었을 때 용이성이 있어 진보성이 부정되므로 거절이유가 생길 확률이 높아지는 게 아닌가요?,"결합발명의 진보성 판단을 모르고 있네요. 인용대상이 많을수록 이를 결합(이론적으로는 특유의 과제해결원리에 기초한 결합관계를 포함한 전체)하는 것에 대한 어려움이 커질수밖에 없습니다. 그래서, 실무적으로 3개까지 운영되고 있는 것입니다.", ,,24.05.02
특허법,조문,33조,[33조] 모인자(冒認者)에 대하여~?댓글수1,"국어사전에는 모인(冒認)에 대하여 ""남의 것을 제 것으로 꾸며 속임"" 으로 나옵니다. 모사(模寫) 모방하여 베껴쓰는 행위 ""모인""하는 행위는 모사보다 주관적 불법의사가 더 큰것으로 생각됩니다. 한자도 다르구요~~ 처음 접하는 낱말이라서 적어 보았습니다","네, 모인이라는 용어는 일본에서 사용하기 시작하였는데, 우리나라에서도 법률용어는 아니나 업계에서 그대로 차용하고 쓰고 있습니다. 참고로, 일본에서는 '횡령'을 의미하는 뜻을 가지고 있다고 합니다.", ,,24.05.06
특허법,조문,29조2항,[29조2항] 진보성-통상의 기술자?댓글수1,"안녕하세요. 진보성 판단 시 통상의 기술자의 수준에 관해 질문드립니다. 통상의 기술자는 국내의 수준과 외국의 수준이 같을 수 없기 때문에 국내로 기준을 한정하여 해석한다(국내주의)로 알고 있었는데 아래 판례를 보니 혼동이 오는데요... [특허법원 2016.9.30. 선고 2015허5203] 그러나 구 특허법 제29조 제2항, 제1항 제2호의 규정의 취지는, 어떤 발명이 그 특허출원 전에 국내뿐만 아니라 국외에서 반포된 간행물에 기재된 발명에 의하여 쉽게 도출될 수 있는 창작일 때에도 진보성을 결여한 것으로 보고 특허를 받을 수 없도록 한다는 데에 있으므로, 진보성 판단을 위한 통상의 기술자의 기술수준은 국내외의 기술수준을 모두 고려해서 판단하여야 한다(대법원 2004. 11. 12. 선고 2003후1512 판결 취지 참조). 따라서 통상의 기술자에게 널리 알려진 주지관용기술을 인정함에 있어서도 국외의 자료를 참조하는 것이 가능하다고 보아야 하므로, 이와 다른 전제에 선 원고의 위 주장은 받아들이지 않는다. 카페에 비슷한 질문에 대한 변리사님의 답변을 보았는데 그 부분의 각주를 읽어보라고 하셔서 각주(리담 특허법 23편 200페이지 각주 68)의 특허법원 2013.7.18. 선고 2013허2811를 읽어보았습니다. 이 각주와 위 판례 2015허5203의 내용을 종합해서 생각해보면 남아프리카 공화국 수준에서는 진보성이 있지만 우리나라 수준에서는 진보성이 없으므로 진보성이 부정된다. 즉, 국내와 국외 모두 고려해보았을 때 진보성이 부정된다로 해석이 되는데, 그렇다면 통상의 기술자 수준은 국내로 한정하여 판단한 것이 아닌데 어떻게 이해를 해야할까요?? +2013허2811과 반대로 우리나라에 수준에서는 진보성이 있지만 다른 나라 수준에서는 진보성이 없는 발명은 통상의 기술자 수준을 국내로 한정하면 특허를 받을 수 있고 국내국외 모두 고려하면 특허를 받을 수 없을 것 같은데 어떻게 되나요??","1. 문의한 2015허5203 판결의 사실관계를 보니, 2003후1512 판결과 마찬가지로, 구법에서 제29조제1항제1호가 국내주의일 때 주지관용기술을 결정함에 있어서 국내만을 고려해야 한다는 원고의 주장을 배척한 사례입니다. 특히, 인용된 선행문헌 중 반포된 간행물의 게재가 있고, 이는 구법에서도 국제주의에 의해야만 하기 때문에 원고의 주장을 받아들일 수 없습니다. 2. 2013허2811 판결에 의하면, 외국에의 대응특허여부는 진보성 판단의 고려대상이 되지 않는다는 것입니다. 이는 법제와 선행기술의 유무, <그 당시의 기술수준>을 국가별로 달리하기 때문이라는 것인데, 그렇다면 그 <<국가>>의 <그 당시의 기술수준>을 고려하여 통상의 기술자의 수준을 결정한다고 생각하는 것이 합리적 해석입니다. 이렇게 이해하고 있으면 문의하고 있는 내용이 전부 이해가 될 것입니다.", ,,24.05.20
특허법,조문,37조,"[37,38조] 출원계속의 소멸에 의한 특받권 소멸?댓글수4",안녕하세요. 리담23판 교재 275페이지 출원계속의 소멸에 의한 특받권 소멸 부분을 읽다 궁금한 것이 생겨 질문드립니다. 거절결정 확정 시 공개 전이라면 재출원할 수 있어 상대적 소멸이라 할 수 있다. -> 여기서 뜻하는 재출원이 동일한 발명을 동일인이 다시 출원을 하는 것을 뜻하마요? 아니면 내용을 보정해서 동일인이 다시 출원을 하는 것을 뜻하나요?? 이미 거절결정이 확정된 발명이기에 동일인이 동일한 내용을 다시 출원해봤자 어차피 거절결정 될 것인데 거절된 발명의 재출원을 허용하는 것이 실익이 없을 것 같아서요~! 답변 미리 감사드립니다^^,"거절이유에 대한 이해가 부족합니다. 예를 들어, 기재불비로 거절결정이 확정된 경우 또는 신규사항추가로 공개전 거절결정이 확정된 경우, 이를 해결하면서 재출원한다면, 거절이유도 해소하고 취하된 원출원에 영향도 받지 않게 됩니다. 열공하세요~",그럼 결국 공개 전 거절결정확정 시 재출원할 수 있다는 것은 거절이유 제거 후 재출원할 수 있다는 뜻일까요?? 그리고 거절이유이 대해 제가 이해가 부족한 부분을 좀 더 상세히 알려주시면 감사하겠습니다!,"위의 답변 예시와 같이, 거절결정이 확정된 발명과 재출원한 발명이 동일할지라도 거절이유별로 재출원의 실익이 있는 경우가 있는데, 이를 고려하지 않고 있다는 것입니다.",24.05.30
특허법,조문,29조,[29조] 상하위개념 동일성 질문드립니다?댓글수1,임병웅 변리사님 안녕하세요! 공지기술 개념의원 바깥이 동일성이라고 배웠는데 공지기술 안쪽 영역의 경우 왜 일반적으로 동일성이 아닌지가 궁금합니다 이게 혹시 독립항 종속항에서의 관계와 같이 공지기술개념(상위개념)을 한정하거나 부가하여 구체화한 하위개념의 경우 그 구체화된 하위개념을 공지기술(상위개념)이 구체적으로 개시하지 않았을 가능성이 높기때문에 일반적으로 동일성을 불인정한다는 취지로 이해해도 되는걸까요? 제가 다른개념과 혼동하는건지 명확하게 이해를 못한 부분이 있는거같아서 질문드립니다. 감사합니다.,"예를 들어 자전거가 공지기술일 때, 라이트+자전거 발명이 공지기술과 동일하지는 않습니다. 라이트를 부가하여 공지기술인 자전거와 차별성을 확보하였기 때문입니다.", ,,24.05.31
특허법,조문,33조,[33조]와 [29조 2항]의 찰떡파이 사건 적용?댓글수1,"찰떡파이 사건에서 <갑 회사의 A 연구원이 퇴사한 후, 을 회사에 취직하고 '떡에 쿠키를 도포하는 기술'을 특허출원했지만 이는 A 연구원이 이전에 출원했던 '떡에 초콜릿을 도포하는 기술'과 비교했을 때 진보성이 없으므로 무권리자에 해당하기 때문에 33조 위반이라서 특허가 기각된 것으로 이해하였습니다. 그런데 결국 A 연구원이 출원한 기술은 29조 2항 진보성 위반이기 때문에 29조 2항을 이유로 하여 특허를 기각해야 하는 것이 아닌가요?","사실관계를 잘못 이해하고 있네요. 영업비밀로 보호하고 있던 기술과 비교하여 진보성이 없는 것이지, 이전에 출원했던 기술과 비교하여 진보성이 없는 것이 아닙니다.", ,,24.06.10
특허법,조문,42조,[42조] 42조 위반여부?댓글수1,"안녕하세요, 42조 관련 질문이 생겨서 글쓰게 되었습니다. 1. 리담특허법 강의노트 제8판 129p에서 청구범위가 A,B이고 발명의 설명이 A인 경우 벤다이어그램의 2번 영역 또는 3번 영역이 가능하다고 알려주셨는데 1번 영역(42조 3항 1호 위반o, 42조 4항 1호 위반x)은 왜 안되는건가요? 2. 이와 관련해서 카페 질문들을 찾아보다가 3번 영역에 속할 경우(42조 3항 1호를 만족하는 경우), 발명의 설명의 A가 청구범위의 A에 대하여만 42조 3항 1호를 만족하면 되는 거라고 답해주신 것을 알게 되었습니다. 그런데 42조 3항 1호는 통상의기술자가 출원 시의 기술 수준으로 보아 과도한 실험이나 특수한 지식을 부가하지 않고서도 발명의 설명의 기재에 의하여 '그 발명(청구항에 기재된 발명)'을 정확하게 이해할 수 있고 동시에 재현할 수 있는 정도로 기재하였는지 판단하는 것이므로 A뿐만 아니라 B에 대해서도 발명의 설명의 A가 42조 3항 1호를 만족해야하는 것 아닌가요? 감사합니다.",1. 제42조제3항제1호 위반이 될 수도 있습니다. 2. 발명의 설명에 기재된 발명인 A만 판단하는 것입니다., ,,24.06.22
특허법,조문,52조,[52조] 분할출원 조약우주?댓글수1,원출원이 조약우주를 안했으면 분할출원은 실무상 조약우주가 불인정됩니다. 또한 원출원이 조약우주 했으면 후출원도 한걸로 자동간주됩니다 라고 이해했는데요 52조 2항 3호에서 조약우주의 취지를 적용하는 경우 소급효예외를 인정하는게 무슨 의미가 있는지 이해가 안갑니다. 어차피 자동간주가 되는 것이 아닌가요?,"제52조제2항제3호는 원출원시가 아니라 분할출원할 때 주장하면 된다는 것이고, 제54조제4항은 분할출원서의 제출로 자동주장간주된다는 것입니다. 제52조제2항제3호 규정이 없어서 원출원시에 주장해야 한다면 이미 주장할 수 없는 상태에 있는 것입니다.", ,,24.07.10
특허법,조문,47조,[47조 1항/ 51조] 최초 거절이유통지 전 거절이유와 최후거절이유통지에 따른 거절이유?댓글수2,안녕하십니까 늘 좋은 강의 감사드립니다 1 실체보정에 있어 최초거절이유통지 전 거절이유(원시적 거절이유) 와 최후거절이유통지에 따른 보정에 의해 발생한 거절이유가 최후거절이유통지에 따른 의견서제출기간에 동시에 발견된다면 보정각하를 해야하나요 아니면 최초거절이유통지를 해야하나요? 2 만약 원시적 거절이유가 아니라 최초거절이유통지에 따른 보정에서 발생한 거절이유를 최후거절이유통지에 따른 보정에 의해 발생한 거절이유와 동시에 발견한다면 최후거절이유통지인가요 아님 보정각하인가요 감사합니다,"1. 보정각하합니다. 2. 보정각하합니다. 보정이 적법함을 전제로 원거절이유의 해소, 새로운 거절이유의 발견을 심사합니다. 열공하세요~", ,,24.07.11
특허법,조문,47조,[제47조] 발명의 설명에 있는 구성을 끌어오는 보정을 한 경우 질문?댓글수1,"안녕하세요 좋은 강의 늘 감사드립니다. 보정 파트 듣다가 실무적 관점으로도 궁금한 점이 있어 질문드립니다. 궁금한점) 1. 최초 거절이유통지로 전항 진보성 부정당한 경우 2. 발명의 설명에 있는 구성을 청구항 1에 끌어오는 보정을 하면 최후 거절이유통지 사유인지 여부 판단사항) 1. 실체심사는 청구범위에 대해서만 이루어지므로 발명의 설명에만 있는 구성에 대해서는 심사 받은 적이 없음 2. 따라서 해당 구성에 대해서는 기존에 판단해준바 없고, 보정에 의해 새롭게 발생한 거절이유에 해당하므로 최후 거절이유통지가 나가게 됨 위 판단사항의 모순지점) 만약 저 판단사항이 사실이라면 1. 실무상 변리사는 최초 거절이유통지 받은 이후 보정할 때에 무조건 발명의 설명에 있는 구성을 청구항 1에 끌어오는 보정을 하게 됨 2. 그러면 적어도 바로 거절결정 받는 일은 절대로 발생하지 않음 3. 그렇다면 '최초거절이유통지 -> 거절결정' 이 프로세스가 무의미하게 되는 특허법 체계상 모순점이 발생 (심사절차 지연 야기) 발명의 설명에서 구성을 끌어오는 보정을 했을 때 바로 거절결정이 가능할 수도 있어야 할 것 같은데 기존에 판단해준 적 없는 구성이 있는데 의견제출기회 없이 바로 거절결정 가능한 이유가 있을까? 하는 의문을 가져보면 이 부분에 대해 잘 모르겠습니다. 어쨌든 출원인한테 의견제출기회 한번은 무조건 주어져야하는데 새로 가져온 구성에 대해서 의견제출기회도 주지 않고 거절결정하는게 가능한 것인지 생각해보면 안될것 같고 그러면 거절결정 한번은 무조건 회피하는 편법이 허용되는 것이 아닌지 하는 의문이 남습니다.","잘못 생각하고 있네요. 발명의 설명에 기재된 구성일지라도 기통지한 인용발명에 개시된 것이거나 인용발명으로 용이한 구성이라면, 바로 거절결정됩니다. 보정 파트를 조금 더 공부해 보세요.", ,,24.07.12
특허법,조문,52조의2,[52조의2]원출원이 외국어특허출원인 분리출원?댓글수2,안녕하십니까 늘 양질의 강의 감사드립니다 외국어특허출원시 번역문을 제출해야만 분할출원 변경출원이 가능한데 분리출원은 조문이 없어 질문드립니다. 52조의2의 3항은 분리출원을 외국어로 할 수 없다는 뜻이면 원출원이 외국어특허출원일시 외국어특허출원을 기초로 분리출원이 가능한것으로 이해가 되는데 그렇다면 번역문 제출하기전에 분리출원이 가능한것인가요? 감사합니다,"절차에 대한 이해가 부족합니다. 분리출원은 기각심결받은 경우에 할 수 있고, 그렇다면 원출원이 외국어출원이라면 이미 번역문을 제출했음을 전제로 하는 것입니다. 열공하세요~", ,,24.07.15
특허법,조문,54조,"[54, 55조] 출원인의 동일성, 판단시점 소급효?댓글수1","[54, 55조] 출원인의 동일성, 판단시점 소급효 1. 조약우선권 주장 출원의 주체적 요건에서 '우선권주장 출원 당시 후출원의 출원인이 선출원의 출원인과 일치해야 하는 것은 아니다.' 라는 말의 뜻이 '후출원의 출원인이 선출원의 승계인이라서 선출원의 출원인과 일치하지 않을 수 있다.' 라는 뜻인가요 아니면 '우선권을 승계 받은 출원인이 우선권주장 출원을 한 뒤에 선출원의 출원을 승계 받을 수 있으므로 우선권 주장출원 당시 선출원의 출원인과 일치하지 않을 수 있다.' 라는 뜻인가요? 2.' 판단시점 소급제도는 선출원의 출원일로 판단시점이 소급하여 특허요건을 판단한다(출원일이 소급하지 않는다).' 라고 이해했습니다. 그런데 리담특허법 강의노트 8판의 228p에서 후출원의 청구범위에 기재된 발명 중 선출원의 최명도에 기재된 발명은 판단시점이 소급하는 것이지 출원일이 소급하는 것이 아닌데 어떻게 선출원일(우선권기초 출원의 출원일)부터 선출원의 지위가 생기는 것인가요?",1. 둘 다 포함하는 말입니다. 2. 판단시점이 소급한다는 것은 발명별로 판단을 달리한다는 것입니다. 제36조를 적용할 때도 판단시점이 소급합니다., ,,24.07.17
특허법,조문,29조,"[29조3항,52조,53조] 확선지위?댓글수1","다른출원이 분할출원 등 인경우 확선지위를 적용할때 출원일이 소급되지않고 분할출원 등을 기준으로 판단한다. 원출원의 명세서 또는 도면에 포함되어있지않지만 분할,변경, 분리출원 명세서 또는 도면에 포함된 발명에 의하여 원출원과 분할출원등 사이의 제3자의 출원을 거절하는것은 먼저 출원해 공개시킨자에게 독점배타적인 권리를 부여한다는 목적에반하기때문이다. 여기서 원출원의"" 명세서 또는 도면""에 포함되어있지않지만 분할,변경, 분리출원"" 명세서 또는 도면""에 포함된 발명에 의하여. 라고설명하셨는데, 분할출원 등의 객체적요건은 원출원의 최명도 내에있어야합니다. 그럼 1)원출원의 최명도내에있지만 명도에 포함되어있지않은경우 2) 최명도내에도 있지않아서 당연히 명도내에도 포함되어있지 않은경우 2가지가 있을수 있는데, 1)의경우는 분할출원하는자가 원출원의 발명의설명등에 공개하였으므로 특허법목적에 반하지않는걸로 보입니다. 따라서 2)의경우를 상정해서 설명되어있는건가요?","기본서의 분할출원 파트를 보면 다음과 같이 기술되어 있네요 ""예를 들어 원출원의 최초 명세서 또는 도면에 A, B 발명이 기재되고, 분할출원의 최초 명세서 또는 도면에 B, C 발명이 기재된 후 분할출원의 보정된 명세서 또는 도면에는 B 발명이 기재된 경우 원출원과 분할출원 사이에 C 발명을 출원한 제3자의 출원을 거절시키는 것은 적절치 않기 때문에 분할출원의 확대된 선출원의 지위를 적용함에 있어서는 출원일의 소급효를 인정하지 않는다."" 열공하세요~", ,,24.08.12
특허법,조문,29조,[29조] 진보성 중 제법발명과 물건발명 vs PBP?댓글수1,"안녕하세요! 리담 객관식 38페이지 5번에 질문이 있습니다. 4. 제6항 발명의 제조방법에 의하여 제조된 물건인 편광필름을 그 청구범위로 하여 제조방법이 기재된 물건발명에 해당하는 제 9,10항 발명을 비교대상들과 대비함에 있어서, 제6항 발명의 진보성이 부정되지 않는다면 곧바로 그에 따라 제9,10항 발명의 진보성도 부정되지 않는다. 해당 문제의 해설에서는, ”이를 9,10항 발명에 대하여는 제조방법의 기재를 포함한 청구범위의 모든 기재에 의하여 특정되는 구조나 성질을 가진 물건의 발명만을(PBP청구항의 법리) 비교대상발명들과 대비하여 진보성 유무를 판단하였어야 하나, 곧바로 진보성도 부정되지 않는다는 것은 위법이 있다“라고 나와 있습니다. 다만, 정답은 똑같지만, 제가 푼 방법이 다소 달라 이렇게 풀어도 되는지 여쭤보고 싶습니다. ”제6항 발명은 제법발명으로 보고, 제9, 10항 발명은 물건발명으로 보아서 물건발명과 제법발명은 1:다의 관계 하에 있으므로 제법발명의 진보성이 부정되지 않는다고 곧바로 물건발명의 진보성이 부정되지 않는다고 단정할 수 없다(따로 신규성/진보성 여부를 판단하여야 하니까)“ 라고 생각해서 틀린 선지로 골랐습니다. 라고 풀었는데, 이 부분 해설은 PBP 청구항 쪽에서 나온 법리를 이용해서 풀어서 제가 푼 물건발명/제법발명의 방식도 맞는지 궁금합니다. 항상 감사드립니다.",, ,,24.08.12
특허법,조문,29조,[29조 신규성] 발명의 동일여부 2017후1304?댓글수4,"이 판례를 설명하실때 발명의 범주가 다른경우 동일성을 판단하면서 구체적인 기준을 판시한 최초의 판례라고하셨는데 선행발명이 특정제조방법에 의해 제작된 ""물건""에 관한 공지된 문헌인 경우, 선행발명에 개시된 물건은 선행발명에 개시된 제조방법에 따라 제조된 물건이므로.. 선행발명1은 "" 에어로졸 디포지션방법에의해 형성된 PZT후막의 미세구조 및 전기적 특성""이라는 제목의 논문으로 공지된물건 자체가아니라 공지된 문헌이여서 선행발명1에서 비교대상이 되는것은 선행발명1에 제시된 제조방법에 의해 제조된 막형상구조물이다 라고 판시하고있는데요. 그럼 제조방법이 기재된 물건 vs 물건으로 똑같이 물건인거같은데 왜 제조방법vs물건으로 카테고리가 다른경우의 판례라고 하시는지 이해가 잘되지 않습니다.","판례를 이해 못하고 있네요. 판례는 선행발명은 물건의 제조방법이고, 제조방법에 의해 특허발명과 동일한 구성을 가진 물건이 필연적으로 생산되지 않으면, 신규성 위반이 아니라는 것입니다. 다시, 판례를 정리하면 공지기술(제조방법) vs 특허발명(물건)일 떄 제조방법에 의해 물건의 구성이 필연적으로 생산됨을 전제로 동일성이 있다는 것이고, 이는 발명의 범주가 다른 경우의 판단기준을 제시하고 있는 것입니다. 열공하세요~","저는 1)선행발명1에서 비교대상이 되는것은 선행발명1에 제시된 제조방법에 의해 제조된 막형상구조물이다 2)선행발명에 개시된 물건은 선행발명에 개시된 제조방법에 따라 제조된 물건이므로.. 이런 판시문구를 가지고 (제조방법이기재된)물건vs물건으로 오해를 한듯한데 ""제조방법"" 이 비교대상이되는 판시문구는 뭘봐야하나요??","사안은 제조방법이 공지된 것이고, 그 제조방법에 의해 특허발명과 동일한 물건의 구성요소가 필연적으로 도출되지 않는다면 제조방법이 공지되었다고 하여 그 구성요소를 가진 물건이 공지되었다고 할 수 없으므로 신규성 위반이 아니라는 것입니다. 아래의 판결문을 잘 한 번 읽어 보세요. 명확히 표현하고 있네요. ""선행발명이 <공지된 물건 그 자체>일 경우에는 그 물건과 특허발명의 구성을 대비하여 양 발명이 동일한지 판단할 수 있으나, 선행발명이 <특정 제조방법에 의해 제작된 물건에 관한 공지된 문헌>인 경우, 선행발명에 개시된 물건은 선행발명에 개시된 제조방법에 따라 제조된 물건이므로, 선행발명에 개시된 제조방법에 따랐을 경우 우연한 결과일 수도 있는 한 실시례가 위와 같은 구성 또는 속성을 가진다는 점을 넘어 그 결과물이 필연적으로 해당 구성 또는 속성을 가진다는 점이 증명되어야 선행발명과 특허발명이 동일하다고 할 수 있다."" 답글기능 더보기 임변24.08.20 17:26 사실관계에서도 1. 선행발명 1: 에어로졸 디포지션 방법에 의해 형성된 PZT 후막의 미세구조 및 전기적 특성의 논문 2. 특허발명과 차이: 제1항 발명은 ‘결정끼리의 계면에 유리층으로 된 입계층이 존재하지 않는 것’을 구성요소로 하는 반면, 선행발명 1에는 이에 대응하는 기재가 없고(차이점 1) 3. 차이점 1의 판단 그런데 위 논문에 의하면 <선행발명 1에 기재된 제조방법>을 따른 하나의 실시례가 유리층으로 된 입계층이 존재하지 않는 구성을 가진다는 점은 알 수 있지만, 더 나아가 선행발명 1에 기재된 제조방법을 따랐을 때 필연적으로 비정질층이 존재하지 않는 결과물에 도달할 것인지를 알 수 있는 자료는 없다. 즉, 공지된 제조방법에 의해 제1항 발명의 구성인 ‘결정끼리의 계면에 유리층으로 된 입계층이 존재하지 않는 것""이 필연적으로 도출되지 않으므로, 구성이 동일하다고 할 수 없다는 것입니다.",24.08.17
특허법,조문,33조,[33조] AI가 발명자될수있는지 관련질문?댓글수1,"강의노트109페이지를보면 ""1)발명자가 허위기재된경우는 절차보정사유로, 발명자, 2)출원인 모두 잘못기재된경우는 절차보정사유와 거절이유중. 거절이유로 처리한다고 나와있습니다. 이걸통해, AI를 발명자로적어서 보정요구서 요청했고 출원을 무효처분한특허청의 태도를 보고 ""발명자만 허위기재된 사건""이라 설명해주셨는데요. ( 1)케이스로설명 ) 저는 단순 방식심사를 실체심사보다 먼저하여 발명자 관련 보정사유가있으니 보정서제출을 명한것으로보이고, 발명자만 허위기재되고 출원인은 제대로 기재된것이라고 생각되지는 않았습니다. 따지고보면 발명자가 아닌데(자연인이 아니므로) 승계인도 아니니까 특받권이없어서 발명자,출원인 모두 잘못기재된 2)케이스에 해당한다고 보여져서 질문 드립니다.","그럼 누가 발명자일까요? 사안은 A!를 설계하고, Data를 학습시킨 스티븐 테일러(출원인)가 발명자라고 봐야 합니다. 기본서에 출원인 중 발명자 파트를 읽어 보세요.", ,,24.08.18
특허법,조문,33조,[33조] 무권리자 출원 2019후11268 동일성문제 재질문?댓글수3,"본 판결에서(.구 특허법(2006. 3. 3. 법률 제7871호로 개정되기 전의 것) 제33조 제1항 본문은 발명을 한 사람 또는 그 승계인은 특허법에서 정하는 바에 따라 특허를 받을 수 있는 권리를 가진다고 규정하고, 제133조 제1항 제2호는 제33조 제1항 본문의 규정에 의한 특허를 받을 수 있는 권리를 가지지 아니한 사람(이하 ‘무권리자’라고 한다)이 출원하여 특허받은 경우를 특허무효사유의 하나로 규정하고 있다. 무권리자의 출원을 무효사유로 한 특허무효심판 및 그에 따른 심결취소소송에서 위와 같은 무효사유에 관한 증명책임은 무효라고 주장하는 당사자에게 있다) 라고하면서 무효라고주장하는자가 실질적동일성과 정당권원없음을 증명해야한다고 판시되어있습니다. 여기서 말하는 실질적동일성이 2009후2463에서 말하는 수준인 통상의기술자가 부가삭제변경에 지나지않고 효과에특별한차이가 없는등 기술적사상의창작에 실질적 기여가없는 수준으로보는건지 어느수준으로 증명해야하는지 궁금합니다","네, 2009후2463의 수준(D유형)에서 증명해야 합니다.", ,,24.08.18
특허법,조문,42조,[42조 4항] 2004허2314 필수구성요소 기재 의미?댓글수1,"판시문구중 (2) 위 출원에 대하여 특허청 심사관은 2002. 4. 23. 위 출원발명 제1항에는 팔걸이를 이루기 위한 필수적인 구성이 모두 포함되게 기재되어 있지 않고,... (4) 특허청 심사관은 2002. 8. 14. 이 사건 제1항 발명을 상세한 설명 및 도면으로부터 파악하면 스탠드(4)의 구성이 필수적임에도 이 사건 제1항 발명이 이를 포함하고 있지 않고, (2) 피고의 주장 (가) 특허청구범위는 필수구성요소들을 모두 명확하고 간결하게 기재하여야 하는바, 이 사건 출원 명세서의 기재에 의하면 지지요소(2)를 수직정렬시키기 위해서는 스탠드(4)와 같은 고정수단이 반드시 필요하고, 나아가 이러한 고정수단은 팔걸이가 바닥에 독립적으로 세워지고 위치이동이 자유롭다는 발명의 목적 내지 작용효과를 달성하기 위하여도 필요한 것이므로, 이는 발명의 필수구성요소임에도 이 사건 제1항 발명은 이를 결여하고 있으며, 이러한 고정수단은 이 기술분야에서 통상의 지식을 가진 자에게 자명한 정도의 구성이라 할 수도 없고, 스탠드(4)가 주지관용의 기술이라 하더라도 이를 기재하지 아니한 것은 특허청의 심사기준에서도 볼 수 있듯이 특허법 제42조 제4항의 기재요건을 갖추지 못한 것이다. 판결내용 특허출원 명세서 전체의 기재로부터 발명의 필수구성요소를 추출한 후 청구항에 기재된 발명에 그러한 구성요소가 누락되지 않도록 기재하여야 한다는 취지로는 보이지 않으며(피고가 참고 자료로 제출한 심사기준은 현행 심사기준이 아닌 것으로 보인다), 같은 항 제3호가 청구항에는 “발명의 구성에 없어서는 아니 되는 사항만으로 기재될 것”을 요구하고 있는 것도 청구항에 기재된 구성요소는 다른 사정 유무에 불구하고 모두 필수구성요소로 파악되어야 하므로 특허발명의 권리범위를 해석함에 있어서 사후에 청구항에 기재된 구성요소 중 일부를 필수구성요소가 아니라고 주장할 수 없다는 취지로 해석할 것이지, 출원발명의 필수구성요소를 출원명세서의 다른 부분의 기재에 근거하여 파악하고 이를 청구항에 모두 기재할 것으로 요구하고 있는 것이라고는 볼 수 없다.」 Q1질문= ""필수구성요소""라는것이 판례에 쓰인 문구를 해석해보고, 판례의 의미를 분석해보자면 (1) 필수구성요소를 출원명세서의 다른 부분의 기재에 근거하여 파악하고 = 이렇게 파악하면안된다. 필수구성요소는 출원인이 주관적사고에 근거해 추출하여 청구항에 적은 것이기 때문이다 (2)이를 청구항에 모두 기재할 것으로 요구하고 있는 것이라고는 볼 수 없다.」 = 청구항에 적은것으로 청구범위특정해 신규성 진보성을 부정하면되니까 이렇게 이해한게맞을까요? 리담특허 347p에는 필수구성요소의 의미가 출원인의 주관적사고에 근거해 추출한 후 청구항해 적은 구성요소다 라고 설명되고있어서 이 내용을 판례 문구와 비교해서 이해해보려고했는데 제가이해한것이 맞는지 궁금합니다. Q2또한 판례에서 42조 4항으로 얘기하고있는것이 이때는 42조6항 존재하기전이라서 그런건가요?","1. 그렇게 이해하는 것이 맞습니다. 2. 구성요소를 모두 기재하지 않아서, 제42조제4항제2호의 명확성 요건에 위반되었다는 것이 특허청의 주장입니다.", ,,24.08.19
특허법,조문,34조,"[34조, 35조] 정당한권리자 출원일 소급효?댓글수3",정당한 권리자의 출원이 소급효가 인정되었을 때 청구 범위 유예 제도의 출원일도 소급효가 인정되어 무권리자 출원일부터 1년2개월인지 궁금합니다. 소급효가 인정되지 않았을 때는 당연히 정당한권리자 출원일부터 1년 2개월인가요?,"네, 그렇습니다.",소급효가 인정되는 걸까요?,인정됩니다.,24.08.21
특허법,조문,51조,[51조] 보정각하 불복 예외?댓글수1,"51조 3항에 직권재심사 취소결정전, 재심사청구전 보정각하에대해서의 불복심판에서 다툴수없다고 되어있습니다. 이때 직권재심사 취소결정전에 보정각하가 어떻게 있을 수 있는 지 궁금합니다. 다시 말해 보정각하를 받았는데 특허결정을 어떻게 받을 수 있는지 궁금합니다. 또 직권보정 취소 전 보정 각하는 예외에서 빠지는 건지 궁금합니다.","1. 보정각하를 하였더라도 심사관이 의견서를 참조하여 다시 보니 거절이유가 없으면 특허결정할 수 있습니다. 2. 직권보정을 취소하여 다시 심사하는 것은 일반심사단계이고, 다시 재심사청구를 하여 다툴 수 있고, 다투면 심판단계에서는 그 보정각하는 다툴 수 없을 것입니다. 절차를 한 번 이해해 보세요. 열공하세요~", ,,24.08.22
특허법,조문,36조,[36조4항] 출원후 승계와 2017후1274?댓글수1,"2017후1274는 후출원의 출원인이 출원시에 특받권을 승계했다면 국내우주할수있고 후출원시에 선출원에대한 출원인변경신고를 마쳐야하는건 아니라고 하였고, 이는 38조4항이 우선권주장에 관한 절차에 적용될수없다고 보고있기때문인데요. 그럼 원래 특받권은 이전계약을 하더라도 출원후 이전이라면 변경신고를 해야 ""승계의 효력(=이전)""이있지만, 국내우주 적용시에는 선출원특받권에 대해 이전""계약""만해도 승계의효력이 있는거로 해석하면 되는건가요? (38조 4항적용이안되니까요)","기본적으로 선출원과 후출원은 별개의 독립된 출원이라고 이해하면 편합니다. 선출원-특받권이전-후출원한 사안에서, 특받권이전은 선출원의 입장에서는 출원후 승계이니 제38조제4항이 적용되는 것이 맞고, 후출원의 입장에서는 출원전 승계이니 제38조제1항이 적용되는 것이 맞습니다. 그 결과, 후출원의 입장에서는 이전계약에 의해 효력에 발생한다고 해석이 되는 것입니다. 열공하세요~", ,,24.08.28
특허법,조문,29조,"[29조,29조3항] 실질적동일성 판단 중 범위?댓글수1","실질적동일성판단에서 범위,범주,구성의변경 3가지로 나눌수있는데요. 신규성이나 확대된선출원지위의 원칙적인 판단방법은 구성요소에 차이가 있더라도 과제해결을위한 구체적수단에서 주지관용기술의 부가 삭제 변경으로 새로운효과가 없는정도의 미세한 차이에 불과하다면 실질적으로 동일하다. 라는 판례입니다. 확선이나 , 신규성에서 ""범위""관련한 실질적동일성판단방법의 경우는 출원된 양발명의 기술적 구성이 전면적으로 일치하는 경우는 물론 부분적으로 일치하더라도 그 차이가 발명의 포섭범위를 달리하는데 지나지 아니하는때에는 실질적동일성이 있다. 라는 판례로 해결합니다. 범위관련 실질적동일성에는 하위개념으로서 선택발명과 결합발명로 나뉘어지는데, 여기서 판례적용할때 약간 혼동이 와서 질문드립니다. 2017후2376판결에서 ""선행발명1에는 명세서나 도면에 공기배관과 난방호스의 위치관계에 대한 설명이나 한정사항이 없으므로, 급기배관을 난방배관의 하면에 배치한다고 한정한 이사건 특허발명의 기술구성과는 차이가 있다.""라고하여 원칙적인판단방법인 구성의차이(주지관용기술의 변경이 아니여서 새로운효과존재)로 사안을 해결하고있습니다. Q1. 위와같이 선행발명은 배치위치를 한정하지않았고, 특허발명은 하면에배치한다는 경우 저는 ""구성을한정하여 구체화한것(선택발명)""이라고 생각했는데, ""바닥 배치라는 구성을 부가""하여 구체화한것(결합발명)인지 헷갈립니다. 즉, a+b 에서 a+b+c 로의결합발명인건지 A+b+c 인데 a+b+c로 한정한 선택발명인지 궁금합니다. ( 자유로운배치의 급기배관A를 하부배치의 급기배관a로 한정) Q2. 선택발명or결합발명임에도 그냥 범위관련판단방법 판례를 쓰지 않고 원칙적인판단방법판례로 그냥 풀어내도 상관없는건가요 Q3. 하위개념인 결합발명에 대해서 원칙적인 판단방법에 ""주지관용기술의 부가로서 새로운효과가있는지""는 판례로 판단해야하는지,""부분적으로 일치하더라도 포섭범위를 달리하는데 지나지아니한다""는 판례로 풀어야하는지 고민됩니다. 제 생각에는 상위,하위개념중 산-염산,황산 등 개념적인 하위개념은 선택발명으로서 범위관련한 판례로, 구성을 부가해서 결합발명인 하위개념은 범위관련판례보다 그냥 원칙적인 판례로 풀어내는것이 잘 맞아떨어져보이는데 고민됩니다. Q4. 산-염산,황산, 빛-자외선,가시광선,적외선 등의 개념적인 실질적동일성을 따질때도 선택발명의 신규성판례( 선행발명에 선택발명의 하위개념이 구체적으로 개시되어 있지 않으면 신규성을 부정할 수 없다고 ) 를 쓰는때와 범위관련 판례(전면적일치는 물론 부분적으로 일치하더라도..)를 쓰는때의 차이가 무엇인가요?? Q5. 발명의 동일성 판단기준에 범주,범위,구성일부의 변경 3가지 경우마다 적용판례를 정리해두고 그거에 맞는 판례로 문제를 풀고싶은데 범위랑 구성일부변경부분이랑 선택발명의 영역이 좀 겹치다보니 정리가 안되어 이렇게 질문드리게되었습니다.. 케이스별로 좀 나눠서 정리하고싶은데 도와주세요ㅠㅠ 특히 범위(결합,선택)이쪽 부분이 어떤경우에 어떤판례로 딱 적용해야할지 애매합니다","1.2.3. 5. 사실관계를 왜곡해서 문의하고 있네요. 판례를 보면, 사실관계가 다음과 같습니다. ""구성요소 2는 외기의 온도조절 수단으로 급기배관과 난방배관이 열교환하는 구조인 데 반하여, 선행발명 1의 대응 구성은 공기배관과 난방호스의 열교환에 더하여 에어히터를 추가로 구비하고 있다는 점에서 차이가 있다(이하 ‘차이점 1’). 또한 구성요소 2에서는 급기배관이 난방배관의 아래쪽에 설치되어 있으나, 선행발명 1은 공기배관과 난방호스의 상대적인 위치 관계를 명확하게 특정하고 있지 않고, 다만 선행발명 1의 명세서 중 [도 2]에서 공기배관이 난방호스의 사이에 배치되는 것으로 표시되어 있다는 점에서도 차이를 보이고 있다(이하 ‘차이점 2’)"" 즉, 선행발명 1과 비교하여, 대응 구성상의 차이도 있고(에어히터 삭제), 대신 급기배관을 난방배관 하위에 배치하고 열교환한다는 것입니다. 이는 구성의 변경이고 판례는 이에 대해 판시하고 있습니다. 사실관계가 특정이 되지 않다보니 법리가 이해가 되지 않는 것입니다. 4. ""부분적 일치""가 범위와 관련된 판례의 일반론이고, 선택발명은 그에 대한 하나의 예시로 이해하면 됩니다. 열공하세요~", ,,24.09.15
특허법,조문,42조,"[42조 9항] 그 밖의 발명의 설명, 도면 및 요약서의 기재방법- 발명의 내용 (효과)?댓글수1","안녕하세요 42 조 9항 그 밖의 발명의 설명, 도면 및 요약서의 기재방법 조항에서 ""발명의 내용""은 필수적 기재요소가 아니라고 되어 있는데, 발명의 내용의 하위내용인 ""효과"" 는 특허의 신규성 진보성 판단을 위해서 꼭 들어가야 하는 것이 아닌지 싶어서요 그렇다면 발명의 효과는 명세서, 도면 요약서 등의 어딘가에 우회적으로 기재되어 있어야 하는 것이지요?? ""효과"" 항목이 필수적 기재요소가 아니라는 점이 맞나요? 오개념이 있는지 확인 부탁드립니다! 감사합니다","네. 아닙니다. 효과는 명세서에 기재되어 있거나 명세서로부터 인식되는 효과를 기준으로 판단하고, 기재를 하지 않음으로써 발생하는 불이익은 출원인이 감내하는 것입니다. 열공하세요~", ,,24.09.19
특허법,조문,42조,[42조 ]청구항의 기재원칙 (택일적 기재)?댓글수2,"청구항의 기재원칙 중 택일적 기재에 관하여 각주 351) 인용하는 청구항이 택일적으로 적지 아니한 청구항 예2)의 2항을 보면 ""청구항 1 및 청구항 2 또는 청구항 3에 있어서""라고 되어 있는데 저는 이게 경우 1) 1 and 2 경우 2) 3 이렇게 2가지가 나오니 택일적이라고 생각하는데 ㅠ 어느부분이 틀린 건지 알려주세요..",택일이라는 말의 의미를 모르고 있군요. 택일이라는 것은 여러개 중 하나를 고른다는 의미입니다. 1 and 2 는 여러개 중 2개를 골랐으니 택일이 아니라 택이가 됩니다. 열공하세요~, ,,24.09.20
특허법,조문,42조,"[42조, 42조의 2] 특허출원에 필요한 서류의 핵심내용/위반시 취급?댓글수1","안녕하세요 강의노트 123쪽과 124쪽에 관해 질문이 있습니다. 123쪽 표의 ""위반 취급""과 124쪽 노랑 박스* 는 어떤 부분이 다른지 헷갈립니다.. 아래 표현에 오개념이 있는지 확인 부탁드립니다..! 구체적으로는, 1. 123쪽의 표< 출원서에서 무효, 발명의 설명 부분에서 무효, 필요한 도면에서 무효, 요약서에서 무효>는 기재불비 있어 보정 명령 받을 수 있는 무효인 반면, 2. 124쪽 노랑 박스 *은 아예 해당 항목이 기재가 안 된 경우 -> (이 경우에는 불수리인가요? ) +이전 글 제목 수정하여 다시 올립니다.! 이게 맞는 제목인지 모르겠어요..ㅠ","공지사항을 안 읽어 본 것 같네요. 다음과 같이 되어 있습니다. __________________________ 2. 내용 작성 - 교재를 찾아보지 않고서도 다른 회원들이 질의한 내용을 이해할 수 있는 수준까지 작성해 주시기 바랍니다. - 객관식 페이지/기본서 페이지만 기술하고, 내용이 없는 경우에는 교재를 찾아봐야 하기 때문에, 다른 회원들이 질의한 내용과 답변을 공유할 수 없습니다. - Tip: 내용을 전부 타이핑하기 어려운 경우에는 사진촬영하여 이미지를 업로드하면서 함께 질의를 해 주시면 됩니다", ,,24.09.23
특허법,조문,55조,[55조 6항] 인정취지?댓글수1,"안녕하세요 변리사님 55조 6항의 취지가 무엇인지 궁금합니다. 국제특허출원에 대한 국내우주에서 확선지위는 202조 따라 어느정도 보장받는다 느껴졌는데, 뜬금없이 55조6항에서 국제특허출원 취하간주되어도 확선지위 인정해준다는게 직관적으로 와닿지가 않습니다. 조약우주의 정규성 느낌으로 이해해야되나 의문이 들어 질문드립니다.",선출원(PCT)-후출원(국내)일 때 선출원이 취하간주되더라도 후출원의 확선 지위에는 영향이 없다는 것입니다. 확인적 의미의 규정이라고 할 수 있습니다., ,,24.09.24
특허법,조문,29조,[29조] 7항 확선의 지위 관련?댓글수1,"변리사님 안녕하세요! 1. 국어로 국제특허출원한 경우, 국내진입여부와 무관하게 국제공개가되면 확선의지위를 갖는다 라는 것이, 국내진입서면을 제출하지 않아 절차무효가 되어도, 국제공개가 되고 난 후기 때문에 공개 이후 출원이 무효,취하,포기되어도 영향을 주지 않는다는 법조문을 그대로 반영한 확대된 선출원 주의의 특징때문인가요? 2. 29조7항은 ‘외국어 국제특허출원에’ 있어서, 위 확대된 선출원주의(공개 후 무효 취하 거절결정 확정되어도~)가 적용되지 않는 특별 규정인가요? 그래서 국내단계미진입(번역문 기간 내 제출 않아 취하간주)시 국제공개가 된 후라도 7항 적용을 받아 확선지위가 없는 건가요? 선출원의지위 관련하여서도 3. 국어 또는 외국어 국제특허출원에 있어서, 각각 국내진입서면과 번역문 미제출 등으로 국제특허출원절차가 무효/취하간주로 되면, 확선 지위는 국어출원일경우만 남아있더라도, 선출원의지위는 모두 없어지는 게 맞나요?",1.2.3. 네 그렇습니다., ,,24.09.27
특허법,조문,51조,[51조 1항 1호 및 3호] 거절결정과 최후거절이유통지 중 무엇인지와 그 논거?댓글수1,"51조 1항 1호에 의하면 66조의 2에 따른 직권보정을 하는 경우, 그 직권 보정 전에 한 보정은 예외에 해당하여 보정각하를 받지 않는 것으로 알고 있습니다. 185노트에서 29조 2항에 따른 최후거절통지가 되었다면 이후 심사 할 때 29조 2항이 발견되면 거절결정이 되어야 하는 건 아닌지 궁금합니다. 183노트에서는 비슷한 경우에는 거절결정이 된다고 되어있던데 이 둘의 결론이 차이가 나는 이유가 궁금합니다",질문규칙에 어긋나네요. 다시 한 번 읽어보고 질문해 주세요., ,,24.10.03
특허법,조문,55조,"[55, 56조] 국내우선권주장출원?댓글수1","안녕하세요, 리담 특허 기출 91페이지 5번문제에서 보기 3번이 ’국내우선권주장출원에 있어서, 그 선출원이 발명의 공지일부터 12개월 이내에 공지예외적용 요건을 맞추어 특허출원을 하였고, 그 선출원에 기초하여 국내 우선권주장의 후출원을하는 경우, 후출원의 특허출원일이 그 공지일부터 12개월 이내가 아니더라도 공지예외적용을 받을 수 있다. 다만, 후출원에 새로 추가된 발명에 대해서는 공지된 것으로 보고 심사를 진행한다.‘ 라고 하고 이 보기가 옳다고 하면서 해설에서는 55조 3항을 근거로 들고 있는데 잘 이해가 가지 않습니다. 55조3항은 원출원 후 적법한 국내우주출원에서 공지예외적용주장출원을 할 때 그 공지예외적용주장 출원의 판단시점 소급효를 원출원시로 인정해주는 규정일 뿐, 원출원에서 국내우선권주장을 했다고 하여 후출원인 국내우주출원에서 공자예외적용주장을 하지 않아도 주장 간주는 해준다는 내용은 어디에도 없는데, 상기의 보기 3번에서는 선출원에 기초하여 국내우선권주장출원을 했다고 했을 뿐 공지예외적용주장은 국내우주출원시에 했다는 내용이 없는데 왜 공지예외적용을 받을 수 있는 건가요??","지문을 잘못 이해하는 것 같네요. 제55조제3항에 의해 제30조제1항(1년)의 판단시점의 소급효가 인정되니, 공지예외적용주장을 할 수 있다는 것이지 공지예외적용주장의 효과를 누릴 수 있다는 지문이 아닙니다. 제목을 질문규칙에 맞게 수정해 주세요~", ,,24.10.11
특허법,조문,29조,[29조] 2항 진보성판단?댓글수1,선택발명에 관한 진보성판단 판례가 구성의 곤란성을 먼저 따져보고 효과의 현저성을 고려하는 것으로 바뀐것에 대하여 질문드립니다 효과의 현저성만을 따지는 2008후 736 등의 이전 판례들은 더 이상 기출될 가능성이 없다고 봐야할까요? 제머리속에서 이대로 삭제하면 될지 아니면 이판례들도 기억해두어야 할지 모르겠어서 질문드립니다ㅜ 감사합니다,취사선택을 해야 합니다. 기존에 판례들 중 꼭 알아야 되는 내용들은 기본서에 정리한 내용대로 공부하면 됩니다., ,,24.10.11
특허법,조문,29조,[29조] 확대된 선출원의 지위?댓글수1,"안녕하세요, 리담 기출 객관식 79페이지 9번 문제에서 옳지 않은 것은 4번인데, 3번보기에서 甲은 2016년 7월 20일 특허출원을 하였고 조기공개신청을 하지 않았다. 그 후 2016년 10월 20일 적법하게 분할출원하였고, 분할된 출원의 발명의 설명에는 a라는 기술적 사상이 포함되어 있는데 을 이 2016년 9월 20일 a를 특허출원한 경우, 을은 a에 대하여 특허를 받을 수 없다. 라고 하였는데, 이 보기도 옳지 않은 것 같아 이해가 가질 않습니다. 을이 a에 대해 특허를 받지 못하는지 여부는 갑의 분할출원 발명의 설명에 있는 a가 7월20일에 있는 원출원의 발명의 설명에도 기재되어 있어야 확선의 지위가 7월20일 이후 부터 인정되어 을의 a 출원이 특허를 받을 수 없게 되는 것인데 해당 지문에서는 갑의 원출원 발명의 설명에 a가 포함되어있는지 여부를 알 수 없기 때문에 참/거짓을 판단할 수 없는 것 아닌가요??","동일한 질문과 답변이 한 5-6개 있는 것 같습니다. 검색해 보고 추가 질문 사항이 있으면 질문해 주세요. 예를 들어, ""2016년 7월 20일""을 키워드로 검색하면 되겠네요.", ,,24.10.15
특허법,조문,54조,[54조] 조약우선권주장을 수반하는 분할출원?댓글수1,"온라인책이라 캡쳐가 안돼서 풀어서 적겠습니다! 특허법 기본강의 판서노트 p)220 내용입니다. 일본출원(X), 한국출원(Y), 분할출원(Z) 순서로 출원된 상황입니다. 조약우선권주장을 수반하는 분할출원에서 앞에 일본출원(X)이 있고, 이후 한국출원(Y)의 X에 대한 조약우선권주장은 있으나 증명서류제출을 하지 않은 경우, 분할출원(Z)에 대해 조약우선권주장은 자동간주(Y의 주장으로)되나 증명서류의 제출은 자동간주되지 않으므로 3개월 내에 제출하면 되는데, 이 상황에서 제 54조 6항에 따라 최우선일부터 1년 4개월 내에 서류를 제출하지 않을 시 기초가 되는 출원 Y는 우선권주장이 효력을 잃게 되는데, 이때 분할 출원 Z는 아무런 영향도 받지 않나요? 별개의 출원이기 때문에 Y출원의 조약우선권주장이 취하 간주되어도 Z출원은 영향이 없는 것인지 궁금합니다..!!","네, Y출원과 Z출원은 별개입니다. Y출원은 조약우선권주장을 수반하지 않은 출원이 되는 것이고, Z출원은 조약우선권주장을 수반하여 Y출원일에 출원된 출원이 되는 것입니다.", ,,24.10.24
특허법,조문,29조,[29조 1항] 국내우주의 선출원 공개?댓글수1,국내우주의 선출원의 경우에도 취하간주 되기전에 공개가 된다면 선출원의 공개시에 공지기술의 지위가 인정되나요~?,"네, 그렇습니다. 공지기술의 지위와 확선의 지위가 인정됩니다.", ,,24.10.25
특허법,조문,35조,[35조] 특허권에 대한 무효심결 확정일?댓글수1,"안녕하세요, 심결확정일과 기산일에 대해 질문드립니다. 35조에 따르면 정당한 권리자는 심결확정일로부터 30일 이내에 출원하여야 하는데요, 1. 무효심결에 대한 불복기간이 만료되어 심결이 확정된다면 만료일의 다음날 0시에 확정되므로 그 날이 바로 30일 계산의 기산일이 되는 것인가요? 2. 만약 특허법원의 판결에 불복하여 상고한다면 대법원의 인용/기각에 의해 심결이 확정되므로 대법원 판결문 송달일 다음날이 30일 계산의 기산일이 되는 것인가요?",1. 네 2. 네, ,,24.10.27
특허법,조문,52조,[52조]분할출원의 시기적 요건?댓글수2,"안녕하세요, 특허 객관식 18판 112p 5번 분할출원에 관한 설명으로 옳은 것을 모두 고른 것은? 문제에서 지문 ㄱ. 특허출원인은 2 이상의 발명을 하나의 특허출원으로 한 경우에는 그 특허출원의 출원서에 최초로 첨부된 명세서 또는 도면에 기재된 사항의 범위 안에서, 특허법 제 47조 (특허출원의 보정) 제 1항에 따라 보정을 할 수 있는 기간 또는 특허거절결정등본을 송달받은 후 특허법 제 132조의17에 따라 심판을 청구할 수 있는 기간 중 어느 하나에 해당하는 기간에 그 일부를 하나 이상의 특허출원으로 분할할 수 있다. ㄱ이 맞는 지문으로 되어있는데요, 52조 1항의 3호 (특허 결정 등본 송달 받은 후 3개월~)의 요건이 지문에 들어가있지 않은데 그래도 맞는 지문으로 볼 수 있을까요? 항상 감사합니다.","ㄱ 지문은 개정법 즉 제52조제1항제3호가 신설되기 전의 내용입니다. 다만, <어느 하나에 해당하는 기간에만>이라고 기재되어 있으면 틀린 지문이나, ㄱ 지문 자체만으로 틀렸다고 할 수는 없을 것 같습니다. 열공하세요~", ,,24.11.01
특허법,조문,47조,[47조] 최초거절이유통지?댓글수1,직권재심사의 경우 특허출원인에게 특허결정을 취소한다는 사실을 통지한 경우에 그 통지 전의 거절이유 통지에 대한 보정에 따라 발생한 거절이유와 취소된 특허결정 전 재심사를 청구할때 한 보정이 보정각하 사항일 경우 최초거절이유 통지를 하는 것으로 알고 있습니다 그런데 거절결정불복심판에서 취소환송된 경우에는 취소환송전의 거절이유통지에 대한 보정에 따라 발생한 거절이유만 최초 거절이유를 통지한다고 교재에 나와있고 취소환송전 재심사청구시에 한 보정이 보정각하사유일때에는 최초거절이유를 통지하는지 최후거절이유통지를 하는지 안나와있는것 같아서 질문드립니다. 처음부터 리셋된다고 보는 것이니 이경우도 최초 거절이유를 통지하나요?,"네, 최초거절이유통지를 합니다.", ,,24.11.15
특허법,조문,34조,34조 기간 계산?댓글수1,"24.5.1 에 거절 결정이 송달되었으면 24.8.1 까지 거불복 심판청구가 가능하고 만약 청구하지 않으면 24.8.2 0시부터 거절결정이 확정되어 24.8.2을 기산일로 정당한 권리자 출원 30일을 계산하여 31-2 =29. , 30-29=1 , 9월1일에서 하루전인 8.31 까지만 정당한권리자 출원이 가능하다는 계산이 틀린가요?",맞습니다., ,,24.11.20
특허법,조문,54조,[54조] 조약에 의한 우선권 주장?댓글수1,우선권 주장 서류 = 우선권 증명 서류 두개가 같은 뜻인가요?,같은 의미로 이해되네요. 제목을 제54조로 수정해 주세요., ,,24.11.22
특허법,조문,52조,[52조 53조 ]분할출원 변경출원?댓글수1,분할출원이 거절결정불복심판이 동시에 신청되었을때는 실무상 거절결정불복심판 결과를 기다렸다가 협의제 여부가 결정되면 분할출원을 거절하거나 등록시키고 변경출원의 경우는 거절결정불복심판의 결과를 기다리지 않고 변경출원의 요건이 인정되면 바로 등록시킨 후 거절결정불복심판을 기각시키는게 맞나요? 변경출원과 분리출원 모두 거절결정불복심판과 함께 신청할 수 있지만 결과적으로 둘 중에 하나를 선택하도록 하는 것인가요? 제가 이 질문을 드리는 이유는 기출 객관식 문제집 변경출원 01번에 (다) 지문에 거절경정불복심판을 청구함과 동시에 변경출원하는 경우 거절결정불복심판은 심결각하된다 라고 나와 있는데 이 지문이 옳다는것에 도저히 동의를 못하겠습니다..ㅜ 변경출원의 요건이 갖추어지지 않으면 거불복 기각안하고 심판 진행할수도 있는거 아닐까요ㅜ그리고 왜 심결각하를 하는 것일까요 제 생각엔 적법성심리대상도 아닐거 같고 방식심리 대상도 아닐것 같아서요..정확히 이해가 안됩니다ㅜㅠ,"뭘 물어보는 것까요? 변경출원을 물어보는 것이라면, 변경출원과 동시에 원출원이 취하간주되니 원출원에 대한 심판은 대상이 없어져서 심결각하됩니다. 분할출원, 분리출원, 변경출원을 섞어서 질문을 하고 있네요. 이렇게 공부해서는 특허법을 정리할 수 없습니다.", ,,24.11.22
특허법,조문,52조,[52조] 분할출원?댓글수1,"변리사님 안녕하세요 항상 좋은 강의 감사드립니다 분할출원은 거절결정등본을 송달받은 날부터 3개월(연장된 경우 그 기간) 내 가능하고, 이 경우에 원출원의 청구범위에 기재된 사항을 분할출원했다면 협의제 회피를 위해 원출원에 기재된 청구범위를 삭제보정할 수 없는건가요? 거절결정등본을 송달받은 경우라도 분할출원 후에 재심사 청구하면서 원출원을 보정할 수 있으니 삭제보정 가능한거 아닌가요? 문제를 풀다가 의문이 생겨 질문드립니다 감사합니다","삭제보정할 수 있습니다. 다만, 순서를 분할출원후 원출원의 재심사청구(삭제보정)를 해야 합니다.", ,,24.11.24
특허법,조문,34조,[34조] 기출문제집 95p 1번 2번 선지 질문입니다?댓글수1,"갑은 을의 발명을 모인하여 2022.5.1일 X특허출원(청구범위:a 발명의 설명:a,b,c) 을 하였다. 이 특허출원은 2023.11.1. 출원공개 되었고 2024년 5월 1일 갑이 무권리자임을 이유로 하여 거절결정 등본이 송달되었다. 한편 정당한 권리자 을은 2023.5.10 Y특허출원(청구범위:a,c 발명의 설명:a,b,c) 를 하였다. 2번 선지: 특허거절결정에 대한 갑의 불복심판 청구 없이 거절결정이 확정된 경우, 정당한 권리자 을은 2024.9.1(월요일) 까지 특허출원을 하여야 특허법 제 34조에 의한 보호를 받을 수 있다.(O) *제가 푼 방식에 어떤 문제가 있는지 알고 싶습니다. 무권리자임을 이유로 거절결정등본 송달일: 24년 5월 1일 거절결정불복심판 청구 가능 마지막 날: 24년 8월 1일 거절결정불복심판을 하지 않아 거절결정확정일: 24년 8월 2일 거절결정확정일 부터 30일의 기산일: 24년 8월 2일 {00시 및 확정일은 기산일을 다음날로 계산X} 거절결정확정일부터 30일: 24년 8월 31일 {8월은 31일까지 있으므로 31-2=29, 30일 기간 계산 30-29=1 이므로, 9월1일의 전날인 8월 31로 만료} 근데 왜 보기에선 24년 9월 1일까지 특허출원을 하여야 한다고 되어있나요?",8.31이 일요일이기 때문입니다. 지문의 조건을 무시하면 안 됩니다., ,,24.11.30
특허법,조문,54조,"[54,55조] 원출원이 우선권주장하지 않은 경우?댓글수2","안녕하세요, 변리사님. 도해 회독중 질문이 있어 글 남깁니다. 분할,분리,변경출원에서 원출원이 우주하지 않은 경우 분분변도 우주 불가하다는데, 이건 실질적으로 우주기간이 연장되는걸 방지하기 위함이니, 분분변이 최우선일로부터 12개월 내 출원되었다면 이 경우도 우주 가능한 것일까요?","여기에 대해서는 아직 실무적으로 명확하지 않습니다. 다만 1) 판단시점의 소급효를 인정받고자 우선권주장을 했다면, 굳이 다시 분분변 하면서 우선권주장을 할 필요가 없이 별도출원하면서 우선권주장하면 될 것이라는 점, 2) 12개월 이내라고 하여 이를 인정한다면 법적 안정성을 훼손할 우려가 있다는 점에서 불가능하다고 해석함이 적절해 보입니다.", ,,24.12.03
특허법,조문,29조,[29조]진보성 판단에서 통상의 기술자의 기준?댓글수3,"안녕하세요 변리사님, 진보성 판단 기준에서 통상의 기술자의 수준은 국내주의, 공지기술인지 여부에 대한 판단은 국제주의라고 암기하고 있었습니다. 이번에 시행된 한빛 모의고사 1차에서 '진보성 판단 시 통상의 기술자의 기술수준은 국내의 기술수준만을 참작하여 판단하여야 한다.'라는 지문이 틀린 지문으로 출제된 바 있는데요, 이에 대한 근거로 판례 2003후1512 ""진보성 판단은 국내에 있는 기술분야의 전문가의 입장에 판단하여야 한다는 주장은 독자적 견해에 불과하여 받아들일 수 없다""가 제시되었습니다. 단순하게 통상의 기술자의 수준은 국내주의~라고 생각하고 있다가 해당 지문이 출제되어 조금 혼란스러운데 이런 내용이 출제되었을 때 정오 판단 기준을 어떻게 잡는 것이 좋을까요? 감사합니다. (추가) 카페에서 다른 질문도 검색해서 찾아보고 기본서도 읽어보았는데요, 해당 대법원 판결은 통상의 기술자의 수준과 공지기술의 기준을 섞어서 판시한 것이고, 통상의 기술자는 국내주의로 보는 것이 바람직하다는 것으로 보입니다. 다만 이번 모의고사같은 출제가 있을 때 어쨌든 판례가 있으니 '통상의 기술자의 기술수준은 국내의 기술수준만을 참작하여 판단하여야 한다'를 틀린 지문으로 판단하면 되는 것일지 고민이 되네요.","통상의 기술자로 검색해 보거나, 기본서에서 해당 파트를 한 번 읽어 보세요. 답글기능 더보기 임변24.12.03 12:29 모의고사가 어떻게 출제되었는지 모르겠으나, 문제에서 ""다툼이 있으면 판례에 의한다""고 되어 있는지 여부에 따라 정오가 갈릴 것 같네요. 만약, 그렇다면 옳은 지문으로 봐야 하고, 그렇지 않다면 다툼이 있다라는 관점에서 상대적으로 접근해야 합니다. ps) 매년 모의고사에서 논란이 있는 지문(구법에서의 판결, 공지기술과 통상의 기술자 수준을 구별하지 않음)을 출제해서, 매년 게시판에 똑같은 질문이 올라오는 것 같네요. 열공하세요~", ,,24.12.03
특허법,조문,47조,"[47조, 52조, 52의 2조, 53조, 54조, 55조, 56조] 후출원의 객체적 요건?댓글수5","보정, 분할출원, 분리출원, 변경출원, 조약우선권주장출원, 국내우선권주장출원에서 후출원의 객체적 요건을 따질 때 질문입니다. 리담특허법 책에 따르면 후출원의 객체적 요건에서 ""최초 명세서 또는 도면에 기재된 사항""이란 최초 명세서 등에 명시적으로 기재되어 있는 사항이거나 또는 명시적인 기재가 없더라도 통상의 기술자라면 출원 시의 기술상식에 비추어 보아 보정된 사항이 최초 명세서 등에 기재되어 있는 것과 마찬가지라고 이해할 수 있는 사항을 말한다. 라고 합니다. 이 때 통상의 기술자의 기술상식을 따지는 시기를 나눠보자면 - 보정 : 출원시 - 분할: 원출원의 출원시 - 분리: 원출원의 출원시 - 변경 : 원출원의 출원시 - 조약우선권주장 : 선출원의 출원일 당시 - 국내우선권주장 : 우선권주장일 당시 이렇게 생각하면 될까요?","그런데, 국내우선권주장에서 우선권주장일 당시란 선출원일을 당시를 의미하는 것이고, 조약우선권주장과 같은 의미입니다.","앗 제가 이해를 못했습니다. 선출원의 출원일과 우선권주장일은 다른 개념 아닌가요? 리담특허법 책 p.490에서도 '선출원과 동일한 발명은 선출원일로 판단시점이 소급되고, 이용개량발명은 현실의 국내우선권주장출원일을 기준으로 특허요건 등을 판단한다'고 하고 있습니다. '선출원일' 과 '현실의 국내우선권주장출원일'은 다른 것 아닌가요?","판례(2012후2999)에서 다음과 같이 정의하고 있습니다. ""여기의 우선권 주장을 수반하는 특허출원된 발명 중 해당 우선권 주장의 기초가 된 선출원의 최초 명세서 등에 기재된 발명과 같은 발명에 관하여 신규성, 진보성 등의 일정한 특허요건을 적용할 때에는 그 특허출원은 그 선출원을 한 때(이하 ‘<<<우선권 주장일>>>’이라 한다)에 한 것으로 본다(같은 조 제3항 참조). 그런데 이와 같은 국내 우선권 제도에 의하여 실제 특허출원일보다 앞서 우선권 주장일에 특허출원된 것으로 보아 그 특허요건을 심사함으로써 <<<우선권 주장일>>>과 <<<우선권 주장을 수반하는 특허출원일>>> 사이에 특허출원을 한 사람 등 제3자의 이익을 부당하게 침해하는 결과가 일어날 수 있음은 특허법 제47조 제1항의 규정에 의한 명세서 또는 도면의 보정이 받아들여져 그 효과가 출원 시로 소급하는 경우와 별다른 차이가 없으므로, 이러한 보정의 경우와 같은 관점에서, 우선권 주장일에 특허출원된 것으로 보아 특허요건을 심사하는 발명의 범위를 제한할 필요가 있다. "" 우선권주장일과 우선권주장을 수반하는 특허출원일을 구분하고 있습니다.",24.12.06
특허법,조문,30조,[30조] 공지예외주장 가능여부 질문?댓글수1,"안녕하세요! 리담 객관식 기출문제편 94페이지 10번 문제 질문드립니다. 문) 발명 A에 대한 공지의 예외 주장을 할 수 없는 경우는? （다툼이 있으면 판례에 따름） 3번 지문. 甲은 국내우선권주장출원을 하면서 선출원보다 늦게 자기공지된 발명 A에 대하여 공지의 예외를 주장하였다. 국내우선권주장 출원시 신규성, 진보성을 우선일 기준으로 판단해서 공지예외주장 할 필요는 없을 것 같은데 굳이 하려면 가능은 하다는 것으로 이해했는데 맞게 이해한 것인지 궁금합니다.","틀렸습니다. 국내우선권주장출원에 포함된 발명 중 판단시점이 소급하지 않은 발명도 있고, 그 발명이 공지에 의해 신규성, 진보성 판단의 대상이 되기 때문에 공지예외적용주장이 필요한 것입니다. 열공하세요~", ,,24.12.06
특허법,조문,42조의2,[42조의 2] 청구범위가 기재되지 않은 명세서에 관한 특허출원?댓글수2,"특허 시행규칙 제11조(부적법한 출원서류 등의 반려) ① 특허청장 또는 특허심판원장은 법 제42조ㆍ제90조ㆍ제92조의3ㆍ제132조의4ㆍ제140조 또는 제140조의2에 따른 특허출원, 특허권의 존속기간의 연장등록출원, 특허취소신청 또는 심판에 관한 서류ㆍ견본이나 그 밖의 물건(이하 “출원서류등”이라 한다)이 다음 각 호의 어느 하나에 해당하는 경우에는 법령에 특별한 규정이 있는 경우를 제외하고는 적법한 출원서류등으로 보지 아니한다. <개정 1992. 10. 30., 1993. 12. 31., 1997. 7. 1., 1998. 12. 31., 1999. 7. 1., 2001. 6. 30., 2002. 2. 28., 2003. 5. 17., 2005. 2. 11., 2006. 9. 29., 2006. 12. 29., 2007. 6. 29., 2008. 9. 30., 2009. 6. 30., 2010. 7. 27., 2011. 2. 25., 2011. 12. 2., 2014. 12. 30., 2015. 7. 29., 2016. 10. 4., 2017. 2. 28., 2019. 6. 10., 2021. 6. 10., 2022. 4. 19., 2022. 7. 1.> 15. 특허출원인이 청구범위가 기재되지 아니한 명세서가 첨부된 특허출원에 대하여 출원심사청구서를 제출한 경우 특허법 제42조의2(특허출원일 등) ① 특허출원일은 명세서 및 필요한 도면을 첨부한 특허출원서가 특허청장에게 도달한 날로 한다. 이 경우 명세서에 청구범위는 적지 아니할 수 있으나, 발명의 설명은 적어야 한다. ② 특허출원인은 제1항 후단에 따라 특허출원서에 최초로 첨부한 명세서에 청구범위를 적지 아니한 경우에는 제64조제1항 각 호의 구분에 따른 날부터 1년 2개월이 되는 날까지 명세서에 청구범위를 적는 보정을 하여야 한다. 다만, 본문에 따른 기한 이전에 제60조제3항에 따른 출원심사 청구의 취지를 통지받은 경우에는 그 통지를 받은 날부터 3개월이 되는 날 또는 제64조제1항 각 호의 구분에 따른 날부터 1년 2개월이 되는 날 중 빠른 날까지 보정을 하여야 한다. ③ 특허출원인이 제2항에 따른 보정을 하지 아니한 경우에는 제2항에 따른 기한이 되는 날의 다음 날에 해당 특허출원을 취하한 것으로 본다. [22년도 기출 산업재산권법 6번문제] 특허출원에 관한 설명으로 옳지 않은 것은? (다툼이 있으면 판례에 따름) 1번 선지. 청구범위가 기재되지 아니한 명세서가 첨부된 특허출원에 대하여 특허출원인이 출원심사청구서를 제출한 경우에는 부적법한 서류로서 반려처분 대상이 된다. (시행규칙 11조 제1항 제 15호에 의해 옳음) [질문] 22년도 6번문제에서 1번선지의 근거를 시행규칙 11조 제1항 제15호에 두고 있고, 옳은 지문처리하고 있습니다. 제가 헷갈리는 것은 청구범위가 기재되지 아니한 명세서가 첨부된 특허출원에 관한것입니다. 1. 청구범위가 기재되지 아니한 명세서가 특허출원되면 -> 방식심사 및 실체심사를 거치는데 -> 여기서는 42조의 2에 따라서 청구범위 기재되지 아니한 명세서일 경우 -> 보정명령을 하고 -> 기간 내 청구범위를 기재하지 않으면 취하간주 되는 것 2. 청구범위가 기재되지 아니한 명세사가 심사청구하면 -> 방식심사 및 실체심사를 거치는데 -> 여기서는 시행규칙 11조 제1항 제 15호에 따라서 청구범위 기재되지 아니한 명세서일 경우 -> 불수리(반려)하게 되는 것 위 내용으로 정리하면 될까요? 언제 취하간주되는 것이고, 언제 불수리(반려)되는 것인지 설명해주시면 감사하겠습니다.","1번: 잘못 이해하고 있네요. 방식심사에서 수리되고, 청구범위 기재 보정을 하지 않으면 제42조의2제3항에 따라 취하간주되는 것입니다. 보정명령을 하지 않고, 취하간주되기 때문에 실체심사도 하지 않습니다. 2번: 잘못 이해하고 있네요. 실체심사를 거치지 않고, 방식심사에서 불수리되는 것입니다. 열공하세요~", ,,24.12.09
특허법,조문,35조,"35, 30 무권리자 출원 과 신규성?댓글수1",정당한 권리자가 소급효를 인정 받지ㅜ못하였을때 선출원은 무권리자출원이ㅜ지위가 없어 극복가능하고 확선은 발명자동일로 극복이가능한데 무권리자 출원공개 신규성은 자기 의사에 반한 공지로 30조1항2호로 극복가능한가요?,"네, 가능합니다.", ,,24.12.11
특허법,조문,42조,제42조제3항의 판단?댓글수1,"안녕하세요 변리사님, 특허법 질문 드립니다 강의노트에 나온 예시를 설명해주시면서 '청구범위에는 A,B가 발명의 설명에는 A'가 기재되어 있는 명세서에서 이 기재가 42조3항1호는 만족한다고 하신 부분이 잘 이해가 가질 않습니다. 42조3항1호의 '그 발명'은 청구범위에 적힌 발명이라고 하셨는데 이게 어떻게 '판단대상은 발명의 설명이다' 라는 말과 연동되는 건지 잘 모르겠습니다. 저는 처음에는 청구범위에 적힌 '그 발명'을 발명의 설명을 보고 쉽게 실시할 수 있도록 해야 한다 라고 이해했었는데 생각해보면 그러면 결국 42조4항1호와 같은 말이 되어버리는 것 같아 혼란이 생깁니다. 42조3항1호를 구체적으로 어떻게 정리해야 할까요? '발명의 설명에 기재된 발명이 청구범위에 적혀 있는 발명이어야 하고 그 발명의 설명을 보고 통상의 기술자가 쉽게 실시할 수 있도록 명확하고 상세하게 기재되어야 한다' 이렇게 이해해야 할까요? 감사합니다.","발명의 설명에 기재된 발명 A, B 중 청구범위에 기재된 A만 제42조제3항제1호를 만족하면 된다고 이해하면 됩니다.", ,,24.12.16
특허법,조문,52조,[52조]분할출원?댓글수2,"안녕하세요 변리사님. 法52조 2항 3호에서 ""조약우선권의 취지""는 소급효가 발생하지 않는 걸로 알고 있습니다. 그렇다면 원출원이 조약우선권을 주장하지 않더라도 분할출원에서는 조약우선권을 주장할 수 있다는 건가요??","기본서의 분할출원 파트를 보면 다음과 같이 기술되어 있네요. ""ⅲ)과 관련하여, 대법원 2022. 08. 31. 선고 2020후11479에서는 분할출원은 원출원과 독립된 출원이기 때문에 원출원의 제30조제3항의 신설과 무관하게 제52조제2항제2호의 요건만 만족하면 공지예외적용주장을 수반한 적법한 분할출원이 될 수 있다고 판시하였다. 이러한 대법원의 판시이유에 따르면, 실무상 원출원이 우선권주장을 하지 아니한 경우 분할출원 역시 상기 주장을 할 수 없다는 것도 논란이 될 것으로 보인다."" 기본서를 읽어보세요", ,,24.12.16
특허법,조문,55조,"제55조 3항, 4항?댓글수1","안녕하세요 변리사님 특허법 55조 관련 질문드립니다. 55조3항에서는 확대된 선출원에서 그 특허출원의 지위에 대한 조문이고 4항은 다른 특허출원의 지위에 대한 조문이라고 설명해주셨는데요. 확대된 선출원의 지위를 갖는 게 저는 선출원(X)라고 생각하고 있었는데 강의에서 후출원(Y)중 선출원의 최명도에 있는 부분이라고 하셔서 의문이 듭니다. 4항에서는 공개에 대해서만 간주 규정이 있는데 그러면 타출원의 요건인 먼저 출원되었을 것은 근거가 어디에 있나요? 3항에서도 다른 출원의 지위에 관해 소급효가 있다면 선출원되었을 것이 만족되겠지만 3항에서는 그 출원에 관한 판단시점 소급효에 관한 조문이다 라고 명확히 설명해주셔서요. 3항이 오로지 그 특허출원일 때의 지위만을 설명한 조문이라면 결국 확대된 선출원의 지위를 갖는 건 국내우선권 주장의 기초출원이 아닌가요? 사실 그냥 출원이 아니라 발명의 단위로 생각하면 되는 부분이지만 강의에서 출원(X,Y)을 단위로 설명해주셔서 의문이 들었습니다.","1. 제4항을 보면, ""제29조제3항본문을 적용한다.""고 규정되어 있고, 구체적으로 제29조제3항본문 중 ""최초로 첨부된 명세서 또는 도면""과 관련되어 적용된다는 것입니다. 2. 제3항을 보면, ""제29조제3항본문을 적용할 때 선출원한 때에 특허출원한 것으로 본다.""고 규정되어 있고, 구체적으로 제39조 제3항 본문 중 ""특허출원한 발명""과 관련되어 적용된다는 것입니다. 정리하면, 제29조제3항을 적용할 때, 제55조제3항은 그 출원의 지위에 관하여, 제55조제4항은 다른 출원의 지위에 관하여 기술하고 있는 것입니다.", ,,24.12.19
특허법,조문,47조,[47조] 보정?댓글수1,재심사와 거절결정 불복심판 청구에서 심사단계에서의 절차를 준용하므로 재심사와 거불복심판에서 거절이유가 통지 되었을 때 의견서 제출기간에 보정이나 분할출원이 가능한건가요?,"네, 가능합니다.", ,,24.12.29
특허법,조문,30조,[30]공지적용예외주장의 주체?댓글수1,안녕하십니까 늘 양질의 강의 감사드립니다 공지적용예외주장에서 특받권자가 출원인이여야 적용이 가능한데 이때 출원인이라는것이 출원당시의 출원인을 의미하는건가요? 예를들어 무권리자가 출원하면서 30조 주장을 하고 특받권자가 승계받는다면 30조가 되는지 궁금합니다 감사합니다!,"정당한권리자가 승계했다면 제30조 주장을 인정해 주는 것이 적절하네요. 꼭 출원 당시일 필요는 없다고 해석됩니다. 정당한 권리자가 별도 출원하면 소급효가 인정되고, 1년 이내 출원이므로 의사에 반한 공지 주장을 할 수 있어서 정당한 권리자의 보호가 가능한데, 문의한 케이스만 꼭 제한할 필요는 없어 보입니다. 참고로, 시험적합성이 없는 질문이네요.", ,,25.01.03
특허법,조문,38조,[38조]증명책임 및 특허발생요건?댓글수1,"특허발생요건으로서 출원인이 발명자가아닐때 그 발명에대해 특받권받을수있는 권리승계사실은( 38조1항) 특허권자가 증명책임을지는데, 2019후11268에서 무권리자출원을 무효사유로 주장하는경우 무효사유 증명책임은 주장하는당사자에게있습니다. 이경우 33조위반의 증명책임이 무효심판청구인에게있는건가요? 33조위반증명책임과 38조증명책임이 내용이 같아보이는데 두개가 어떤식으로 나눠지는건가요..?","한 번도 고민해 보지 않았던 질문이네요. 제33조 위반의 증명은 다음과 같이 2가지를 해야 합니다. (1) 모인대상발명과 출원한 발명의 동일성이 있다(즉, 진보성이 없는 등 기술적 사상의 창작에 기여하지 않은 발명이다) (2) 정당한 권원없이 무단으로 출원되었다. 기존 특허법원 판례는 (1)의 경우 무효심판청구인이, (2)의 경우 정당한 권원이 있다는 것, 즉 발명자 또는 승계인이라는 것을 특허권자가 입증해야 한다는 입장이었으나, 2019후11268 판결은 (1)(2) 모두 무효심판청구인이 입증하라는 것이니, 이에 의하면, 제38조제1항을 특허발생요건으로 보기는 어렵게 되었네요. 다만, (2)를 입증하는 것은 굉장히 어렵고 모호한 문제이니 특허를 받을 수 있는 권리를 가지고 있지 아니하여 정당한 권원이 없다는 것에 대한 증명책임은 무효심판청구인이 모인대상발명과 특허발명 사이에 실질적 동일성이 있음이 증명된 후, 특허권자가 정당한 권원이 있음에 대하여 구체적이고 합리적인 주장을 한 경우에 현실화된다고 보는 것이 타당합니다.", ,,25.01.05
특허법,조문,,"분분변, 조약 국내우주의 주체?댓글수1","대략적으로는 알것 같아 문제는 풀리는데 정확히 정리해두고자 기본서를 봤는데 잘 정리가 되지 않아 질문드립니다. 1. 분분변의 경우에는 예외없이 분분변 출원 당시 원출원인과 동일해야 하는 것이 맞나요? (출원인 변경 신고의 효력까지 고려하여) 2. 국내우주의 경우 선출원의 특받권을 승계한자가 국내우주를 수반한 후출원을 할 수 있으나(이에 따라 보통의 경우에는 국내우주출원 당시에는 출원인이 같을 것임), 출원인변경계약만 마치고 신고는 하지 않는 경우, 선출원이 공유일때 선출원의 공유자들이 전부 포함된 경우, 일부 포함이더라도 기타 사유로 승계를 확인할 수 있는 경우 등에 따라 국내우주 출원 당시 출원인이 다를 수 있는 것이 맞나요? 3. 조약우주의 경우 국내우주와 마찬가지로 특받권 승계자가 출원해야하는 것은 마찬가지고 출원 당시 기타 사유로 출원인이 다를 수 있는데, 국내우주와 달리 우선권을 승계했음까지 추가로 증명해야 하는 것인가요? 3.1 기본 수업 시간에 우선권의 독립성으로 특받권 승계없이 우선권만 승계받아 출원할 수 있다고 들었던 것 같은데, 이 경우에는 국내우주와 달리 특받권 승계없이 우선권승계만으로 우주출원이 가능한건가요? 4. 정리하면 분분변 조약 국내 우주 출원인의 경우 모두 선출원인이거나 정당한 승계인이어야 하는 것은 마찬가지인데 ‘승계’ 에 대하여 분분변과 조약 국내우주가 차이가 있어서 후출원당시 출원인이 다를 수 있는 건가요?","분할, 분리, 변경출원은 출원당시 일치해야 하는데, 조약/국내우주출원은 출원당시 불일치도 가능 이렇게 공부하면 됩니다. 3-1은 그렇게 이해하면 되고요.", ,,25.01.06
특허법,조문,,의료기기 산업상이용가능성?댓글수1,강의노트 55페이지에 ‘인체룰 직접적인 구성요소로 하지아니한 의료행위’에 사용하는 의료기기는 산업상 이용가능성이 있다고 나와있습니다. 변리사님 설명과 기출지문 등을 보면 인체를 구성요소로 하는 의료행위에 사용되더라도 의료기기 자체는 산업상 이용가능성이 있는 것으로 판단해야할 것 같은데 맞나요?,"네, 그렇습니다.", ,,25.01.10
특허법,조문,29조,[29조] 수치한정발명 진보성?댓글수2,"23회 기출문제 지문 출원발명의 수치범위가 선행발명의 수치범위에 포함된다면, 진보성을 인정할 다른 구성요소가 없는 경우 출원발명 수치한정이 '임계적 의의를 가지는 때에 한하여 진보성이 인정된다'.(옳음) 2008후4998 그 특허발명에 진보성을 인정할 수 있는 다른 구성요소가 부가되어 있어서 그 특허발명에서의 수치한정이 보충적인 사항에 불과하거나, 수치한정을 제외한 양 발명의 구성이 동일하더라도 그 수치한정이 공지된 발명과는 상이한 과제를 달성하기 위한 기술수단으로서의 의의를 가지고 그 효과도 이질적인 경우라면, 수치한정의 '임계적 의의가 없다고 하여 특허발명의 진보성이 부정되지 아니한다'. 판례에서는 수치한정이 상이한 과제해결 위한 이질적 효과 지니는 것과 임계적 의의를 갖는것을 구분하는듯이 판시했는데(임계적 의의 없더라도 이질적 효과 갖으면 진보성 인정된다) 그렇다면 위 지문도 틀린것으로 봐야하는게 아닌가 싶어 질문드립니다.","판례를 잘못 이해하고 있네요. 효과의 현저성이 있을 때 임계적 의의가 있다고 할 수 있고, 임계적 의의란 동질의 우수한 효과 또는 이질적인 효과를 말하는 것이니, 이질적인 효과가 있다면 임계적 의의가 있어서 진보성이 긍정되어야 한다는 것입니다. 열공하세요~", ,,25.01.17
특허법,조문,42조,[42조] 명세서 기재요건?댓글수2,"16년도 기출 출원발명 내용이 통상의 기술자에 의하여 정확하게 이해되고 쉽게 재현될 수 있다면 부분적으로 불명확한 부분이 있다고 하더라도 이를 제42조4항2호 기재불비라 할 수 없다.(옳음) 42조4항2호 청구범위에 발명은 명확하고 간결히 적어야 한다. 42조3항1호 판례 발명의 설명은 통상의 기술자가 발명의 설명에 의해 정확하게 이해하고 동시에 재현할 수 있게 기재해야 한다. 기출지문은 42조3항1호 판례를 쓰고있으면서 42조4항2호가 아니라 하고, 42조3항1호와 42조4항1호 개별적으로 판단하라는 관련판례 내용도 생각나서 틀린지문이라 생각했는데요. 42조4항2호 관련 판단에서도 정이쉽재 표현을 혼용해서 쓰는건지 궁금합니다.",제42조제4항제2호는 청구항 해석을 통해서 발명이 특정되는지 관점에서 이해하면 됩니다. 특정 단어나 문구에 너무 집착하고 있네요., ,,25.01.17
특허법,조문,47조,[47조] 보정관련 질문입니다?댓글수1,"진보성 결여를 이유로 거절이유를 통지받은 청구항 1에 구성요소를 추가하는 보정을 하여 거절이유를 해소한 상태에서, 심사관이 새로운 선행기술을 제시하면서 청구항 1에 대하여 진보성 결여를 이유로 거절이유를 통지했을 떄 이는 최초거절이유가 된다. (X) 심사관이 통지한 거절이유가 최초거절이유일때, 보정 인정후 1. 원거절이유 해소 ?(O) 2. 언제발생? 47조 1항 1호 보정에 의해 발생했으므로 최후 거절이유통지 심사관이 통지한 거절이유가 최후거절이유일때, 1. 47조2항위반?X 2. 47조3항위반?X 3. 보정에따라새로운거절이유발생? 이 부분에서 막힙니다. 새로운 선행기술을 제시하면서 청구항 1에 대해 동일하게 진보성 위반을 통지하는것이 새로운 거절이유 발생인가요?",네 새로운 거절이유가 발생되어 보정각하됩니다., ,,25.01.18
특허법,조문,52조,[제52조] 분할출원 요건불비시 취급?댓글수1,"기줄문제집 110페이지 92년도 변형문제입니다 분할출원이 원출원의 출원서에 최초로 첨부한 명세서 또는 도면에 기재된 범위를 벗어났다는 이유로 거절이유 통지를 받은 경우, 이때 분할출원은 출원일이 소급되지 않는다 -O 분할출원의 요건불비시 분할출원이 불인정되고 다만 일반적인 출원으로 보아 판단하는 것으로 알고 있는데요 원출원의 최명도 범위를 벗어났다고 별도로 거절이유를 통지하나요? 아니면 지문의 의미를 아래와 같이 선해해야 하나요? 원출원의 최명도 범위를 벗어나서 분할출원이 불인정되고 이에 따라 소급효가 인정되지 않아 이로 인해 신규성,선출원 등의 거절이유가 발생하였다","잘못 이해하고 있네요. 원출원의 최초 명세서, 도면의 범위를 벗어난 것 자체가 거절이유에 해당하고, 출원일 소급효도 인정해 주지 않는다고 이해하면 됩니다.", ,,25.01.20
특허법,조문,55조,[55조7항] 우선권주장을 보정하거나 추가하는시기?댓글수1,"요건을갖추어 우선권주장을 한 자는 선출원일부터 1년 4개월이내에 그 우선권주장을 보정하거나 추가할 수있다. 56조1항은 선출원이 1년3개월이지난때 취하된것으로 본다 그럼 선출원일로부터 1년4개월때 우선권주장을 추가할 수 없는걸로 보여집니다. 이미 선출원이 취하된것으로 본 상태이므로, 우선권주장을 추가할때를 기준으로 선출원이 계속중이여야하는 55조1항 3호를 만족하지못하기 때문입니다. 그런데 조문자체로 나온표현은 객관식에서 맞다고봐야하죠.. 리담 124p 기출 7번에 4번지문이 ""적법하게 국내우선권주장을 한 자는 선출원일부터 1년 4개월이내에 그 우선권주장을 보정하거나 추가할 수 있다""고 나와있고 맞는보기입니다. 이런경우는 그냥 상대적으로푸는수밖에 없나요?","잘못 이해하고 있네요. X출원-Y출원-Z출원(Y기초 우주)일 떄, Y는 1년 3월 지난 후 취하간주되고, X출원일로부터 1년 4월 이내 Z출원이 X기초 우주를 추가할 수 있는 것입니다. 그런데, X, Y 출원을 구분하지 못하고 질문하고 있네요. 새해 복 많이 받으세요~", ,,25.01.22
특허법,조문,47조,[47]외국어특허출원 보정?댓글수4,안녕하십니까 늘 양질의 강의 감사드립니다 47조 2항을 보면 (전단) 최초 명세서 도면 (후단) 최종 국어번역문 또는 최초로 첨부한 도면(설명x)에 기재된 사항에서 해야한다고 이해되는데요 이때 전단의 최명도의 도면이 후단 설명부분제외도면을 이미 포함하고있는거 같아 헷갈려 질문드립니다. 후단의 설명부분제외도면이 조문에 없어도 보정범위가 같다고 생각되는데 맞나요? 다르면 뭐가 다른지 궁금합니다!,제42조의3제1항을 모르고 있네요. 번역문은 명세서 및 도면(도면 중 설명부분에 한정한다)의 번역문입니다.,답변 감사합니다 제 질문은 47 2항의 보정범위가 그러면 1.최명도 2.최종국어번역문(명세서 및 도면중 설명부분) 3.최초로 첨부한 도면(설명x) 인데 여기서 1의 도면과 3의 도면이 같아서 중복되는 것이 아닌가 였습니다,"예를 들어, - (1) 출원한 최초 명세서, 도면(설 포함)- A, B(외국어) / 도면(설 제외)- C, - (2) 명세서, 도면(설 포함)의 번역문-A, B(국어) 라면, (1) and (2) 범위(사안에서 A, B) 내에서만 보정을 해야 하니, C 발명은 보정가능한 범위에서 제외되게 되는 불상사가 발생합니다. 하여, 언어 무관한 C를 보정가능한 범위에 포함시키기 위해서, 도면(설 제외)를 그대로 제47조제2항후단에서 기재하고 있는 것입니다.",25.01.26
특허법,조문,55조,[55] 국내우주?댓글수1,"안녕하세요 변리사님! 국내우주 관련해서 질문드립니다. 1.원출원이 조약우주, 국내우주를 안했으면 분할출원에서도 조약우주,국내우주를 할 수 없는거죠?? 2. 공지일로부터 12개월 이내에 선출원이 있고 12개월 이후에 선출원을 기초로 국내우주출원을 했을 경우, 선출원이 공지일로부터 12개월 이내에 있다면 국내우주출원에서 공지예외주장을 할 수 있는데, 이것이 가능할려면 그 전제로,선출원에서'도' 공지예외 주장을 했었어야 하는건가요?? 아니면, 선출원이 공지일로부터 12개월 이내로 들어온다면 선출원에서 공지예외주장의 유무와 상관없이 국내우주에서 공지예외주장을 할 수 있는건가요??",1. 네 2. 후자입니다., ,,25.01.29
특허법,조문,52조,[52]분할출원?댓글수1,"안녕하세요. 리담객 분할출원 파트에서, “원출원이 국내우주 했을 때 분할출원에 있어서 국내우주를 하려면 출원서에 그 취지 및 선출원의 표시를 하여야한다” 라고 되어있는 지문이 틀린선지 였는데요. 확공조국등(비소급효)에서 조,국이 취지 인데 해당 선지는 맞는말 아닌가요? 해설에서는, 원출원에서 국내우주 했다면 분할출원에서 할 필요 없으니깐 틀렸다라고 했는데, 케이스는 원출원에서 조약우주 국내우주를 했는지 안했는지 딱 이 두 가지밖에 없을 것이고, 만약 원출원에서 조약우주 국내우주를 안했으면 분할출원에서도 못하는 것이고, 원출원에서 조약우주 국내우주를 한 경우, 분할출원에서도 한 걸로 보는거면 52조 2항에서 조,국의 어떤 실익이 있는건가요??","제52조제2항제3호, 제4호에 의해 소급효가 인정되지 않으니, 제52조제4항에 의해 출원서 제출과 동시에 자동주장간주할 수 있는 것입니다. ", ,,25.01.30
특허법,조문,38조,[38조] 기출문제집 66P 8번?댓글수1,안녕하세요 4번: 특허청 직원인 병으로부터 특허를 받을 수 있는 권리를 상속한 일반인 을은 지체없이 그 취지를 특허청장에게 신고하여야한다 만약 출원 전 특받권 승계라면 특허청장에게 상속 기타 일반 승계인경우에도 신고할 필요 없지 않나요?,"⑤ 특허를 받을 수 있는 권리의 상속, 그 밖의 일반승계가 있는 경우에는 승계인은 지체 없이 그 취지를 특허청장에게 신고하여야 한다. 법조문 그대로입니다. 출원 후를 의미합니다. 출원 전은 문의한 것처럼 신고가 필요하지 않습니다. 조문이 약간 부실한 감이 있네요.", ,,25.02.05
특허법,조문,36조,[36조] 특허의 포기 2005후3017판결?댓글수5,위판례사안에서 실용신안과 특허가 동일인 동일자출원 후 착오등록이 되었는데 실용신안권을 포기했으나 무효사유 하자가 치유되지않아서 특허또한 무효심판청구에의해 소멸되었는데요. 그럼 요건만족시 선사용에의한 법정사용권말고는 특허권자가 보호될수있는 방안이없나요?,어떤 상황에서 특허권자를 보호해야 할까요? 질문의 의도가 명확히 파악이 안 되네요.,단지 자신이 동일자로 경합출원해서 하나를 포기한건데 결국 어느것도 특허권이나 실용신안권을 갖지못하는것이 불합리해 보여서 질문드렸습니다! 신규한발명을 공개했음에도 다른사람이 자유롭게 실시할수있는 발명이 되어서 불합리한?생각이들어서요,"포기된 것을 무효심판에 의해 무효로 시키거나, 아니면 살아있는 것을 정정심판이나 정정청구에 의해 동일성을 벗어나게 정정한다면, 충분히 권리를 유지할 수 있지 않을까요?",25.02.05
특허법,조문,30조,[30조] 신규성 상실 예외 단서 질문입니다?댓글수3,만약 무권리자인 타인의 출원이 출원공개 됐을때 정당한 권리자는 그 출원공개에 대해 신규성 상실 예외를 주장할 수 있는데 이와 같은 행위는 30조 1항 단서 규정에 위배되지 않는것으로 보나요?,제30조제1항단서는 규정이 없습니다. 혹시 제30조제1항제1호단서를 제30조제1항제2호에 적용할 수 있는지 문의하는 것인가요?,넵 30조 1항 1호 단서입니다,제30조제1항제1호단서와 제30조제1항제2호는 독립적인 조항입니다. 즉 제30조제1항제2호에는 제30조제1항제1호단서가 적용되지 않습니다.,25.02.06
특허법,조문,54조,[54조] 최명도범위판단?댓글수1,"리담책 442p 분할출원 요건 ""최명도의기재된 사항이란 명시적기재 있는사항 또는 명시적기재없더라도 통상의기술자라면 출원시 기술상식에 비추어보아 보정된 사항이 최명도등에 기재되어있는것과 마찬가지로 이해될수있는사항"" 분리출원요건 453p 최명도의기재된 사항이란 명시적기재 있는사항 또는 명시적기재없더라도 통상의기술자라면 출원시 기술상식에 비추어보아 보정된 사항이 최명도등에 기재되어있는것과 마찬가지로 이해될수있는사항"" 변경출원 462p 최명도의기재된 사항이란 명시적기재 있는사항 또는 명시적기재없더라도 통상의기술자라면 출원시 기술상식에 비추어보아 보정된 사항이 최명도등에 기재되어있는것과 마찬가지로 이해될수있는사항"" 조약우주 475p 최명도의기재된 사항이란 명시적기재 있는사항 또는 명시적기재없더라도 통상의기술자라면 출원시 기술상식에 비추어보아 보정된 사항이 최명도등에 기재되어있는것과 마찬가지로 이해될수있는사항"" 국내우주 490p 최명도의기재된 사항이란 명시적기재 있는사항 또는 명시적기재없더라도 통상의기술자라면 출원시 기술상식에 비추어보아 보정된 사항이 최명도등에 기재되어있는것과 마찬가지로 이해될수있는사항"" 이렇게 기재되어있습니다. 1.책에 전부 ""출원시""의 기술상식에 비추어본다고나와있는데, 보정,정당권리자, 분할,분리,변경은 소급한 날의 기술상식, 조약우주,국내우주는 1국출원이나 선출원당시라는 의미인거죠? 분할,변경,분리는 판례표현을 못찾겠고, 조약우주는 2019후10265에 우선권주장일당시의 기술상식이라고 적혀있어서 질문드려봅니다! 2. 왜 전부 ""보정된 사항이"" 최명도등에 기재된것과 마찬가지라는 표현을 쓰나요? 보정이 아닌 분리,변경,조약우주,국내우주에서도 보정된사항이 최명도등에 기재된것과 마찬가지라는 표현이 괜찮은건가요? 보정된 명세서를 최명도와 비교해서그런건가요? 2019후10265에는 ""보정된사항이""라는표현이 없고 ""우선권주장을 수반하는 특허출원된발명이"" 라고 나와있어서 같은의미인지? 헷갈려서 질문드립니다.","1. 네, 시기는 소급효가 인정되는 시점을 기준으로 합니다. 2. 보정된 사항에 대해서는 아무런 생각이 없었네요. 보정된 사항이 아니라 <후출원의 판단객체>에 기재된 사항이라고 하는 것이 맞습니다.", ,,25.02.08
특허법,조문,36조,[36조] 선출원주의?댓글수2,선출원의 청구범위중 일부가 보정으로 삭제되면 삭제된 청구범위는 선출원의 지위가 없나요? 후출원의 출원일을 기준으로 보정전인지 보정후인지를 보고 삭제된 청구범위가 선출원의 지위가 있다 없다를 판단하면 될까요~?,실체심사는 후출원의 출원일 당시에 하지 않습니다. 출원하고 3년 이내 심사청구하면 그 순서에 따라서 실체심사를 하고 그 때 보정이 있는지를 보는 것입니다. 선출원주의는 제29조가 아니라 제36조이니 제목을 수정해 주세요~, ,,25.02.11
특허법,조문,29조3항,[29조 3항] 확대된 선출원의 지위?댓글수1,"안녕하세요 변리사님. 29조 3항 확선관련하여, 예외보시면 ""그 특허출원을 '출원한 때'의 출원인과 다른 특허출원의 출원인이 같은 경우에는 그러하지 아니하다"" 라고 되어있는데, 이 말은 즉슨 '출원할 때'의 출원인이 무조건 같아야한다는 것인데요! 이 '출원할 때'의 의미가 정확히 무엇인가요?? 선후출원이 같아야한다는 의미가 정말 물리적으로 선후출원인이 같아야한다는건지, 아님 후출원을 했을 때 그 전에 이미 특받권을 양수받고 있으면 확선이 안걸린다는 건지.. 이게 헷갈리는 것 같습니다. 헷갈리는 부분을 예를들어 설명해보겠습니다. (을의 청구범위가 갑의 최명도와 동일하다고 가정) 1. 갑이 선출원하고 을이 후출원하기 '전'에 특받권 양수받은 다음 을이 후출원 하는 경우 -> 확선 적용 되나요? 2. 갑이 선출원하고, 을이 후출원 한 후에 갑으로부터 특받권 양수받은 경우 -> 확선 적용 되나요? 확선에서 말하는 출원인이 동일하면 확선 안걸린다라는 말은 어떤 경우인가요? 아니면, 확선 안 걸릴려면 위 1,2번도 아니고 정말 아예 출원인이 물리적으로 똑같아야하는지...","1. 출원인이 다르지만, 발명자가 같아서 확선이 적용되지 않습니다. 2. 출원인이 다르고, 발명자도 다르므로 확선이 적용됩니다. 후출원 당시 후출원의 출원인과 선출원의 출원인이 같아야만 확선에 걸리지 않습니다. 1, 2번은 모두 출원인이 다른 케이스입니다. 출원인이 같은 케이스는 기본서나 강의노트를 확인해 보세요.", ,,25.02.12
특허법,조문,36조,[36조] 2007후2827 선출원주의 위반 발명판단?댓글수1,"2007후2827 관련 강의노트는 ""발명의 범주가 다른경우"" 로 제목이 붙여져있고 실제사안도 선출원제조방법 후출원 물건입니다. 다만 제시된법리가 ""비록 양 발명의 구성에 상이점이 있어도 그 기술분야에 통상의 지식을 가진자가 보통으로 채용하는 정도의 변경에 지나지아니하고 발명의 목적과 작용효과에 특별한 차이를 일으키지아니하는경우""라고되어있어서 실질적동일성의 기준 3가지 범주,범위,구성의차이 중 구성의차이를 강조하여 판시되어있습니다. 리담기본서 또한509페이지에 구성일부가 변경된경우와 관련하여~라고해서 구성의 변경으로 설명되어있는데 1.범주차이를 구성의변경과 구분하지않아도 그냥 쓸수있는판례인건가요? 2. 위 판례가 선출원주의판단시 제법, 후출원 물건 의 순서에는 일반적으로 쓸수있는 법리이고, 물건-제법순에는 일반적으로 쓰면 안되는게 맞나요? 아니면 물건 제법순이든 제법 물건순이든 저 법리를 쓰지만 물건제법순은 일반적으로 동일성이 불인정될뿐이고, 제법물건순에는 일반적으로 동일성이 인정될뿐인건가요?","판례의 사실관계를 잘못 파악하여 법리를 오해하고 있네요. 제법발명-물건발명의 순서인데, 제법에 의해 생산된 물건이 후출원인 물건발명과 구성의 차이가 있기 때문에, 판례는 양자(범주, 구성의 차이)를 모두 판시하고 있는 것입니다. 열공하세요~", ,,25.02.17
특허법,조문,29조,[29조] 공지기술의 지위?댓글수1,"안녕하세요 변리사님. 관련 부분 공부하다가 의문이 있어 질문드립니다. 최명도 - 청구범위 A / 발명의 설명 A, B, C, D 보정된 명도 - 청구범위 A+B / 발명의 설명 A+B -> 등록결정 인 경우를 정해본다면 발명의 설명에서 C, D를 뺀 것이, 불필요한 내용이어서 일 수도 있고, 남들에게 알리고 싶지 않아서 일 수도 있을 것 같습니다. 1. 일반적인 경우 출원 후 1년 6개월 후 출원공개되는데, 최명도에 대하여 공개공보가 발행되어 공지기술의 지위가 발생합니다. - 이 경우 C, D를 처음에 기재했기 때문에 C, D는 강제로 공개되게 됩니다. 2. 그러나 등록을 빨리 받은 경우 등록공보가 먼저 발행되기 때문에 다시 공보를 발행할 필요가 없어 별도의 공개공보는 없는 걸로 이해했습니다. - 이 경우 등록공보만 발행되기 때문에 C, D는 공개되지 않습니다. - 이렇게 되면 등록공보만 발행했을때 C, D가 공개되지 않으므로 등록공보가 발행되었다고 하더라도 공개공보도 발행할 필요성이 있는 것이 아닌가? 하는 의문점이 남습니다.","제216조의 포대복사신청을 모르고 있네요. 등록되면 포대복사신청을 할 수 있고 최명도에 기재된 내용을 볼 수 있기 때문에, 사안에서 A, B, C, D 모두가 공지기술이 되는 것입니다. 열공하세요~", ,,25.03.01
특허법,조문,29조2항,[제29조 제2항] 수치한정발명 진보성?댓글수1,"그 특허발명에 진보성을 인정할 수 있는 다른 구성요소가 부가되어 있어서 그 특허발명에서의 수치한정이 보충적인 사항에 불과하거나, 수치한정을 제외한 양 발명의 구성이 동일하더라도 그 수치한정이 공지된 발명과는 상이한 과제를 달성하기 위한 기술수단으로서의 의의를 가지고 그 효과도 이질적인 경우라면, 수치한정의 임계적 의의가 없다고 하여 특허발명의 진보성이 부정되지 아니한다. 2008후4998 2008후4998 판결 문구 해석이 매끄럽지 않아 질문드립니다. 임계적의의=이질적인 효과 또는 동질의 우수한 효과 라고 제 이전 질문에서 답변 주셨는데 이에 따라 해석하면 판례 문구 중 “그 효과도 이질적인 경우라면 임계적 의의가 없다고 하여 진보성이 부정되지 않는다” 부분이 ‘임계적 의의가 인정되면 임계적 의의가 없더라도 진보성이 부정되지 않는다’ 라고 되어 문구 해석이 매끄럽지 못하게 되는것 같습니다. 이 부분은 제가 어떤 부분을 해석을 잘못한 것인가요?","효과가 이질적이라면 임계적 의의가 있으므로, 임계적 의의가 없다고 하여 진보성이 부정된다는 것은 잘못되었다는 의미입니다. 뭐가 이해가 안 되는 것일까요?", ,,25.03.02
특허법,조문,35조,[35조] 무권리자의 특허와 정당한 권리자의 보호?댓글수1,"안녕하세요 변리사님 조문정리책 p.14 보면 35조에 딸려서 시행규칙 제33조(정당한 권리자에 대한 통지) 가 붙어있습니다. 무권리자의 출원이 거절결정이나 무효심결 확정되는 경우 정당한 권리자한테 특허청장이나 심판원장이 서면으로 통지하라는 내용인데요, 조문강의중에 ""왜 통지하는가? 정당한 권리자한테 빨리 출원해 라고 알려주는 것. 기간 지켜서 출원해야지만 출원일 소급효 인정받을 수 있기 때문"" 이라고 알려주셨습니다. 그런데 최신법령 보니까 시행규칙 33조가 삭제되었네요 그러면 무권리자의 출원이나 특허가 없어진 후에 정당한 권리자가 30일 이내 출원하는게 너무 힘든 것이 아닌가요? 무권리자의 출원이나 특허가 있었는지 정당한 권리자가 다 알 수가 없다고 생각되어서 저게 없어져도 되는 조문인가 의문이 남는데 궁금증이 해결이 안되네요...",학원에 올려둔 추록내용 중 시행규칙 개정이유서 확인 해 보세요., ,,25.03.03
특허법,조문,29조,"[29조&36조] 확선, 선출원에서의 보정?댓글수1","안녕하세요 변리사님 조문정리책 p.14 보면 35조에 딸려서 시행규칙 제33조(정당한 권리자에 대한 통지) 가 붙어있습니다. 무권리자의 출원이 거절결정이나 무효심결 확정되는 경우 정당한 권리자한테 특허청장이나 심판원장이 서면으로 통지하라는 내용인데요, 조문강의중에 ""왜 통지하는가? 정당한 권리자한테 빨리 출원해 라고 알려주는 것. 기간 지켜서 출원해야지만 출원일 소급효 인정받을 수 있기 때문"" 이라고 알려주셨습니다. 그런데 최신법령 보니까 시행규칙 33조가 삭제되었네요 그러면 무권리자의 출원이나 특허가 없어진 후에 정당한 권리자가 30일 이내 출원하는게 너무 힘든 것이 아닌가요? 무권리자의 출원이나 특허가 있었는지 정당한 권리자가 다 알 수가 없다고 생각되어서 저게 없어져도 되는 조문인가 의문이 남는데 궁금증이 해결이 안되네요...",학원에 올려둔 추록내용 중 시행규칙 개정이유서 확인 해 보세요., ,,25.03.04
특허법,조문,29조,[29조]공지기술의 원 사용(발명단위/구성요소 단위)?댓글수1,"공지기술의 원을 사용하는 것이나 다기재 협범위의 원칙을 사용하는 등 동일성을 판단할 때 사용하는 방법들을 발명단위든 구성요소 단위든 상관없이 사용할 수 있나요? 예를들면 발명 A,B,C와 발명B의 동일성을 비교할 때 공지기술의 원 그려서 판단해도 되나요? 작년 강의노트 90페이지에서 ' 그 특허출원할 때의 출원인 동일'에서 확대된 선출원의 지위 판단에서 최명도랑 청구범위 비교할 때 A,B랑 B랑 동일성은 어떻게 판단하나요? 그리고 90페이지에서 X의 '발명의 설명/ 도면에만 기재된 발명'이 B라고 하셨는데 이게 B인지 어떻게 아나요? 감사합니다.",1. 다기재협범위의 원칙은 구성단위에서 설명하는 것입니다. 2. 질문 규칙에 맞게 질문해 주세요. 책을 찾아보지 않고 질문이 이해가 되어야 합니다., ,,25.04.02
특허법,조문,29조,[29조]발명의 설명/ 명세서와 도면?댓글수1,안녕하세요. 작년 강의노트 61페이지를 보시면 특허출원 밑의 두개의 사각형이 있는데요. 두개의 사각형 중 위이 것에는 청구범위를 적는게 이해가 됩니다. 밑의 사각형에 적는 것은 발명의 설명인가요/ 명세서와 도면인가요? 제 생각에는 명세서와 도면 같은데 밑의 사각형이 '공개'로써 역할을 한다고 하셔서 발명의 설명인가 싶기도 합니다. 아니면 그때그때 다른건가요? 감사합니다.,아래 사각형은 명세서/도면을 의미합니다., ,,25.04.02
특허법,조문,36조,[제36조] 출원공개 후 취하시 확대된 선출원의 지위와 공지기술의 지위 적용?댓글수2?사진첨부,"안녕하세요 변리사님 강의 잘듣고 있습니다. 공부하던 중 다음과 같은 궁금한 사항이 있어 질문드립니다 ㅇ 대상 법령 특허법 시행령 제2조(미생물의 기탁) ② 제1항에 따라 미생물을 기탁한 자는 특허출원서에 산업통상자원부령으로 정하는 방법에 따라 그 취지를 적고, 미생물의 기탁 사실을 증명하는 서류(국제기탁기관에 기탁한 경우에는 「특허절차상 미생물기탁의 국제적 승인에 관한 부다페스트조약 규칙」 제7규칙에 따른 수탁증 중 최신의 수탁증 사본을 말한다)를 첨부하여야 한다. 다만, 국내에 소재지가 있는 국내기탁기관 또는 국제기탁기관에 해당 미생물을 기탁한 경우에는 미생물의 기탁 사실을 증명하는 서류를 첨부하지 않을 수 있다. <신설 2014. 12. 30., 2022. 4. 19.> ㅇ 궁금증 1 : '국내에 소재지가 있는' 의 해석 증명서류 제출을 면제해주는 기탁기관에 대하여 궁금한데, 시행령 조항이 중의적으로 읽힙니다 - '국내에 소재지가 있는 국내기탁기관' 또는 '국내에 소재지가 있는 국제기탁기관' 에 증명서류 제출을 면제해주는 것인지 - '국내에 소재지가 있는 국내기탁기관' 또는 '국제기탁기관(소재지는 어디있든 상관 없음)' 에 증명서류 제출을 면제해주는 것인지 궁금합니다. 모든 국제기탁기관이 증명서류가 면제되는 것인지, 아니면 생물자원센터, 한국미생물보존센터, 한국세포주연구재단, 농업유전자원센터만 면제되고, 다른 국제기탁기관들은 증명서류가 요구되는 것인지 궁금합니다. ㅇ 궁금증 2 : 그럼 최종적으로 증명서류 면제를 안해주는 기탁기관은 어떤 것이 있을 수 있는지 궁금합니다. 일단 지금 생각해본 바로는, 조문을 단순히 뒤집었을때 -국내에 소재지가 없는 국내기탁기관 ( <- 이런 것은 현재는 존재하지 않는 걸로 추측됨) -국내에 소재지가 없는 국제기탁기관 -지정기탁기관 이정도라고 생각되는데 혹시나 더 있을까하여 궁금합니다.","1. 전자가 맞습니다. 2. 네, 그렇습니다.", ,,25.04.11
특허법,조문,29조,[29조1항] 발명의 성립성 - 미생물의 기탁 관련?댓글수1,"안녕하세요 변리사님 강의 잘듣고 있습니다. 공부하던 중 다음과 같은 궁금한 사항이 있어 질문드립니다 ㅇ 대상 법령 특허법 시행령 제2조(미생물의 기탁) ② 제1항에 따라 미생물을 기탁한 자는 특허출원서에 산업통상자원부령으로 정하는 방법에 따라 그 취지를 적고, 미생물의 기탁 사실을 증명하는 서류(국제기탁기관에 기탁한 경우에는 「특허절차상 미생물기탁의 국제적 승인에 관한 부다페스트조약 규칙」 제7규칙에 따른 수탁증 중 최신의 수탁증 사본을 말한다)를 첨부하여야 한다. 다만, 국내에 소재지가 있는 국내기탁기관 또는 국제기탁기관에 해당 미생물을 기탁한 경우에는 미생물의 기탁 사실을 증명하는 서류를 첨부하지 않을 수 있다. <신설 2014. 12. 30., 2022. 4. 19.> ㅇ 궁금증 1 : '국내에 소재지가 있는' 의 해석 증명서류 제출을 면제해주는 기탁기관에 대하여 궁금한데, 시행령 조항이 중의적으로 읽힙니다 - '국내에 소재지가 있는 국내기탁기관' 또는 '국내에 소재지가 있는 국제기탁기관' 에 증명서류 제출을 면제해주는 것인지 - '국내에 소재지가 있는 국내기탁기관' 또는 '국제기탁기관(소재지는 어디있든 상관 없음)' 에 증명서류 제출을 면제해주는 것인지 궁금합니다. 모든 국제기탁기관이 증명서류가 면제되는 것인지, 아니면 생물자원센터, 한국미생물보존센터, 한국세포주연구재단, 농업유전자원센터만 면제되고, 다른 국제기탁기관들은 증명서류가 요구되는 것인지 궁금합니다. ㅇ 궁금증 2 : 그럼 최종적으로 증명서류 면제를 안해주는 기탁기관은 어떤 것이 있을 수 있는지 궁금합니다. 일단 지금 생각해본 바로는, 조문을 단순히 뒤집었을때 -국내에 소재지가 없는 국내기탁기관 ( <- 이런 것은 현재는 존재하지 않는 걸로 추측됨) -국내에 소재지가 없는 국제기탁기관 -지정기탁기관 이정도라고 생각되는데 혹시나 더 있을까하여 궁금합니다.",, ,,25.04.19
특허법,조문,30조,[30조][52조] 분할출원의 공지예외주장?댓글수1,"2020후11479 판례에 관해서 질문있습니다. 30조2항을 회피하기위한 수단으로서 분할출원을 할 필요없어지게 된 이유가 30조3항의 신설 때문인것으로 배웠습니다. 판례에서는"" 분할출원이 보정과 별개의 제도로서 30조3항신설과 무관하다""라고 판시했는데요, 실제사안에서는 분할출원일이 원출원일로 소급할 경우 30조3항 개정 이전시점으로 소급되고, 30조3항은 소급적용 안하고있는 사실관계가 있기에 분할출원을 살리기위해 위와같은 논거를 든것일까요..? 리담책 447p에 ""판례는 30조3항신설로 30조 2항을 회피하기위한 방안으로서 분할출원을 이용할 필요가 없어졌다는점을 고려한 것이다""라고 쓰여있어서, 대법원이 30조3항의 신설이력을 고려하지만 하필 30조3항 개정이전시점으로 소급된 사안이기때문에 출원인을 보호해주려고 30조3항과 무관하다는 모순적인? 판례를 내게된것으로 봐야하나..라는 생각이들어서 질문드려봅니다.","책에 그렇게 쓰여있지 않습니다. ""30조3항신설로 30조 2항을 회피하기위한 방안으로서 분할출원을 이용할 필요가 없어졌다는점을 고려한 것""은 심사기준의 내용이고, 판례는 이것과 무관하다라고 판시하고 있습니다.", ,,25.04.19
특허법,조문,29조,[29조2항] 선택발명 결합발명의 진보성 판단 관련?댓글수1,안녕하세요 2021후10343 판결과 2021후10022 판결에서 진보성 등 무효사유에 대한 증명책임은 무효주장당사자에게 있지만 효과가 의심스러울때에는 특허권자에게도 구체적으로 주장 증명할 필요가 있다고 판시되어 있는데 특허권자에게 증명책임 전환이라는 말은 어색한것같은데 어떤말로 표현하면 좋을지 문의드립니다 감사합니다,"무효심판청구인에게 입증(증명) 책임이 있는 것이고, 특허권자는 의심스러운 효과를 주장입증하여 입증하고자 하는 취지를 부인하는 것입니다.", ,,25.04.21
특허법,조문,38조,[38조 5항] 2023년도 기출 p.72 8번의 4번 선택지?댓글수2,"변리사님 안녕하세요! 특허법 기본 강의 수강생입니다. 강의 정말 잘 듣고 있습니다. 늘 감사합니다. 다름이 아니라, 특받권에 대해 공부하던 중 기출문제 8번 4번 선택지에 대해 의문점이 생겨 질문 드립니다. 4. 특허청 직원인 丙으로부터 특허를 받을 수 있는 권리를 상속한 일반인 乙은 지체 없이 그 취지를 특허청장에게 신고하여야 한다. 라는 선지였는데, 우선 변리사님의 설명과 다른 질문글을 통해 1) 신고는 무조건 특허 출원 후이므로 해당 선지는 출원 후를 가정하여야 한다. 2) 38조 5항에 따르면 특받권의 출원 후 상속은 즉시 효력이 생기지만 지체 없이 신고하여야 한다. 까지 이해한 상태입니다. 여기서 제가 의문을 가진 점은 1) 33조 1항 단서에 따르면 丙은 특허청 직원이므로 특허를 받을 수 없는 자로 특받권만 가지고 있었던 것으로 생각되는데 2) 이 경우 특받권을 상속받은 일반인 乙이 상속 뒤 출원을 한 것인가? 3) 아니면 丙 본인이 특허를 받을 수 없지만 출원한 뒤 사망한 것인가? 라는 의문을 가졌는데, 2번의 경우 특허를 乙 본인이 출원했다면 특허 후라는 가정이 또 깨어져 버려서 도움을 받고자 합니다. 긴 글 읽어주셔서 감사합니다. 열심히 공부하겠습니다!","기본서의 출원인이 될 수 있는 자를 읽어보면 다음과 같이 기술되어 있습니다. ""ⅰ) 특허청 재직자가 출원 후 권리를 이전하는 경우, ⅱ) 재직 중 출원 후 퇴직하는 경우에 대해서는 특허법 제33조제1항단서 위반은 아니다. 다만 해당 분류의 담당심사관이 외부 선행기술조사기관에 심사대상 출원을 조사의뢰한 이후 심사절차를 진행하며 등록 대상 출원으로 판단되면 3인의 심사관이 협의심사를 통해 등록 여부를 최종 결정한다(특허청, 「특허ㆍ실용신안 심사기준」, 2023, 2110면)."" 꼼꼼히 읽어 보세요~", ,,25.04.24
특허법,조문,30조,[30조] 공지예외?댓글수1?사진첨부,"안녕하세요 변리사님 공지예외적용 주장 파트를 공부하던 중 의사에 반한 공지에 있어서 애매하게 느껴지는 부분이 있어서 질문드립니다. 질문 1. ""의사에 반한 공지인 경우에 30조 3항이 적용될 수 있다"" - 이 명제의 O,X가 궁금합니다 (X라면 여러가지가 꼬이는 느낌이어서, X가 맞는지 확실하게 확인하고 넘어가려고 질문드립니다) (강의중에는 X에 가깝게 얘기해주셨는데 - “30조 2항, 3항은 의사에 의한 공지만 해당한다. 의사에 반한 공지는 해당하지 않는다” 해당 명제만 놓고 보면 30조3항의 전제가 '2항에도 불구하고'니까 2항을 전제로 3항이 성립될 수 있는 것이어서 2항이 적용되지 않으면 3항도 적용될 수 없으므로 해당명제의 O,X를 갈라야한다면 X가 맞다고 생각되긴 합니다) 질문 2. ""의사에 반한 공지가 있다는 사실을 알게됐을때, 출원인은 특허결정등본 송달은 받았으나 아직 등록료는 납부하지 않은 상황에서, 공지예외적용주장을 할 수 있다"" 이 명제의 O, X가 궁금합니다. 심정적으로는 O인데요, 30조3항이 적용안되면 저 시기에 공지예외적용주장이 가능하다고 볼 법률적 근거가 있는지 의문이 있습니다. 질문 3. 만약 질문 2의 답이 O라면 ""질문2의 상황에 있어서, 출원인이 공지예외적용주장을 한다면, 출원인은 보완수수료를 내야 한다"" - 여기에 대한 O, X가 궁금합니다. 심정적으로는 보완수수료(징수규칙 2조에서 정한 1.8만원) 내는게 맞을거같은데 30조3항 이 적용되지 않는다면 보완수수료에 대한 법적 근거는 없지 않나요? ㅡㅡㅡㅡㅡㅡㅡㅡㅡㅡㅡㅡㅡㅡㅡㅡㅡㅡ 추가질문(질문 4). ""의사에 반한 공지가 있다는 사실을 알게됐을때, 출원인은 이미 등록료를 납부한 상태였고, 이 상황에서 출원인은 공지예외적용주장을 할 수 있다"" 이 명제의 O, X가 궁금합니다.","1. 제30조제2항, 제3항 모두 제30조제1항제1호만 적용됩니다. 2.4. 제30조제1항제2호는 등록 전은 물론 등록 후에도 자유롭게 할 수 있습니다. 3. 제30조제1항제2호는 보완수수료를 안 냅니다.", ,,25.04.25
특허법,조문,36조,"[36조] 특허의 무효와 포기, 그리고 선출원지위?댓글수1","안녕하세요 변리사님 강의노트.83 (제목 : 특허의 무효와 포기) 관련하여 궁금증이 있습니다. 판례 1 : 선고89후1103 - 동일인이 동일고안에 대해 같은 날에 경합출원하여 등록 후 하나가 무효로 됨 -> 특허권의 무효로 선출원지위도 없어짐 판례 2 : 선고 2005후3017 - (동일인이 동일고안에 대해 같은 날에) 경합출원하여 등록 후 하나를 포기함 -> 특허권의 포기시점부터 특허권이 소멸하므로, 특허권 포기전까지는 선출원 지위가 남음 질문 1. ""A가 동일 발명에 대해 같은날에 특허, 실용 출원했고 둘 다 등록받았다면 둘 중 하나를 절대 스스로 포기하면 안되고(그럼 둘 다 죽음), 남이 무효심판 걸어줄때까지 기다려야 한다(그럼 하나는 살음)"" 라고 하면 타당한 얘기인가요?? (개별 판례 논리를 조합하면 그렇게 받아들여지는데, 특허법 전체 관점에서 보면 스스로 잘못을 시정하고자 하는 행위를 할 경우 오히려 아무런 권리를 누리지 못하게 된다는게 이상하게 느껴집니다) 질문 2. ""A와 B가 동일 발명에 대해 같은날에 특허출원했고, 둘 다 등록받았음 이 때 A가 B의 특허에 대해 선출원주의 위반으로 무효심판을 청구했고 승소함 그러면 B의 특허는 무효가 되고 선출원지위가 남지 않으므로 A의 특허는 무효로 볼 것이 아님"" 이라고 하면 타당한 얘기인가요?? (개별 판례논리를 조합하면 그렇게 받아들여집니다. 다만 서로 죽일 수 있는데, 무조건 먼저 칼꽂는 사람이 이기는, 선착순으로 생존 여부가 갈리는 문제가 된다고 느껴지는데, 법률상 합리적인 판단으로 생존여부를 갈라야지 선착순으로 가르는게 좀 이상하게 느껴집니다)",1. 전제조건을 잘못생각하고 있는 것 같네요. 스스로 잘못을 시정하고자 했다면 동일한 발명을 둘 다 같은 날에 출원하지는 않을 것입니다. 둘 다 권리를 가지기 위해서 출원한 것입니다. 2. 이는 특허의 무효에 대해 선출원의 지위를 인정하지 않는다는 판례의 문제이기도 합니다. 다만 실무적으로 병합심리를 하여 해결하지 않을까 합니다., ,,25.05.02
특허법,조문,30조,[30조] 공지예외적용 주장 중 의사에 반한 공지?댓글수1,"안녕하세요 변리사님 공지예외적용 주장 파트를 공부하던 중 의사에 반한 공지에 있어서 애매하게 느껴지는 부분이 있어서 질문드립니다. 질문 1. ""의사에 반한 공지인 경우에 30조 3항이 적용될 수 있다"" - 이 명제의 O,X가 궁금합니다 (X라면 여러가지가 꼬이는 느낌이어서, X가 맞는지 확실하게 확인하고 넘어가려고 질문드립니다) (강의중에는 X에 가깝게 얘기해주셨는데 - “30조 2항, 3항은 의사에 의한 공지만 해당한다. 의사에 반한 공지는 해당하지 않는다” 해당 명제만 놓고 보면 30조3항의 전제가 '2항에도 불구하고'니까 2항을 전제로 3항이 성립될 수 있는 것이어서 2항이 적용되지 않으면 3항도 적용될 수 없으므로 해당명제의 O,X를 갈라야한다면 X가 맞다고 생각되긴 합니다) 질문 2. ""의사에 반한 공지가 있다는 사실을 알게됐을때, 출원인은 특허결정등본 송달은 받았으나 아직 등록료는 납부하지 않은 상황에서, 공지예외적용주장을 할 수 있다"" 이 명제의 O, X가 궁금합니다. 심정적으로는 O인데요, 30조3항이 적용안되면 저 시기에 공지예외적용주장이 가능하다고 볼 법률적 근거가 있는지 의문이 있습니다. 질문 3. 만약 질문 2의 답이 O라면 ""질문2의 상황에 있어서, 출원인이 공지예외적용주장을 한다면, 출원인은 보완수수료를 내야 한다"" - 여기에 대한 O, X가 궁금합니다. 심정적으로는 보완수수료(징수규칙 2조에서 정한 1.8만원) 내는게 맞을거같은데 30조3항 이 적용되지 않는다면 보완수수료에 대한 법적 근거는 없지 않나요? ㅡㅡㅡㅡㅡㅡㅡㅡㅡㅡㅡㅡㅡㅡㅡㅡㅡㅡ 추가질문(질문 4). ""의사에 반한 공지가 있다는 사실을 알게됐을때, 출원인은 이미 등록료를 납부한 상태였고, 이 상황에서 출원인은 공지예외적용주장을 할 수 있다"" 이 명제의 O, X가 궁금합니다."," 1. 제30조제2항, 제3항 모두 제30조제1항제1호만 적용됩니다. 2.4. 제30조제1항제2호는 등록 전은 물론 등록 후에도 자유롭게 할 수 있습니다. 3. 제30조제1항제2호는 보완수수료를 안 냅니다.", ,,25.05.07
특허법,조문,54조,[54조 7항과 52조 5항] 우선권 주장의 취하 특례와 일반에 관하여?댓글수2,"안녕하세요 변리사님! 올해 기본강의 수강중인 학생입니다. 늘 감사히 듣고 있습니다. 다름이 아니라, 지금 우선권 파트 강의를 듣고 있는데, 복습하던 중 우선권 주장 취하에 관하여 의문점이 생겨 질문 드립니다. (1) 우선권주장을 한 자는 최우선으로부터 1년 4개월 이내에 해당 우선권주장을 보정, 추가할 수 있고, 1년 4개월이 지난 후에는 보정,추가는 불가능하지만 명백한 오기 보정 또는 우선권주장 취하는 허용된다. (2) 우선권주장을 수반한 분할출원, 분리출원의 경우, 이미 증명서류를 낸 출원을 기초로 하여 분할 또는 분리 출원을 할 때는 출원인의 편의를 위해 취지기재 및 증명서류를 낸 것으로 간주된다. (2-1) 그러나 이러한 자동간주가 출원인의 의사에 반할 수 있으므로 출원인은 분할 및 분리출원일로 부터 30일 이내에 우선권주장의 전부 또는 일부를 취하할 수 있다. 위의 글이 제가 이해한 내용인데, 이 경우 (1)의 ""1년 4개월이 지난 뒤에도 우선권주장 취하는 허용된다""와 (2-1)의 ""30일의 특례""가 자꾸 모순되게 느껴져서 질문 드립니다. 분할/분리출원의 경우 자동간주 후 30일 이내에 취하가 가능하고 그 기간 동안 취하하지 않으면 더이상 취하할 수 없는걸까요? 오히려 기간의 단축이 생기는 느낌이라 의문이 듭니다. 긴 글 읽어주셔서 감사합니다! 변리사님 강의 꼼꼼히 듣고 공부 열심히 하겠습니다","조약우선권주장 파트를 꼼꼼히 읽어보면 다음과 같은 기재가 있습니다. ""다만 조약우선권주장의 취하는 실무상 제54조제7항의 기간인 최우선일로부터 1년 4월이 지나더라도 허용되고 있는데, 분할출원, 변경출원일로부터 30일 이내에만 취하할 수 있도록 하는 것은 출원인에게 오히려 불이익하다는 것을 고려할 때 제52조제5항와 제52조의2제2항에서 이 부분과 관련된 내용을 삭제하는 것이 적절하다고 여겨진다."" 열공하세요~", ,,25.05.11
특허법,조문,47조,"[47조]보정(최초, 최후거절이유통지)?댓글수2","변리사님 안녕하세요? 보정 관련해서 궁금한 점이 생겨 문의 드립니다. Case) 최초명세서에 A와 B의 보정 사유가 존재하였으나, 심사관이 A사유에 대해서만 최초 거절이유를 통보하고, 이를 보정진행 하였으나 A 사유가 해소되지 않은 상황에서 심사관이 B 사유를 발견 Q1) 이 경우 심사관은 출원인의 이익을 위해 최초거절이유로 통지하는 것이 맞을까요?(기속? 재량?) Q2) 만약 심사관이 출원인의 이익을 위해 최초 거절이유를 통지한 경우에 이에 따른 보정에도 A 사유가 해소되지 않은 경우 절차가 궁금 합니다. 감사합니다","1. 보정사유와 거절이유가 무관합니다. 2. 원거절이유가 해소됨을 전제로 새로운 거절이유가 발견되었는지 보기 때문에, A 거절이유가 해소되지 않으면 바로 거절결정합니다. 보정 파트를 조금 더 공부해 보세요~", ,,25.05.12
특허법,조문,42조,42조4항1호 취지 질문?댓글수1,"변리사님 안녕하세요 42조4항1호 취지관련 질문이 있습니다 2014후2061에 따르면 42조4항1호 취지가 명세서, 발명의 설명에 기재되지 아니한 사항이 청구항에 기재되어 공개하지 아니한 발명에 대해 특허권 부여되는 부당한 결과 막으려는데 취지가 있다고 하였는데, 출원공개범위는 발명의 설명 뿐만이 아니라 청구범위도 같이 공개하는 거라 발명의 설명에 기재되지 않은 청구범위라도 똑같이 공개될텐데 그러면 위 취지의 뜻은 발명의 설명과 다른 청구범위 인정하면 특허 받을수 있는 권리가 지나치게 확장되어서 42조4항1호로 제한을 둔것이라고 이해하면 될까요? 감사합니다","발명의 설명에 기재된 A와 청구범위에 기재된 A가 사실 같지 않다는 것을 모르고 있습니다. 발명의 설명에 기재된 A는 발명의 명칭, 기술분야, 배경기술, 발명의 내용(해결과제, 수단, 효과), 실시예를 모두 기재한 것이어서, 제42조제3항제1호를 만족하는 것을 의미하고, 청구범위에 기재된 A는 해결수단을 기재한 것을 의미합니다. 청구범위에만 A를 기재한 경우에는 공개의 역할을 제대로 수행할 수 없습니다. 열공하세요~", ,,25.05.16
특허법,조문,47조,[47조4항] 보정의 절차?댓글수1,"안녕하세요 변리사님 47조4항을 보던 중 의문이 생긴 것이, 고민해봐도 해소가 안되어 질문드립니다. 여러차례 보정이 있는 경우 47조1항 1,2호의 시기라면 마지막 보정만 유효하고 앞의 것들은 취하간주된다는 결론은 이해했습니다. (47조1항 3호 시기의 재심사 보정은 어차피 한번밖에 안되니 이러나저러나 상관은 없어보입니다) 그런데 47조1항 본문 시기는 마지막 보정만 유효하게 안하는 이유 (47조4항에서 굳이 47조1항 1호, 2호만 규정하고 1항 본문은 규정안한 이유) 가 납득이 잘 안됩니다. 굳이 법을 복잡하게 하려고 1항본문을 빼지는 않았을것이고, 거절이유통지받기 전에는 개개의 보정을 다 살려야 하는 특별한 이유가 있을 것만 같은데 왜 달리 규정한 것인지 이유에 대한 의문이 해소가 안되네요 ㅠ","출원인의 의사에 합치되기 해석해야 한다는 것이 입법취지입니다. 제1항본문의 시기는 아직 실체심사를 받기 전으로서, 여러 보정이 있는 경우 이를 모두 반영한 것을 인정해 달라고 하는 것으로 출원인의 의사를 해석하겠다는 것입니다. 다만, 이는 정책적인 결정이고 굳이 의미를 둘 필요는 없습니다. 열공하세요~~", ,,25.05.18
특허법,조문,52조의2,[52조의2] 분리출원의 주체적 요건?댓글수2,"안녕하세요 변리사님 분리출원의 주체적 요건 관련하여 궁금한 사항이 있어 질문드립니다. ㅁ 교재 문구 리담특허법 p.453 로마자2. 분리출원의 요건 1. 주체적 요건 '원출원의 원출원인(특허거절결정을 받은 자)가 분리출원을 할 수 있다' 부분에서 '거절결정을 받은 자' 관련한 의문점입니다. ㅁ 문구의 출처 법조문에도 동일하게 제52조의2(분리출원) ① 특허거절결정을 받은 자는 ~~ 라고 규정되어 있어 해당 문구는 법규정 문구에 근거한 것으로 파악했습니다. ㅁ 상황 가정 1 ㅇ 출원인 갑이 심사과정에서 거절결정 받음 ㅇ 을이 출원을 승계함 ㅇ 이후 을이 거불심 청구 ㅇ 이후 을이 거불심 등본 송달받음 ㅇ 을이 분리출원을 할 수 있는지 여부? O / X ㅁ 상황 가정 2 ㅇ 출원인 갑이 심사과정에서 거절결정 받음 ㅇ 이후 갑이 거불심 청구 ㅇ 거불심 중에 을이 출원을 승계함 ㅇ 이후 을이 거불심 등본 송달받음 ㅇ 을이 분리출원을 할 수 있는지 여부? O / X ㅁ 상황가정 3 ㅇ 출원인 갑이 심사과정에서 거절결정 받음 ㅇ 이후 갑이 거불심 청구 ㅇ 갑이 거불심 등본 송달받음 ㅇ 일주일 뒤 을이 출원을 승계함 ex) 특허가능한 청구항이 있으니 분리출원하라고 을에게 양도하였거나, 갑이 사망해서 을한테 상속되었거나 등등 ㅇ 을이 분리출원을 할 수 있는지 여부? O / X ㅁ 의문점 ㅇ 위의 세 상황에서 O / X 여부가 궁금합니다. ㅇ 당위성으로는 너무나 O인데 ㅇ 법조문 문리적 해석상은 X라고 보여져서 의문이 있습니다. - 법조문상 '거절결정받은 자'라고 명시돼있는데, - 거절결정받은 자는 갑이므로 - 을은 거절결정받은 적이 없으므로 - 문리적 해석에 따르면 을은 분리출원의 주체적 요건을 충족하지 못한다고 보여집니다",모두 가능합니다. 승계인에게 효력이 미친다는 제18조를 공부해 보세요., ,,25.05.24
특허법,조문,51조,51조 보정각하?댓글수3,"안녕하세요 변리사님 보정각하 관련 질문드립니다. 보정각하사유가 재심사단계 등에서 발견된경우 보정각하 하지 않고 보정을 인정 후 심사하는데요, 그 상태에서 어떤 거절이유도 발견되지 않으면 바로 특허결정이 날 수도 있나요? 예를 들어 최후거절이유통지에 대한 보정이 47조3항 위반이라 부적법했는데 간과되고 나서 재심사 과정에서 발견되었는데 재심사청구시에 한 보정으로 원거절이유는 해소가 되었다면 47조3항 위반은 거절이유가 아니고 다른 거절이유는 발견할 수 없을 때 거절이유통지가 되지 않고 바로 특허결정될 수 있는지 궁금합니다. 늘 감사드립니다.",최후통지하였으나 보정이 부적법하므로 보정각하됩니다.,재심사단계에서 특허거절결정취소 이전의 보정에 대한 47조3항 위반이 발견되었으면 보정각하 하지 않는 것 아닌가요? 제 질문에서 부적법한 보정과 재심사청구시의 보정은 별개의 보정입니다!,"제51조제1항제3호에 해당하게 경우에는 최후거절이유통지를 합니다. 최후거절이유통지를 하였으나 보정에 대해 제47조제3항 위반이 존재하게 된다면, 보정각하되는 것이 맞습니다. 제47조제1항제2호의 시기에는 보정의 적법성을 먼저 판단한 후 거절이유의 해소여부를 판단하기 떄문입니다. 열공하세요~",25.05.24
특허법,조문,47조,"47조, 51조, 63조?댓글수1","안녕하세요 변리사님 특허법 질문드립니다. 1. 도해정리강의에서 설명해주시기를 부적법한 보정이 착오로 간과된 후 직권재심사 과정에서 발견되면 최초거절이유를 통지한다는 해석의 근거규정을 63조1항과 47조1항으로 들어 주셨는데요. 직권재심사 이전에 이미 통지한 거절이유로 인한 새로운 거절이유에 대해 거절이유를 통지하는 건 63조1항2호를 근거로, 그 거절이유통지가 최초거절이유통지인건 47조1항2호를 근거로 설명해주셨습니다. 그런데 63조1항2호는 이미 통지한 거절이유에 대한 조문이지 그 거절이유에 대한 보정으로 발생한 새로운 거절이유까지 커버하는 조문은 아니지 않나요? 63조1항2호가 근거조문이 되어버리면 직권보정, 재심사, 거절결정불복심판 등에서는 (최후)거절이유통지를 하는 근거조문이 없는 것과 마찬가지 아닐까요? 2. 부적법한 보정이 재심사 등의 단계에서 발견될 경우 그 부적법한 보정은 보정각하 하지 않고 무효로 보는 게 맞나요? 3. 직권재심사 사유가 부적법한 보정으로 인한 새로운 거절이유 그 자체(신규성 등) 일때, 직권재심사 과정에서 보정의 부적법이 발견되면 보정각하는 하지 않은 다음 보정전 명세서로 심사하고 직권재심사 사유는 없어지는 건가요? 늘 감사드립니다.","1. 그 보정으로 인해 새로운 거절이유가 발생한 경우는 제47조제1항제2호괄호가 아니라 제2호본문이 적용되는 것입니다. 2. 무효가 아니라 다시 최후거절이유를 통지합니다. 제51조제1항제2호, 제3호를 공부해 보세요. 3. 보정각하를 하지 않는다는 것은 보정을 인정하고 심사를 한다는 것입니다. 열공하세요~", ,,25.05.24
특허법,조문,29조,[29조] 1항 혈액투석방법의 산업상 이용가능성에서?댓글수1,"변리사님 안녕하세요? 판례강의 장표 55에서…. [29조] 1항 혈액투석방법의 산업상 이용가능성에서 “혈액투석 방법”은 불인정, 인체를 직접적 구성요소로함 “혈액투석 장치”는 인정, 인체를 직접적 구성요소로 아니함. 으로 되어 있는데 어짜피 둘다 인간의 혈액을 대상으로 하는 것은 동일하지 않나요? 무엇이 다른지 이해가 가지 않네요. 도움 부탁드립니다. //이상","장치의 구성요소에서 혈액이 포함되지 않습니다. 다만, 그 장치를 혈액 투석에 사용할 뿐입니다.", ,,25.05.28
특허법,조문,54조,[54조] 조약우주에서 발명 단위로 소급효 근거?댓글수1,"안녕하세요 변리사님 우선권주장제도에서 발명단위 소급효 관련 궁금증이 있습니다. ㅁ 55조 국내우주의 경우 55조 ③ 제1항에 따른 우선권 주장을 수반하는 특허출원된 발명 중 해당 우선권 주장의 기초가 된 선출원의 출원서에 최초로 첨부된 명세서 또는 도면에 기재된 발명과 같은 발명에 관하여 제29조제1항ㆍ제2항, 같은 조 제3항 본문, 같은 조 제4항 본문, 제30조제1항, 제36조제1항부터 제3항까지, 제96조제1항제3호, 제98조, 제103조, 제105조제1항ㆍ제2항, 제129조 및 제136조제5항(제132조의3제3항 또는 제133조의2제4항에 따라 준용되는 경우를 포함한다), 「실용신안법」 제7조제3항ㆍ제4항 및 제25조, 「디자인보호법」 제95조 및 제103조제3항을 적용할 때에는 그 특허출원은 그 선출원을 한 때에 특허출원한 것으로 본다. <개정 2016. 2. 29.> 밑줄 부분을 조합하면, 1. 겹치는 발명에 대해서만 2. 소급효가 인정됨 이 법조항에서 파악이 됩니다. ㅁ 54조 조약우주의 경우 54조 ① 조약에 따라 다음 각 호의 어느 하나에 해당하는 경우에는 제29조 및 제36조를 적용할 때에 그 당사국에 출원한 날을 대한민국에 특허출원한 날로 본다. 밑줄 부분을 조합하면, 소급효가 인정되는 것은 법조항에서 파악이 되는데, 겹치는 발명에 대해서만 적용된다고 볼 근거는 무엇인지 궁금합니다. 취지 생각하면 출원단위가 아니라 발명단위로 적용해야 되는 것은 이해를 했는데요 근거 못찾은채 그러는게 타당하니까 그렇게 할 것이다 라고 넘어가기에는 개운하지 않아서요 어떻게든 결론에 끼워맞춰보려고 생각한건 1. ~을 적용할때에 ~로 본다 라는 표현이 판단시점 소급효를 의미하고 2. 판단시점 소급효는 원래 발명단위로 판단하는 것이다 이정도인데요, 2번에서 '원래'라는게 찜찜한 생각이 남아서 어딘가에는 근거가 있을거같아서 궁금증이 있습니다.",?파리조약 4B를 공부해 보세요., ,,25.06.04
특허법,조문,55조,[55조 6항] 확대된 선출원의 지위: PCT vs. 국내 해석?댓글수2,"안녕하세요. 5편 PCT 파트 중, 제3장 국제특허출원에 관한 특례에서, 로마자3번 우선권주장의 특례, PCT 8조의 해석 그림을 읽어보다 궁금한 점이 생겨 글 납깁니다. 202조 특허출원 등에 의한 우선권 주장의 특례 중, 3항 선출원이 국제특허출원인 경우, 확대된 선출원의 지위에 대한 조문 중 55조 6항의 해석이 궁금합니다. [55조 6항: 선출원인 국제특허출원이 제201조 4항(국내서면제출기간 내 발명의 설명, 청구범위 번역문 부제출)에 따라 취하된 것으로 보는 경우에도 확대된 선출원의 지위 적용 시 다른 출원의 지위가 인정] Q1. 선출원은 취하 간주되었으므로 지정국이 국내 특허출원인 경우에도 확선의 지위가 없지만(선출원 출원일 후~국내공개 전까지 출원된 다른 출원을 막을 수 없지만), 후출원은 우선권의 독립성에 의해 선출원의 취하 여부에 무관하게 확선의 지위가 인정(후출원 출원일 후(판단시점 소급효 있는 것은 선출원 출원일 후)~국내공개 전까지 출원된 다른 출원을 막을 수 있다)된다는 것인가요? Q2. 이 때 후출원은 우선권의 독립성에 의해 선출원 취하 여부와 무관하게 우선권주장을 인정 받아, 선출원의 최명도 중 후출원에 최명도에 기재된 발명에 한해 판단시점 소급효를 인정받을 수 있으므로 선출원이 인정받은 국제출원일로 소급하여, 선출원 출원일 이후~후출원 국내공개 전까지 확대된 선출원 지위가 인정되는 것인가요? 질 좋은 강의 제공해주셔서 감사합니다. 항상 친절하게 답변해주셔서 공부에 많은 도움이 됐습니다^^","네 그렇습니다. 다만, Q2 중 [선출원의 최명도 중 후출원에 최명도에 기재된 발명에 한해 판단시점 소급효를 인정받을 수 있으므로]는 반대로 [후출원의 최명도 중 선출원에 최명도에 기재된 발명에 한해 판단시점 소급효를 인정받을 수 있으므로] 입니다. 열공하세요~", ,,25.06.05
특허법,조문,29조,"[29조 3,4항 및 36조]확선과 선출원의 비교?댓글수1",안녕하십니까 확대된 선출원과 선출원 사이의 실효에 대해 궁금해서 질문드립니다. 선출원이 공지기술/확선보다 우선하는 경우를 잘 모르겠습니다. 선출원일 이후 출원공개 전에 후출원이 되었다면 최명도가 청구범위보다 더 넓은 범위이니 확선으로 처리하고 출원공개 이후 후출원이 생겼다면 29조가 36조보다 우선하니 신규성/진보성 위반으로 처리하면 되는 것 아닌가요? 시기적으로 생각했을때 다른 거절이유 없이 선출원주의만 적용되는 시기가 따로 없는 것 같고 객체적으로 생각했을때 청구범위는 최명도보다 좁은 범위이니 우선해서 적용될 일이 없을 것 같아 질문 드립니다. 동일자 협의 외에 36조가 실무적으로 언제 어떻게 거절이유통지로 사용되는지 잘 모르겠습니다.,"동일자 출원의 경우 또는 발명자, 출원인이 동일하여 확선을 적용할 수 없는 경우 등이 있습니다.", ,,25.06.06
특허법,조문,47조,[47조 1항 1호] 괄호의 의미?댓글수2,"제47조(특허출원의 보정) ① 특허출원인은 제66조에 따른 특허결정의 등본을 송달하기 전까지 특허출원서에 첨부한 명세서 또는 도면을 보정할 수 있다. 다만, 제63조제1항에 따른 거절이유통지(이하 “거절이유통지”라 한다)를 받은 후에는 다음 각 호의 구분에 따른 기간(제3호의 경우에는 그 때)에만 보정할 수 있다. <개정 2016. 2. 29.> 1. 거절이유통지(거절이유통지에 대한 보정에 따라 발생한 거절이유에 대한 거절이유통지는 제외한다)를 최초로 받거나 제2호의 거절이유통지가 아닌 거절이유통지를 받은 경우: 해당 거절이유통지에 따른 의견서 제출기간 2. 거절이유통지(제66조의3제2항에 따른 통지를 한 경우에는 그 통지 전의 거절이유통지는 제외한다)에 대한 보정에 따라 발생한 거절이유에 대하여 거절이유통지를 받은 경우: 해당 거절이유통지에 따른 의견서 제출기간 여기에서 표시한 두 부분의 의미가 어떻게 다른지 잘 모르겠습니다. 거절이유통지(최후거절이유통지는 제외한다)를 최초로 받거나 최후거절이유 통지가 아닌 경우로 읽힙니다. 굳이 괄호 안의 내용이 필요한건가 궁금합니다",1. <거절이유통지에 대한 보정에 따라 발생한 거절이유에 대한 거절이유통지는 제외한다>는 것은 제2호의 거절이유통지를 하는 것이기 때문에 제1호에서 제외한다는 것입니다., ,,25.06.27
특허법,조문,35조,[35조] 특허출원 소급일?댓글수1,"안녕하십니까 무권리자 출원 소급에 대해 궁금한 점이 있어 질문드립니다. 무권리자 출원에 대해 심결이 확정된 경우, 30일 이내에 특허출원시 출원이 소급되는 것으로 알고있습니다. 이 경우 심결이 확정되는 날은 0시부터 시작하여 초일이 산입되는 경우에 해당하나요? 이유를 잘 모르겠습니다.","2. <제2호의 거절이유통지가 아닌 거절이유통지를 받은 경우>는 심사관이 (1) 원시적으로 발생한 거절이유를 나중에 발견하여 거절이유통지를 받은 경우, (2) 직권재심사단계에서 거절이유통지를 받은 경우, (3) 거절결정불복심판에서 취소환송되었는데 거절이유통지를 받은 경우를 말합니다.", ,,25.07.04
특허법,조문,30조,[30조] 공지예외적용?댓글수1,"안녕하십니까 기출문제를 풀던 도중 의구심이 들어 질문드리게 되었습니다. 특허를 받을 수 있는 권리를 가진 자가 특허출원 전에 해당 발명을 공지한 경우, 그에 대해 공지예외적용을 받기 위해서 특허출원서에는 해당 공지사실을 특정하여 기재할 필요 없이 '공지예외의 적용을 받고자 한다'라는 취지만을 표시 하는 것으로 충분하다. 라는 선지가 옳다고 나와있었습니다. 저는 공지예외적용을 받기 위해선 증명서류가 필요하기 때문에 취지만 표시해선 부족하다고 생각해 틀렸다고 판단했습니다. 위 선지가 옳은 이유가 혹시 출원 후 30일 내에 증명서류를 나중에 제출 할 수 있기 때문인가요?",, ,,25.07.04
특허법,조문,30조,"[30조] 공지기술, 선출원, 확선?댓글수1","리담특허법 기출문제 101p 08번문제 4번 보기 질문입니다 08. 갑은 자신이 개발한 발명 A의 제품을 2019. 9.1 판매하였고 그 판매 제품에 대해 고객의 의견을 받아서 발명 A에 구성 B 를 추가한 발명의 신제품 (A+B) 을 2020.5.1 판매하였으며 그후 갑은 특허법 제 30조(공지 등이 되지 아니한 발명으로 보는 경우) 의 규정에 의하여 2020.8.1 특허출원 (제1항:A 제2항:B) 을 하였다. 다른 거절이유가 없는 경우 갑의 특허출원과 그 특허심사에 관한 설명으로 옳지 않은 것은? 4) 병이 갑의 판매제품을 인지하지 못한 상태에서 개발한 발명 B를 2020.7.1 특허출원한 경우, 갑은 제 1항에 대해서 특허를 받을 수 있지만, 제 2항에 대해서는 특허를 받을 수 없다. 4번 문제 해설(58p) 에서 '제2항 발명 B는 2020. 7. 1. 丙의 발명으로 의해 확대된 선출원의 지위 위반으로 특허를 받을 수 없다. 다만, 이는 丙 출원이 2020. 8. 1. 甲 출원 후에 공개됨을 전제로 한다.' 라고 해설이 나와있습니다. 읽어보면, 甲 출원이 '선출원 위반으로 특허를 받을 수 없다' 는 아니고, '만약 丙 의 출원이 공개된다면 확선 위반'으로만 특허를 받을 수 없다는 것인데. '선출원 위반으로 특허를 받을 수 없다'고 해설이 안 써져 있는 건 丙 출원이 앞에 '甲 의 A, A+B의 공지로 인한 신규성 위반'으로 거절결정 확정 등이 되어 선출원 지위가 소급 소멸할 것이기 때문인가요?",열공하세요~, ,,25.07.09
특허법,조문,42조,[42조] 발명자의 추가 또는 정정?댓글수2,"안녕하세요 변리사님 발명자의 추가 또는 정정 보다가 궁금한 내용이 있어 질문드립니다. 특허법 시행규칙 제28조에서 ② 특허출원인은 제1항에 따라 발명자를 추가 또는 정정하려는 경우에는 별지 제9호서식의 보정서에 다음 각 호의 서류를 첨부하여 특허청장에게 제출해야 한다. 다만, 특허출원서에 적은 발명자의 기재가 일부 누락되거나 발명자를 잘못 적은 것임이 명백한 경우에는 제2호에 따른 서류를 첨부하지 않을 수 있다. ④ 제3항에도 불구하고 특허권자는 다음 각 호의 어느 하나에 해당하는 경우에는 같은 항 제2호에 따른 서류를 첨부하지 않을 수 있다. 1. 특허출원서에 적은 발명자의 기재가 일부 누락된 경우 2. 발명자를 잘못 적은 것임이 명백한 경우 3. 특허권자가 법 제99조의2제2항에 따라 특허권 이전등록ⅰ) 을 받은 자인 경우 [전문개정 2024. 10. 31.] 특허출원서에 적은 발명자의 기재가 일부 누락 된 것이 중의적으로 읽혀서, 올바른 의미가 궁금합니다. 실제 발명자는 A, B, C인 상황 해석 1. 특허출원서에 발명자 A, B, C를 적었는데, 이후 과정에서 어딘가에 발명자를 A, B로 일부 누락함 -> ""특허출원서에 적은 발명자""가 이후 어딘가 다른 서류(?)에서 누락된 것이므로 이를 보완하는데에는 서명날인서류를 생략하게 해줌 (출원서에서 적었는데, 다른 서류에서 누락한 것이라면, 단순실수로 누락한 것이 명백하므로 2호와도 균형이 맞음) 해석 2. 특허출원서에 발명자 A, B로 일부 누락함 ""특허출원서""에 적은 발명자 기재가 일부 누락되어 있는 것이므로 이를 A, B, C로 보완하는데에는 서명날인서류를 생략하게 해줌 (근데 이런 경우라면, 너무 대놓고 잘못적은거고, 단순실수인지 아닌지도 확인할 수 없는데 이런 경우까지 서류제출을 생략해줄 이유가 있는지 의문 2호와도 균형이 안맞음 ) 위 두 해석중 어느 해석이 맞는 것인가요?",?해석 1이 맞습니다~, ,,25.07.20
특허법,조문,33조,"[33조] 출원인, 발명자 허위기재?댓글수2","안녕하세요 변리사님 궁금한 점이 있어 질문드립니다. ㅁ 참고 강의 : 조문정리강의 - 6강 (2회 3강 : 제42조 특허출원) - 약 50분 경 교재의 위치 : 강의노트 p.109 : 특허출원서상 발명자 허위 기재의 취급 ㅁ 질문내용 -발명자 허위기재는 방식위반(경미한 하자) -출원인 허위기재는 33조1항 본문 위반(거절이유) 인데 강의에서 '발명자, 출원인 모두 허위 기재한 경우' 관련해서 보정명령과 거절이유 중 거절이유를 통지하는게 맞다는 취지로 얘기해주셨습니다. 그런데 이것이 택일이어야 하는 것인지 의문이 있습니다. 통상적으로 심사 절차가 1. 방식심사하여 수리 2. 심사관이 살펴보고 보정명령 ex) 공지예외주장 보정요구서 발송 3. 심사관이 거절이유 통지 형태로 흘러가는 것으로 아는데요, 그렇다면 1. 방식심사하여 수리 2. 발명자 제대로 고치도록 보정명령 3. 출원인 제대로 고치도록 거절이유통지 이렇게 하면 안되는 것인가요? 즉, 두 선택지 중 고르는 것이 아니라 보정명령 > 거절이유통지 순서로 하면 둘 다 처리할 수 있는 것이 아닌지 의문이 있습니다.","잘못 알고 있네요. 방식심사는 특허청장이 하는 것이고, 특허에 관한 제반 절차에서 지속적으로 행하는 것이지 출원할 때만 하는 것이 아닙니다. 특히, 발명자 허위 기재같은 경우는 처음 출원할 때는 모르는 경우가 대부분이고, 나중에 심사하는 과정에서 발견될 때 특허청장 명의로 보정명령하는 것입니다. 다만, 발명자뿐만 아니라 출원인도 허위 기재라면 굳이 보정명령을 하지 않고, 거절이유를 통지하는 것이 적절하다는 것입니다. 이는 보정명령을 하여 절차무효처분을 하는 것보다 거절결정하는 것이 정당한 권리자에게 이익이 되기 때문입니다.", ,,25.07.20
특허법,조문,47조,[47조] 하나의 청구항에 기재된 2이상의 발명의 경우?댓글수1,"안녕하세요 강의 중 기출 풀이를 듣다 제가 이해한 것이 맞는지 확인하고자 질문드립니다 47조 12년도 기출문제 중 2번 지문 하나의 청구항에 기재된 2이상의 발명 중 일부에 대해서 의견제출통지서를 받아 이를 해소시키기 위한 보정을 했고 심사관이 그 청구항의 나머지 발명에 대해서 다시 거절이유를 통지한 경우 이는 최초거절이유통지에 해당한다 제가 이해한 바로는 청구항이 같더라도 출원 전에는 발명 단위로 판단하기 때문에 다른 사실, 다른 거절이유에 해당한다. 원거절이유가 아닌 다른 거절이유이고 발생시기를 따졌을 때 원시적 발생이기 때문에 최초거절이유통지에 해당한다 인데 이렇게 이해하는 것이 맞는지 궁금합니다","네, 원시적 발생 거절이유에 해당하므로 최초거절이유통지를 합니다.", ,,25.07.22
특허법,조문,42조의3,[42조의3] 외국어 특허출원 제도?댓글수2,"안녕하세요 변리사님 법조문 공부하다가 궁금한 점이 있어 질문드립니다. 제42조의3(외국어특허출원 등) ② 특허출원인이 특허출원서에 최초로 첨부한 명세서 및 도면을 제1항에 따른 언어로 적은 특허출원(이하 “외국어특허출원”이라 한다)을 한 경우에는 제64조제1항 각 호의 구분에 따른 날부터 1년 2개월이 되는 날까지 그 명세서 및 도면의 국어번역문을 산업통상자원부령으로 정하는 방법에 따라 제출하여야 한다. 다만, 본문에 따른 기한 이전에 제60조제3항에 따른 출원심사 청구의 취지를 통지받은 경우에는 그 통지를 받은 날부터 3개월이 되는 날 또는 제64조제1항 각 호의 구분에 따른 날부터 1년 2개월이 되는 날 중 빠른 날까지 제출하여야 한다. 저기서 60조3항은 제3자의 심사청구를 말하는데요, 반대로 출원인의 심사청구에 대해서는 저기서 규정돼있지 않아 의문이 남습니다. 질문 : 외국어특허출원 후 출원인이 빠르게 심사청구한 경우, 번역문 제출기간에는 영향을 어떻게 주는건지 궁금합니다. ㅇ 제3자가 심사청구했든, 출원인이 심사청구했든 ㅇ 이제 곧 실체심사에 들어갈 수 있으니, 번역문을 근시일내에 제출하도록 압박을 줘야한다는 점에서는 차이가 없을텐데 ㅇ 왜 굳이 법조항에서는 제3자의 심사청구로만 규정한 것인지 의문점이 남네요...",제59조제2항 단서를 공부해 보세요. 기본서를 한 번 읽어 봐도 되고요., ,,25.07.27
특허법,조문,52조의2,[52조의2] 분리출원의 원출원 요건?댓글수4,"안녕하세요 변리사님 분리출원 공부하다가 궁금한 점이 있습니다. 강의에서 분리출원 공부할때는 분할출원과 비교해서 무엇이 차이나는지 중점적으로 보라고 말씀 많이 해주셨는데, 강의 중에 ""분할출원에서 원출원 요건으로, 최명도에 둘 이상의 발명이 있을 것이 있는데 분리출원에서는 이게 없다"" 라고 차이가 난다는 취지로 지나가듯이 말씀해주셨습니다. 질문 1. 분리출원에서 저 요건이 빠지는 이유가 있나요? -처음에는 당연한 얘기라서 굳이 요건화 시키지 않았겠지 정도로만 생각하고 넘어갔는데, -분할-분리 차이나는 부분만 비교하다보니까 -그럼 분할출원에서는 당연한 얘기를 왜 굳이 요건화시켰나 하는 궁금증이 남습니다. 질문 2. [분리출원의 최명도에는 둘 이상의 발명이 있어야 한다] 라는 명제의 O, X를 가른다면 어떻게 되나요? - X : 분리출원을 분할출원으로 바꿔야 맞는 명제이므로, X - O : 분리출원은 특허가능한 청구항만 적어야하므로, 최명도에 둘 이상의 발명이 있는 것은 당연해서 O 아니면 애매한 명제이므로, 정오를 가르는 의미가 없을까요..??","1. 각 제도의 취지에 비춰서 공부를 해야 합니다. 분할출원의 취지 중 하나가 <발명의 설명 또는 도면에만 기재된 발명의 보호>이므로 최명도가 2이상의 발명이 있어야 한다는 것을 요건으로 하는 것입니다. 분리출원의 취지는 <특허가능한 청구항에 대한 권리 확보 기회>이므로 청구범위를 중심으로 살펴보며, 발명의 설명 또는 도면에만 기재된 발명을 청구범위(단, 청구범위 감축은 가능)에 추가할 수 없습니다. 따라서, 분리출원은 이를 요건으로 할 필요가 없는 것입니다. 2. 맞는 명제입니다. 다만 각 제도의 취지에 부합하지 않은 것을 물어보는 것이라서 시험 적합성이 떨어져 보입니다.",1번 관련하여 분리출원의 취지도 특허가능한 항만을 빠르게 등록받기 위한 것이니까 청구범위에 2 이상의 발명이 있을것 을 요건화 시키지 않은 이유가 있나요?? 얘는 굳이 요건화 안시킨 이유가 있나 궁금합니다 (아니면 단순히 입법자가 크게 의미를 안둬서 빠진거라고 봐야할까요),"특허가능한 항이 있으면 분리출원할 수 있고, 없으면 분리출원을 못 한다는 것인데 왜 문의한 요건이 더 필요한지 이해가 안 되네요.",25.07.28
특허법,조문,29조2항,[29조2항] 진보성 판단?댓글수1,진보성 판단시 원칙적으로 구성의 곤란성이 있다면 효과의 현저성이 없더라도 진보성이 인정된다고 보는 것이 맞나요? 2019후10609판례에서 ‘구성의 곤란성을 따져보지도 아니한 채 효과의 현저성 유무만으로 진보성을 판단하여서는 아니 된다.’와 ‘구성의 곤란성 여부의 판단이 불분명한 경우라고 하더라도 현저한 효과를 가지고 있다면 진보성이 부정되지 않는다’라는 판례문구에서 ‘불분명한 경우’라함은 구성의 곤란성을 따져보았으나 불분명하여 효과의 현저성으로 구성의 곤란성을 추론할 수 있음을 말하는 것인가요?,"1. 구성의 곤란성이 명확하다면 효과의 현저성을 따지지 않습니다. 특허요건 판단은 청구범위(청구항의 구성)를 중심으로 발명의 설명(효과)을 참작하기 때문입니다. 2. 구성의 곤란성 자체가 판단이 모호하다는 것이니, 효과를 참작한다는 것입니다.", ,,25.07.28
특허법,조문,52조의2,[52조의2] 분리출원에서 자동간주 제도?댓글수1,"안녕하세요 변리사님 분할출원과 분리출원을 비교해서 보던 중 궁금한 점이 있습니다. ㅁ 분할출원에서는 원출원이 우선권주장 안한 경우, 자동 우선권주장이 안되는 것 뿐만 아니라, 아예 우선권주장을 못하도록 되어있는데 Q1. 분리출원 관련하여서 분리출원도 마찬가지로, 원출원이 우선권주장 안한 경우, 자동 우선권주장이 안되는 것 뿐만 아니라, 아예 우선권주장을 못하는 것이죠? Q2. 변경출원 관련하여서 원출원이 우선권주장 안한 경우, 변경출원에 대해 아예 우선권주장을 못하는 것이죠? 그리고 ㅁ 분할출원에서는 원출원이 우선권 증명서류 제출 안한경우, 자동 증명서류제출은 되지 않으나 3개월의 기간의 특례가 있어서 이 기간안에만 증명서류 제출하면 문제가 없는 것으로 되어있는데 Q3. 분리출원 관련하여서 원출원이 우선권 증명서류 제출 안한경우, 자동 증명서류제출은 되지 않을뿐더러 분리출원은 기간의 특례가 안주어지므로, 아예 증명서류를 제출할 방법이 없는거죠? (Q1은 교재에 직접적으로 언급은 없으나 강의노트 요약표에 살짝 언급되어 있어서 이해한 바가 맞는지 확실하게 짚고 넘어가려고 확인차 질문드리고 Q2, Q3는 관련 부분 못찾아서 질문드립니다)","1.2. 네 3. 네, 원칙대로 우선일로부터 1년 4개월 이내에만 제출가능합니다.", ,,25.07.31
특허법,조문,29조,[29조] 용도발명의 신규성?댓글수3,"리담 객관식2 p12 14번 2번 선지에서 ""물건에 대한 용도발명이 신규성이 없다면 그 물건발명의 신규성은 당연히 인정되지 아니한다""가 조금 헷갈려서 질문합니다. 독립항(물건발명)-종속항(용도발명)의 신규성/진보성 판단의 법리를 적용하여 이해해도 될까요? 감사합니다.","용도발명의 구성은 물건(물질) + 용도입니다. 그런데, 용도발명이 신규성 위반이 되기 위해서는, 물건도 공지되어야 하고 용도도 공지되어야 합니다. 따라서, 용도발명이 신규성 위반이면 당연히 물건발명도 신규성 위반인 것입니다. 열공하세요~", ,,25.08.26
특허법,조문,52조,52조 분할출원과 확선지위?댓글수3,"안녕하세요! 분할출원과 확대된 선출원의 지위를 공부하다가 이해한게 맞는지 확인하고 싶어서 질문드립니다. 시간 순서대로, 1. 원출원(X) 청구범위 : A 최명도 : A B C 2. 제3자 출원 (Y) 청구범위 : B C D 최명도 : B C D 3. X의 분할출원(Z) 청구범위 : B D 최명도 : B C D (D는 ABC와 동일성 없는 발명) 로 출원하였고, 원출원 X가 공개되지 않고 소급 소멸, Y, Z는 공개되었다고 가정했을 때, ① 제3자 청구범위 중 B - Z의 선출원 지위에 의해 죽음 ② 제3자 청구범위 중 C - 등록 가능 (그런데 공개는 Z가 먼저되는데, 원출원의 최명도에 포함된 발명도 확선의 지위에 소급효의 예외가 적용되는게 맞는건지 와닿지 않습니다ㅠ) ③ 분할출원 Z는 발명D에 의해 원출원의 최명도 범위를 넘었기 때문에, 거절이유 존재 - 삭제보정 등을 하지 않으면 거절결정 될 상황 ④ 제3자 청구범위 중 D - 등록가능, 다만 Z에 있는 발명D에 무효심판 걸어서 선출원 지위를 없애야함. - 만약 분할출원의 확선지위 소급효를 인정하게 되면, Z출원에 발명D가 존재함에도 착오로 공개/등록되었을 때, 제3자가 D마저도 등록을 받지 못하게 되므로 확선지위 소급효 불인정 이렇게 이해하고 있는게 맞을까요?","틀렸습니다. Z의 소급효가 인정되지 않아서, Y는 현재 모두 등록가능합니다. 다만, Z에서 D를 삭제보정하는 경우 Z의 소급효가 인정되어, Y의 B가 선출원 위반이 됩니다. 열공하세요~","아 감사합니다 이해되었습니다! 그러면, 1. Z에서 D를 삭제보정해서 출원일 소급효가 인정되었을 때, 확선의 소급효를 인정해버리면 확선은 최명도를 기준으로 비교하기 때문에 제3자의 D가 죽게 되는 문제가 생기므로 확선은 소급효의 예외를 인정하지 않는다 2. 제3자의 청구범위 C와 관련해서는 분할출원Z의 청구범위에 C가 포함되지 않으면, 출원일을 소급해도 청구범위에 없으니 선출원 지위 위반에 걸리지 않고, 확선도 적용안되니 등록가능하다 라고 생각하면 맞을까요?",네 그렇습니다~,25.09.05
특허법,조문,47조,[47조] 47조 3항 1호와 47조 3항 4호 간 관계?댓글수3,"안녕하세요, 47조 3항 4호에서 i) 신규사항추가한 보정에 대하여 보정 전 청구범위로 되돌아가거나, ii) 되돌아가면서 청구범위를 제47조제3항제1호부터 제3호에 따라 보정하는 경우 라고 규정되어 있는데, 신규사항추가한 사항을 삭제하는 경우 1호 위반의 문제가 될 수 있으므로 47조 3항 4호에서 그 예외를 인정한다.라는 설명이 이전의 청구범위 그대로 돌아가는 i의 경우에는 1호의 요건을 벗어나도 되지만,->예외 인정 되돌아가면서 보정을 하는 ii의 경우에는 그대로 1~3호의 경우 중 하나로만 보정해야 한다.->원칙 라고 이해했는데, 맞게 이해한 것인지 궁금합니다. 감사합니다.","틀렸습니다. 예를 들어, 1. 출원: 청: a+b+c, 발명의 설명: a+b+c, a+b+c+d 2. 보정: a+b+c+d+e 3. 신규사항추가로 최후 통지 4. 보정: a+b+c(1번 Case-보정 전 청구범위로 되돌아가는 것), a+b+c+d(2번 Case-되돌아가면서 감축하는 것) 일 때, 1번, 2번 Case 모두 제47조제3항제1호의 예외입니다.","넵 두 경우 모두 1호의 예외인것까지는 이해했습니다. 그런데 그렇다면 조문 후단의 ‘제47조제3항제1호부터 제3호에 따라‘라는 문구는 어떤 의미인가요? 또한 교재 401p의 ‘다만 출원인이 최후거절이유통지를 극복하기 위해서 다시 보정할 때 청구범위에 대한 보정은 i) 청구항을 한정 또는 삭제하거나 청구항에 부가하여 청구범위를 감축하는 경우, ii) 잘못 기재된 사항을 정정하는 경우 및 iii) 분명하지 아니하게 기재된 사항을 명확하게 하는 경우 중 어느 하나에 해당하여야 한다.’ 라는 부분 또한 잘 이해가 가지 않습니다..",제가 예를 들어 설명한 것을 이해 못하고 있네요. 2번 CASE의 경우 되돌아가면서(a+b+c) 다시 1호에 따라 보정하는 경우(a+b+c+d)입니다.,25.09.18
특허법,조문,29조,[29조] 확선?댓글수1,"리담특허법 제24판 p. 225 상단 확선 파트에서, “선선출원(선출원의 조약, 국내우주의 기초가 되는 특허출원), 선출원 및 후출원 모두에 기재됨 발명에 대해서는 *후출원일의 다음날로부터 *후출원의 출원공개 또는 등록공고 전에 출원된 제3자의 발명 대하여 확선 지위 규정을 적용하게 된다.“ 이해가 되지 않습니다... *후출원 부분이 선출원이 아니라 후출원인 이유가 무엇인가요.",, ,,25.09.29
특허법,조문,34조,"[34, 35조] 정당한 권리자 출원의 소급효와 제3자 출원거절?댓글수6","안녕하세요. 특허법 공부중 정당한 권리자의 출원일이 무권리자의 출원일로 소급하는 경우 등록지연에 따른 존속기간연장등록출원 이외에 출원일의 소급효에 대한 예외 규정을 두고 있지 아니한 것이 문제가 된다고 하는 내용과 함께 무권리자의 특허출원의 최명도에는 포함되어 있지 않지만, 정당한 권리자의 특허출원의 최명도에는 포함된 발명에 의하여 무권리자 특허출원과 정당한 권리자 특허출원 사이의 제3자의 출원을 거절하는 것은 먼저 출원하여 공개시킨 자에게 독점 배타적인 특허권을 부여한다는 특허법에 목적에 반한다고 되어있습니다. 34, 35조가 적용되기 위해서는 정당한 권리자의 출원의 명도에 기재된 발명이 무권리자의 특허출원의 최명도 범위 내여야 소급효가 인정된다고 했는데, 무권리자의 특허출원의 최명도엔 포함되어 있지 않지만, 정당한 권리자의 특허출원의 최명도에 포함된 발명의 소급효에 의해 제3자의 출원이 거절되는 경우가 있나요? (+Q) 그럼 무권리자가 A|A,B로 특허출원 했는데 정당한 권리자가 A|A,C로 출원했다가 A|A로 보정해서 출원일 소급효를 인정받은 경우에, 정당한 권리자의 최명도에 기재된 A|A,C가 무권리자 출원일부터 확선이 인정된다는 것인가요?","기본서의 분할출원 파트를 보면 다음과 같이 기술되어 있습니다. 예를 들어 원출원의 최초 명세서 또는 도면에 A, B 발명이 기재되고, 분할출원의 최초 명세서 또는 도면에 B, C 발명이 기재된 후 분할출원의 보정된 명세서 또는 도면에는 B 발명이 기재된 경우 원출원과 분할출원 사이에 C 발명을 출원한 제3자의 출원을 거절시키는 것은 적절치 않기 때문에 분할출원의 확대된 선출원을 적용함에 있어서는 출원일의 소급효를 인정하지 않는다.", ,,25.10.02
특허법,조문,52조,"[52조] 분할출원의 요건 중 ""출원 계속 중""?댓글수1","분할출원의 요건 중에서 ""특허출원계속중""이라는 시기는 특허출원 후 특허여부 결정시가 아닌 설정등록까지의 기간을 말하는 건가요? 정확히 언제까지를 지칭하는지 확실히하고자 질문 드립니다 바쁘신 와중에 제 질문에 답해주셔서 감사합니다 박준연 드림","기본서와 강의노트의 국내우선권주장파트에 보면 다음과 같이 기술되어 있습니다. 「출원 계속 중」이란 출원에 대하여 특허청이 특허를 허여(제87조제2항에 따른 설정등록을 말한다)하는데 필요한 행정행위를 할 수 있는 상태를 말하는 것으로, 출원이 무효, 취하, 포기 또는 특허거절결정이 확정되기 전이나 설정등록되기 전을 말한다.", ,,25.10.04
특허법,조문,34조,"[34조, 35조] 부적법한 경우?댓글수2","안녕하세요 ! 리담특허법 388p의 정당한 권리자 출원이 부적법한 경우 2번째, 불수리 관련 내용을 공부하다가 궁금한 점이 생겨 질문드립니다. -> 청구범위를 적지 아니한 명세서를 특허출원서에 첨부하여 특허출원한 정당한 권리자출원으로서 그 특허출원 당시에 이미 출원일(우선권주장의 경우 최우선일)로부터 1년 2개월이 되는 날(다만 기한 이전에 출원심사 청구의 취지를 통지받은 경우에는 그 통지를 받은 날부터 3개월이 되는 날 또는 출원일(우선권주장의 경우 최우선일)부터 1년 2개월이 되는 날 중 빠른 날)이 지났으면 불수리된다 위의 문장에서 특허출원을 한 당시에 어떻게 출원일로부터 헤당 기간이 지났을 수가 있는지 궁금합니다.","출원일 소급효가 인정되므로, 출원일로부터 1년 2월 --> 무권리자출원일로부터 1년 2월 을 말합니다.", ,,25.10.05
특허법,조문,,[발진법 10조] 직무발명 강의 내용 질문?댓글수2,"안녕하세요 ! 강의노트 120p 직무발명 절차 규정에 따른 권리관계에 관한 강의 내용 중 궁금한 점이 생겨 질문 드립니다. 아래 표에서 예약승계계약이 부존재 하는 경우, 사용자가 승계통지를 했지만 종업원이 양도 불승낙을 한 케이스와 사용자가 미승계통지를 한 케이스에서 법정실시권은 ‘중소기업이 아닌 기업은 종업원 등과의 협의를 거쳐 미리 예약승계에 관한 계약 또는 근무규정을 체결 또는 작성라지 않았다면 통상실시권 불인정’이라고 나와있습니다. 1. 여기에서 이미 예약승계계약이 부존재 하는 경우인데, 법정실시권을 인정할 여지가 없다고 생각했어서, 혹시 근무규정을 작성하였는데 예약승계계약이 부존재하는 상황에서 발생하는 것인지 궁금합니다. 2. 또한 예약승계계약이 부존재할 때, 승계의사 통지를 불통지한 경우 중소기업기본법의 적용과 무관하게 동의가 필요한 것인지도 궁금합니더.","1.중소기업은 법정실시권이 인정됩니다. 2.네, 그렇습니다.", ,,25.10.16
특허법,조문,29조,[29조] 의료업?댓글수3,"1. 의료업에서 '인체 구성요소'에 대한 부분이 혼란스럽습니다. 의료업에서 말하는 '인체 구성요소'라는게, 발명의 명칭에 '인체'라는 키워드가 들어갔는지 여부를 보는게 아니라, 실제 상황에서 필요로 하는지 여부를 보는게 맞겠죠? 인체를 직접적인 구성요소로 하는 발명은 산업상 이용가능성이 인정되지 않는데, '온구기를 사용하여 사람의 등과 배 부위의 경혈을 자극하는 방법' VS '사람의 등과 배 부위의 경혈을 자극하는 온구기' 예를 보면, 전자는 불인정, 후자는 인정하고 있습니다. 교재에서 그 이유가 후자는 ""인체를 직접적인 구성요소로 하지 않아서"" 인정이 된다고 하였는데, 둘다 인체를 직접적인 구성요소로 하는거 아닌가요? 여기에서 인체를 직접적인 구성요소로 한다는 의미가 정확히 뭔지 모르겠습니다. 1-1. 그래서 ""방법과 기기라서"" 인정여부에 차이가 있는게 아닌가라고 추측했습니다. 그래서 거꾸로 생각하면 '방법'은 항상 인체를 직접적인 구성요소로 하고, '기기'는 항상 인체를 직접적인 구성요소로 하지 않는다고 판단해야되는건가라는 추측을 했습니다. 위 추측이 맞을까요? 2. 혈액은 인체인가요 아닌가요? (p.166, 167) 교재를 여러번 읽어봐도 헷갈립니다... 인체인 것 같은데, 사람으로부터 자연적으로 배출된 것 또는 채취된 것에 해당하여 인체가 아닌 것 같기도 합니다. 2-1. '혈액투석방법' VS '혈액투석장치' 경우도 전자는 불인정이고, 후자는 인정이 맞을까요? 이유도 뭐가됐던 위와 마찬가지로, 동일한가요? 개념이 혼란스러워서 그런지 질문이 조금 두서없는 것 같아서 이해 부탁드리겠습니다.","발명의 구성요소에 대한 이해가 부족하네요. 예를 들어, x, y로 된 온구기(혈액투석장치)라고 했을 때, 구성요소 x, y는 인체가 아니니 산업상 이용가능성이 있는 것입니다.","1. 지문에서 x, y로 된 온구기(혈액투석장치)라고 하면 말씀하신대로 이해할텐데 '온구기를 사용하여 사람의 등과 배 부위의 경혈을 자극하는 방법' , '사람의 등과 배 부위의 경혈을 자극하는 온구기' 예시와 같이 실상은 구성요소가 무엇인지 표면에 드러나지 않아서 구성요소를 파악하기 어려운 것 같습니다. 그래서 아직 답변이 와닿지 않아서 그런데 어떤 특징을 보고 인체를 구성요소로 하지 않는다는걸 파악할 수 있는지 다시 한번 설명해주실 수 있을까요? 2. 제가 질문을 잘못한 것 같아서 '혈액, 모발, 소변' 등등 모두 인체에 해당하는지 여부를 다시 질문드립니다!", 이건 조금만 생각해 보면 됩니다. 예를 들어 온구기의 구성요소는 (열을 발생시키는 열발생기)+(그 열을 통해 자극하기 위한 자극기)+(이 둘을 결합한 몸체) 로 구성될 수 있을 것입니다. 방법의 구성요소는 (온구기를 등 또는 배 부위에 위치시키는 단계)+(열과 자극을 주기적/간헐적으로 발생시키는 단계)+(경혈을 자극했는지 체크하는 단계) 로 구성될 수 있겠네요. 2. 인체로부터 분리되면 산업상 이용가능성이 있습니다. 아직 공부량이 절대적으로 부족해 보이네요~,25.11.04
특허법,조문,35조,"[35조] 무효심결 후, 정당한 권리자 출원 기간 계산?댓글수2","안녕하세요 변리사님. 객관식 문제를 풀다가 질문있어 글 남깁니다. 리담 객관식2 18판, 문제 p300 / 해설p178 3번 해설에 '특허법 제35조 규정의 적용을 받기 위해서는 무효심결의 확정일로부터 30일 이내에 정당한 권리자의 출원이 이루어져야 하므로 2017년 5월 30일까지 출원하는 경우 정당한 권리자 출원으로서 출원일 소급효를 인정받을 수 있다.' 라고 되어있는데, 문제에 무효심결 확정일은 2017년 5월 1일로 되어 있습니다. 그러면 해설에 정당한 권리자 출원일은 2017년 5월 31일까지 아닌가요? 감사합니다.","초일: 5.1 기산일: 5.1 계산방법: 자연적 만료일: 5.30 입니다. 문의한 것으로 봐서는 본 사안에서, 오전 0시부터 시작하니 초일이 기산일이 된다는 것을 모르고 있네요. 제목이 질문규칙에 맞지 않으니 수정해 주세요. 질문 카테고리도 제2장이 되어야 할 것 같고요. 제2장에서 검색해 보면 유사한 질문들 많으니 참고도 해 보고요~", ,,25.11.11
특허법,조문,42조의2,[42조의2] 청구범위 기재 보정?댓글수1,"1) 청구범위 유예제도에서 청구범위를 기재하는 보정이47조 보정에 포함되는 건지 궁금합니다. 2) 그래서 47조 2항 신규사항추가금지 내에서 청구범위를 기재해야되는건지 3) 외국어출원의 경우, 청구범위유예제도를 활용했을 때 47조 5항에 의해 국어번역문을 먼저 제출하고 청구범위를 기재하는 보정을 하는 것이고, 그 이후엔 42조의3 3항 1호에 의해 국어번역문을 교체할 수 없게 되는 것인지 궁금합니다","1. 네 2. 네 3. 네, 그렇습니다. 참고로 보정을 늦게 하면 번역문 교체 기간 내 교체가 가능합니다.", ,,25.11.11
특허법,조문,36조,[36조] 선출원주의?댓글수1,"선출원주의의 특허권 포기에 대해 궁금한 점이 생겨 질문드립니다. 36조 4항 1조에 따르면 특허권 포기의 경우 처음부터 선출원의 지위가 없다고 되어있습니다. 그런데 도해특허법 62p에 '특허권의 포기는 선출원 지위 인정'이라고 되어있어, 어떻게 정리해야하는지 잘 모르겠습니다. 선출원 출원, 선출원 포기, 후출원 출원 순서의 경우 선출원의 지위를 갖지 않고 선출원 출원, 후출원 출원, 선출원 포기의 순서인 경우 선출원의 지위를 가진다고 생각하면 될까요?","출원의 포기와 특허권의 포기 개념이 다르다는 것을 모르고 있네요. 제36조제4항에서 규정된 것은 출원의 포기이며, 특허권의 포기는 규정이 없으나 판례가 선출원의 지위를 인정합니다. 기본서에서 선출원주의 파트를 공부해 보세요~", ,,25.11.19
특허법,조문,시행령5조,[시행령 5조] 부적법한 청구항 구별?댓글수4,"안녕하세요 ! 시행령 5조에 따라 다항제 기재방법의 적법/부적법에 대해서 질문드립니다. 기본서에 청구항 5가 다중청구항을 다중청구항으로 인용하고 있어 시행령 5조 6항 단서 위반으로 부적법한 청구항인 경우에, 청구항 5를 단독으로 인용하고 있는 청구항 6은 다중청구항으로 인용하고 있지 않기때문에 시행령 5조 6항 단서 위반은 아니라고 하였습니다. 근데 그럼 청구항 6의 적법/부적법 판단시에 이런 경우 청구항 6은 직접적으로 시행령 5조 6항 위반은 아니지만, 부적법한 청구항의 종속항으로서 부적법한 특징을 그대로 가지고 있으므로 부적법하다고 판단해야 하는지 궁금합니다. 바쁘실텐데 시간내어 질문 읽어주셔서 감사합니다.","시행령 제5조제6항 위반이 아니라는 것은, 적법하다는 의미입니다.", ,,25.12.08
특허법,조문,54조,[54조] 조약우선권주장 판단시점 소급효?댓글수2,"안녕하세요 변리사님. 조약우선권주장시, 29조 36조를 적용할 때 그 당사국에 출원한 날을 대한민국에 출원한 날로 본다라고 해서 신규성, 진보성, 확선, 선출원을 적용함에 있어서만 당사국에 출원한 날을 대한민국에 출원한 날로 한다라고 이해했는데, 기출문제에 제1국출원 후 제3자가 발명의 내용을 알지못하고 스스로 실시를 하였고, 그 이후 조약우선권주장을 수반한 국내 출원을 한 경우에서 제3자에게 103조에 따른 선사용권이 인정되려면 ""특허출원 시""에 국내에서 그 발명의 실시사업을 하거나 이를 준비하고 있어야하는데 이때 ""특허출원 시""는 29조와 36조를 적용하는 것이 아닌데도 제1국출원의 출원시를 의미하는 건가요? 29조와 36조를 적용함에 있어서라는 말은 큰 의미 없이 예시적 규정이고, 심공존재등을 제외하고는 다 출원일 소급효가 인정된다고 이해해야하는지 질문드립니다. 감사합니다.","네, 파리조약 4B에 의해 대부분의 판단시점 소급효가 인정된다고 생각하면 됩니다.", ,,25.12.11
특허법,조문,42조,"[42조] 시행령 5조 2,3항 - 청구항 중복기재?댓글수1","안녕하세요 변리사님 선고94후1558 판례 관련하여 질문이 있습니다. https://casenote.kr/%EB%8C%80%EB%B2%95%EC%9B%90/94%ED%9B%841558 청구범위가 중복기재된 경우 기재불비가 아니라는 판례인데요 정확히는 청구항을 중복기재한 사실만으로는 명확성요건 위반에 해당하지 않는다 는 맥락으로 보여집니다. Q1. 이 판례로 인해 시행령 5조3항이 폐지되었다고 볼 수 있는 것인가요? 저 판례에서는 시행령 5조2항이나 5조3항이 판단대상이 아니었는데 시행령5조3항 폐지에, 시간적 선후관계는 있겠으나 인과관계는 없다고 보여져서 궁금증이 있습니다. Q2. 다음 명제에 오류는 없는지 궁금합니다. ""청구항을 중복기재한 경우, 그 사실만으로는 명확성 요건 위반은 아니며, 다만 시행령 5조2항 위반 거절이유를 갖는다(문언적 동일에 한정)""","1. 네, 95후1558 판결과 충돌한다는 것을 이유로 시행령 제5조제3항이 삭제되었습니다. 실질적 동일성이 있는 발명을 출원인이 여러 청구항에 기재하였을 때 이를 이유로 거절하는 것은 타당하지 않기 때문입니다. 2. 네, 맞습니다.", ,,25.12.20
특허법,조문,54조,"[54,55조] 최우선일과 최선출원일 관련?댓글수2","안녕하세요 변리사님! 강의노트 235p 촤우선일과 최선출원일에 대해 궁금한 점이 생겨 질문드립니다. 1. 54조7항에 의해 추가할 수 있는 우선권 주장은 조약우주이고, 55조7항에 의해 추가할 수 있는 우선권 주장은 국내우주인지 궁금합니다. 2. 55조7항에 의해 우선권을 추가할 때 최선출원일은 추가할 기초출원의 출원일도 고려해야 하는지 궁금합니다.",1. 네 2. 네, ,,25.12.23
특허법,조문,29조,[29조] 선택발명의 진보성?댓글수1,"안녕하세요 변리사님 기출지문 중에 선택발명에 관한 설명으로 옳지 않은 것으로 ""선택발명에 포함되는 여러 개의 하위개념들 모두가 아닌 일부가 공지된 상위개념인 선행발명과 비교하여 진보성이 인정되면 된다.""라는 지문이 틀린지문이더라고요 왜 틀린건지 해설을 보더라도 이해가 되지 않아 질문을 드립니다. 만약에 지문이 '진보성이 인정되면 된다.'가 아니라, 그저 선행발명에 비해 효과가 현저하다면 등록가능하다 라고 하면 2019후10609에 의해 틀린지문인걸 알겠는데 진보성이 인정되면 된다라고 했으니깐 구성의 곤란성과 효과의 현저성을 모두 고려해서 판단한다는 의미 아닌가요??","예를 들어, 1. a1, a2, a3 중 어느 하나라고 했을 떄, a1, a2, a3 모두가 진보성이 인정되어야 하는 것입니다. 열공하세요~", ,,26.01.10
특허법,조문,30조,30조 공예주 복수 공지 관련?댓글수4,안녕하세요 변리사님 공예주 최근 판례와 관련하여 질문드립니다 2023후10712 판례에서 최초의 공지에 대한 공예주의 효력이 동일성이 인정되는 범위에 미친다고 판시했는데 이는 본인이 여러번 공개했을 때 얘기이지 선의의 제3자가 동일한 발명을 공지한 경우에까지 해당되는것은 아닌게 맞나요?,그 공지가 의사에 의한 공지라면 적용됩니다. 이를 구분할 실익이 없습니다., ,,26.01.15
특허법,조문,29조,[29조] 권리남용의 항변?댓글수1,"안녕하세요 변리사님 권리남용의 항변 관련하여 질문이 있습니다. ㅁ 권리남용의 항변 특징 ㅇ 권리범위는 부정하지 못함 ㅇ 권리행사를 제한 ㅁ 권리남용의 항변 관련 판례 ( 대법원 2012. 1. 19. 선고 2010다95390 전원합의체 판결 [특허권침해금지및손해배상(기)] ) 이러한 점들에 비추어 보면, 특허발명에 대한 무효심결이 확정되기 전이라고 하더라도 특허발명의 진보성이 부정되어 그 특허가 특허무효심판에 의하여 무효로 될 것임이 명백한 경우에는 그 특허권에 기초한 침해금지 또는 손해배상 등의 청구는 특별한 사정이 없는 한 권리남용에 해당하여 허용되지 아니한다고 보아야 하고, 특허권침해소송을 담당하는 법원으로서도 특허권자의 그러한 청구가 권리남용에 해당한다는 항변이 있는 경우 그 당부를 살피기 위한 전제로서 특허발명의 진보성 여부에 대하여 심리·판단할 수 있다고 할 것이다. 이와 달리 신규성은 있으나 진보성이 없는 경우까지 법원이 특허권 또는 실용신안권침해소송에서 당연히 권리범위를 부정할 수는 없다고 판시한 대법원 1992. 6. 2.자 91마540 결정 및 대법원 2001. 3. 23. 선고 98다7209 판결은 이 판결의 견해에 배치되는 범위에서 이를 변경하기로 한다. ㅁ 궁금한 점 ㅇ 판례 문구상 빨간 부분이 잘 납득이 안됩니다. ㅇ 권리범위 부정은 전합판결이 있기 전 후 모두 불가한 것인데, ㅇ 저 빨간부분만 보면 마치 기존에는 권리범위를 부정할 수 없었다가, 전합판결 이후로는 권리범위를 부정할 수 있다 라고 읽혀서 저 부분을 어떻게 이해해야할지 어려움이 있네요...","기존의 판결은 침해소송에서 법원이 진보성 위반이라고 하여 권리범위를 부정할 수 없으니, 진보성 위반에 대해 심리할 수도 없다는 입장이었고, 95390 판결은 침해소송에서 법원이 진보성 위반이라고 하여 권리범위를 부정할 수는 없으나 권리행사를 제한할 수 있으니, 진보성 위반에 대해 심리할 수 있다는 것입니다. 빨간색을 일부만 표시해서 이해가 안 되는 것 같네요. ""당연히 권리범위부정할 수 없다""-->그래서 진보성 위반에 대해 심리하지 않는다. 이렇게 이해해야 합니다. 열공하세요~", ,,26.01.24
특허법,조문,47조,[47조] 최초/최후 거절이유통지 관련?댓글수2,"안녕하세요 리담 기출문제집 p110, 4번문제, 1번지문 해설에 관해서 질문이 있습니다. 지문: 최초거절이유에 대한 보정이 최초 출원명세서 등에 기재된 사항의 범위를 벗어난 것인 경우에 항상 신규사항 추가금지를 이유로 최후거절이유 통지하는 것은 아니다. 해설: (중략) 최초거절이유는 극복되었으나 보정에 의해 발생된 거절이유와 보정과 관계없는 새로운 거절이유도 발견한 경우, 2가지 거절이유를 기재하여 최초거절이유 통지한다. 최초거절이유에 대한 보정이 신규사항추가에 해당하는 경우에는 보정에 의해 새롭게 거절이유가 발생한 것이기 때문에 보정과 관계 없는 새로운 거절이유 발생여부를 불문하고 최후거절이유통지 하는 것이 아닌가요? 제가 어떤걸 놓치고 있는지 잘 모르겠습니다ㅠㅠ 감사합니다!",최초거절이유와 최후거절이유를 동시에 발견한 경우에는 최초거절이유통지를 합니다., ,,26.01.27
특허법,조문,47조,[47조] 실체보정?댓글수1,"안녕하세요 실체보정관련하여 질문드립니다. 객관식 기출문제 답지 66p 13번의 2번 해설에서 ""특허법 제47조 제1항제1호의 시기에는 특허출원서에 첨부한 명세서 또는 도면에 기재된 사항의 범위에서 기재된 사항에 한정되지 않고, 보정할 수 있다"" 라고 적혀있는데 그럼 2호나 3호에서는 거절이유에 통지된 사항에 한정되어서 해야하는 건가요? 2호나 3호의 시기에서도 거절이유에 통지된 사항이 아닌 다른 청구항에 대해서도 보정은 할 수 있으나 2항 및 3항을 만족시키면 보정각하되지 않는다고 이해했는데 이게 맞나요? 감사합니다.","네, 맞습니다. 법조문 그대로 해석하면 됩니다.", ,,26.02.12
특허법,조문,54조,[54조] 조약우주에서 발명 단위로 소급효 근거?댓글수1,"안녕하세요 변리사님 우선권주장제도에서 발명단위 소급효 관련 궁금증이 있습니다. ㅁ 55조 국내우주의 경우 55조 ③ 제1항에 따른 우선권 주장을 수반하는 특허출원된 발명 중 해당 우선권 주장의 기초가 된 선출원의 출원서에 최초로 첨부된 명세서 또는 도면에 기재된 발명과 같은 발명에 관하여 제29조제1항ㆍ제2항, 같은 조 제3항 본문, 같은 조 제4항 본문, 제30조제1항, 제36조제1항부터 제3항까지, 제96조제1항제3호, 제98조, 제103조, 제105조제1항ㆍ제2항, 제129조 및 제136조제5항(제132조의3제3항 또는 제133조의2제4항에 따라 준용되는 경우를 포함한다), 「실용신안법」 제7조제3항ㆍ제4항 및 제25조, 「디자인보호법」 제95조 및 제103조제3항을 적용할 때에는 그 특허출원은 그 선출원을 한 때에 특허출원한 것으로 본다. <개정 2016. 2. 29.> 밑줄 부분을 조합하면, 1. 겹치는 발명에 대해서만 2. 소급효가 인정됨 이 법조항에서 파악이 됩니다. ㅁ 54조 조약우주의 경우 54조 ① 조약에 따라 다음 각 호의 어느 하나에 해당하는 경우에는 제29조 및 제36조를 적용할 때에 그 당사국에 출원한 날을 대한민국에 특허출원한 날로 본다. ㅁ 파리조약 4B의 내용을 보충적용 파리조약 제4조 a. 1. 어떠한 동맹국에서 정식으로 특허출원을 하거나 실용신안, 의장 또는 상표의 등록출원을 한 자 또는 그 승계인은 타 동맹국에서 출원의 목적상 이하에 정하는 기간중 우선권을 가진다. 2. 각 동맹국의 국내법령 또는 동맹국간에 체결된 2국간 혹은 다수국간의 조약에 따라 정규의 국내출원에 해당되는 여하한 출원도 우선권을 발생시키는 것으로 인정된다. 3. 정규의 국내출원이라 함은 출원의 결과 여부에 불구하고 당해 국에 출원을 한 일부를 확정하기에 적합한 모든 출원을 의미한다. b. 따라서 위에 언급된 기간의 만료전에 타 동맹국에 낸 후출원은 그 기간중에 행하여진 행위, 특허, 타출원, 당해 발명의 공표 또는 실시, 당해 의장으로 된 물품의 판매 또는 당해 상표의 사용으로 인하여 무효로 되지 아니하며 또한 이러한 행위는 제3자의 권리 또는 여하한 개인 소유의 권리를 발생시키지 아니한다. 우선권의 기초가 되는 최초의 출원일전에 제3자가 취득한 권리는 각 동맹국의 국내법령에 따라 유보된다. 밑줄 부분을 조합하면, 소급효가 인정되는 것은 법조항과 파리조약에서 파악이 되는데, 겹치는 발명에 대해서만 적용된다고 볼 근거는 무엇인지 궁금합니다.","아래의 파리조약 4F를 읽어 보세요. f. 어느 동맹국은 특허 출원인이 복수의 우선권(2이상의 국가에서 한 출원에 기한 것을 포함한다)을 주장한다는 것 또는 일 또는 그 이상의 우선권을 주장하는 출원이 그 우선권이 주장되는 출원에 포함되지 않은 일 또는 그 이상의 구성요소를 포함한다는 것을 이유로 하여 당해 우선권 또는 당해 특허신청을 거절할 수 없다. 단, 이 두 경우에 당해 동맹국의 법령상 발명의 단일성이 있는 경우에 한한다. 우선권이 주장되는 출원에 포함되지 않았던 구성요소에 대하여는 후출원이 통상의 조건에 따라 우선권을 발생시킨다.", ,,26.03.28
특허법,조문,36조,[36조]선출원2항 (협의제)?댓글수1,"안녕하세요? 36조2항 동일자 2이상의 출원간 협의제 관련 하여 궁금한 점이 생겨 문의 드립니다. 동일자 두 출원간 청구범위내 일부 청구항만 협의제 대상일 경우 Q1) 협의제 대상인 일부 청구항에 한하여 협의만 이뤄지면 두 출원 모두 출원 진행 가능 하다고 봐도 될까요? Q2) 협의가 불성립하면 두 출원 내의 협의제 대상에 포함된 청구항만이 특허를 받을 수 없게 될까요? 아니면, 모든 청구항이(협의제 미대상 청구항 포함) 특허를 받을 수 없게 된다고 봐야 할까요? Q3) 협의제 불성립시 선출원 지위가 인정 되는데 Q2와 동일하게 선출원 지위의 인정 범위가 협의제 대상 청구항에 한하여 인정이 된다고 봐야 될지? 아니면 모든 청구항에 적용이 된다고 봐야 할지 궁금 합니다. 감사합니다.","1. 네, 그렇습니다. 2. 출원 일체의 원칙에 의해 모든 청구항이 특허를 받을 수 없게 됩니다. 3. 모든 청구항에 대해 적용된다고 해석됩니다. 열공하세요~", ,,26.04.04
특허법,조문,42조,[42조] 다항제 기재방법?댓글수2,"강의노트 131페이지, 제42조 제 8항에 따른 시행령 제 5조에서 2항의 설명박스(?)에 '하나의 청구항에 카테고리가 다른 2이상의 발명을 기재하거나 청구하는 대상이 2 이상인 경우와 같이 법 제2조 제3호에 따라 하나의 실시유형으로 포섭할 수 없는 기재를 하는 경우 시행령 제5조제2항 적용' 밑줄 그은 부분에 대해 이해하지 못했는데 설명해주실 수 있을까요?","예를 들어, 청구항이 1. 고분물 화합물 및 콘텍트 렌즈일때 (1) 고분자 화합물의 실시 : 고분자 화합물의 생산, 사용, 양도, 대여, 수출, 수입.... (2) 콘텍트 렌즈 : 콘텍트 렌즈의 생산, 사용, 양도, 대여, 수출, 수입... 와 같이 실시의 유형이 각각 다른 경우에는 시행령 제5조제2항 위반입니다. 열공하세요~", ,,26.04.11
특허법,조문,42조,[42조] 시행령 제5조 2항?댓글수2,"리담특허법 327페이지의 단괄호 3)에서 '다만 이와 같은 기재를 하려면 복수의 독립항이 선행기술에 비해 개선된 기술적 특징이 동일하거나 상응하여 발명의 단일성(45조)를 만족해야 한다.' 이 부분이 이해가 가지 않습니다..! 발명의 단일성을 만족해야한다 -> 왜 만족해야 하나요? 위 문장 (""다만~"") 앞에서는 포괄하는 하나의 독립항 작성이 불가하면 복수의 독립항을 기재해라. 라는 이야기를 하고 있는데, 이 복수의 독립항이 발명의 단일성을 만족해야하는 이유가 무엇인가요? 45조에서 발명의 단일성을 만족해야하는 이유는 여러개의 발명을 하나의 특허출원하기 위해서 인데, '이와 같은 기재를 하려면' 발명의 단일성을 만족해야한다 라고 말하는 이유가 궁금합니다..!","제45조의 단일성은 독립항을 기준으로 판단하는데, 복수의 독립항이 제42조제8항을 만족하여 기재된다고 할지라도, 제45조의 단일성을 만족하지 못하면 특허를 받을 수 없다는 의미입니다. 열공하세요~~", ,,26.04.11
특허법,조문,52조,[52조]8항의 정확한 의미?댓글수1,"안녕하십니까 변리사님 조문을 보다가 의문이 생겨서 게시판에 질문을 남깁니다. 52조 8항에서 특허출원서에 최초로 첨부한 명세서에 청구범위를 적지 아니한 분할출원에 관하여는 ~ 이렇게 되어있는데 저 의미가 1. 최초로 첨부한 명세서의 청구범위를 적지 않았다. 2. 최초로 첨부한 명세서에는 청구범위를 적었는데 그 원출원을 기초로 한 분할출원의 청구범위를 적지 않았다. 3. 최초로 첨부한 명세서도 청구범위를 적지 않았고, 그 원출원을 기초로 한 분할출원을 할때도 청구범위를 적지 않았다. 이 3가지 중 어떤 의미인지 여쭤봐도 될까요? 바쁘신 와중에 항상 답변 남겨주셔서 감사합니다.",다 아닙니다. (1) 원출원의 최명도 - 청구범위 적었는지 여부 불문 (2) 분할출원의 최명도 - 청구범위를 적지 않음 과 같은 의미입니다., ,,26.04.12
특허법,조문,38조,제38조(특허를 받을 수 있는 권리의 승계)?댓글수1,"안녕하세요? ""리담특허법 객관식 (19판) p.67 02번 4번 지문"" 관련하여 궁금한 점이 생겨 문의 드립니다. <대법원 2012.12.27.선고 2011다67705> 특허를 받을 수 있는 권리는 발명의 완성과 동시에 발명자에게 원시적으로 귀속되지만, 이는 재산권으로 양도성을 가지므로 계약 또는 상속 등을 통하여 전부 또는 일부 지분을 이전 할 수 있고, 그 권리를 이전하기로 하는 계약은 명시적으로는 물론 묵시적으로도 이루어 질 수 있다. 여기서 특허를 받을 수 있는 권리의 일부 이전 관련해서 몇가지 문의 드립니다. Q1. 상속 발생시 상속인이 2인 이상인 경우 동일 지분으로 모든 상속인에게 상속이 된다고 봐야 할까요? Q2. Q1이 아니라면 상속인 간 동일자 승계에 따른 협의제가 적용이 된다고 보는게 맞을 까요? Q3. 갑이 발명을 하고 갑이 을을 추가하여 특허 출원을 하였을 경우 주체적 요건 위반 되어 ""거절이유"", ""정보제공사유"",'특허무효사유""가 되는 것이 맞을 듯 하나, 혹 갑이 특허를 받을 수 있는 권리의 일부 지분을 묵시적으로 을에게 이전하였다고 하면 해당 하자가 치유 될 수도 있을 까요? 감사합니다.","1. 상속조건에 따라 달라지게 될 것입니다. 2. 지분을 승계하는 것이니, 협의제랑 상관없습니다. 3. 발명자 갑이 특허출원하는데, 을을 추가했다는 것은 을에게 특받권의 일부지분을 이전했다는 의미가 내포되어 있습니다.", ,,26.04.13
특허법,조문,52조,"52조(분할출원) / 53조(변경출원)의 각 7항,8항 관련 문의 건?댓글수1","안녕하세요? 52조(분할출원) / 53조(변경출원)의 각 7항,8항 관련하여 궁금한 점이 생겨 문의 드립니다. Q1. 각 각의 7항의 경우 분할/변경출원의 원출원은 국어로 작성되어 있으나 (또는 외국어 출원 후 국어 번역본으로 보정 완료) 분할/변경 출원시 분할/변경출원서가 외국어로 작성된 경우라고 이해 해도 될까요? Q2. 각 각의 8항의 경우에도 Q1과 동일하게 청구 범위 유예도 동일한 경우라고 이해 해도 될까요? 제52조(분할출원) ⑦ 분할출원이 외국어특허출원인 경우에는 특허출원인은 제42조의3제2항에 따른 국어번역문 또는 같은 조 제3항 본문에 따른 새로운 국어번역문을 같은 조 제2항에 따른 기한이 지난 후에도 분할출원을 한 날부터 30일이 되는 날까지는 제출할 수 있다. 다만, 제42조의3제3항 각 호의 어느 하나에 해당하는 경우에는 새로운 국어번역문을 제출할 수 없다. <개정 2021. 10. 19.> ⑧ 특허출원서에 최초로 첨부한 명세서에 청구범위를 적지 아니한 분할출원에 관하여는 제42조의2제2항에 따른 기한이 지난 후에도 분할출원을 한 날부터 30일이 되는 날까지는 명세서에 청구범위를 적는 보정을 할 수 있다. <개정 2021. 10. 19.> [전문개정 2014. 6. 11.] 제53조(변경출원) ⑦ 특허출원인은 변경출원이 외국어특허출원인 경우에는 제42조의3제2항에 따른 국어번역문 또는 같은 조 제3항 본문에 따른 새로운 국어번역문을 같은 조 제2항에 따른 기한이 지난 후에도 변경출원을 한 날부터 30일이 되는 날까지는 제출할 수 있다. 다만, 제42조의3제3항 각 호의 어느 하나에 해당하는 경우에는 새로운 국어번역문을 제출할 수 없다. <신설 2014. 6. 11.> ⑧ 특허출원인은 특허출원서에 최초로 첨부한 명세서에 청구범위를 적지 아니한 변경출원의 경우 제42조의2제2항에 따른 기한이 지난 후에도 변경출원을 한 날부터 30일이 되는 날까지 명세서에 청구범위를 적는 보정을 할 수 있다. <신설 2014. 6. 11.> [전문개정 2006. 3. 3.] 감사합니다.","1. 네, 원출원의 언어종류와 상관없이 분할/변경출원이 외국어(영어)로 작성된 경우를 의미합니다. 2. 네, 그렇습니다. 열공하세요~", ,,26.04.21
특허법,조문,42조,[42조] 다중청구항을 다중청구항으로의 인용 불가 관련 질문드립니다.?댓글수1,"안녕하세요, 다중청구항을 다중청구항으로의 인용 불가 관련 질문 드립니다. p331 각주 350 중 예2의 청구항 4와 청구항 6에 관한 질문입니다. 【예2】 【청구항 1】 A 및 B를 포함하는 장치 【청구항 2】 청구항 1에 있어서, C를 더 포함하는 장치 【청구항 3】 청구항 1 또는 청구항 2에 있어서, D를 더 포함하는 장치 【청구항 4】 청구항 3에 있어서, E를 더 포함하는 장치 【청구항 5】 청구항 2 또는 청구항 4에 있어서, F를 더 포함하는 장치 【청구항 6】 청구항 5에 있어서, G를 더 포함하는 장치 A. 예2의 청구항 4에 대하여 ""청구항 제3항만 인용하고 있다고 하더라도 제3항이 둘 이상의 청구항을 인용하고 있어서, 실질적으로 둘 이상의 항을 인용하는 경우와 같으므로 제5항에 대하여 특허법 제42조제8항 위반으로 거절이유를 통지한다. 한편, 특허법시행령 제5조제6항은 (...) 하나의 청구항만을 인용한 청구항에 대해서는 적용할 수 없다."" B. 예2의 청구항 6에 대해서는 ""둘 이상의 항을 인용하는 청구항이 아니므로 특허법시행령 제5조제6항의 위반으로 되지는 아니한다."" 1. 제가 판단하기에 청구항 4와 청구항 6은 하나의 청구항을 인용하나 그 인용되는 청구항이 2 이상의 항을 포함하고 있어 유사해보입니다. 현재 청구항 제4항이 특허법 제42조 제8항 위반이라는 점은 이해하였습니다. 그렇다면 동일한 논리로 청구항 제6항 역시 제42조 제8항 위반에 해당한다고 볼 수 있는지 궁금합니다. 2.두 항 모두 형식상으로는 하나의 항만을 인용하고 있으므로, 시행령 제5조 제6항 위반에는 해당하지 않는 것이 맞을까요?","잘못 이해하고 있네요. 청구항 5가 시행령 제5조제6항 위반이고, 청구항 4, 6은 위반이 아닙니다. 하나의 항만을 인용하는 것은 시행령 제5조제6항의 전제조건에 맞지 않습니다.", ,,26.04.25
특허법,조문,51조,[51조] 보정각하 관련 질문?댓글수5,"안녕하세요! 170조에 의하명 거절결정불복심판던계에서 간과한 보정각하 사유를 발견하였으면 최후거절이유 통지를 하는데, 2022허4765판결에서는 보정각하결정에 기재되지 않은 샤로운 보정각하 사유를 들어 보정각하결정이 정당한 것으로 판단하여도 위법이 아니라고 하여서, 약간 모순처럼 보입니다! 만약 최후거절이유통지를 해야하지만 판결을 하였다면 위법하지 않은 것인가요?","두 개가 다른 CASE인데 혼동하고 있네요. 2022허4765는 거절결정불복심판에서 보정각하에 대해 다툴 때(또는 그 심결취소소송에서 다툴 때), 다른 보정의 부적법사유를 들어 보정각하가 타당하다고 할 수 있다는 것입니다. 보정각하할 때는 어차피 제63조제1항단서에 의해 의견제출기회를 주지 않기 때문입니다. 열공하세요~",그러면 여기서 말하는 보정각하는 거절결정불복심판단계에서 이루어진 보정을 말하는 것일까요?,"심사단계에서 이루어진 보정각하에 대해 심판과 소송에서 다투는 것입니다. 아래는 2022허4765 판결이니 꼼꼼히 읽어 보세요. 답글기능 더보기 임변26.04.27 11:39 보정각하결정에서 다루지 않은 사유를 내세워 보정이 부적법하다고 판단할 수 있는지 살펴보건데, 거절결정의 경우와 달리 특허청 심사관이 출원인의 명세서 등에 대한 보정을 각하하는 경우 그 결정 이전에 출원인에게 그 이유를 통지하여 의견제출 및 보정의 기회를 주도록 하는 특허법 규정이 없고, 심결취소소송에 이르러 특허청이 보정각하결정이나 심판절차에서 다루지 아니한 다른 사유를 내세워 보정이 부적법함을 주장하더라도 출원인으로서는 이에 대응하여 소송절차에서 그 심리의 방식에 따라 충분히 그 다른 사유와 관련하여 보정의 적법 여부에 관하여 다툴 수 있으므로 출원인의 방어권 또는 절차적 이익이 침해된다고 할 수 없어서, 특허청은 거절결정에 대한 심결취소소송 단계에서 보정각하결정에 붙이거나 심판절차에서 다루어지지 아니한 새로운 이유를 추가하여 보정의 부적법을 주장할 수 있다고 보아야 한다. 나아가, 이러한 법리는 거절결정불복심판 단계에도 적용되어특허심판원이 출원인인 심판청구인에게 의견진술의 기회를 주지 아니한 채 보정각하결정에 기재되지 아니한 새로운 보정각하사유를 들어 보정각하결정이 정당한 것으로 판단하였다고 할지라도 그 심결을 취소하여야 할 위법이 있다고 할 수 없다.",26.04.26
특허법,조문,30조,[30조] 공지 등이 되지 아니한 발명으로 보는 경우?댓글수1,"안녕하세요? 30조 1항의 12개월 이내의 기간 산정시 1. 2020년 9월 1일 (시간 특정 : ex>오후 2시) 공지 인 경우 기산일 2020년 9월 2일, 만료일 2021년 9월 1일 까지 로 보는 것이 맞을 까요? 2. 상기 1번에서 공지 시간이 불명확한 경우에도 동일하게 기산일을 잡아도 될지요? 3. 상기 1번에서 공지 시간이 0시인 경우에는 기산일이 2020년 9월 1일이 되어 만료일이 2021년 8월 31일로 될까요? 감사합니다.",1. 네 2. 네. 오전 0시에 공지되었다는 언급이 없는 한 초일 불산입하면 됩니다. 3. 네., ,,26.05.16
특허법,조문,29조,"[29조, 36조] 동일성의 유형 비교?댓글수2","안녕하세요! 강의노트 61p, 62p, 63p와 관련된 질문입니다. 제가 잘 이해하고 있는지 확인하고 싶어서 질문드립니다..! 1. 동일성의 유형 중 B유형(신규성, 확대된 선출원)과 C유형(선출원주의)은 발명의 구성 일부의 변경에 대하여 판례가 다르게 판시하고 있어서 유형을 달리한다. B유형은 쉽게 바꿔서 말하면, 구성 변경에 있어서 조금만 바뀌었다면 동일한 것으로 본다. C유형은 쉽게 바꿔서 말하면, 구성 변경에 있어서 B유형보다 조금 더 바뀌었어도 특별한 차이까지 바뀐 것이 아니라면 동일한 것으로 본다. 라고 이해하였고 다시 정리하면 B유형보다 C유형이 동일성에 대하여 더 엄격하게 보고 있다. 라고 이해하였습니다. 앞서 말씀드린 내용이 다 맞게 이해한 내용인지 여쭤보고 싶습니다. 2. 필기노트 63p를 보면, C유형을 '진보성 판단에 준하여 판단'으로 적혀있는데 '특별한 차이까지 바뀐 것이 아니라면~'이라는 판결문에 때문에 그렇게 적혀있는 것이 맞을까요? 진보성 판단에 준하여 판단한다는 것에 대한 의미가 잘 이해가 안 됩니다.. 감사합니다.","1. C 유형이 B 유형보다 동일성을 더 넓게 인정하고 있는 것입니다. 2. 진보성 판단은 구성의 곤란성과 효과의 현저성에 의하는데, 통상의 기술자가 보통으로 채용하는 정도의 변경이면 구성의 곤란성이 없는 것이고, 효과의 특별한 차이를 일으키지 않는다면 효과의 현저성이 없는 것입니다. 열공하세요~", ,,26.05.26
특허법,조문,29조,29조 제3항?댓글수1,그 특허출원 (Y)를 죽이기 위해 확대된 선출원 개념이 필요하다고 설명해주셨는데 다른 날에 특허출원이 있다면 선출원주의에 의해 Y를 죽일 수 있는거 아닌가요? 29조 3항의 필요성에 대해 다시 한번 설명 듣고 싶습니다!,선출원은 청구범위가 동일해야 적용됩니다., ,,26.05.30
특허법,조문,47조,[47조] 실체보정?댓글수1,"안녕하세요 변리사님. 기출 114p 2번 선지 관련 질문입니다. '하나의 청구항에 기재된 2이상의 발명 중 일부에 대해서 의견제출통지서를 받아 이를 해소시키기 위한 보정을 했고 심사관이 그 청구항의 나머지 발명에 대해서 다시 거절이유를 통지한 경우 이는 최초거절이유통지에 해당한다.'고 되어있는데 선지에서 2발명 A, B가 있다고 할 때, A발명의 진보성 없음을 이유로 최초거절이유통지를 하고 보정 후에 심사관이 B에도 진보성이 없음을 발견해도 둘 다 원시적으로 존재하던 거절이유라고 하더라도 최초거절이유통지를 하나요? 만약 아니라면 2번 선지를 맞다고 하는 이유가 무엇인가요?","B에 대해서는 거절이유통지를 안 했기 때문에, 원시적으로 거절이유가 발생한 것을 늦게 발견한 것입니다.", ,,26.06.17
특허법,조문,51조,[51조] 보정각하의 예외?댓글수1?사진첨부,"강의노트 184쪽(제51조 제1항 제1호)의 그림을 참고하여 질문드립니다. 조문의 내용은 직권보정 직전에 한 보정3의 보정인정 유무를 판단하지 않고 보정인정된 것으로 본다고만 하였는데, 심사4 단계에서 2번을 발견하였을 때 거절결정이 되지 않고 최후거절이유를 통지하는 이유가 무엇인가요? 같은 항 3호와 달리 1호는 거절결정되지 않는 이유가 궁금합니다..","기본서의 직권보정 파트를 보면 다음과 같이 기술되어 있습니다. ""특허결정이 취소된 것으로 보는 경우 심사관은 직권보정 전 명세서 또는 도면에 의하여 다시 심사를 진행한다. 이때 심사관이 직권보정 전에 이미 통지된 거절이유가 발견되더라도 다시 거절이유를 통지하여야 한다. 다만 그 거절이유가 출원인이 받아들이지 아니한 직권보정사항에 해당하고, 이미 통지된 거절이유라면 바로 거절결정할 수 있다.""", ,,26.06.24
특허법,조문,33조,"[33조, 38조]특허를 받을 수 있는 권리의 승계 질문?댓글수1",안녕하십니까 변리사님! 기출 문제집 73p 8번 질문 드립니다! 4번에 “지재처 직원 병으로부터 특받권을 상속한 을은 지체 없이 지재처장에게 신고하여야한다”는데 맞다고 하셨습니다. 근데 33조 1항 단서에 의하면 지재처 소속 직원들은 특받권은 가지지만 특허를 받을 수는 없다는데 저는 특허를 받을 수 없다는걸 특허출원을 못한다고 이해했습니다. 그러면 지체 없이 지재처장에게 신고하여야한다는 말은 38조 5항에 있고 이건 특허 출원 후가 기준이니 지재처 직원 병으로부터 특받권을 상속한 을(여기까지는 특허출원 전 특받권으로 이해했습니다) 은 지체 없이 지재처장에게 신고하여야한다(여기는 특허출원 후 특받권으로 이해했습니다) 로 이해해서 이 지문이 틀렸다고 판단했는데 어떤 생각에서 오류가 났는지 알려주시면 감사드리겠습니다! 항상 좋은 강의 감사드립니다!,출원은 마음대로 하는 것입니다. 특허를 허여할지 여부를 심사관이 결정하는 것이고요. 해당 지문은 출원 후 승계를 말하는 것입니다. 출원을 하지 않았다면 신고 자체를 할 수 없기 때문입니다. 제38조제5항도 그런 관점에서 기술되어 있는 것이고요. 제38조제5항을 다시 읽어 보세요., ,,26.06.27
