과목,분류,대상_식별자,질문_제목,질문_내용,답변,추가질문,재답변,날짜
특허법,조문,제29조,신규성과 진보성의 구별,(여기에 질문 내용을 적습니다),(여기에 답변을 적습니다),(추가 질문이 있으면 작성·없으면 비움),(재답변이 있으면 작성·없으면 비움),
특허법,조문,제64조,출원공개범위에 관하여,"강의시간에 출원공개는 최명도다 라고 이전부터 말씀하셨는데, 어떤 분은 최명도, 보정된 명도 모두다 출원공개한다고 한 말을 들어서 이것이 맞는 말인지 궁금합니다. ""원칙적으로""란 말과 ""10)"" 내용을 봐서는 경우에 따라서 최명도, 보정된 명도 모두 같이 공개한다는 어느 분의 말이 틀린 것 같지는 않아 보이기도 합니다.만약 제가 주워들은(?)말이 맞다면 그 경우에 모두다 같이 공개하는 것에 대한 논의의 실익이 있는지도 알고 싶습니다.","최명도, 보정된 명도가 다 같이 공개된다는 것은 어떻게 생각하면 맞고, 어떻게 생각하면 틀린 얘기입니다. 공개공보에 개재되는 발명은 최명도에 기재된 발명이며, 다만 보정후 명도에 기재된 발명을 알기 위해서는 특허청장에게 법 제216조에 의해 열람신청을 하여야 합니다.", ,,05.08.10
특허법,조문,제63조,거절이유의 특정,"교과서 p468 거절이유의 특정에서 ""법조문을 달리한다면 거절이유를 달리하며, 법조문을 같이하더라도 사실을 달리한다면 거절이유를 달리한다"" 와 관련하여 수업중에 설명해주신 예가... ""공지기술 A에 대한 진보성위반으로 최초거절이유 통지를 받은 후 (보정 없이) 의견서를 제출하고 공지기술 A와 B에 대한 진보성위반으로 다시 거절이유통지를 받을 경우 이 거절이유는 전의 거절이유와 다른 것이므로 다시 최초거절이유 통지를 받는다""는 것이었는데요. 이 경우 의견서 제출시 보정을 같이 한 것이라면 최후거절이유통지를 받는 것이겠죠?","임변입니다. 질문하신 내용은 case by case입니다. 예를 들어 공지기술 A의 구성요소가 a+b+c, 공지기술 B의 구성요소가 d+e, 출원발명의 최초 청구항의 구성요소가 a+b+c'였는데 출원인이 공지기술 A에 의해 진보성 위반으로 최초거절이유통지를 받고 a+b+c'+d+e로 보정을 한 경우 심사관은 공지기술 A와 공지기술 B의 결합에 의해 진보성 위반으로 최후거절이유통지를 할 수 있습니다. a+b+c'+d+e의 진보성 위반은 최초거절이유통지에 대응한 보정에 의해 새로 발생한 거절이유이기 때문입니다. 한편, 다른 예를 들면 공지기술 A의 구성요소가 a+b+c, 공지기술 B의 구성요소가 d+e, 출원발명의 최초 청구항의 구성요소가 a+b+c+d+e였는데, 출원인이 공지기술 A에 의해 진보성 위반으로 최초거절이유통지를 받고 출원인은 청구항을 보정한 것이 아니라 상세한 설명의 기재를 보정하면서(예를 들어, 오탈자 수정), 공지기술 A에 의해 진보성 위반이 아니라는 의견서를 제출했는데, 심사관이 이를 수긍하지만 공지기술 A와 공지기술 B를 결합한 경우 다시 진보성 위반이라면 최초거절이유통지를 할 수 있습니다. 공지기술 A와 공지기술 B를 결합에 의한 진보성 위반은 보정에 의해 발생한 새로운 거절이유가 아닌 보정과 무관하지만 원시적으로 존재하는 거절이유이기 때문입니다.", ,,05.10.30
특허법,조문,제76조,이의신청 부적법 보정,"76조1항에 보면 이의신청의 결정등본 송달전까지 라고 되어 있어 ""이의결정확정전"" 은 틀린 지문으로 나왔는데 뭐가 다른지요? ""심리종결통지전""(정정심판청구 보정가능기간)과도 어떻게 다른지... 이와 비슷한 것으로 참가의취하,심판취하----심결확정전 참가의신청,제척신청----심리종결전 인것이 심리종결후->심결확정전 인것을 알겠는데 이렇게 구별하는 실익이 전자가 후자보다 좀 더 중대한(?;;)거라 시간을 더 주는 건가요? 절차적인것을 책상 맡에서 공부하려니 알 듯 말 듯 햇깔리네요;;","""확정""이란 더 이상 불복할 수 없는 상태를 말합니다. 따라서, 시간상 많은 차이가 발생합니다. 예를 들어, 심리가 종결되어 심결이 있고, 그 등본이 송달되더라도 30일이 경과되어야만 심결이 확정되는 것입니다. 또한 30일 이내에 불복의 소를 제기하는 경우 심결이 특허법원에 계속중이고 아직 확정되지 않은 상태이게 됩니다.", ,,05.12.30
특허법,조문,제61조,우선심사청구의 전제로서의 출원공개,"HB p.411 18번 문제입니다. '甲은 01년 5월 1일 A를 출원했고, 아직 출원공개되지 않았다. 그런데 甲은, 乙이 02년 4월 1일에, 甲이 출원한 A를 실시하고 있다는 것을 발견했고, 甲은 실시를 준비 중이다' <- 이것이 문제의 상황입니다. 제가 궁금한 것은, 1번 지문인데요, 이는 맞다고 되어 있습니다. '甲,乙 모두 심사청구 및 우선심사청구를 할 수 있다. 이 경우 반드시 甲은 우선심사청구의 전제로서 출원공개를 해야 하는 것은 아니다'인데요.. 61조에 1호와 2호가 있는데, 1호가 '제3자의 무단실시의 경우'에 관한 것이지 않습니까. 이때 우선심사청구하려면, '심사청구' + '출원공개'가 되어야 가능한 것이라고 알고 있는데요.. 지문에서는 '출원공개를 해야 하는 것은 아니다'가 맞다고 되어 있어서 지문이 틀린 것인지, 제가 문제 해석을 잘못한 것인지 궁금해서 여쭤봅니다. 甲이 우선심사청구하려는 목적은 결국 61조 1호에 해당하는, 제3자(乙)의 무단실시를 막고자 하는 것 아니겠습니까? 그런데 왜 출원공개를 해야 하는 것은 아니다.. 가 맞는 것인가요?",법 제61조 제1호와 제2호 사유 모두 해당하기 때문에 제2호에 의해 우선심사를 청구하는 경우 꼭 출원공개를 해야 하는 것은 아닙니다., ,,06.02.01
특허법,조문,제77조,정정인용시 주문에 표시여부,"이의신청 심사중에 또는 무효심판중에 특허권자가 정정청구하여, 정정청구가 받아들여진 경우 이의결정문 또는 심결문 작성시 주문에도 정정청구가 인용되었다는 것을 표시하나요? 이지특허법을 보니 정정청구 인용시에는 주문에도 표시한다고 되어 있어서 궁금합니다. 정정불인정시에는 심결문의 이유 란에만 표시하는 걸로 알고 있는데, 정정인정시에는 이의결정문이나 심결문의 주문과 이유에 모두 표시하는 것인지 알고 싶습니다. 또한 주문에 표시하는 경우 어떻게 표시하나요? 예를 들어 무효심판의 경우 ""무효심판은 기각한다... 정정청구는 인용한다..."" 이런 식으로 표시하나요?","명확성을 위해 실제로 찾아봤는데 검색되는 것이 없네요. ""정정청구를 인용한다. 무효심판은 기각한다.""와 같이 판단하는 것이 맞다고 생각됩니다.^^;", ,,06.05.23
특허법,조문,제72조 2,"특허출원이 특허청구항 1개로 이루여졌는데, 그 청구항이 여러개의 발명으로 구성된 마쿠쉬청구항이라고 할 때, (A+B가 구성요소이고 A는 a1, a2, a3임) 이의신청인이 a1+B만을 신규성위반으로 이의신청한 경우, 심사관합의체가 a1+B는 이의사유가 아니고, a2+B에는 진보성의 거절이유가 있다고 판단되면, 직권심리하여 특허취소결정을 할 수 있나요? (제72조 제2항에서는 이의신청하지 않은 청구항에 대해서는 심리하지 못한다고 하는데, 마쿠쉬청구항은 여러개의 발명이 포함되어 있어, 제72조 제2항의 해석에 있어 이것을 1개의 청구항으로 해석해야 하는지 아니면 다른 발명이니까 여러개의 청구항으 로 유추하여 직권심리가 불가하다고 해야 하는지 궁금합니다. 조성광 변리사님은 GS에서 이러한 경우 여러개의 발명으로 구성되어 있으므로 다른 발명 에 대해서는 직권심리 못한다고 하는데, 전 법조문 그대로 해석해야 된다고 생각하는데...) 또한 만약 상기 이의신청에서 a1+B만이 처음 신청이유인 신규성 위반되었다고 판단될때, 심사관합의체는 마치 청구항별 심판이 가능한 것처럼, a1+B만을 취소결정하는 것인지, 아니면 신규성을 위반하지 않은 다른 발명들(a2+B, a3+B)도 모두 하나로 보아, 전체 청구항을 특허취소결정을 하는 것인지 궁금합니다.",,"1. 가정이 틀린 것 같습니다. A B에 대해서 이의신청을 하는 것이지, a1 B에 대해서 이의신청을 하지는 않습니다. 2. a1 B만 신규성 위반인 경우에도 A B 전체를 취소결정합니다.", ,,06.06.09
특허법,조문,제64조 2항,정보제공의 시기,"<질문1> 기본서에 보면 정보제공은 출원공개후 특허권 설정등록시까지 할 수 있다고 하는데요. 그렇다면, 특허출원하여 심사중에는 할 수 있고, 만약 거절된 후 거절결정불복심판중에도 할 수 있나요? 또한 이에 대한 심결취소소송중에는 어떤가요? 제 생각엔 아무리 기본서에 특허권 설정등록시까지 할 수 있다고 했어도, 정보제공은 특허청장에게 하는 건데, 심판중이나 특허법원에 계속중인 경우에는 정보제공을 할 수 없을 것 같은데, 실제는 어떤지 궁금합니다. <질문2> 2006.10.1일부터 시행되는 특허법에서는 ""정보제공""제도인 제64조 제2항이 삭제되었 는데, 그 이유가 무엇인가요?","1. 정보제공은 어디든 가능하다고 보입니다. 다만, 심결취소소송은 제한설의 입장이기 때문에 정보제공을 할 실익이 없습니다. 2. 63조의2가 신설되면서 출원공개와 상관없이 정보제공을 할 수 있게 되었습니다", ,,06.06.25
특허법,조문,제69조,특허이의신청,특허이의신청 방식심사의 주체가 누구인지 궁금해서 이렇게 질문을 드립니다. 절차상으로 본다면 방식심사 이전에 심사관합의체와 심사장을 지정하고 총괄사무의 주체가 심사장인 까닭에 심사장인것 같기도 하지만... 이의신청에서 제141조[심판청구서의 각하]를 준용하지 않는 것과 특허이의신청서의 보정명령 및 불수리 처분을 특허청장이 행하는 것을 보면 아무래도 특허청장인듯 해서요. 어느 표에서 본거 같은데.. 이의신청과 심판을 비교하며 이의신청의 방식심사 주체가 심사장으로 기록되있었던 것 같아 더욱 궁금해졌습니다,"실제로는 심사장이 다 하지만, 각각 처분에 대한 명의가 다르다고 생각하십시오", ,,06.11.26
특허법,조문,제69조,이의신청사유,"Q1. 87조 1항 단서라고 하는 표현이 87조 1항 각호의 내용이라고 보면 되는 건가요 ? Q2. 만약에 각호의 내용(특허료 납부관련사항)이 이의신청사유라면, 특허권자 또는 설정등록을 받고자 하는 자가 특허료를 79조, 81조, 81조의 2, 81조의 3 등에 의한 특허료를 내지 않았다는 것을 제3자가 어떻게 알고 이의신청을 하는 건가요 ? ;;",제87조 제2항 단서는 개정됨에서 삭제되었기 때문에 사문화되었다고 생각하시면 됩니다, ,,06.11.27
특허법,문제,제73조,이의신청시 실체심사의 주체,"문제집을 풀다가 해깔리는게 있어서 글 올립니다. 문제집 지문중 심사관은 병의 이의 신청에 대해서는 일차적으로 각하결정을하고, 을 및 병의 이의 신청에 대해서는 병합하여 심사할 수 있다. 란 지문이 있고 맞게 되어 있으면서 해설에 심사관은 2이상의 이의 신청을 병합하거나 분리하여 심사 또는 결정을 할 수 있다. 라고 되어 있는데 위 지문에서 심사관합의체가 아니라 심사관이라고 해도 맞다고 해야하나요??",가장 틀린 지문을 고르십시오. 정확히 말하면 당연히 틀렸겠지요., ,,06.12.06
특허법,조문,"제69조, 제70조",이의신청절차에서 취지통지 및 부본 송달,"Q1) 일단, 등록권리자에게 취지통지(69조3항)와 특허권자에게 부본송달(70조2항)은 심사장이 같은 시기에 동시에 하는 것이 맞는 것인가요 ? 그리고 방식심사에서 보정가능한 흠결(46조)과 시규11에 해당하는 불수리 사유는 특허청장이 방식심사시 판단하는 것이기 때문에 아직 이의신청을 담당할 심사관 조차 지정하지 않은 상황에서 하는 방식심사이므로, 취지통지와 부본송달 보다는 먼저 행하여 질테니까, 방식심사부터 먼저 할 것 같습니다.. 그런데 78의 2에서 준용하는 142조(시규11에 해당하지 않는 부적법한 이의신청의 결정각하)에서는 특허권자에게 답변서 제출기회도 주지 않고 이의신청을 결정으로 각하할 수 있다고 나와있는데, Q2) 심사관합의체가 시규 11에 해당하지 않는 부적법한 이의신청을 방식심사 후 결정각하할 때에는, 방식심사와 취지통지 및 부본송달은 순서에 얽매이지 않고 행할 수 있는 것인가요 ? 심사장이 행하는 이의신청서의 결정각하(74조 2항)에서 이의신청인이 이유 및 증거를 제출하지 아니한 때에는 이의신청기간 경과후 결정으로 각하할 수 있다라고 하는데, Q3) 74조 2항에 의한 이의신청서의 결정각하에서는, 취지통지 및 부본송달은 하지 않고, 이의신청기간까지 기다렸다가 이의신청서를 결정각하하는 건가요? (이유 및 증거가 제출되지 않은 상태니까.. 등록권리자에게 취지통지는 할 수 있을 것 같지만.. 이유 및 증거가 없으니까 부본송달을 해서 답변서 제출기회를 줄 수는 없는 듯 해서 헷갈리네요..) 결론적으로, Q4) 위에 방식심사와 부본송달 및 취지통지의 순서는 어떤 순으로 행하여 지는 것인가요 ? (제 생각으로는, 특허청장의 방식심사 -> 심사관의 지정 -> 심사장에 의한 방식심사 (이유 및 증거 미제출시 심사장에 의한 이의신청서 결정각하) -> (취지통지 및 부본송달 + 심사관합의체의 방식심사 후 부적법한 이의신청 결정각하) 이런 순으로 될 것 같다고 생각을 해보았는데요.., 항상 혼자 생각한 것을 믿다가는 피박을 쓰기 때문에 이렇게 길게 질문드립니다.(--) (__);)","1. 방식심사를 먼저 한 후 수리가 된 경우 부본 송달 및 답변서 제출기회를 줍니다. 2. 답변서 제출기회를 주기 전에도 할 수 있고 준 후에도 결정각하를 할 수 있습니다. 3. 조문에 보면 ~~할 수 있다.라고 규정되어 있는데, 이는 취지통지 및 부본송달 전 결정각하할 수도 있고 후에 결정각하할 수도 있다는 의미입니다. 4. 생각하신 내용이 전체적으로 맞는 것 같네요", ,,06.12.25
특허법,조문,"제77조, 133조 2",정정청구에 대해서,"정정청구를 할 때에 무효심판의 정정청구 에 대해서는 특허출원시를 기준으로 특허를 받을 수 있을 것은 적용되지 아니한다. 이는 특허무효심판절차에서의 정정청구에 대하여 해당 청구항의 특허출원시를 기준으로 특허받을 수 있을 것 을 판단한 후 무효심판 대상 청구항에 대하여 다시 무효사유의 유무를 판단하는 것은 실질적으로 동일한 내용을 중복적으로 판단하는 효과가 발생하기 때문이다 라고 하는데, 이의신청단계에서 정정을 하고 이의신청사유의 유무를 판단하는 것 또한 실질적으로 동일한 내용을 중복적으로 판단하는 것이라고 생각할 수 있지 않나요? 이의신청사유의 유무 판단도 특허를 받을 수 있는 것인지에 대한 판단 아닌가요? 무효사유와 달리 후발적 무효사유 나 조문상 52,53조 위반이 이의신청이유에 해당하지 않기 때문인지 아니면 다소 입법적 불비일 수도 있는건지 아니면 곧 사라질 제도이기 때문인지 궁금합니다.",입법불비이지만 곧 사라질 제도이기 때문에 개정하지 않은 것입니다, ,,06.12.26
특허법,문제,제77조 3항,의견서 제출기간,"특허권자는 답변서 제풀기간내에 한하여 특허의 정정서에 청무된 정정한 명세서 또는 도면에 대하여 보정을 할 수 있다 (해설) 틀린지문. 특허권자는 답변서 제출기간이 아닌 의견서 제출기간내에 한하여 정정 명세서 등을 보정할 수 있다. 라고 되어 있습니다. 언젠가 질문과 답변중에 ""의견서""와 ""답변서""의 차이점에 대해서 질문한 것을 본 기억이 있는데요? (못 찾아서 질문 올립니다 -.-;;) 특허이의신청 절차에서 뿐만 아니라 '답변서'와 '의견서'가 자주 나오는데요, 제가 이해한 바로는 ""답변서""는 당사자계에서, ""의견서""는 법에 있는 내용에 대한 의견으로 생각되는데, 그 차이점이 무엇인가요? 그 차이점에 기인하여 위의 객관식 지문과 같은 내용이 발생할 수 있는 것인가요?","상대방의 신청 또는 청구에 대해 대응할 수 있는 기회를 주는 것이 답변서이고, 그 신청 또는 청구가 된 후 그 절차안에서 당사자에게 불이익한 처분을 하고자 할 때 기회를 주는 것이 의견서입니다", ,,07.01.02
특허법,문제,제65조,보상금 청구권의 단기소멸시효,"(4) 특허권의 설정등록일로 부터 3년을 경과한 때에는 그 특허권에 관한 특허출원의 출원공개에 대한 보상금청구권을 행사하는 것이 가능한 경우는 없다 (x) 서면경고를 하지 않았으나 제 3자가 출원공개된 발명임을 알고 실시한 경우, 즉 악의의 실의 경우에는 그것을 안 떄로부터 3년간의 소멸시효가 적용된다 라고 해설에 되어 있는데요 되어있었습니다. 그런데 제 짧은 생각으로는 등록전에 경고를 안했다면 결국 등록후 경고를 했다는 의미가 되고, 이경우 침해로 적용이 가능할 뿐더러, 등록전에 경고를 했다면 결국 등록시 부터 단기 소멸시효가 적용되서 어느 경우이든 설정등록일 후 3년을 경과하면 보상금 청구권의 행사는 불가능하게 맞다고 생각이 됩니다.",저도 문제가 이해되지 않는군요. 이해하신 내용이 맞습니다. 등록후 3년을 경과하면 보상금청구권을 행사할 수 없습니다., ,,07.01.14
특허법,조문,"제59조 3항, 5항","분할, 변경출원 심사청구","법 제59조 제3항에 보면 ""제2항의 기간이 경과된 뒤에도 분할,변경출원 한 날부터 30일 이내 심사청구 할 수 있다""고 되어 있습니다. 그런데, 법 제59조 제5항에 보면 원출원은 출원일부터 5년이 경과했으므로 취하간주되게 됩니다. 하지만, 교재같은데 보면 분할,변경출원의 요건을 보면 원출원 계속중(?)에 가능하다고 되어 있는데 좀 이상하네요. (원출원 계속중에 가능하다는 말은 잘못된것인지....-_-) 1. 원출원일부터 5년이 경과되어도 제59조 제5항의 원출원 취하간주 규정과 관계없이 분할,변경출원이 가능하다는 말인지요? 2. 그럼, 만약 어떤 출원이 출원일부터 5년이내에 심사청구를 하지 않아서 취하간주 되었는데. 이를 다시 살려내기위해서 일부 발명을 분할출원하거나 또는 변경출원한 후 30일 이내 심사청구 한다면 다시 살려낼 수 있는 말인지요?","원출원에 대해 심사청구하고 분할, 변경출원하면 됩니다", ,,07.01.20
특허법,문제,제62조,거절결정,"가끔 문제 지문에 갑의 특허출원 X( ABC/ABC) 중 C는 특허요건의 흠결이 없기때문에 특허출원중 C는 특허받을수있다라는 이런 지문이 나오는데요 문제에서 X출원자체가 A,B때문에 거절되는 경우라도 저런식으로 표현할수있는건가요 출원전체를 거절결정하기때문에 '특허출원중 뭐뭐발명은 특허받을수있다' 라는 표현을 쓰면안되는것아닌지... 결국엔 특허받을수 없기때문에..","정확히 말하면 틀렸습니다. 다만, 가장 틀린 지문을 고르는 것이 객관식입니다", ,,07.01.26
특허법,조문,제74조,이의 신청서의 결정각하,"정확히 말하면 틀렸습니다. 다만, 가장 틀린 질문1)특허법에서 보면 이의 신청 이유나 증거를 기간내에 제출하지아니하면 심사장이 이의신청서를 결정각하 한다고 조문에 나아있습니다 그런데 디자인보호법은 '이의신청서'가 아닌 이의신청을 결정각하한다고 조문에 되어있더군요;;; 수업시간엔 심사장은 이의신청서를, 심사관합의체는 이의신청을..이라고 배운거 같은데 결국 그러면 디보와 특허법의 두 조문은 내용이 전혀다른 조문인건가요 아니면 표현이 다르고 실체는 같은것인지?? 질문2) 이의 신청의 기간이 경과된후에 이의신청 접수되면 특허법에서는 특허청장이 불수리 하지 않나요?? 디보 객관식 문제보니까 심사관합의체가 이의신청을 결정으로각하한다고 적혀있길래 헷갈려서 질문드립니다.지문을 고르는 것이 객관식입니다","디보가 법조문에 오류가 있는 것입니다. 특허법도 기존에는 이의신청이었는데, 이의신청서로 바뀌었습니다. 디보법도 바뀌어야 합니다. 2. 심판을 준용하다보니.. 심판에서도 기간 경과하면 불수리하지 않고, 심결각하합니다.", ,,07.02.08
특허법,조문,제59조,출원심사청구,"59조에서 보면 원출원일로부터 5년을 경과하여 분할출원 또는 변경출원을 하면 심사청구기간은 분할출원 또는 변경출원 한날부터 30일내까지 할수있다 라고 되있는데여.. 심사청구 5년을 경과하면 원출원은 취하될텐데 경과후에 어떻게 분할,변경출원이 되는건지?? 그리고 분할출원 변경출원 할수있는 기간이 47조 1항 보정기간내라고 되있는데... 47조 1항보면 42조 5항의 기간(1년6월) 또는 특허등록 송달전 또는 최초, 최후거절이유통지 거절결정불복심판청구후 30일인데... 최초 최후통지를 계속 반복하면 모를까아무리 조합해바도 원출원후 5년 넘어서 분할출원 변경출원 하게된는 답이 안나와서여.. 뒤에를 아직 다 안배워서 그런건지... 답변 부탁드립니다...^^;","원출원과 분할, 변경출원은 각각 별개의 심사청구를 해야 합니다. 따라서, 원출원에 대한 심사청구가 있어야, 원출원일로부터 5년이 경과된 후에 분할출원, 변경출원을 할 수 있습니다. 그렇지 않다면, 원출원이 5년이 되었을 떄 취하간주되기 때문에 5년전에만 분할출원, 변경출원을 할 수 있습니다", ,,07.03.29
특허법,조문,제65조 1항,출원공개의효과(경고의 시기),"1.조문에''출원공개가 있은후~~경고할 수 있다.'' 라고 되있고, 2. p453의 내용중에 ''실시의 중지를 요구하는 것이 아니라 특허출원인이 자신의 특허출원이 출원공개되었다는 사실 및 후에 보상금청구권의 대상이 됨을 실시자에게 알리는 사실의 통지이다.'' 위 둘을 보고 ''출원공개를 해야 경고를 할수있고, 공개전에 경고 했다고 하더라도, 보상금청구권 발생을 위해서는 공개후에 다시 한번더 경고 해야한다.'' 고 이해했고, 이게 더 자연스러운것 같이 느껴집니다. 여기에 대한 내용이 p453에 나와있는데요.(출원공개전에도 경고할수있고, 이경우 출원공개시부터 보상금청구권 발생..) 뻔히 써져 있는 내용을 질문해서 기분나쁘실까봐 걱정되네요 ^^ 그런데, 1,2부분이 너무 명확하고, 자연스러운 해석같이 느껴져서 확인차원에서 질문드려봅니다.",공개 전 경고를 하면 공개한 때 안 때가 되는 것입니다, ,,07.06.28
특허법,조문,제65조,보상금 청구권의 형사적 조치 가능 여부,보상금청구권에도 간접침해가 준용되니까 직접침해에 해당하는 경우는 간접침해의 경우와는 달리 고의가 있는 경우 형사적 조치를 취할 수 있는건가요?,"보상금청구권은 특허를 받을 수 있는 권리 중 하나로서 특허권과 같이 민형사상 조치를 취할 수 없습니다. 다만, 실시료 상당액의 보상금을 청구할 수 있을 뿐입니다", ,,07.07.26
특허법,조문,제65조,보상금청구권 판단시점,"1)실시시 기준으로 등록되었다면 발상설참작,기재불비,역균등론에 의한 효력제한될 것인데 당업자의 용이성 생겼거나 보정으로 등록되어 권리범위에 속하게 된 경우 (실시시 기준으로 판단하여 안생기나요) 2)출원경과 참작에서 제3자가 실시 후 의식적으로 제외된 경우 (소급소멸되는 건가요) 3)직무발명의 사용자가 등록되어 법정실시권 생기기전에 실시한 경우 (아예 안생기는건가요) 이 경우 등록전 실시에 의한 보상금청구권은 어떻게 되는 건가요",특허권의 권리범위에 속하지 않은 것은 보상금청구권도 발생하지 않습니다. 보상금청구권은 등록후에 행사할 수 있기 때문에 등록후에 권리행사가 안됩니다., ,,07.07.26
특허법,조문,제65조,조기출원공개,"변리사님 강의를 예전에듣고 지금은 다른책도 보고있는데요.. 여러모로 헷갈리는 부분이 많습니다. 차라리 한권만 쭉볼것을 괜히 더 헷갈리네요.. 특히 제가 보는 그책에는 ""심사실무는 ~하고 있다""이런식으로 나오는 부분이 많은데요.. 법에 명시된것과 심사실무가 다르게 적혀있으면 어떤것을 맞다고 이해해야하는지요? 한가지만 예를들면.. 특허법에는""조기공개의 신청인은 출원인과 그 승계인,그리고 공동출원의 경우에는 각자가... 위임대리인은 특별수권없이~~""이런식으로 적혀있는데 반해, 심사실무는 ""국내우선권주장과 관련하여 불이익이 있을수있으므로 출원인만이 신청을 할 수있다""","둘 다 같은 말입니다. 출원인만이 할 수 있으나, 출원인인 변경되면(갑-->을) 승계인(을)이 할 수 있는 것입니다. 그리고, 갑과 을이 공동출원한 경우에는 법 제11조 제1항 각호에 해당하지 않기 때문에 대표자가 없는 경우 각자가 할 수 있으며, 출원인이 임의대리인을 선임한 경우엔은 법 제6조에 해당하지 않기 때문에 특별수권없이 임의대리인이 할 수 있는 것입니다.", ,,07.08.13
특허법,조문,제65조,보상금청구권,"출원공개후, 실시로 침해가 있는경우에 10년의 소멸시효가 걸리는데요. 설정등록되기전에 소멸시효가 완성되는 경우는 없나요? 있다면 어떤 결과가 생기는지 궁금합니다. 조금 어처구니 없는 질문일 수도 있어서 조금 부끄럽네요. 답변부탁드립니다~",있습니다. 위법행위가 있는 날(출원공개후 경고받거나/안때)로부터 10년내에 등록이 되지 않으면 보상금청구권은 소멸시효에 의해 소멸합니다, ,,07.10.17
특허법,문제,"제60조, 제210조",객관식특허법 8번 9번 문제 질문이요,p297 8번문제에 (바)문항에 제3자는 2000년 11월 15일 경과한후 심사청구할 수 있다고 나오는데 해설에도 그렇고 국내서면제출기간은 우선일로 부터 2년 7월까지 이기 때문에 2000년 12월 15일 부터 심사청구를 할수 있는것이 아닌가요? 혹시 출원인이 번역문제출과 수수료를 납부하면 그때부터 가능한 건 가요? 전자가 맞다면 답이 이상한거 같습니다^^ p298 9번문제에 보면 (3)항을 보면 심사관이 통지를 한다고 문제에 나와있는데 틀린것이 아닌가요? 특허청장 같습니다,1. 전자가 맞습니다. 우선일로부터 2000년 12월 15일후에 심사청구할 수 있습니다. 2. 맞습니다. 특허청장이 그 특허공보에 게재해야 합니다, ,,07.12.06
특허법,조문,,거절이유통지를 받은 출원인의 대응방안,거절이유통지를 받은 출원인의 대응방안 중에 조약우주출원 또는 국내우주출원이 가능하다고 되어있는데요.. 원출원(X)에 거절이유 있는 a 발명이 있다면 국내우주출원(Y)에도 a발명이 포함되어 있어 거절이유가 그대로 남아있게 되어 국내우주와 조약우주는 극복가능한 대응방안으로 적합하지 않는거 같은데요....답변 부탁립니다...,"기재불비를 해결하려고 하는데 신규사항이 추가되어 보정이 허용되지 않은 경우에 이용할 수 있습니다. 따라서, 일부 학자들은 국내우주를 광의의 보정 수단이라고 표현하기도 합니다.", ,,07.12.29
특허법,조문,제65조,특허권의 포기와 보상금청구권,"1.법조문 65조 6항에 따르면 "" 보상금청구권은 특허출원이 취하 포기 되면 처음부터 발생하지 아니한 것으로 본다."" 라고 되었있습니다. 2. EZ 특허 객관식 1판 P.316 7번 문제의 2번해설을 보면 ""그러나, 특허권이 포기된 경우에는 보상금 청구권은 소멸하지 않는다. "" 라고 되어있습니다. 3. 동책 P.326 7번 (나) 해설을 보면 ""특허권을 포기한 경우 그때부터 장래를 향해 소멸하므로 경고 또는 안때 부터 설정등록시까지의 실시료 상당액인 보상금청구권은 소멸하지 않는다."" 라고 되어있습니다. 질문: 1번의 해석에 의해 2번과 3번의 해설들이 잘못되어있는지 궁금합니다.",특허출원의 포기와 특허권의 포기는 전혀 다릅니다. 특허출원을 포기하면 특허권이 발생하지 않습니다., ,,08.10.06
특허법,조문,제62조,특허거절결정관련,"(이지특허법6판 p449) ""거절이유가 동일한 경우, 2번의 거절이유통지를 하지 아니하고 거절결정을 한다.""의 근거가 무엇인지요. (암기하고 있는 내용입니다만 근거가 무엇인지 알고 싶어서 Mail올립니다.)",제63조 제1항에 의거하여 출원인에게 절차적 기회를 한 번 준다는 것입니다. 근거는 제63조 제1항 및 판례입니다,"1. 해당 판례: 해당 판례번호를 알려주셨으면 합니다. 부탁드립니다. 2. 해당 조문 (1) 47조1항2호와 3호 시기의 보정이 부적합하여 보정각하할 경우: 63조1항 단서, 170조1항과 174조2항에 의해, 보정은 보정각하결정하고, 출원은 거절결정하되 다시 거절이유를 통지하지 않는다. 이 경우, 출원은 대부분 거절이유는가 동일하므로, ""거절이유가 동일한 경우, 2번의 거절이유통지를 하지 아니하고 거절결정을 한다.""의 근거로 63조1항 단서, 170조1항과 174조2항이 되는 것은 쉽게 납득이 갑니다. (2) 47조1항2호와 3호 시기의 보정이 적합한 경우: 63조1항 단서가 적용되지 않으므로, ""거절이유가 동일한 경우, 2번의 거절이유통지를 하지 아니하고 거절결정을 한다.""의 근거로는 될 수 없을 것 같은데요. (3) 47조1항1호 시기의 보정에 원거절이유와 동일한 거절이유가 있는 경우:63조1항 단서가 적용되지 않으므로, 이 경우에도 63조가 근거로는 될 수 없을 것 같은데요. (변리사님, 위의 2(1)의 경우에는 근거가 이해되었지만 2(2)과 2(3)의 경우에는 그 근거가 무엇인지 알고 싶어서 다시 Mail올립니다. 다시 질문 드려 번거롭게 해드리는 것 같아 죄송합니다.)","1. 판례 번호는 기본서에 보면 여러 곳에 걸쳐 나와 있습니다. 나중에 다시 찾아 드리겠습니다. 2. (1) 거절이유에 대해 거절이유통지를 이미 해 주었기 때문에 거절결정한다는 의미입니다. (2)의 경우 보정이 적법한 경우 보정각하가 되지 않고 소급효가 인정이 되는데, 제63조 제1항 단서가 왜 나오는지 저도 잘 모르겠습니다. (3)의 경우 거절결정되기 때문에 법 제63조 제1항 본문이 적용됩니다.",08.12.09
특허법,조문,제59조,심사청구와 관련하여,"궁금한점은 특허청이 기존의 1년6월이었던 심사청구기간을 10월 로 바꾸면서 생긴 문제로, 후원의 실체심사가 선원의 출원공개전에 완료되었을시에 일단 특허결정을 한 뒤 '확선주의 위반여부를 판단치못함' 이라고 단서를부가한다고 하셨었는데, 교제441p 에 보면 동일발명에 대하여2이상의 출원이 있을시에는 선원의 출원공개 전까지 후원의 심사를 보류해야한다고 되어있어서 교제대로라면, 위의 경우와같은, 선원의 출원공개전에 후원의 심사가 완료되는문제는 생길수가 없지않은지요... 예외적인경우를 예로들어주신것인지 ... 궁금합니다.",말씀하신 시행규칙 제40조는 심사관이 동일하다는 것을 발견한 경우에 한합니다. 그러나 실무적으로는 양 쪽 모두 심사청구가 되어 실체심사과정에 있지 않다면 발견하기가 쉽지 않습니다., ,,09.01.07
특허법,조문,제65조,보상금청구권 이전 관련,"안녕하세요~ 보상금 청구권의 이전에 관련하여 질문있습니다^^ 1. 특허권이 이전될 때 보상금청구권도 함께 이전되듯이 특받권이 이전될 때 보상금청구권도 함께 이전됩니까? 2. 특허의 등록 전, 후 관계없이 보상금청구권만 따로 이전이 가능한가요? 3. 특허의 설정등록 후, 보상금청구권에도 질권 설정이 가능한가요?",1. 네 2. 부정됨이 맞습니다. 3. 안되는 것으로 이해됩니다., ,,10.07.09
특허법,조문,제61조,우선심사의 신청도 취하가 가능한가요,지문 ) 심사관이 우선심사를 결정하여 우선심사에 착수한 후라도 그 출원에 대한 특허허여여부가 확정되기 전까지는 언제든지 우선심사의 신청을 취하할수 있다. 질문 ) 우선심사도 취하가 가능한가요? (자료와 법령을 찾아봤는데 못찾겠어서요 ㅜㅜ) 취하가 가능하다면 주체와 시기를 알려주셨으면 합니다,"우선심사지침서를 보면, 우선심사신청의 취하는 우선심사결정 통지가 있기 전까지만 가능합니다. 우선심사결정 통지가 있는 경우에는 심사관은 우선심사신청이 유효한 것으로 보고 심사에 착수하기 때문입니다. 주체는 법 제6조와 제11조를 참조하시면 됩니다. 답변이 늦어서 죄송합니다", ,,10.08.04
특허법,문제,제62조,EZ 객관식 특허법 361페이지 12번 (가) 지문에 대해 질문드립니다.,사례에서 출원인이 다항제 기재방법을 위반하여 출원한 경우 인데 (가)심사관은 청구항이 적절한 수로 기재되어 있지 않기 떄문에 시행령 제5조 제2항 위반으로 최초 거절이유를 통지한 것이다. -- (0) 으로 되어있음 근데 거절이유는 한정열거식이라 직접적으로 제5조 2항이 거절이유로 되어 있지 않으므로 42조 8항 위반으로 거절이유를 통지해야 맞는것 아닌가요? 실무에서 저렇게 시행령으로 거절이유 통지가 가능한가요?,"정확히 말하면, 질문하신 내용이 맞습니다. 다만, 객관식이라는 것이 오지선다에서 가장 옳은 것 또는 가장 틀린 것을 고르는 특성이 있다는 것을 생각하셔야 합니다.", ,,11.01.19
특허법,조문,제61조,우선심사제도,"이지 특허법 8판 p455맨 아래에 보면""녹색기술과 직접 관련된 특허출원으로서 선행기술조사 의뢰된 특허출원""임을 표시하여 전자문서로 제출된 출원 요건을 모두 만족하는 경우에는 신청 후 1개월 이내에 초고속 심사를 진행하고 있다. 라고 쓰여져 있는데요, 전자서류 제출만 되는건가요? 서류 송달은 안되는건가요? 즉, 전자서류제출이 하나의 요건으로 만족해야 하는 부분인 것인가요? :) 사소한 거지만 급 궁금해져서요...^^",네. 우선심사의 신청에 관한 고시 제5조 제3항에 기재되어 있습니다, ,,11.05.16
특허법,조문,"제61조, 제65조",우선심사제도 및 보상금청구권,"1. 우선심사청구도 취하가 가능한지.. 2. 그리고 보상금 청구권 중에서 법적 성질 중에서 권리의 독립성 부분에 대한 질문입니다. 만약, 갑이 출원하고 설정등록 받아서 을에게 특허권을 넘겼습니다. 근데 공개후 설정등록 전에 제 3자가 업으로서 무단실시를 하였고 경고도 받았습니다. 을이 특허권을 가지고 있는 이 상황에서 보상금 청구권 행사는 원래 특허권을 가지고 있었던 갑이 할 수 있는건지 아니면 설정 등록 후 특허권을 양도 받은 을이 할 수 있는건지... 즉, 권리의 독립성(보상금청구권의 행사는 특허권의 행사와 별개)에서 권리란 어떠한 권리인지 그리고 양도시에 귀속이 누구에게 되는 것인지 궁금합니다.!!!",1. 네. 우선심사결정 통지 전까지 가능합니다.(심사지침서 7309면 참조) 2. 을이 할 수 있는 것으로 해석하는 것이 타당해 보입니다. 이 경우에도 특허법 제18조에 의해 갑이 행한 절차의 효력은 을에게도 미치는 것으로 보입니다., ,,11.05.18
특허법,조문,,재심사청구시,재심사청구후 분할출원은 못한다고 알고있습니다 그 이유가 특허거절결정이 취하된것으로 보기때문이라고 하는데요 맞자요??,"재심사청구후 분할출원할 수 있습니다. 재심사단계에서도 최초, 최후 거절이유통지가능한데 이 때 분할출원할 수 있고, 재심사단계에서 거절결정등본송달받고 30일 이내 분할출원을 할 수 있습니다.", ,,11.08.26
특허법,조문,제67조의 2,관련 질문있습니다,"이지 특허법 9판 487쪽 각주 30에서 첫번째 거 말인데요. 취급에서 보면 보정서 제출 시점을 기준으로 심판청구의 무효 취하 여부에 관계없이 특허법시행규칙 제11조 제1항 제19호를 이유로 소명 기회를 부여하고 보정서를 반려한다. 라고 나와있습니다. 여기서 심판청구의 무효 취하 여부에 관계없이라는 부분이 이해가 안되는데요. 무효 취하되면 심판이 청구된게 아니니까 보정서를 받아줘야 하는 거 아닌가요?? 설사, 그게 아니더라도 밑에 보면 보정서를 반려 받은 출원인은 법 제67조의 2 제 1항의 기간이 경과하지 않았다면 심판청구를 취하하고 보정하면서 재심사를 다시 청구할 수 있다. 라고 나와있는데요. 위에는 무효 취하 여부에 관계없이 반려하고 밑에는 취하하면 다시 재심사를 청구할 수 있다고 하는데 이건 불필요한 절차가 수반되는 거 아닌가요?? 위 경우는 그러면 a. 심판 청구 - 무효 취하 - 보정서 제출 - 반려 - 취하 - 재심사 청구 이렇게 하라는 거 같은데 b. 심판 청구 - 무효 취하 - 보정 및 재심사 청구 - 보정서 수리 및 재심사절차 진행 으로 해야하는 거 아닌가요? a 의 경우에는 심판 청구 후 취하를 했었으니까 반려받고 취하 후 재심사 청구하라는 건 뭔가 이상해서요. 제가 잘못 해석한 것인지 궁금합니다. 질문의 요점을 말씀드리자면 a의 경우 불필요한 절차이기 때문에 b의 경우처럼 진행해야 하는 건 아닌지 혹여 법조문의 적용에 의해서 거절결정불복심판이 청구된 경우에 재심사를 청구할 수 없기 때문에 어쩔 수 없이 a 처럼 절차가 진행된다 하더라도 심판 청구 후 무효 취하 되면 심판 청구가 없는 것이기 때문에 b의 경우처럼 진행해야 하는 건 아닌지 입니다. 쓰다보니 쓸데없이 길어진 거 같습니다. 그럼에도 정중히 답변 부탁드리겠습니다.",심판청구-재심사청구(보정)-심판청구의 취하 인 경우 재심사청구는 불수리된다는 의미입니다., ,,11.09.16
특허법,조문,,특허출원의 취하와 포기에 의한 종료,"이지 9판 494쪽에서 (1) 원칙 청구항별 취하 포기는 인정되지 않느다. (2) 청구항별 일부취하의 허용여부 에서 청구항별 취하와 청구항별 일부취하는 동일한 의미 맞죠?? 그러니까 보정의 취지때문에 원칙적으로 청구항별 취하 포기는 인정되지 않지만, 보정을 할 수 있는 기간이라면 청구항별 취하 포기는 인정된다. 라고 해석하면 맞나요??",네. 맞습니다, ,,11.09.17
특허법,조문,제64조,출원 공개의 예외,"64조에서 불특허 발명이 출원공개의 예외로 나오는데 1년6월 이후에 되는 출원공개되는때까지 심사청구가 없는 경우에도 32조에 해당하는 발명이 출원공개의 예외가 되는것인가요? (32조는 실체적 요건 위반이고, 실체적 요건 위반은 실체심사 단계에서 판단하는 사항이고, 따로 심사청구 없으면 1년 6월의 기간이 경과하게 되면 실체심사를 받지못하는데도 출원공개의 예외가 될수있는건가요?)",질문하신 사유에 해당하는 경우 어쩔 수 없이 공개될 것입니다, ,,11.10.07
특허법,조문,제55조 6항,55조6항과 202조3항2호와의 관계에 대해서 질문입니다.,"55조6항과 202조3항2호를 보면 202조3항2호가 55조6항을 포함하고 있어, 55조6항은 202조3항2호에 의해 사문화되었다고 이해해도 될까요??",네, ,,11.11.09
특허법,문제,,객관식 295p - [18]-3번 지문 등에 대해 질문있습니다.,"1.객관식 295p - [18]-3번 지문 해설 중 구법상 분출기간이 보정기간뿐이었을 때, 재심사의 청구와 분할출원은 실질적으로 두 조치 중 하나만을 선택하여야 했다는 문제점의 해석에 대해서 여쭤봅니다. 해설에서는 재심사의 거절결정에 이은 분할출원을 통해 두 가지 조치를 다 취할 수 있다고 나와있는데요. 그 건 재심사 청구에 대해 기거절이유를 극복 못할 경우에 대해서 서술한 것인가요? 재심사 청구시 보정자체가 적법하다는 전제 하에 기거절이유를 해소하지 못 한다면 즉시 거절결정이 되므로, 재심사청구내에서 보정 기회가 실질적으로 전혀 주어지지 않는 경우가 발생하게 되면 구법의 분할출원기간 하(오직 보정기간 내에만 가능)에서는 거불심에서 보정기간을 얻지 않는 한 분할출원이 불가능하다는 것으로 보여서요. 기거절이유 해소가 되어 있다면 재심사 청구내에서 분할출원이 구법의 기간에서도 당연히 가능해야 할 것 같아서 여쭤봅니다. 2.392p [14]-5의 '거절결정 불복심판과 재심사 청구가 동시에 계속되는지 여부' 심사편 내용인데 아무래도 같이 묻는 것이 옳을 것 같아 같이 질문드립니다. 해설에 써 있는대로 동시에 거불심과 재심사청구가 '개시'가 불가능하다는 것은 이해가 되었습니다만 5지문이 답이라는 점에서 동시에 계속되는 것도 맞다는 것이 되는데요. 그 건 재심사 후 거절결정에 대해 불복시를 '계속된다고 표현' 한 것이 맞는가요?",1. 네. 맞습니다. 2. 답은 1번입니다, ,,11.11.17
특허법,조문,,보상금 청구권 질문입니다,보상금청구권의 발생시기가 정확히 언젠가요? 출원공개 전에 경고한 경우 출원공개시 발생한다고 써있는데 출원공개 후에 경고한 경우나 출원공개된 발명임을 알고 실시한 경우는 언제 발생하나요?,1. 공개전 경고 - 공개시 발생(공개시 안때가 되기 때문입니다.)합니다. 2. 공개후 경고- 경고하거나 안 때 발생합니다., ,,11.11.24
특허법,문제,,보상금 청구권 질문입니다,특허 객관식 394p 4번 문제에서 특허출원이 포기된때 보상금 청구권은 처음부터 발생되지 않은 것으로 본다 라고 해설에 나와있는데 396p 7번 문제에선 특허권이 포기된 경우엔 보상금 청구권이 소멸하지 않는다라고 나와있는데 어느것이 맞는 지문인가요?,"특허출원의 포기와 특허권의 포기는 다릅니다. 보상금청구권은 특허등록이 되지 않거나 특허권이 소급하여 소멸한 경우 소멸하게 됩니다. 특허출원의 포기는 특허등록이 되지 않은 경우이고, 특허권의 포기는 특허권이 장래를 향해 소멸한 경우입니다.", ,,12.02.08
특허법,조문,,출원공개 예외사유,출원공개 예외사유에서 국방상필요한발명의 비밀취급이 해제된 시기가 출원일로부터 1년6개월전이어도 지체없이출원공개되나요?,1년 6개월 경과후 공개됩니다., ,,12.06.08
특허법,문제,제47조,기출 44회 9번질문입니다,"47조 4항이 삭제됬는데, 거절결정에대한 불복심판청구 후 30일이내에 보정이 가능한가요??..(가능하다면,,범위가어떻게되나요?) 아니면, 거불복 청구시, 새로이 다른 거절이유를 발견하여 통지한 경우에 한하여만 보정할수 있는 건가요??","불가능합니다. 44회 문제이면, 구법이 적용됩니다.", ,,12.08.04
특허법,조문,,특허여부 결정의 보류 및 특허출원심사의 유예,"특허여부 결정의 보류를 할 때: 분할출원, 변경출원, 우선심사 신청이 있는 경우 특허출원심사의 유예신청 할 때: 분할출원, 변경출원, 정당권리자 출원, 우선심사 신청이 있는 경우 불수리 된다고 하였는데 왜 그런지 잘 이해가 안됩니다ㅜ 출원일이 소급(우선심사 제외)해서 그런건가요? 그리고 정당권리자 출원은 왜 특허여부 결정 보류 할 때에는 빠지나요?? 여기 카테고리는 아니지만 질문이 비슷한거 같아서 특허출원료 반환(84조1항4호)시 분할출원, 변경출원, 우선심사 출원도 제외된다고 조문에 나와있는데 이 경우는 왜 제외 되는건가요?","1. 분할출원, 변경출원은 원출원의 심사청구순서에 따라 실체심사를 하기 때문입니다. 또한, 우선심사신청은 심사청구순서와 무관하게 우선하여 심사를 진행하기 때문입니다. 2. 심사유예제도는 소위 늦은 심사제도로서 정당권리자 출원은 정당권리자인지 판단이 시급성을 요하여 심사유예를 해 주지 않겠다는 취지로 이해하시면 됩니다", ,,12.08.29
특허법,조문,제65조,65조 관련질문입니다,"안녕하세요, 특허법기본강의(임병웅변리사님) 인강으로 듣고있는데요~ 특허법 제65조 보상금청구권부분에서 출원인이 서면으로 '경고'할때 경고할수있는범위가 어떻게 되나요? 예를 들어 명.도 가ABC고 특.청이 AC면 A,B,C를 실시하고 있는 사람들에게 모두 경고할수있는건지..? 교수님강의에서 그림그리신거 보면 명도범위에서 경고 가능하고 보상금청구권은 특허청구범위만 인정되는것 같은데 범위에 대해서는 아무말씀이없으시고 저만 모르는거 같네요..ㅜㅜ 궁금합니다!",경고는 출원인이 자기 마음대로 할 수 있습니다., ,,12.11.07
특허법,문제,제63조,객관식 p.114 #8,보기 2에서 인용발명을 달리하여 신규성 없다는 거절이유와 진보성 없다는 거절이유를 통지 한다는 것이 하나의 청구항에 대해서하는 게 아니고 청구항을 달리하여 하는 것인가요?,하나의 청구항에 대해서도 할 수 있습니다., ,,12.11.18
특허법,문제,,48회 기출 11번 질문입니다,3번 보기에서 특허청구범위 기재 없이 심사청구된 경우 소명기회 부여한 후 심사청구서를 반려'할수있다' 라고 되어있는데 위와 같은 경우 불수리하여야 한다 라고 알고있습니다. 불수리'하여야한다'와 반려'할수있다'를 구분없이 쓸수있는건가요??,"다릅니다. 다만, 가장 틀린 것을 5지 선다에서 고르는 것이 객관식입니다.", ,,12.11.21
특허법,문제,,특객 p 335,"7번문제 (다) 보기가요 '2012년 5월 1일자로 출원된 국내의 실용신안등록출원 a를 기초로하여 2012년 7월 1일자로 변경출원 b를 한 경우, b에 대한 심사청구는 2017년 5월1일까지 하여야한다' 라고 되어있고 맞는지문이라고 나와있는데 맞는건가요?ㅠㅠ 2017년 7월1일아닌가요 ㅠ",제목을 다른 사람이 이해할 수 있도록 수정해 주세요., ,,12.12.15
특허법,문제,,특객 p 337,11번문제 2번보기요 2011.12.1심사청구한 출원에 심사유예신청은 12년 9월1일까지 가능한것 아닌가요?,제문과 질문내용을 다른 사람이 이해할 수 있도록 수정해 주세요., ,,12.12.15
특허법,조문,,보상금청구권에 대한 질문,보상금 청구권은 특허출원인의 이익의 상실을 보상하기 위함으로 알고있는데 그렇다면 상표의 손실보상청구권에서 그렇듯이 이익의 상실이 있으려면 특허출원인이 실시or실시준비 중이어야 하나요?,"전혀 상관없습니다. 상표와 특허는 다릅니다. 상표는 사용하고 있지 않는다면 가치가 인정되지 않지만, 특허는 실시하고 있지 않더라도 가치가 인정됩니다. 특허법 제128조 제3항도 같은 맥락에서 이해하시면 됩니다.", ,,12.12.26 
특허법,문제,제61조,이지객특(6e) p.341 #4 보기 중 지문 ⓘ의 정오(PCT 하이웨이 제도의 대상적격),"아래 문제의 지문 ⓘ가 옳다고 생각하는데 그러한지 궁금합니다. 이지객관식특허법(제6판) p.341의 4번 문제입니다. 4. 다음 중 우선심사 대상이 아닌 것은 몇 개인가? <보기> …중략… ⓘ 대한민국, 미국 또는 일본에서 국제조사나 국제예비심사가 수행되고 대한민국의 국내단계에 진입한 국제출원 또는 대한민국, 미국 또는 일본에서 국제조사나 국제예비심사가 수행된 국제출원을 기초로 대한민국에 조약에 의한 우선권을 주장한 특허출원 ① 1개 ② 2개 ③ 3개 ④ 4개 ⑤ 모두 우선심사 대상이다 <해설> ⓘ를 제외하고 모두 우선심사의 대상이다. ⓘ의 PCT 하이웨이 제도의 경우 대한민국, 미국 또는 일본이 아닌 대한민국, 미국 또는 중국이 그 대상이다. 그러나 지난 2012.6.27. 개정 2012.7.1. 시행 특허청고시 제2012-9호 특허·실용신안 우선심사의 신청에 관한 고시에 따르면 제4조 제3호 나목에 “(1) 대한민국 (2) 미국 (3) 중국 (4) 일본”과 같이 일본이 포함되었습니다. 그리고 현행 고시인 2012.12.24. 개정 2013.1.1. 시행 특허청고시 제2012-41호 특허·실용신안 우선심사의 신청에 관한 고시에서도 이 내용이 유지되고 있습니다. 따라서 이제는 ⓘ도 옳은 지문이 되어 4번 문제의 답은 “⑤ 모두 우선심사 대상이다”라고 생각합니다. 답변 미리 감사드립니다~^^",맞습니다. 제가 미처 고시가 개정된 것을 확인하지 못했네요. 이 고시는 너무 자주 개정됩니다. ㅋ, ,,13.01.17 
특허법,조문,시규40,심사의 보류,"ez특허법 교재 p.497 심사의 보류 설명하실때, 1년 6월 전 특허결정의 경우 확대된선출원위반 여부는 판단하지 않고 1년 전 특허결정의 경우 선출원위반여부 판단하지 않는다고 설명하셨는데요.. 선출원 위반여부 판단시 조약우선권때문이라고 하셨는데.. 갑이 일본출원을 먼저하고 을이 한국출원을 하면 을의 출원이 1년 안에 특허결정 된다고 해도 갑의 조약우주출원의 출원일이 일본출원시로 소급되지 않으니 을의 선출원지위는 문제 될수 없지 않나요???","판단시점이 소급한다는 것은 발명단위로 제29조 및 제36조 등을 판단함에 있어서 판단시점이 별개로 된다는 것이며, 만일 일본출원일로 판단시점이 소급되는 발명이 있다면, 그 발명은 그 시점부터 선출원의 지위를 갖게 됩니다.", ,,13.07.18
특허법,조문,제65조,출원공개의 효과,"안녕하세요~~ 보상금청구권에 관해 질문드립니다. 출원공개된 발명에 관해 업으로 실시하고 있는 제 3자에게 경고를 하는 것이잖아요. 그 때 '출원공개된 발명'은 최명도에 기재된 것인가요 아니면 특청에 기재된 것인가요? 특청의 확장인지 삭제인지에 따라 재경고가 필요한지 여부에 관한 문제를 다시 리뷰하다가 질문하게 되었습니다. 구체적으로 제가 필기한거 사진인데요~ 갑이 을병정에게 모두 경고했는데 A,B,C는 최명도범위이고, 재경고를 할 때는 특청의 확장,삭제에 따라 달라지잖아요. 질문의 요지는 자신의 발명 최명도에 포함되어 있으면 특청 즉 보호받고자 하는 범위에 있지 않아도 보상금청구권이 발생하는지 여쭈고 싶습니다 ~!","발생하지 않습니다. 다만, 경고는 자기 마음대로 할 수 있습니다.", ,,13.08.11
특허법,조문,제64조 1항,"출원공개의 시점에 있어, 그것이 이중우주인 경우 출원공개 시점에 관하여 입니다.","안녕하세요 임병웅 변리사님. 항상 답변 감사드립니다~. 64조 1항 3호 최선출원일 기준 1년6월 경과한 때 출원공개 된다가 혼동이 되서 이렇게 질문드립니다. 제가 생각하기에는 3호의 최선출원일을 기준으로 1년 6월이 경과한 때란 그것이 복합우주인 경우이고, 누적적우주에 의한 이중우주의 경우에 있어서 그 출원공개 시점은 64조1항 1호, 2호에 따라 정해진다. 예를 들어 국외출원 X 로부터 1년 이내에 X기초 조약우주출원 Y가 있고 Y기초 국내우주출원도 있는 경우, 각 각의 출원공개 시점에 있어 Y출원은 X국외출원일로부터 1년 6개월이 되는 때 (Y출원일로부터 1년 6월이 되는 때에는 확선의 지위 발생을 위한 출원공개의제 한번더) Z출원은 Y출원일로부터 1년 6개월이 되는 때. 인 것 같은데, 이렇게 생각한 것이 맞는지 궁금합니다. 덧붙여서, `최선출원일` 이라는 용어가 쓰이는 경우는 i) 복합우주인 경우 - 출원공개 시점을 정하기 위하여(64조1항3호), 조약우주출원이 복합우주인 경우 증명서류제출기간의 기산일(54조5항2호.3호.) 우선권주장출원을 한 경우에 있어 우선기간 만족시 우선권주장 보정 또는 추가가능한 기간 1년4개월에 있어 우선권주장추가 에 의해 복합우주가 된 경우 그 보정 또는 증명서류의 제출의 기산일(54조7항, 55조7항) ii) 우선권주장출원에 대한 분할,변경출원 - 우선권주장출원의 기초가 된 원출원으로 부터 1년 6개월이 경과한 후, 우선권주장출원에 대한 분할,변경출원이 명세서에 특청 을 기재하지 않은 경우 불수리 하기 위하여. 위 와 같은 두 경우에만 쓰인다. 라고 정리를 하였는데, 맞는 것인지 궁금합니다. 즐거운 추석 되세요~", 1. 생각하신 내용이 맞습니다. 2. 최선일은 어렵게 생각할 것이 없습니다. 우주 수반시 우주의 기초가 되는 출원의 가장 선출원일이라고 이해하시면 됩니다., ,,13.09.18
특허법,조문,제63조,최후거절이유통지에 관하여,"안녕하세요 임병웅 변리사님. 항상 답변 감사드립니다^^. 오늘도 좋은 하루 되세요.` 이지특허법 제10판 489페이지 각주 22) 예2. 와 추록 p.73 최후거절이유통지에 대한 구체적인 예(각주 74.)에 관하여 [예1] 보정전 청구항 구성요소 A 및 B에 C를 부가한 장치 에 관하여 `A 및 B`라는 표현이 구성요소를 선택적으로 기재하지 않아 발명의 구성이 불분명하다는 거절이유가 있은 후, 보정후 청구항 구성요소 A 및 B에 D를 부가한 장치 로의 보정에 관하여, 이는 구성 D를 부가한 것과 관계없이 보정 전 청구항에 존재하던 거절이유로서 보정에 의해 발생한 거절이유가 아니므로 최후거절이유통지 대상이 아니다(추록). (즉, 최초거절이유통지. 이지10판) 라고 되어 있는데, 보정전 청구항과 보정후 청구항 모두 `및` 이라는 제48조 제8항 다항제 기재방법을 위반하고 있고, 이는 원거절이유에 대한 거절이유가 해소되지 않은 것이므로, 동일한 거절이유에 대하여는 2번의 거절이유통지를 하지 않고 거절결정을 해야 할 것 같은데, 거절결정 되지 않고 단순히 최초거절이유통지가 되는 이유에 관하여 궁금합니다.","왜 42조 8항의 다항제 기재방법이라는지 잘 모르겠습니다. 다항제 기재방법에서 선택적 기재는 청구항을 인용할 때 적용되는 것이지, 구성요소를 기재할 때 적용되는 것이 아닙니다.", ,,13.09.25
특허법,조문,"제54조, 제55조",국내우주에서 기초출원의 선출위지위가 왜 인정되는지 궁금합니다.,"1. [54조]조약우주에서 조약우주기초출원(X)의 선출위지위가 왜 인정되는지 궁금합니다. 제가 이 그림을 이해한 바로는 해외에서의 선출원(X)를 기초로 국내에서의 후출원(Y)에 조약우주를 한 상태입니다. 이 때 맨 아랫줄 '선출원의 지위 - Y의 특청에 기재된 발명 중 X의 최명도에 기재된 발명' 이 이해가 안갑니다. 첫째로 출원 X는 해외출원인데 국내주의인 선출원주의가 왜 인정이 되는지와, 둘째로 조약우주 출원 Y에 의하여 선출원X의 출원일로 소급되는 것은 'Y의 특청에 기재된 발명 중 X의 최명도에 기재된 발명'의 판단시점이지 출원일이 아니기 때문입니다. 마지막으로 'Y의 특청에 기재된 발명 중 X의 최명도에 기재된 발명' 은 선출원X의 출원공개 의제에 의한 확선의 지위로 선출원의 지위 말고라도 등록금지적 효력이 존재하기도 하니깐 또 선출원지위가 꼭 필요하지도 않아보이네요. 2. [55조]국내우주에서 국내우주기초출원(X)의 선출위지위가 왜 인정되는지 궁금합니다. 위 질문과 약간 비슷하면서 차이가 있긴합니다. (차이부분만 Bold처리하였습니다) 제가 이 그림을 이해한 바로는 국내에서의 선출원(X)를 기초로 국내에서의 후출원(Y)에 국내우주를 한 상태입니다. 이 때 맨 아랫줄 '선출원의 지위 - Y의 특청에 기재된 발명 중 X의 최명도에 기재된 발명' 이 이해가 안갑니다. 첫째로 출원 X는 공개전 취하간주 되었으므로 그 어떤 등록금지적 효력도 남아있지 않아야 하지 않나요? 둘째로 국내우주 출원 Y에 의하여 선출원X의 출원일로 소급되는 것은 'Y의 특청에 기재된 발명 중 X의 최명도에 기재된 발명'의 판단시점이지 출원일이 아니기 때문입니다. 마지막으로 'Y의 특청에 기재된 발명 중 X의 최명도에 기재된 발명' 은 선출원X의 출원공개 의제에 의한 확선의 지위로 선출원의 지위 말고라도 등록금지적 효력이 존재하기도 하니깐 또 선출원지위가 꼭 필요하지도 않아보이네요. 특허법 공부를 처음 하다 보니 이익제도, 특허요건들이 앞 뒤로 뒤죽박죽 많이 헷갈리네요. 바쁘시겠지만 제가 잘못이해하고 있다던가, 놓치고 있는 중요한 포인트가 있다면 추가로 짚어주시면 감사하겠습니다.","1. Y 출원이 선출원의 지위가 인정되는 것이지, X 출원이 선출원의 지위가 인정되는 것이 아닙니다. 2. 판단시점 소급효의 개념은 발명단위로 특허요건 판단을 달리하는 것이기 때문에, 발명 단위로 선출원의 지위가 달라진다고 이해하셔야 합니다. 3. X출원일에 제3자가 A 발명을 출원한 경우를 가정해 보시면 됩니다.", ,,13.09.27
특허법,조문,제63조,최후거절이유통지 함에 있어 심사실무에 있어 `분할출원 또는 변경출원의 범위를 벗어난 경우`에 관하여 입니다.,"안녕하세요 임병웅 변리사님. 항상 답변 감사드립니다. 이지특허법 10판 추록 페이지 72. 최후거절이유통지에 있어 심사실무상 구체적인 예 1) 명세서 또는 도면을 보정하여 신규사항이 추가된 경우, 기재불비가 새롭게 발생한 경우, 분할출원 또는 변경출원이 범위를 벗어나게 된 경우. 에 있어 후단 `분할출원 또는 변경출원이 범위를 벗어나게 된 경우`란, 원출원에 대한 분할출원 또는 변경출원이 있고, 이러한 분할출원 또는 변경출원에 거절이유가 존재하여 최초거절이유 통지 있은 후, 최초거절이유통지에 대응한 보정이 분할출원 또는 변경출원의 범위를 벗어난 경우를 뜻하는 것인지 궁금합니다. 또한 굳이 거절이유 중 하나인 52조 1항, 53조 1항을 언급한 이유는 원출원에 대한 분할출원, 변경출원이 범위를 벗어나 최초거절이유통지 있은 후, 그에 대응한 보정이 또다시 범위를 벗어난 경우라 할 지라도 거절결정이 아닌 최후거절이유통지 할 것을 주지 시키기 위함 이라고 생각했는데 맞는지 궁금합니다. 위와 같이 생각한 것이 틀렸다면 어떻게 이해해야 하는지도 궁금합니다.",네. 맞습니다., ,,13.09.28
특허법,조문,제61조,질문!,"특허출원인 이외의 제3자도 우선심사의 신청인이 될 수 있으며, (1) 외국인의 경우 외국에서 실시한 것을 자기 실시의 증거로 하여 우선심사를 받을 수 있고, (2) 대한민국 국민의 경우 pct에 의한 국제출원의 기초출원에 대하여 우선심사를 받을 수 있다. 여기에서 (1) 에 대하여는 맞는지는 잘 모르겠습니다. (2) 에 대하여는 국제출원의 기초출원에 대하여 우선심사를 받는 것이 아니고, 1) 상대국의 최초 특허출원을 기초로 한국에 조약에 의한 우선권을 주장한 특허출원 2) 상대국과 한국의 국내단계에 모두 진입한 우선권 주장 없는 국제출원 두 가지 사항에 대하여 받기 때문에 거짓인 것이 맞나요?? 저작자 표시컨텐츠변경비영리",(1)(2) 모두 우선심사사유 어디에도 해당하지 않습니다. 질문하신 내용은 우선심사사유 중 어떤 사유를 가지고 말씀하시는 것인가요?, ,,13.10.13
특허법,조문,"제52조, 제53조",확대된 선출원 소급효,52조와 53조에서 확선의 지위가 소급효가 되지 않는 것은 타출원일 때 뿐 아니라 임의의 경우에도 확선의 지위가 소급효 되지 않는 것인가요? pg.241 에 그림을 보면 그림에는 제3자의 출원 없이 확선이 소급효가 되지 않는 것으로 그려져 있잖아요. 그러나 pg.417에 글로 쓰인 부분에서는 '확대된 선출원에 관한 규정에서의 타출원에 해당하는 경우'로 되어 있어 타출원에 해당하는 경우로 한정되는 것인지가 궁금합니다.,타출원의 지위에서는 소급효가 인정되지 않지만 당해출원의 지위에서는 소급효가 인정됩니다., ,,13.10.15
특허법,조문,제63조,최후거절이유통지에 관하여 입니다.,"추록 p.73 최후거절이유통지에 대한 구체적인 예(각주 74.)에 관하여 [예1] 보정전 청구항 구성요소 A 및 B에 C를 부가한 장치 에 관하여 `A 및 B`라는 표현이 구성요소를 선택적으로 기재하지 않아 발명의 구성이 불분명하다는 거절이유가 있은 후, 보정후 청구항 구성요소 A 및 B에 D를 부가한 장치 로의 보정에 관하여, 이는 구성 D를 부가한 것과 관계없이 보정 전 청구항에 존재하던 거절이유로서 보정에 의해 발생한 거절이유가 아니므로 최후거절이유통지 대상이 아니다(추록). 라고 되어 있는데, 최후거절이유통지에 있어 심사실무상 구체적인 예 참고(추록 p.72) 1) 명세서 또는 도면을 보정하여 신규사항이 추가된 경우, 기재불비가 새롭게 발생한 경우, 분할출원 또는 변경출원이 범위를 벗어나게 된 경우. 그렇다면 위 예와 같은 경우 보정전 청구항과 보정후 청구항 모두 `및` 이라는 제42조 제4항 2호를 위반하는 표현이 존재하고, 이는 원거절이유에 대한 거절이유가 해소되지 않은 것이므로(=동일한 기재불비 표현), 동일한 거절이유에 대하여는 2번의 거절이유통지를 하지 않고 거절결정을 해야 할 것 같은데 거절결정 되지 않는 이유에 관하여 궁금합니다. 아니면 거절결정의 대상임을 전제로, 최후거절이유통지 대상이 아님을 주지시키기 위한 예 인지 궁금합니다.",거절결정된다는 것입니다, ,,13.10.15
특허법,조문,제63조 3,조문 질문입니다.,"조문 질문입니다. 임병웅 변리사님+_+ 67조의 3 1항에서)특허 출원인이 책임질 수 없는 사유로 다음 각 호의 어느 하나에 해당하는 기간을 지키지 못하여 특허출원이 취하되거나 특허거절결정이 확정된 것으로 인정되는 경우에는 그 사유가 소멸한 날부터 2개월 이내에 출원심사의 청구 또는 재심사의 청구를 할 수 있다. 다만, 그 기간의 만료일부터 1년이 지난 때에는 그러하지 아니하다. 1.생략 2.생략 2항에서)제1항에 따른 출원심사의 청구나 재심사의 청구가 있는 경우에는 제59조 제5항에도 불구하고 그 특허출원은 취하되지 아니한 것으로 보거나 /특허거절결정이 확정되지 아니한 것으로 본다. 라고 했기 때문에 여기서 1항의 '인정'이라는 단어가 특허출원이 취하되었다고 인정되거나/ 특허거절결정이 확정된 것으로 인정 이라고 앞뒤에 두번 걸리는 것인가요? 재심사의 청구를 할 수 있는 기간을 놓친 경우에 특허출원이 취하되는 것이 아닌 걸로 알고 있어서 갑자기 멘붕이 와서 여쭙니다 ㅠㅠ (참고 객관식 특허 기간 기일 파트 문제18번 보기5)","법 제67조의3 제1항 제1호의 경우 취하된 것으로 인정되는 것이고, 제2호의 경우 거절결정이 확정된 것으로 인정되는 것입니다.", ,,13.10.16
특허법,문제,제67조 2,재심사 관련,"이지 객관식 특허법 6판 353페이지 10번 문항의 '바'번 해설란에 ""재심사가 청구된 경우 특허거절결정은 취소된 것으로 보므로 분할출원은 할 수 없다."" 인데 특허거절결정 취소와 분할출원이 어떤 관련이 있나요? 분할출원 가능하지 않나요? 답변 부탁 드립니다. 감사합니다. 저작자 표시컨텐츠변경비영리","분할출원이 거절결정등본송달일로부터 30일 이내에 이루어지는데, 거절결정이 취소되었다면 더 이상 등본송달일로부터 30일의 기간이 존재하지 않는다는 의미입니다.", ,,13.10.20
특허법,조문,제67조 3,심사청구기간의 1년 연장 관련 질문입니다,"1항 특허출원인이 책임질 수 없는 사유로 다음 각 호의 어느 하나에 해당하는 기간을 지키지 못하여 특허출원이 취하되거나 특허거절결정이 확정된 것으로 인정되는 경우에는 그 사유가 소멸한 날부터 2개월 이내에 출원심사의 청구 또는 재심사의 청구를 할 수 있다. 다만, 그 기간의 만료일부터 1년이 지난 때에는 그러하지 아니하다 1호 : 제59조 제2항(출원일 후 5년) 또는 제3항(정당권리자,분할,변경출원)에 따라 출원심사의 청구를 할 수 있는기간 2호 : 제67조의 2 제 1항(거절결정등본 송달 30일이내) 에 따라 재심사 청구를 할 수 있는기간. 이렇게 나와있는데요 그렇다면 ""실질적으로"" 특허출원인이 책임질 수 없는 사유 발생시, 심사청구기간이 1년 더 연장되는것뿐인데 그럼 만약에, ""특허출원인이 책임질 수 없는 사유""가 몇년동안 장기간 발생할 경우엔 여지 불문하고 취하되는거 맞나요? 예를들어 2000년 10월 25일에 특허출원를 하고 (출원 공개 등등은 논외로 하고) 2005년 10월 20일에 심사 청구를 하려고 준비중이었는데 2005년 10월 1일에 갑자기 전쟁이 발발해서 ""3년간"" 특허 출원을 못하고 (2008년 10월 1일 전쟁 종료) 2008년 10월 10일에 심사 청구를 하려 한다면 5년 경과(만료일) + 3년 경과 이기 때문에 출원심사 청구를 못하는것 맞죠? 아니면, 다른 케이스로 2000년 10월 25일에 거절결정등본을 송달 받았고 2000년 11월 20일에 재심사 청구를 하려 했는데 2000년 11월 1일에 전쟁이 발발해서 ""3년간"" 특허출원을 못하고 (2003년 11월 1일 전쟁 종료) 2003년 11월 20 일에 재심사 청구하려 한다면 역시 마찬가지로 30일 경과(만료일) + 3년 경과 이므로 출원심사 청구를 못하는거 맞죠?",네, ,,13.10.22
특허법,문제,제63조 2,정보제공시기질문,"안녕하세요. 특객에 있는 05년도 변시 기출문제 중에 질문 드립니다. 갑은 자기가 한 발명 A에 대해 특허출원을 하지 않고 실시를 하고 있는 중에 그 발명과 동일한 발명에 대해 을 명의로 특허출원 및 실용신안등록이 되어 있다는 것을 특허공개공보 및 실용신안등록공보를 보고 알았다. 보기2. 갑이 을의 특허출원 전에 발명 A를 공연히 실시한 경우에는 그와 관련한 정보를 제공하여 특허를 못받게 할 수 있다. (O) 로 되어 있는데요. 문제에서 을의 A 발명이 특허출원 및 실용신안등록이 되어 있다고 했으니 A를 특허출원한 뒤 실용신안으로 변경출원하여 등록되고 난 뒤""라고 보여지는데 이미 출원계속중이 아닌 것이므로 ""정보제공하여 특허를 못받게 할 수 있다"" 는 틀린 내용이 아닌가요? 신규성 위반을 이유로 등록 된 후에 무효심판이 아닌 정보제공을 할 수 있는건지요?",기존에는 변경출원이 아니라 이중출원이라는 제도가 있었고 특허와 실용신안 모두 출원가능하였습니다, ,,13.10.29
특허법,조문,제65조,보상금청구권,1.보상금청구권을 행사하기 위해서 출원인은 손실발생해야하나요??즉 실시하고 있어야하나요??상표법에서는 요건으로 나와있어서 혹시나하는 마음에 질문드립니다 2.보상금청구권 준용규정으로 간생서공소(두문자)가 있는데 이에추가로 신용회복규정도 준용을 할수있나요?? 3.출원공개전 출원인이 출원서류 첨부해 서면으로 경고시 보상금청구의 기간은 경고시~설정등록시까지 인가요?? 출원공개시~설정등록시까지인가요?? 4.출원공개가 있어야만 보상금 청구권이 발생 할수 있나요?? 산재법이 막 섞여서 너무 혼란스럽네요ㅜ다소황당한 질의 드린것 죄송합니다ㅜ 추운날씨 감기조심하세요:D,1. No. 2. 무슨 말씀이신지? 3. 경고후부터 등록시까지입니다. 4. 네., ,,13.12.03
특허법,조문,제65조,보상금청구권 질문,보상금청구권에서 128조 손해액 추정 과 130조 과실 추정 둘다 준용되지 않는게 맞는지요>?,네. 65조 확인하세요., ,,13.12.12
특허법,조문,제68조,심사관의 제척,68조에서는 심사에 148조를 준용한다고 합니다. 149조는 준용하지 않으니까 당사자/참가인이 심사관의 제척신청을 할 순 없는건가요???,제척사유에 한해 회피가능합니다., ,,13.12.20
특허법,조문,제64조,출원공개 관련 질문입니다,"안녕하세요! 출원공개에 대해서 의문 내지 혼동이 있는 것같아 이렇게 질문드리게 되었습니다! 출원공개는 최명도의 발명이 공지되므로써 공지기술의 지위를 갖는 것으로 알고 있습니다.(교재에 나와있습니다.) Q1. 출원공개가 최명도의 발명이 공지된다는 근거는 어디서 알 수 있는것인지 궁금합니다!! (64조에는 없네요;;) 이런 쓸데없어 보이는 질문이 나오게 된건,, 보정과 관련한 문제에서 의문이 생겨버렸습니다! [특청/상세한설명]이라고 했을때 [A/ABC]를 출원하고 [AC/AC]로 보정되고 그 후에 출원공개가 된 상황에서 Q2. 왜 AC로 공개되지 않고, ABC가 공지기술의 지위를 갖게되는 것인지 궁금합니다!!",근거는 제216조입니다., ,,13.12.23
특허법,조문,제63조,최후거절이유 통지(이지p.506),"안녕하세요. 이지특허 p.506 각주 22번 [예2] 관련 질문드립니다. 해당 각주의 예시는 p.506~507 에 걸쳐있는 심사실무상 최후거절이유통지의 구체적인 예 가운데 iii) iv) 에 해당된다고 판단되는데요. 이때 '기재불비만으로 통지한 거절이유' = '최초거절이유 통지' 만을 뜻하는 건가요? 만약 최후거절이유 통지였다면 청구항확장의 결과 보정각하대상이라고 생각합니다만, 제 판단이 옳은것인지 궁금합니다. 감사합니다.",네. 최초거절이유를 말합니다, ,,13.12.30
특허법,조문,제64조,출원공개의 예외시 보상금 청구,국방상 비밀취급등 출원공개 되지 않는경우는 공개없이 보상금청구권 발생하는지요?,발생하지 않습니다., ,,14.01.06
특허법,조문,제62조,특허거절결정에 대한 출원인의 대응방향,발생하지 않습니다.아래사진 6번에서 신규사항추가로 보정이 불가한 경우 국내우주나 조약우주를 신청할수 있다고 하는데 국내우주출원이나 조약우주출원 모두 기초출원의 최명도내에서 기재하여야 판단시점효과를 기대할수 있는것 아닌가요? 그렇다면 최명도 범위 내에서 보정이 가능하다는 신규사항추가 규정과 별반 다를것이 없다는 생각이들어서요,우주시에는 새로운 사항을 추가할 수 있습니다., ,,14.01.10
특허법,조문,제63조2항,정보제공제도,정보제공은 출원계속중 할수있다고 하는데 특허결정된 경우에는 그 후에 하는건 실익이 없다고 하는데 그 이유가 뭔가요? 특허결정이 되더라도 제3자는 정보제공을 함으로써 그 특허를 거절시킬수 없는건가요? 심사는 특허결정으로인해 종료가 되고 그뒤에는 정보제공을 해도 심사관도 어쩔수 없고 그때라면 그심사관이나 이해관계있는제3자(정보제공자)는 무효심판을 청구해야하는건가요?,정보제공하는 이유가 거절결정이 내려지도록 하기 위함입니다., ,,14.01.10
특허법,조문,제62조,거절결정확정시기,1.거절결정 받은후에 불복심판을 청구했다가 심판을 취하하면 확정일이 다시 소급하여 송달후30일이되나요? 2.취하한경우 확정일을 정해야하는 실익이 있을까요? 3. 거절한다는취지의심결이 확정된때가 심판원이후라고 되어있는데 심판원의심결도 포함되나요?,1. 송달후 30일이 경과한 때로 소급하여 소멸합니다. 2. 확정일에 따라 기간계산이 달라지는 경우가 있습니다. 3. 네. 포함됩니다., ,,14.01.14
특허법,조문,제61조,우선심사신청에 관한질의,저 특허법에서 제3자가 출원공개후 특허출원된발명 실시하고 있는경우 우선심사청구가능한데 이때 특허출원된발명이라는게 특청범위내 발명을 말하는건가요? 만약 제3자가 특청범 아니고 발상설에만 기재된 내용을 실시 할경우에도 우선심사가능한가요?,아니오, ,,14.02.09
특허법,조문,제67조 2,재심사청구 가능여부에 관한 질문,제67조의 2에서 재심사에 따른 거절결정이 있거나 거절결정불복심판을 청구가 있은 때에는 재심사 청구 할 수 없다 라고 하는데요. 가령 출원 후에 (재심사청구 없이) 거절결정불복심판을 청구한 후 인용이 되어 심사관이 다시 심사해서 거절결정한 경우에 재심사 청구 가능한가요? 객관식특허에서 두 절차는 선택적 사항이므로 '동시에' 계속 될 수 없다라는 내용도 있고 재심사청구 후에 거절결정 불복심판청구는 가능해서 헷갈리네요,안됩니다, ,,14.02.20
특허법,문제,,51회 기출 문제 중 보정관련 문제에 관하여 질문드립니다.,"지문1. 출원인이 특허출원에 대한 거절이유통지를 받은 후 그 통지에 따른 의견서 제출 기간 내에 2회 이상 명세서 등의 보정서를 제출한 경우, 그 기간내 마지막 보정전의 모든 보정은 취하된 것으로 보지만, 실체심사에 대한 최초의 거절이유통지를 받기 전에 체줄된 자진보정서의 경우에는 그러하지 아니하다. -> 맞는 지문 지문2. 출원인이 특허거절결정에 대응하여 재심사를 청구하는 경우 그 청구 전에 있었던 보정각하결정에 대하여는 불복할 수 없지만, 그 재심사에 따른 특허거절결정에 대하여 불복심판을 청구한 경우 그 심판에서는 이를 다툴 수 있다. -> 틀린 지문. 옳지 않은 지문을 고르는 문제로서 아래 지문이 답이라고 가답안이 나와 있어 질무드립니다. 질문1. 지문1의 경우 예전에 질문드렸던 그대로 인대요. ( http://cafe.daum.net/ezpatent/7ZEN/1257 ) 질문시 47조1항 본문의 시기에 있어서의 보정의 경우 지문1과 같이 해석되어야 하는 것인지에 관한 질문에 관하여 47조 4항에는 그러한 내용은 존재하지 않는다고 답변을 주셨습니다. 가답안이 오답인 것인가요? 아니면 맞는 지문이고 위와 같이 해석을 하는 것이 맞는것인지 궁금합니다. 질문2. 재심사 청구시에도 그 청구 전에 있었던 보정각하결정에 대하여 불복할 수 있는 것인가요? 아래는 질문2를 하게된 논거 입니다. 지문2 전단의 경우 제 생각에는 재심사를 청구하는 것이란 거절결정의 취소 및 새로운 심사를 구하는 것이고, 보정서 제출과 함께 재심사를 청구하는 것이므로, 재심사 청구 전에 있었던 보정각하결정에 대하여는 불복이라는 것은 성립할 수 없고, 지문2 후단 `그 재심사에 따른 특허거절결정에 대하여 불복심판을 청구한 경우 그 심판에서는 이를 다툴 수 있다` 의 경우는 해석하기에 따라 i) 재심사 청구 전 심사단계에서 보정각하 존재하는 경우 (이 경우는 재심사 단계에서 의견서제출에 의해 다툴 기회가 있었으므로 거절결정불복심판시 이에 대하여 다툴 수 없다.) ii) 재심사 청구시의 보정이 보정각하 된 경우 로 나누어 지고, ii) 의 경우에 있어서는 그 보정각하에 관하여 다툴 수 있다고 생각을 하여 맞는 지문으로 생각을 하였으나 답은 틀린지문이라고 나와 질문드립니다.","1. 법 제47조 제4항은 법문 그대로 해석하면, 제1항 제1호 및 제2호의 경우에만 적용되고, 나머지는 적용되지 않기 때문에, 법조문에 그런 내용이 없다면 실무의 운영문제만 남아 있을 뿐입니다. 2. 재심사청구전 보정각하에 대해 다툴 수 있는지와 관련하여, 재심사단계에서는 가능, 심판단계에서는 불가능이기 때문에 거꾸로 얘기해야 하는 지문입니다.", ,,14.02.22
특허법,조문,제61조,우선심사 사유,14년 현재 우선심사 사유가 직무발명보상 우수 기업 선정된 기업의 특허출원 하나가 더 추가 되어서 총 16가지라고 생각하면 되나요?? 그러면 실용신안의 우선심사 사유는 14가지가 되는게 맞나요?? 그리고 직무발명보상 우수 기업 선정된 기업의 특허출원의 경우 역시 셀프 선행기술 조사가 맞습니까?,네 맞습니다, ,,14.03.25
특허법,문제,"29조 2항, 62조",진보성 거절이유 관련 질문있습니다.,"특객 p.383 6번문제 지문(자)를 보면 전체 청구항이 진보성이 없다는 거절이유와 전체 청구항의 대부분은 진보성이 있으나 일부가 진보성이 없다는 거절이유는 다른 거절이유이다. 이 지문이 틀린 지문으로 나와있습니다. 해설을 보니, 심사단계에서 출원발명 전체가 진보성이 없다는 거절이유에는 출원발명의 일부 청구항이 진보성이 없어서 거절되어야 한다는 거절이유가 당연히 포함되는 것으로 볼 수 있다고 하는 판례[특허법원 2001. 9. 13. 선고 2001허89]가 있다고 합니다. 때문에 일부 청구항에 대한 의견제출이나 보정의 기회가 충분히 부여되었다 할 것이므로 다른 거절이유라고 볼 수 없다고 합니다. 하지만 문제에서는 전체 청구항이 진보성이 없다는 거절이유와 일부가 진보성이 없다는 거절이유의 선후관계는 제시되어 있지 않으므로 전체 청구항이 진보성이 없다는 거절이유로 먼저 제시된 경우만을 따져 보아서는 두 거절이유가 같은 거절이유라고 볼 수 없는 것 아닌가요? 즉, 심사단계에서 일부가 진보성이 없다는 거절이유를 받은 후, 전체 청구항이 진보성이 없다는 거절이유를 받은 경우라면 심사단계에서 진보성이 없다는 거절이유를 받지 못한 청구항은 의견제출이나 보정의 기회가 부여되었다고 볼 수 없기 때문에 다른 거절이유 아닌가요?",생각하신 내용이 맞습니다. 동일한 거절이유인지 여부는 출원인에게 실질적인 의견서/보정서 제출기회가 부여되었는지 관점에서 보시면 됩니다., ,,14.11.02
특허법,조문,,등록금지적 효력,"특허출원의 취하포기의 효과에서 등록금지적 효력의 부분을 보면 출원공개전이면 확선으로, 공개후면 공지기술 지위로 등록금지라고 되어있고 마지막줄을 보면 취하포기된 특허출원은 선출원지위 인정이 되지 않는다고 되어있는데 이 말은 타인등록배제의 효과만 있고 출원인 자신도 이 출원에 대해서는 출원할 수 없다고 해석하면 되는건가요? 답변 부탁드리겠습니다",공개후 취하포기된 출원에 대해 동일한 발명을 재출원하면 신규성 위반으로 특허를 받을 수 없습니다., ,,14.11.10
특허법,문제,제67조의 2,재심사 청구와 불복심판청구,"객관식 386p 10번 문항 3번지문이 재심사 취지 보정서와 심판청구서가 동일자에 제출되거나 심판청구서가 이전일에 제출되는 경우 보정서를 반려한다 인데요, 동일자의 경우는 무조건 반려가 아니고 반려이유를 통지하고 출원인이 선택할 수 있으니 틀린 지문 같은데 설명부탁드립니다",반려한다는 것의 의미는 반려 이유를 통지하여 소명기회를 준다는 의미가 함축되어 있습니다. 틀린 지문이 아닙니다., ,,14.11.21
특허법,문제,제65조,"보상금청구권, 81조,81조의3 특허출원과 특허권의 회복","52회 1차 대비 한빛1회 모의고사문제 12번 4번지문과 관련된 질문입니다 특허권의 설정등록료를 추가가납부기간 이내 (추.납기간 만료되더라도 보전기간 이내) 에 납부하지 않은경우 특허출원은 포기한것으로 보며(81조3항) 특허출원의 포기가 있는 경우 보상금청구권은 처음부터 발생하지 않은 것으로 본다(65조6항1호) <질문>그런데, 추납기간or보전기간 만료일 경과후 특허출원을 회복한경우 보상금청구권 역시 회복되는 것인가요? (물론 효력제한기간중의 실시에 대해선 보상금청구권을 행사할수 없는것이므로, 출원일~포기간주일 까지의 실시에 대한 보상금청구권은 행사가능하므로 회복되는것 인가요?)",네. 그렇게 해석함이 타당합니다., ,,14.11.24
특허법,조문,제67조의 2,재심사청구인,특받권이 공유인 경우 출원인들이 공동으로 출원을 하고 거절결정을 받았다면 재심사의 청구 역시 공동으로 해야하는지 궁금합니다~!,법 제11조 제1항의 각호에 해당하지 않기 때문에 단독으로 할 수 있습니다., ,,14.12.01
특허법,문제,"제59조, 64조, 67조 2","심사청구, 출원공개, 재심사 청구와 관련 각각 질문입니다.","1. <이지 특허 객관식> p.295 24 ㈃ 책 내용: 특허거절결정에 대하여 특허법 제67조의2 제1항에 따른 출원인이 재심사 청구가 있다는 사유만으로 종전에 이루어진 특허거절결정이 취소되는 것은 아니다. 질문: 위의 지문은 맞는 지문이라고 되어 있는데 이번 개정법을 기준으로 제67조의2 제3항 단서를 보면 “다만, 재심사의 청구절차가 제16조 제1항에 따라 무효로 된 경우에는 그러하지 아니하다”라고 되어 있습니다. 그럼 현행법상 위 지문에 대해서는 재심사 청구가 최소한의 방식심사의 요건을 만족하지 못하는 경우라면 위 지문을 잘못된 사항으로 보는 것이 맞나요? 2. 우선권주장출원을 기초로 한 분할출원의 출원공개 시점 관련 질문. 우선권주장출원을 기초로 하여 분할출원을 하면서 우선권을 주장하지 않는 경우 출원공개 시점은 우선권주장출원일로부터 1년 6개월 후이고, 우선권주장출원을 기초로 하여 분할출원을 하면서 우선권을 주장한 경우는 출원공개 시점은 선출원일로부터 1년 6개월 후가 되는 게 맞죠? (法 64 1 ~ 4호) 객관식 p.353 19번의 ㉥을 보다가 확실하게 확인하고 싶어서 질문드립니다. 3. <객> p.344 11.  문제: 甲은 2016. 5. 10. 특허출원을 하면서 발명의 설명에 발명 a, b를 기재하고, 청구범위에는 발명 a만을 기재하였다. 다음 설명 중 틀린 것은? 보기: <4>甲이 2018. 8. 30. 심사청구를 하였는데, 2021. 5. 30. 거절이유가 통지된 경우, 의견서 제출기간 내에 분할출원을 할 수 있으나 분할출원에 대해 심사청구를 하지 아니하면 그 분할출원은 취하 간주된다. 질문: 분할출원은 원출원일로부터 5년 내에 심사청구를 하지 않아도 분할출원일로부터 30일 이내에 심사청구를 할 수 있으므로(法 59조 제3항) 甲은 2021. 5. 10. 이 경과했어도 2021. 6. 9. 까지는 분할출원을 할 수 있는 것 같은데 제 생각이 맞나요?",1. 단서는 일단 수리되기 때문에 취소되고 나중에 무효가 되었을 때 취소되지 않은 것으로 본다는 의미입니다. 2. 네 3. 네, ,,14.12.02
특허법,문제,제67조의 2,재심사청구와 특허거절결정 불복심판에 관하여,"이지 객관식 특허법 395 페이지 2014 변시기출문제인 19번 2번 보기에 보면 출원인이 특허거절결정에 대해 심판청구서를 제출한 후 재심사 청구의 취지를 기재한 보정서를 제출한 경우, 그 보정서의 제출 시점에서 해당 심판 청구의 무효, 취하 여부와 관계없이 그 보정서는 반려되고 심판절차가 진행된다고 적혀있고 이지 객관식 특허법 페이지 393쪽 16번 2번 보기에는 거절결정불복심판청구서가 무효, 취하되더라도 심판청구기간이 도과하지 않았다면 재심사청구의 취지가 기재된 보정서의 제출이 가능하다고 적혀있습니다. 양지문이 서로 충돌하고 있다는 생각이 들어 질문하게 되었습니다. 거절결정심판청구서가 제출된후 보정서 제출시 거절결정불복심판 청구기간이 도과하지 않았다면 심판청구가 무효나 취하되더라도 재심사 신청취지를 기재한 보정서를 제출할 수 있는 것인지 아니면 무효, 취하여부와 관계없이 보정서는 반려되어야 하는 것인지 질문드립니다.","이번에 법 개정으로 기출문제가 틀렸다고 해석해야 합니다. 법 제67조의2 제1항 단서를 보면 ""재심사를 청구할 때에 이미 재심사에 따른 특허거절결정이 있거나 제132조의3에 따른 심판청구가 있는 경우에는 그러하지 아니하다.""고 하여 재심사청구시에만 심판이 없다면 재심사청구를 수리하는 것이 맞습니다.", ,,14.12.03
특허법,문제 ,제67조의 2,67조의 2,"객387.11번3번지문 거절결정불복심판에서 재심사에 따른 거절결정이 취소되고 심사국으로 환송된후 다시 거절결정등본이 송달된 후에는 다시 재심사를 청구할수 없다 (X) 해설-이경우는 거절결정불복심판에서 재심사에 따른 거절결정이 취소되었기때문에 다시 재심사를 청구할수 있다. 질문-67조의2 1항단서 조문상 거절결정불복심판청구가 있는경우 재심사청구를 할수없다고 하기때문에, 거불심에서 재심사청구 거절결정이 취소되었더라도 이미 한번 거절결정불복심판이 청구된이상 재심사청구를 할 수 없는것 아닐까요?",재심사청구시(시각주의) 불복심판청구가 있어야 합니다., ,,14.12.15
특허법,조문,제67조의 2,재심사청구 질문있습니다,#1. 심사청구파트 보다가 궁금한게 생겼는데요 거절결정등본 송달받고 30일이내 재심사 청구하고 재심사청구에 따른 거절결정을 받으면 다시 30일 이내 거절결정불복심판청구가 가능하고 이때 인용심결되면 자판 또는 환송돼서 일반심사단계로 들어가는 것으로 압니다 근데 다시 일반심사단계로 들어가게 되고 또다시 거절결정받게되면 30일내에 재심사 청구가 가능한데요 계속 이렇게 재심사-거절-불복심판-인용심결(환송)-일반심사-거절-... 이렇게 무한루프 돌 수도 있나요? 아니면 횟수에 제한이 있는건가요?? #2 거절결정불복심판에서 인용심결 받고 다시 일반심사단계로 들어가서 심사를 할 때는 어떤 명세서 도면을 기준으로 심사를 하게 되는건가요?? 그리고 심사단계로 다시 들어가는건 출원인이 심사청구를 해야만 심사단계로 들어갈 수 있는건가요?? 아니면 인용심결 후 자동으로 일반심사 단계로 넘어가는건가요?? #3 재심사 청구시에 왜 일반심사에 따른 거절결정을 취소하고 다시 보정된 명도를 바탕으로 재심사를 하는데요 재심사의 경우는 무조건 특허거절결정만 있고 재심사단계내에서 최초나 최후거절이유통지는 없는것이죠?? #4 거절결정등본을 송달받고 30일 내에 재심사나 거불심을 할 수 있다하는데요 최초거절결정이든 최후거절결정이든 상관없이 30일 이내면 재심사나 거불심이 가능한건가요? 최초의 경우는 원거절이유만 해소됐다면 다시 보정하고 최후통지를 받을 기회가 더 있는데 굳이 보정을 안하고 재심사나 거불심에 들어갔다는건 최초거절결정등본송달을 받은 자가 자신의 거절받은 명세서 도면이 적법하다고 생각해서 그런건가요? #5 재심사도 기존의 거절결정에 불복하는거나 다름 없다고 생각하는데요 재심사청구와 거절결정불복심판의 효과상 차이가 무엇인지 궁금합니다,"1. 법 제176조 참조하세요. 2. 거절결정할 때의 명세서 또는 도면입니다. 심사청구를 필요로 하지 않습니다. 3. 거절이유가 언제 발생했느냐에 따라 최초 또는 최후거절이유통지를 할 수 있습니다. 보정 파트 참고하세요. 4. 무슨 질문인지 이해가 안 됩니다. 거절결정과 거절이유통지를 혼동하고 있는 것 같네요. 5. 재심사청구는 심사관에게, 심판청구는 심판관에게 하는 것입니다.", ,,14.12.20
특허법,조문,"제59, 60, 61조","심사청구, 우선심사제도 질문있습니다","#1 심사청구제도의 경우 누구든지 할 수 있다고 하는데요. 이해관계인이 아니면 사실상 출원공개 전에는 제3자가 그 발명이 출원됐는지 모르는 경우가 거의 대부분일테니 심사청구를 사실상 못하게 되는거 맞나요? #2 우선심사신청의 경우도 역시 누구든지 신청할 수 있다고 하는데요 객체적 요건 중 특히 출원공개후 제3자가 업으로서 발명을 실시하는 경우, 피해를 보는 사람은 특받권자이니까 특받권자 외의 다른 사람이 우선심사를 신청하는 경우도 사실상 없게 되는 것인가요? #3 우선심사 대상으로 특허출원인이 특허출원된 발명을 실시하고 있거나 실시준비 중인 출원이 있는데요. 국내에서의 실시로만 한정하고 외국에서의 실시는 인정되지 않는 것인가요?? 객체적 요건에서 별말 없는 한 다 국내로 한정되는 것인가요?? 저작자 표시컨텐츠변경비영리",1. 네. 2. 제3자가 할 수 있을 것 같네요. 3. 네., ,,14.12.20
특허법,조문,"제64조, 65조",출원공개제도&보상금청구권 질문있습니다,"#1 64조 3항에서, 국방상 필요한 발명에서 비밀취급되고 출원공개는 없이 설정등록된 경우, 설정등록이 출원공개를 갈음한다고 하는데요 64조 2항 3호에서, 87조 제3항에 따라 등록공고된 특허의 경우도 출원공개를 안하는 예외적인 경우라고 하는데, 그럼 일반화하면 등록공고와 설정등록은 모든 경우에 있어서 출원공개에 갈음한다라고 할 수 있나요? 보통 그런데 등록공고가 되기 전에 설정등록이 되는데 64조3항에서 왜 설정등록이라는 표현을 안쓰고 등록공고라고 한건지 궁금합니다. 아니면 설정등록은 사실상 공개행위가 아니고 출원공개되거나 등록공고되는건 제3자가 출원된 발명, 등록된 발명에 대해서 실제로 알게되는 시점인데, 굳이 설정등록이 출원공개에 갈음하는것인지 이유를 모르겠습니다 #2 출원공개 안되는 것으로 5가지가 있고 64조 2항 1,2,3호& 3항 4항이라고 하셨는데요. 64조4항을 언급하시면서 64조4항을 불특허발명에 해당해서 출원공개가 안된다고 하셨는데어디에도 불특허발명이라고 언급돼있지 않은 것 같은데...제가 착각하고 있는건지 잘못알고 있는건지 모르겠습니다 .. 설명 부탁드립니다 #3 출원공개된 경우 특허출원애 관한 서류의 열람등의 신청을 할 수 있고(216조) 등록공고된 경우 공중의 열람에 제공(87조 5항)된다고 하는데요 둘은 법조문과 시기는 다르게 나오지만 같은 기능을 한다고 봐도 되나요?? #4 보상금청구권의 경우 출원공개전에도 경고할 수 있고 다만 이때 보상금청구권은 출원공개된 때부터 발생한다고 돼있는데요 그 의미가 출원공개전에 경고하게 되더라도 실시료 상당의 금액의 산정이 출원공개된 때부터 계산된다는 것인가요? 그렇다면 출원공개전에 경고한거나 출원공개후에 경고한거나 사실상 보상금액에서 차이는 없게 되는 건가요?? 어떤 차이가 있는건지 궁금합니다",1. 법 제216조 참고하세요. 2. 시행령 참고하세요. 3. 법 제216조 읽고 질문해 주세요. 4. 보상금청구권의 계산 시점이 달라 집니다., ,,14.12.20
특허법,문제,제67조의 2,재심사청구와 분할출원,"특객395쪽19번 2014기출 지문1과 관련하여 질문드립니다. 출원인이 특허출원의 특허거절결정에 대해 재심사청구를 한 경우에 해당 거절결정등본을 송달받은 날부터 30일이내에는 분할출원을 할 수 있다.(×) 틀린 지문인데요 분할출원은 보정가능기간 내에 할 수 있는데, 위와 같은 경우에 재심사청구와 동시에 즉 보정할 때도(47조1항3호) 분할출원이 불가한가요?","동시에 가능, 그 후에는 30일이 남았더라도 불가 입니다. 이지특허법 확인하세요.", ,,15.01.05
특허법,조문,제67조의 2,재심사청구 시 보정을 반드시 해야하는지!,제가 아래에서 질문을 잘못드린거 같아서요ㅠ 제가 질문을 보정을 하지 않고 재심사청구할 수 있나요? 보정하면서 재심사청구해야하는지 궁금합니다! 이렇게 전혀 반대되는 문장을 두개 써서 질문해서요ㅠ 제가 도해에서 명세서등의 보정없이 재심사청구를 하는 경우 그 청구서가 반려된다는 시규11조를 봤는데ㅠ 그럼 이경우 보정을 반드시 하면서 재심사청구해야한다는 건가요ㅠㅠ??,네, ,,15.01.14
특허법,조문,제67조의 2,재심사청구와 거절결정불복심판 관련 질문있습니다!,"[질문의 요지] 개정법하에 있어서 (거절결정불복심판청구서 제출 후 // 재심사청구 보정서 제출한 경우) 재심사청구 보정서 제출시점에 // 거절결정불복심판청구서가 무효,취하 되어있었다면 a. 보정서가 반려되지 아니하는 것인지, 아니면 b. 보정서반려하여 소명기회부여시, 이를 소명하면 되는것인지 (심판의 무효,취하사실) 아니면 c. 반려되고 다시 재심사청구 (심판청구기간 도과전) 하여야 하는것인지 궁금합니다.ㅠ [구체적 내용] -------------------------------------------------------------------------------------------------------- 51회기출 A형14번에 2번지문을 이해하는데 있어서 혼동이와서 이를 질문드립니다 ㅠ 기출 14번 2번 지문 - 틀린지문 (다른 게시글의 댓글 및 모의고사 결과 참조해서 적어놓았습니다) 출원인이 특허거절결정에 대해 심판청구서를 제출한 후 재심사 청구의 취지를 기재한 보정서를 제출한 경우, 그 보정서의 제출 시점에서 해당 심판 청구의 무효,취하 여부와 관계없이 그 보정서는 반려되고 심판절차가 진행된다. 종래에는 심판절차는 정상적으로 진행하며, 보정서는 반려 (심판청구서의 무효,취하불문) 다만 무효,취하되고 심판청구기간이 도과하지 않았다면 다시 제출가능 -> 원칙적으로 보정서제출시 무효,취하 불문 반려되며 (종래의하면 51회 기출지문 타당하다고 생각됩니다.) 다만 무효,취하되었었다면 심판청구기간도과 전 다시 제출가능 개정후에는 심판절차는 정상적으로 진행하며, 보정서는 반려함이 원칙이나 보정서 제출시 심판청구서 무효,취하 되었다면 심판청구는 없는 것이므로 보정서는 반려되지 아니한다가 맞는건가요?? ㅎ",재심사청구서를 수리해야 합니다., ,,15.01.17
특허법,문제,제61조,우선심사제도,"375쪽 04번. 다음 중 우선심사대상이 아닌 것은 몇 개인가? ⓐ신재생에너지 기술개발사업 . . . ⓗ부품소재기술개발전문기업의 확인을 받은 기업의 출원 . . . 에서 ⓐ와 ⓗ는 방녹수국벤중직국조특전특전의지 중 어디에 해당해요?ㅠㅠㅠㅠ 이렇게 보니까 너무 헷갈리네요ㅠㅠ 그리고 '특허출원인이 특허출원된 발명을 실시하고 있거나 실시 준비중인 출원' 이 우선심사신청 가능하다고 어디서 볼 수 있어요..? 방녹수~랑 61조1호 이외에 또 있는건가요, 아니면 여기 있는건데 제가 못 찾은건가요?ㅠㅠㅠ","a는 <국>가의 신기술개발사업의 결과물에 해당하고, h는 <특>허출원인이 업으로서 실시 중이거나 실시준비 중인 특허출원에 해당합니다. 이지특허법 확인하세요. 법조문은 시행령 제9조입니다", ,,15.01.20
특허법,문제,제65조,보상금청구권 질문있습니다,객관식 409쪽 06번 ⑤ 해설에 '국어로 국제특허출원한 경우에는 국제공개가 있는 후 보상금청구권 발생이 가능하다' 라고 되있는데 국어 말고 다른 외국어로 국제특허출원한 경우에는 국제공개가 있은 후에 보상금 청구권 발생이 안되나요?,네, ,,15.01.21
특허법,조문,제67조의 2,재심사청구,재심사청구랑 거절결정불복심판청구 시기에서요 거절결정불복심판청구후 분할출원은 30일기간내에서는 가능하자나요 거절결정불복심판청구하 변경출원도 30일기간내에서 가능한가요? 재심사청구한다음에 분할출원하면 거절결정이 취소가 되서 불수리되자나요 재심사청구한다음에 변경출원해도 거절결정취소가되서 불수리되는거 맞나요? 다르게 볼 이유가 없는거 맞죠?,1. 가능합니다. 2. 실무가 명확치 않습니다., ,,15.01.22
특허법,조문,"제63조, 제66조 2","기재불비 거절이유 통지로 인한 보정, 직권보정 관련 질문입니다.","안녕하십니까 변리사님 복습 중에 의문점이 생겨서 글을 적게 되었습니다. 1.특허법 책 443p 각주 50번의 판례에서 (2012후3121) 심사관이 발명이 명확하고 간결하게 기재되지 않아 법 제42조4항2호의 기재불비 거절이유를 통지함에 따라 보정을 하였는데 그 보정 후 신규성이나 진보성의 거절이유가 발견되더라도, 청구항이 신설되거나 실직적으로 신설에 준하는 정도로 변경됨에 따라 비로소 발생한 경우와 같은 특별한 사정이 없는 한 보정으로 인하여 새롭게 발생한 거절이유로 보지않고 보정각하가 아닌 거절이유 통지를 해야한다고 판시되어 있습니다. 2.그리고 책 558p 심사기준에서 최후거절이유통지를 하는 예시 중 하나로서 청구항 기재의 현저한 기재불비 또는 신규사항의 추가 등으로 신규성 진보성등과 관련된 심사가 불가능했던 청구항을 보정한 후 다시심사한 결과 신규성이나 진보성에 관한 거절이유를 발견한경우 최후 거절이유통지를 한다고 되어있습니다. 이 경우에는 그럼 보정에 의해 신규성이나 진보성의 거절이유가 발생한 것으로 본다는 것인데 저는 1의 경우 신규성 진보성 거절이유가 원래 존재하던 것인데 기재불비로 인해 판단을 할 수 없던 상태에서 보정에 의해 기재불비가 해소됨과 동시에 신규성 진보성 거절이유의 판단이 가능해졌기 때문에, 원래 존재하던 거절이유로 보아 보정각하가 아닌 거절이유통지를 하는 것으로 이해하였고, 2의 경우에도 1의 경우와 똑같은 케이스로 받아들여져서 왜 이때는 보정에 의해 발생한 거절이유로 보는지 의문점이 들었습니다. (1) 1과 2 케이스가 제가 이해한대로 같은 것이라면, 심사기준과 판례의 태도가 다른 것으로 이해하면 되는 것인가요? (2) 제가 잘못 이해한 것이라면 위 사안이 어떻게 다른 것으로 이해하면 될지 궁금합니다. (3) 1의 경우 보정각하를 하지 않는다고 했는데 이경우의 보정은 47조 1항 2호 또는 3호의 보정일 것인데 그럼 최후거절이유를 통지한다고 이해하면 맞는 것인가요? 추가적으로, 직권보정파트에서 부적법한 보정이 직권보정사항에 해당하는 경우 보정각하 하지 않고 보정승인한 후 절차를 진행한다고 되어있습니다. 예를들어서 최후거절이유통지에 대한 보정(a)으로 기재불비가 발생한 경우 이것이 명백히 잘못된 경우에 해당하여 직권보정을 하고 특허결정을 하였는데, 출원인의 의견서 제출로 특허결정을취소하고 직권보정이 없었던 것으로 보고 다시 심사를 진행할 때 a보정이 부적법한 것으로 인해 보정각하를 하지 않고 최후거절이유통지하는 것도 51조 1항 1호의 보정각하예외로 보면 되는 것인가요? 직권보정 전 부적법한 보정을 간과한 뒤 특허결정이 취소된 후 발견된 경우 이에 해당함은 당연한데, 위의 경우도 간과한 경우로 보는 것인지가 궁금합니다! 글이 길었는데 읽어주셔서 감사합니다. 바쁘실텐데 답변 미리 감사합니다! 좋은하루 되시기 바랍니다.","1.2. 심사기준은 판례와 약간 뉘앙스가 다른 것 같습니다. 판례는 발명의 파악이 가능하나 기재불비가 있는 경우이고, 심사기준은 발명의 파악이 불가능한 것이 보정에 의해 발명의 파악이 가능하게 되었다면 신규성, 진보성 위반은 보정에 의해 발생한 거절이유로 본다는 것입니다. 3. 최후인지 아니면 최초인지는 거절이유가 언제 발생했느냐에 따라 달라지기 때문에, 원시적으로 발생한 거절이유라면 최초거절이유를 통지할 수도 있습니다. 4. 네, 제51조제1항제1호에 해당합니다. 열공하세요~", ,,17.05.28
특허법,조문,제65조,보정/배상금 청구에 관한 질문,"처음에 청구항 A/C 에서 후에 B/C로 보정이 됩니다. 보정의 경우 소급효가 있어서 처음부터 출원을 B/C로 한 것으로 처리되는 것으로 아는데요, 그럼 이럴 경우 을이 공개와 보정 사이에서 A 실시한 것에 대한 청구는 불가능 한 것인가요 ? 추가로, 보정을 하면 소급효가 있는 것은 알겠는데, 실제로, 즉 위의 을과 같이 보정이 이루어 지기 전에는 보정이 있을 것이라는 것을 모를텐데, 문제를 풀 때는 특정 시점이 아니라 마지막에 결과론적인 관점에서(출원시로 소급) 살펴봐야 할까요 ? 감사합니다.","안녕하세요? 임변입니다. 핵심논점은 법 제65조제6항입니다. 법 제65조제6항에 의해 특허등록이 되지 않으면 보상금청구권은 소멸합니다. 즉, A에 대해서는 청구범위에 삭제되어 특허등록이 되지 않았기 때문에 보상금청구권이 소멸하게 되는 것입니다. 열공하세요~ 답글기능 더보기", ,,17.06.01
특허법,조문,제65조,보정과 재경과 질문드립니다.,맨처음 경고를 하였는데 경고~재경고 시기에는 을도 A실시로 인하여 위반을 하고 있다고 생각이 드는데 을의 A의 실시는 왜 위반이 안되는 것인가요??,안녕하세요? 임변입니다. 바로 밑밑에 답변이 있네요. 참고하면 될 것 같습니다., ,,17.06.05
특허법,조문,제67조,거절결정과 거절이유통지의 차이점,"저는 지금까지 47조 1항의 보정의 종류를 기준으로, 거절을 (최초,최후)거절이유통지와 재심사를 청구 하기 앞서 송달되는 거절결정등본의 거절결정으로 구분했습니다. 그러다 심사유예신청이 되지 않는 사유는 이미 거절'이유'통지가 이루어진 경우이고, 특허여부결정의 보류가 되지 않는 사유는 이미 거절'결정'통지 인 것을 보면서 제가 생각하고 있는 게 맞는지 의문이 생겼습니다. 혹시 거절결정의 범주 안에 거절이유통지가 들어가나요?",거절결정과 거절이유통지는 완전히 다른 개념입니다. 거절이유통지는 거절결정하기 전 출원인에게 의견서/보정서 제출기회를 부여하기 위한 절차입니다. 이는 심사관이 거절잉유에 해당하는지 직권으로 심사하기 때문에 대응기회를 부여하는 것입니다. 열공하세요~, ,,17.06.09
특허법,조문,제63조,63조,"안녕하세요 변리사님 63조의 거절이유통지라는 강행규정과 관련하여, 판례는 우선권주장 불인정 이유의 통지없이 거절이유통지만 한 후 거절결정시 위법하다는 것을 판시해줬다고 알고있는데요. 거절결정 전에 '거절이유통지가 타당한지'를 물었을 때, 그 통지를 부당하다고 볼 수도 있나요?? 판례취지에 비추어 볼때 의견서 제출기회가 주어지지 않고 거절결정이 되어서 위법하다고 하는것 같고, 나아가 거이통시 모든 거절이유를 설시할 필요는 없다는 판례도 있었던거같아서요. 그래서 제 개인적인 생각으로는 거절 결정 전에 해당 우선권불인정 취지가 전해지면 거이통 자체로는 부당하다고 할 수는 없을거같은디 63조2항에 비추어보면 거절이유를 구체적으로 적지 아니한 경우로서 부당하다고 볼 수있을지 궁금합니당","판례를 잘못 이해하고 있는 것 같네요. 판례의 요지는 거절이유통지서에 우선권주장이 불인정되었기 때문에, 후출원시를 기준으로 거절이유를 판단하며, 그 결과 거절이유가 발생했다는 것을 명시하지 않은 경우, 출원인의 실질적 대응기회가 부여되었다고 하지 않았기 때문에 절차적 위법이 있다는 것입니다. 다시 한 번 판례를 살펴 보세요~", ,,17.06.13
특허법,조문,"제63조 1항 2호, 53조",직권 재심사와 변경출원의 시기적 요건 관련 질문입니다.,"안녕하세요. 직권 재심사와 변경출원의 시기적 요건 관련하여 문의드립니다. 63조1항2호에서 직권 재심사에 해당하는 경우 최초OA로 돌아간다고 되어있는데요. 거절이유통지와 최초의 특허거절결정의 의미가 다른 것은 인지하고 있습니다만, 53조1항1호에서 변경출원의 시기적 요건을 최초의 특허거절등본을 송달받은 날부터 30일로 제한하는 것의 취지는 출원인에게 변경출원, 거절결정불복심판의 청구와 재심사 청구 중 택일적으로 조치를 취할 수 있는 기회를 주기 위함이므로, 직권 재심사의 경우에는 거절결정불복심판청구 취소환송과는 다르게 출원인에게 변경출원을 택할 수 있는 기회를 다시 주어야 할 것 같다고 생각했습니다. 따라서, 다음 사항을 질문드립니다. 질문1. 출원인이 최초 특허거절결정이 되지 않고 특허결정 후 직권 재심사 단계로 들어갔다면, 변경출원을 할 수 있는 건가요? 질문2. 만일 가능하다면, 변경출원의 시기적 요건에서 '최초의 거절결정등본을 송달받은 날'에 대응되는 기산일은 '특허결정을 취소한다는 통지를 받은 날'로 되나요? 감사합니다.",1. 네. 아직 거절결정이 내려지지 않았기 때문입니다. 2. 아니오. 특허결정을 취소한다는 개념과 거절결정을 한다는 개념은 전혀 상이합니다. 특허결정을 취소한 후 다시 심사하여 또 다시 특허결정을 할 수도 있습니다. 열공하세요~, ,,17.06.29
특허법,조문,제66조의 2,직권보정 후 심사 진행 case,안녕하세요 변리사님 강의 수강중 문의사항잇어 질문드립니다 강의노트 232페이지에서 그 거절이유가 출원인이 받아들이지 아닌한 직권 보정사항에 해당하고 이미 통지된 거절이유라면 바로 거절결정 할 수 있다 고 적혀잇는데 강의 시간에 2발견 최후 거절 이유통지로 수정 하라고 하셧는데 이미 통지된 거절이유이니 수정 전 거절결정이 맞는건 아닌가요? 답변 부탁드립니다,그림에서 법 제42조제4항제1호는 이미 통지한 거절이유가 아니기 때문에 최후거절이유통지가 됩니다. 아직 한 번도 거절이유통지를 하지 않았습니다. 열공하세요~, ,,17.06.29
특허법,조문,제59조,출원심사청구 주체 관련하여 질문드립니다,"59조 2항에서 누구든지 심사청구를 할 수 있으나 출원인은 청구범위 국어번역문 없이는 심사청구를 할 수 없다고 하는데, 그렇다면 반대해석시 출원인을 제외한 나머지 누구든지에 해당하는 사람은 청구범위 국어번역문이 제출되지 않은 경우에도 심사청구를 할 수 있나요?","맞습니다. 제3자는 심사청구할 수 있는 것이고, 그 결과 법 제42조의2제2항의 유예기간과 제42조의3제2항에서 번역문 제출기간을 두고 있는 것입니다. 열공하세요~", ,,17.07.27
특허법,조문,제66조의 2,직권보정에 대해 질문드립니다.,"직권보정에서, 직권보정 전에 이미 통지된 거절이유가 직권보정사항에 해당하면 바로 거절결정을 하고, 그게 이미 통지된 거절이유가 아니라면 최후거절이유통지를 하는데요. 만약에 직권보정 전에 발견된 거절이유가 직권보정사항이 아니고 이미 통지된 거절이유라면 최초거절이유통지인가요 최후거절이유통지인가요?! 놓친건지 못찾는건지 잘 모르겠어서 질문올립니다ㅠㅠ","잘못 알고 있는 것 같습니다. 직권보정 전에 이미 통지된 거절이유가 직권보정사항이고 이미 통지된 거절이유라면 거절결정합니다. 한편, 문의하신 사항은 최후거절이유통지를 하게 됩니다. 열공하세요~", ,,17.08.07
특허법,조문,제64조,출원공개범위 질문드립니다.,"안녕하세요 변리사님! 공부중에 출원공개범위에대해 궁금한 사항이 생겨 질문드립니다. 1. 출원공개방법은 전문공개로 알고있는데요, 출원공개대상은 최.명.도 인가요 아니면 출원계속중인 출원서,명세서,도면인가요? (삭제보정시 삭제보정한 부분도 출원공개대상이 궁금합니다!) 2. 만약 삭제보정한것을 공개하지 않는다면, 삭제된것은 public domain이 아니지않나요? (1번 답변이 최.명.도라면 답변안해주셔도됩니다!)",특허법 제216조에 따라 전체를 볼 수 있습니다. 삭제된 내용도 마찬가지로 볼 수 있습니다. 열공하세요~, ,,17.08.22
특허법,조문,"제59조,60조",확선지위와 출원공개제도를 활용한 심사청구제도 운영,"강의노트 214페이지에서 1. 출원일로부터 1년이 되기 전 특허결정을 하는경우 심사관은 특허결정을 하되, 조약우선권주장출원의 우선기간을 고려하여 선출원주의 위반여부를 판단할 수 없다는 단서를 붙이고있다 와 2. 또한 1년 6개월이 되기 전 특허결정을 하는경우에는 심사관은 선출원의 공개여부가 불명확하기 때문에 확대된 선출원의 지위 위반 여부를 판단할수 없다 가 이해가 가질 않습니다.. 좀더 자세한 설명을 부탁드려도 될까요..?",1. 외국에 출원한 선출원을 기초로 우선기간 1년에 국내에 조약우선권주장을 할 수 있기 때문입니다. 2. 선출원의 출원공개를 요건을 확선이 적용되기 때문입니다. 열공하세요~, ,,17.08.29
특허법,조문,제66조의 2,직권보정 질문드립니다,"강의노트 p232 거절이유(2) 에 대해서 거절결정이 아닌 최후거절이유통지가 내려지는진다고 하셨고 그 이유가 이미 통지된 거절이유가 아니기 때문이라고 하셨습니다. 제가 궁금한 점은 직권보정시, 특허결정과 함께 직권보정사항에 대해서 출원인에게 통지되기 때문에 직권보정사항이 곧, 이미 통지한 거절이유에 해당하는것 아닌가 하는 것입니다. 그리고 이미 통지한 거절이유가 아니라면 이미 통지한 거절이유인 동시에 직권보정사항에 해당하는 거절이유사례에는 어떤 것이 있는지 알고 싶습니다,","거절이유통지를 했다는 것은 출원인에게 실질적인 대응기회(보정서) 제출기회를 주었다는 것입니다. 특허결정하면서 직권보정사항을 알린 것은 보정세 제출기회를 부여한 것이 아닙니다. 구체적인 케이스는 기재불비로 거절이유통지를 하였는데, 기재불비가 해소되지 않았지만 직권보정하면서 특허결정한 경우가 있을 수 있겠네요. 열공하세요~", ,,17.09.14
특허법,조문,제64조,출원공개의 시기 내용인 강의노트 237쪽에서 c가 진보성 위반이 될 수 있나요?,"안녕하세요~ 강의듣다가 질문이 생겨서 글 올립니다. 강의에서 c가 진보성 위반이 될 수 있어서, 조기공개가 꼭 좋은 것만은 아니라고 하셨는데, c는 공지된 기술이 아닌데 진보성 위반이 될수 있나요?? 저작자 표시컨텐츠변경비영리","A,B가 조기공개로 공지기술이 되고, C가 A,B로부터 용이하다면 진보성 위반이 됩니다. 열공하세요~", ,,17.09.15
특허법,조문,제66조의 2,직권보정 질문입니다.,"66조의 2에 따르면 '명백히 잘못된 경우에 직권보정을 할 수 있고 이지특허법 581p를 보면 '명백히 잘못된 경우'란 사소한 오탈자 '이외에' 명백한 기재불비라고 설명하였습니다. 사소한 오탈자의 경우, 직권보정 요건인 '명백히 잘못된 경우'에 해당하지 않아 직권보정되지 않는 것입니까? 아니라는건 알고 있는데 조문에 사소한 오탈자를 제외하는 이유가 궁금합니다.",A 이외에 B = A뿐만 아니라 B도 포함 의미입니다. 열공하세요~, ,,17.09.17
특허법,조문,제66조의 2,직권보정 질문입니다.,"교재 583쪽에 직권보정을 불수용한다는 의견서 제출한 경우 특허결정이 취소된 것으로 보아 심사관은 직권보정 전 명세서 또는 도면에 의해 다시 심사를 한다. 이때 심사관이 직권보정 전에 ""이미 통지된 거절이유""가 발견되더라도 ""다시 거절이유를 통지"" 하여야한다. Q1)여기서 이미 통지된 거절이유가 최후거절이유통지일경우 나중에 발견되면 최후거절이유를 통지해주는데 만약 이미 통지된 거절이유가 최초거절이유인 경우 간과 후 발견되면 최초인가요 아님 최후거절이유통지인가요? Q2)또한 다시 심사진행할때 새로운 거절이유 발견하면 최초거절이유통지 하여 심사를 진행하나요? 답변에 미리 감사드립니다",1. 최후거절이유통지가 됩니다. 2. 새로운 거절이유가 원시적으로 발생된 경우에 한해 최초거절이유통지를 합니다. 그렇지 않고 법 제47조제1항제1호의 시기에 보정에 의해 발생한 경우에는 최후거절이유통지를 합니다. 열공하세요~, ,,17.09.20
특허법,조문,제67조의 2,재심사의 청구,재심사의 청구 요건을 보면 특허거절결정든본을 송달받은 날 부터 30일 이내에 그 특허출원의 명세서 또는 도면을 보정하여 해당 특허출원에 관한 재심사를 청구할 수 있다.고 되어 있습니다. 강의노튼에 거절이유통지를 받고 대응방안에 재심사청구가 있는데 이때 재심사청구가 가능한건가요?,의견서를 냈는데 거절결정등본 재심사청구가 가능합니다, ,,17.09.23
특허법,조문,제67조의 2,재심사청구 취지를 기재한 보정사와 거불심청구서가 동일자에 제출 된 경우,"안녕하세요 변리사님. 오늘만 여러개 질문을 하게 되어서 죄송합니다... 440번 문제에, '재심사청구 취지를 기재한 보정사와 거불심청구서가 동일자에 제출 된 경우' 재심사청구의 취지가 기재된 보정서를 반려한다. 라고 쓰여있습니다. 그런데 이 경우, 보정서에 대해 반려이유를 통지하고, 통지서에 심판과 재심사 중 택일 하게 한다고 봤던거 같습니다. 즉 바로 반려하는 것은 아니라고 생각하고 이 지문은 틀린 지문이라고 생각했는데 제가 잘못 이해하고 있는 건가요?","반려한다는 것은 반려이유를 통지하고 소명기회를 준다는 의미입니다. 다시 말해 소명기회를 주지 않고, 반려하는 경우는 없습니다. 열공하세요~", ,,17.09.26
특허법,조문,제65조,(출원공개의 효과)에서 보상금 청구권에 관해 질문이있습니다.,"1.출원공개 후 제3자의 실시에 의해 제조된 물건에 대해 특허권의 설정등록 후 보상금청구권의 행사에 따라 보상금이 지급되었다면, 이러한 물건을 특허권의 설정등록 후에 사용하고 있는 자에 대해서는 소진이론에 의해 다시 별도로 특허권을 행사할 수 없는것이 아니다.(보상금청구권과 특허권은 서로 별개의 것으로서 상호 행사에 영향을 미치지 아니한다.(65조 4항), 지문 말미를 제가 살짝 수정했습니다.) ---->보상금청구권과 소진이론에 관해 이해가 잘안되서 질문을 드리게됬습니다. 만약 물건A에 대한 특허권자(甲)가 설정등록전 乙이 물건A를 생산하여 丙에게 매도하여 설정등록 후 보상금청구권을 행사한 경우에도 후에 丙이 매수한 물건을 제3자에게 전매할 경우 소진이론이 적용될 수없고 특허권의 침해를 구성할 수 있다고 생각할 수 있을까요? (저는 단지 설정등록 전의 실시에는 보상금청구권으로 설정등록 후의 실시에는 특허권으로 대응한다고 생각을 했기에 많이 헤깔리는 것 같습니다.) 2.보상금 청구권의 법적 성질에 관해 ""제3자의 실시가 없었다면 출원인이 더 많이 이익을 얻을 수 있었던 이익의 상실을 보상하기 위해 실시료 상당액을 인정하는 채권적 권리""라는 표현이있습니다. 혹시 출원인이 발명을 실시하고 있지않다면 보상금 청구권을 행사할 수 없을까요?(보상금 청구권의 성립요건에 딱히 출원인의 실시를 요구하고있는건 아니라서 실시할 필요가 없을것 같기도하고 잘모르겠습니다.)","1. 문의하신 사안은 소진이론과 전혀 무관한 내용입니다. 소진이론이란 (적법한 제조판매권을 가진 자>가 <판매한 물품>에 대해서는 판매할 때 권리가 소진된다는 것인데, 을은 적법한 제조판매권을 가지고 있지 않습니다. 2. 출원인의 실시와 보상금청구권은 전혀 무관합니다. 보상금청구권을 인정하는 정확한 취지는 중복투자,연구를 방지하기 위해 출원공개했든데 모방실시하면 발명의 가치가 훼손되기 때문에 이를 보상해 주겠다는 것입니다.", ,,17.09.29
특허법,문제,제66조 2,직권보정 후 출원인이 이를 받아들일 수 없는 경우,"객관식 447페이지 ④번, ⑤번 지문입니다. 직권보정에 대한 다음 설명 중 틀린 것은 ④특허출원인이 요약서의 직권보정 사항에 대해 의견서를 제출한 경우 해당 직권보정 사항의 전부 또는 일부는 처음부터 없었던 것으로 본다. (O) ⑤ ④의 경우 특허결정도 함께 취소된 것으로 본다.(X) 제66조의2(직권보정 등) ① 심사관은 제66조에 따른 특허결정을 할 때에 특허출원서에 첨부된 명세서, 도면 또는 요약서에 적힌 사항이 명백히 잘못된 경우에는 직권으로 보정(이하 ""직권보정""이라 한다)할 수 있다. <개정 2016.2.29.> ② 제1항에 따라 심사관이 직권보정을 하려면 제67조제2항에 따른 특허결정의 등본 송달과 함께 그 직권보정 사항을 특허출원인에게 알려야 한다. ③ 특허출원인은 직권보정 사항의 전부 또는 일부를 받아들일 수 없으면 제79조제1항에 따라 특허료를 낼 때까지 그 직권보정 사항에 대한 의견서를 특허청장에게 제출하여야 한다. ④ 특허출원인이 제3항에 따라 의견서를 제출한 경우 해당 직권보정 사항의 전부 또는 일부는 처음부터 없었던 것으로 본다. 이 경우 그 특허결정도 함께 취소된 것으로 본다. 다만, 특허출원서에 첨부된 요약서에 관한 직권보정 사항의 전부 또는 일부만 처음부터 없었던 것으로 보는 경우에는 그러하지 아니하다. <개정 2016.2.29.> 특허결정 후 명세서,도면, 요약서에 명백히 잘못기재된 사항을 심사관이 직권보정후 출원인에게 특허결정 등본과 직권보정사항을 통지하고, 출원인은 이를 취사선택하여 직권보정을 거부할 수 있는데... 66조의2 ④항을 본문/단서로 나눠보면 본문 : 명세서, 도면, 요약서의 직권보정을 받아들이지 않는 경우는 직권보정 없던걸로 하고 특허결정도 함께 취소하고 단서 : 출원인이 요약서의 직권보정에 대해서만 받아들이지 않는 경우 그 직권보정은 처음부터 없던걸로 하되, 특허결정을 취소하지 않고 계속 유지한다고 하는데. 즉, ④지문이 특허출원인이 요약서의 직권보정 사항에 대해서만이라도 의견서를 제출한 경우....라고 해야 ⑤번 지문이 틀린지문이 되는게 아닌가요?","문제를 볼 때 너무 가정을 많이 하는 것 같네요. 4번에서 요약서를 직권보정했다고 했고, 명세서 또는 도면을 직권보정했다고 하지 않았는데, 그런 경우를 가정하고 있네요. 객관식은 상대적으로 답을 찾아야 합니다.", ,,17.10.05
특허법,문제,제59조,출원인 or 제3자의 심사청구,"객관식 415페이지 (나)지문입니다. 문제)심사청구에 관한 설명 중 틀린 지문을 모두 고른 것은? (나)제3자는 출원공개전이라도 심사청구할 수 있다. (O) 해설)통상의 특허출원에 대해서는 제3자도 특별한 심사청구시기의 제한이 없다.(法 59②, 60②). 그러나 국제특허출원의 경우에는 제3자는 국내서면제출기간이 경과해야만 심사청구를 할 수 있다. (法 210) 일단 60조③항 내용인것 같습니다. 지문과 해설 대로라면 국제특허출원의 경우도 생각해야 하므로 (∵문제에서 통상의 특허출원이라는 말이 없음) PCT출원에 대한 제3자 심사청구기간은 210조 2호에 따라 국내서면제출기간(연장된 경우 연장된 기간)이 지나야 되고 PCT출원의 출원공개시기는 207조①에서 [원칙] 국내서면제출기간(연장된 경우 연장된 기간)이 지나야 출원공개된다면.. (예외의 경우는 출원인이 별도의 절차를 밟았을 때 출원공개를 더 앞당길 수 있는것들이므로 출원공개가 당연히 제3자 심사청구보다 빠를 수 밖에 없으므로 출원공개전 제3자심사청구가 가능한 경우가 없음) ""적어도 출원공개가 이뤄진 후에야 제3자는 PCT출원의 심사청구를 할 수 있다"" 라는 결론이 나오는 것같은데...아닌가요?","국제특허출원이라도 불특허발명, 비밀취급명령을 받은 경우 등이라면 출원공개전이라도 심사청구할 수 있을 것입니다.", ,,17.10.05
특허법,조문,제59조,심사청구기간에서 출원일 소급제도 관련,다른 소급제도는 모두 알겠는데요 제47조 제51조 보정 및 보정각하와 관련하여서는 특허출원일과 관련하여 어떤 부분을 뜻하는지 잘 이해가 안되어서요. 책을 뒤져보아도 잘 정리가 안되어 질문드립니다!,"보정의 소급효가 인정되기 때문에, 보정서 제출일이 아니라 원출원일로부터 3년이라는 것입니다. 열공하세요~", ,,17.10.07
특허법,조문,제63조,거절이유통지의 성질,"특허결정 취소 후 직권재심사하여 ""최초거절이유통지에 대응한 보정""을 했을때 63조1항2호의 기 통지한 거절이유가 존재하는 경우 의견서제출기회부여의무가 있나요? 구체적인 사례에서 -청구항1(A) 진보성 위반 최초통지 -1차 보정에 명세서 기재불비 거절이유로 최초통지 -2차 보정에도 명세서 기재불비 거절이유 있으나 간 과하여 특허결정 -직권재심사하여 최초통지(명세서 기재불비) -그에 대응한 3차 보정 : 청구항1(A) 진보성 위반 (이때 ""3차보정서""의 진보성 위반의 거절이유도 63조1항2호의 '특허결정 전에 이미 통지한 거절이 유'해당하나요? - 책에는 직권재심사 후 ""최초거절이유통지 사유<2차보정서 명세서 기재불비>""가 기 통지한 거절이유<1차보정서 명세서 기재불비>에 해당하는경우 거절결정하지 않는다는 것 의미한다고만 되어있어서 ""최초통지에 대응한 보정""도 포함되는지 모르겠습니다.) 즉, 사례의 경우도 ""특허결정 전 이미 통지한 거절이유가 발견되어 63조1항2호에 따라 거절결정 하지않고"" 최후통지하는 것이 맞나요? -아니면 ""최초통지에 의해 다시 보정""했다면 63조1항2호가 적용되지 않아 이미 통지한 거절이유는 다시 통지하지않고 거절결정인지 헷갈립니다. 위 질문이 맞는 경우라면 직권재심사로 인한 최초통지의 성질이 특허결정 전에 한 거절통지는 다 없었던 것으로 취급해서(처음부터 심사하는 것처럼) 특허결정 전 이미 통지한 거절이유라도 직권재심사 절차에서 똑같은 거절이유가 발견되더라도 '보정에 의한 새로운 거절이유 발생'으로 봐도 괜찮을까요?","다시 최초거절이유통지를 합니다. 즉, 직권재심사를 하는 경우 처음부터 다시 시작한다고 생각하면 됩니다. 이는 법 제47조제1항제2호괄호에서 (제66조의3제2항에 따른 통지를 한 경우에는 그 통지 전의 거절이유통지는 제외한다)고 명시되어 있기 때문입니다. 제목이 질문규칙에 맞지 않습니다. 수정해 주세요~", ,,17.10.11
특허법,조문,제61조,거절이유통지를 받은 출원인의 극복방안,"변리사님 안녕하세요, 거절이유통지를 받았을 때 거절이유가 기재불비이지만 보정을 했을 때에는 신규사항추가금지에 해당하게 되어 거절결정받을 상황에 대한 질문입니다. 극복방안으로 출원일로부터 1년이 지나지 않았다면 우선권주장출원을 고려해볼 수 있다 하셨는데, 위 사진에서 Y가 국내우주를 수반하면 결국 A+a는 A와 동일성이 없어지니, 국내우주의 후출원의 요건인 '우주출원의 청구범위가 선출원의 최명도의 기재된 범위 내에 포함되어야 한다'를 만족시키지 못하게 되어 소급효가 없어진다고 저는 생각하였고, 그렇다면 결국 판단시기의 소급효도 인정받지 못할텐데 이럴때 A+a를 굳이 국내우주를 하는 실익이 무엇인지 궁금합니다. 별개의 출원을 하는 것과 다른 점이 있나요? 혹은 제가 논리를 잘못 전개한 것이라면 지적 부탁드립니다! 감사합니다.","청구범위는 같고, 발명의 설명만 다른 경우를 말하고 있습니다. 열공하세요~", ,,17.10.21
특허법,조문,제63조 1항,거절이유가 동일한 경우,"변리사님 안녕하세요, 항상 친절한 답변 감사합니다! 제가 여쭙고 싶은 것은 거절이유가 동일한 경우에는 2번의 거절이유통지를 하지 아니함이란 내용을 63조 1항에서 찾을 수 있다 하셨는데, 63조 1항에 ""거절이유에 해당하는 경우 출원인에게 통지하여야 한다""라는 내용에서 어떻게 원거절이유가 해소되지 않은 경우의 해석을 어떻게 추론하는지 입니다!! 강의 중에 원거절이유가 해소되지 않을 경우에는 거절결정한다, 라고 말씀하신 거에 그냥 넘어갔는데 법조문에서 어떻게 근거를 찾아야할지를 모르겠어서요ㅠㅠ 오늘도 좋은 하루 되시기 바랍니다!!","안녕하세요? 법 제63조제1항을 살펴보면, ""거절결정하고자 할 경우 거절이유통지하고 의견제출기회를 주어야 한다""고 되어 있고, 따라서, 의견제출기회를 주었다면, 거절결정을 하면 되는 것입니다. 열공하세요~", ,,17.10.22
특허법,조문,제78조,심사 또는 소송절차의 중지 주체,"안녕하세요 절차의 중지사유 중 다른 절차와의 관계에서 필요한 경우 중지의 주체가 누구인지 헷갈려 질문드립니다 164조에는 (1항)심판에 필요한 경우 / 다른심판이나 소송이 끝날때까지 / 심판장의 / 직권 또는 당사자의 신청으로 / 심판절차를 중지할 수 있고 (2항)소송에 필요한 경우 / 심판이 끝날때까지 / 법원의 / 직권 또는 당사자의 신청으로 / 소송절차를 중지할 수 있다 고 하는 반면에 78조에는 (1항)심사에 필요한 경우 / 심판이나 소송이 끝날때까지 / 심사절차를 중지할 수 있고 (2항)소송에 필요한 경우 / 심사가 끝날때(특허여부결정)까지 / 법원은 / 소송절차를 중지할 수 있다 고 합니다 1. 심사에서 중지의 주체는 누구인가요? 직권에 의해서만 가능한가요, 당사자의 신청에 의해서도 가능한가요? 2. 소송에서 심사에 의한 중지의 경우 법원의 직권에 의해서만 가능한가요, 당사자의 신청에 의해서도 가능한가요? 3. 164조에 의한 중지에 대해서도 불복할 수 없나요? 항상 감사합니다","1. 법조문에 명시되어 있지 않지만, 심사관이라고 해석됩니다. 2. 신청 또는 직권으로 가능합니다. 3. 네 열공하세요~", ,,17.11.14
특허법,문제,제59조,심사청구제도에 대한 질문,"변리사 44회 기출문제에 대해 질문있습니다 해당 문제는 사진으로 첨부하였습니다 첫번째 질문은 C는 분할출원인데 원출원일로부터 3년이 지나도 분할출원일 30일이내에 심사청구를 할 수 있는 것으로 알고있습니다(분할.변경출원의 기간의 특례 : 청.번.조.심) 그런데 이 문제의경우 B 와 C의 간격이 11개월인데 B로부터 3년이지나면 C출원일후 30일보다도 훨씬더 기간이 많이 지나가버린 것인데 이 때(B로부터 3년이 지났을때) 심사청구를 어떻게 할 수 있는 것인가요? 보기 4번같은경우 제생각에는 맞는보기인것 같은데 틀리다고 나와있습니다 두번째 질문은 이 문제처럼 A출원 B는 A를기초로 한 국내우주 C는 B를 기초로한 분할출원 일 때, C에대한 기간의 계산들을 할때(예를들어 출원공개시기 국내우선권주장 등등) 원출원일이라는 단어가 나오면 B출원일이라고 생각을 해야하나요 아니면 B가 국내우주를 했으니까 A출원일이라고 생각을해야하나요?","일단 질문의 전제 자체가 틀렸습니다. 문제 어디에도 C가 분할출원이라고 하지 않습니다. 따라서 본 문제는 1) C가 별도출원인 경우 2) C가 분할출원인 경우 3) C가 분할출원이면서 국내우선권주장을 수반하는 경우 로 나누어서 풀이를 해야 합니다. 한편, 3)의 경우일 때 원출원일은 B출원일이고, 선출원일은 A출원일이 됩니다. 다만 각 규정별로 판단의 기산일이 다르니 주의해야 합니다.", ,,17.11.17
특허법,조문,제63조,"거절이유통지가 최초, 최후가 섞인경우","이지특허 558페이지에 3. 거절이유종류의 선택 심사한 결과 발견한 거절이유 모두가 최후거절이유통지 대상인 경우만 최후거절이유를 통지하고, 그 외에는 최초거절이유를 통지한다. 라고 적혀있는데요. ㅡㅡㅡㅡㅡㅡㅡㅡㅡㅡㅡㅡㅡㅡㅡㅡㅡ 예를들어 청구항이 A, B가있는데 심사관이 A가 진보성이없어 최초거절을합니다 그후 A를 보정하여서 제출합니다. 심사관이 다시보니까 보정한A가 아직 진보성이 없습니다. 근데 처음엔 못찾았는데 B도 진보성이 없습니다. 이경우 A는 최후거절이고 B는 최초거절일텐데 책대로라면 모두최후거절이유통지 대상인경우만 최후거절을 할수있으니.... 여기서 최초거절을 해야하는건가요? 좀 이상한것같아서 질문드립니다. 아마 제가 글의 뜻을 잘못이해한것같습니다.","A의 진보성 위반이 해소되지 않았다면 거절결정됩니다. A가 진보성 위반이 해소되었는데, 기재불비가 발생한 경우 및 B의 진보성 위반이 발견된 경우 최초거절이유통지를 합니다. 열공하세요~", ,,17.11.30
특허법,조문,"제63조 3, 87조 4",비밀취급이 필요한 발명 관련한 출원공개와 등록공고,"64조③ 제41조제1항(국방상 필요한 발명)에 따라 비밀취급된 특허출원의 발명에 대해서는 그 발명의 비밀취급이 해제될 때까지 그 특허출원의 출원공개를 보류하여야 하며, 그 발명의 비밀취급이 해제된 경우에는 지체 없이 제1항에 따라 출원공개를 하여야 한다. 다만, 그 특허출원이 설정등록된 경우에는 출원공개를 하지 아니한다. 87조④ 비밀취급이 필요한 특허발명에 대해서는 그 발명의 비밀취급이 해제될 때까지 그 특허의 등록공고를 보류하여야 하며, 그 발명의 비밀취급이 해제된 경우에는 지체 없이 제3항에 따라 등록공고를 하여야 한다. 국방상 필요발명 출원 → 비밀취급됨 → 비밀취급해제될때까지 출원공개 보류 국방상 필요발명 출원 → 비밀취급됨 → 설정등록(등록공고) →출원공개 생략(∵등록공고 됬으니) 그런데, 87조에 의하면 비밀취급 필요한 발명은 비밀취급해제될때까지 (설정등록만 하고)등록공고를 보류한다고 하는데 그럼 64조③단서가 적용되는 경우가 있을 수 있나요? 혹시 이런 케이스인가요? 비밀취급됨 → 설정등록 → 비밀취급해제 → 출원공개 대신 등록공고",네~, ,,17.12.05
특허법,조문,제61조,거절이유통지를 받은 출원인의 극복방안,"임변리사님 안녕하세요, 제가 드렸던 질문인데 다시 하게 되어서 부끄럽지만 아무리 생각해봐도 모르겠어서 질문드립니다ㅜㅜㅜ 답주신 내용이 X와 Y의 청구범위는 같지만 발명의 설명이 다른 경우를 말씀하신 게 맞나요? 출원Y의 A+a가 X의 최명도에 포함되어 있어야 하니 출원 X를 A/A+a로 가정해보았는데 그러면 보정했을 때 신규사항추가한 게 아니게 되니... 예 하나만 들어주시면 감사하겠습니다.","이해가 안되는 이유는 청구범위에 기재된 발명과 발명의 설명에 기재된 발명이 조금 다르다는 것을 모르고 있기 때문입니다. 예를 들어, 청구범위에 A는 법 제42조제4항제2호 요건에 따라 구성을, 발명의 설명에 A는 법 제42조제3항제1호 여건에 따라 통상의 기술자가 쉽게 실시할 수 있도록 목적, 구성, 효과 등를 종합적으로 기재해야 합니다. 그런데, 법 제42조제3항제1호의 요건을 만족하지 못해 기재불비가 발생한 경우 이를 보완하는 내용이 추가되어야 하고, 추가하는 내용이 신규사항추가가 된다면 우선권주장을 고려합니다.", ,,17.12.06
특허법,문제,"제59조, 60조",심사청구제도 객관식 414,아주 간단한 질문이 있습니다. 객관식 414번 보기를 보면 심사청구의 수수료와 심사청구료 이렇게 두 단어를 같이 사용하는데 결국 같은 건가요? 아니면 어느 하나가 어느 하나에 포함된 관계인건가요?,같은 말입니다. 열공하세요~, ,,17.12.11
특허법,조문,제61조,PCT 국제출원 우선심사 가부에 대한 질문입니다.,"안녕하세요 변리사님. 상표법 국제출원의 경우에는 우선심사청구가 안된다는 특례규정(상표법 189조)이, 디자인 국제출원의 경우에는 우선심사청구가 가능하다는 특례규정(디자인보호법 192조)이 각각 존재하였습니다. 특허의 경우에는 PCT 국제출원시 출원공개 후 제3자가 업으로 출원발명을 실시하고 있을때에 우선심사청구가 가능한지 궁금합니다. 그리고 만약 가능하다면 '국제출원의 출원공개 후~' 에서 출원공개라 함은 국제공개에 해당하는 것인지 아니면 국내공개에 해당하는지도 궁금합니다. 날씨많이추운데 감기조심하세요 늘 감사드립니다.","법 제210조에 의해 심사청구를 하고 국내단계로 진입하면, 우선심사신청을 할 수 있을 것입니다. 보상금청구권은 법 제207조에 의해 국제/국내공개 중 국어로 공개된 후부터 가능합니다. 열공하세요", ,,17.12.14
특허법,조문,제66조의 2,직권보정 질문드립니다.,"법 제210조에 의해 심사청구를 하고 국내단계로 진입하면, 우선심사신청을 할 수 있을 것입니다. 보상금청구권은 법 제207조에 의해 국제/국내공개 중 국어로 공개된 후부터 가능합니다. 변리사님 안녕하세요. 직권보정에 대하여 이해가 잘안되는 부분이 있어서 이렇게 질문드립니다. 먼저 직권 보정할 수 있는 경우는 명백히 잘못된 경우 (사소한 오탈자 '이외에' 명백한 기재불비)인 경우에 가능한데 A: 직권보정을 불수용한다는 의견서 제출한 경우 특허결정이 취소된 것으로 보아 심사관은 직권보정 전 명세서 또는 도면에 의해 다시 심사를 한다. 이때 심사관이 직권보정 전에 ""이미 통지된 거절이유""가 발견되더라도 ""다시 거절이유를 통지"" 하여야한다. 다만, 그 거절이유가 출원인이 받아들이지 아니한 직권보정사항에 해당하고 이미 통지된 거절이유라면 바로 거절결정 할수있다. Q1. 이 부분을 제가 이해 할 때에는 - 예를 들어, 기재불비로 거절이유가 발생된 경우에 최후거절이유를 통지하였는데 여전히 기재불비 거절이유인 경우에 심사관은 직권으로 보정하고 특허결정 통지하엿는데 출원인이 그러한 직권보정을 받아들이지 아니한다면 심사관은 특허결정을 취소하고 동시에 직권보정을 없었던것으로 한 후, 바로 거절결정을 할수 있다고 이해하고 있습니다. - 혹시 틀린 부분이 있는지 궁금합니다. 그리고 B: 심사관은 직권보정 전에 최후거절이유통지에 따른 의견서 제출기간 또는 재심사를 청구할 때 한 보정이 신규사항추가금지 또는 보정범위제한을 위반하거다 그 보정에 의하여 새로운 거절이유가 발생했음에도 불구하고 보정각하결정을 하지 아니하고 특허결정한 것을 특허결정을 취소한 후에 발견한 경우에는 보정각하를 하지 아니하고 최후거절이유 통지한다. Q2. 이 부분을 생각해보면, 위에서 기재불비 최후거절이유를 통지하였는데 보정을 하였지만 여전히 기재불비인 경우에는 신규사항추가, 보정범위제한, 보정에의한 새로운 거절이유에 해당하지 아니하여, 출원인이 직권보정을 받아들이지 아니한다고 하여도 결국 B로 귀결될 문제가 아닌 A로 귀결될 문제여서, 거절이유통지 하지아니하고 바로 거절결정을 할수있다라고 이해하고 있습니다. - 혹시 틀린 부분이 있습니까?? Q3. 그러면, B의 경우에는 결국 심사관이 출원인의 보정에도 불구하고 기재불비나 사소한 오탈자 이외에 신규사항추가, 보정범위제한, 보정에의한 새로운 거절이유가 발생되었는데 불구하고 이를 간과하고 직권보정을 했는데 출원인이 직권보정을 받아들이지 않는 의견서를 제출하여 재심사하다가 이러한 간과한 부분을 발견한 경우에 보정각하 하지 않고 최후거절이유통지를 한다고 이해하면 되는지요??? Q4. 혹시 기재불비를 보정하였는데 여전히 기재불비인데도 신규사항추가, 보정범위제한, 보정에의한 새로운 거절이유등 보정각하 사유에 해당하는 것이 있을 수 있는가요?? (생각해보면, 기재불비 ->보정->여전히 기재불비 인 경우에는 = 보정범위제한위반에는 사유가 안될거 같고, 원거절해소하지 못한경우이니까 보정에의한 새로운 거절이유에도 해당하지 아니할거같은데...신규사항추가 일수도 있는지는 조금 의아해서 질문드립니다.) 열공하세요","1-3. 맞습니다. 4. 기재불비가 법 제42조제3항제1호 위반인데, 법 제42조제4항제1호,제2호 위반이나 법 제42조제8항 위반이 되는 경우가 있을 수 있겠네요. 좋은 하루 되세요~", ,,17.12.18
특허법,조문,제60조,출원공개 시기의 소급 질문드립니다.,"안녕하세요? 제64조 제1항에 1,2,3호를 보게되면 조약우선권주장과 국내우선권주장 출원에 대해 선출원일을 출원공개의 기산점으로 하겠다고 나와있는데 다른 이익제도(정당권리자의 출원, 분할출원, 변경출원)에 대해서는 제64조에서 언급이 없음에도 불구하고 출원공개의 1년 6개월이 소급한다고 알고 있습니다. 이는 제64조에서 언급이 없지만 소급하는 이유는 각각의 조문에서 (34, 35, 52, 53조) 출원공개의 소급효를 제외하겠다는 내용이 없기 때문인지 아니면 다른 이유가 있는 것인지 궁금합니다. 감사합니다.","출원일 소급제도와 판단시점 소급제도의 개념을 모르고 있습니다. 판단시점 소급제도는 출원일이 소급하는 것이 아니기 때문에, 법 제64조제1항각호에서 별도의 규정이 있는 것입니다. 열공하세요~", ,,17.12.21
특허법,조문,제62조,특허거절결정 관련 질문,Q_특허거절결정 이유중에 심사관이 통지하지 않았던 거절이유가 일부포함되어 있는 경우란 어떤경우인가요? Q_의견서 제출기회를 주지 않은 경우를 말하는건가요??,"대법원 2009. 12. 10. 선고 2007후3820 판결 【거절결정(특)】의 사실관계는, ▪ 거절이유통지(1항이 진보성 위반) ▪ 거절결정(1항이 진보성 위반, 27~29항이 기재불비) ▪ 기각심결(1항이 진보성 위반) 인 경우를 말합니다.", ,,17.12.23
특허법,조문,제66조의 2,직권보정 질문입니다,"직권보정에 대한 심사기준에서 ""특허결정이 취소된 것으로 보는 경우 심사관은 직권보정 전 명세서 또는 도면에 의해 다시 심사를 진행한다. 이때 심사관이 직권보정 전에 이미 통지된 거절이유가 발견되더라도 다시 거절이유를 통지하여야 한다. 다만 그 거절이유가 출원인이 받아들이지 아니한 직권보정사항에 해당하고, 이미 통지된 거절이유라면 바로 거절결정할 수 있다."" 여기서 마지막 문장이 이해되지 않습니다. a와 b에 대해 b'로 직권보정하엿으나 출원인이 불수용한 경우, a와 b에 대해 이미 통지햇던 거절이유가 잇음을 발견한 것은 똑같은데 왜 b에 대해서는 거절이유통지를 해주지 않는 것인지 모르겠습니다. b에 대한 거절이유는 직권보정으로써 치유할 수 있었는데 출원인이 그를 불수용하였기 때문인가요?","출원인이 받아들이지 않았다면 거절이유가 똑같은 것이고, 다시 기회를 줄 필요가 없다는 것입니다. 심사관의 입장에서 고민해 보면 됩니다~", ,,17.12.23
특허법,조문,제66조의 2,직권보정 후 심사진행 case,"1. 사진1의 내용중 본문 “특허결정 취소된 것으로 보는 경우 직권보정 전 명도로 아시 심사 진행한다. 이때 직권보정 전 이미 통지된 거절이유가 발견되더라도 다시 거절이유를 통지해야한다.” 위 사안에 해당되는 케이스 동그라미번호는 i) 사진1의 동그라미4와 사진2의 동그라미2 만 해당하고 (따라서 사진1 동그라미4는 47조1항본문시기 발생 거절이유라 최초거통하고, 사진2 동그라미2는 47조1항1호시기 발생 거절이유라 최후거통) ii) 사진1의 동그라미2는 거절이유가 통지된 적 없으므로 위 사안에 해당되는 케이스는 아니며, 단지 발생시기가 47조1항1호시기인바 최후거통 하는 것 이라 해석하면 되는건가요? 2. 사진1의 내용중 단서 “다만, 그 거절이유가 출원인이 받아들이지 아니한 직권보정사항에 해당하고, 이미 통지된 거잘이유라면 바로 거절결정할 수 있다” 의 해석과 관련하여, 이지특허법 직권보정파트 각주46을 참고하면 ‘발명 단위로 나누어’ i) 직권보정을 하지 않았던 발명은 사진1 내용 본문에 해당하여 기통지거절이유라도 다시 거통해주는 거고, ii) 직권보정을 했던 발명은 사진1 내용 단서에 해당하여 기통지거절이유라면 바로 거절결정 할 수 있는 것 이라고 해석하면 되는건가요?",이해하고 있는 내용이 맞습니다. 한 해 마무리 잘 하세요~, ,,17.12.27
특허법,조문,제65조,보상금 청구권,"이지상표법에서 출원공고에따른 손실보상금 청구권에서는 상표 110조(손해액추정), 112조(고의의 추정) 은 준용을 안하는걸 확인했는데 특허법65조 5항에도 과실의추정이나 손해액추정(128조) 를 준용한다는 말이 없는데 객관식문제집에 과실의추정은 준용안한다고 확인했는데 손해액추정을 안한다는 말은 본적이없는데 상표법처럼 준용안한다고 판단해도 되나요? 2번째 질문 128조 5항에서 특허발명의 실시에 대하여 통상적으로 받을수 있는금액은 '간주' 인가요? 4항은 추정한다고 되어있는데 5항은 다른언급이 없어서 궁금해서 질문드립니다.",1. 네 2. 네, ,,18.01.14
특허법,문제,제67조의 3,재심사청구에 대한 질문입니다.,"67조의 3에서 재심사 청구기간과 출원심사 청구 기간에 관해 책임질 수 없는 사유, 2개월 내 등의 요건을 갖추면 취하되지 아니한 것으로 보거나 특허거절결정이 확정되지 아니한 것으로 본다고 되있는데 이것을 17조와 같은 추후보완 할 수 있다라고 볼 수 있는건가요? 기본강의 시간에 추후보완과 특허출원의 회복을 구분해서 배운 기억이 어렴풋이 나 질문드립니다. 이것에 대해 출제자의 답변 입니다. 67조의3에 따르면 재심사청구를 할 수 있는 기간 내에 이를 지키지 못한 경우에는, 소정 기간 내에 ‘재심사의 청구’를 할 수 있다고 규정하고 있으며, 이는 재심사의 청구라는 특허에 관한 절차를 추후에 보완할 수 있는 것을 말합니다. 특허출원의 회복은 이와같은 절차의 추후보완에 따른 추가적인 효과입니다. 이 답변이 옳은지 정확히 확인하기 위해 질문드립니다.",추후보완이란 기간을 경과하여 절차를 밟았지만 기간 내에 절차를 밟은 것으로 간주해 주는 것을 말합니다. 법 제67조의3도 추후보완의 하나라고 할 수 있습니다., ,,18.01.27
특허법,조문,제63조의 3,외국의 심사결과 제출명령을 위반한 경우,심사관이 외국의 심사결과에 대한 자료에 대해 제출명령한 경우 출원인이 그 제출명령에 위반하여 외국의 심사결과 자료를 제출하지 않은 경우에 취급이 어떻게 되는지 궁금합니다. 감사합니다.,"패널티가 법에 명시되어 있지는 않습니다. 다만, 사견으로는 제출하지 않으면 선출원에 대한 심사결과가 공개될 때까지 심사를 보류할 것 같습니다.", ,,18.02.05
특허법,조문,제65조,보상금 청구권 질문드립니다,"안녕하세요. 법조문을 읽다가 궁금해져서 질문드립니다. 65조 2항 법조문에서 보상금 청구권을 가지는 주체가 '특허출원인'이라 표현되어 있는데요, 보상금 청구권은 특허권이 설정등록된 후에만 행사할 수 있으니 엄밀히 말하자면 보상금 청구권을 가지는 주체는 '특허권자'라고 표현하는 게 맞지 않는지 의문이 듭니다. 만일 객관식 문제에서 「특허출원인은 보상금 청구권을 행사할 수 있다.」라고 나오면 (물론 객관식은 가장 옳은 답을 찾는 거지만) 일단 법조문대로 맞다고 처리하면 될까요?","법조문이 진리입니다. 그리고, 보상금청구권의 발생과 행사를 구분 못하고 있습니다. 보상금청구권은 등록전까지의 실시에 대해 출원인에게 발생하지만, 행사를 특허권자가 할 수 있는 것입니다.", ,,18.02.06
특허법,조문,제64조,외국어 특허출원과 출원공개에 관한 질문 드립니다.,"안녕하세요 변리사님, 출원공개를 함에 있어 만일 외국어특허출원이 번역문을 제출하지 않은 경우 공개하지 않는다고 64조 2항이 규정하고 있는데요, 그렇다면 외국어 특허출원일 후 1년 2개월이 경과하기 전 출원인이 조기공개신청을 하게 된다면 번역문이 제출되어 있지 않기 때문에 조기공개신청서는 불수리되는지 궁금합니다. 그리고 공개가 되지 않는이상 외국어 특허출원은 확대된 선출원의 지위를 갖지 못할텐데 그렇다면 번역문을 제출하지 않은 이상 출원공개되지 못하고 취하간주될 것이고 따라서 어느 경우에도 확대된 선출원의 지위를 갖지 못하게 되는지도 궁금합니다. 마지막으로 하나만 더 여쭙겠습니다. 출원공개는 출원의 최초첨부된 명세서와 도면이 공개되는것인데, 외국어 특허출원에서 번역문을 제출하면 최명도(원문)가 번역문에의해 보정된다고 알고있습니다. 외국어특허출원의 번역문제출이 출원공개의 요건이긴 하더라도 어차피 공개는 원문(영어)으로 되는 것이겠지요? 감사드립니다^^",1. 불수리된다고 기본서에 충실히 기술되어 있습니다. 2. 네. 확선의 지위를 가지 못합니다. 3. 국어로 공개되지만 법 제216조에 의해 열람할 수 있기 때문에 원문(최명도)이 공지기술의 지위가 됩니다. 열공하세요~, ,,18.02.10
특허법,조문,제64조,이중우선에서 출원공개,"안녕하세요. 출원1------ 출원2------출원3 12.3.1 13.1.1 13.10.1 출원2는 출원1을 기초로 우선권주장하고, 출원3은 출원2를 기초로 우선권 주장한 사안입니다. 이중우선하면 해당 발명은 소급하지 않고 우선권 주장일을 기준으로 판단하는데요, 출원공개는 최우선일로부터 1년 6개월이 지나면 공개되므로 출원3도 출원1을 기준으로 공개시점이 정해지는 걸로 알고 있습니다. 그렇다면 출원3은 출원1로부터 1년6개월 후인 13.9.1일이 공개되는 걸로 되는데 출원3은 그러면 출원하자마자 출원이 이루어지는 것인지 궁금합니다. 출원3은 공개가 어떻게 되나요..? 감사합니다.","출원 3은 출원 2를 기초로 우선권주장을 했기 때문에, 최우선일은 출원 2가 되는 것이고, 따라서 출원 2의 출원일로부터 1년 6개월이 지난 후에 공개 됩니다. 열공하세요~", ,,18.02.28
특허법,조문,제66조의 3,특허결정후 직권재심사,"심사관이 직권재심사하는 경우는 주로 제3자의 정보제공이 원인일 경우가 많다하셨는데, 몇몇건 (예를들어 출원번호 19-2017-7010335)을 보면 ""특허결정""후 누군가 정보제공 했는데, 직권재심사 여부와 관계없이, ""정보제출서""자체를 반려하였습니다. 이유를 확인한 결과 특허법 시행규칙 11조(부적합한 출원서류)가 원인입니다. ->즉, 해당 출원의 절차가 종료되어 정보재출서류를 받지 않는다 ..입니다. 매우 최근꺼림(18년2월) ""정보제출서"" 자체를 불수리하는것이, 의문이어서 여쭤봅니다. 아직 ""설정등록""되지 전에 ""정보제출서""가 제출되었으므로, 접수자체는 해줘야하지 않나생각합니다.","정보제공은 출원계속 중 설정등록전에 할 수 있는데, 정보제공서를 제출했다고 이를 받아들여 특허결정을 취소하기 전 설정등록이 먼저 된 경우에는 불수리를 하고 있네요. 불합리한 조치라고 생각합니다.", ,,18.03.02
특허법,문제,제63조,신규성 및 진보성 흠결의 거절이유 동시통지에 대한 질문입니다,"안녕하세요 변리사님. 디자인보호법과 연계되는 질문입니다^^; 특허법 05년 기출문제의 ②번 지문은 신규성과 진보성 흠결의 거절이유를 하나의 의견제출통지서에 함께 통지가능하다고 하고 디보 11년 기출문제의 ②번 지문은 신규성과 창작성 흠결의 거절이유가 동시에 적용될 수 없다고 하는데요.. 이 특허와 디보 기출문제가 서로 충돌되는 것이 아닌건가요? 디보 기출문제의 경우, 의견제출통지서에 신규성과 창작성 흠결을 동시에 통지할 수 있지만, 만일 최종적으로 거절결정이 되면 그 거절이유가 신규성흠결로 확정(?)된다는 의미인건가요? 이 부분 개념을 어떻게 정리하면 좋을지 조언 주시면 고맙겠습니다! 감사합니다.","특허법, 디자인보호법 상관없이 별개의 거절이유가 되는 것이고, 다만, 개별적으로 판단하여 이를 동시에 통지할 수 있다는 것입니다.", ,,18.03.12
특허법,조문,제67조의 2,재심사청구,재심사청구시 보정서와 함께 제출할때 47조1항3호(시기)47조3항(보정내용제한)만족 재심사청구전에 심사할때 심사관 착오로 청구범위 있던 내용중 거절이유 발견못하면 심사때처럼 최초거절이유통지 하나요??,"거절이유가 원시적으로 발생한 경우 최초, 법 제47조제1항제1호시의 시기에 발생한 경우 최후 통지를 하게 됩니다", ,,18.05.18
특허법,조문,제66조의 2,직권보정 조문의 뜻에 대한 질문입니다,특허법 제51조에 의한 보정각하 판단시에 기재불비가 명백히 잘못된 경우에 심사관은 직권보정(66조의2)이 가능한데 동법 제66조의2 1항 조문에서는 '명백히 잘못된 경우 '란 것은 '사소한 오탈자'도 포함되는 경우인가요? 아니면 사소한 오탈자 이에의 '명백히 잘못 기재된 기재불비'만을 뜻하는 건가요?,안녕하세요? 명백히 잘못된 경우 = 사소한 오탈자 + 명백히 잘못된 기재불비 입니다. 기본서의 직권보정 파트를 한 독 정독해 보세요~, ,,18.06.20
특허법,조문,제59조,출원심사 청구 질문,위 사진에러 59조 3항에서 ~한날로부터 30일 이내에 ~가능하다라고 되어있는데요. 이때에는 초일을 산입하여야 되는 건가요 불산입해야하는 건가요...,"오전 0시에 출원하지는 않기 때문에, 산입되지 않습니다. 열공하세요~", ,,18.06.22
특허법,조문,제66조의 3,66조의 3 1항 1호 질문드립니다.,"조문 읽다가 단순하지만 의문이 생겨서 질문드립니다. 66조의 3(특허결정 이후 직권 재심사)에서 1항 1호 명백한 거절이유가 절차적 요건일 경우 그러하지 아니하다라고 되어있는데요, 다시 말하면, 특허 결정 취소도 안되고 직권 재심사도 못한다는 건가요? 그렇다면 차후 일반적으로 어떤 절차가 뒤따르는 지 궁금합니다.","네. 절차적 특허요건은 심사의 신속성을 위해 둔 규정이기 때문에, 차후 하자가 치유된 것으로 생각하면 됩니다.", ,,18.06.22
특허법,조문,제61조,우선심사 요건에 관한 질문,"안녕하세요 임병웅변리사님 다름이아니라 우선심사제도에 관하여 공부하다 질문사항이 생겨 글 남기게 되었습니다. 우선심사의 요건중 시행령 9조의 7호의 경우 조약에 의한 우선권주장의 기초가 되는 출원이라고 되어있는데 이경우 우리나라출원이 1국출원이고 이를 기초로 외국에서 2국출원이 조약우주를 수반하고 있는 경우를 말하는 건가요? 즉, 이때 1국출원인 우리나라출원에 대해 우선심사청구를 할 수 있다는건가요?",네. 맞습니다., ,,18.07.06
특허법,조문,"제59조 ,60조",확대된 선출원의 지위와 출원공개제도를 활용한 심사청구제도 운영,"강의노트 p246에 두번째 case 즉, 공개전 실체심사를 한 경우에 1) 출원일로부터 1년이내에 특허결정이 나면 두가지 단서를 붙이고 2) 출원일로부터 1년이후 1년6개월되기전에는 한가지 단서를 붙인다는 뜻으로 이해를 했는데요. 1)의 경우는 조약우선권제도를 생각하며 이해를 했지만, 2)경우가 잘 이해가 가질 않습니다. 1년6개월되기 전에 특허결정을 할 경우 '선출원의 공개 여부가 불확실하여' 확선의 지위 위반 여부를 판단할 수 없다는 단서를 붙인다는 건데요. '선출원의 공개 여부가 불확실하여'를 나눠보면, 선출원이 존재한다면 특허결정이 나는 것이 아니라 심사보류가 되는 것이고, 선출원이 존재하지 않는다면 특허결정이 나는 걸로 알고 있습니다. 결국 특허결정이 나려면 선출원이 존재하지 않아야한다는 것인데 이러한 상태에서 후에 확선지위 위반이 되는 경우가 있나요? 여기까지 정리해 보았을 때 한가지 단서만 붙이는 경우가 떠오르지 않아서요.. 구체적인 예시가 있다면 설명부탁드리겠습니다. 감사합니다.","말씀하신 것처럼 논리적으로는 이상해 보입니다. 다만, 심사관이 선출원의 최명도에 그 발명이 있다는 것을 발견하지 못하여 보류하지 못할 수도 있음을 가정한 것입니다. 열공하세요~", ,,18.07.06
특허법,조문,제66조의 2,직권보정에 관한 질문,"다름이아니라 직권보정파트를 공부하다 질문사항이 생겨 글 남기게 되었습니다. 직권보정에서 직권보정을 불수용한다는 의견서 제출한 경우 특허결정이 취소된 것으로 보아 심사관은 직권보정 전 명세서 또는 도면에 의해 다시 심사를 한다. 이때 심사관이 직권보정 전에 ""이미 통지된 거절이유""가 발견되더라도 ""다시 거절이유를 통지"" 하여야한다. 라고 되어있는데 이때 이미 통지되었던 거절이유가 원시적으로 발생했던 거절이유라면 최초거절이유를 다시 통지하는건가요? (강의에서는 그렇게 말씀하셨는데 카페에 답변글들을 찾아보니 최후거절이유통지라고 답변하셔서 다시 질문드립니다)","여기에 대해서는 심사실무가 어떻게 되는지 명확하지 않으나, 원시적으로 발생한 것을 처음 발견한 것이라면 최초, 원시적으로 발생하여 최초 거절이유통지를 한 것을 다시 발견한 것이라면 최후가 적절해 보입니다.", ,,18.07.08
특허법,조문,제66조의 2,직권보정 후 심사진행 CASE,"위 그림에서의 2번 거절이유와 아래 그림에서의 1번 거절이유 관련인데 위 그림에서 2번 거절이유는 ""직권보정 전에 이미 통지된 거절이유가 발견되더라도 다시 거절이유를 통지하여야 한다"" 에 해당하는 거절이유 인데, 단순히, 47조 1항 1의 시기에 발견되었던 거절이유 이기에 다시 최후거절이유통지를 해주는 것이고 그 다음 66조의 2 단서에 해당하는 ""다만, 그 거절이유가 출원인이 받아들이지 아니한 직권보정사항에 해당하고, 이미 통지된 거절이유라면 바로 거절결정할 수 있다"" 아래 그림에서의 1번 거절이유같은 경우엔 보정1에서 발견되었었던 거절이유인데 이후 심사2에서 해소가 안됬음에도 불구하고 직권보정을 해주려 했으나, 의견서를 제출함으로써 직권보정이 취소되고 다시 심사를 진행하는데 저 1번 거절이유가 사실상 원거절이유가 해소가 안된 경우에 해당하기에 거절결정을 하게 되는건가요? 또한 거절결정할 수 있다 라는건 거절결정을 안할 수도 있는 건가요??","이해한 것이 맞고, 거절결정한다는 것입니다.", ,,18.07.09
특허법,조문,제66조의 2,직권보정의 심사진행,"안녕하세요 변리사님, 의견서 제출로 직권보정이 취소되고 이전에 거절이유통지되었던사유가 있으면 거절결정하지않고 거절이유통지한다고하는데요 그 사례가 그림의 A가 맞나요? 그림의 A가 다시 발견되면 어떤 거절이유통지를 하는지 궁금합니다. 1. 시기에 기준하여 최초거절통지 2. 해소되었다고 잘못 간과했으므로 최후거절통지 3. 해소가 되었음에도 동일조문 동일사실 발견되는 케이스도 있나요?","A가 맞습니다. 1.2. 이 경우 최초를 통지해야 하는지 아니면 최후를 통지해야 하는지에 대해서는 심사실무가 명확하지 않습니다. 다만, 이미 최초거절이유통지로 기회를 주었다는 점을 고려할 때 최후거절이유통지가 적절해 보입니다. 3. 해소가 되었다고 착각한 경우입니다.", ,,18.07.11
특허법,조문,제64조,출원공개의 예외 및 조기공개신청,"1) 출원공개의 예외 사유를 보면 청번등비불 이렇게 5가지 사유가 있는데(64조) 뒤에 (시규 11조) 조기공개신청서의 제출에서 보면 청번등까지만 불수리 사유로 써있고 비불에 해당하는 내용은 써있지 않습니다. 숨겨진 이유 같은게 있나 생각해보려 했는데 잘 떠오르지 않아서요, 왜 그런지 궁금합니다! 2) 그리고 비밀취급명령 같은 경우, 87조 4항에 의해 등록공고가 보류된다는데 그렇다면 설정등록까지 될 경우 포대복사신청에 의해서 볼 수 있는 것인가요? 상식적으로 당연히 안 될 것 같긴 한데 216조를 봐도 포대복사신청을 할 수 있는 사유에 비밀취급명령은 없는 것 같아서 의문이 생겼습니다. 입법 불비라고 생각해도 되는 것인가요? 특허법 처음 듣는데 정말 재미있게 잘 수강하고 있습니다. 감사합니다!",1. 명확하지 않으나 불특허발명인지 비밀취급명령을 받아야 되는지는 조기공개신청 당시에 알 수 없는 경우가 대부분이기 때문인 것으로 보입니다. 2. 입법불비입니다., ,,18.09.11
특허법,문제,제66조의 2,직권재심사,"제12판 객관식 문제지 458페이지의 직권 보정 문제중 3번의경우 최후거절이유가 아니라 지문에 나온것 처럼 ""최초거절이유통지""가 맞지 않나 해서요~ 직권재심사이기에 거절이유가 어디서 발생하였든지 간에 모든 거절이유는 ""최초거절이유통지""로 강의노트 270페이지에 적혀있어 혼동이있습니다.",직권보정(제66조의2)과 직권재심사(제66조의3)를 혼동하고 있네요. 다시 한 번 확인해 보세요~, ,,18.10.03
특허법,조문,제66조의 3,특허결정 이후 직권재심사,"특허결정 내린 후, 심사관이 명백한 거절이유를 발견하게 될 경우 직권재심사를 할 수 있는데... 만약 거절결정 불복심판에서 심판청구의 이유가 있어서, 원결정을 취소하고 자판하여 특허심결을 한 상황이라면 (177① 준용 66) 이에 대해 특허청의 심사관이 직권재심사할 수 있나요? (심판원의 판단이 아무리 심사관을 기속하더라도 새로운 거절이유가 있으면 기속되지않고, 직권재심사가 가능할 것 같아서요) 그 전제로서 특허심판원은 심결내린 결과물들을 특허청으로 반송해주나요?","법조문이나 실무에 명확히 드러나 있지 않기 때문에 매우 어려운 문제네요. 심판관이 특허심결한 것이지 심사관이 특허결정을 한 것은 아니므로, 직권재심사를 하더라도 심판관이 해야 하는 것으로 보입니다. 그런데, 법 제170조에서는 현재 법 제63조의2의 정보제공을 준용하나 법 제66조의3의 직권 재심사을 준용하고 있지는 않습니다.","근데 제가 질문드린 이유가 민사소송에서는 항소심, 상고심 절차가 완결된 경우에 1심으로 소송기록을 반송하고, 1심이 그 소송기록을 보관하도록 되어 있어서요. (민소법 421,425) 특허증 발급도 오직 특허청장만 할 수 있는 것인점을 보면 '특허권' 관리(?)도 특허청 소관일 것일텐데..그래서 특허심판원의 특허심결로 발생한 특허권도 특허청에서 관리하는게 아닐까라는 생각에 민사소송절차처럼 반송규정이 있나 찾아보았지만, 안보여서 드린 질문이었습니다.","심판원, 심사국 모두 특허청 내의 조직이기 때문에, 민사소송처럼 별도의 규정이 필요없는 것처럼 보이네요.",18.10.30
특허법,문제,제67조의 2,재심사 청구 제도와 관려해서 재심사청구와 거절결정불복심판과의 관계에 관해 질문이 있습니다.,"안녕하세요 임병웅 변리사님! 보정서와 거절결정불복심판청구서를 동일자에 제출한 취급과 관련하여 궁금한게 생겨 오랜만에 질문을 드리게 되었습니다. 답변 항상 감사합니다~ 문제에서 ""수신인을 특허심판원장으로 하여 청구범위를 보정한 보정서와 거절결정 불복심판 청구서를 동일자로 제출하였다. 이 경우 위 보정서가 어떻게 취급 되는지와 거절결정불복심판 절차 진행에 대하여 설명하시오"" 라고 주어졌는데 어떤식으로 서술하는게 올바른지 답이 서지 않아 질문하게됬습니다. 일반적으로 보정서와 심판청구서를 동일자로 제출한 경우의 유형은 2가지가 있는데 하나는""재심사청구 취지를 기재한 보정서와 심판청구서를 동일자로 제출한 경우"" 다른 하나는"" 재심사청구 취지를 기재하지 않은 보정서와 심판청구서를 동일자로 제출한 경우""가 있는데 둘 중 어느것을 선택하느냐에 따라 뒤의 절차가 달라지게됩니다. 제가 생각하기로는 문제에서 따로 재심사청구취지를 기재했다고 단서를 주지 않았기 때문에 재심사청구가 취지를 기재하지 않은 보정서와 심판청구서를 동일자로 제출한 경우로 취급하여 풀어야한다고 생각이드는데 혹시 문제에서 주어진 ""청구범위를 보정한 보정서""를 재심사청구 취지가 기재된 것으로 따로 전제사항으로 약술하고 풀어도 상관이 없을까요?(재심사청구 취지가 기재된것으로 문제를 풀면 혹시 틀린 답이 되지않을까 해서 질문을 드립니다)","서술형 문제에서 드러나지 않았다면, 재심사취지를 기재한 경우와 그렇지 않은 경우로 구분하여 문제를 풀어야 합니다.", ,,18.11.07
특허법,조문,제66조의 2,직권보정 중 의견서 제출의 효과 부분,"직권보정 중 의견서 제출의 효과 부분에서, 1. 의견서를 제출하면 - 직권보정이 없던 것으로 보고 - 특허결정도 함께 취소된것으로 본다. 2. 특허결정이 취소된 경우로 보는 경우, 직권보정 전 명,도에 의해 다시 심사를 진행 - 이때에, 직권보정 전에 이미 통지된 거절이유가 발견 되더라도 다시 거절이유를 통지해야하며 \\ 다만, 그 거절이유가 출원인이 받아들이지 않은 직권보정사항이면서 (&) 이미 통지된 거절 이유라면 => 바로 거절결정 할 수 있다 라고 되어있는데요 직권보정 전 명.도 에 의해 다시 심사를 진행한다면, 직권보정을 했던(출원인은받아들이지 아니한) 사항이 거절이유로 있을것 같은데 2항 전단에서의 경우가 어떤것인지 궁금합니다. 이해가 짧아 질문이 긴것 죄송합니다.",이해하고 있는 내용이 맞습니다. 직권보정 전 존재하는 거절이유에 대하여 거절이유통지를 하여야 한다는 것입니다. 대부분 기재불비로 인한 거절이유가 될 것입니다.,"A 특허결정이 취소되는 것으로 보는 경우 심사관은 직권보정 전 명.도 에 의해 다시 심사를 진행한다. 이때 직권보정 전에 이미 통지된 거절이유가 발견되더라도 다시 거절이유를 통지하여야 한다. B 다만, 그 거절이유가 받아들이지 아니한 직권보정사항 & 이미 통지된 것이면 바로 거절결정 할 수 있다. 1. 직권보정(거절이유 통지 있었으나 출원인의 보정이 없어서) 2. 직권보정(거절이유 통지 한적 없이) 이때 B 의 경우는 1. 경우라 생각하면 될까요?",네 1번입니다. 다만 케이스는 다양하게 발생할 수 있습니다. 예를 들어 다른 거정이유+직권보정거절이유 포함하여 통지하였으나 다른 거절이유만 해소되어 직권보정하면서 특허결정한 경우를 생각해 보면 됩니다.,18.11.29
특허법,조문,제65조 2항,보상금청구권 질문입니다,안녕하세요 변리사님 상표와 비교해서 보다가 문뜩 든 질문입니다. 상표의 손실보상청구권에서는 상표등록출원인이 해당 상표를 사용하고 있지 않으면 업무상 손실이 없는 것으로 보아 손실보상청구권을 청구 할수 없다고 배웟는데요 특허에서도 거의 같은 규정인 보상금 청구권에서 “특허발명의 실시에 대하여 통상적으로 받을수 있는 금액에 상당하는 보상금의 지급을 청구 할수 있다.”라고 되어잇는데 특허법에서는 출원인이 실제로 사용하고 있지 않더라도 실시에 대하여 통상적으로 받을 수 있는 금액을 청구 할수 있나요?? 이지특허법에는 청구 할 수 있다는 것처럼 되어있는데 정확한 답을 알고 싶어서요!(제가 못찾은것 일수도...) 친절한 답변 항상 감사합니다!,"네. 할 수 있습니다. 상표법과 특허법의 기본적인 차이점을 모르고 있습니다. 상표법은 선택을 보호하는 것이기 때문에 사용하지 않으면 가치를 인정하지 않는 것이고, 특허법은 창작을 보호하는 것이기 때문에 실시하지 않아도 가치를 인정해 주는 것입니다. 열공하세요~", ,,18.11.29
특허법,조문,제61조,우선심사 사항 질문드립니다.,"안녕하세요 변리사님. 61조 2에서 이번에 새로 들어온 "" 인공지능 또는 사물인터넷 등 4차 산업혁명과 관련된 기술을 활용한 특허출원:""도 실용실안에서도 우선심사가 가능한지 궁금합니다",실용신안은 제외되어 있습니다., ,,18.12.05
특허법,문제,발진법2,직무발명에 관한 질문입니다,"239번문제 4번보기를 보면 '사용자가 직무발명의 승계여부의 통지를 해태한 경우에는 사용자는 그 발명에 대한 권리의 승계를 포기한 것으로 보고, 그 후 종업원이 특허를 받은 경우라도 사용자는 종업원의 동의를 받지 아니하고는 통상실시권을 가질 수 없다' (ㅇ) 인데요, 도해특허법을 참고해보면, 승계여부를 통지하지 않은경우 예약승계계약이 있는경우에는 통상실시권을 동의하에 인정해주고, 예약승계계약이 없는 경우에는 동의가 없어도 인정해준다고 되어있는데요. 그렇다면 문제의 경우, 종업원 동의를 받지않아도 통상실시권을 가질 수 있는 경우가 있는데 맞는 보기인 이유가 무엇인가요? 혹시 '해태'라는 용어가 예약승계계약이 있는 것을 전제하고 있는것인지요??","예약승계계약이 없는 경우에는 승계여부통지의무 자체가 없습니다. 다만, 사안의 사실관계에서는 조금 더 정확히 표현되는 것이 좋을 것 같네요.", ,,18.12.06
특허법,조문,제64조,출원공개 - 협의제 불응시 출원공개 질문입니다.,"동일자출원이여서 협의제명령이 있었는데 협의 없었을 때 선출원 지위가 남는데요, 다른 사람들이 그 출원이 있었다는걸 어떻게 알 수 있나요? 출원일부터 18개월 후 출원공개 되거나 그전이라면 출원 후 36조 거절이유 받아서 알게되는건가요?",네. 그렇습니다., ,,19.01.08
특허법,조문,제66조의 3,직권 재심사와 통지,"66의3 2항에서 심사관은 직권 재심사를 하려면 특허결정 취소사실을 통지해야 한다고 규정, 67조 2항에서는 특허청장은 특허여부결정의 등본을 송달해야 한다고 규정하고 있습니다. 66의3 2항에서의 통지의 주체가 심사관인지 특허청장인지 궁금합니다.",문맥상 심사관입니다., ,,19.01.25
특허법,조문,제61조,우선심사 대상,"안녕하새요 변리사님? 우선심사대상 중 1호의 경우, 간접침해하는 경우도 그 대상아 되나요? 감사합니다!","안 될 것 같네요. 심사실무상 청구항에 기재된 발명과 제3자가 실시하고 있는 발명이 동일(AER, 균등론)하여야 합니다.", ,,19.01.26
특허법,조문,제65조 ,보상금청구권,검색을 해보았는데도 답변이 이해가 잘 안돼서 질문 드립니다 출원 공개전에 경고를 한 경우에는 출원 공개된 때부터 보상금청구권이 발생한 것으로 해석된다. 라고 교재에 적혀있는데 어떤 의미인지.. 경고는 했지만 통상적으로 받을수있는 금액은 계산 안되다가 공개 되는 날부터 계산한다는 의미인가요..? 그렇다면 경고를받으면 사실상 악의라고봐도 돼고 그순간부터 계산돼야하는것 아닌가요..?!?! ㅎㅎ 감사합니다 새해복많이받으세요!,, ,,19.02.03
특허법,조문,제57조,심사관의 회피,특허에서 심판관은 제척기피회피 가능 심사관은 제척가능(전심관여이유로제척불가능) 기피불가능 까지는 정리했는데 심사관의 회피는 가능한지 불가능한지 궁금합니다.,"법에 규정은 없지만, 실무상 특허청에서 인정을 해 주고 있습니다.", ,,19.02.03
특허법,조문,시행규칙 40의 3,특허출원심사의 유예,특허출원심사의 유예에서 특허출원심사의 유예신청이 있기 전에 이미 거절이유를 통지하거나 특허결정서를 통지한 경우 유예신청서는 불수리된다. 라고 나와있고 특허여부결정의 보류에서는 특허여부결정의 보류신청이 있기 전에 이미 특허거절결정서 또는 특허결정서가 통지된 경우 보류신청서는 불수리된다. 라고 나와있는데요. 그럼 특허여부결정의 보류에서는 특허거절결정서가 포함되있고 특허출원심사의 유예에서는 특허거절결정서가 포함이 안되어있으니 특허출원심사의 유예에서는 특허거절결정서가 통지된 경우에도 유예신청 가능한가요? 아니면 거절이유 통지에 특허거절결정서 가 포함됐다고 봐서 똑같이 불수리 되나요?,거절결정이 되었다는 것은 거절이유통지가 먼저 되었다는 것이고 심사유예대상이 아닙니다., ,,19.04.18
특허법,조문,제67조의 2,재심사청구 효과에 관한 질문입니다,"일반심사에 따른 거절결정이 있고 등본송달일로부터 30일 내에 심판청구를 하지 않고 재심사청구를 할 수 있는데 여기서 분할출원 시기적 요건을 접목시키면 원래는 분할출원 가능시기 3가지 중 하나인 거절결정등본송달일로부터 30일 내에 분할출원이 가능하겠지만 재심사를 청구하면 재심사청구의 효과인 '일반심사에 따른 거절결정 취소' 때문에 '재심사청구 후'부터 '거절결정등본송달일로부터 30일이 되는 날'까지는 분할출원이 안된다고 알고 있습니다. 변경출원의 시기적 요건은 원출원일 후, 최초거절결정등본송달일부터 30일 내인데 변경출원은 재심사청구의 효과에 구애받지 아니하고 그냥 30일이 다 되는 날까지 변경출원이 가능하다고 강의노트 271p에 기재돼서 궁금해서 질문합니다. 변경출원의 시기적 요건의 경우는 일반심사에 따른 거절결정에 따른 재심사청구의 효과(거절결정 취소)에 영향받지 않는 이유가 궁금합니다.","아직 실무가 명확하지 않습니다. 다만, 분할출원의 경우 일반적으로 분할출원하면서 보정을 하는데, 그 기간이 지나면 어차피 보정을 못하니 재심사청구할 때까지도 제한하고 있지만, 변경출원의 경우 변경출원과 동시에 원출원이 취하간주되어 보정을 필요로 하지 않으니, 굳이 제한할 필요가 없다고 보고 있습니다.", ,,19.05.03
특허법,조문,제66조의 2,직권보정 거절이유 통지 관련 질문입니다,강의노트 278페이지입니다 위 사진에서 거절이유(2)가 보정3에 의해 해소되지 않았는데 그걸 직권보정 후의 심사4에서 발견하면 최후거절이유통지를 하는데 이유가 바로 거절결정하는 사유(출원인이 안받아들인 직권보정사항+이미 통지된 거절이유)가 아니어서 그런 것으로 이해하고 있습니다 '거절이유(2)를 심사4단계에서 발견'같은 상황이면 47조1항1호시기에 발생한 거절이유이니 최후거절이유통지를 하는 것인지 아니면 상황 불문하고 바로 거절결정 사유가 아니면 무조건 최후거절이유통지를 하는 건지 궁금합니다 제대로 심사되었다면 심사3단계에서 원거절이유인 29조2항 위반이 해소되지 않았으니 거절결정해야하는데 그것만 발견하지 못하고 명백히 잘못된 경우인 기재불비만을 발견해서 직권보정하고 특허결정한 상황을 전제한 것으로 생각했는데 제 생각이 맞는 것인가요?,"네. 맞습니다. 그리고 법 제47조제1항제1호의 시기에 발생한 거절이유이니, 최후거절이유통지를 하는 것입니다.", ,,19.05.03
특허법,조문,제63조 1항,"심판, 소송단계에서의 보정각하","심판, 소송단계에서 보정각하를 할 때 “심사/심판 단계에서의 보정각하사유가 아닌 다른 사유에 의하여 판단될 수 있으며, 이 경우 청구인에게 의견서를 제출할 수 있는 기회를 주지 아니하여도 된다”고 나와있는데 이게 심판/소송 단계에서 정말 아예 처음 발견한 거절이유가 아니라 심판단계에서 최후거절이유통지에 따른 보정에 의해 발생한 새로운 사유를 들어 보정각하 할 수 있고 또 소송단계에서는 방금전에 말한 사유와 더불어 심판단계에서 다루지 않았지만 심사단계에서 다룬 사유를 들어 보정각하 결정을 할 수 있다는게 맞나요?","먼저, 거절이유와 보정각하사유를 혼동하고 있네요. 다음올, 해당 문구는, 예를 들어 법 제47조제3항제1호 위반으로 보정각하되었는데, 법 제47조제2항 위반으로 보정각하가 타당하다고 판단할 수 있다는 판례입니다. 어차피 보정각하할 때는 법 제63조제1항 단서에 의해 의견제출기회를 주지 않아도 되기 때문입니다.", ,,19.05.05
특허법,조문,제59조 2항,심사청구 할 수 없는 범위,"안녕하세요 59조 2항 단서 각호에는 출원인이 출원심사 청구할 수 없는 두 가지 경우가 있는데 둘의 공통점은 반려사유로 보입니다. 그렇다면 두가지의 경우만 출원심사 청구 할 수 없는것인가요? 아니면 시행규칙 11조, 모든 반려사유에 해당되면 출원인이 심사청구를 할 수 없나요?","시행규칙 제11조제1항 각호는 제한열거적입니다. 즉, 제한열거적인 사유에 해당하는 경우 반려되고, 법 제59조제2항 단서는 그 중 하나입니다.", ,,19.07.05
특허법,조문,제67조의 2,재심사의 청구 시기적 요건,67조의2 1항 본문의 괄호에 제15조제1항에 따라 제132조의 17에 따른 기간이 연장된 경우 그 연장된 기간을 말한다. 1.위의 내용에서 132조의 17은 거절결정불복 심판의 청구기간이고 15조 1항에 따라 그 기간은 연장될 수 있다고 알고있습니다. 그런데 67조의2 1항은 재심사 청구의 기간을 말하는건데 거절결정불복심판청구의 법조문을 재심사청구의 기간에 적용할 수 있는건가요? 2.그냥 그 법정기간의 연장을 재심사 청구가능 기간에도 준용하겠다는 취지인건가요? 감사합니다!,"둘 다 거절결정등본송달일로부터 30일이고, 따라서 재심사청구기간에도 준용하겠다는 의미입니다.", ,,19.07.17
특허법,조문,제66조의 2,기재불비와 직권보정,"기재불비의 경우 명백히 잘못된 경우이고, 다른 거절이유가 있으면 사소한 오탈자는 참고사항으로, 명백히 잘못된 기재불비는 거절이유에 포함하여 거절이유 통지하는 것으로 알고 있는데, 이 때 거절이유통지만하고 직권보정은 하지 않는 것인가요? 왜 기재불비가 아닌 다른 거절이유가 있는데 직권보정이 보류되는 것인지 궁금합니다.",법조문을 읽어 보시면 직권보정은 특허결정하면서만 할 수 있습니다., ,,19.07.24
특허법,조문,제66조의 2,직권보정사항의 일부를 처음부터 없었던 것으로 보는 경우,"66조의2 3항에서, ""특허출원인은 직권보정 사항의 일부를 받아들일 수 없으면 의견서를 제출하여야 한다.""고 정하고 있고, 같은조 4항에서는, ""의견서를 제출한 경우 그 직권보정 사항의 일부를 처음부터 없었던 것으로 본다.""라고 정하고 있습니다. 질문1) 이것이, ""명세서의 A, B를 심사관이 A', B'로 보정하였고, 출원인이 B'에 대해서만 의견서를 제출한 경우 일부(B')만을 처음부터 없었던 것으로 본다""는 의미라면, A'로의 직권보정은 출원인이 받아들인 보정이므로 출원인의 의사에 의한 보정과 같은 취급을 하면 될까요? 질문2) 이 경우, 특허결정 취소로 다시 진행한 심사에서 A'(출원인이 받아들인 직권보정 사항이므로 거절결정X)의 거절이유가 발견되었다면, 발생시기를 구분하여 최초나 최후거절이유통지를 하는 것인가요(단, 47조 1항 본문시기 발생이라 하더라도 이미 통지된 거절이유인 경우에는 최후거절이유통지)? 예를 들면, 기재불비 해소를 위한 보정(A->A') 후 발견된 거절이유는 보통 원시적으로 존재한 거절이유일테고, 이미 통지된 거절이유인지 여부에 따라 최초나 최후거절이유 통지를 하는 것인데, 발견된 거절이유가 신규성 위반 등이라면 최초거절이유통지를 하게되는 것인가요? (B에 존재하는 거절이유로 인해 거절결정되지 않는 경우[B에 대해 거절이유통지가 없었던 경우]를 전제로 생각하였습니다)",1.2. 네. 그렇습니다., ,,19.07.28
특허법,조문,제66조의 2,직권보정 의견제출 그 이유,"Q. 2,4번 거절이유를 심사4에서 발견시(직권보정취소후발견) 최후거절이유주는 이유를 이렇게해석했습니다. 0. 보정의적법성 1.원거절해소이유 2. 새거절이유발견여부.3. 새거절이유 발생시점순으로 판단했을때 *사진과 같은 상황일시 (1) 의견서제출은 의견을 제출하는것이고 보정하는것과 다른것이죠? 의견서는 단지 이러이러하다 항변하거나 설득하는것? (2) 심사3부터 흐름을 보자면 =심사관은 심사3에서 보정 적법성판단해봤더니 보정에따라 4번 거절이유가 발생했다(청구범위 기재불비). 새거절이유가 발생해서 보정이 부적법해서 보정각하해야한다 -> 근데 명백히 잘못된걸로 판단되어서 직권보정이 가능한부분이라서 보정각하 안하고 직권보정했다 -> 원거절해소여부를 보니 원거절이유인 2번도 착오로 해소된줄 알았으니 특허결정했다. // 이런해석이 맞나요? (2-1)사실위에도 좀 꼬이는게 직권보정은 명백한 그것 외에 원거절이유를 찾을수 없고, 다른 거절이유가 없을때나 하는건데 사실 위해석은 보정의 부적법 판단시에 다른 거절이유가 있는지 원거절이유해소되었는지 먼저판단하고 없으니까 보정각하사유인 새거절이유만 직권보정으로 없애고 특허결정하는것같습니다. 상황이 문제를 위한 어거지인건가요 아니면 제가 잘못해석하는건가요? 그후에 의견제출부터보면 (3) 특허결정 내용보니 출원인의 의사와다르다. 직권보정한 부분이 맘에 안들어 의견제출한다 -> 심사관은 ok 그럼 다시 심사해볼게 한다. ->직권보정전 명도로 다시 보정의 적법성을 본다. -> 4번이라는 새거절이유그대로있고 직권보정도 하지말라니까 보정각하해야하는데 51조3호에서 보정각하 하지말라고 한다 -> 그럼 보정인정한 명도로 심사해야하니 4번에 대해서 최후OA를 날린다.( 47조 1항 2호 시기이기 때문) // 이 해석이 맞을까요..? 해석이 맞다쳐도 보정각하하지않아 보정이 인정됨을 전제로 특허결정 받았다고 신뢰한 출원인의 이익이 어디부분인가요? 이미 보정부적법인데 직권보정하는경우라고 출원인에게 알려줬을거고요.. (4) 특허결정 내용보니 출원인의 의사와다르다. 직권보정한 부분이 맘에 안들어 의견제출한다 -> 심사관은 ok 그럼 다시 심사해볼게 한다. -> 다시 보정의 적법성을 본다. -> 4번이라는 새거절이유그대로있고 직권보정도 하지말라니까 보정각하해야하는데 51조3호에서 보정각하 하지말라고 한다 -> 그럼 보정인정한걸로 심사해야하는데 원거절이유인 2번사유가보인다 -> 2번4번에 최후OA를 준다. // 이것도 해석이 맞나요.?. 항상 보정적법성이 먼저 있으니까 4번사항은 무조건보일거같아서 2,4번동시에 OA하는걸로 봤습니다. 가장큰 문제가 보정의 적법성을 판단할때의 해석인거같은데..완전히 잘못짚었다면 알려주신대로 이해해보고 중간에 막힐시 이해한대로 다시 위에처럼 풀어써보겠습니다!","1. 네 2. 네 2-1. 심사관은 전지전능하지는 않습니다. 원거절이유가 해소된 것으로 보고 특허결정할 수 있는 경우는 당연히 발생할 수 있고, 그래서 취소신청이나 무효심판제도를 두고 있는 것입니다. 3. 최후거절이유통지를 한다는 것은 다시 한 번 출원인에게 의견서/보정서 제출기회를 준다는 것입니다. 신뢰한 출원인의 이익을 보호하고 있는 것입니다.", ,,19.08.03
특허법,조문,제66조의 2,직권보정 질문입니다.,"1. 직권보정에 불복시 최후 OA를 통지하는 것이 보정이 인정되었음을 전제로한 출원인의 신뢰이익을 보호하기 위함이라고 말씀하셨는데, 여기서 구체적인 '신뢰이익'이 뭔지 모르겠습니다. 심사관이 직권보정을 하면 그 내용을 통지할 것이고, 만약 그것이 기재불비에 해당한다면 출원인은 직권보정에 대한 불복 전 자신의 보정으로 인해 기재불비가 생겼음을 알고 있는것 아닌가요? 직권보정이 기재불비를 해소했다는 것을 알고도 이에 불복한 것인데 무엇때문에 51조 1항 1호를 두어 출원인을 보호하려는 건지 이해가 안갑니다. 2. 심사관이 직권보정 사항임에도 불구하고 곧바로 보정각하 하는 것이 가능한가요? 3. 사소한 오탈자도 거절이유에 해당하나요? 해당한다면 어떤 조문에 해당하나요?","1. 출원인이 의견서를 제출했다는 것은 기재불비가 아니라고 생각했기 때문입니다. 그런데, 심사관이 기재불비라고 다시 판단하였다면 최후 OA 통지를 해 주는 것이 적절한 것이고요. 2. 네. 가능합니다. 3. 제42조제4항제2호 위반이 될 수 있습니다.", ,,19.08.14
특허법,조문,제64조,출원공개,출원공개전 우선심사해서 거절결정 확정되었다면 출원공개가 되나요?,공개되지 않습니다., ,,19.08.29
특허법,조문,제61조 ,우선심사,제61조 우선심사 2호 대통령령(시행령 제9조)으로 정하는 특허출원으로서 긴급하게 처리할 필요가 있다고 인정되는 경우 관하여 특허법 시행령 9조를 찾아보니 책과 다소 차이점이 있어 질문드리게 되었습니다. 시행령9조 9호 전자거래와 직접관련된 특허출원에 대하여 2019년7월9일 일부개정으로 삭제 되었는데 이를 제외하고 공부하는 것이 맞는지 여쭈려고합니다. 추가적으로 7의2. 법 제198조의2에 따라 특허청이 「특허협력조약」에 따른 국제조사기관으로서 국제조사를 수행한 국제특허출원 신설되었는데 이를 포함하여 공부하면 될까요...?,"네, 시험일 당시 시행 되고 있는 법이 출제범위입니다. 참고로, 곧 9월달까지 개정된 내용에 대한 추록이 발간될 예정입니다.", ,,19.09.17
특허법,조문,제67조의 2,재심사 청구 가능기간 관련 질문,안녕하세요. 재심사 및 직권 재심사 파트를 공부하던 중 간단한 궁금증이 생겨 질문 올립니다. 재심사에 따른 거절결정 후에는 다시 재심사를 청구할 수 없는 것으로 알고 있습니다. 그렇다면 직권 재심사에 따른 거절결정등본 송달 시에도 출원인이 재심사를 청구할 수 없는 것인가요?,아닙니다. 재심사와 직권 재심사는 전혀 다른 제도입니다., ,,19.10.24
특허법,조문,제66조의 2,명백히 잘못된 기재불비,"안녕하세요 임변리사님. 직권보정관련해서 의문사항이 있습니다. (1) 강의중에 보정전 1. A, B 포함 장치 2. 1항에 있어서 C 포함 장치 보정후 1. 삭제 2. 1항에 있어서 C 포함 장치 이것을 명백히 잘못된 기재불비의 예가 아니라고 하셨는데 보정전 명세서를 참작해보면 출원인의 의도를 명백히 알 수있는것 아닌가요? 아니면 직권보정 판단시 보정전 명세서(혹은 출원경과)는 고려하지 않는건가요? (2) 만약 후자의 제 생각이 맞다면 필기노트 276페이지에서 1. A, B 포함하는 장치 2. 삭제 3. 2항에 있어서 C를 더 포함하는 장치 -> 1항에 있어서 C를 더 포함하는 장치 로 명백히 잘못된 기재불비의 예시로 나와있는데 이 경우에 출원경과를 살피지 않고 3항의 보정이 2항을 인용한것이 아니라 1항을 잘못인용한 것이라고 판단할 수 있는 근거가 없는 것 같은데 어떻게 해석해야하나요? (2항이 A, B, D였고 3항이 A, B, D, C인 경우도 배제할 수 없을거 같습니다)","첫번째 케이스는 보정후 1항이 없어서 어떻게 보정할 것이라는 것이 예측이 안 되지만, 두번째 케이스는 보정후 1항이 있어서 어떻게 보정할 것이라는 것이 예측이 된다는 것입니다. 두번째 케이스에서 만일 예측이 틀렸다면 출원인이 다시 의견서를 제출하면 되기 때문에, 문제되지 않는 것이고요. 결론은 보정된 청구범위를 기준으로 판단한다는 것입니다.", ,,19.10.26
특허법,조문,제59조,심사청구기간 관련하여,심사청구기간은 출원 시부터 3년인데 만약 이 경우 심사청구 기간의 만료일이 공휴일이거나 근로자의 날인 경우는 어떻게 되나요? 익일로 만료되는 것이 아닌가요?,익일로 만료됩니다, ,,19.11.14
특허법,조문,제64조,출원공개 시 최명도와 보정 후 명세서 중 어느 것을 공개하나요?,어느 것을 공개하는지 궁금합니다.,"출원공개후 열람할 수 있기 때문에, 모두 공개된다고 이해하면 됩니다.", ,,19.12.17
특허법,조문,제66조의 2,직권보정과 직권 재심사 질문,"[청구항 1항] A+B 인 세탁ㄱ 출원인이 세탁기를 '세탁ㄱ' 로 기재하여 출원하여 심사관은 직권보정(66조의2)과 함께 특허결정했습니다. 심사관은 설정등록전 청구항 1항이 진보성위반의 거절이유를 알게되었고 특허결정을 취소하며 거절이유통지를 하려 합니다. 이경우 진보성위반으로 최초거절이유통지(근거 47조1항1호)를 할텐데요. [질문1] 특허결정을 취소하였는데 직권보정은 어떻게 되는지 궁급합니다. 66조의2 1항 에는 ""특허결정을 할때 직권보정 할 수있다""고 규정하는데 특허결정이 취소되었는데도 직권보정은 출원인이 동조3항의 의견서 제출이 없는이상 유효한가요? [질문2] 위와는 별개로 직권재심사를 진행하게되어 거절이유 통지를 하게 되었는데, 이경우 최후거절이유 통지하는경우가존재할수도 있나요? 47조 1항 2호 괄호 에 따라 모든 경우에 최초거절이유 통지만 하게되나요? ex) 진보성 최후거절이유통지 ㅡ> 보정없는 의견서 제출 ㅡ> 특허결정 ㅡ>다시생각해보니 진보성위반이라 직권재심사 진행 이러한 경우에도 최초거절이유통지를 주는것인지 궁급합니다. 저작자 표시컨텐츠변경비영리","1. 직권보정은 출원인의 보정과 동일하게 취급되어, 유지가 되는 것이 맞습니다. 2. 법 제47조제1항제2호 괄호에 의해 항상 최초거절이유통지를 하게 됩니다.", ,,19.12.19
특허법,조문,제51조,보정각하 하지않는경우 거절이유통지,안녕하세요? 이지 책에 보정각하 부분에 최초거절이유통지하는경우로써 최후거절이유통지에 따른 보정에 거절이유가 발생했는데 간과 후 직권 재심사하면서 특허결정 취소 한 이유는 이후발견한 경우에는 출원인의 신뢰보호 위해 최초거절이유통지 한다고 하였습니다 (47조1호괄호) 최초거절이유통지에 따른 보정에 따라 거절이유가 발생했는데 간과한 경우라도 최초거절이유할텐데요 이 역시도 근거가 47조1항2호괄호인가요?,네. 그렇습니다., ,,20.01.12
특허법,조문,제66조의 2,직권보정 후 심사진행 case 질문입니다.,"첨부한 사진에서 아래 그림의 ""거절결정"" 관련하여, 보정1과2에 따라 각각 발생한 42조3항1호의 사유가 동일한 것을 전제로하여 거절결정 되는 건가요? 법조문이 같더라도 사실을 달리하여 다른 거절이유에 속하는 42조3항1호 (=기통지된 42조3항1호와는 다른 부분에서의 기재불비가 새로이 발생)의 경우에는 이미 통지했던 거절이유가 아니기때문에 직권보정사항이었더라도 바로 거절결정할 수 없을거라 생각했는데 제가 제대로 이해한건지 궁금합니다. 아래 그림에서 42조3항1호가 해소되었다는 표기가 없기때문에 동일한 거절이유임을 전제로한 그림인건가요? 감사합니다.",네. 맞습니다. 동일한 법 제42조제3항제1호 위반을 의미합니다., ,,20.01.20
특허법,문제,,44회기출문제 질문. 출원공개 및 심사청구 기간,"〇 발명 X에 대해서 특허출원 A를 한 특허출원인이 특허출원 A의 출원일부터 3월 후에 특허출원 A를 기초로 국내우선권주장(특허법 제55조)을 하면서 발명 X，Y에 대하여 특허출원 B를 하고， 특허출원 A의 출원일부터 1년 2월이 경과한 후 특허출원 B에서 일부 발명을 적법한 절차에 의해 새로운 특허출원 C로 하였다. 다음 중 옳은 것은? ④ 특허출원 C는 특허출원 B의 출원일부터 3년이 경과하여 출원의 심사청구를 할 수 있는 경 우는 없다. (X) 출원C는 출원B로부터 7개월 뒤에 출원된 분할출원이므로, 59조 3항이 적용될 여지가 없어 옳은지문 아닌가요?","문제를 잘못 이해하고 있네요. C가 분할출원이라는 것이 어디에 있나요? 이 문제는 C가 1) 별도출원인 경우, 2) 분할출원인 경우, 3) 분할출원이면서 우선권주장을 수반하는 경우로 나누어서 풀어야 합니다.", ,,20.02.12
특허법,조문,제65조,2019 개정관련,"합리적금액으로 문구가 개정되었는데, 기존의 통상실시료상당액과는 아예 관계가 없는건가요? 아니면 통상실시료상당액을 포함하여 배상범위를 넓게 하려고 개정한 문구인가요?",후자입니다, ,,20.03.09
특허법,문제,제67조의 2,재심사관련,"14년도 기출중에 지문 재심사 청구 후 거불심 제출한경우, 심판청구는 부적법한 것으로 심결로써 각하될 수 있다. 라고 되어있는데요(심결로써 각하되어야 한다. 또는 각하된다)가 올바른 표현 아닌가요?",재심사가 유지되면 심결각하한다는 의미로 이해하면 됩니다, ,,20.04.13
특허법,조문,"제59조, 60조","제59조, 60조","출원일로부터 1년이 되기 전 특허결정을 하는 경우 심사관은 특허결정을 하되, 조약우선권주장출원의 우선기간(1년)을 고려하여 선출원주의 위반 여부를 판단할 수 없다는 단서를 붙이고 있다. 여기서 국내우주출원의 경우도 판단시점 소급되서 선출원지위 있을 수 있으니, 마찬가지로 우선기간 고려하여 같이 단서를 붙여햐 하는 것 아닌가요?","국내우선권주장출원은 선출원이 국내에 있다는 것을 심사관이 확인할 수 있기 때문에, 단서를 붙이지 않습니다.", ,,20.04.23
특허법,조문,제64조,출원공개의 기산,"안녕하세요 변리사님, 출원공개의 기산점관련하여 질문드립니다. 출원공개일부터 30일 후라는 표현에서 기산점은 출원공개일 당일인지 아니면 출원공개일 다음날인지 궁금합니다. 다시말해 출원공개일은 마치 거절결정 확정일처럼 0시부터 기산되는 날인지 궁금합니다.","0시에 공개되면 공개일이 기산일이고, 그렇지 않으면 다음날이 기산일입니다.", ,,20.06.10
특허법,조문,제61조,우선심사,"리담 특허법 객관식 p.14 옳지 않은 지문이 1번이라고 되어 있는데요, 대통령령 제30844호에서 찾아보니 1번 지문(인공지능 또는 사물인터넷 등 4차 산업혁명과 관련된 기술을 활용한 특허출원)이 우선심사 대상인 것을 확인했는데 답이 잘못된 것인지 궁금해서 질문드립니다.",그러네요. 문제수정하면서 지문을 잘못 만든 것 같습니다. 11월 중 다 모아서 추록을 발간하겠습니다., ,,20.11.04
특허법,조문,제59조 3항,변경출원의 심사청구,"59조3항 변경출원의 경우, 원출원일로부터 3년의 기간이 지난 후에도 변경출원을 한 날로부터 30일 이내 심사청구를 할 수 있다는 조문을 첨부한 그림의 1번 상황으로 이해하였습니다. 그리고 만약 2번 상황의 경우, 원출원일로부터 3년간 심사청구를 하지 않으면 원출원은 취하 간주되고, 변경출원은 원출원이 출원계속중일때만 할 수 있으므로, 변경출원 자체가 불가능하기 때문에 심사청구 특례 적용도 당연히 불가능하다고 이해하였는데 맞나요? 그렇다면 ""특허출원을 한 날로부터 3년이 경과된 후에 실용신안등록출원으로 변경한 경우에는 변경출원일로부터 30일 이내에 출원 심사의 청구를 할 수 있다."" 해당 지문은 틀린 것이 맞나요?","2번의 경우 원출원이 심사청구되었다면, 3년이 지나도 변경출원을 할 수 있기 때문에 이해하고 있는 내용이 틀렸습니다.", ,,20.12.03
특허법,문제,제59조,객관식,1. 3년이 경과하여도 변경 또는 분할 출원으로부터 30일 내에 심사청구를 할 수 있으니 결국 (다) (라) 둘당 기간은 20220801 까지라고 여겨지는데 우측에 o x 가 거꾸로 되어있네요 단순 오류인가요 제가 놓친부분이 있을까요? 2. 마 지문에서(이건 해결 했습니다 제가 번호를 잘못보았네요) 출원인은 제3자와ㅈ달리 기준일을 지날 필요가 없으므로 번역뮤을 제출한 20201115 부터 심사청구가 가능한거 아닌가요? 그런데 우측에는 20201215부터라고 되어있는데 제가 놓친부분을 모르겠습니다,"(다)는 원출원일로부터 3년이 변경출원일로부터 30일보다 늦은 날이니 원출원일로부터 3년 이내 심사청구를 하면 되는 것이고, (라)는 분할출원일로부터 30일보다 원출원일로부터 3년보다 늦은 날이니 분할출원일로부터 30일 이내 심사청구를 하면 되는 것입니다.", ,,20.12.17
특허법,문제,제61조 2,객관식,문제 보기1번에 '출원공개 전이라도' 우선심사를 신청할 수 있다고 되어있는데 조문 61조1호에는 '출원공개 후 특허출원인이 아닌 자가 업으로서 특허출원된 발명을 실시하고 있다고 인정되는 경우'라고 되어있어서 왜 1번이 옳은 지문인지 모르겠습니다. 설명부탁드립니다.,해설에 제61조제2호라고 되어 있네요. 특허출원인이 실시중인 경우에 해당합니다., ,,20.12.28
특허법,조문,제63조,의견서 제출기간 질문,특허 출원 과정에서 의견서는 설정등록 전 아무때나 내도 되는게 맞나요? 수업시간때 언급하셨던 것 같은데 정확히 기억나지 않아 여쭤봅니다.,네, ,,21.02.20
특허법,조문,제66조의 2,직권보정시 이미 통지된 거절이유,"안녕하세요. 직권보정에서 이미 통지된 거절이유가 발견됐을때 다시 거절 이유를 통지해야한다는것에 대해 47조 보정과 51조 보정각하를 정리했던 내용과 약간 맞지 않는것처럼 생각되어 잘 이해가 가지 않아서 질문드립니다. 51조 1항에서 1호 직권 보정, 2호 직권재심사, 3호 재심사의 경우 그 전에 한 보정이 후에 발견된 경우 각하하지 않는다고 했고 63조 1항 2호에서 직권재심사를 하여 취소된 특허결정전 전에 이미 통지한 거절 이유가 동일하면 의견제출 기회을 주어야 한다고 해서 저는 직권재심사의 경우만 보정각하를 하지 않을뿐만아니라 동일 거절이유에 대해 의견제출기회를 주는것고 직권 보정,재심사의 경우는 보정각하를 하지 않을뿐, 그 전의 한 보정에서 (미처 발견못했던) 동일한 거절이유가 발견되었다면 거절결정해야한다고 생각했습니다. 그런데 직권보정에서 직권보정 전에 이미 통지된 거절이유가 발견되더라도 거절이유를 통지해야한다는것이 잘 이해가 가지않습니다. 물론 그 거절이유가 출원인이 받아들이지 아니한 직권보정사항에 해당한다면 거절결정할수도 있다고 하지만, 조문상으로 곧이곧대로 해석한다면 그 거절이유가 직권보정사항이 아니었었다하더라도 직권보정에 대해서는 63조의 직권재심사에서처럼 조문이 없으니 거절결정되어야한다고 생각이 드는데 제가 잘못생각하는 부분이나 다른 이유가 궁금합니다","1. 법 이론적으로 살펴보면, 법 제63조제1항제1호에서 거절이유통지하고 의견제출기회를 준 다음 거절결정하도록 되어 있는데, 거절이유통지를 꼭 한 번만 하고 거절결정해야 한다는 의미가 아닙니다. 2. 문의한 내용은 심사기준에 나와 있는데, 취지를 생각해 보면, 직권보정하면서 특허결정까지 해 주었는데, 의견서를 제출하여 특허결정과 직권보정을 취소한 사안에 대해 심사관이 바로 거절결정해 버린다면, 출원인의 의견서 제출에 대한 반감이라고 생각될 여지가 있기 때문에 다시 거절이유통지를 해 주는 것입니다.", ,,21.04.20
특허법,조문,제59조,심사청구기간,"리담특허법 제20판 519p 중단 질문드립니다 (2)불수리에서 특허청장은 심사청구할 수 있는 기간을 지나서 심사청구한 경우, 출원인이 명세서에 청구범위을 적지 아니하고 심사청구하거나 외국어특허출원인데 국어번역문을 제출하지 아니하고 심사청구한 경우에 소명기회를 주고 소명하지 않거나 소명이 적합하지 아니하면 심사청구서를 불수리하여야 한다. 라고 적여있는데 위 내용대로라면 심사청구기간이 지나서 심사청구를 했더라도 마치 심사청구기간에 심사청구한 것처럼 처리된다는 말인데 (심사청구가 가능하다는 말인데) 그렇다면 심사청구기간을 출원일로부터 3년이내로 제한하는 것이 아무 의미가 없는 것 아닌가요? 심사청구기간 지나사도 심사청구할 수 있는데 심사청구기간을 정해놓는 이유가 뭔가요? 제가 뭔가 잘못 이해하고 있는 걸까요...?","심사청구할 수 없는데 심사청구하니, 심사청구서를 수리하지 않겠다는 것입니다. 불수리에 대한 개념을 아직 잘 이해하지 못하고 있는 것 같네요.", ,,21.05.03
특허법,조문,제66조의 2 1항,직권보정의 예외 질문드립니다.,질문1] 상단 그림의 경우 직권보정을 취소하고 특허결정을 취소하면서 다시 재심사를 하는데 심사3의 경우 심사2의 시점에서 다시 진행하는 것이기 때문에 47조 1항 1호 시기라 [0. 보정의 적법성]부터 따지는 것이 아니라 [1. 원거절이유의 해소여부]부터 따져야 하는게 맞는게 아닐까 생각되었습니다. 혹은 위 생각이 틀렸고 직권보정을 취소하고 다시 심사할 때는 보정시기에 상관없이 47조 1항 2호나 3호 시기처럼 [0.보정의 적법성]부터 따지기 시작하는 것인지 질문드립니다. 질문2] 동일한 그림에 대한 질문입니다. p279 상단의 경우와 다음 페이지 p280의 경우를 비교하면 p280의 경우 51조 1항에 의해 보정각하하지 않고 최후거절이유를 통지한다 라고 논리를 펼 수 있는 반면 p279 상단의 경우에는 47조 1항 1호 시기의 보정에 대한 직권보정을 행했기 때문에 원래 보정각하를 할 것이 아니라 원래도 최후거절이유를 통지했을 사항으로 생각됩니다. 따라서 p279 상단의 경우 직권보정 후 동그라미2번을 발견한 경우에는 보정각하되어야 할 것을 보정각하하지 않고 최후거절이유 통지한다고 말하면 안된다는 점에서 엄밀히 따지면 51조 1항이 적용되는 사례는 아니다고 생각했습니다. p280 상단의 경우와 최후거절이유 통지라는 결과는 같지만 논리 전개의 과정에 차이가 있다고 생각했습니다. 맞게 생각한건지 여쭤봅니다.,"1. 네. 맞네요. 1의 원거절이유해소여부부터 판단하게 됩니다. 2. 네. 맞습니다. 아래그림(280p)은 법 제51조제1항과 관련된 case이고, 위그림(279p)은 법 제51조제1항과 무관한 case입니다.", ,,21.06.15
특허법,조문,제67조의 2,분할출원의 case,"변리사님 안녕하세요? 강의 교재에서는 등본송달일로부터 30일 이내의 대응방안에 대해서 이야기 하면서 분할출원의 경우 보정기간에 가능하다고 되어 있는데, 그렇다면 인용심결 후 환송되면서 다시 거절결정 전까지 분할출원이 가능한지에 대해 궁금하여 질문 드리게 됐습니다! 감사합니다.","네. reset되고 처음부터 다시 시작되니, 가능한 것으로 이해되네요.", ,,21.10.09
특허법,조문,제66조의 2,직권보정과 의견서 제출 관련,"1. 의견서 제출로 특허결정이 취소된 것으로 보는 경우 직권보정 전에 이미 통지된 거절이유가 발견되더라도 다시 거절이유 통지하여야 하며 원시적으로 발생된 경우 최초거절이유통지해야 한다고 되어 있는데, 원시적으로 발생된 거절이유가 어떻게 이미 통지되고 다시 발견될 수 있나요? 거절이유를 간과하고 특허결정 한 경우를 의미하는 것인가요? 2. 강의노트 279쪽의 직권보정 후 심사진행 case에서 최초거절이유통지 후 새롭게 발생한 거절이유가 명백히 잘못된 경우여서 특허결정하면서 직권보정한 경우, 후에 의견서 제출로 특허결정이 최소되면 그 거절이유에 대해 최후거절이유통지해야 한다고 되어있는데, 이 거절이유는 도해책 의견서 제출 효과 2번에서 말한 ‘이미 통지된 거절이유’에 해당하나요? 해당한다면, 거절이유통지하지 않고 직권보정했는데 왜 이미 통지되었다고 보는 것인가요? 직권보정할 때 직권보정하는 거절이유도 통지해주나요? 그리고 이 경우, 도해책 의견서제출효과 3번에서 말한 “보정에 따라 새로운 거절이유가 발생했음에도 보정각하결정을 하지 아니하고 특허결정한 것을 특허결정 취소 후에 발견한 경우, 보정각하 하지 않고 최후거절이유통지해야한다. 다만, 발생한 새로운 거절이유가 직권보정을 할 수 있는 경우라면, 심사관은 보정을 승인하고 이후 절차를 진행할 수 있다.”에도 적용될 수 있을 것 같은데, 3번의 경우는 거절이유가 있다는 것을 간과하고 특허결정한 경우에만 해당되어 적용되지 않는 것인가요? 거절이유를 발견했으나 거절통지 대신 직권보정한 경우는 ‘보정이 인정됨을 전제로 특허결정을 받았다는 것을 신뢰한 출원인의 이익을 보호하기 위한 경우’에 해당하지 않는다고 이해하면 될까요?",1. 다시 심사하는 과정에서 원시적으로 발생한 거절이유를 발견한 경우 최초거절이유통지를 한다는 의미로 읽히는군요. 2. 질문규칙에 맞지 않습니다. 질문규칙을 읽어보고 다시 질문해 주세요., ,,21.10.20
특허법,조문,제66조의 2,직권보정,1. 아래 [예]들은 직권보정에서 사소한오탈자가 아니므로 명백히 잘못된 기재불비아닌가요? 그런데 왜 다른거절이유가 있을따 거절이유에 포함시키지않고 참고사항으로 적는지 잘 모르겠습니다. 2. 그리고 [예]에 해당하는지 여부가 불분명한 경우 왜 참고사항보다 거절이유통하는것이 출원인에게 이익이되는것인가요? 어차피잘못된것을 알려준다는 점에서는 같지만 거절이유통지를 해버리면 이미통지한거절이유가 추가되어 오히려 출원인에게 불리할거같아 그냥 참고사항으로 알려주는게 더 유리할거같은데 저렇게 나와있는이유가 궁금합니다.,"1. 사소한 오탈자는 단어를 잘못 적은 경우를 말하며, 문의한 이미지는 명백히 잘못된 기재불비에 해당합니다. 2. 불분명한데, 참고사항으로 기재한다면 이를 보정하지 않았을 때 처리가 문제될 수밖에 없습니다.", ,,21.10.20
특허법,조문,제67조의 2,재심사의 청구 관련하여 질문있습니다.,"안녕하세요 임병웅 변리사님. 67조의2 관련하여 강의노트271p 등본송달일로부터 30일 이내 대응방안 중 분할출원 가능시기( 분홍색으로 하이라이팅되어있는 부분) 가 왜 저렇게 달라지는지 잘 이해가 되지 않습니다. 재심사에 따른 거절결정은 거절결정등본송달일부터 30일까지 분할출원이 가능한데, 일반심사에 따른 거절결정일 때에는 왜 등본송달일부터 재심사청구시까지 제한이 되나요?? 제가 생각했을때는 52조 1항 1호시기(47조1항에 따른 보정할 수 있는 기간)를 적용하면 재심사 청구할 때에만 분할출원이 가능하고 & 52조 1항 2호시기(거절결정등본을 송달받은날부터 30일이내)를 적용하면 조문그대로 거절결정등본 송달받은날부터30일이내까지 분할출원이 가능해야되지 않을까 라는 생각이 들어서ㅜㅜ.. 제가 어느 부분을 놓치고 있는지 궁금합니다.","잘못 이해하고 있습니다. 기간 내 재심사청구하면 재심사청구시까지, 심판청구하면 기간 만료일까지 분할출원할 수 있습니다. 기본서의 분할출원 파트를 읽어 보세요~", ,,21.12.08
특허법,조문,제66조의 2 3항,직권보정사항에 대한 의견서 제출시기,"직권보정사항에 대한 의견서 제출시기 안녕하세요 조문해석하다 애매한 부분이 있어서 질문드립니다 제66조의2(직권보정 등) ③ 특허출원인은 직권보정 사항의 전부 또는 일부를 받아들일 수 없으면 제79조제1항에 따라 특허료를 낼 때까지 그 직권보정 사항에 대한 의견서를 특허청장에게 제출하여야 한다. 제79조(특허료) ① 제87조제1항에 따른 특허권의 설정등록을 받으려는 자는 설정등록을 받으려는 날(이하 ""설정등록일""이라 한다)부터 3년분의 특허료를 내야 하고, 특허권자는 그 다음 해부터의 특허료를 해당 권리의 설정등록일에 해당하는 날을 기준으로 매년 1년분씩 내야 한다. ③ 제1항 및 제2항에 따른 특허료, 그 납부방법 및 납부기간, 그 밖에 필요한 사항은 산업통상자원부령으로 정한다. 직권보정사항에 대한 의견서 제출시기는 79조1항,3항에서 규정된 등록결정등본송달 후 3월까지인가요 81조 추납기간, 81조의2 보전기간, 81조의3 회복기간 규정까지 포함하여 특허료를 실제로 낸 때까지인가요?","법조문에 명시된 것과 같이, 특허결정등본송달일로부터 3개월입니다.", ,,21.12.10
특허법,문제,"제64조, 65조",보상금청구권,정답은 1번이라고 나와있는데 4번의 경우 기계를 매수하여 사용하고 있으면 권리소진이 되어 특허침해가 아니므로 손배청 못하는것 아닌가요??,"특허권은 별개이며, 이 사안에서 권리소진이 적용되지 않습니다. 특허권자 또는 적법한 제조판매를 할 수 있는 실시권자로부터 기계를 매수해야 합니다.", ,,22.01.07
특허법,조문,제55조,국내우선권 주장,"먼저 좋은 강의 감사드립니다. 55조 6항 1호의 경우, 선출원이 국제특허출원일 때, 번역문 미제출로 취하간주 된 경우, 확대된 선원의 지위를 잃지 않는다고 되어있는데요 1. 이 조문은 202조 3항 3호에서 ""기준일과 선출원일 후 1년 3개월 중 늦은 때"" 중에서 1년 3개월에 해당하는 때 취하간주되는 것을 염두해 둔(?) 조문이 맞는지 궁금합니다. 기준일이 더 늦는다면 번역문 제출은 기준일까지이기 때문에 번역문에 번역문 미제출 때문에 취하간주 될 일은 없다고 생각하는데, 맞는지 궁금합니다. 2. 또한, 이 조문이 있는 이유가 무엇인지 궁금합니다. 출원인 입장에서는 선출원이 우리나라 지정국인 PCT 출원이라도 후출원에서 판단시점 소급하는 측면에서만 이익을 보면 되고 자진해서 번역문을 제출하지 않은 이상, 확대된 선원의 지위를 인정해 줄 이유가 있을까요? 혹시 ""기준일과 선출원 후 1년 3개월 중 더 늦은 때"" 전에 이미 공개가 국제공개 혹은 국내공개가 되기 때문인가요? 만약 그렇다면 공개되는 이상, 확대된 선출원의 지위에는 영향이 없을 것인데, 굳이 이 조문을 규정한 이유를 잘 모르겠습니다. 이 이유에 대해서는 29조 7항도 마찬가지로 여쭙고 싶습니다. 번역문 미제출로 인해 취하되는 시기(기준일)이 공개되는 시기보다 훨씬 늦을 것 같은데 그렇다면 이미 공개되는 이상 확선에는 영향을 안 미칠 것 같은데, 29조 7항은 확선 인정 안하고 55조 6항의 경우는 인정을 해서 두 조문이 차이를 두는 이유를 잘 모르겠습니다. 답변해주시면 감사하겠습니다.","1. 잘못 생각하고 있습니다. 번역문 제출과 상관없이 국내서면제출기간의 만료일을 기준일으로 할 수 있습니다. 2. 국내우선권주장의 선출원은 취하간주되어 국내단계로 진입할 수 없어서 법 제29조제7항에 의해 확선의 지위가 없고, 어차피 후출원에서 확선의 지위를 인정하기 때문에 법 제55조제6항은 확인적 의미의 규정입니다.", ,,22.01.10
특허법,문제,제61조,우선심사대상,"시행령 제9조 7의2에서 특허청이 국제조사기관으로서 국제조사를 수행한 국제특허출원 이라고 되어있어서 i 에서 '대한민국, 미국 또는 일본에서 국제조사나 국제예비심사가 출원되고~' 부분이 틀렸다고 생각했는데 왜 맞는 지문인가요...? 그리고 '대한민국, 미국 또는 일본에서 국제조사나 국제예비심사가 수행된 국제출원을 기초로 대한민국에 조약에 의한 우선권을 주장한 특허출원' 이 부분도 왜 우선심사대상인지 모르겠습니다. 조약에 의한 우선권주장의 기초가 되는 특허출원이 우선심사대상인것 아닌가요? 저작자 표시컨텐츠변경비영리",우선심사사유 중 특허청장이 외국 특허청장과 우선심사하기로 합의한 특허출원에 해당합니다. 기본서 우선심사파트에서 각주를 보면 자세한 내용이 기술되어 있습니다., ,,22.01.14
특허법,문제,제61조,우선심사,"47회 기출문제를 풀던 중에 질문드립니다. '특허출원인이 우선심사를 신청하기 위해서는 우선심사의 대상이 자기 실시인 경우에도 출원공개의 요건을 갖추어야 한다.' 위 보기가 틀린지문으로 처리되어 있는데, 1.자기실시가 정확히 어떤 경우를 말하는 것이고, 2.출원공개와 관련해서는 어떤 부분이 갖추어져야 하는지 잘 모르겠습니다. 2와 관련해서는 기본서와 강의노트를 살펴보니 우선심사는 심사청구가 전제되어야 할 뿐 출원공개는 요구하지 않고, [출원공개 후 제3자 실시 특허출원]을 이유로 우선심사를 신청할 때만 공개가 요구되는 것 같습니다. 위와 같이 정리하고 따라서 틀린지문으로 처리하면 되는 걸까요? 감사합니다!",1. 아직 우선심사사유를 암기하지 못하고 있네요. 특허법 시행령 제9조제1항제8호를 한 번 살펴 보세요. 2. 문의하신 것처럼 출원공개를 전제로 하는 것은 특허법 제61조제1호에 한합니다., ,,22.02.02
특허법,조문,제66조의 3,1항 2호의 경우,"안녕하세요! 조문을 확인하다가 의문이 생겨 글 남깁니다. 66조의 3 1항 2호를 보면 특허결정 후 명백한 거절이유가 발견되었는데 이미 특허권이 설정등록 된 경우, 직권재심사를 할 수 없다고 되어있는데요, 그러면 하자가 있는 특허권을 그대로 존속시킨다는 것인데, 상식적으로 보았을 때 이해가 되지 않습니다ㅜㅜ 이미 특허권이 설정등록되었다고 신뢰한 출원자를 보호하는 의도인가요? 그래도 하자가 있으면 이를 처리할 방법이 필요할 것 같은데.. 혹시 이런 경우에는 어떻게 처리되고 있나요? 기본서도 읽어보았는데, 이 내용이 나오는 부분을 찾지 못해 질문드립니다. 감사합니다!",취소신청이나 무효심판으로 다투게 됩니다., ,,22.05.22
특허법,조문,제79조,특허료에 있어서 질문드립니다.,"안녕하세요 강사님 강의를 듣던 중 헷갈리는 부분이 생겨 문의드립니다. 1. 포괄납부에 있어서, 제 79조 2항에서 보면 제 1항에도 불구하고 특허권자는 그 다음 해부터의 특혀료는 그 납부연도 순서에 따라 수년분 또는 모든 연도분을 함께 낼 수 있다. 라고 적혀있는데, 유지료 낼때, 즉 등록료를 납부하고 4년차때부터 포괄납부가 가능한 것인지 아니면 그냥 처음부터 등록료 낼때 포괄납부가 가능하다는 의미인지 질문드립니다. 2. 교재에서 보면 특허료의 납부의무자 파트에서 특허권의 설정등록을 받으려는 자가 내는 특허료를 [설정등록료]라 하고 특허권자가 내는 특허료를 [특허유지료(연차료)]라고 한다 이렇게 적혀있는데 설정등럭을 받으려는 자와 특허권자를 구분해서 쓰신 이유가 있을까요? 어차피 어차피 설정등록료도 특허권자가 내는 것 아닌가요? (혹시 이해관계인이 설정등록을 받으는 경우를 생각해서 그러신 거면, 특허유지료를 납부하는자라고 안하시고 특허유지료에는 왜 특허권자라고 적으신 이유가 있으실까요? ) 3. 이해관계인이 설정등록료와 유지료 모두 대신 납부 가능한가요? 4. 제 90조 6항(허가 등에 따른 특허권의 존속기간의 연장등록출원의 보정)에서 제1항 제3호부터 제6호까지의 사항에 대하여 보정할 수 있다. 이렇게 적혀있고 강사님께서 수업시간에 2호의 대리인의 경우도 옵션으로 적는 것이기에 당연히 1호와 3호가 요지변경에 해당한다고 하셨는데, 그렇다는건 2호의 경우 대리인을 보정해도 요지변경이 아니라는 뜻인가요? 아니면 대리인의 보정도 당연히 요지변경인데 옵션으로 대리인을 적는 거기에 출원서에 대리인이 없는 경우를 가정해서 말씀하신건가요? 감사합니다","1. 처음부터 포괄납부도 됩니다. 2. 등록된 후부터 특허권자라고 부릅니다. 3. 네 4. 네, 대리인은 계속해서 바꿀 수 있습니다. 대리인 보정은 별도의 위임장 제출을 하면 됩니다.", ,,22.07.21
특허법,조문,제59조,시행규칙 40조의 3 질문,"1) 리담특허법 강의노트 238쪽에 있는 시행규칙 40조의 3 그림에서 유예희망 시점부터 3개월 사이에 [실체심사] 칸이 그려져있 습니다. 조문상에는 이에 대응되는 부분을 찾지 못했습니다. 이 부분은 유예 희망시점으로부터 3개월 내에 실체심사가 이루어지는 것으로 해석해도 되는지 궁금합니다. 2) 또한 필기본에 특허출원심사의 유예를 출원일부터 최대 5년 10개월을 한 것으로 제가 적었습니다. 다만 강의 내용이 잘 기억이 나지 않아서 여쭤봅니다. 만약 유예희망가능기간을 출원일부터 5년(즉,최대 유예가능시점)으로 한다면 보통 심사가 10개월이 걸리므로 5년 + 심사절차가 보통 끝나는기간(10개월)이여서 유예된 심사절차가 끝나는 기간까지 5년10개월이 걸리는 것으로 이해한 것이 맞는지 궁금합니다. 읽어주셔서 감사합니다.",1. 네 2. 5년 3개월입니다. 유예희망시점으로부터 3개월 이내 실체심사를 하기 때문입니다., ,,22.09.16
특허법,조문,제67조의 2,특허결정 후 재심사청구,"안녕하세요, 특허결정 등본 송달 후 재심사청구 질문드립니다 교재에서, ""특허거절결정과는 달리 특허결정에 대해서는 출원인은 불복을 할 수 없기 때문에 특허청장이 특허결정에 대한 등본을 출원인에게 송달한 때 해당 특허결정은 확정된다"" 라고 설명하고 있습니다 2021.10.19 개정법에서는 ""특허결정의 등본을 송달받은 날로부터 설정등록을 받기 전까지의 기간까지 재심사청구를 할 수 있도록 하여, 특허결정등본을 송달받았을지라도 제한된 보정범위내에서 권리범위를 재설계할 수 있는 기회를 주고 있다""라고 하였는데 개정법에 의해 이제는 특허결정 등본 송달받아도 불복 할 수 있고 특허결정 확정되지 않는것인지 궁금합니다","재심사청구는 법 제67의2 제3항에 따라 특허결정을 취소하는 것이지, 특허결정 자체에 대한 불복이 아닙니다.", ,,22.09.19
특허법,조문,제65조,보상금 청구권,"안녕하세요 보상금청구권 관련하여 질문드립니다. 사본으로 경고 -> 출원공개 -> 설정등록 의 순서라면 보상금을 산정할 수 있는 기간은 '출원공개~설정등록시' 인가요 '출원공개전 사본으로 경고한 때~설정등록시' 인가요? 전자인줄 알았는데 객관식 499페이지에서 '출원공개가 이루어지지 않고 보상금청구권이 발생되는 경우가 없다'가 옳은 지문이라서 제가 잘못이해하고 있는 것 같아 질문드립니다,","네, 잘못 이해하고 있네요. 전자입니다.", ,,22.09.21
특허법,조문,제62조,특허거절결정 의견서 관련 질문,안녕하세요 다름이아니라 62조 63의2 조 기출문제를 풀다 질문사항이 있어서요 20년도 기출 문제(객관식 457) 4번 문항에 거절이유통지에서 지정된 기간이 경과하여 보정서와 의견서가 제출되더라도 등록 또는 거절결정 전에는 모두 수리하여야 한다. 에서 의견서는 불수리 대상 이라는 뜻이 선생님께서 수업시간에 말씀하신 의견서는 언제든지 제출할수 있다는 말과 같은 뚯으로 이해하면 되는지 궁금합니다. 또 언제든지라는 말은 기간이 지나도 출원 계속중이면 제출 할 수 있다는 뜻으로 이해하면 되는지 궁금 합니다. 읽어주셔서 감사합니다.,"네, 맞습니다.", ,,22.09.22
특허법,조문,제66조의 2,직권보정에 관련해서 질문,"직권보정 관련해서 질문드립니다! ""출원인이 의견서를 제출하여 특허결정이 취소된 것으로 볼 때, 심사관은 직권보정 전 명세서 또는 도면에 다시 심사를 진행한다. 이때 심사관이 직권보정 전에 이미 통지된 거절이유가 발견되더라도 다시 거절이유를 통지하여야 한다."" 위의 문장에서 거절이유통지를 최후거절이유통지라고 이해해도 되나요? 혹은 깊게 파고들지 않고 저 문장 그대로 이해하는 게 나을까요?","네, 법 제47조제1항제2호에 따라 최후거절이유통지가 맞습니다.", ,,22.09.27
특허법,조문,제65조,65조 6항 보상금청구권,"안녕하십니까 변리사님. 다름이 아니라 65조 보상금청구권 조문과 관련해서 질문이 있습니다. 65조 6항에서 1호2호와 3호4호 사이에 구별실익이 있다고 알고 있는데, 1,2호와 달리 3,4호는 등록 후에 특허권이 소급소멸된 case라 알고 있습니다. 이 때에 보상금청구권이 행사는 가능하나 고의 과실이 있는 경우에는 손해배상청구권이 고의 과실이 없는 경우에는 부당이득반환청구권이 성립된다고 제가 필기한 것 같은데, 6항의 조문 내용인 제2항에 따른 청구권은 처음부터 발생하지 않는다라는 내용과 상충되는 것 같아서 질문드립니다! 혹 3호와 4호의 경우 이미 보상금청구가 이뤄지고 이에 보상금을 납부한 사람들이 보상금을 다시 돌려달라는 식으로 손해배상청구권 혹은 부당이득반환 청구가 가능하다는 것인가요? 감사합니다.",네 그렇습니다, ,,22.10.31
특허법,조문,제67조의 2,원거절이유가 해소되지 않았음을 나중에 발견한 경우,"안녕하세요 변리사님 최후거절통지 및 재심사 청구 과정에 있어 질문드립니다.. 최초거절이유 통지 후 보정에 의해 원거절이유가 해결이 되지 않으면 바로 거절결정이 나는 것으로 알고 있습니다. 만약 심사관이 최초거절이유 통지 후 출원인이 보정을 하였을 때 그 보정으로 원거절이유가 해소되지 않았지만 착오로 해소되었다 믿었을 때, 보정에 의한 다른 거절이유를 발견하여 최후 거절이유 통지를 하거나, 그 후 출원인이 거절결정된 출원에 대해 재심사 청구를 한 상황에서, 1. 최후거절이유 통지에 대한 보정서를 받고 적법한 보정이긴 하나 최초 거절이유에 대한 원 거절이유가 해소 안되어있음을 발견한 경우 2. 재심사 청구 후 다른 보정서는 모두 적법하지만 심사단계에서의 최초 거절이유에 대한 원 거절이유가 해소가 안되어있음을 발견한 경우. 이 두가지 경우엔 바로 거절결정을 하는 것인지, 의견제출기회를 주는 것인지 궁금합니다. 직권 재심사는 기 통지한 거절이유로 거절결정 하지 않는다는 조문이 있고 거불복 심판에서는 거절결정 이유와 다른 이유로 거절결정을 할 땐 거절이유통지를 하여 의견제출 기회를 주는 것으로 알고 있습니다. 위의 두 상황에선 어떤지 궁금합니다!","이는 심사기준에 명시되어 있지 않아서, 정확한 답변을 드리기 어렵우나, 보정에 의해 거절이유가 해소됨을 믿고 절차를 진행한 출원인의 절차적 이익 보호 측면에서, 최후거절이유통지가 적절해 보이네요. (물론, 법적 안정성을 위해 바로 거절결정해야 한다고 주장할 수도 있을 것 같습니다.)", ,,22.11.21
특허법,문제,"제62조, 63조, 66-67조의 3",특허여부결정에 의한 종,"제가 이해한 내용은 다음과 같습니다. 잘못 이해한 부분이 있다면 꼭 고쳐주시기를 부탁 드립니다. (사진은 리담객관식 15판 기준입니다.) 1. 분할출원 기간 1) 47조1항 보정가능기간 2) 특허거절결정등본 송달 받은 날부터 3개월(OR 연장기간) 3) 특허결정/특허거절결정취소심결(재심 포함) 등본 송달 받은 날부터 3개월 (설정등록일이 3개월보다 빠르면 설정등록일까지) 2. 변경출원 기간 1) 최초의 거절결정등본 송달 받은 날부터 3개월이 지나지 않은 기간 3. 재심사 청구기간 1) 특허결정등본 송달 받은 날 ~ 설정등록 前 2) 특허거절결정등본 송달 받은 날부터 3개월(OR 연장기간) 3) 이미 재심사에 따른 특허여부결정 있는 경우 제외 4) 거절결정불복심판청구가 있는 경우 제외 5) 단, 거절결정불복심판 인용되면 재심사 청구 가능 4. 거절결정불복심판 청구기간 1) 거절결정등본 송달 받은 날부터 3개월 기간1 = 최초거절이유통지 의견서제출기간 기간2 = 최초의 거절결정등본 송달 받은 날부터 3개월 기간3 = 재심사에 의한 거절결정등본 송달 받은 날부터 3개월 기간4 = 최후거절이유통지 의견서제출기간 분할출원 가능기간 : 기간1, 기간2, 기간3, 기간4 변경출원 가능기간 : 기간2 재심사 청구 가능기간 : 기간2 거절결정불복심판 청구 가능기간 : 기간2, 기간3 따라서 기간1 : ㄱ 기간2 : ㄱ,ㄴ,ㄷ,ㄹ 기간3 : ㄱ,ㄹ 기간4 : ㄱ 이렇게 되어야 한다고 생각했습니다. 그런데 보기 지문의 기간1에 모조리 ㄴ이 포함되어 있는 걸 보고 혼자 고민을 해봤는데 혹시 기간1이 기간2보다 앞서서 존재한 기간이기 때문인가요? 애당초 그 최초의 거절결정등본 송달보다 앞서 있었던 기간인 게 이유인지 궁금합니다. 조문을 뜯어 보니 변경출원이 '불가능'한 기간이 최초의 거절결정등본 송달 받은 날부터 3개월 경과이지 위 3개월 내에 하라는 내용은 아닌 것 같다는 생각이 들어서요. 제 생각이 맞는지 확인 받고 싶어서 질문을 드립니다. 감사합니다. 항상 건강하세요.","기본서를 보면 변경출원의 시기적 요건에 대해 다음과 같이 기술하고 있습니다. "" 원출원이 있는 후 변경출원을 할 수 있으나 최초의 거절결정등본을 송달받은 날부터 3개월(거절결정불복심판청구를 할 수 있는 기간이 연장된 경우에는 그 기간을 말한다)이 지난 후에는 변경출원을 할 수 없다(法 53①Ⅰ)."" 즉, 최조의 거절결정등본을 송달받은 날은 만료일의 시작일이고, 기간의 시작일이 아닙니다. 기본서를 한 번 정독해 보세요.", ,,22.11.26
특허법,조문,제67조의 2,특허결정 송달에 대한 몇가지 질문,"안녕하세요 리담 특허법 교재 공부 중에 몇가지 질문드립니다. 질문1. 궁금한 점에 대해 이미 올라온 글이 있어 질문과 변리사님 댓글을 복사해왔습니다! ------- 안녕하세요, 특허결정 등본 송달 후 재심사청구 질문드립니다 1. ""특허거절결정과는 달리 특허결정에 대해서는 출원인은 불복을 할 수 없기 때문에 특허청장이 특허결정에 대한 등본을 출원인에게 송달한 때 해당 특허결정은 확정된다"" 라고 설명하고 있습니다 2. 2021.10.19 개정법에서는 ""특허결정의 등본을 송달받은 날로부터 설정등록을 받기 전까지의 기간까지 재심사청구를 할 수 있도록 하여, 특허결정등본을 송달받았을지라도 제한된 보정범위내에서 권리범위를 재설계할 수 있는 기회를 주고 있다""라고 하였는데 ~ 변리사님 댓글) 재심사청구는 법 제67의2 제3항에 따라 특허결정을 취소하는 것이지, 특허결정 자체에 대한 불복이 아닙니다. ------- 댓글에서 해주신 말씀은 불복이 아니기 때문에 1번에에 모순될 염려가 없고, 특허결정 후 재심사 하는 것은 특허결정이 확정 되었음에도 명세서를 보정하여 재심사할 수 있게 함으로써 권리범위 재설계의 기회를 부여하고 있는 것으로 이해하면 될까요? 질문2. 561페이지에서, 출원일로부터 1년 이내라면 특허결정등본 송달된 경우라도 설정등록 전에 국내우주출원을 할 수 있다. 라고 되어있는데, 특허결정등본이 송달된 특허출원을 기초로 국내우주출원(후출원) 하는 경우를 이야기하고 있는게 맞을까요? 즉 설정등록 받기 전까지는 국내우주에서 선출원의 요건인 '출원계속 중'으로 인정해준다는 것을 말하고 있는것이 맞나요? 늘 감사드립니다. 좋은 하루 보내세요!","1. 확정된 특허결정이 잘못 되지 않았지만 취소하는 것이 재심사청구이고, 특허결정 자체가 잘못되었다고 하는 것이 불복입니다. 2. 네, 맞습니다.", ,,22.12.08
특허법,조문,제67조의 2,재심사청구시 보정의 하자를 늦게 발견한 경우,재심사 청구시에 최후거절이유를 극복하지 못한 보정을 하면서 재심사를 청구했는데 심사관이 이를 간과하고 다른 거절이유를 가지고 최초거절이유를 통지한 경후 출원인이 이 통지에 따른 보정을 하였고 이 보정에 따라 심사관이 심사를 하였는데 재심사 청구시의 보정이 원 심사의 거절이유를 극복하지 못했음을 발견했다면 이는 출원인의 최초거절이유통지에 대한 보정이 적합한지에 관계없이 보정각하 후 거절결정사유가 된다. 라고 이해했는데 맞는지 궁금합니다.,"틀렸습니다. 보정인정여부와 원거절이유를 극복했는지는 별개이므로, 새로운 거절이유가 발생하지 않았다면, 즉 보정요건을 만족한다면 보정인정 후 거절결정됩니다. 열공하세요~", ,,22.12.15
특허법,조문,제65조,경고 후 청구범위 확장과 재경고,보상금 청구권 파트에서 경고 후 보정하여 청구범위가 확장된 경우 (최명도 범위 내) 다시 경고해야 하나 축소된 경우 그럴 필요가 없다. 라고 하는데 혹시 축소보정을 했음에도 불구하고 상대방에게 축소되었음을 알리지 않아 상대방이 부당하게 실시하지 못한 부분에 대해 손해배상을 해야 하는 경우 역시 있다고 할 수 있는가?,"경고를 받고, 실시할지 여부는 상대방의 전적인 결정이고, 경고에 불법성이 없다면 손해배상을 해야 할 이유가 없습니다. 열공하세요~", ,,22.12.15
특허법,조문,제66조의 2,직권보정 전 통지한 거절이유,"안녕하세요. 질문드립니다. 심사관이 직권보정 전에 ‘이미 통지한 거절이유’가 발견되더라도 다시 거절이유를 통지해야한다. 는 경우는 1. 원거절이유 해소여부 2. 새로운 거절이유 발견여부 3. 새로운 거절이유 발생시점 이라는 순서아래 ‘이미 통지한 거절이유’가 발견되었으면 거절결정 해야하는데 직권보정 전 ‘이미 통지한 거절이유’라면 거절이유를 다시 통지한다 라고 이해했습니다. 그런데 강의노트 P258에서 2개 사안 중 윗그림에서 이미 통지한 거절이유는 42조 3항 1호 밖에 없지 않나요??? 그런데 사안에서 42조 3항 1호가 해소되었다고 나와있고, 보정 1에 의해 생긴 29조 1항이나, 보정 2에 의해 생긴 29조 2항은 거절이유가 통지되지 않은걸로 이해했는데 그렇다면 저 사안에서 이미 통지된 거절이유가 무엇인가요?? 제대로 이해하지 못하고 있는거 같아 질문드립니다. 감사합니다.","네, 이미 통지한 거절이유가 없습니다. 그래서 거절결정하지 않는다는 것입니다.", ,,22.12.22
특허법,문제,제59조,기출문제 질문 드립니다,"44회 기출문제 10번 발명 C에 대해서 특허출원 A를 한 특허출원인이 특허출원 A의 출원일부터 3월 후에 특허출원 A를 기초로 국내우주를 하면서 발명 X,Y에 대하여 특허출원 B를 하고, 특허출원 A의 출원일부터 1년 2월이 경과한 후 특허출원 B에서 일부 발명을 적법한 절차에 의해 새로운 특허출원 C를 하였다. 다음 중 옳은 것은? 보기 4번. 특허출원 C는 특허출원 B의 출원일부터 3년이 경과하여 출원의 심사청구를 할 수 있는 경우는 없다. (X) 분할출원 C라고 이해를 하고 문제를 풀었는데요, 분할출원에 +30일 심사청구의 특례 규정이 있는 건 알고 있는데 특례는 원출원일부터 3년이라는 심사청구기간 경과 후에도 추가기간을 더준다라는 것이고 A출원을 한 시점을 원점으로 보면 B가 3월 C가 1년 2월 시점인데 원칙적으로 분할출원 C는 C의 분할출원 청구범위(X or Y)와 C의 우선권 주장 여부에 따라 원출원일 A 혹은 B를 가지게 될 것 같은데 이로부터 3년이면 특례기간인 분할출원 C의 1년 2월 시점으로부터 30일보다는 항상 길어서 특례가 적용될 여지가 없는 거 아닌가요ㅜㅜ 제가 잘못 생각한 점이 있다면 알려주시면 감사하겠습니다. 감사합니다!",C의 출원은 크게 3가지 유형입니다. 1. 별도출원 2. 분할출원 3. 분할출원+우선권주장 각각을 고려하여 답을 찾으면 됩니다., ,,22.12.30
특허법,문제,제61조,리담기출문제 587면,"리담 기출문제 587면 보기1번 질문드립니다. 보기 1번에서, '출원된 발명을 업으로서 실시중임을 이유로 우선심사 신청할 수 있다'가 61조 1호에 해당하는 이유이므로, '출원된'이 아니라 '출원공개된'이 옳은 지문이어서 해당 1번 보기는 틀린지문인거 아닌가요?? 해설에서는 61조 2호라고 하셨는데, 2호의 시행령 중에 지문에 해당하는 이유도 없는 것 같아서요!","우선심사사유를 아직 제대로 암기하지 못하고 있네요. 시행령 제9조제1항제8호입니다. ""8. 특허출원인이 특허출원된 발명을 실시하고 있거나 실시준비중인 특허출원""", ,,23.01.14
특허법,문제,제54조,조약우주 질문드립니다.,"이 문제에서 두가지 궁금점이 있습니다. 1. 갑은 미국에 출원했지만 이미 을이 17년 1월 5일에 저명한 학술잡지에 A를 공개했기 때문에 미국 출원은 신규성 상실하게 되기 때문에 취하되니깐 을이 17년 6월 10일에 공지예외적용주장하면서 하는 출원은 적법한 거 아닌가요?? 2. 해설에서 갑이 출원한 A가 뒤에 출원공개가 되었다고 가정을 하고 문제를 푸는데, 시험장에서 이렇게 가정하고 문제를 풀면 안되지 않나요?? 뒤에 출원공개가 되지 않는다면 확선을 판단할 수 없게 되잖아요. 즉, 문제에 나온 요건만 가지고 풀어야하는게 아닌지... 궁금합니다!","1. 갑의 한국출원 판단시점이 2017. 2. 10.까지 소급효가 인정되니, 을의 출원은 확선 위반이네요. 2. 한국출원이 현재(시험 당일) 심사중이라는 것은 공개됨을 전제로 하고 있는 것입니다.", ,,23.01.25
특허법,조문,제67조의 2,재심사청구와 변경출원,"강의노트 p. 251에서 재심사청구를 하면 1. 거절결정불복심판과 분할출원은 불가 2. 변경출원은 재심사청구와 무관하게 거절결정등본송달 후 3개월까지 가능 이라고 되어 있습니다. 조문에서는 분할출원과 변경출원의 기간을 특허거절결정등본을 송달받은 날부터 3개월(제15조제1항에 따라 제132조의17에 따른 기간이 연장된 경우 그 연장된 기간을 말한다) 이내의 기간 그 실용신안등록출원에 관하여 최초의 거절결정등본을 송달받은 날부터 3개월(「실용신안법」 제3조에 따라 준용되는 이 법 제15조제1항에 따라 제132조의17에 따른 기간이 연장된 경우에는 그 연장된 기간을 말한다)이 지난 경우 라 규정하고 있는데 ""최초의"" 거절결정 등본 송달 후 3개월과 거절결정 등본 송달 후 3개월에 어떤 차이가 있어서 재심사 청구에도 불구하고 변경출원은 여전히 가능한지 잘 모르겠습니다.","분할출원은 재심사단계, 또는 재심사후 거절결정이 된 후에도 할 수 있지만, 변경출원은 그렇지 못하기 때문입니다.", ,,23.01.27
특허법,문제,제67조의 3,기초가 된 행정처분의 변경과 불복,"객관식 p. 469 (5) 선출원 위반을 이유로 거절결정 후 선등록권리가 무효가 되었을 때 불복심판을 재기하지 않고 거절결정이 확정된 경우 재심으로 불복을 할 수 없다는 내용에서 불복심판이 제기되지 않아 확정된 심결이 없으므로 재심 역시 불가능하다는 뜻으로 이해가 가는데 그렇다면 어떤 방법으로 불복해야 하는지, 불복할 수 있는 방법이 없는것인지",불복할 수 있는 방법이 없습니다. 무효로 된 특허의 정당한 권리자를 보호해 주는 것이 맞습니다., ,,23.01.27
특허법,문제,제67조의 3,재심사청구시 보정,안녕하세요 19년기출 정답이 5번인데 3번에서 재심사 청구하면서 보정하는 것은 불가능한가요? 리담객 해설에는 특허결정등본송달전까지만 보정이 가능하다 라고 되어있습니다. 감사합니다 저작자 표시컨텐츠변경비영리,가능합니다. 법이 바뀌었습니다. 개정법을 스스로 체크할 수 없으면 기출문제 그대로 공부하는 것은 위험합니다, ,,23.02.04
특허법,문제,제65조,보상금청구권 준용규정,"객관식 493p 문제에서 5번 지문이 답인데, 을의 실시가 출원공개된 갑의 발명이 설정등록 되기 전 실시이므로 보상금청구의 대상이지만, 보상금청구권에서의 준용규정(간생자공소)에 과실의 추정 규정(130조)은 포함되지 않으므로 5번지문이 틀린것 맞나요? 그래서 갑이 을을 상대로 별도 서면경고를 하거나 을이 알았음을 증명해야만 보상금을 청구할 수 있게 되는건가요?",1. 과실추정이 적용되지 않아서 틀린 지문입니다. 2. 과실추정과 서면경고/안 때 증명은 별개입니다. 서면경고/안 때 증명은 법 제65조제2항의 요건을 총족해야 하기 때문입니다., ,,23.03.15
특허법,조문,제66조의 2,직권보정 전 이미 통지된 거절이유,"직권 재심사(66의3) 의 경우에는 63조1항2호에 심사관은 직권재심사를 하여 취소된 특허결정 전에 이미 통지한 거절이유로 특허거절결정을 하려는 경우에는 거절이유를 통지하여야 한다. 라고 명문의 규정이 나와있는데요. 1. 직권 보정(66의2)의 경우에 출원인이 의견서를 제출하여 다시 심사를 진행하는 경우에 심사관이 직권보정 전에 이미 통지된 거절이유가 발견되더라도 다시 거절이유를 통지하여야 한다. 라고 기본서(리담특허법 21판, 584p 하단)에 쓰여있는데 이 경우에는 명문의 규정은 없고 심사실무상 행해지는 것인가요? 2. 재심사 청구 시에는 재심사 청구 전에 이미 통지된 거절이유가 발견되면 원거절이유가 해소되지 않아 거절이유통지를 하지 않고 바로 거절결정을 하는 것인가요?","1. 네 2. 네, 그렇습니다.", ,,23.04.06
특허법,조문,제62조,거절이유 조문 암기,"안녕하세요. 62조의 각호를 주실조절로 구분해서 암기하라고 말씀해주셨는데 각호가 주, 실, 조, 절로 분리되어 있지는 않고 섞여있어서 62조 암기에는 단순히 주실조절 4글자로 암기하고 다음의 표로 주, 실, 조, 절 각각에 해당되는 것을 추가적으로 암기하면 된다는 의미인가요?","네, 그렇습니다.", ,,23.04.23
특허법,조문,"제59조, 60조",확대된 선출원의 지위와 출원공개제도를 활용한 심사청구제도,"출원일로부터 1년이 되기 전, 1년 6개월이 되기 전에 특허결정을 할 때 각각 선출원, 확선 지위 위반 여부를 판단할 수 없다는 것은 이해하였습니다. 그런데 특허결정을 하되, - 를 판단할 수 없다는 단서를 붙이고 있다 라는 표현이 이해가 되지 않습니다. 특허 결정을 하되 단서를 붙인 다는 것이 어떤 의미인지 궁금합니다.",어쩔 수 없이 완벽하게 판단하지 못하고 특허결정했다는 의미입니다., ,,23.05.04
특허법,조문,제66조의 3,특허결정 이후 직권 재심사,"특허법 기본강의 온라인 수강생 입니다. Q1) 거절결정불복심판에서 인용심결을 받고 환송이 된 경우에는 거절결정 불복 심판에서 다툰 사항에 대해서는 심사관이 다시 거절결정을 할 수 없게 되는게 맞을까요? (다른 거절이유의 경우는 제외) 특허결정 후 설정등록전에 권리 범위확장의 목적으로 재심사를 청구한 경우 기존의 특허 결정은 취소된 것으로 보는데, 이때 재심사 청구를 통하여 권리를 확장하고자 하였으나 최종 특허등록을 받을 수 없게 된 경우 Q2) 해당 출원은 최종 거절결정으로 될까요? Q3) 재심사 중 확장된 권리범위로는 특허 거절 결정이 될 것을 우려하여 다시 재심사전의 청구 범위로 돌아갈 수 있는지요? Q4) 상기 Q3에서 재심사에 따른 거절결정불복심판에서 인용심결을 받아 환송된 경우 최초 특허등록되었으나 재심사 청구로 취소된 특허의 청구 범위로 돌아가는 보정도 가능 한지요? Q5) 이때 일반적인 상황이라면 다시 등록이 될 수 있을까요? 감사합니다.","1. 네. 제176조제3항의 내용입니다. 2. 네. 3. 4. 5. 보정가능시기와 범위를 만족하면 가능합니다. 그리고, 거절결정되더라도 어차피 분할출원하면 다시 설계할 수 있습니다. 참고로, 전제조건이 잘못되었습니다. 재심사청구를 하는 경우에는 법 제47조제1항제3호의 시기이기 때문에 권리범위의 확장은 허용되지 않습니다.", ,,23.05.06
특허법,조문,제66조의 2,직권보정 후 심사진행 Case,"변리사님, 그림에서 42조 3항 1호 위반과 42조 4항 1호 위반은 발명의 설명 기재불비로 서로 거절이유가 동일한 건가요(=원거절이유인건가요)? 만약, 거절이유가 서로 같다면 왜 동일한 건가요? (질문과 관련된 문장) '특허결정이 취소된 것으로 보는 경우 심사관은 직권보정 전 명세서 또는 도면에 의해 다시 심사를 진행한다. 이 때 심사관이 직권보정 전에 이미 통지된 거절이유가 발견되더라도 다시 거절이유를 통지하여야 한다.'",전혀 다른 거절이유입니다.,,,23.05.26
특허법,조문,제66조의 2,직권보정 후 심사진행,안녕하세요. 밑에 답변들을 참고하니 첫번째 케이스의 42조4항1호 이유는 이미 통지한 거절이유가 아니기 때문에 최후거절이유 통지된다는 점은 이해했습니다. 그렇다면 사진 윗쪽에 '이때 심사관이 직권보정전에 이미 통지한 거절이유가 발견되더라도 다시 거절이유를 통지하여야 한다' 에 해당하는 사례가 무엇이 있나요? (이미 통지한 거절이유지만 출원인이 받아들이지 않은 직권보정사항 에 해당하지 않는 사례),"예를 들어, 첫번째 CASE에서 제42조제3항제1호 위반이 해소되지 않았는데, 심사관이 미쳐 발견하지 못한 경우가 있을 수 있겠네요.", ,,23.06.20
특허법,조문,제55조 3항,공지예외적용주장 수반 국내우주 질문,"1. 국내 우주출원으로 청구범위 AB 판단시점 소급. Y출원의 청구범위 A는 논문발표에 대해서 공지예외주장적용가능. 2. Y출원의 청구범위C는 Y출원일 기준으로 박람회에서 1년이내 출원하고 공지예외주장을 수반했다면 박람회에 대해서 공지예외주장적용가능. 3. 한국출원X로부터 12개월이내 우선권 주장과 함께 Y출원, Y출원은 국내우선권주장 가능. 제 생각에는 위의 3가지 기간과 증명서류제출 30일, 취하간주 1년3개월만 만족된다면 문제가 없어보이는데 보라색 물음표의 12개월은 어떤 조문을 근거로 지켜야 하는지 모르겠습니다. 같은 이유로 아래의 사진 보라색 기간도 어떤 조문을 근거로 지켜져야 하는지 모르겠습니다.","보라색 물음표를 지키지 않으면 C가 A에 의해 진보성 위반으로 죽을 수도 있습니다. 즉, C에 대해서도 A를 공지가 안 된 것으로 보기 위해서는 보라색 물음표를 지켜야 합니다. 근거는 제55조제3항에서 제30조제1항은 소급효가 인정되나, 이는 발명단위로 판단한다는 것입니다.", ,,23.06.21
특허법,조문,"제62조, 63조",최후거절이유통지,"안녕하십니까 변리사님 항상 유익한 강의 감사드립니다 최후거절이유통지의 심사 실무 상 구체적인 예시 중 ""거절이유통지에 대한 보정시 명세서 또는 도면을 보정하여 신규사항이 추가된 경우는 최후거절이유를 통지한다."" 의 경우에서 신규사항 추가가 최후거절이유통지에 대한 보정에서 발생했으면 보정각하일 수도 있어서 틀린 것 아닌가요?","네, 그렇습니다~", ,,23.07.29
특허법,문제,제61조,우선심사신청 대상 질문입니다,"변리사님 안녕하십니까. 기출문제집을 풀다 153p 1번 (ㄷ)지문에 질문이 있어 글 남기게 되었습니다. (ㄷ)은 미국으로부터 한국으로의 수출 촉진이므로 시행령 9조 1항 3호에 해당하지 않아 X라고 나온 해설은 이해하였습니다. 이 경우 저는 반도체 관련 기술이라 우선심사대상이 된다고 보았는데, 원래는 반도체는 우선심사대상이 되지만 우선심사 신청시 그 근거를 잘못 적었기 때문에 신청이 각하된 경우라고 이해하면 될까요?? 항상 좋은 강의 해주셔서 정말 감사드립니다!","네, 그렇게 이해하면 됩니다.",,,23.08.04
특허법,조문,제59조,확선 지위와 출원공고제도를 활용한 심사청구제도 운영,강의노트 242페이지 하단 2번째 케이스처럼 갑의 x출원을 발견못해 을의 y출원이 특허결정이 되면 확선적용못하는걸까요?? 추후조치가 궁금합니다,"등록전에 정보제공하면 직권재심사 단계로 진행하고, 등록후에는 취소신청사유, 특허무효사유에 해당합니다.", ,,23.08.14
특허법,문제,제63조,의견서 제출기회 부여 질문드립니다.,"안녕하세요 변리사님, 위 지문은 63조 1항에 대해 그대로 서술하고 있는건 알겠습니다만, ‘심사관은 특허법 제62조(특허거절결정)에 따라 특허거절결정을 하고자 할 때’에 이미 통지한 거절이유가 존재하여 특허거절결정을 하는 경우가 포함된다면 틀린 지문으로 해석이 될 수 있지 않나 하는 의문이 들어 질문드립니다. 항상 좋은 강의와 교재 감사드립니다.","모순되는 질문이네요. ""이미 통지한 거절이유가 존재한다 = 이미 의견제출기회를 주었다."" 입니다.","죄송한데 고민해봤음에도 이해가 잘 안되어 다시 한번 질문드립니다. 심사관의 거절이유통지에 따라 제출된 의견서•보정서에 의해서도 이미 통지한 거절이유가 해소되지 아니하고 동일한 경우, 다른 거절이유가 있더라도 다시 거절이유를 통지하지 않고 특허거절결정을 할 때에는 또다시 의견서제출기회를 부여하지 않으니 63조 1항이 적용되지 않는것 아닌가요?","질문한 내용으로 봐서는, 거절결정의 이유와 거절이유가 주지가 부합하면 된다는 의미를 모르고 있네요. 다른 거절이유가 있다고 할지라도 거절결정의 이유가 아니면, 제63조제1항이 적용될 필요가 없습니다.",23.08.15
특허법,조문,제30조,공지예외적용의 효과 동일자출원시에 대하여,"정당한 권리자 갑이 공지예외적용주장을 하며 출원을 하더라도, 타인 을의 출원이 먼저 있고 후에 공개되면 선출원의 지위로 인해 특허를 받을 수 없다는 이야기에 이어, 을 출원이 갑 출원과 같은 날에 있는 경우에 대한 설명이리담특허법 교재 392페이지 하단-393페이지 상단 부분에 있었는데, 이 부분에 대해 질문이 있습니다. 심사실무의 태도는 협의제를 취하고 있다는 설명과, 을 출원은 거절결정이 확정될 것이기 때문에 협의명령 없이 갑 출원에 대해 특허를 허여함이 타당하다는 설명(+대법원판례각주)이 연달아 있는데... 두 내용 모두 이해는 되나, 수험적으로 어떻게 공부해야하는건지 모르겠습니다. 협의제로 해결한다. 로 정리해야하는지, 협의제로 하는 것은 타당하지 않고 협의명령없이 갑에게 특허를 허여해야한다. 로 정리해야하는지.. 양 쪽이 상반된 내용 같아서, 이 부분에 대해 답변 주시면 감사하겠습니다..!","실무는 이런데, 비판받고 있다.""로 정리하면 됩니다. 열공하세요~", ,,23.08.20
특허법,조문,제63조,보정각하의 예외,"안녕하세요, 63조1항2호가직권재심사 시 최초거절이유통지하는 근거중 하나인 이유가 이해가 잘 되지 않아 질문드립니다. 63조1항2호는 '직권재심사 전 이미 통지한 거절이유로 특허거절결정을 하려는 경우에는 한번 더 거절이유를 통지하여야 한다' 인데, 이 문장은 직권재심사 전 보정이 기존 거절이유를 해소하지 못했다는 뜻으로 이해됩니다. 그렇다면 직권재심사 전 보정각하 사유에 해당하는 보정이 있었더라도, 그 보정이 기존 거절이유를 해소하지 못했기 때문에 보정각하를 판단하기 전에 바로 거절결정을 내리게 되는 것이라고 생각되는데, 왜 63조가 보정각하의 예외 근거 규정인지 궁금합니다.","잘못 이해하고 있네요. 보정각하의 예외는 제51조제1항제2호입니다. 그리고, 제47조제1항제2호괄호에 의해 최초거절이유통지를 하는 것입니다.", ,,23.09.04
특허법,조문,제66조의 2,직권보정 전 이미 통지된 거절이유,"안녕하세요 강사님, 위 그림이 이해가 잘 되지 않아 질문드립니다. 42조3항1호는 이미 통지된 거절이유이지만 보정에 의해 해소되었고, 29조1항과 29조2항은 심사관이 발견하지 못하여 출원인에게 아직 통지되지 않은 거절이유라는 것 까지 이해했습니다. 42조4항1호는 거절이유이기는 하지만 명백히 잘못된 기재불비에 해당하여, 거절이유를 통지하지 않고 직권보정하며 그 사항을 출원인에게 알리는 상황으로 이해되는데, 그렇다면 42조4항1호도 '직권보정 전 출원인에게 통지된 거절이유'에 해당하지 않으므로, 출원인이 의견서를 제출한 후에는 당연히 거절결정이 아니라 최후거절이유통지를 해야 하는 것이라고 생각됩니다. 위 그림이 왜 거절결정을 하지 않고 왜 예외적으로 최후거절이유통지를 해야 하는 상황인지 이해가 잘 되지 않아 질문드립니다.","네, 다시 보니 최후거절이유통지를 하는 것은 당연하네요. 예시가 적절하지 못하네요. 적절한 예시는 기본서의 각주에 있으니, 참고하세요~", ,,23.09.08
특허법,조문,제66조의 3,직권 재심사 거절이유통지,"강의노트 263페이지에서 질문드립니다! 1. 3번(필기노트에서 보정2에 의해 발생한 거절이유)을 발견한 경우에 최초거절이유를 통지하는 근거를 어느 법조문에서 찾아야하는지 궁금합니다. 최초거절이유통지에 대한 보정에 따라 발생한 새로운 거절이유에 대한 통지니 최후가 되야된다고 생각했었습니다. 직권재심사 취지상 reset되고 모두 다시 최초거절이유를 통지한다고 알고는 있었는데 어떤 법조문을 근거로 그렇게 되는지 궁금합니다! 2. 나머지 1, 2, 4번에 대해서 제가 맞게 이해한걸까요? -1번은 원래 최초거절이유통지에 해당한다. -2번은 63조 1항 2호에 의해 이미 통지한 거절이유라서 최초거절이유통지 -4번은 51조 1항 2호에 의해 보정각하 대상임에도 최초거절이유 통지. 감사합니다",1. 최초거절이유통지는 제47조제1항제2호괄호를 읽어보세요. 제66조의3에 따른 거절이유통지는 최후가 아니라는 것입니다. 2. 네, ,,23.09.14
특허법,조문,제66조의 2,직권보정 후 심사진행 CASE,"강의노트 260p 에서 밑의 그림 case중 보정 1의 42조 3항 1호는 명백히 잘못된 것이 아닌 기재불비이므로 최초 거절이유통지를 받고, 그 후 출원인은 최초 거절이유통지의 의견서 제출기간 2개월 내에 보정2를 했고 여기서 다시 42조 3항 1호의 기재불비가 발생했으나, 이 기재불비는 명백히 잘못된 경우에 해당해 심사관이 직권보정 후 특허결정을 한 것 까지는 이해했습니다. 여기서 보정1의 기재불비와 보정 2의 기재불비가 같은 조문에 해당하지만, 기재불비의 정도가 다르다면 강의노트 250에 나와있는 거절이유 통지의 적법성 판단 CASE에서 ""법조문은 같으나 사실이 동일하지 않은 사안"" 에 해당할 수는 없는지 궁금합니다.","기재불비의 정도에 차이가 발생한 것에 대하여, 사실이 다르다고 말하기는 어렵습니다.", ,,23.09.18
특허법,조문,"제59조, 60조","제59조, 제60조 관련","강의노트 p.242에서 두번째 형광펜 칠한 부분에 출원일로부터 1년이내 선출원주의, 확선 위반여부를 판단할수 없다는건 다른 출원에서 우선권제도를 주장하더라도 영향을 안받는다는건가요(즉 또다른 위반된 먼저 출원된 발명의 청구범위와 동일성이 없으면 심사 후 특허 받기 가능) 아니면 1년이 지나야 다른 출원들이 우선권주장을 못할테니 그제서야 선출원 등 심사가 가능하다는 건가요?","우선기간 1년이 주어졌으니, 그 안에는 선출원 위반 여부를 정확히 판단할 수 없고, 1년 6개월이 전에는 다른 출원의 공개 여부를 모르니, 확선 위반 여부를 정확히 판단할 수 없다는 것입니다.", ,,23.09.18
특허법,조문,제67조의 2,재심사청구 횟수,"변리사님 안녕하세요 학습중 질문이 있어 글 남기게 되었습니다! 저는 거절결정등본 송달 이후 재심사 청구하거나, 거절결정불복심판 청구 중 하나를 택해야하기 때문에 이때만 재심사청구가 가능하여(132의17에서 거절결정취소 제외) 재심사 청구는 1회만 가능하다고 이해했었습니다...! 그런데 학습중 요건 위반이 아니면 2회 이상도 할 수 있다고 나오는데 2회 이상 할 수 있는 상황이 떠오르지 않아 어떻게 가능한 것인지 궁금하여 질문 드립니다!!",심판에서 환송된 경우 reset되기 때문에 다시 재심사청구를 할 수 있습니다. 기본서의 그림이나 강의노트를 확인해 주세요., ,,23.10.11
특허법,조문,제66조의 2,직권보정 후 심사진행 Case,"안녕하세요 변리사님. '직권보정 후 심사진행 Case'에서 궁금한 것이 있어 질문 드립니다. 해당 부분에서 [특허결정이 취소된 것으로 보는 경우 심사관은 직권보정 전 명세서 또는 도면에 의하여 다시 심사를 진행한다. 이 때 심사관이 직권보정 전에 이미 통지된 거절이유가 발견되더라도 다시 거절이유를 통지하여야 한다] 라고 되어있습니다. 여기서 말하는 "" 직권보정 전에 이미 통지된 거절이유가 발견되더라도 다시 거절이유를 통지하여야 한다 ""의 의미가 1) 직권보정 및 특허결정 전에 이루어졌던 최초OA 혹은 최후OA 당시 통지했던 거절이유(원거절이유)가 아직 해소가 되지 않았었으나 심사진행 당시 이를 심사관이 발견하지 못하고, ""명백히 잘못된 경우""에 해당하는 거절이유만 발견하여 직권보정 및 특허결정 하였다가 나중에 의견서 제출로 인하여 특허결정 취소(직권보정 취소)된 후 다시 심사할 때 그제서야 원거절이유가 해소되지 않았다는 것을 발견하였을 때, 원칙대로 바로 거절결정을 하는 것이 아닌, 최후 OA를 한다. 2) 직권보정을 하였던 ""명백히 잘못된 경우""에 해당하는, 해당 거절이유에 대해 거절결정이 아닌 OA로 처리한다. 둘 중에 어떤 경우를 이야기 하는 건가요? 만일 2)번이 맞다면 "" [직권보정을 하였던 '명백히 잘못된 경우'에 해당하는 거절이유] = [이미 통지된 거절이유] "" 라는 의미인데, "" [직권보정을 하였던 '명백히 잘못된 경우'에 해당하는 거절이유] = [출원인이 받아들이지 아니한 직권보정사항] ""이므로 이는 '출원인이 받아들이지 아니한 직권보정사항'이면서 '이미 통지된 거절이유'이므로 거절결정 해야하는 것 아닌가요? 질문 받아주셔서 감사합니다.",전자가 맞습니다., ,,23.10.13
특허법,문제,제67조의 2,리담특허법 객관식 116p 3번지문,"해당 문제의 3번지문 해설에는 3개월 이내에 재심사 청구와 분할출원 둘 다 가능하다고 언급하고 있습니다. 하지만 67조의2 재심사 청구의 효과로 거불심 청구, 분할출원은 할 수 없는 것으로 알고 있습니다. 그러면 분할출원 후 재심사는 가능하되 재심사 후에 분할출원은 불가능한 순서의 문제인가요? 52조 분할출원 가능 시기에 재심사 청구 후가 없고 67조의2 재심사 청구 불가능한 시기에 분할출원 후가 없는것과 관련이 있다고 보면 될까요?","네, 순서의 문제입니다.", ,,23.10.29
특허법,조문,제63조,법률요건 분류설,"안녕하세요 변리사님, 법률요건분류설은 특허청 절차이든 법원 절차이든 똑같이 적용되므로, 거절이유의 제한열거적 사유의 표를 쭉 보면서 법률요건분류설로서 주장증명책임에 대해 생각해보던 중 출원인의 대응방안에 대해 궁금한 점이 생겨 질문드립니다. 거절이유통지(타당성이 있는 사안에서 의견서 제출로 대응하는 경우)를 할 때 예를들어 1) 29조1항 본문(특허발생요건)의 흠결의 이유로 통지한다면 ""청구항 1은 산업상 이용가능성 29조1항 본문의 위반되는 거절이유가 있다"" 이런식으로 통지되고 2) 29조 1항 각호에 의해 2항의 진보성 흠결인 경우(특허장애요건) ""청구항 2는 인용발명A, B에의해 29조 2항의 진보성이 없어 거절이유가 있다"" 이런식으로 심사관이 특허장애요건에 대해선 증명하여야 하므로 ""1번""과 다르게 인용대상 등의 증거를 포함하여 통지가 되는 차이가 있나요? 이후 통지가 되고 1)에 대해서 출원인이 산업상 이용가능성이 있음을 증명하여야 하고, 2)에대해선 출원인이 인용대상A,B에 대하여 효과의 현저성 등을 증명할 수 있는 추가적인 실험자료 등(명세서 등에서 유추가능)을 제출하여 진보성 있음에 대해 항변하는 것 인가요?","네. 그렇습니다. 다만, 항변하지 않고 청구항을 보정할 수도 있습니다.", ,,23.11.28
특허법,문제,제61조,우선심사 관련 기출문제 197p,"안녕하세요 강사님! 질문드립니다! 우선심사는 출원공개 후에 제3자가 업으로서 실시하고 있을때 신청할수 있지않나요? 따라서 1번 선지도 “출원공개전이라도”라는 표현때문에 틀린선지라고 생각했는데, 그러지 않아서요! 제가 어떤부분애서 오류를 갖고있는걸까요 ㅠㅠ 미리 답변에 감사드립니다","네, 제61조제2호, 제3호도 공부해 보세요.", ,,23.12.02
특허법,조문,제67조의 2,재심사의 청구 기간,"67조의 2에 따르면 재심사 청구는 ""1. 설정등록을 받기 전까지 2. 특허거절결정등본을 송달받은 날로부터 3개월 (제15조 1항에 따라 제132조의 17에 따른 기간이 연장된 경우 그 기간을 말한다.)"" 이내에 청구해야 한다고 하는데, 15조는 특허법에서 유일하게 법정기간의 연장이 가능한 기간으로, 거절결정불복심판의 심판 청구기간을 30일 이내 연장하고, 교통이 불편하다면 한차례 (30일)을 다시 연장할 수 있다고 이해했습니다. 제가 궁금한점은 1. 그렇다면 출원인은 거절결정등본을 송달받은 후 3개월 이내에 거불복 심판의 청구를 연장하고, 그 연장기간에는 거불복 심판 이 아닌 재심사청구를 할 수 있는건가요? 2. 위의 1이 가능하다면, 거불복 심판의 청구를 연장하고 나서 재심사 청구를 하더라도 그 연장신청은 거불복심판의 청구서와는 다르기 때문에 67조의2 1항 2호의 문제는 발생하지 않는건가요? 3. 위의 1이 가능하다면, 거불복으로 연장한 청구기간에 재심사 청구를 할 때에도 분할출원이 가능한가요? 제대로 이해했는지 잘 모르겠어서 질문드립니다.",1. 네 2. 네 3. 네, ,,23.12.03
특허법,조문,제65조,보상금청구권 규정 상표법과의 차이,"안녕하세요 변리사님, 65조 보상금청구권 규정과 상표법의 58조 손실보상청구권 규정 간의 차이가 눈에 띄어 질문드립니다. 1. 특허법 65조 2항에서는 '실시에 대하여 합리적으로 받을 수 있는 금액에 상당하는 보상금'을 청구할 수 있다고 하고 상표법 58조 2항에서는 '업무상 손실에 상당하는 보상금'을 청구할 수 있다고 규정하고 있습니다. 상표와 마찬가지로 특허도 128조의 손해배상청구권 규정을 준용하지 않고 있는데, 위와 같은 명문의 차이가 실효적으로 의미가 있는지 질문드립니다. 2. 상표법과 달리 특허법이나 디자인보호법에서는 보상금청구권 규정에서 신용회복청구권 규정을 준용하지 않고 있습니다. 법조문대로 특허와 디자인은 설정등록 이전 특받권(디받권)의 침해에 대해 신용회복청구권이 없다고 알면 될지 질문드립니다. 답변 미리 감사드립니다!","1. 상표는 품질보증/출처표시 기능의 약화로 인한 손해를 보상해 줄 필요가 있는데 반해 특허는 실시에 대한 대가를 보상해 줄 필요가 있는 것입니다. 2. 네. 참고로 특허법(모태법)을 기준으로 타법(디자인보호법, 상표법)과 비교해야 나중에 헷갈리지 않습니다.", ,,24.01.09
특허법,조문,제67조의 2,재심사와 거불복,"재심사청구서 먼저제출되고 거불복청구서있을시, 특허여부결정은 취소되고 거불복대상은 사라집니다. 이때67옥2 3항 본문과 시규11로 거불복심판청구서를 반려하는지 거불복이 심격각하되는지 궁금합니다",심판이 심결각하됩니다. 기본서에 충실히 기술되어 있으니 한번 읽어보세요, ,,24.01.19
특허법,문제,제63조,리담특허법 17판 기출 pg158 1번,답이 2번인것은 알겠으나 4번의 경우 거절결정불복심판에서 최후거절이유통지 이후 새로운 거절이유가 생겼다면 의견서 제출 기회를 주지 않은채 보정각하가 가능하니 시기에 따라 답이 달라지는 것이 아닌지 궁금합니다.,"거절결정의 이유가 다른 거절이유가 있는 경우 (최초/최후)거절이유통지를 하는 것인데, 그 후의 일을 가정하여 질문을 하고 있네요. 아직 조문 공부가 충분히 되지 않은 것 같네요. 4번 지문은 제170조제2항을 그대로 표현하고 있습니다. 제170조제2항을 공부해 보고, 필요하면 추가 질문해 주세요~", ,,24.05.12
특허법,조문,시행규직 제40조의 3,특허출원심사의 유예,안녕하세요 변리사님 시행규칙 제 40조의 3의 3항 1호에서의 ‘정당한 권리자‘라는 것이 뜻하는 의미가 33조 1항 본문에서 말하는 특허를 받을 수 있는 자를 뜻하는 것이 맞는지 궁금합니다. 문득 ‘정당한 권리자의 출원이 유예신청을 못한다면 어떤 출원이 유예가 가능한거지?’ 라는 생각이 들어서 질문 드립니다. 감사합니다.,"제34조, 제35조에 의한 출원을 의미합니다.", ,,24.05.24
특허법,조문,제66조의 2,직권보정 후 심사진행 case 강의노트 266page,"안녕하세요 변리사님 66조의 2 직권보정 후 심사진행 case에서 의문이 생겨 질문드립니다. 강의노트 266페이지의 상단부분에서 1,2,3 이 각각 왜 최초거절이유통지인지, 최후거절이유통지인지까진 이해가 되었는데 4번의 경우가 심사 3에서 발견되었을때 왜 최초거절이유로 다시 통지해주는지가 이해가지 않아 질문드립니다. 4번은 47조 1 본문시기 자진 보정으로 발생했고 최초거절이유가 통지됨 이에따라 출원인이 보정2에서 보정을 하였으며 심사 2에서는 이를 해소된 것이라고 판단하여 더이상 조치가 없다가 직권보정 취소 후 다시 심사3에서 4번이 사실은 해소되지 않은것이라고 판단을 바꾼것이라고 강의해주셨는데 이렇게되면 47조 1항 1호 시기 보정이 원거절이유가 해소되지 않았으니 그대로 거절결정했어야하는것 아닌가요..? 이때 거절결정도, 최후 거절이유 통지도 아닌 최초거절이유 통지를 한다는 근거가 되는 법조문이 어떤것일까요? 심사관의 실수로 판단을 뒤엎었으니 원시적으로 발생했다고 봐주는 것일까요? 267페이지 2번처럼 51조 1항 1호를 가져오기엔 보정 시기도 맞지 않고, 각하결정이 되어야했던것이라 해당법조항은 가져올수 없고 다른법조문이 근거가되는가 하여 질문드립니다.","제47조제1항을 읽어보세요. 제47조제1항제2호의 최후거절이유통지가 되기 위해서는 ""거절이유통지에 대한 보정에 따라 발생한 거절이유에 대하여 거절이유통지를 받은 경우""이어야 하는데, 4번의 경우 거절이유통지에 대한 보정에 따라 발생한 거절이유가 아닙니다.", ,,24.06.02
특허법,조문,제65조,출원공개의 효과,"안녕하세요 강의노트 277쪽에서 을이 A를 실시할때 첫 경고부터 보정전까지 보상금청구권이 발생한다고 생각했는데, 보정은 소급효가 인정되기 때문에 을한테는 보상금청구권이 아예 발생하지 않는다고 이해하면 될까요?","네, 그렇게 이해하면 됩니다.", ,,24.06.20
특허법,조문,제66조의 2,직권보정에서 명백히 잘못된 기재불비의 예시,"필기노트 p.265 안녕하세요. 명백히 잘못된 기재불비 표에서 첫 번째 행의 ""선행 청구항""이라 함은 ""삭제된 청구항 전의 청구항(예시에서는 청구항1)""을 의미하는 건가요?",네 그렇습니다, ,,24.06.27
특허법,조문,제65조,특허출원된 발명을 업으로서 실시한 자에게 서면으로 경고,"*필기노트 p.277 안녕하세요. 본 페이지에서 갑의 출원에서 보정 전 청구범위가 A, C인데도 첫 경고 시점에서 B를 실시한 병에게도 경고를 해야 하나요? 감사합니다.",출원인은 제3자가 어떤 발명을 실시하고 있는지 정확히 분석하지 않은 상태에서 자신의 청구범위에 기재된 발명을 실시하고 있다고 경고를 하는 것입니다. 병이 A를 실시하고 있는지 B를 실시하고 있는지는 갑이 경고를 한 시점에서는 모를 수도 있습니다., ,,24.06.28
특허법,조문,제65조,보상금청구권의 효력,"특허권이 장래를 향해 소멸한 경우, 특허권이 소멸한 이후에도 보상금 청구권은 특허권의 소멸과 관계없이 등록 후 3년 이내이고, 65조 2항의 요건을 다 충족했으면 행사할 수 있는것이 맞나요? 감사합니다.",네 맞습니다, ,,24.07.17
특허법,조문,제63조,직권재심사 거절이유통지,"제가 아직 보정을 공부하는 중이라 심사에 대하여 강의를 못들어 정확한 지식이 없는점 먼저 말씀드립니다. 51조 1항 2호에 따라 직권 재심사 전 2호 3호 보정이 보정 각하가 되지 않으며 그 거절이유는 47조 1항 2호 괄호에 따라 최초거절이유통지가 됨을 이해했습니다. 다만 조문집을 따라 공부하던 중 63조 1항 2호에서 이미 통지한 거절 이유로 특허거절결정을 하는 경우 거절이유 통지를 또해야된다는 것을 읽었습니다. 이때 이미 통지한 거절 이유라는 것이 어떤 것인지 궁금합니다. 직권 재심사는 특허결정이 이루어진 것에 대해 정보제공의 사유로 결정이 취소되고 직권으로 재심사가 되는 것 같은데, 이미 통지한 거절이유라는 것이 특허결정 전 통지가 되지만 해소되지 않았고 심사관이 해소 되었다고 착오하여 특허결정을 했던 거절이유를 말하는 것인가요? 다시 말해, 이미 통지를 했어도 해소 되었다고 착오로 판단했다면 후에 직권 재심사에서 같은 이유라도 다시 통지해야 한다는 것인가요? 정리하면 위의 착오로 판단한 거절이유와 미처 발견하지 못 했던 거절 이유들에 따라 51조 1항 본문 보정 각하 되었어야 했으나 51조 1항 단서 47조에 따라 직권 재심사에서는 최초거절이유로 통지하는 것인가요?","네, 이미 통지한 거절이유가 해소되지 않았더라도 다시 최초거절이유통지를 한다는 것입니다.", ,,24.07.23
특허법,조문,제66조의 2,직권보정 후 심사진행시 거절결정 여부,"안녕하세요, 강의 듣던 중 질문이 생겨 글 올립니다. 직권보정 이후 의견서를 제출하면 특허결정 취소 후 재심사를 하는데, 이때는 바로 거절결정 하지 않지만 유일한 한가지 예외가 “거절이유가 출원인이 받아들이지 아니한 직권보정사항에 해당하고, 이미 통지된 거절이유라면 바로 거절결정할 수 있다”라고 이해하였습니다. 올린 그림의 아래부분인데요. 조금 이해가 가지 않아서 수험적으로 보고 싶은데 제가 보는게 맞는지 걱정되어 질문드립니다. 아래 그림을 보면 제가 내린 결론은 보정1과 보정2에 발생한 거절이유가 서로 같은 법조문(같은 특허요건 위반) 이라면 그냥 직권보정 취소 이후에 바로 거절결정할 수 있다고 이해해도 될까요? 즉, 윗그림은 4가지 거절이유가 전부 다른 특허요건이라서 바로 거절결정 못하고 거절이유를 통지해야하는 반면, 아래 그림은 서로 같은 특허요건이기에 바로 거절결정할 수 있다. 이렇게 이해한 것이 맞는지 궁금합니다.","이해한 내용 그대로입니다. 제42조제3항제1호 위반에 대해 직권보정하였고, 이미 거절이유도 통지하였기 때문에 바로 거절결정할 수 있는 것입니다. 제목이 질문규칙에 맞지 않으니 수정해 주세요.", ,,24.07.27
특허법,조문,제61조,우선심사사유,"안녕하세요 변리사님. 우선심사사유 중 대통령령으로 정하는 것은 매년 개정된다 하셨는데, 나중에 어떤 강의에서 개정된 사항을 알려주시는지 궁금합니다! 내년에 개강하는 최신판례강의에서 알려주시는건가요??",언제 개정될지 모릅니다. 개정되면 홈페이지에 그 내용을 공지합니다., ,,24.08.01
특허법,문제,제65조,보상금 청구권에서 경고,"안녕하세요. 리담 객관식 기출문제에서 143p 1번의 1번 선지 관련질문입니다. 1번 선지 : “특허출원인은 출원공개가 있은 후 그 특허출원된 발명을 업으로서 실시한 자에게 특허 출원된 발명임을 서면으로 경고할 수 있다.” 저는 출원공개전에도 경고를 한 경우, 공개가 됐을때부터 보상금청구권이 발생하니 공개 전에도 경고를 할수 있다고 생각하여 1번 선지가 틀렸다고 생각하는데 제가 어떤걸 잘못 생각하고있는지 궁금합니다. 감사합니다.","일단 제65조제1항 조문 그대로의 내용입니다. 이론적으로 설명하면, 보상금청구권의 성립요건은 1) 출원공개, 2) 경고/안때, 3) 정당한 권원없는 제3자가 출원발명을 업으로서 실시 인데, 출원공개전 경고는 2)번의 경고의 성질을 가지고 있지 않고, 공개되었다는 것을 알고 있다는 것(안 때)을 증명하는 자료로서 유효한 것입니다.", ,,24.08.06
특허법,조문,제67조의 2,재심사의 청구 후 심판청구,안녕하십니까 늘 양질의 강의 감사드립니다 아래 사진의 케이스처럼 재심사의 청구 후 재심사가 거절결정 되고 거절결정불복심판을 한다면 이때 불복하는 거절결정은 최초출원의 거절결정인가요 아니면 재심사청구의 거절결정인가요?,"재심사가 청구되면 제67조의2제3항에 따라 일반심사에 따른 거절결정이 취소간주됩니다. 따라서, 사안에서 남아 있는 거절결정은 재심사에 따른 거절결정입니다.", ,,24.08.23
특허법,조문,제65조,보상금 청구권 소멸 효과,"안녕하세요 강사님 질문드립니다 도해 p174에 아래 보상금 청구권 소멸효과 보상금청구권 행사후 특허권 소급소멸로 보상금청구권이 소멸한 경우 1. 특허권자에게 고의과실이 있는 경우 -> 손해배상청구권 가능 2. 특허권자에게 고의 과실이 없는 경우 - 부당이득반환청구 가능 이렇게 적혀있는데 특허권자가 보상금청구권을 실시자에게 행사하여 실시자가 보상금을 지급한 후에 특허권이 소급소멸한 경우를 말하는 경우가 맞을까요? (이때, '특허권자 고의과실여부에 따라 실시자는 손배나, 부당이득반환청구 가능하다' 가 맞을까요?)","네, 맞습니다. 제65조제6항제3호, 제4호의 경우만 해당합니다.", ,,24.08.27
특허법,조문,제63조,권보정 후 특허결정 취소,"직권보정 후 의견서 제출로 특허결정이 취소되어 다시 심사를 할 때, 직권보정전 이미 통지된 거절이유가 발견되어도 거절결정을 하는 것이 아닌 다시 거절이유를 통보해야한다고 책에 나와있습니다. 1. 해당 조문에는 2호에 직권재심사의 경우에만 나와있는데 위의 경우는 실무상 행해지는 건가요? 2. 위의 경우에서거절이유는 무조건 최후를 통보하는지 아니면 시기에 따라 다르게 통보하는게 맞나요? 3. 재심사청구나 거절불복결정의 경우는 이미 통지된 거절이유가 발견될 시 바로 거절결정을 하나요?","1. 네 2. 거절이유통지에 대응한 보정에 의해 발생하였으니 다시 최후거절이유통지를 하는 것이 맞습니다. 3. 재심사청구는 바로 거절결정하나, 심판은 거절결정이라는 것을 하지 않고 기각심결합니다.", ,,24.09.04
특허법,조문,제63조,거절이유 종류의 선택,"안녕하세요, 심사파트 공부 중 스스로 해결되지 않는 부분이 있어 질문드립니다. 1. 리담특허법 p. 556의 22번 각주에 나와 있는 심사기준인데요, 기재불비만으로 통지한 거절이유에 대한 보정으로 청구항이 확장됨으로써 신규성 또는 진보성의 거절이유가 발생한 경우 보정에 의하여 선행기술을 다시 찾아 심사하여야 하므로 그 거절이유가 같은 청구항 번호에 존재하는 거절이유라도 최후거절이유를 통지하여야 한다. 같은 청구항 번호에 존재한다는 말이 무슨 뜻인지 잘 모르겠습니다. A+B로 이루어진 청구항에서 A의 기재불비만으로 통지한 거절이유에 대해 보정하여 진보성 위반이 발생한 경우, B가 원시적으로 진보성 위반이었더라도 최후거절이유를 통지해야 한다는 뜻일까요? 발견한 거절이유 모두가 최후거절이유통지 대상인 경우만 최후거절이유를 통지하는데 B로 인해 최초거절이유 통지해야하는 것 아닌지 궁금합니다. 2. 기재불비로 거절이유통지 하였을 때 출원인의 대응방안 중 조약/국내우선권 고려 가능하다고 하셨는데 조약우주의 경우는 다른나라에 출원하는 방안을 의미하는 것인가요? 감사합니다!",1. 청구항이 확장/변경되는 보정이라면 그 후 동일한 청구항(같은 청구항 번호)에 대한 거절이유는 보정에 의해 발생했으니 최후거절이유통지를 한다는 것입니다. 질문한 예시는 청구항이 확장/변경되는 보정이 아니라서 적절하지 않네요. 2. 네, ,,24.09.28
특허법,문제,62-63의 3,심사의진행,"안녕하세요 특허 객관식 기출문제 135p 1번 5번 선지에 대하여 궁금한점이 생겨질문드립니다. 5번의 경우 신규사항 추가로 거절결정을 받기때문에 적절한 선지가 아니라고 하는데, 그 이유가 보정의 시기가 47조의 1호의 시기이므로 47조 3항에 따라 청구범위보정의 제한을 받기 때문인지, 아니면 약리기전 데이터를 추가하는 보정 자체가 최명도의 기재된 사항에서 벗어난 범위이기 때문인것인지 궁금합니다. 만약 약리기전 데이터를 추가하는 보정 자체가 최명도의 기재사항에서 벗어난 범위라면 최명도에 대한 언급이 없는데 어떻게 약리기전 데이터 추가가 신규사항 추가에 해당한다고 판단할 수 있는지 궁금합니다.",출원명세서에 약리데이터를 추가한다 --> 최초 명세서 또는 도면에 기재된 범위가 아니다 --> 신규사항추가이다. 이렇게 판단하는 것입니다., ,,24.10.14
특허법,문제,제61조,우선심사제도,"안녕하세요, 리담 기출 객 134페이지 1번 문제의 보기 ㄴ 에 대한 해설에서 한미 심사하이웨이 제도에 따라 미국출원의 특허결정을 기초로 우선권 주장한 한국 출원에 대해 우선심사신청을 할 수 있다. 라고 하였는데, 해당 사항이 61조 1호나 2호 및 시행령 9조 1항에 어딜 찾아봐도 기재되어 있지 않습니다. 단지 시행령 9조1항 7호에서 ’조약에 따라 우선권 주장의 기초가 되는 특허출원‘이 그나마 관련성이 보이지만 엄밀히 따지면 우선권 주장의 기초가 되는 특허출원과 우선권 주장을 동반한 출원은 명백히 다르다고 알고 있습니다. 그렇다면 이 내용은 수업때 알려주신 두문자 방녹4첨수 국벤중직지 국조국특특 의재공 의규 중 어디에도 포함되지 않는 것인가요?? 이렇게 예외적인 것들도 따로 존재하는 건가요..??",특허청장이 외국특허청장과 우선심사하기로 합의한 특허출원에 해당합니다. 기본서를 한 번만 읽어봐도 알 수 있는 내용입니다. 한 번 살펴보세요~, ,,24.10.16
특허법,조문,제65조,보상금 청구권 준용규정,특허 보상금청구권 준용규정에서는 상표와 달리 97조 특허발명의 보호범위를 준용하지 않는 이유가 무엇인지 문의드립니다.,"제65조에서 출원발명을 실시하는지 여부를 어떻게 판단할지에 대해서는 아직 법 규정이나 판례에 의한 기준이 명확치 않습니다. 다만, 출원발명을 실시하는지 여부도 등록후에 판단하고, 이는 보호범위 판단에 준해서 하는 것으로 해석됩니다. 그에 반해 상표법에서는 동일, 유사판단한다는 것을 법 규정에서 명확히 하고 있다라고 이해하면 될 것 같습니다.", ,,24.10.22
특허법,조문,제65조,보상금청구권에서 통상실시액,"안녕하세요 변리사님, 도해로 회독중에 궁금한점이 생겨 질문드립니다. 도해 174p 보상금청구권의 법적성질에서 2. “채권적권리 - 독점배타적 권리인 특허권과는 달리 출원발명을 무단 실시한 경우 통상실시액을 인정” 이라는 문구에서 통상실시액의 의미가 궁금합니다. 보상금은 실시에 대하여 합리적으로 받을 수 있는 금액인데, “통상 실시액”의 통상이 약간 걸리는 느낌이 들어서 질문드립니다. 감사합니다.","네, '통상 실시액'이 아니라 '합리적 금액'으로 수정해 주세요. '통상 실시액'은 구법입니다. 예리하게 잘 찾아내셨네요~",  ,,24.10.25
특허법,조문,제59조,정당한 권리자의 심사청구,"안녕하세요 변리사님. 59조 3항과 5항에 따른 정당권리자의 심사청구에 관련하여 질문드리고 싶습니다. 만약 정당권리자가 '무권리자의 출원일부터 3년 & 정당권리자 출원일부터 30일 중 늦은날' 내에 심사청구를 하지 못해 취하된 경우 34조에 따른 무권리자의 출원일로 소급할 수 없게 되는지 궁금합니다. 무권리자의 출원은 33조 위반으로 거절결정이 확정될텐데, 심사청구를 제때 하지 못해 정당권리자의 출원이 취하되더라도, 무권리자의 거절결정 확정일부터 30일 내로 다시 출원하면 소급할 수 있다 라고 이해하면 될까요??? 감사합니다.","네, 이론적으로 가능하네요.", ,,24.12.10
특허법,조문,제67조의 2,2번이상의 재심사청구,해당조문 1항 각호를 고려할 때 두번 이상 재심사청구가 어떻게 가능한가요? 재심사-거불복 환송 으로 reset되면 앞에 재심사 여부 결정 를 한 이력이 있어도 재심사청구거 가능한가요?,"기본서에서 재심사청구 파트 한 번 읽어 보고, 추가 궁금한 사항이 있으면 다시 질문하세요~", ,,24.12.17
특허법,조문,제66조의 2,직권보정 후 심사진행,"위 강의노트의 4발견 case에 대해 질문드립니다. 기본강의에서 ""최초OA 이후 원거절이유가 해소되었다고 판단하였으나, 직권보정 후 심사단계에서 다시 원거절이유가 해소되지 않은 것으로 판단하는 경우, 다시 최초거절이유를 통지한다""는 법리로 설명해주셨는데, 관련 법리가 기본서에는 기술되어있지 않아, (552p 최초거절이유통지의 예, 574p 관련제도 등을 찾아보았습니다) 이 법리는 강의노트에 나온대로만 숙지하면 될지 확인 부탁드리며, 개인적으로는 ""이미 최초OA에 따라 보정의 기회가 주어졌고, 이에 따라 원거절이유가 해소되지 않아 거절결정이 마땅하나, 이를 심사관이 직권보정 후 심사에서 발견하였으므로, 직권보정 전에 이미 통지된 거절이유지만 다시 최후OA를 통지""를 해야한다는 논리가 머릿속에 있어 어느 부분이 모순인지 짚어주시면 감사드리겠습니다. 특히, 왜 최초OA인지가 이해가 어려운 것 같습니다.","거절이유는 발생시점에 따라 최초/최후가 구분되는데, 4번 CASE는 거절이유통지 전 원시적으로 발생한 것이니, 최초거절이유통지라고 이해하면 될 것 같습니다.", ,,25.01.20
특허법,문제,제64조,출원공개 시기,"출원공개시기 관련해서 5번지문질문드립니다. C가 분할출원이면 국내우주자동간주로인해 B나 C나 똑같이 A부터 1년6개월뒤 출원공개되는건가요? 해설은 ""특허출원B와 C는 별개의출원이므로 각각 공개된다""고나와있어서 분할출원이아닌 통상의출원일때만 해당하는거같아 질문드립니다.","C가 분할출원이든 아니면 일반적인 출원이든지 상관없이 각각 공개됩니다. 다만, 그 공개시기가 다를 뿐입니다.", ,,25.01.20
특허법,문제,제65조,보상금청구권의 행사,기출문제 144p 3번 문제입니다 3번 보기가 해설을 보니 '특허 출원된 발명을 업으로 실시한 자에게 보상금 청구권이 발생하는바 모든 경우에 보상금의 지급을 청구할 수는 없다'의 뜻이 침해자가 실시를 멈추거나 하는 경우 특허권자가 보상금의 지급을 청구 할 수 없기 때문에 틀린 지문인 건가요?,이건 기본서에서 보상금청구권의 성립요건에 대해 한 번만 읽어봐도 알 수 있습니다. 1. 출원공개 2. 경고/안 때 입증 3. 정당한 권원없는 제3자가 업으로서 출원발명을 실시 이 중 3번에 대한 지문입니다., ,,25.02.08
특허법,조문,제67조의 2,특허결정의 등본을 송달받았는데 왜 다시 재심사를?,질문 제67조의2의 1항에서 특허결정의 등본을 송달받은 날부터 제79조에 따른 설정등록을 받기 전까지의 기간에 재심사를 청구할 수 있다고 하는데요. 출원인이 특허결정의 등본을 송달받았는데 왜 다시 재심사를 청구하려 할까요? 무슨 의도로 이런 일을 하려 할까요? //이상,"기본서에 다음과 같이 기술되어 있네요. ""또한 2022. 4. 20. 시행된 현행법(법률 제18505호, 2021. 10. 19. 일부개정)에서는 특허결정의 등본을 송달받은 날로부터 제79조에 따른 설정등록을 받기 전까지의 기간까지 재심사 청구를 할 수 있도록 하여, 특허결정등본을 송달받았을지라도 제한된 보정범위 내에서 권리범위를 재설계할 기회를 주고 있다.""", ,,25.02.11
특허법,문제,제67조의 2,우선심사의 대상에 해당하는지 여부,질문 해설 ①에서 특허법 제61조제2호에 의해 우선심사 신청이 가능하다고 해설해 주셨는데요. 2호. “ 대통령령으로 정하는 특허출원으로서 긴급하게 처리할 필요가 있다고 인정되는 경우” 2호에 명시된 대통령령을 보니 이 사례가 특별히 어디에 해당하는지 알 수가 없습니다. 그 부분을 설명부탁드립니다. (저의 생각으로는 출원공개전이므로 1호에 의해 우선심사 신청불가하다고 생각했었습니다. ),"제61조제1항 제8호에서 ""특허출원인이 특허출원된 발명을 실시하고 있거나 실시준비중인 특허출원""에 해당합니다. 해설에 잘 설명되어 있네요. 제목에서 제67조의2(우선심사)를 제61조(우선심사)로 수정해 주세요.", ,,25.02.13
특허법,조문,제63조,거절이유통지의 적법성 판단 CASE,"강의노트.255에 주지의 부합 5가지 케이스가 개괄되어 있고 강의노트.256에 케이스 1, 4가 구체적으로 나와있습니다. 이때 케이스 1에 해당하는 박스 내용이 잘 이해가 안됩니다. ㅇ 청구항 1 : A+B로 이루어진 장치 -> 최후 거절이유 통지 : 청구항 1이 인용대상 1에 의해 진보성 없음 ㅇ 최후 보정 - 청구항 1 : A+B+C로 이루어진 장치 -> C의 부가로 인해 인용대상 2 필요 이때 조치를 생각해보면 청구범위 감축이므로, 보정은 적법하고 보정으로 인해 인용대상 2가 필요하게 되었으므로 보정에 의해 발생한 거절이유여서 최후거절이유통지를 해야한다고 생각했는데요 우측의 설명을 보니까 C를 부가한 보정을 보정각하하네요 보정의 요건은 만족하는 것 아닌가 하여 궁금증이 있습니다. 최후 거절이유통지가 여러번 나가는 경우도 있다고 알고있는데, 우측의 설명처럼 보정에 의해 새로운 거절이유가 발생했으므로 보정각하 해버리면 최후 거절이유통지가 여러번 나갈 수가 없는거여서 기존에 알고있던 내용과도 배치되어 더욱 이해가 안되네요 ㅠ","발생시점을 기준으로, 거절이유 통지 전부터 거절이유가 발생 - 최초거절이유통지 제47조제1항제1호의 시기에 보정에 의해 발생 - 최후거절이유통지 제47조제1항제2호, 제3호의 시기에 보정에 의해 발생 - 보정각하 입니다. 사안은 제47조제1항제2호의 시기에 보정에 의해 발생했으니 보정각하가 맞습니다.","그러면 감축 후에, ㅇ 인용대상 1로부터 진보성 없으면 거절결정 ㅇ 인용대상 2로부터 진보성 없으면 보정각하 ㅇ 진보성 있으면 등록결정 이렇게 되는건가요? 두번째 경우에 보정각하해버리면 인용대상 2의 존재는 심사관의 머리속에만 있고 서류로는 나가지 않는 것인가요?","인용대상 1로부터 진보성 위반 - 보정인정, 거절결정 인용대상 1, 2로부터 진보성 위반 - 보정각하, 거절결정 인용대상 1, 2로부터 진보성 인정 - 특허결정 입니다. 인용대상 2는 보정각하할 때, 첨부서류로 같이 보내집니다.",25.04.12
특허법,조문,"제62조, 63조",주지의 부합,"안녕하세요 변리사님 강의노트.255 원거절이유의 해소 여부 관련 5가지 케이스가 나와있는데 이중에서 '법조문을 달리 한다면 거절이유를 달리하며, 법조문을 같이 하더라도 사실을 달리한다면 거절이유를 달리한다' 부분 관련하여 구성대비가 다른경우 다른 거절이유인지 궁금증이 있습니다. ㅁ 상황 가정 A ㅇ 청구항 1의 구성은 a+b+c이고 ㅇ 인용발명 1의 대응되는 구성은 a', b', c'임 ㅇ 심사관이 인용발명 1로 청구항 1에 최초거절이유 통지 - 그런데 최초거절이유통지 시 a', b', d'으로 구성대비하여 거절이유 통지함 ㅇ 출원인이 보정없이 의견서만 제출 - ""c는 d'과 다르며, 인용발명 1에 c'이 있긴 하지만, c랑 c'은 달라보입니다."" (꼼꼼한 대리인 - 인용발명 1을 모두 읽고 c'까지 찾아냄) - 상황 A-1 - ""c는 d'과 다릅니다."" (미숙한 대리인 - 심사관의 거절이유통지서만 읽고 인용발명 1을 읽진 않아 c'의 존재를 놓침) - 상황 A-2 ㅇ 심사관이 거절결정함. ""a는 a'에 대응되고, b는 b'에 대응되고, c는 c'에 대응되어 쉽게도출된다"" ㅇ 이때, 이 거절결정이 주지에 부합하는지? ㅁ 판단 1 1. 법조문은 동일(29조2항) 2. 청구항 1에 인용발명 1의 거절이유이므로 사실이 동일. 3. 거절결정과 거절이유통지의 주지가 부합 (판례 : 그 문헌 전체에 대하여 거절이유통지가 있었다고 봄이 상당함) ㅁ 판단 2 1. 법조문은 동일(29조2항) 2. 청구항 1에 인용발명 1의 거절이유이므로 사실이 동일. 3. 그러나 판단이 달라지므로, 거절결정과 거절이유통지의 주지가 부합하지 않음 (판례 : 그 문헌 전체에 대하여 거절이유통지가 있었다고 봄이 상당함) ㅁ 판단 3 1. 법조문은 동일(29조2항) 2. 청구항 1에 인용발명 1의 거절이유이지만, 구성대비가 일부 바뀌었으므로 사실이 동일하지 않음 3. 거절결정과 거절이유통지의 주지가 부합하지 않음 ㅁ 의문점 ㅇ 상황 A-1일때 판단 1~3 중 어느 것이 맞는지 궁금합니다. ㅇ 상황 A-2일때 판단 1~3 중 어느 것이 맞는지 궁금합니다.","상황 A-1, A-2와 상관없이, 거절이유통지서에 대비되는 구성 이외에 인용발명 구성 전체에 의해 거절이유가 있는 것으로 봄으로, 판단 1이 맞습니다.", ,,25.05.30
특허법,조문,제66조의 2,직권보정사항 - 출원인에게 통지,"안녕하세요 변리사님 66조의2 ② 제1항에 따라 심사관이 직권보정을 하려면 제67조제2항에 따른 특허결정의 등본 송달과 함께 그 직권보정 사항을 특허출원인에게 알려야 한다. 읽어보다가 궁금한 점이 있어 질문드립니다. 왜 헷갈리냐면 '하려면', '함께' 이 단어 때문입니다. 직권보정 '하려면' 알려야한다 -> 직권보정 하기 전에, 직권보정하려면 사전에 알리라는 뉘앙스로 느껴짐 '함께' 알려야한다 -> 함께가 시간을 의미하는 것인지, 서류를 의미하는 것인지 뉘앙스가 애매하게 느껴짐 - 시간의 함께로 해석 : 특허결정하면서 동시에 출원인에게 전화로 알려줌 - 서류의 함께로 해석 : 특허결정 등본 송달시에 참고사항이든, 첨부서류든 같이 첨부해서 알려줌 결론적으로 궁금한 것은 여기서 심사관이 직권보정사항을 출원인에게 알려야한다는게 ㅇ 1번 : 특허결정서(참고사항으로 이렇게 직권보정 했습니다 기재 or 첨부서류로 직권보정 취지 적은 서면 함께 첨부)를 말하는건지 ㅇ 2번 : 전화로 사전에 알려야된다는 것인지(이렇게 직권보정 하려고 하는데 동의하십니까?) ㅇ 3번 : 전화로 사후에 알려야된다는 것인지(이렇게 직권보정 했으니 참고하시기 바랍니다.) 의미가 궁금합니다. 만약 심사관이 출원인에게 전화로 알리지 않고 직권보정하면 절차위반이 되는것인지도 궁금합니다 저작자 표시컨텐츠변경비영리",특허결정서에 직권보정사항을 기재합니다, ,,25.05.31
특허법,조문,제63조,기통지된 거절이유 미해소 시 거절결정,"안녕하세요 변리사님, 실체보정과 관련해서 질문이 있습니다. 최초 또는 최후 거절이유통지를 받은 뒤 의견서와 보정서를 제출했음에도 불구하고, 기통지된 거절이유가 여전히 해소되지 않은 경우에는 별도의 절차 없이 바로 거절결정이 이루어지는 것으로 알고 있습니다. 이러한 처리 방식이 특허법상 어느 조항에 근거한 것인지 궁금합니다. 제가 확인해본 바로는 제47조, 제51조, 제62조, 제63조에는 해당 내용이 명시되어 있지 않아서요. 실무, 판례상 그렇게 하는 것인가요?",제63조제1항제1호에 명시되어 있습니다.,63조 제1항 제1호에 명시되어 있는 제한열거적 사유(62조 거절이유)+2호의 경우에만 거절이유통지를 하므로 이에 해당하지 않는 경우에는 별도의 통지를 하지 않는다. 정도로 이해하면 될까요?,네 그렇습니다,25.06.03
특허법,조문,"제62조, 63조",거절이유통지 적법성 판단 관련하여 질문드립니다.,"안녕하세요 변리사님, 강의를 듣고 복습하던 중 헷갈리는 부분이 있어 질문드립니다. 이전에 실체보정 부분에서 배운 내용에 따르면 47조 1항 2호와 3호는 0. 보정의 적법성 판단 1. 원거절이유 해소 여부 2. 새로운 거절이유 발견 여부 3. 새로운 거절이유 발생시점 위의 순서대로 심사를 한다고 알고 있습니다. 해당 페이지에서의 거절이유통지의 적법성 판단은 '0.보정의 적법성 판단' 부분에서 이루어지는 것이고, 따라서 '법조문을 달리 한다면 거절이유를 달리하며, 법조문을 같이 하더라도 사실을 달리한다면 거절이유를 달리한다.' 라는 말은 해당 단계에서의 보정의 적법성을 판단하는 방법인 것인가요? 자꾸 47조와 엮어 생각하다보니 동일한 거절이유, 다른 거절이유, 원거절이유 해소여부, 새로운 거절이유 등등 용어가 뒤섞여 헷갈리는 부분이 생깁니다.. 47조,51조와 별개로 생각해야 하는 걸까요??","제47조제1항제2호, 제3호 시기의 보정의 적법성이란, 다음의 3가지 보정요건을 만족했는지 판단하는 것입니다. (1) 제47조제2항을 만족할 것 (2) 제47조제3항을 만족할 것 (3) 보정에 의해 새로운 거절이유가 발생하지 않을 것 이 중 (3)의 요건을 판단하기 위해서는 보정에 의해 새로운 거절이유가 발생했는지 아니면 기존의 거절이유가 그대로 있는 것인지에 대한 검토가 필요합니다.", ,,25.06.11
특허법,조문,"제62조, 63조",주지의 부합,안녕하세요 변리사님 주지의 부합 관련하여 궁금한 사항이 있습니다. 법조항과 사실이 동일하면 주지에 부합한다 라는 명제에서 사실에 인용발명이 포함된다는 점은 이해했는데 구성대비까지 포함되는지에 대해 궁금합니다.,"대비되는 구성이 바뀌었다면 주지가 부합하지 않습니다. 다시 거절이유를 통지해야 합니다. 출원인의 대응기회 확보 차원에서 생각해 보세요. 다만, 출원인이 대응을 하지 않았는데 심사관이 이를 인지하는 경우는 심사에서 거의 발생하기가 어렵습니다. 열공하세요~", ,,25.08.08
특허법,조문,제67조의 2,재심사 청구와 변경출원,"안녕하세요 변리사님 강의노트에서 '거절결정등본송달일로부터 3개월 이내 대응방안' 챕터를 보다가 궁금한 점이 있습니다. ㅇ재심사 청구와 변경출원의 관계 - 재심사 청구가 이루어진 경우 변경출원이 가능한지 여부는 심사기준에 나와있지 않음 - 다만, 변경출원은 기회가 최초 거절결정에 대해 한번밖에 주어지지 않는 특수성을 고려하면 - 재심사 청구가 이루어졌더라도 변경출원을 인정해주는 것이 타당할 것으로 보여짐 -> 여기까지가 1차적으로 이해한 내용입니다. Q1. 다만 강의중에 들은 부가적인 얘기들 중에 약간 헷갈리는 부분이 있습니다. ㅇ 두가지 얘기 - a. 분할출원의 경우 가능한 시기가 '거절결정등본송달일로부터 3개월'인데, 재심사 청구가 있으면 거절결정이 취소된 것으로 보므로, 저 기간이 만족되지 않아 재심사 청구가 있으면 분할출원이 불가한 것이다(심사기준 근거) - b. 변경출원에 대해서는 심사기준에 언급된 바가 없으므로, 법조문 해석 그대로 해야하고 따라서 '최초 거절결정등본송달일로부터 3개월'을 온전히 보전해주는 것이 맞다 (조문정리 강의 13강 40분경 설명 : ""분할출원은 심사기준에 명확하게 나와있는데, 변경출원은 심사기준에 없다는 것은 법조문 그대로 해석하겠다는 것입니다. "") ㅇ 헷갈리는 이유 - a의 논리 : 거절결정이 취소되었으므로, '거절결정'등본송달일로부터 3개월 에 해당되지 않음 - b의 논리 : 거절결정이 취소되었으므로, 법조문 해석 그대로 하면 최초 거절결정'등본송달'일로부터 3개월 에 해당됨(등본은 송달됐으므로) -> b논리 대로면 a는 심사기준이 상위 법조항을 거스른 것처럼 느껴짐 ㅇ 고민한 결과는 아래와 같은데 혹시 아래와 같이 이해해도 문제가 없을까요?(생각에 오류가 없을지) - 법조문 해석상으로는 '거절결정'에 방점을 두느냐, '등본송달'에 방점을 두느냐에 따라 양쪽 해석이 가능함 - 분할출원에서는 심사기준에 명시되어 있으니, 이를 보충적용하여 '거절결정'에 방점을 두도록 해석 방향을 규정함 - 변경출원에서는 어느 한 방향으로 해석할 명문의 근거는 없으나, 최초 한번의 기회밖에 안주어지는 변경출원의 특성상, '등본송달'에 방점을 두도록 해석하는 것이 바람직할것으로 보임 (법조항 해석상 당연한 것은 아니고, 그게 바람직할 것으로 보인다 정도의 뉘앙스) Q2. 재심사 청구 후 변경출원하면 원출원은 취하간주 되므로 재심사 청구 후 진행중인 특허에관한 절차는 그대로 종료되는 것인가요? Q3. 만약 위의 답이 Yes라면 67조의2. 1항에서 재심사 청구는 취하할 수 없다라고 나와있는데 이 조항을 회피하는 수단이 되지는 않나요?",1. 변경출원의 <거절결정등본송달일>은 분할출원과 달리 기간의 시작일이 아니라 만료일의 시작일이라고 이해하면 좋을 것 같습니다. 2. 네 3. 재심사청구의 취하와 출원의 취하는 별개의 제도입니다., ,,25.08.09
특허법,조문,제60조,취지와 사실의 관계성에 관하여...,"안녕하세요 임병웅 변리사님!! 특허법 60조 3항 에서 '특허청장은 제 3자의 심사청구가 있으면 그 '취지'를 특허출원인에게 통보하여야 한다'고 하는데 1. 이 취지 라는 의미가 다른 법조문 (예컨대 55조 2항에서의 취지..) 과 같은 의미인가요? 다르다면 어떻게 다른 것인가요? 2. 만약 선지에서 '취지'가 아닌 ""'사실'을 통보하여야 한다"" 라고 하면 틀린 선지가 되나요? 3. 취지에는 '목적'이 포함되는데 그럼 특허청장이 제3자의 심사청구의 사실 뿐만이 아닌 그 목적까지도 통보해줘야 하는건가요? 우선권주장까지 공부하면서 '흠, ""취지""의 기재는 증명서류와 함께 '허락'을 받는 행위이지' 라고 생각하며 공부했는데.. 막상 '통보'가능한 취지를 접하니 조금 헷갈립니다..ㅜㅠ",1.3. 제60조제3항 취지 - 제3자의 심사청구가 있으니(사실) 심사에 들어갈 수 있다는 것(목적) / 제55조제2항의 취지 - 선출원에 대해 우선권주장을 하니(사실) 판단시점 소급해 달라는 것(목적) 입니다. 2. 제3자의 심사청구가 있다는 사실의 통지만으로도 그 취지를 출원인이 이해할 수 있으니 틀린 지문이라고 단정하기 어려울 것 같네요. 다만 조문 그대로 해석해야 한다는 관점에 따라 틀린 지문으로 볼 수도 있습니다. 참고로 시험에서 별로 중요하지 않은 고민을 하고 있습니다., ,,25.09.12
특허법,조문,제59조,리담특허법 23판 p. 531 심사청구기간 예외 질문,"안녕하세요 변리사님 공부를 하다보니 자꾸 기간 계산 문제에 대한 불안감이 생겨 질문 올립니다. 1. p. 531 심사청구기간 예외 파트에서 ""우선권주장의 경우 심사청구기간은 우선권주장 출원일의 다음날부터 기산한다.""라고 되어있어 명확히 다음날이 기산일임을 알 수 있었습니다. 그런데 헷갈리는 부분은 정당한 권리자 출원과 분할, 분리, 변경 출원일 경우인데요. 정당한 권리자 출원에서 보면 심사청구기간을 ""무권리자 출원일부터 3년과 정당한 권리자 출원일로부터 30일 중 늦은 날""까지이다라고 되어있는데 이 경우에도 출원일 다음날 부터 기산하는 것이 맞을까요? 2. 항상 기산일이 헷갈리는데 초일=기산일이 같은 경우를 지금까지는 ""기간의 연장, 확정된 날""로만 생각하고 나머지는 원칙인 초일의 다음날=기산일로 생각했습니다. 이렇게 계속 생각하고 문제를 풀어도 되는건지, 아니라면 제가 어떤 부분을 놓치고 있고 어느 부분을 다시 공부해야할지 조언부탁드립니다... ㅠㅠ 감사합니다!","1. 네, 초일이 산입되지 않습니다. 2. 연장, 확정된 날은 초일이 기산일인 경우의 예시일 뿐입니다. 다른 예시도 얼마든지 있을 수 있습니다.", ,,25.10.03
특허법,조문,제61조,우선심사제도 시행령 9조,"안녕하세요 특허법 시행령 9조 최신 개정판을 보다가 10번 ""특허청장이 외국특허청장과 우선심사하기로 합의한 특허출원""에서 특허청장이 지식재산처장으로 이름이 바뀌었더라구요. 중요하게 생각해야할 부분일까요? 특허청장 명칭 자체가 바뀐건지 아님 시행령 9조만 그런건지 궁급합니다. 감사합니다!","다 바뀌었습니다. 구체적으로, 특허청장 --> 지식재산처장 외국특허청장 --> 외국 특허담당 정부기관의 장 으로 바뀌었습니다. 열공하세요~", ,,25.11.02
특허법,조문,제64조,출원공개,거절이유에 의해서 거절결정되더라도 늦어도 출원일~1년 6개월에 무조건 공개가 되는건가요? 아니면 상표법의 출원공고와 마찬가지로 거절이유가 존재하지 않는 한에서 공개가 되는건가요? 바쁘신 와중에 제 질문에 답해주셔서 감사합니다,거절이유와 상관없이 출원계속중이면 공개됩니다. 기본서를 다시 읽어 보세요~, ,,25.12.02
특허법,조문,제61조,우선심사제도,안녕하세요 변리사님 기출문제중 한국 거주 미국인 로버트는 자신의 미국특허출원을 근거로 파리협약에 의한 우선권을 주장하면서 대한민국 특허청에 특허출원을 하였으며 미국특허출원의 특허가능하다는 확인을 근거로 우선심사 신청하였다. 맞는 지문인데 제가 알기로는 [당해 특허출원을 기초로 하는 우선권주장에 의하여 외국 특허담당 정부기관에서 특허에 관한 절차가 진행중인 것에 한정한다.] 로 알고 있습니다. 그렇다면 국내출원을 근거로 해외에 조약우주하여 절차가 진행중인 경우 우선심사할 수 있다는 뜻 아닌가요? 2024년 디자인기출문제에서도 해외를 기초로 국내에 조약우주하는 경우 우선심사 대상이다 라는 지문이 틀린 지문이여서 이렇게 질문 드려봅니다.,"특허법 시행령 제9조제1항제10호의 ""지식재산처장이 외국 특허담당 정부기관의 장과 우선심사하기로 합의한 특허출원""을 살펴보세요.","제1국 선출원을 기초로 우선권을 주장하는 제2국 특허청에서 국제조사나 국제예비심사에서 긍정적인 심사결과를 받은 경우,제 1국 선출원을 기초로 우선권 주장하는 대한민국 특허청에서 pct-pph 신청 인가요?",정확히 모르는 것 같네요. 기본서를 보면 관련 내용 있으니 읽어보세요,26.01.11
특허법,문제,제60조,출원 공개와 심사,"리담 특허 기출문제집 129페이지 5번에서 ‘특허출원의 심사가 진행 중이다’ 라는 설명이 있고 해설에서 심사중이라는 것은 출원공개가 되었음을 의미한다고 쓰여있는데, 심사는 항상 출원공개가 된 후 진행하는건가요?","그렇지 않습니다. 현재 시험보는 날 기준으로 출원일로부터 1년 6개월이 지났다면 출원공개된 것이고, 1년 6개월이 지나지 않았다면 아직 출원공개되지 않은 것입니다. 열공하세요~", ,,26.02.18
특허법,조문,제66조의 2,직권보정 후 심사진행 case,"사진의 아랫부분에서, 1. 보정1에서와 보정2에서 발생한 기재불비가 같은 42조 3항 1호 위반이지만 다른 부분에서 발생한 거절이유라고 말씀해주셨습니다. 그렇다면 보정1에서 발생한 거절이유(사진에서 A라고 표기하였음)와, 보정2에서 발생한 거절이유(사진에서 B라고 표기하였음)는 다른 거절이유인거 아닌가요? 같은 거절이유이려면 법조문이 같고, 사실도 같아야하는데 사안에서 법조문은 같지만 명세서의 다른부분에서 발생했으니까 사실은 달라서 다른 거절이유가 되는것이 아닌지 질문드립니다. 2. 다른거절이유에 해당한다면 보정2에서 생긴 거절이유(B)는 통지한 적이 없고 바로 직권보정을 한 것이 됩니다. 직권보정이 취소된 후 다시 심사진행 할때 B는 이미 통지된 거절이유가 아니라서 바로 거절결정 못하는 것이 아닌지 질문드립니다.","다른 거절이유라고 단정한 것이 잘못되었습니다. 예를 들어 발명의 설명 기재불비가 1, 2 두 군데 있는데, 1의 경우 - 명백히 잘못된 경우가 아니고, 2의 경우 - 명백히 잘못된 경우라고 했을 떄, 보정에 의해 1이 해소되었다고 생각하면 됩니다.", ,,23.04.30
