과목,분류,대상_식별자,질문_제목,질문_내용,답변,추가질문,재답변,날짜
특허법,조문,22조,[22]조 심결과 결정 질문있습니다.,"22조의 3항 보면 결정으로 한다고 했는데 4항보면 심결 내용이 나오는데 결정, 심결, 명령 이렇게 3가지 있는데 3항에서는 결정한다고 하고 왜 4항에서는 심결이 나오죠? 결정하고 심결하고는 엄연히 다른거 아닌가요?ㅠㅠ","안녕하세요? 임변입니다. 질문이 있는지 이제서야 확인이 되었네요. 답변을 드리면, 심결은 심판에서의 합의체에 의한 최종적인 결론을 말하는 것이고, 제3항에서의 결정은 부수적 심판에 대한 결론을 결정이라고 합니다. 심판을 공부하다보면 자연스럽게 알게 됩니다. 열공하세요~", ,,17.05.16
특허법,조문,23조4항,"23조 4항], [22조 7항] 당사자 질문 있습니다.","1.심판에서는 당사자가 원고, 피고 둘다 있잖아요? 그럼 23조 4항에서 당사자는 원고 피고 둘다 말하는건가요? 아니면 내용상 6항에 의해서 강제로 수계신청한걸로 보는 사람만을 말하나요? 2.1.23조에서도 4항의 당사자는 누군가요?","안녕하세요? 임변입니다. 제23조제4항에서 당사자는 심판의 청구인, 피청구인을 모두 지칭합니다. 심판은 원고, 피고가 아닌 청구인, 피청구인이라고 합니다. 열공하세요~", ,,17.05.16
특허법,조문,2조,제2조 용도발명,"특허권의 효력 적극적, 소극적 효력에서 용도발명은 물건발명을 그대로 이용한 것이므로 선출원된 물건발명이 특허를 받은 경우 이용관계에 있다. 이 경우에 용도발명의 특허권자는 물건발명의 특허권자의 허락을 받거나(98조), 통상실시권허락심판(138)에 의하지 아니하고는 용도발명을 실시 할수 없다. 강의 시간에 용도발명의 대표적인 예가 의약발명이라고 말씀을 해주셨는데, 의약발명을 위 기준으로 생각하면 해당하지 않는다고 생각이 듭니다. 혹시 다른 예는 뭐가 있나요??","안녕하세요? 임변입니다. 의약발명도 해당합니다. 예를 들어, 물질 X가 선특허발명이고, 물질 X를 관절용 치료에 이용하는 발명이 후특허발명일 때 이용발명에 해당합니다. 열공하세요~", ,,17.05.21
특허법,조문,8조,8조 3호 질문드립니다.,"안녕하세요 임병웅 변리사님. 8조 3호에 대해 질문을 드릴 것이 있습니다. 3호의 경우, 내용이 본인인 수탁자의 신탁임무 종료 .. 시에도 위임을 받은 대리인의 대리권은 소멸하지 않는 것으로 알고 있습니다. 본인인 수탁자의 신탁업무의 의미가 잘 이해가 가지 않는데요... A가 본인, B가 임의대리인(특허에 관한 절차를 대신 밟아주고 있는) 이라고 할 때, A가 다른 사람 C로부터 수탁받아 신탁임무를 대신 수행하고 있었는데, 이 신탁업무가 종료되었다고 해도 B의 대리권은 변하지 않는다는 뜻인지요 ? 답변 부탁드립니다.","안녕하세요? 임변입니다. 말씀하신 CASE가 맞습니다. 강의노트에 있으면, 그림이 그려져 있으니 참고해 보세요~. 열공하세요~ 답글기능 더보기", ,,17.06.13
특허법,조문,11조,11조-절차의 불수리 질문드립니다,"1번 질문 불수리 사유에 보면, '재외자가 특허관리인에 의하지 아니하고 제출한 특허출원, 특허권의 존속기간의 연장등록 또는 심판에 관한 서류,견본 그 밖의 물건인 경우' 가 있습니다. 25조 - '외국인으로서 특허에 관한 권리를 누릴 수 없는 자가 특허출원한 경우' 가 주체적 요건 위반으로 거절이유에 해당합니다. 25조의 케이스 중 하나로 재외자가 특허관리인에 의하지 아니하고 특허출원한 경우가 해당되는게 아닌가요? 25조의 요건은 주체적 요건으로 실체 심사에서 판단기준으로 역할을 하는 것이고 전자는 불수리는 방식심사에서 방식에 중대한 하자 있는 경우 하는 것으로 알고있는데 위 양자의 차이는 무엇인가요? 2번질문 불수리 사유에 '해당 특허에 관한 절차를 밟을 권리가 없는 자가 그 절차와 관련하여 제출한 서류인 경우'가 있습니다. 33조(특허를 받을 수 있는자) 위반의 경우 주체적요건 위반으로 거절이유에 해당합니다. 33조 또한 위 불수리 사유의 하나의 케이스로 보입니다. 질문의 요지는 1번과 같습니다. 3번질문 기본서 162쪽 8번에 '법정기간이 지나서 제출된 서류는 불수리 된다'라 나와있는데 ,의견서나 보정서 제출기간을 경과한 경우는 절차무효사유 아닌가요? 의견서나 보정서 제출기간은 지정기간에 해당하여 무효사유가 되는것인지, 아님 혹 기간 경과후 서류가 제출된 경우 서류를 불수리하고 절차를 무효시키는건지 이해가 되지 않습니다. 4번질문 보정명령을 받은 출원인이 보정기간 내 보정서를 제출하였는데 실체심사에서 심사하고 거절이유통지 또는 거절결정 후 등본 송달 하는 경우 제출한 보정서는 함께 돌려보내는건가요? 혹시 함께 돌려보낸다면 이또한 불수리라 하나요? 고민 끝에 질문을 남깁니다 읽어주셔서 감사합니다","안녕하세요? 임변입니다. 1. 판단기준 자체가 상이합니다. 재외자라고 하더라도 상호주의, 조약에 의한 경우에는 권리능력이 있지만, 행위능력은 없습니다. 권리능력이 있더라도 재외자가 특허관리인에 의하지 않고 출원하면 불수리되는 것이고, 권리능력이 없는데 재외자가 특허관리인에 의해 출원한 경우에는 수리되나 거절이유에 해당합니다. 2. 분할출원, 변경출원의 경우 주체적 요건을 만족하지 않은 경우 불수리된다는 것으로서, 적용대상이 상이합니다. 3. 법정기간은 대부분 불수리, 지정기간은 방식위반이지만, 케이스별로 판단해야 합니다. 4. 법 제47조제1항의 기간이 주어진 후 심사름 하기 때문에 그 케이스는 발생하지 않습니다.", ,,17.06.25
특허법,조문,2조,제2조(정의) 제조장치의 실시에 관해 질문이 있습니다.,"제2조 (정의) 이 법에서 사용하는 용어의 뜻은 다음과 같다. 1. 생략. 2. 생략 3. ""실시""란 다음 각 목의 구분에 따른 행위를 말한다. 가. 물건의 발명인 경우: 그 물건을 생산·사용·양도·대여 또는 수입하거나 그 물건의 양도 또는 대여의 청약(양도 또는 대여를 위한 전시를 포함한다. 이하 같다)을 하는 행위 나. 방법의 발명인 경우: 그 방법을 사용하는 행위 다. 물건을 생산하는 방법의 발명인 경우: 나목의 행위 외에 그 방법에 의하여 생산한 물건을 사용·양도·대여 또는 수입하거나 그 물건의 양도 또는 대여의 청약을 하는 행위 --->물건을 생산하는 제조장치의 효력에 대해 헤깔리는 부분이 있어서 질문을 드립니다. 1.물건을 생산하는 제조장치가 있는데 이 제조장치는 A라는 방법으로 물건을 생산하는 경우, 청구범위에 제조장치만을 기재하고 A라는 방법을 따로 기재하지 않고 특허를 받은경우,권원 없는 제 3자가 제조 장치를 사용하지않고 A라는 방법만 사용하는 경우에는 당연히 위 제조장치를 청구범위로하는 특허권의 효력이 미치지 않는게 맞을까요?(요약하면 제조장치의 발명에 제조 장치가 사용하는 방법 자체는 특허권의 효력이 미치지 않는게 맞는걸까요?) 2.“물건(A)을 생산하는 기계(B)를 청구범위로 하는 특허 X의 권리범위는 그 기계(B)로 생산된 물건(A) 및 그 제조방법에는 미치지 않는다.”가 맞는 표현일까요? (2번 질문은 기출에 있는 표현을 살짝 수정한건데, 제조장치 발명이 생산된 물건에는 효력이 미치지 않는건 알겠지만 제조 방법에 미치지 않는다는 표현이 헤깔려서 질문 드립니다. 어찌보면 1번 질문과 2번질문은 같은 취지의 질문인거 같습니다.) 좋은 답변 늘 감사합니다!","안녕하세요? 임변입니다. 1. 네. 효력이 미치지 않습니다. 2. 물건에는 미치지 않고, 그 제조방법에는 그 제조방법이 제조장치를 사용하는 것이라고 미치고, 그렇지 않다면 미치지 않습니다. 열공하세요~", ,,17.07.27
특허법,조문,16조,16조] 방식심사에서 무효와 불수리의 차이,"안녕하세요, 임병웅 변리사님. 방식심사 부분을 공부하다가 보정가능한 경미한 흠결이 있을 경우 무효 처리를 하게 되고, 보정불가능한 중대한 흠결일 경우 불수리를 한다고 나와있는데요. 무효의 효과는 '해당 절차가 처음부터 없었던 것으로 본다'고 하고 불수리의 효과느 '적법한 출원서류로 보지 아니한다. 즉 그 제반절차의 효과는 발생하지 아니한 것으로 본다'라고 나와있습니다. 제가 보기엔 무효의 효과와 불수리의 효과가 비슷한 것으로 느껴져서 둘 효과의 차이점이 무엇인지 궁금합니다. 언제나 좋은 강의 감사합니다.","안녕하세요? 임변입니다. 1. 무효의 경우 보정명령을 하여 고칠 수 있는 기회를 부여하는 반면, 불수리의 경우 고칠 수 있는 기회를 주지 않습니다. 2. 무효의 경우 정규성이 인정되어 조약우선권주장의 기초가 될 수 있는 반면, 불수리의 경우 그렇지 않습니다. 참고로 법조문이 매칭이 되지 않네요. 16조로 수정해 주세요. 열공하세요~", ,,17.08.06
특허법,문제,8조,[8조]법정대리인의 소멸사유에 대해 질문드립니다,사진으로 첨부한 객관식 특허법 p44 9번 문제에서 (1번 본인의 사망)은 대리권의 불소멸 사유가 아닌가요? 4번 보기가 소멸사유가 아니라는 것은 알겠으나 본인이 사망하면 법정 대리인의 자격이 상실되어 대리권이 소멸되는 것인가요?,"안녕하세요? 임변입니다. 제가 오히려 묻고 싶네요. 본인이 사망했는데, 법정대리인의 대리권이 유지될 수 있을까요?^^ 법정대리인의 정의를 한 번 생각해 보면 될 것 같네요. 법정대리인은 본인과의 관계에서 법률에 의해 대리인이 된 자를 말합니다. 제목이 질문규칙에 맞지 않습니다. 수정해 주세요~", ,,17.08.14
특허법,조문,11조,11조 복수당사자대표에 대해 질문있습니다,"2017 특허법 강의노트 32쪽 2015년도 변시기출문제에서 보기 2번에서 ""복수의 당사자 중 일부만 대리인을 선임한 경우 그 대리인은 전원을 대표하여 특허에 관한 절차를 밟을수있고,특허법 제11조 1항 각호에 규정된 절차에 관하여도 전원을 대표하여 절차를 밟을수 있다""라고 쓰여있는데 후단부분에서 전원을 대표할 수 있다는 것이 틀렸고, 공동으로 절차를 밟아야 한다는 것은 알겠습니다그런데 전단부분에서 일부만 대리인을 선임하면 11조 1항 각호의 범위가 아닌 부분에 대해서는 각자대표가 원칙인데(대표자를 정하지 않았으니)전원을 대표하여 단독으로 절차를 밟는다는 부분도 맞는 부분인가요? 각자대표이니 다른 사람들도 절차를 밟을 수 있으니 대리인이 전원을 대표하여 절차를 밟을 수있다는 여부의 판단을 하기가 헷갈리네요...","임변입니다. 전원을 대표하여 특허에 관한 절차를 밟을 수 있다는 것은, 각자가 밟은 절차의 효력이 전원에게 발생한다는 의미입니다. 열공하세요~ 답글기능 더보기", ,,17.08.17
특허법,조문,14조,[14조] '월 또는 연의 처음부터 기간을 기산하지 아니하는 경우'의 의미,"안녕하세요 기간의 계산에서 만료일의 결정은 원칙적으로 '최후 월의 기산일 전일로 만료' 한다고 알고 있습니다 그런데 14조 3호에서 '월 또는 연의 처음부터 기산하지 않는 경우에는' 이라는 표현이 있어 월 또는 연의 처음부터 기산하는 경우에는 만료일은 전일로 만료하지 않는 것인지 궁금합니다? 예컨대, 10월 1일 0시부터 1개월 후라면 10월 1일을 기산일로하여 11월 1일이 만료일이 되는건가요? 혹은 전일로하여 10월 31일로 만료되는건가요? 법조문에서 어떤 점을 혼동하고 있는지 궁금합니다","안녕하세요? 임변입니다. 10월 31일로 만료됩니다. 월 또는 연의 처음부터 기산하는 경우란 그 월이나 연이 처음부터 만들어진 경우를 말하는 것으로서, 기간계산시에는 의미가 없는 내용입니다. 열공하세요~ 답글기능 더보기", ,,17.08.18
특허법,조문,4조,[4조] 비법인 사단의 권리능력 질문입니다!,"4조에 의하면 비법인 사단 대표자가 있는경우 비법인 사단의 이름으로 특허취소신청인, 출원심사 청구인, 심판의 청구인 피청구인, 재심의 청구인 피청구인이 될 수 있다. 라고 나와있는데 무효심판의 경우에는 비법인 사단의 경우 청구/피청구인은 안되는건가요? 맞다면 4조의 심판에는 무효 심판외의 다른 심판의 절차를 뜻하는건가요? 저작자 표시컨텐츠변경비영리","안녕하세요? 임변입니다. 무효심판의 청구인은 이해관계인 또는 심사관이고, 이해관계인이라면 권리능력이 없는 비법인 사단, 재단도 청구할 수 있으나, 무효심판의 피청구인은 특허권자이고, 특허권자는 권리능력을 전제로 하므로 비법인 사단, 재단은 특허권자가 될 수 없습니다. 이와 같이 심판별로 개별적으로 판단하는 것입니다.", ,,17.09.04
특허법,문제,10조4항,[10조 4항] 선임개임명령,"안녕하세요 변리사님. 변리사님의 문제를 풀다 오류를 찾은 거 같아 질문드리고자 글을 쓰게 되었습니다. 문제 47번의 2번에서, ""특허청장 또는 심판장은 개임명령전의 절차에 대해서는 특허법 제 10조제4항의 규정에 의하여 그 절차를 무효로 할 수는 없다.""라고 되어있는데, 이는 조문 10조 4항에 반하는 설명으로 틀린 것으로 보입니다만, 틀린 지문을 찾는 문제의 답에서는 누락되어있습니다. 문제 오류를 이런 곳에 써도 되는 지 잘 몰라서 이렇게 썼습니다만, 부적합하다면 죄송하다는 말씀과 함께 이 게시물은 지우도록 하겠습니다. 감사합니다. P.S :48번 문제 (나)보기에는 '조약우선권주장에 관한 절차를 수행하는 하려는 경우에는~'이라고 오타가 있습니다.","안녕하세요? 임변입니다. 선임개임명령후 선임개임전 절차를 무효로 할 수 있다는 것이 제10조제4항인데, 지문은 선임개임명령전 절차이기 때문에 옳은 지문이 맞고 오류가 아닙니다. 질문규칙에 맞지 않으니, 공지사항을 읽어보고, 제목을 수정해 주세요. 마지막으로, 말씀하신 사항도 반영하여 객관식 정오표가 지금 강의가 끝난 후 10월달에 나올 예정이니, 참고하면 될 것 같습니다. 열공하세요~", ,,17.09.13
특허법,조문,15조,[15조]3항 지정기일 변경 주체 타법과의 차이점에 대해서 질문드립니다.,"상표법 17조 3항과 디보법 17조 3항의 지정기일 변경 주체는 심판장, 심사관으로 되어있는데 특허법만 심사관이 제외된 특별한 이유가 있나요..? 감사합니다.","안녕하세요? 임변입니다. 특허법도 이의신청제도가 있었을 때는 심사관이 포함되어 있었지만, 지금은 이의신청제도가 없는 이상 심사관이 구술심사를 하는 경우가 없기 때문에, 삭제된 것입니다. 열공하세요~ 답글기능 더보기", ,,17.09.14
특허법,조문,3조,[3조] 미성년자의 대리인,특허법 객관식 문제 중 하나입니다 미성년자는 다른 미성년자의 대리인이 될수 없다 라는 지문이 틀린 것으로 나오면서 대리인은 행위능력자임을 요하지 않기 때문에 미성년자도 위임대리인이 될 수 있다고 책에 써져있는데요 미성년자의 대리인은 법정대리인이고 법정대리인은 무조건 성년이어야하는것 아닌가요? 그외에 임의대리인을 미성년자로 할 수 있다는 의미인가요?? 미성년자이기 때문에 대리인을 써야하는 것인데 미성년자를 임의대리인으로 할 수 있다는 것이 조금 이상해서요 ㅠㅠ 이렇게 생각하는것은 그냥 실제 현실의 문제고 법리적으로는 맞는 말이 되는건가요??,"임변입니다. 법률적 효과가 법인에게 귀속되는 것이고, 대리인에게 귀속되는 것이 아니기 때문에 미성년자라고 할지라도 대리인이 될 수 있습니다. 이해가 잘 안 되면, 민법의 영역이기 때문에 민법교재를 한 번 살펴볼 것을 추천합니다. 열공하세요~",흠... 그니까 본인이 누구이든 상관없이 항상 미성년자도 법정대리인이 될 수 있다는 말씀이신가요??,미성년자도 임의대리인이 될 수 있다는 것입니다. 법정대리인이 되기 위해서는 법률의 규정을 만족해야 합니다.,17.09.14
특허법,조문,2조,"[2조,16조,46조] 미생물발명 기탁절차 위반시취급 질문드립니다","변리사님 안녕하세요. 미생물 기탁절차 위반 관련해서 질문드립니다. A. 1)취지기재나 증명서류 중 일부가 누락된경우, 2)기재 및 증명서류 제출했으나 출원전기탁하지 않은 경우, 3)기재오류 >> 보정명령 후 절차무효 B. 기탁하지 않고 출원 혹은 기탁절차가 무효로 된 경우 >> 발명의 성립성 위반으로 거절.정보제공.무효사유 해당 여기에서 A번의 2)의 경우와 B번이 어떤 차이가 있는건가요? A의 2)도 결국 기탁하지 않고 출원한 것과 같은 것 같은데 , 보정이 실제로 어떻게 이루어져서 유효한 절차로 인정될 수 있는건지 잘 이해가 안됩니다. 그러니까 A의 2)번과 B번 케이스가 둘다 결국은 기탁하지 않고 출원한 것 같은데 실질적으로 어떤 차이가 있는지, 달리 취급되는 이유가 무엇인지 궁금합니다. 그리고 미완성발명을 완성발명으로 보정할 수 없는 것으로 알고있는데 그럼 B의 경우에는 극복할 방법이 없나요?","안녕하세요? 임변입니다. 뭔가 질문의 전제조건이 잘못된 것 같습니다. 절차보정명령을 하면, 그 사항을 보정하여 치유할 수 있다는 전제에서 질문한 것 같은데, 실제로는 보정에 의해 치유가 안 되는 것들이 다반사입니다. 즉, A의 2), B 모두 보정에 의해 치유가 불가능합니다. 열공하세요~", ,,17.09.20
특허법,조문,,화학발명(선택발명) 질문드립니다,"안녕하세요 변리사님! 공부를 하다가 궁금한점이 생겨 질문드립니다. 인사이트에, 미완성발명 - 미완성발명도, 실험성적 증명서나 실험데이터등에 의해 완성발명이 될 수 있다.(pg59) 선택발명 - 선행발명과 비교해서 현저한 효과가 있음이 의심스러울때, 출원일 이후에 구체적인 비교실험 자료등을 제출하는 방법등에의해 효과를 주장 입증할 수 있다.(pg94) 이런식으로, 효과가 의심스러울때, 실험자료나 데이터를 추후에 제출할수 있음을 알 수 있습니다. 여기서 질문을 드리면, 1. 위 사안처럼, 심사관이 어떤 발명을 보고, 증거가 필요하겠다...싶으면 실무에서 프로세스가 어떻게되나요? - 거절이유 통지를 해서, 데이터를 제공하면 거절사유가 해소될 수 있게끔하나요 아니면 따로 개인적으로 연락을해서, 거절이유 통지전에 자료를 제출하도록하나요? 2. 실체보정에서, 미완성발명을 완성발명으로하는 보정과 실시예 또는 실험예를 추가하는것은 신규사항을 추가하는것으로, 심사기준에 나와있습니다. 반면에 위에서는 실험데이터를 추후에 제출해서, 미완성발명을 완성발명으로 가능하게 하는데요, 위에 판례는 심사기준의 예외인건가요?",안녕하세요? 임변입니다. 1. 개인적으로 연락하는 경우는 거의 없습니다. 기재불비나 진보성 위반으로 거절이유를 통지합니다. 2. 뭔가 잘못이해하고 있네요. 미완성발명을 완성발명으로 하는 보정은 언제나 신규사항추가입니다. 질문규칙에 맞습니다. 수정해 주세요. 열공하세요~, ,,17.09.22
특허법,조문,14조,14조 기간계산 질문,"감사합니다 기간 계산에서 만료일 결정시 해당일이 이 공휴일(근로자의 날,토요일 포함)인 경우 다음날이 만료일이 된다고 배웠습니다. 여기서 특허청 외의 절차면 14조4호가 아니라 민소법이 적용되어 근로자의 날을 공휴일로 보지 않는다고 필기를 해두었는데, 그렇다면 특허청 절차가 아닐때(특허법원or대법원) 해당일이 근로자의 날이 아닌 공휴일이라면 마찬가지로 다음날이 만료일이 되나요?",네. 그렇습니다. 다음의 민사소송법 규정을 참고하세요. 민사소송법 제170조(기간의 계산) 기간의 계산은 민법에 따른다. 열공하세요~, ,,17.09.22
특허법,조문,2조,[2조 3호] 물건발명 제법발명 효력범위,"[2조 3호] 물건발명 제법발명 효력범위 안녕하세요 임병웅 변리사님. 정리강의듣고 복습하던중 의문이 생겼는데 강의 중 물건발명과 제법발명의 효력범위가 1. ""그 방법에 의하지 않고 생산된 물건의 사양대수청""에서 차이가 있다고 하셨습니다. 그런데 잘 생각해보니 '그 방법을 사용' = '그 방법으로 물건을 생산' 이니까 2. '그 방법에 의하지 않고 물건을 생산' (= 다른방법을 사용) 도 당연히 효력범위에 차이가 있다고 봐도 되겠죠??? 감사합니다.",안녕하세요? 임변입니다. 네. 그렇습니다. 열공하세요, ,,17.09.23
특허법,조문,11조,11조]복수당사자 대표,본인은 1인 대리인은 수인일때 제 9조의 개별대리 원칙이 적용되고 본인이 수인이고 대리인도 수인일때는 대표자가없을때 11조 각호의 행위는 대리인 전원이 공동으로 해야한다고하는데 왜 이때는 개별대리 원칙이 적용되지 않는건가요?,"갑의 대리인이 A, B, C인 경우 각자대리가 되는 것이고, 갑의 대리인이 A, 을의 대리인이 B인 경우 제11항제1항 각호는 A, B 전원이 절차를 밟아야 하는 것입니다. 개념이 다릅니다. 열공하세요~", ,,17.09.25
특허법,문제,10조,[10조] 대리인이 선임 또는 개임 명령에 대해 절차의 전부 또는 일부 무효가 되는 경우,"객관식 문제 84페이지 입니다. 문)다음 중 특허에 관한 절차가 무효로 되는 경우가 아닌것은? ①특허에 관한 절차를 밟는 자가 그 절차수행에 부적당하다고 판단되어 특허청장이 한 대리인 선임명령에 불응한 경우 ②심사관이 한 의견제출 통지에 대하여 일정기간 내에 의견서를 제출하지 않은 경우 (정답임) ③심판장의 대리인 개임명령에 불응한 경우 ④제3자의 심사청구 후 보정에 의해 증가된 청구항에 대한 심사청구료를 납부하지 않은 출원인에 대해 보정명령을 하였음에도 불구하고 출원인이 이에 불응한 경우 ⑤미성년자가 법정대리인에 의하지 않고 밟은 출원절차에 대한 특허청장의 보정명령에 불응한 경우 해설) ①③ 특허법 10조 4항 참조 10조 4항을 보면 선임 또는 개임명령에 응한 경우, 명령 후~ 선임·개임 전 밟은 절차를 특허청장 심판장이 무효로 할 수 있다고 규정하여 일단 그 선임·개임 명령에 응한 경우에 이미 마친 절차도 무효로 할 수 있다는 취지인데 위 문제의 경우 처럼 이 명령에 불응한 경우에도 그 동안 절차 밟기에 부적합한 자가 밟은 절차를 무효로 할 수 있다는 건가요?","선임개임명령한 불응하고 절차를 밟은 경우, 선임개임전까지 밟은 절차를 무효로 할 수 있다는 것은 법 제10조제4항의 취지입니다.", ,,17.10.04
특허법,조문,14조,[14조] 기간계산,"안녕하세요, 임병웅변리사님 필기노트 33페이지의 그림에서 거절결정등본이 송달되고 30일이 지나 확정된 날짜가 5월 5일인데 다음날로 만료하지 않는 것으로 되어있는데요, 오타인지 아니면 이는 당사자가 밟아야 하는 특허에 관한 절차가 아니라서 그런건지 궁금합니다 감사합니다","안녕하세요? 임변입니다. 당사자가 밟아야 하는 절차라면 5월 6일이 맞습니다. CASE에 대한 그림을 그렸는데, 하필이면 만료일이 5월 5일이네요~. 열공하세요~", ,,17.10.06
특허법,문제,14조,[14조] 기간 계산 (객관식 문제 67번관련입니다.),"임 변리사님, 여러가지로 도움을 많이 주셔서 감사합니다. (인강과 문제집 같이 하고 있습니다.) 객관식 67번문제 4번지문에서 2023년 5월28일 무효심결이 확정이면, 정당한권리자가 출원일을 소급받기 위해서는 무효심결 확정후 30일 이내 출원을 해야하는데, 기간을 계산하면 기간일이 5월29이되고, 만료일은 6월27일 되는 것 아니가요? 만료일을 6월26로 되어있는데, 맞는 지문이라고 되어 있어서요. 감사합니다. 이병철 저작자 표시컨텐츠변경비영리",안녕하세요? 초일(5.28) - 기산일(5.28) - 자연적 - 만료일(6.26) 이네요. 열공하세요~, ,,17.10.16
특허법,문제,2조,[2조] 미생물발명 관련 객관식문제집 24번 질문,"안녕하세요? 변리사님. 특객 24번 문제를 풀다가 궁금한 점이 있어서 질문 드립니다. 1. 24번 문제 (다) 갑이 미생물을 기탁하여야 함에도 불구하고 기탁하지 않은 경우 심사관은 실무상 산업상 이용할 수 있는 발명에 해당하지 않음을 이유로 거절이유를 통지하고 있다. (O) → 이지특허법 p.80에 (4) 부적법한 기탁 절차의 취급에서는 특허출원 전에 기탁하지 아니한 경우 방식 위반으로 보아 보정명령 및 무효로 할 수 있다고 되어 있습니다. 특허출원 전 기탁하지 않은 경우 보정명령은 하지 않고 29조 위반 이유로 거절이유만 통지를 하는 건지 궁금합니다. 2. 24번 문제 (마) 제3자가 시험 또는 연구의 목적으로 실시하려는 목적으로 갑이 기탁한 미생물을 분양받으려는 경우 갑의 출원이 출원공개가 된 이후 분양을 받을 수 있다. (O) → 특객 22번 문제 2번 지문에서 '기탁한 자로부터 미생물 분야에 대한 허락을 받았을 지라도 출원공개나 설정등록이 되지 않았다면 미생물을 분양받을 수 없다.'는 틀린 지문으로 되어있습니다. 즉, 허락을 받으면 출원공개 전이라도 분양받을 수 있는데 시험 또는 연구 목적이라고 하더라도 허락을 받는다면 출원공개 전에도 분양 받을 수 있어 틀린 지문이 아닌지요? 제가 놓친 점이 있는지 궁금합니다. 바쁘시겠지만 답변 주시면 정말 감사하겠습니다! 저작자 표시컨텐츠변경비영리","1. 기탁절차가 아예 없었다면 무효로 할 대상이 없는 것입니다. 이 때는 제29조 위반으로 거절이유만 통지할 수 있습니다. 2. 출원공개된 이후에만 분양받을 수 있다라고 기술되어 있다면 틀린 지문이 되지만, 그렇지 않다고 틀렸다고 말할 수 없을 것 같습니다. 열공하세요~", ,,17.10.16
특허법,문제,11조,"11조] 객관식 문제집 50, 51번 / 85번 관련 질문","변리사님 안녕하세요? 객관식 문제집 50, 51번(대리인이 수인인 상황) 및 85번 관련 질문입니다. 1. 50번 (다) 특허에 관한 절차를 밟는 자의 대리인이 수인인 경우에 사안에 따라 전원이 공동으로 대리하여야 하는 경우가 있다. (X) 51번 (자) 특허에 관한 절차를 밟는 자가 수인인 경우 이들 수인의 본인의 대리인들 전원이 공동으로 대리해야 하는 경우가 있다. (O) → 이 두 지문은 같은 지문이 아닌지요? 11조 출기신청우불의 경우에는 전원이 공동으로 대리하여야 하는 경우가 있을 것 같은데 답이 갈리는 이유가 궁금합니다. 2. 85번 2번 지문 해설 : 2의 경우 절차무효처분은 재량행위이며, 지정기간 경과 후 출원무효처분통지서의 발송일 전에 보정서가 제출되어 출원의 흠결이 치유된 경우에는 무효처분을 하지 아니하고 보정서를 수리한다. → 위 지문해설에서 출원무효처분통지서가 아니고 보정무효처분통지서가 맞는 표현이 아닌지 궁금합니다. 문제의 상황에서는 미성년자가 보정서를 제출한 상황이니 보정의 무효 여부가 쟁점일 거 같은데 출원자체의 무효가 문제가 되는지요? ※ 추가적으로 공부 중에 몇몇 오기를 발견하여 알고 계실지도 모르지만 혹시나 하여 말씀 드립니다. 1. 이지특허법 16 판 p.135 [표1-15] 중 국내우선권주장 보정또는 추가 근거조문 : 55조 5항 → 55조 7항 2. 특객 11판 70번 문제 2번지문 해설 근거조문 : 53조5항 → 53조1항1호 감사합니다.","안녕하세요? 1. (다)는 갑의 대리인 을, 병이 있는 경우이고, (자)는 갑의 대리인 을 / 병의 대리인 정이 있는 경우입니다. (다)는 제9조가 적용됩니다. 2. 보정무효처분통지서가 맞네요. 오타입니다. 기타 오타는 말씀하신 사항을 반영하였습니다. 감사합니다~", ,,17.10.17
특허법,조문,5조,[5조] 특허관리인 사망시 (객관식 39번),지문. 특허권자인 재외자의 특허관리인이 사망했을 경우에 그 재외자는 선임할 수 있는 법정기간 내에 새로운 특허관리인을 선임해야한다. (X) 해설. 질문. 특허관리인은 임의대리인 사망으로 위임관계가 종료로 되는 것 맞나요? 종료 후 이후 절차는 어떻게 되는가요? 해설은 개정법 이전 내용이라 현행법 기준으로 이후 다른 절차가 있는지 궁금하여 질문 드립니다.,"특허관리인이 없으면, 당사자가 서류를 제출할 수 없고(불수리 사유), 재외자에 대한 송달 역시 발송주의(제220조)를 취하게 되어, 당사자에게 불이익이 됩니다. 열공하세요~", ,,17.10.17
특허법,조문,2조,[2조 1호] BM 발명과 컴퓨터프로그램 발명,BM 발명과 컴퓨터 프로그램 발명이 전자 관련 발명이여서 판례 내용이 유사한데 이 두개가 어떤 차이가 있는지 궁금합니다. BM 발명이 비지니스 방법(비지니스 방법이 도대체 뭔지 잘 모르겠습니다.) 이라고 하는데 예를 들어 증권관련 소프트웨어나 그런걸로 생각하면되고 컴퓨터 프로그램 발명은 C+ 언어로 된 알고리즘 같은 소프트웨어로 생각하면 되는지 궁금합니다. 감사합니다.,"자연법칙을 이용하지 않은 부분, 즉 정신적 사상에 해당하는 부분이, BM발명은 비즈니즈(사업모델)이고, 컴퓨터프로그램 관련 발명은 컴퓨터프로그램이라는 것에서 차이가 있습니다. 크게 보면, 비즈니스방법도 컴퓨터프로그램에 의해 구현되어야 하기 때문에, BM 발명은 컴퓨터프로그램 관련 발명의 하나의 예시로 생각하면 됩니다. 열공하세요~", ,,17.11.08
특허법,조문,14조,[14조] 기간의 기산 질문 있습니다.,"안녕하세요 임병웅 변리사님! 항상 답변해주셔서 감사합니다. 기간의 기산에 대해서 질문드릴게 있습니다. '다음날' 이라고 기재된 경우와 '출원일부터' 라고 기재된 경우 초일과 기산일을 어떻게 따져야 하는지 모르겠습니다. 예를 들어 심사청구기간은 특허출원일로부터 3년 이내에 할 수 있고, 무권리자의 특허출원에 대한 권리자의 특허출원의 경우 심사청구기간은 무권리자의 출원일 다음날부터 기산한다고 하는데요, 1. 무권리자의 출원일이 2017.11.19(일) 이라고 한다면 무권리자의 심사청구기간의 기산일은 19일인가요 20일 인가요? 2. 또, 정당권리자가 출원의 경우 무권리자 출원일의 다음날부터 기산한다고 했으므로(34,35조) 정당권리자의 심사청구기간은 14조 3호에 의해서 2017.11.20~2020.11.19 가 되는것이 맞나요? 3. 마지막으로 무권리자의 출원일로부터 3년의 기간이 지난 후 정당권리자가 출원을 한 경우 정당권리자가 출원한 날부터 30일 이내에 심사청구를 할 수 있다고 한 부분은 '출원일로부터'라고 기재되있으므로 질문 1, 2에서 설명해주신대로 기산일을 파악하면 되는것인지 궁금합니다. 감사합니다 임병웅 변리사님, 감기조심하세요!",안녕하세요? A. 무권리자출원일로부터 3년 = 초일을 산입하지 않아서 무권리자출원일의 다음날이 기산일 B. 무권리자출원일의 다음날부터 기산하여 3년 = 초일이 산입하여 무권리자출원일의 다음날이 기산일 결국 A=B가 되는 것입니다. 1. 네 2. 네 3. 초일이 산입되지 않아서 다음날이 기산일이 됩니다. 열공하세요~, ,,17.11.19
특허법,조문,6조,"[6조 11조] 대리권의범위, 복수당사자대표","변리사님 안녕하세요. 6조, 11조 질문드립니다. 1. 대리권의 범위와 복수당사자대표 규정에서 출원의 분할은 특별수권사항 등에 해당되지 않는데, 그럼 분할출원이나 변경출원에서 원출원의 출원인과 동일해야 한다는 말은 그 절차를 직접 수행하는게 아니라 서류상 동일하면 되는 것이고 분할출원의 경우는 그 절차를 수행함에 있어서는 특별수권이나 공동으로/전원의 동의를 받지 않아도, 대리인이나 대표자가 그냥 할 수도 있는건가요?? 2. 특허권의 포기는 복수당사자대표 규정에서 제외되어있는데, 특허권이 공유인 경우 1인이 특허권을 포기한다면 그 의미가 특허권 자체를 소멸시키는게 아니라 지분만 포기하게 되는 것이기 때문인가요? 답변감사드립니다!","안녕하세요? 1. 분할출원은 별도의 출원이기 때문에 공동으로 절차를 밟아야 하고, 그렇지 않으면 불수리 됩니다. 대리인이 절차를 밟은 경우에는 대리인이 특별수권없이 전원의 명의로 절차를 수행하게 됩니다. 참고로 법 제11조는 출원 및 심판청구 이외의 절차에 적용되어야 하므로, 법 제11조제1항각호의 변경출원, 거절결정불복심판청구는 삭제해야 하며 입법불비입니다. 2. 네. 지분의 포기는 혼자서 할 수 있고, 특허권의 포기는 전원이 해야 합니다. 열공하세요~", ,,17.11.23
특허법,문제,2조,[2조] 미생물발명 문제집관련 질문있습니다,문제집 22쪽 4번지문을 보면 미생물의 기탁이 필요한출원으로서 명세서에 기탁사실과 수탁번호가 기재되어있으나 수탁증사본을 첨부하지않으면 특허출원을 보정명령후 무효로 할수있다고 나옵니다 답은 틀린지문이라고 하는데 시행령 2조를 보면 기탁사실을 증명하는서류를 제출해야하는데 그 서류가 최신의 수탁증 사본이라고 나옵니다 4번 지문이 틀린 이유가 정확히 무엇인가요?,"<출원>이 무효가 아닌 <기탁과 관련된 절차>를 무효로 할 수 있습니다. 해설에 충분히 설명이 되어 있을 것 같은데, 꼼꼼히 다시 살펴 보세요~", ,,17.12.01
특허법,조문,28조,[28조] 특허에 관한 절차 일반에 관해 질문 있습니다.,"특허법은 원칙으로 도달주의 예외적으로 발신주의를 취하고 있는데요 예외의 예외로서 국제출원에 관한 서류의 경우에는 우편물의 통신일부인에서 표시된 날이 분명한 경우에도 불구하고 그 표시된 날을 도달일로 인정해주지 않고 있는데 시행규칙 86조에 우편물의 지연으로 인해 국제출원에 관한 서류가 제출기간내에 특허청 또는 특허심판원에 도달되지 아니하였다고 인정되는 경우에는 해당 서류는 제출기간내에 제출된 것으로 본다. 라는 내용이 잘 이해가 안되네요 예외의 예외의 예외를 인정한다는 얘기 같은데.. 국제출원의 경우에는 통신일부인에 표시된 날이 분명한 것 조차도 인정을 해주지 않는 엄격한 도달주의를 취하는 입장인 것으로 보이는데, 위의 시행규칙 86조는 논리에 맞지 않는 규칙아닌가요?","국제출원일 이외의 국제출원에 관한 서류에 대해 법 제28조제3항에 따라 시행규칙 제86조가 적용되는 것입니다. 시행규칙을 보기 전에 시행규칙의 근거가 되는 상위법이 무엇인지를 확인해 보면, 쉽게 결론에 이를 수 있습니다. 열공하세요~", ,,17.12.01
특허법,조문,15조,[15조] 실체보정기간이 법정기간인지 지정기간인지 여부,법정기간과 지정기간의 기준은 그 기간이 법조문에 정해져있는지 아닌지 여부로 알고있습니다. 나머지 기간들은 명확히 구분이 되는데 실체보정기간의 경우 법조문 상으로 그 기간들이 47조1항에 (간단히 표현하자면) 특허결정등본 송달전까지 해당 거절이유통지에 따른 의견서 제출기간 재심사 청구시 이렇게 법정되어있습니다. 하지만 의견서 제축기간의 경우 심사관이 지정해주는 지정기간입니다. 따라서 지정기간을 법정해놓은 것처럼 보이는데 실체보정기간은 지정기간인지 법정기간인지 궁금합니다.,지정기간입니다., ,,17.12.02
특허법,조문,11조,[11조] 복수당사자대표 질문,"안녕하십니까? 늘좋은답변 감사드립니다. 11조 조문에 의문사항이 있어 질문드립니다. 11조 조문에서 2인이상 절차밟을때 각호 제외하고 각자가 모두를 대표한다. 이뜻이 이말이 맞는지 궁금합니다. 분할출원은 공동출원일시 공동으로 해야합니다. 만약 A, B가 공동출원한 상태에서 A만 대리인 a를 선임했습니다. 이경우 a혼자 분할출원을 해도되나요? ㅡㅡㅡㅡㅡㅡㅡㅡㅡㅡㅡㅡㅡㅡㅡㅡㅡㅡㅡ 2번 질문 게시판을보니 12년도부터 이문제로 엄청질문을 많이했던데 특허청장 또는 심판장은 <개임명령전>의 절차에 대해서는 특허법 10조4항의 규정에 의하여 그절차를 무효로 할수 없다 (X) 게시판답변들을 다읽어보았으나 가장 중요한 개념이 헷갈려서 질문드립니다. 조문상 개임명령 전의 절차라도 개임명령을 한 후라면 무효로할수 있는데 / 위 지문에서는 개임명령을 안했으니 불가한것이 맞습니까?",안녕하세요? 1. 법 제11조는 출원 및 심판청구 이외의 절차에 적용됩니다. 분할출원은 전원이 같이 하지 않으면 불수리됩니다. 2. 이 건 강의노트에도 충분히 설명이 되어 있는 건데요. <개임명령후>부터 <개임전> 사이의 절차을 무효로 할 수 있다는 것이 법 제10조제4항입니다. 열공하세요~ 답글기능 더보기, ,,17.12.03
특허법,문제,16조,16조 기간 계산,"특객 762번 3번에 17.5.1일 무효심판청구의 무효심결이 확정된 경우 17.5.30일까지 츨원인은 정당 권지라 출원으로써 출원 가능하다 라고 지문이 있는데요, 1일에 무효심결 확정되면 2일에 기산하니깐 5.31일까지 정당권리자 출원가능한게 아닌가요?",초일(5.1)-기산일(5.1)-자연적(30)-만료일(5.30) 입니다. 열공하세요~, ,,17.12.04
특허법,조문,20조,제 20조(절차의 중단)에 관해 질문이 있습니다.,"안녕하세요.. 임병웅 변리사님! 객관식 문제를 풀다 궁금한 점이 생겨서 질문을 드리게됬습니다...특허법을 공부할수록 더 어려운것 같습니다.... 제20조(절차의 중단) 특허에 관한 절차가 다음 각 호의 어느 하나에 해당하는 경우에는 특허청 또는 특허심판원에 계속 중인 절차는 중단된다. 다만, 절차를 밟을 것을 위임받은 대리인이 있는 경우에는 그러하지 아니하다. 1. 당사자가 사망한 경우 2. 당사자인 법인이 합병에 따라 소멸한 경우 3. 당사자가 절차를 밟을 능력을 상실한 경우 4. 당사자의 법정대리인이 사망하거나 그 대리권을 상실한 경우 5. 당사자의 신탁에 의한 수탁자의 임무가 끝난 경우 6. 제11조1항 각 호 외의 부분 단서에 따른 대표자가 사망하거나 그 자격을 상실한 경우 7. 파산관재인 등 일정한 자격에 따라 자기 이름으로 남을 위하여 당사자가 된 자가 그 자격을 잃거나 사망한 경우 2인의 대표자 중 1인이 사망한 때에는 절차가 중단되지 않는다.(o) --->""대표자가 2인 이상인 경우 대표자 전원이 사망하거나 자격을 상실한 경우에 한해 절차가 중단된다고 할 것이다. 따라서 적법하게 권리를 행사할 수 있는 대표자가 1인이라도 있는 경우에는 절차가 중단되지 아니한다""라고 친철하게 해설을 해주셨습니다. 절차 중단 사유에서 당사자가 사망한경우가 있는데 이경우 공동 특허출원인 중 1인이 사망한때에도 절차는 중단된다고 배웠습니다. 내용을 종합 해보면 공동 출원의 경우에도 대표자가 정해져있는 경우에는 대표자 이외의 다른 출원인이 사망한 경우에는 절차가 중단되지 않는다고 생각할 수 있을까요? 저작자 표시컨텐츠변경비영리",안녕하세요? 네. 대표자가 계속 절차를 진행하는 것이 수계자의 이익을 위한 것이기 때문입니다. 항상 입법취지를 고려해 보면서 공부해 보세요~, ,,17.12.08
특허법,문제,2조,[ 2조 ] 발명 객관식 29번,"안녕하세요? 객관식 29번에서 보기 5번에 관해 질문드립니다. 해설이랑 보기 5번이 서로 동문서답하는 느낌이라서 이해가 안가네요. 왜 보기5번이 틀렸는지 좀 더 정확히 설명해 주시면 감사하겠습니다. 결국엔 청구범위에 ~~~ 방법 이렇게 써도 방법의 발명이 아닌 물의 발명이 될 수도 있다는 건가요? 보기 5번 물의 발명에 해당하는지 방법의 발명에 해당하는지 여부는 발명의 명칭이나 청구범위의 표현에 따라 결정되는 것이므로, 비록 물의 제조방법을 구체적으로 명시하고 있지 않고 있다고 하더라도 청구범위에 물의 제조방법 형식으로 표현되어 있다면 방법의 발명으로 볼 수밖에 없다. 옳지 않다로 되있습니다. 행복한 하루 되세요~~~~ 저작자 표시컨텐츠변경비영리",안녕하세요? 표현형식이 아니라 실체에 의해 결정됩니다. 제목이 질문규칙에 맞지 않습니다. 수정해 주세요~ 답글기능 더보기, ,,17.12.11
특허법,문제,8조,"[ 8조, 20조 ] 객관식 문제집 95번",95번 문제. 절차의 중단사유에 해당지 않는 것 4번 지문. “당사자인” 수탁자의 임무가 종료한 때 라고 되어있습니다. 그런데 특허법 20조 5호를 보면 “당사자의 신탁에 의한” 수탁자의 임무가 종료한 때라고 되어있는데 둘은 다른것 아닌가요? 위 문제 4번 지문은 임의대리권 불소멸사유라고 생각되는데 궁금해서 질문올립니다.,"당사자를 어떻게 보느냐에 따라 다르게 해석하느냐가 아니라, ""수탁자의 임무가 종료된 때""가 중심으로 해석해야 할 것 같습니다. 즉, 신탁자를 당사자로 칭하든, 수탁자를 당사자로 칭하든 상관없이 수탁자의 임무가 종료되면 절차를 진행할 자가 없어 절차가 중단되는 것입니다. 열공하세요~", ,,17.12.14
특허법,조문,14조,"[14조,15조,17조] 기간 계산문제 질문입니다.","'갑이 병의 발명을 도용하여, 2017.1.1에 출원하였고 그 후, 병의 출원이 특허법 35조 규정에 의해 등록되는 경우, 병의 특허권의 존속기간은 2037.1.1까지 이다.'가 2037년 1월2일에 만료되는 것이 아닌 이유가 궁금합니다. 2017년1월 1일 출원하였을 경우, 다음날부터 기산하므로 2017년 1월 2일이 기산일이 되고 20년을 기산하면 2037년 1월 2일이 됩니다. 2017년 1월 2일 0시부터 기산하였으므로 초일산입이고 따라서 최종일의 전일로 만료되지 않고 2037년 1월 2일로 만료된다고 생각합니다. ( 연, 월 기산은 역법적 기산으로 초일불산입이 원칙이지만, 오전 0시부터 기산하는 경우에는 초일을 산입하고 초일을 산입하였으므로, 최종일의 전일로 만료되지 않는다고 알고 있습니다. 또한 88조(특허권의 존속기간) 2항을 보면 '정당한 권리자의 특허출원이 34조 또는 35조에 따라 특허된 경우에는 1항의 특허권의 존속기간은 무권리자의 특허출원일의 다음 날부터 기산한다'고 규정 되어 있습니다. )","질문을 토대로 놓치고 있는 부분을 유추해보면, 초일의 산입여부와 최종월의 기산일 전일로 만료되는 것은 전혀 무관한 것인데, 이를 연관지어서 고민하고 있는 것 같네요. 기본개념을 잡기 위해 기본서를 한 번 더 정독해 보세요~", ,,17.12.19
특허법,문제,,기간계산 질문드립니다.,"안녕하세요, 기간계산 문제 관련해서 계속 제가 도출해낸 답과 실제 답이 하루씩 차이가 나서 질문 드립니다. 객관식문제풀이 67번의 보기4번을 봤을때, 계산일수-(말일-기산일)=잔존일수>를 다음달로 넘겨서 계산할 때, 초일: 2023년 5월 28일 무효심결 확정 기산일: 2023년 5월 29일 계산일수(30일)-[말일(31일)-소요일수(29일)]>28일을 다음달로 넘기면, 6월 28일 만료일: 기산일의 전날(6월 27일) 로 답이 나오는데, 실제 답은 26일로 나오네요. 계산과정은 맞다는 전제 하에 기산일을 5월 28일로 설정해야 해당 답이 나온다는건데, 어째서 초일에서 하루를 더하지 않은 날짜가 기산일이 되는 건가요? 하루를 더해야 하는 기간과 하루를 더하지 않아야 하는 기간은 어떻게 구별 가능한가요? 감사합니다.","안녕하세요? 심결등본송달일로부터 30일 이내 불복할 수 있고, 다음날 오전 0시에 확정됩니다. 따라서 기산일도 5월 28일 이네요. 열공하세요~", ,,17.12.19
특허법,문제,14조,[14조] 기간 계산 질문드립니다. (객관식 310페이지),"객관식 310페이지 보기5번 문항의 기간계산이 잘 이해가 되지 않아 질문 올립니다. 무효심결이 3월 2일에 확정되었을 때 4월 1일에 정당한권리자가 출원시, 출원 날이 무권리자의 출원날로 간주될 수 있는지를 물어보는 문제입니다. 3월 2일 확정이면, 30일을 계산하는 기산일이 3월 2일로 설정되고 30일째가 되는 날은 31-2=29일이므로 남은 1일은 4월로 넘기면 4월1일까지 정당권리자출원주장을 할 수 있는 것으로 보입니다. 하지만 답지에는 3월 31일까지 주장 가능하다고 해설이 되어 있는데, 혹시 제가 풀이한 방법 중 어느부분에 오류가 있는지 확인 가능할까요? 감사합니다.",4월 1일의 전일 = 3.31이 됩니다. 기본기를 조금 더 익혀야 할 듯 하네요. 열공하세요~, ,,17.12.28
특허법,조문,6조,[6조] 특별수권사항,연장등록 출원도 특별 수권 사항인지 궁금합니다!,특별수권사항이 아닙니다. 열공하세요~, ,,17.12.30
특허법,조문,14조,[14조]출원공개 기간의 계산 질문드립니다,"안녕하세요! 출원공개시기 질문드립니다 출원공개시기는 출원일로부터 1년6월 경과한후로 알고있습니다 2017.2.2 출원한 경우 기산점이 2017.2.3이므로 2018.8.2이 1년6월째에 해당하는날인데, 1년6월 '경과'한후라고 했으니 1년6월째인 2018.8.2이 아닌 2018.8.2이 경과한 2018.8.3에 출원공개되어야 하는것 아닌가요? 문제들 보면 전부 2018.8.2에 공개된다는식으로 나와있어서 질문드립니다",안녕하세요? 정확히 얘기하면 8.2까지 공개가 안 되고 8.2 이후(예를 들어 8.5도 가능) 공개가 됩니다. 열공하세요~, ,,18.01.03
특허법,문제,17조,17조 133조 기간계산 질문드립니다.,"안녕하세요! 객 762번 풀던 중에 기간계산 질문드립니다. 보기3번) 2017년 5월 1일 갑의 무효심판청구로서 을의 특허권 무효심결이 확정된 경우 2017년 5월 30일까지 한 갑의 특허출원은 정당한 권리자의 출원으로서 출원일의 소급효가 인정될 수 있다. 여기에서, 저는 무효심결 확정일부터 30일 이내 출원을 계산할때 기산일을 5월 2일로 생각하고 5월 31일까지 정당권리자가 출원하면 되는 것으로 생각했는데, 기산일을 5월 1일로 해야 하나요?",네. 등본송달일로부터 30일이 경과한 다음날 오전 0시부터 확정됩니다. 열공하세요~, ,,18.01.07
특허법,문제,6조,[6조] 대리권의 범위 질문드립니다.,안녕하세요 변리사님. 객관식 40번 (라) : 특허관리인은 특별히 권한을 위임받지 않더라도 해당 특허권의 침해에 대한 침해금지청구권과 손해배상청구권을 행사할 수 있다. 해설 : 침해금지소송과 손해배상소송은 특허에 관한 절차에 포함되지 않는다. 따라서 특허관리인이 특허에 관한 절차에 위임장을 받았을지라도 별도의 위임장을 받지 않고는 소송에 의한 침해금지청구권이나 손해배상청구권의 행사를 할 수 없다. 여기에서 '특허에 관한 절차'란 정확히 어떤 절차를 의미하는 것인가요? 심사/심판/재심 단계도 모두 특허에 관한 절차이지 않나요? 저작자 표시컨텐츠변경비영리,안녕하세요? 심판원까지의 절차를 말합니다. 침해소송은 법원에서 진행하는 것으로서 특허에 관한 절차가 아닙니다. 열공하세요~ 답글기능 더보기, ,,18.01.07
특허법,조문,17조,제17조(절차의 추후보완)과 제소기간에 관해서 질문이 있습니다.,"안녕하세요 임병웅 변리사님! 변리사님 기본서에 추후 보완에 관련된 판례를 보다가 궁금한점이 생겨서 질문을 드리게됬습니다. 답변항상 감사합니다~ *제17조(절차의 추후보완) 특허에 관한 절차를 밟은 자가 책임질 수 없는 사유로 다음 각 호의 어느 하나에 해당하는 기간을 지키지 못한 경우에는 그 사유가 소멸한 날부터 2개월 이내에 지키지 못한 절차를 추후 보완할 수 있다. 다만, 그 기간의 만료일부터 1년이 지났을 때에는 그러하지 아니하다. 1. 제132조의17에 따른 심판의 청구기간(거절결정불복심판 청구기간) 2. 제180조제1항에 따른 재심의 청구기간(재심 청구기간) 특허심판원이 이 사건 심결의 정본을 재외자인 원고에게 상표법 제92조에 따라 준용되는 특허법 제 220조제2항에 따라 항공등기우편으로 발송하였고 같은 조제3항에 따라 발송일에 송달된 것으로 간주되어 발송일인 2006.11.30.로부터 30일이 지난 2006.12.31. 이 사건 심결이 확정되었다. 그러나 원고로서는 이 사건 심결에 대한 심판청구서부본 등을 송달받지 못하여 심판청구가 계속된 사실을 처음부터 알지 못한 채 이 사건 심결이 있었고, 이 사건 심결의 정본이 항공등기우편으로 발송되었다가 반송되었으며, 이 사건 심결이 확정된 후인 2007.3.30. 경에야 비로소 원고가 그러한 사실을 알게 되었다면, 특별한 사정이 없는 한 원고가 제소기간인 불변기간을 지키지 못한 것은 원고가 책임질 수없는 사유로 말미암은 것이라고 보아야 한다. 따라서 원고의 이 사건 소는 추후보완 요건을 갖춘 것으로서 적법하다.(특허법원 2007.12.13. 선고 2007허 3257) --->1.특허법의 조문상 추후보완은 거절결정불복심판 청구기간과 재심의 청구기간에 적용가능하다고 명시하고 있지만, 186조(심결등에 대한소)에 제소기간에는 불변기간이며 심판장이 직권으로 부가기간을 지정할 수 있다고만 명시하고, 추후보완에 관한 규정을 준용하고 있지아니한데, 판례는 제소기간에 대해서도 추후보완이 가능하다는것으로 보입니다. 판례에 따라 일반적으로 제소기간에도 추후보완이 가능하다고 생각할 수 있을까요?(그게 아니라면 일반적으로 적법한 송달(도달주의)이 없는 경우 제소기간이 도과하지 않아 심결이 확정되지않으르므로, 위 판례는 발신주의(재외자에게 특허관리인X)에 따라 발생한 문제를 해결 하기위해 예외적으로 추후보완이 적용된다고 생각을 해야할까요?)","심결취소의 소 제기기간에 대한 추후보완은 민사소송법 제173조에 규정되어 있습니다. 제173조(소송행위의 추후보완) ①당사자가 책임질 수 없는 사유로 말미암아 불변기간을 지킬 수 없었던 경우에는 그 사유가 없어진 날부터 2주 이내에 게을리 한 소송행위를 보완할 수 있다. 다만, 그 사유가 없어질 당시 외국에 있던 당사자에 대하여는 이 기간을 30일로 한다. ②제1항의 기간에 대하여는 제172조의 규정을 적용하지 아니한다. 2007허3257은 책임질 수 없는 사유가 무엇인지를 그 케이스를 알기 위해 붙여 놓은 것입니다. 열공하세요~ 답글기능 더보기", ,,18.01.12
특허법,조문,20조,[20조] 절차의 중단사유,"안녕하세요! 객관식 95쪽 문제 질문드립니다. 해설에 특허관리인 또는 위임대리인의 사망,파산의 경우 당사자 교체가 없어도 된다는 게 이해가 안되는데 설명 부탁드립니다. 그럼 재외자의 특허관리인 사망하면 누가 절차 수행하나요..?","안녕하세요? 당사자가 수행을 하고, 당사자가 다른 특허관리인이 선임하면 됩니다. 열공하세요~ 답글기능 더보기", ,,18.01.16
특허법,조문,14조,[14조] 기간계산 간단한 질문이 있습니다,"안녕하세요~ 간단한 질문이 있습니다. 밑으로 많이 내려봤는데 비슷한 질문을 하신분이 안보이더라구요ㅠㅠ 예를 들어 1/2일이 만료일이라고 하면, 정확한 기간의 만료시는 1/1일 24시까지인가요, 아니면 1/2일 24시까지인가요?",후자입니다~, ,,18.01.26
특허법,조문,2조,[2조] 미생물기탁제도,18번의 [1] 판례에서 그 뒤에 비고에서는 심사실무와 시행규칙이 바뀌었다고돼있는데 시험에서 '보정을 명하여야하는 것은아니다' 라고 나오면 판례문구니까 당연히 맞는것으로 처리되는 것인가요?? 그리고 만약 기탁이 부적법한 경우 미완성발명으로 취급되고 보정명령을 받아 보정을 하더라도 미완성발명에서 완성발명으로 보정한 것인데 신규사항추가가 돼서 어차피 거절되는 것 아닌가요?? 그래도 보정명령을 형식적으로 하는건가요??,1. 틀린 지문입니다. 2. 네. 보정명령을 한다고 하여 보정에 의해 항상 그 사유를 해소할 수 있는 것은 아닙니다. 열공하세요~,흠 그러면 첫번째 질문에서 최근 심사실무와 시행규칙이 바뀌었기 때문에 '보정명령을 해야한다'라는 지문이 맞게되는 것인가요???,네,18.01.26
특허법,조문,3조,[제3조]미성년자 등의 행위능력,"특허법 제3조 2항에, 제한능력자의 후견인이 후견감독인의 동의없이 밟을 수 있는 절차로, 특허취소신청이나 상대방이 청구한 심판 또는 재심이 있다고 하는데, 법이 개정되기 전에는 상대방이 청구한 심판 또는 재심을 ""수동적인 절차""로 묶어서 인식하고 있었습니다. 그런데 법이 개정되고 특허취소신청에 대한 절차도 후견감독인의 동의 없이 밟을 수 있다고 나오는데, 이 취소신청 절차도 전 과 마찬가지로 취소신청절차의 특허권자로서의 절차만 수행할 수 있다고 봐야하나요? 아니면 취소신청인으로도 절차를 수행할 수 있다고 봐야하나요?",특허권자로서의 절차만을 의미합니다~, ,,18.01.29
특허법,문제,2조,[2조] 물건발명과 방법발명 질문,객관식 15번 갑이 a물건발명을 출원하였는데 같은날 a를 제조하는 방법발명을 출원한경우 양자 모두 특허를 받을 수 있으며 등록후에는 타방의 허락을 얻지 않고도 실시할 수 있다는 지문이 이해가 안갑니다 등록은 그렇다고 처도 임병웅 변리사님 책에 특허권의 본질은 전용권이라기보다는 배타권이라고 하셨는데 98조가 적용되지 않는다 하더라도 제법실시자의 실시가 물건 발명자의 권리범위에 속해 침해가 성립된다고 생각하는데 실제 판례가 있나요?,"98조를 형성적 의미의 규정으로 보기 때문에 침해가 아닌 것으로 해석하는 것이고, 아직 판례는 없습니다. 열공하세요~", ,,18.02.01
특허법,문제,2조,[2조] 실시,"임변리사님 안녕하세요, (라)지문의 해설에서 말하는 실시는 생사양대입청 중에 양도 또는 대여의 청약에 해당하는 것인가요? 잘 와닿지 않아서 설문의 의미가 실시를 의미했다고는 파악하지 못했습니다.. 항상 감사합니다!",네. 청약에 해당합니다., ,,18.02.06
특허법,문제,14조,[14조] 기간의 계산,"임변리사님 안녕하세요, 아래 문제의 해설 중 원칙적으로 2021년 5월1일까지가 재심청구기간이다~라는 부분에서, 5월1일은 근로자의 날이니 원칙적으로 5월2일로 만료해야 하는 것이 아닌지가 궁금합니다! 감사합니다ㅎㅎ",그러네요~, ,,18.02.06
특허법,문제,1조,[1조]목적 객관식 3번,[1조]목적 객관식 3번안녕하세요 선생님 객관식 문제집에서 6번 해설에서 노하우에 별도로 비밀보장 기간이 있지 않다고 했는데 4번보기 전반부에서 비밀보장기간 중 보호되나 라는 지문은 그럼 틀린것 아닌가요?,"비밀보장이 안 되니, 내가 비밀을 보장하는 동안 보호가 된다는 것입니다. 열공하세요~", ,,18.02.08
특허법,조문,2조,(2조) 실시,"임변리사님 안녕하세요, 아래 (가) 지문에서 창고업자가 보관하고 있는 경우는 2조 디목에 어디에 해당하나요? 누군가로부터 양도받았을 것이 전제되니 양도로 보아야 하나요? 전 침해나 간접침해는 아니지만 침해될 우려가 있는 행위이므로 126조에 해당할 것이라 생각하여 옳다 했는데, 해설을 보니 실시에 해당한다는 취지인 것 같습니다ㅜㅠ 도움 부탁드립니다!","(가)는 실시에 해당하지 않지만, 침해할 우려가 있는 경우 <침해예방>에 필요한 조치를 취할 수 있는 것입니다. 해설이 약간 불충분하네요~", ,,18.02.10
특허법,조문,11조,(11조) 복수 당사자 대표,"안녕하세요 변리사님 공동출원인 중 일부의 자만 대리인이 있는 경우 예를 들어 복수출원인이 a b c d 고 c,d에게는< 갑,을 >의 임의대리인이 있는 경우 11조 1항 각호를 제외한 경우 절차를 밟을 때, <갑,을>이 c d뿐만 아니라 a,b 에 관한 절차도 대리인 단독으로 밟을 수 있는 의미인가요? 이럴 경우 a b 의 권리를 남용하거나 침해할 상황이 생기지않나요? 답변에 미리 감사드립니다",안녕하세요? 네. 가능합니다. 법 제11조제1항각호를 제외하고는 각자대표이기 때문입니다. 열공하세요~ 답글기능 더보기, ,,18.02.18
특허법,조문,29조,"미생물발명+29조1항본문, 15조","1. 29조1항본문+미생물발명 미생물발명에 대하여 분할출원, 변경출원, 조약우주 수반출원 하는 경우 수탁증사본제출과 원용기재가 없으면 미완성발명으로 취급해야 하는 것인가요? 2. 15조 17조의 경우 연장등록거절결정불복심판의 경우도 포함되는 것으로 아는데 15조의 경우도 포함되는 것인가요? 3. 도해특허법, 특객에 조약파트는 빠졌는데 시험범위에서 제외된 것인가요? 감사합니다.",1. 네 2. 네 3. 시험범위에 포함됩니다. 도해와 특객도 조약 파트가 빠져 있지 않습니다. 열공하세요~, ,,18.02.19
특허법,문제,4조,4조] 비법인 사단재단 질문드립니다.,"안녕하세요 임병웅 변리사님 객관식 질문있습니다. 비법인 사단 재단은 대표자나 관리인이 정해져있는 경우 사단, 재단의 이름으로 심사청구인, 특허취소신청인, 심판청구인, 피청구인, 재심청구인, 피청구인이 될 수 있다고 해서 암기했는데요. 객관식 43페이지 4번보기를 보니 틀린보기라고 나와있어서 질문드립니다. 심판의 청구인, 피청구인 중에서도 되는것이 있고 안되는 것이 있는건가요? 즉, '모든'이라는 말이 4번보기에 들어가있어서 틀린건가요?? 저작자 표시컨텐츠변경비영리","예를 들어 거절결정불복심판은 출원인이 청구할 수 잇는데, 출원인은 권리능력을 전제조건으로 하므로 비법인 사단, 재단은 될 수 없습니다. 기본서를 정독해 보세요~", ,,18.02.21
특허법,조문,14조,(14조) 기간의 계산,"임변리사님 안녕하세요 유독 왜 이렇게 기간계산이 어려운지 모르겠습니다..ㅜㅜ 아래에서 심결확정 후 3년인 날을 21. 4. 3이라고 하였는데, 14조 3호에서 본문에 따르면, 월 또는 연의 처음부터 기산을 하고 되면 전날로 만료하는 것이 아니라 그 날로 만료하게 되는 것 아닌가요? 따라서 확정일인 18.4.4 0시부터 기산하면 제척기간 3년은 21.4.4에 만료하는 것이 아닌지 궁금합니다.. 항상 감사합니다!!",초일(2018.4.4)-기산일(2018.4.4)-역법적(3년)-만료일(2021.4.4의 전일 = 2021.4.3) 입니다., ,,18.02.22
특허법,조문,2조,[2조] 미완성발명과 기재불비 관련,임병웅 변리사님 안녕하세요. 이번 1월 이지특허법 개정 추록을 내시면서 발명의 성립성 흠결의 효과로서 (2) 42조3항1호 및 4항 위반 -> (2)42조3항1호 위반 으로 표현을 정정하셨는데요. 이렇게 고치신 이유가 42조3항1호 위반과 42조4항1호 위반은 개별적으로 판단해야하기 때문에 42조3항1호만으로 한정하신건가요?,네. 그렇습니다~, ,,18.03.07
특허법,조문,2조,[2조] 물건발명과 방법발명 병존 관련,"임병웅 변리사님 안녕하세요. 이지특허 87페이지 물건발명의 제법발명의 병존가능성에서, 선출원 제법발명의 발명의 설명에는 물건이 반드시 기재되어야 하므로 후출원 물건발명은 신규성 혹은 확대된선원지위 위반으로 특허받지 못한다고 하셨는데, <질문> 1. 제법발명의 발명의 설명에 반드시 물건을 기재해야하는건가요? 만약 42조3항1호나 42조4항1호 요건이 충족되게끔 제법발명의 발명의설명을 적을 수 있다면 제법만 기재하면 되지 물건을 꼭 기재할 필요는 없지 않나요? 2. 같은 논리로 볼때, 물건발명의 발명의 설명에 물건뿐 아니라 반드시 제법도 기재해야하는건가요? 만일 물건발명의 발명의설명에 제법 없이 물건만 적는다면 기재불비 거절이유가 존재하나요?",1. 물건을 생산하는 방법발명을 기재하는데 물건을 기재하지 않고 할 수 있을까요? 2. 범용성이 있는 제법이 아니라면 기재불비입니다. 열공하세요, ,,18.03.08
특허법,조문,28조,[28조]권리등록 신청 서류,권리 등록 신청서류가 돈 내고 특허등록 받는 것만 생각했는데 이전신청이나 출원서등도 포함되나요?,등록신청서류는 법 제85조의 특허원부에 등록하는 서류를 말합니다. 출원서는 당연히 포함되지 않습니다., ,,18.03.24
특허법,조문,2조1항,2조1항 정의와 완성발명,"안녕하세요. 질문 있어서 글 올립니다 발명의성립성을만족한발명과 완성발명의 관계가 궁금합니다. 예를들어.. 최근 오케스트라 기법 이용한 피부미용 판례에서 저는 성립성이 없다고 생각하여 자기창고 검토 했습니다. 그러니 판례는 완성발명인지 여부만 검토하더라구요. 성립성은 자기창고(특히 자연법칙 전체적으로 이용하고 일정한 확실성및 반복가능성 있어야한다)로 검토하고 완성발명인지 판단방법은 판례가”완성발명이란 통상기술자가 반복실시하여 목적하는 기술적 효과 얻을수 있을 정도로 구체적 객관적 구성되어 있는 발명이며 이는 명새서에 기재된 발명의 목적 구성 효과 등을 구체적으로 고려하여 출원시의 기술수준에 입각하여 판단한다” 라고 판시 합니다. 또한 ""그러므로 산업상이용가능성이 없다"" 라고도 판시합니다. 완성 발명이 아니라서 산업상이용가능성이 없다고 판시하는거같은데.. 성립성이랑은 어떤관계인지.. 성립성 판단과 완성발명 판단이 비슷한거 같으면서도.. 다른 개념인거 같긴합니다만 두 개념의 관계가 궁금합니다","안녕하세요? 판례는 같은 개념으로 사용하고 있습니다. 굳이 구분한다면, 성립성이 없는 발명의 유형으로 미완성발명과 비발명이 있기 때문에, 성립성 판단이 조금 더 넓은 개념입니다. 기본서를 정독해 보세요~", ,,18.04.11
특허법,조문,2조,[2조 3호] 실시인지 여부,안녕하세요! 이번달 부터 인강으로 임병웅 변리사님 특허법을 수강하고 있는 학생입니다. 다름이 아니라 2조 3호를 해석함에 있어서 다목 즉 제법발명인 경우에 조문에서 나목의 행위 외에 그 방법에 의하여 생산한 물건을 사양대수청하는 행위라고 하길래 그렇다면 제법발명에서 실시는 나목에 행위 외에라고 했으니 물건을 생산하는 방법의 사용은 제외해서 실시가 아니라고 생각했는데 실시이더군요 여기서 '외에'라는 말을 해석할때 전 제외라고 생각했는데 잘못된건가요?,"안녕하세요? ""외에"" = 더하여 입니다", ,,18.04.29
특허법,조문,14조,[14조]기간의 계산,대법원 2014.2.13 선고 2013후1573판결 심결취소소송이 특허법원에 관한 절차라서 14조4호 적용안하고 민법적용한다고 있길래 그러면 근로자의날이 공휴일이 아니게 되는거는 이해하겠습니다 판례는 5.2날 심결취소소송 제기 못한다고 되있길래 그러면 기각심결문받은날부터 30일의 만료일이 5.1이라면 민법따라서 5.1날 만료해서 5.2일0시부터 거불심기각심결확정이니까 심결취소소송제기 못하는건가요? 그러면 기각심결문송달은 14조4호 특허에관한절차가 아니라서 민법적용하는건가요?? 아니면 심결취소소송은 5.1공휴일이아닌 민법따르지만 기각심결문확정은 특허법 따라서 5.1이 공휴일이니까 5.2날만료 즉5.3일0시에 확정인건가여? 즉5.2일은 심결취소소송은 제소못하지만 기각심결문확정일은 아직 안된 그런날 인지 헷갈려서 질문드립니다,"5.2 0시에 확정됩니다. 심결등본송달이 특허에 관한 절차라고 할지라도, 등본송달일로부터 30일 이내 불복할 수 있는지 여부는 특허에 관한 절차가 아니기 때문입니다.", ,,18.05.18
특허법,조문,28조,[28조] 서류제출의 효력발생시기,제28조 제②항 제2호 우편물의 통신일부인에 표시된 날이 분명하지 아니한 경우: 우체국에 제출한 날을 우편물 수령증에 의하여 증명한 날 간단한 질문입니다. 우체국에 제출한 날이 9월 11일이고 수령증에 의하여 증명한 날이 9월 15일이면 9월 15일에 도달한 것으로 간주하는 것이죠? 우편물을 제출한 날을 증명했는데 등기와는 달리 제출일이 아닌 증명일이 되는 것 같아서요..,제출한 날과 수령증에 의해 제출된 날이 다를 수 없습니다. 등기를 한 번이라도 보내보면 제출한 날을 기준으로 수령증을 발부해 준다는 것을 알 수 있습니다., ,,18.05.19
특허법,조문,4조,[4조] 출원심사청구인,안녕하세요 임병웅변리사님 기본강의들으며 공부를 하다 질의사항이 생겨 글 남기게 되었습니다. 특허법 4조의 경우 비법인사단 재단은 요건을 만족하면 출원심사의 청구인이 될수있다고 하였는데 여기서 말하는 출원심사라는게 특허출원 후 특허를 받기위해 심사청구를 하는 것을 뜻하는게 맞나요? 맞다면 82조의 2항에서 말하는 제3자가 심사청구를 한 경우에 비법인 사단 재단도 제3자에 포함될거라 생각하는데 맞나요? 항상 좋은 강의 잘듣고 있습니다. 좋은 하루 보내세요!!,안녕하세요? 네. 맞습니다. 심사청구는 누구든지 할 수 있기 때문입니다. 열공하세요~, ,,18.06.13
특허법,조문,2조,[2조] 발명의 성립성에 대해 질문있습니다,"(1) 발명의 성립성에서 [컴퓨터 프로그램 관련 발명]이 정확히 이해가가지 않습니다 소프트웨어를 이용해 하드웨어에 물리적 변환을 가져오는 발명으로 보면 되는건가요? 예를들어 어떤 로봇에 프로그래밍을해서 동굴을 탐사하게 만든다면 이 로봇은 컴퓨터 프로그램 관련 발명에 해당하나요? 만약 맞다면 보호받는 범위는 프로그래밍+로봇인가요 아니면 프로그래밍만 해당하나요? (2) o 영업방법(BM) 특허의 대표적인 사례로서, 미국 코네티컷 주의 프라이스라인社 (www.priceline.com)가 1998년 8월 미국 특허청으로부터 취득한 소위 ""역경매(reverse-auction)"" 관련 특허를 들 수 있음. o 역경매 방식의 특허란 공급자가 물건을 소비자에게 경매를 통해서 최고가로 낙찰시키는 기존의 방식에서, 역으로 소비자가 물건의 값을 먼저 제시하여, 이 조건을 수락하는 공급자와 연결시켜주는 영업방식을 인터넷상에서 구현된 형태로 출원한 특허를 말함. o 실제 미국에 등록된 청구범위(←US 5794207) a. 제공가격을 포함하는 조건부 구매요청을 컴퓨터에 입력하고, b. 조건부 구매 요청과 관련된 지불 식별수단, 신용카드 계좌를 나타내는 지불 식별수단을 컴퓨터에 입력하며, c. 지불 식별수단 접수 후에 다수의 판매자들에게 조건부 구매 요청을 출력하고, d. 조건부 구매 요청에 응하는 승낙과 판매자로부터의 승낙을 컴퓨터에 입력하며, e. 지불 식별수단을 이용하여 판매자에게 지불수단을 제공하는 것으로 구성되는, 컴퓨터를 이용하여 판매자와 한 명 이상의 판매자 간의 거래를 용이하게 하는 방법 특허청에서 가져온 BM발명 사례인데 여기서 BM발명의 성립요건인 ""소프트웨어에 의한 정보처리가 하드웨어를 이용하여 구체적으로 실현되고 있어야한다""에 해당하는 부분이 어딘가요? 하드웨어와 관련된건 컴퓨터에 입력한다 정도 밖에 없어보이는데 이정도만 해당되어도 하드웨어를 이용하여 구체적으로 실현되고 있다에 해당하나요? 컴퓨터프로그램발명이든 BM발명이든 하드웨어라는걸 어느정도 변환시켜야하고 구체적 실현이라는건 어느정도를 말하는지 너무 이해가 가지 않습니다... 그리고 ""전자상거래 관련 발명은 크게 i) 컴퓨터상에서 구현되는 구성의 한정이 없는 유형과 ii) 컴퓨터상에서 구현되는 구성의 한정이 있는 유형으로 구분될 수 있는데, 순수한 영업방법과 추상적 아이디어와 같은 컴퓨터상에서 구현되는 구성의 한정이 없는 유형은 발명의 성립성이 부정된다.""에서 [구성의 한정]이라는게 무슨 뜻인지 알고싶습니다. 그리고 문장을 해석해보면 i)과 ii)는 전자상거래 관련 발명인데 i)은 발명의 성립성이 부정된다는 뜻같은데 그러면 i)은 발명의 성립성은 부정되는데 발명이란 뜻인가요? (3) 비발명의 예시 중 [정보의 단순한 제시]에 대해서도 질문이 있습니다 가령 A가 발명에 해당하는데 B라는 기계가 A를 단순히 제시해주는 기능만 있으면 B는 발명에 해당하지 않지만 제시해주는 기능 자체에 발명성이 있으면 제시 그 자체 또는 기계 B도 발명에 해당한다고 생각하면 되나요? 질문이 너무 많아 죄송합니다 이상하게 이 단원이 가장 어렵네요ㅠㅠ 저작자 표시컨텐츠변경비영리","1. 프로그램 자체는 발명이 아니고, 프로그램이 로봇의 물리적 구성(하드웨어)을 어떻게 이용하는지가 명시된 부분에 한해 발명의 성립성이 인정됩니다. 2-1) 명세서를 찾아보면, 하드웨어에 대한 설명이 기재되어 있을 것입니다. 2-2) 발명의 성립성이 부정되는데 발명이다라는 것은 모순되는 얘기입니다. 하드웨어(물리적 구성) 없이 단순히 프로그램만 기재한 경우에는 발명의 성립성이 인정되지 않는다는 것입니다. 3. A가수 음원을 플레이한 mp3 플레이어가 있는데 B가수 음원을 플레이한 mp3 플레이어는, 음원이 달라졌다고 하여 새로운 발명이 되지 않는다는 것입니다. 열공하세요", ,,18.06.29
특허법,조문,11조,11조 복수당사자 대표,이지특허법 책에 보면 공동출원인중 일부의 자만 대리인이 있는 경우 11조 1항 각 호에 따른 절차가 아닌 범위에서 단독으로 절차를 밞을 수 있다는데 11조 1항 각호에 절차가 아닌 것이 출원 및 심판청구로 알고 있습니다. 하지만 출원 및 심판청구는 전원이 해야 하는 것으로 알고있는데 3명이 출원하고 1명만 대리인을 선임했다면 그 대리인이 혼자서 심판청구 할 수 있는건가요?,대리인을 선임하지 않은 다른 출원인과 함께 해야 합니다. 열공하세요~, ,,18.07.08
특허법,문제,2조,"[2조] 실시 태양 중 ""사용"" 질문드립니다.","위 사안의 보기 3번에서 주체 D사의 행위중 1. D사가 C사로부터 프로펠러를 구입(양수) - 실시태양 아니라서 침해 X 2. 프로펠러를 선박에 장착 - ? 3. 장착한 선박을 Q사(카타르) 수출 - 실시태양 아니라서 침해 X 질문 : 보기3번 해설에 D사의 사용행위도 특허권 침해라고 나와있는데, 프로펠러를 선박에 장착하는 행위가 프로펠러의 ""사용"" 이 되는건가요? 저는 사용을 프로펠러 자체의 본질적인 기능을 발휘하는 사용이라고 생각해서 장착하는 행위는 사용이 아니라고 생각했습니다 ㅜㅜ 답변부탁드립니다(__)","프로펠러를 사용하고 않고, 선박에 프로펠러를 창작한 후 수출할 수 있는 방법은 없습니다. 한 번 더 고민해 보세요~", ,,18.07.24
특허법,조문,9조,[9조]개별대리,"이지특허법에 다수의 대리인이 공동대리의 특약을 하였다 하더라도 (대외적으로는 효력이 없기 때문에) 대리인 각자의 의사에 따라 대리권을 행사할 수 있으며, 특허청 등은 ""대리인 1명에게만 서류를 송달하면 된다.""라고 나와있는데, 각자의 의사에 따라 개별대리할 수 있는것이라서 각자한테 서류를 송달하는거 아닌가요?? 개별대리라는게 각자 특허에 관한 절차를 진행하는거라서 특허청이 서류를 대리인 각자에게 (예를들어 대리인이 세명이면 3명에게 각자 서류송달) 송달하는 것으로 이해했는데 잘못 이해한건가요..?",네. 잘못 이해하고 있습니다. 3명 중 한 명에게만 서류를 송달하면 된다는 의미입니다. 열공하세요, ,,18.07.25
특허법,조문,2조,[의약용도발명 및 선택발명] 추가자료 제출 여부,"안녕하세요 변리사님 시험을 앞두고 급히 질문 하나 드립니다. 선택발명과 의약용도발명의 경우 발명의 설명에 정량적 기재를 하지 않은 경우. 추후 비교실험데이터 등 '추가자료' 제출을 불허하는 판례가 공통으로 있는 것으로 알고 있습니다. 다만, 그 외에 선택발명에 관련하여서 '추가자료'제출 가능하다는 판례, 및 최근 10대판례 해설?자료에서 용도발명의 경우는 추후 제출 불가능하나(용도자체가 구성이기 때문) 선택발명의 경우는 가능하다는 등의 내용으로 '추가자료'제출 여부가 통일되지 않고 혼재되는 것으로 이해됩니다. 이와 관련하여 제가 잘못 이해하고 있는 부분이 있는지? 그리고 선택발명과 의약용도발명의 추가자료 제출 여부를 어떻게 정리하면 좋을지 질문드립니다. 날씨 더운데 건강 유의하시고 그간 가르침에 감사드립니다.","완전히 잘못 이해하고 있습니다. 추가 제출이 허용되는지가 아니라, 의견서에 기재하였을 때 진보성 판단시 이를 인정할 수 있을 것인가에 대한 내용입니다. 이에 대한 판단기준은 통상의 기술자가 명세서로부터 추론 가능한 효과인지 여부입니다. 구체적으로 적용했을 때, 선택발명, 의약발명 모두 실험데이터(정량적 기재)를 의견서에 개진하는 것은 인정되지 않고, 비교실험데이터를 개진하는 것은 일반적으로 인정됩니다. 제목이 질문규칙에 맞지 않습니다. [제2조]를 추가해 주세요~", ,,18.07.25
특허법,조문,14조,[14조] 기간의 계산,"안녕하세요 변리사님. 14조 기간의 계산 4호에서 특허에 관한 절차에서 마지막 날이 공휴일(근로자날 및 토요일)이면 그 다음날로 만료한다. 라고 되어있는데 여기서 '특허에 관한 절차'는 법정기간, 지정기간, 심결에 대한 소 제소기간도 제외라고 알고 있습니다. 그렇다면 55조,56조에서 나오는 우선권주장의 보정 또는 추가의 기간 1년 4개월은 이 조문에서 제외되어 1년 4개월의 해당하는 날로 만료되는 것인가요?","답변드리면, 잘못 알고 있습니다. 심결취소소송 제기기간은 제외되지만, 법정기간, 지정기간이 제외되는 것은 아닙니다. 구체적으로, 당사자가 밟아야 하는 기간이 아닌 경우 제외됩니다. 따라서, 우선권주장의 보정 또는 추가의 기간은 당사자가 밟아야 하는 기간이기 때문에 제외되지 않습니다.", ,,18.07.26
특허법,조문,8조,[8조] 복대리인과 임의대리권의 불소멸 사유,"복대리인의 대리권은 본인 또는 대리인이 수권행위를 철회한 경우에 당연히 소멸하지만 법 제8조의 임의대리권의 불소멸 사유에 의하여 소멸하지 아니한다. 여기에서 제8조의 불소멸사유는 본인의 사행합수, 법정대리인의 사행소변인데 교과서를 읽어보면 [(3) 대리인이 사망한 경우]라는 제목 아래 쓰여 있어서 임의대리인이 사망한 경우에도 적용하는 것 같아 보이는데요.. 복대리인의 대리권이 법정대리인이 아닌 '임의대리인'의 사망, 행위능력 상실, 대리권의 소멸이나 변경의 경우에도 소멸하지 않나요?",네. 임의대리권의 소멸사유가 있더라도 복대리권은 소멸하지 않습니다, ,,18.08.21
특허법,문제,2조,컴퓨터프로그램 관련 발명에 관해서,객관식특허법에서 '현행 특허법상 등록의 대상이 되는 발명으로서의 성립이 가능한지 여부를 올바르게 표시한것은?' 이란 질문에 대한 보기로 ㄷ. 컴퓨터로 읽을 수 있는 매체에 저장된 프로그램 ㅋ. 병원업무자동화 프로그램과 결합한 전산시스템 이 두 가지가 발명으로서의 성립이 가능한 이유를 모르겠습니다. ㄷ. 같은 경우 'usb에 저장된 프로그램'으로 해석해도 맞는 말인지 ㄹ. 의 경우 '전산시스템'을 프로그램이 결합된 '장치'로 볼 수 있는지 아니면 전혀 틀리게 해석한건지 알려주시면 감사하겠습니다 추가로 이 부분이 너무 이해가 안가서그러는데 '컴퓨터 프로그램에 의한 정보처리가 하드웨어를 이용해 구체적으로 실현되는 경우'에 해당하는 쉽게 생각할 수 있는 간단한 예로 어떤 것이 있나요? 저작자 표시컨텐츠변경비영리,"ㄷ. 맞습니다. ㄹ. 시스템은 물건발명의 하나의 유형입니다. 예륻 들어, a단계, b단계, c단계를 포함하는 온라인에서 고스톱을 치는 방법이라고 했을 때, a단계, b단계, c단계가 하드웨어(컴퓨터)의 어떤 구성을 이용하여 실현되는지가 발명의 설명에 명시되어 있어야 한다는 것입니다. 열공하세요~",그러면 ㄷ의 경우 같은 프로그램이라도 그냥 출원하면 거절되고 저장매체에 저장하여 출원하면 등록이 되는건가요?,네. 그렇습니다. 기본서를 한 번 정독해 보세요~,18.09.02
특허법,조문,6조,[6조] 임의대리인의 특허 출원이 특별수권행위인지 여부,안녕하세요. 특허법 6조에 관해 궁금한 점이 있습니다. 조문을 보면 6조 1호 : 특허출원의 변경 포기 취하 - 는 특별수권행위라고 나와있는데 '출원' 그 자체도 6조 1호에 해당이 되는 것인가요? 아니면 '특허출원의 변경'은 '변경출원'만을 의미하는 건가요?,변경출원만 해당합니다. 열공하세요~, ,,18.09.03
특허법,조문,2조,[2조] 정보저장장치의 발명의 성립성에 관하여 질문드립니다.,"안녕하세요. 임변리사님 교재 항상 잘 쓰고있습니다. 문제를 풀던 중 궁금한 내용이 생겨 질문드립니다. 10판 객관식 교재에 ""녹음된 음악에만 특징이 있는 CD""가 특허법상 발명으로 볼 수 없다고 합니다. 정보를 단순히 제시할 뿐이어서 발명의 성립성에서 문제가 있다고 해설이 되어있습니다. 정보가 든 것을 특징으로하는 정보저장장치이기 때문이겠죠. 궁금한 것은 다음과 같습니다. 1 '정보저장장치' 그 자체는 전체로서 자연법칙을 이용하고, 기술적 사상이며 창작성있는 고도한 것이므로 물건발명으로서 발명의 성립성이 있습니다. 저는 여기에 '저장된 정보를 특징으로 하는' 이라고 한정을 하는 것은 발명에 대한 부가일 뿐이라고 생각합니다. ""정보를 단순히 제시할 뿐"" 이라고 해석하기에는, 청구범위에서 특정하는 발명이 '정보'가 아니라 정보로서 한정하는 '정보저장장치'이기 때문입니다. 즉 '저장된 정보를 특징으로 하는 정보저장장치'의 경우 발명의 성립성으로 인한 산업상이용가능성(29조 1항 본문) 이 아닌 그 기재방식(42조)이나 진보성(29조 2항) 등의 이유로 거절을 해야한다고 생각합니다. 2 '학습자가 만화이미지 등을 통하여 효과적으로 한자학습을 할 수 있도록 하는 한자학습교재' 는 발명의 성립성이 있습니다. 이를 '학습자가 효과적으로 한자학습을 할 수 있도록 하는 만화이미지 등을 특징으로하는 한자학습교재'로 바꾼다면 청구범위는 바뀌었으나 발명 그 자체는 바뀌지 않는 것 같습니다. 한편 후자의 경우 '저장된 정보를 특징으로하는 정보저장장치'라는 형식과 대응시킬 수 있는 것 같습니다. 이 경우 발명은 동일하지만 전자의 방식으로 청구범위 기재시 발명의 성립성이 있고, 후자의 방식으로 청구범위를 기재하면 발명의 성립성이 없게 됩니다. 발명의 성립성은 발명 그 자체로 해석하고, 청구범위 기재방식 위반은 별도로 고려해야한다고 생각했는데, 같은 발명에 대한 청구범위 기재방식 차이에 의해 발명의 성립성 여부가 달라지게 되니 혼란스럽습니다. 제가 여기서 어떠한 잘못된 해석을 했는지 알려주셨으면 합니다. 감사합니다.","안녕하세요? 1. 녹음된 음악에만 특징이 있는 CD는, 음악이 기술적 사상이 아닌 표현을 달리한 것이기 때문에 저작권법의 보호대상에 해당합니다. 즉, 녹음된 음악은 발명의 성립성이 인정되지 않는다는 것입니다. 2. 학습자가 만화이미지 등을 통하여 학습을 할 수 있도록 하는것은 표현이 아닌 기술적 사상이기 때문에 발명의 성립성이 인정된다는 것이 판례의 요지입니다. 열공하세요~", ,,18.09.04
특허법,조문,2조,[2조] 비발명의 자기창고 질문드립니다.,"안녕하세요 임병운 변리사님 궁금한 점이 생겨 질문드립니다. 1. 비발명 중에서 미적 창작물은 기술이 아니므로 기에 반한다고 설명해주셨습니다. 그럼 미적 창작물이 자연법칙엔 반하지 않는다는 말인 것 같은데, 이 부분이 이해되지 않습니다.. 어떻게 해서 미적 창작물이 자연법칙엔 해당되는건가요?? 2. 비발명 중 정보의 단순한 제시 도 기에 반하고 자연법칙엔 반하지 않는 것 같은데, 1번 질문과 비슷하게 정보의 단순한 제시가 어떤 자연법칙에 해당하여 자에 반하지 않는지 궁금합니다. 감사합니다.","안녕하세요? 논리가 잘못되었습니다. 미적 창작물이나 정보의 단순한 제시가 기술적 사상이 아니라고 해서, 항상 자연법칙에 반하지 않는 것이 아니라, 자연법칙에 반하는지 여부는 개별적으로 판단하는 것입니다. 열공하세요~", ,,18.09.08
특허법,조문,5조1항,[5조1항]재외자의 특허관리인 질문드립니다.,재외자와 재내자가 같이 절차를 밟을경우 11호 각호에 규정된 사항은 같이 해야할텐데 이때 재외자가 행위능력이없어도 (특허관리인이 없어서) 재내자 때문에 규정된 사항을 같이할수 있는지요?,특허관리인을 통해 해야 합니다. 기본서를 정독해 보세요~, ,,18.09.29
특허법,조문,14조,[14조]기간계산 질문입니다,"안녕하세요 변리사님 기간의 계산에서 민법과의 차이를 예전 강의에서 설명해주셨는데, 어떤 차이가 있었는지 기억이 안나서 질문드립니다. 직접 책 비교로 찾아봤는데 근로자의 날 포함 유무를 제외하고는 자연적, 역법적 계산방법에서 차이를 모르겠습니다. 차이가 없는데 제가 차이가 있다고 착각하고 있는건지 궁금합니다. 감사합니다. 저작자 표시컨텐츠변경비영리","안녕하세요? ""주""와 관련하여 자연적 계산방법에 의한다는 것의 차이도 있습니다. 열공하세요~", ,,18.10.18
특허법,문제,20조,20조] 절차의 중단,객관식 문제집에서 절차의 중단사유에 해당하지 않는 것을 묻는 문제가 있습니다. 재외자의 특허관리인이 사망하면 당사자 교체가 없어도 되기 때문에 절차가 중단되지 않는다고 하는데 그 이유가 궁금합니다. 특허관리인이 사망하면 절차를 밟는 당사자가 교체되는 것 아닌가요?,대리인이 교체되는 것과 당사자가 교체되는 것을 혼동하고 있습니다. 열공하세요~ 답글기능 더보기, ,,18.11.07
특허법,문제,11조,11조] 대표자가 2인이상일 경우,"객관식문제 절차의 중단사유 파트를 풀다가 2인의 대표자 중 1인이 사망한 때 절차가 중단되지 않는다.(O) 라는 지문을 보다가 대표자 2인 이상일 경우의 절차진행방식이 궁금해졌는데요! 1. 대표자가 2인 이상이라는게 A B C D 4명이 공동출원인이라 하였을때 A B C D 모두의 공통된 대표자가 2명이라는 것인가요? 아니면 A B 의 대표자는 A // C와 D의 대표자는 C 이렇게 각 출원인별로 대표자가 정해져서 2명이 되는 것인가요? 상식적으로 후자일것같긴 한데 후자의 경우, 위 객관식지문에서 AB의 대표자 A, CD의 대표자 C 중에서 A 사망시 C가 ABCD 모두를 대표하게 되는 어찌보면 납득이 잘 안되는 결론이 나옵니다. 2. 이지특허법을 보면 대표자는 2인 이상도 선정 가능하며 이 경우 각자대표의 원칙이 준용된다는데, 11조 1항 각호 외 : 당연히 각자대표일텐데 11조 1항 각호 : 공동절차수행 or 각자대표 둘 중 무엇을 따르나요? 11조 1항 각호의 경우에, 만일 1번 질문에서 대표자 2인이 공동출원인 (ABCD)모두의 공동대표자라면 다른 당사자의 동의만 받으면 대리의 법리를 유추해서 대표자 아무나 각자대표하여 다른 당사자의 동의만 받으면 가능할 것같은데 1번 질문에서 대표자 2인이 각각 AB와 CD의 대표자라면 당연히 공동절차수행을 해야 할 것 같구.. 즉!! 요약하면 제 생각에 대표자 2인 이상이라는 것은 아마도 AB와 CD 이렇게 각 출원인별로 원하는 대표자가 다를때 2인 이상이 될테고, 이에 따라 당연히 11조 1항 각호의 경우에는 공동으로 절차를 밟는게 옳을 것 같은데 이럴 경우, AB만의 대표자 A, CD만의 대표자 C 중에서 A 사망시 그대로 절차가 중단되지 않고, C가 ABCD 모두를 대표하여 절차를 이어나간다는게 잘 이해가 안돼서 질문드렸습니다! 질문을 나름 최대한 정리하려했는데 그래도 많이 긴 것 같네요ㅠㅠ 답변부탁드립니다! 감사합니다!",1. 전자를 말합니다. 2. 제11조제1항각호는 대표자 전원이 해야 합니다. 다른 대표자도 당사자이기 때문입니다. 열공하세요~, ,,18.11.12
특허법,조문,7조의2,[7조의2] 행위능력 등의 흠에 대한 추인,"7조의2를 보면 법조문상 ""행위능력 또는 법정대리권이 없거나 특허에 관한 절차를 밟는데 필요한 권한의 위임에 흠이 있는 자가 밟은 절차는 보정된 당사자나 법정대리인이 추인하면 행위시로 소급하여 효력 발생"" 과 같이 나오는데, 조문 중 1. ""보정된 당사자나 법정대리인""에서 ""보정된""이란 당사자와 법정대리인 모두 수식하는 것인가요? 즉 조문 앞부분의 ""행위능력,법정대리권,절차 밟는데 필요한 권한의 위임에 흠이 있는자""와 동일인인 것인가요? 만일 아니라면 기존부터 있던 법정대리인이나 추인하면 소급효가 있다는 것인데, 원래 3조1항이나 6조 위반의 경우 46조의 절차보정사유인데 이렇게 추인을 하게 되면 이 46조에 해당하는 절차상 하자가 치유되는 것인가요? 2. ""법정대리권이 없거나 특허에 관한 절차를 밟는데 필요한 권한의 위임에 흠이 있는 자""란 결국 출원인과 관계없는 ""무권리자""와 유사한 개념인가요? 단지 법정대리권 없다, 절차 밟는데 필요한 권한이 없다 라고 소극적으로 표현하니 범위가 넓게 해석됩니다. 즉, 아무나 임의의 자의 발명을 출원하여 절차를 밟아도 이후에 보정된 당사자나 법정대리인이 추인하면 소급효를 인정해주는 것인가요? 3. 보정된 당사자에는 특허에 관한 절차 밟는데 필요한 권한을 갖춘 임의대리인도 포함되나요? 예를들어, 원래 임의대리인이 6조에 해당하는 행위에 대한 권한이 없어 보정사유였었는데, 이후에 그 출원인으로부터 이 권한을 얻게 되어(보정된 당사자가 되어) 자신의 행위를 추인하면 이것도 소급효가 인정되는 것인가요? 전체적으로 7조의2의 의미가 자세히 파고드니 16,46조와도 엮여서 혼동이 오고 용어의미 파악이 잘 안됩니다. 중요조문은 아니니 가볍게 암기하듯 외우고 넘기는게 좋을까요?? 답변부탁드립니다!","1. 당사자만 수식합니다. 소급효가 인정되더라도 법적 안정성을 훼손하는 것도 아니고, 입법취지가 행위제한능력자를 보호하기 위함인데 추인을 하더라도 그 취지에 반하지 않기 때문입니다. 2. 일반적으로 대리권이 없는 자가 절차를 밟은 경우를 말합니다. 3. 법 제6조 위반의 경우는 제46조의 절차보정사유로서 추인이 아닌 위임장을 제출하는 보정하면 그 흠이 치유됩니다. 열공하세요~", ,,18.11.12
특허법,문제,16조,"[16조] 보정서 제출, 수리 질문입니다.","안녕하세요 임병웅 변리사님. 객관식풀다 의문사항이 생겨 질문드립니다. 1. 문제: 미성년자 갑을 특허출원인으로 하고, 그 법정대리인 을이 특허출원절차를 밟았다. 그 후 갑은 을에게 말하지 않고 명세서 또는 도면을 보정하는 보정서를 특허청장에게 제출하였다. 그런데 갑이 미성년자임을 안 특허청장은 그 법정대리인 을에게 절차의 보정을 명했더니 지정한 기간보다 늦게 절차의 보정서를 제출하였다. 2번 보기: 특허청장은 지정기간보다 늦게 제출한 절차 보정서를 수리하거나 그것을 채용해서는 안 된다. 틀린보기이고 해설에는 2번 해설: 절차무효처분은 재량행위이며, 지정기간 경과 후 무효처분통지서의 발송일 전에 보정서가 제출퇴어 출원의 흠결이 치유된 경우에는 무효처분을 하지 아니하고 보정서를 수리한다. 여기서 지정기간을 지나 제출했는데, 보정서를 '수리하지않거나', '수리할 수 있다' 아닌 수리한다 인가요? 3번 보기: 특허청장은 보정명령을 발하였고, 이에 대해 을의 절차보정서가 제출되었으나 그거은 지정기간 내에 제출하지 않은 것이므로 갑이 한 절차를 무효로 할 수 있다. 3번 보기가 맞는보기인데, 2번해설과 충돌하는 것 같아서 헷갈립니다. 2. '조약우선권주장출원 및 국내우선권주장출원이 우선기간을 경과한 경우에는 방식위반으로서 절차보정사유에 해당한다.' 이미 우선기간에 지난 경우, 절차를 보정할 수가 없다고 생각해서 불수리라고 생각했었습니다. 왜 절차보정사유인지 궁금합니다. 보보정이 어떻게 가능한가요?? 감사합니다.",안녕하세요? 1. 이론적으로는 수리할 수 있다가 더 맞는 표현이겠네요. 해설은 실무에서 수리하고 있다는 것입니다. 2. 절차보정사유라고 해서 모두 보정이 가능한 것은 아닙니다. 출원은 인정을 해 줄 필요가 있기 때문에 주장만 무효로 하는 것입니다. 열공하세요~, ,,18.11.16
특허법,문제,16조,"[제16조](+#46, #82)- 제3자의 심사청구 후 보정에 의해 청구항이 늘어나는 경우 [객관식 12판 89번 문제]","안녕하세요. 임변리사님. 특허에 관한 절차 일반에 대해서 문제를 풀다가 궁금한 점이 있어서 이렇게 질문드립니다. 여기서 객관식 89번 문제를 보면, 甲은 자신의 발명에 대해 청구범위에 2개의 청구항 (1항. A, 2항. B)을 기재하여 출원하였고 이후 甲의 출원은 공개가 되었다. 한편, 甲과 경쟁관계에 있는 동종의 사업체를 운영하고 있는 乙은 甲의 출원발명이 공개된 것을 알고 甲의 출원에 대해 심사청구를 하였다. 한편, 乙의 심사청구 후 甲은 자신의 출원에 대해 검토해본 결과 발명의 설명에만 기재되고 청구범위에 기재되지 않은 내용을 발견하게 되었고 청구범위에 청구항 2개를 추가하는 보정(3항. C, 4항. D)을 하였다. ① 甲의 보정에 대한 보정료는 甲이 납부하여야 하며, 보정료를 납부하지 않은 경우 특허청장이 기간을 정하여 보정료 납부에 대한 보정을 명하여야 한다. ② ①의 경우, 특허청장은 기간 내 보정료 납부에 대한 보정을 하지 않은 경우 甲의 보정을 무효로 할 수 있다. ③ ②의 경우 특허청장은 乙의 심사청구 순서에 따라 2개의 청구항 (1항. A, 2항. B)에 대한 실체심사를 진행한다. ④ 증가된 청구항 2개(3항. C, 4항. D)에 대한 심사청구료는 甲이 납부하여야 한다. ⑤ 증가된 청구항 2개(3항. C, 4항. D)에 대한 심사청구료를 납부하지 않은 경우 甲의 보정을 무효로 할 수 있다. 특허출원 후 제3자가 심사청구한 뒤, 출원인이 청구항을 증가하는 보정을 하면 그에 대한 보정료와 심사청구료는 출원인이 내야하므로 1번(제82조제1항)과 4번(제82조제2항)이 맞고, 내지 않는 경우에는 특허청장은 절차보정을 명하고(제46조), 보정하지 않으면 해당 보정(청구항을 늘리는 보정)을 무효로 하므로(제16조), 2번과 5번도 맞습니다. 결국에는 보정 자체가 처음부터 없었던 것이 되므로, 청구항은 (1항. A, 2항. B) 의 상태이고, 을이 심사청구를 하였기에, 순서에 따라 실체심사는 (1항. A, 2항. B)에 대해서 진행하는 것이 맞으므로 3번도 맞는 지문인 것 같은데, 답은 3번이라고 적혀 있습니다. 해설을 보아도 3번이 오히려 맞는 지문인 것처럼 나와 있습니다. 그래서 아예 답이 없는 것으로 보이는데, 이에 관해 답변 주시면 감사하겠습니다. (정오표에서도 해당 번호에 대한 것은 없었기에 이렇게 문의드립니다.) 저작자 표시컨텐츠변경비영리",안녕하세요? 책에 오류가 있는 경우는 극히 드문 경우입니다. 3번은 특허청장이 아닌 심사관이 실체심사를 하기 때문에 틀린 지문입니다. 열공하세요~ 답글기능 더보기, ,,18.11.23
특허법,조문,22조,22조 3항 4항 차이 질문드립니다,"변리사님 안녕하세요! 22조 수계신청과 관련하여 3항과 4항이 어떤 차이점이 있는 것인지 궁금합니다. 시기적으로 결정 또는 심결 등본 송달후에 수계신청을 한 경우 4항이 적용되는 것이고, 그 이외 시기에 한 수계신청은 3항이 적용되는것인가요?","안녕하세요? 제3항은 항상 적용되고, 결정 또는 심결 등본 송달후에 제4항은 겹쳐서 적용됩니다. 즉, 수계신청이 이유가 있는지 여부를 먼저 보고, 결정 또는 심결 등본 송달후에는 이유가 있다고 할지라도 수계를 인정하게 할 것인지 판단하게 됩니다. 열공하세요~ 답글기능 더보기", ,,18.11.29
특허법,문제,14조,[14조] 기간의 계산,"안녕하세요??! 특객을 풀다 다시 질문이 생겨서 질문하러 왔습니다 ㅎㅎ 특객 해설을 읽다가 사유가발생한 날이 기산일이 된다와 사유가 발생한 날 다음날이 기산일이 된다는 결국 사유가 발생한 날이 기산일이 초일불산입 떄문에 다음날이 기산일이 된다라는 똑같은 결론에 이른다고 되어있는데, 그럼 조문에서 왜 둘을 나누는 건가요???차이점이 무엇인지 궁금합니다. 180조를 예시로 들면 ①당사자는 특허취소결정 또는 심결 확정 후 재심사유를 안날 부터 30일 이내에 재심을 청구하여야 한다. ② 대리권의 흠을 이유로 재심을 청구하는 경우에 제1항의 기간은 청구인 또는 법정대리인이 특허취소결정등본 또는 심결등본의 송달에 의하여 특허취서결정 또는 심결이 있는 것을 안날의 다음날부터 기산한다. 라고해서 둘이 기산일이 다른데 혹시 원칙과 예외의 차이인가요???ㅠㅠㅠ 저작자 표시컨텐츠변경비영리",안녕하세요? 구별의 실익이 없습니다. 법 개정 당시의 트렌드에 따라 달리 규정하지 않았나 싶네요. 열공하세요~, ,,18.11.30
특허법,조문,,재외자 공동출원,임병웅 변리사님! 안녕하세요? ^^ 불수리 사유 중 '재외자가 특허관리인에 의하지 아니하고 제출한 특허출원' 이 포함되어 있는데 '재외자와 재내자가 공동으로 출원한 경우 그 출원은 적합하다.' 이 부분과 매치가 되지 않아서 질문드립니다! 특허관리인에 의하지 않은 재외자가 재내자와 공동출원을 했을 때 해당 출원이 적합한 이유는 무엇인가요 ?? 좋은 하루 보내세요~!,"안녕하세요? 재외자의 행위능력을 인정하지 않은 이유는 절차의 원활한 진행을 위해서입니다. 그런데, 공동출원한 경우에는 재내자가 행위능력이 있고, 법 제11조에 따라 각자대표가 가능하기 때문에, 수리를 하더라도 절차를 원활히 진행할 수 있습니다. 열공하세요~", ,,18.12.04
특허법,조문,29조,[29조] 발명의 성립성 : 의약발명에서 투여용범과 투여용량이 발명의 구성요소로 될 수 있는지에 대해서,"2014후768 판결에서 투여용범과 투여용량이 발명의 구성요소로가 될 수 있다고 판시해주었고, 특허법원 2017.2.3 선고 2016허830 판결에서 진보성 판단의 기준을 제시해주었는데요, 의약발명 분야에서 투여주기 등 투여용법을 찾아나가는 과정과 방법이 잘 알려져 있고 따라서 공지된 의약물의 약효 증대와 부작용 감소라는 과제를 해결하기 위해서 독성이나 부작용 등 문제가 발생하지 않는 범위 내에서 소망하는 효과가 나타나도록 투여 용량, 주기 등 투여방법을 최적화하는 것은 통상 기술자의 통상 창작능력 범위 내에 속한다고 할 것이고, 다만 특별한 사정이 없는 한 특정한 투여용법이나 투여용량으로 인하여 나타난 유리한 효과가 통상의 기술자가 당해 의약발명의 약리효과가 온전히 유지되면서 독성이나 부작용이 최소화되는 특정한투여용법이나 투여용량을 선행발명 또는 공지 발명으로부터 예측할 수 없었던 경우에는 진보성이 부정되지 아니한다. 질문 내용은, 독성이나 부작용이 나타나지 않도록 적정한 투여용량을 찾거나 투여주기 등 투여방법을 찾아나가는 과정이 통상 기술자에게 잘 알려져 있는데도, 그 방법대로 찾아낸 효과가 현저하다면 진보성을 인정한다는 것인가요? 유리한 효과를 찾아나가는 방법 자체가 통상 기술자에게 잘 알려져 있는데, 그 방법대로 해봤더니 유리한 효과를 얻었을 때 진보성을 인정해준다는게 뭔가 이상한 것 같아서 질문드립니다.","일반적으로는 진보성이 부정되지만, 현저한 효과(예측 불가)인 경우에는 진보성을 인정한다는 것입니다. 질문규칙에 맞지 않습니다. 제목을 수정해 주세요~", ,,18.12.05
특허법,문제,5조,[5조] 특허관리인에 관한 질문입니다,"안녕하세요 변리사님. 객관식 문제를 풀다가 궁금한 것이 생겨 질문드립니다 객관식 40번 문제를 보면 5번보기가. '특허관리인은 특허청장이 한 처분에 관한 소송에 대해서는 본인을 대리 할 수 없다' 인데요 틀린 선지라고 되어있습니다. 특허법 5조에 따르면 '특허관리인은 위임된 권한의 범위에서 특허에 관한 모든 절차 및 이 법 또는 이 법에 따른 명령에 따라 행정청이 한 처분에 관한 소송에서 본인을 대리한다'라고 되어있는데요 그렇다면 해당 보기가 틀린이유는, 특허청이 한 처분이 아니라 특허청장이 한 처분이라서 인가요?? 만약 그렇다면 특허청이 한 처분은 따로 뭐가 있는건지요?? 감사합니다 저작자 표시컨텐츠변경비영리","안녕하세요? 뭘 물어보는지 잘 모르겠네요. 선해하면, 대리할 수 있는데, 없다고 표현한 것이기 때문에 틀린 지문입니다. 열공하세요~ 답글기능 더보기", ,,18.12.06
특허법,문제,11조,[11조] 대리인에 관한 질문입니다,"안녕하세요 변리사님. 객관식 문제를 풀다가 궁금한 것이 생겨 질문드립니다 객관식 55번 문제의 2번보기를 보면 '복수의 당사자 중 일부만 대리인을 선임한 경우 그 대리인은 전원을 대표하여 특허에 관한 절차를 밟을 수 있고, 특허법 11조 제1항 각호에 규정된 절차에 관하여도 전원을 대표하여 절차를 밟을 수 있다'라는 보기가 틀린보기 인데요. 만약 이 경우에 대리인을 선임한 본인이 대표자였으면, 다른 당사자들의 동의만 받아서 단독으로 절차를 밟을 수 있는 것인가요? 감사합니다.",안녕하세요? 네. 그렇습니다., ,,18.12.06
특허법,문제,14조,[14조] 기간의 계산에 관한 질문입니다,"안녕하세요 변리사님. 객관식 문제를 풀다가 궁금한 것이 생겨 질문드립니다 기간의 계산에 관해서 여러 보기를 보다보니 헷갈려서 질문드립니다. 질문1 69번 문제의 4번보기를 보면, 무권리자의 특허가 2023년 5월 28일에 무효심결이 확정되고, 이러한 경우 정당한 권리자가 2023년 6월 26일까지 출원하면 출원일을 소급받을 수 있다고 나와있습니다. 이 경우 2023년 5월 28일부터 30일이 기산되는 것은, 연/월/주가 아니고 일로 계산하기 때문에 그런것인가요? 만약 초일불산입의 원칙이 적용된다면 종기일이 2023년 6월 27일이 되어야 하는 것 같아서 질문드립니다. 질문2 315번 문제의 1번 보기를 보면 무권리자 출원임을 이유로 2019년 5월 1일 거절결정등본이 송달된 상황인데요, [1번보기가 19년 5월 31일까지 거절결정에 대한 불복심판을 청구하지 아니하면 거절결정이 확정된다(ㅇ) 인데 만약 질문1에 제가 생각한것처럼 '일'이라서 초일불산입 원칙이 적용되지 않는다면, 여기서도 마찬가지로 1일부터 30일을 기산해 30까지 불복심판을 청구해야 할 것 같은데, 여기서는 왜 2일부터 기산이 되었나요?? 질문3 356번 (자)보기의 해설을 보면, 2016년 3월 15일(출원일)부터 30일인 2016년 4월 14일까지 명세서에 청구범위를 보정을 하여야 한다고 되어있는데요. '일'로 계산해 초일불산입이 된다면 15일부터 30일을 세면, 4월 13일로 기일이 만료되고 초일불산입해 익일(16일)부터 30일을 센다면 4월 14일에 만료가 되는 상황입니다. 해설을 보면 여기서도 초일이 불산입 되었는데요. 그러니까 결국은, 질문1과 비교해보면 '일'로 계산하기때문에 초일이 산입되는 건 아닌거 같은데... 이렇게 차이가 나는 이유는 무엇이죠? 감사합니다",안녕하세요? 1. 0시에 확정되니 초일이 산입됩니다. 2. 0시에 등본송달이 안되니 초일이 불산입됩니다. 3. 0시에 출원하지 않으니 초일이 불산입됩니다., ,,18.12.06
특허법,조문,2조,2조] 발명의 성립성 판단기준,"안녕하세요? 임병웅 변리사님 도해를 회독하다가, ""고도성 판단은 완성시로 하여야...""라는 문구를 봤는데 고도성=>발명의성립성 판단시점도 그렇고, 이를 우회적으로 거절하는 산업상이용가능성의 판단시점도 그렇고 ""출원시""로 기재 돼있는데 어떻게 이해하는게 좋을까요? 감사합니다.","안녕하세요? 고도성은 심사관이 판단하는 것이 아니라, 출원인이 판단하는 것입니다. 열공하세요", ,,18.12.08
특허법,문제,11조,[11조] 절차의 중단 질문입니다.,"안녕하세요 임병웅 변리사님 객관식 문제집풀다가 궁금한 사항이 생겨 질문드립니다. 전에 했던 다른분들 질문을 봐도 잘 모르겠어서 새로 질문드려요. 절차의 중단에서 1인에게 생긴 사유는 모두에게 영향을 미치므로 당사자 1인의 사망시, 절차가 중단되는 것으로 이해했는데요. 당사자 A, B, C, D 중 대표자를 A, B로 선발한 경우, '2인의 대표자 중 1인이 사망한 경우엔 절차가 중단되지 않는다'고 지문에서 보았습니다.( 참고: 특객 99번 5번 보기 ) 대표자를 정하지 않은 당사자 1인의 사망과 2인 이상의 대표자를 정한 경우 대표자 1인의 사망을 다르게 보는것이 맞나요? 감사합니다. 저작자 표시컨텐츠변경비영리","안녕하세요? 대표자가 있으면 대표자가 절차를 수행할 수 있기 때문에, 절차가 중단되지 않는다고 해석됩니다. 열공하세요~ 답글기능 더보기", ,,18.12.14
특허법,조문,2조,[2조] 특허법상 실시,"특허발명이 의약품발명인 경우, 약사법에 따른 의약품의 품목허가를 위한 시험, 연구에 그 의약품을 사용하는 행위가 실시에 해당한다고 되어있는데 그렇다면 실시에는 해당되지만 96조에 의해 특허법의 효력이 미치지 않을 뿐인건가요?",네. 실시와 침해는 별개의 개념입니다. 제목이 질문규칙에 맞지 않으니 수정해 주세요~, ,,18.12.18
특허법,조문,2조,[2조] 방법발명과 물건발명의 동일성여부,제가 공부하다가 갑자기 이상한게 헷갈려서 그러는데요ㅠㅠ 물건발명과 물건을 생산하는 방법발명의 등록 가능성 판단할때 방법발명이 선출원일때 후출원인 물건발명은 실질적 동일성이 잇는데 물건방명이 선출원일때 후출원인 방법발명은 동일성이 없다고 하잖아요... 근데 동일성비교대상이 둘다 방1과 물건 발명인데 왜 하나는 실질적 동일성잇다고 하고 왜 하나는 동일성이 없다고 하는지 이해가 잘가지 않습니다ㅠㅠ 그리고 동일성 비교할때 후출원을 기준으로 선출원을 비교하는건가요? 그러니까 동일성 그림 그릴때 동일성영역을 판단하는게 후출원의 원의 바깥쪽으로 판단하는건가요 선출원의 원의 바깥으로 판단하는건가요?,"1. 물건발명이 선출원이고, 방법발명이 후출원이면 기존의 물건발명을 제조하는 방법과 다른 방법으로 물건을 제조할 수 있기 때문에 일반적으로 동일성이 없는 것이고, 방법발명이 선출원이고, 물건발명이 후출원이면 방법에 의해 제조된 물건과 다른 물건이 될 수 없기 때문에 동일성이 있는 것입니다. 2. 선출원의 바깥에 있으면 동일성이 있고, 안에 있으면 동일성이 없습니다. 열공하세요~", ,,18.12.18
특허법,문제,5조,[5조] 특허관리인의 권한,작년 객관식 40번문제 ㄹ보기 에서 특허관리인은 특별히 권한을 위임받지 않앗더라도 해당 특허권 침해에 다한 침해금지청구권과 손해배상 청구권을 행사할구잇다 이문제에 대한 해설이 위 두개의 소송은 특허에 관한 절차에 포함되지않으므로 특별수권사항이다 라고나와잇습니다! 근데 특허관리인은 어쨋든 임의대리인인데 특별수권을 받지않아도되는 기본 대리범위가 어느정도인가를 모르겟습니다 5조1항에 나와잇는 특허에 관한절차랑 행정청의 소 제기가 기본대리권인가요? 그리고 만약에 저게 맞다면 문제에 두 소송이 특허에 관한 절차에 포함되지 않는다는것이 침해금지소송이랑 손해배상청구권은 행정청이 한 처분에 대한 소가 아닌 민형사소송이여서 그런게 맞나요? 너무 두서없이적어서 죄송합니다ㅠㅠ,"안녕하세요? 특허에 관한 절차는 심판원까지의 절차를 말합니다. 법원에 소 제기는 특허에 관한 절차범위를 벗어나는데, 다만, 심결취소소송은 행정청이 한 처분에 대한 소이기 때문에 인정됩니다. 침해소송은 특허법의 범위를 벗어나서 특허법이 적용되는 것이 아니라 소송법이 적용됩니다. 열공하세요~ 답글기능 더보기", ,,18.12.21
특허법,문제,시규11조,[시규11조] 불수리사유,안녕하세요 작년 객관식기준 243번 가번 보기에 청구범위를 기재하지 않고 조기공개 신청을 하는경우 출원이 불수리 된다 라는 보기가 오답이고 그 이유는 출원이 불수리 되는것이 아니라 조기공개신청이 불수리된다 라고 나와잇는데 책에 보면 반려시 출원서류등을 반려해야 된다 라고 나와서 저는 불수리가 되면 모든 출원이 전부 반려되는 것인줄알앗는데 절차무효처럼 불수리도 해당하는 절차만 불수리 되는 것인가요?,네. 그렇습니다~, ,,19.01.06
특허법,조문,14조,[14조] 기간계산 질문입니다,주’ 계산에 대해 자연적 계산방법에 따른다 라는것이 예를들어 2주일이라면 14일로 바꿔서 생각하면 된다고 하셨는데 (예전 질문답변) 2주일을 14일로 바꿔서 계산해도 만료일이 똑같이 계산됩니다 어떤 차이가 있는것인지 궁금합니다,"둘 다 자연적 계산방법에 의하므로 당연히 만료일이 똑같이 됩니다. 민법은 ""주""가 역법적, ""일""이 자연적인데 이와 차이가 있다는 것입니다. 민법을 조금 더 살펴 보세요~", ,,19.01.09
특허법,조문,20조,(20조)특허관리인사망,"재외자는 특허관리인에 의하지않고는 행위능력이없는바, 특허관리인은 임의대리인이라 20조4호를 적용은못해도 그를 유추적용하거나, 20조 3호에따라 관리인의사망으로 재외자의행위능력상실이되어 절차중단이 되어야하는거아닌가요? 다시 재외자가 국내체류하거나 다시관리인을선임할때까지요! 특허관리인이사망했는데, 행위능력없는 재외자의 절차가중단안된다는게 잘 이해가안됩니다 ㅜㅜ 재외자보호되어야할거같은데.. 입법불비내지 통설의견해라구 생각해얄까요?","재외자의 행위능력에 대한 취지를 생각해 보면 됩니다. 재외자를 보호하는 것이 아니라 절차의 원활한 진행을 위해 규정을 두고 있는 것입니다. 특허관리인이 사망한 경우 제220조가 적용이 되고, 특허관리인 선임을 빨리 하지 않으면 재외자의 피해로 돌아 옵니다. 열공하세요~", ,,19.01.25
특허법,조문,2조,[2조]방법의 발명을 실질적으로 구현한 물건,"안녕하세요 임병웅 변리사님 판례집 읽다가 확인하고 싶은 사항 있어 글 올립니다. 2017나1001 판례입니다. 물건의 양도에 의한 특허권의 소진을 인정하는 주된 근거는, 특허권자 등에 의하여 제조·판매되는 물건발명 제품을 적법하게 양수한 양수인 등으로서는 그 물건발명 제품의 소유권을 적법하게 취득하였으므로 아무런 제한 없이 그 물건발명 제품을 사용할 수 있을 것으로 기대하는 것이 당연하고, 또한 그 물건발명 제품이 전전유통될 때 양도시마다 특허권자나 전용실시권자의 허락을 받아야 한다면 그 물건발명 제품의 자유로운 유통 및 거래안전을 저해하는 문제가 있으며, 특허권자 등으로서는 그 물건발명 제품을 처음 양도할 때 특허발명의 대가를 확보할 수 있는 기회가 주어지면 족하고, 이들에게 이중의 이득 기회를 줄 필요가 없다는 데 있다. 그런데 이는 방법의 발명(이하 ‘방법발명’이라 한다)을 실질적으로 구현한 물건(이하 ‘방법발명 제품’이라 한다)의 경우에도 마찬가지이다. 즉, 방법발명 제품의 경우에도 특허권자 등에 의하여 제조·판매되는 방법발명 제품을 적법하게 양수한 양수인 등으로서는 그 방법발명 제품의 소유권을 적법하게 취득하였으므로 아무런 제한 없이 그 방법발명 제품을 사용할 수 있을 것으로 기대하는 것이 당연하고, 또한 그 방법발명 제품이 전전유통될 때 양도시마다 특허권자나 전용실시권자의 허락을 받아야 한다면 그 방법발명 제품의 자유로운 유통 및 거래안전을 저해하는 불합리한 결과를 초래한다. 나아가 특허권자나 전용실시권자는 특허법 제127조 제2호의 규정에 의하여 방법발명의 실시에만 사용하는 물건을 생산·양도할 권리를 사실상 독점하고 있어 방법발명 제품의 사용에 따른 특허발명의 실시료를 반영하여 방법발명 제품의 양도가격을 결정하거나 방법발명 제품의 생산·판매를 허락받은 사람으로부터 양수인 등의 특허발명 실시료 상당액을 라이선스의 대가로 징수하는 등의 방법으로 양수인 등의 방법발명 제품 사용 등에 대한 특허발명의 대가를 확보할 수 있으므로, 방법발명 제품의 최초 양도 이후의 사용 내지 재양도 등에 대하여 다시 특허발명의 대가를 확보할 기회를 부여할 필요성도 없다. 여기서 방법의 발명(이하 ‘방법발명’이라 한다)을 실질적으로 구현한 물건(이하 ‘방법발명 제품’이라 한다)의 의미가 1. 방법발명이 물건에 구현되었다. 2. 방법발명을 물건이 구현한다. 중에서 2번 의미가 맞는거죠?? 언제나 친절한 답변에 감사드리며 좋은 일만 있으시길 바랍니다",안녕하세요? 2번이 맞습니다. 새해 복 많이 받으세요~ 제목이 규칙에 맞지 않으니 수정도 해 주시고요~, ,,19.01.30
특허법,조문,8조,특허법 제 8조에서,"1.2.3항에 '본인' 이라는 용어가 있는데, 무엇을 의미하는지요? 특히 3항에서 '본인=수탁자'입니까? '수탁자'가 '신탁을 받은 자'로 해석되는데, 본인과 수탁을 받은 자가 동일인일 수 있는지 모르겠습니다.",안녕하세요? 본인이란 대리인을 선임한 자를 말합니다. 수탁자는 신탁을 받은 자가 맞고요. 열공하세요~,3항에서 본인이 '대리인을 선임한 자'라면 '본인인 수탁자'의 해석을 어떻게 해야 합니까? '대리인을 선임한 자=수탁자' 입니까?,네. 맞습니다.,19.02.28
특허법,문제,,이지 객관식 49번 문제,"다음 사항 중 틀린 것은? 2. 특허청장 또는 심판장은 개임명령전의 절차에 대해서는 특허법 제10조제4항의 규정에 의하여 그 절차를 무효로 할 수는 없다. 해설. 2 선임, 개임 명령후 선임, 개임 전의 기간에 밟은 절차에 대해서 무효로 할 수 있도록 하고 있다.(법 10조4) 입니다. 답은 3번 지문으로 되어 있습니다. 저는 2번 지문도 틀린 것으로 생각했는데요, 해설을 보면 '선임, 개임 명령후'라는 말이 있고 2번 지문에는 없는데 이것 때문에 답이 아닌 것입니까? 아니면 지문에는 '개임명령전의 절차에 대해서는' 이라고 되어 있고 해설에는 '선임, 개임 전의 기간에 밟은 절차에 대해서'라고 되어 있는데 이 차이 때문에 답이 아닌 것입니까? 아니면 다른 이유 때문입니까?","<선임개임명령후~선임개임전>까지의 절차만 무효로 할 수 있고, 섬임개임명령전의 절차를 무효로 할 수 있지 않습니다. 열공하세요~", ,,19.03.04
특허법,조문,,2차 때문에 질문드립니다. ㅠㅠ,2차 책보면 판례가 너무 많은데 1.특허법원 판례를 10대판례 이외에도 다 외워야 되는지... 2.임병웅 변리사님 판례집정도에 있는 특허법원 판례만 봐도 카바가 되는지 궁금합니다,"안녕하세요? 특허법원 판례는 상대적으로 중요도가 떨어집니다. 특별히 논란이 되는 최신 특허법원 판례가 아니라면, 대법원 판례 위주로 공부하면 됩니다. 요약하면, 제 판례집에 있는 정도면 충분합니다. 열공하세요~", ,,19.03.23
특허법,조문,2조,[2조] 미생물 기탁 관련 질문 드립니다,"실체심사는 방식의 흠결이 없는 겅유 실체심사에 착수한다고 알고 있습니다 그런데 출원서에 취지를 기재하지 않고, 그 사실을 증명하는 서류를 첨부하지 않은 상황이 어떻게 실체심사가 가능한지 잘 모르겠습니다 취지를 기재하지 않고 증명서류만 첨부한 경우 또는 취지는 기재하고 증명서류를 첨부하지 않은 경우는 이미 방식심사에서 걸릴텐데요 그럼 상기 두가지(취지 기재도 하지 않고 서류를 첨부하지도 않음)은 최초 출원서에 수탁번호만 기재되었다는 이유로 방식에 흠결이 없는 것으로 보는 것인가요? 궁금합니다","방식심사에서 <기탁관련절차>가 무효가 되고, 따라서 <출원>은 기탁을 하지 않은 것이기 때문에 실체심사에서 발명의 성립성 위반이 됩니다. 열공하세요~", ,,19.04.05
특허법,조문,권리소진,[권리소진]방법발명의 소진에 관해서 문의드립니다.,"2017나1001판례에서, 방법발명제품을 실질적으로 생산하는 행위는, 특허권을 침해하는 행위로 보는데요. 방법발명의 실시는 그 방법발명을 사용하는것으로 2조 3호에서 한정하고 있는데 왜 단순히 방법발명제품을 생산하는 것이 그 방법발명의 실시가 되는것인지 이해가 잘 가지 않습니다.",특허법 제127조의 간접침해를 말하는 것입니다. 제목이 질문규칙에 맞지 않으니 수정해 주세요, ,,19.04.16
특허법,조문,2조,[2조] 3호 실시,"특허발명이 화합물 발명인 경우, 발명의 설명에 기재된 그 화합물의 제조방법과 다른 제조방법으로 생산된 동일한 화합물을 판매하는 행위는 특허법 제2조 제3호에 규정된 실시에 해당한다. (15년 기출, 이지객관식 16p, 보기 5번) 이 경우 제법발명입니다. 이는 2조3호에 명시된 '그 방법을 사용하는 행위'가 아니고, '그 방법에 의하여 생산한 물건'도 아닙니다. 침해가 문제될 것인데 실시와 침해는 구별되어야 하기 때문에 이는 논외로 하고, 이 경우 왜 실시인지 궁금합니다. 저작자 표시컨텐츠변경비영리","화합물 발명은 제법발명이 아니라 물질발명이고, 따라서 법 제2조 제3호 제가목이 적용됩니다. 참고로, 제법발명이 되려면, 화합물을 제조하는 방법발명이어야 합니다. 열공하세요~", ,,19.05.07
특허법,조문,2조,"[2조1호, 42조3항1호] 미완성발명과 기재불비의 경계","임병웅 변리사님 안녕하세요! 완성된 발명인지 판단함에 있어서 최근 2017후523은 “통상의 기술자가 ‘반복실시’ 할수 있고 & 발명이 목적하는 기술적 ‘효과’의 달성가능성을 ‘예상’할 수 있을 정도로 구체적 객관적으로 구성되어있다면 완성된 발명”이라고 하였고, 실시가능요건 충족여부에 대하여 2016후601은 “물건발명에서 통상의 기술자가 과도한 실험이나 특수한 지식을 부가하지 않고서도 발명의 상세한 설명에 기재된 사항에 의해 물건발명 자체를 쉽게 생산하고 이를 ‘사용할 수 있고 & 구체적인 실험 등으로 증명되어있지 않더라도 특허출원당시 기술수준으로 보아 통상의 기술자가 발명 ‘효과’의 발생을 충분히 ‘예측’할수 있다면 본호 충족”이라고 판시하였는데요. <질문> 미완성발명이면 기재불비 하자 생길수 있고(2016허4948), 기재불비라 하여 미완성 발명이라 볼수는 없음(2000허7038)으로 부터 그 포함관계 여부는 별론으로, 위 최근 대법원 판례를 읽어보면, 그 판단기준에 있어 거의 동일한듯 한데, 2조1호와 42조3항1호의 ‘경계’에 관하여, 수험적으로 어떤기준으로 양자를 구분해야 하나요? 수험적으로 택일적인 선택을 해야 하는 상황에서, i)완성되었으나 개시되지 않은 경우 ii)완성이 되지 않은 경우 양자를 문제를 읽고 구별할수있나요? 양자는 연속적인 관계라서 칼 자르듯이 구분할수있는 경계란 따로 없는건가요? 긴 글 읽어주셔서 감사합니다. 답변부탁드립니다 :)","안녕하세요? 경계가 있어야 하지만, 판례가 경계를 나누는 기준을 제시하고 있지 않기 때문에 판례를 비판할 수 있는 수준에 그치면 됩니다. 열공하세요~ 답글기능 더보기", ,,19.06.03
특허법,조문,16조,[16조] 절차의 무효,절차가 무효되어도 조약우선권을 주장할 수 있지만 절차가 불수리(반려)되면 조약우선권 주장의 기초가 될 수 없는 이유가 무엇인가요??,"조약우선권 파트를 공부해 보면, 선출원의 요건 중 정규성을 만족해야 하기 때문입니다. 열공하세요~ 답글기능 더보기", ,,19.07.02
특허법,조문,25조,[25조] 외국인의 권리능력,안녕하세요 25조에 따른 재외자 중 외국인은 거절이유에 해당하지만 특허관리인이 없이 절차를 밟은 경우 반려사유로 보여집니다. 둘 중 어느 사유를 적용해야 하나요?,"안녕하세요? 거절이유는 방식심사에서 수리됨을 전제로 실체심사에서 판단하는 사유입니다. 방식심사에서 불수리되다면 거절이유를 판단할 이유도 없습니다. 다만, 외국인이 재내자이거나 재외자라고 하더라도 특허관리인에 의해 절차를 밟아서, 방식심사에서 수리가 된다면 실체심사에서 권리능력이 있는지 여부를 검토하게 됩니다. 열공하세요~", ,,19.07.15
특허법,문제,28조,28조]서류제출의 예외의 예외,"안녕하세요 객관식 풀다가 궁금증이 생겨서 질문합니다! 우편의 경우라도"" 특허권 및 특허에 관한 등록신청서류""와 ""국제출원에 관한 서류""는 도달주의라고 배웠습니다. 특허법 객관식 책 p.81에서 ""특허출원서""를 우편으로 발송하였을때는 발신주의를 취하고 있다라고 나와있는데 여기서 저는 ""특허출원서""는 ""특허권 및 특허에 관한 등록신청서류""라고 생각하여 도달주의라고 생각하였습니다. 특허출원서는 특허권~등록신청서류에 포함되지 않는지 궁금합니다. 감사합니다!","안녕하세요? 네. 등록신청서류에 포함되지 않습니다. 등록신청서류라고 함은 예를 들어, 제101조나 제118조에 해당하는 경우를 말합니다. 열공하세요~", ,,19.08.19
특허법,조문,4조,4조 법인이 아닌 사단 조문질문,"안녕하세요~ 비법인 사단의 경우 권리능력이 없지만 심판, 재심의 청구인이나 피청구인이 될수 있는 경우에 그 심결 불복하여 소송까지도 당사자로써 할수 있나요? 민사소송에서는 비법인사단의 당사자능력 인정해주는점에서 헷갈리네요. 저작자 표시컨텐츠변경비영리",네. 당사자의 지위가 인정됩니다. 열공하세요~, ,,19.08.27
특허법,조문,2조,[2조] 결합발명의 실시침해판단의 판례태도에 대한 질문입니다.,"안녕하세요 이지18판 첨부된 페이지에 따르면 결합발명의 실시에 대한 침해판단의 예시로 화학제법발명에서 촉매부가발명의 경우를 들고 그에대한 판례의 태도가 기존에는 ""작용효과상의 우월성이 있다면 이용이 아니다"" 라고 하였고 특허요건과 혼동한다는 비판이있으며 일체성이있다면 이용관계로 보는것이 타당하다고 기재되어있고 이후 판례에서 ""수율의 현저한 상승이 있더라도 유기적 결합관계의 일체성이 상실된다고 볼수 없어 이용발명이다"" 라고 종전 판결의 잘못을 바로잡은 것이라고 기재되어있는데요 위 기존 판례문구가 객관식 시험에 지문으로 나올경우 틀린것으로 봐야하는지 옳은것으로 봐야하는지 궁금합니다.",네. 틀린 것으로 보면 됩니다. 열공하세요~, ,,19.10.01
특허법,조문,9조,[제9조] 수인의 공동대리인 중 1인에 대한 송달 질문입니다.,"안녕하세요. 강사님. 이지 특허 회독중 궁금증이 생겨 질문드립니다. 먼저 같은 질문이 있나 찾아보았는데, 9조에서 가장 최근에 올라온 질문이 제 궁금증과 같은 취지의 질문이었습니다. 저는 판례를 가져와봤습니다. 이지특허법에 ""다수의 대리인이 공동대리의 특약을 하였다 하더라도 대외적으로는 효력이 없기 때문에 대리인 각자의 의사에 따라 대리권을 행사할 수 있으며, 특허청 등은 대리인 1인에게만 서류를 송달하면 된다."" 고 나와있습니다. 하지만 2011마1335는 ""당사자에게 여러 소송대리인이 있는 때에는 민사소송법 제93조에 의하여 각자가 당사자를 대리하게 되므로, 여러 사람이 공동으로 대리권을 행사하는 경우 그 중 한 사람에게 송달을 하도록 한 민사소송법 제180조가 적용될 여지가 없어, 법원으로서는 판결정본을 송달함에 있어 여러 소송대리인에게 각각 송달을 하여야 하지만, 그와 같은 경우에도 소송대리인 모두 당사자 본인을 위하여 소송서류를 송달받을 지위에 있으므로 당사자에 대한 판결정본 송달의 효력은 결국 소송대리인 중 1인에게 최초로 판결정본이 송달되었을 때 발생한다고 할 것이다."" 고 합니다. 특허법에서도 제9조(=민사소송법 제93조,개별대리의원칙), 시행령 제18조6항(=민사소송법 제180조,공동대리인중1인에대한송달)와 완전히(특허법에서는 소송대리인에 한정되지 않는 차이는 있지만) 같은 규정이 있는데 왜 민사소송에서와는 다르게 대리인 각자에게 송달을 하지않아도 되는건지 이해가 가지 않습니다. 그리고 특허법 제9조는 ""특허에 관한 절차를 밟는 자의 대리인""에 대한 개별대리원칙을 규정하고있는데, 임의대리인의 일종인 소송대리인에 대하여 개별대리원칙을 규정하고있는 민사소송법 제93조와는 달리 법정대리인도 개별대리원칙이 적용되는 것으로 보입니다. 이렇게 되면 시행령 제18조6항이 적용되는 경우가 거의 없는 것처럼 보여집니다. 공동대리라는게 의미가 여러가지일 수 있지만 사안에서는 당사자 1인에 대한 수인의 대리인이 있는 경우이기 때문에 제11조 복수당사자대표 규정도 적용될 여지가 없어보입니다. 질문을 정리하자면, 1. 제9조 소정의 ""특허에 관한 절차를 밟는 자의 대리인""은 임의대리인과 법정대리인 모두를 지칭하는 것입니까? (조문상 그렇게 보는 것이 맞다고 생각은 합니다.) 2. 어떤 까닭에서 1인에 대한 수인의 대리인 중 1인에 대한 송달이 적법하다고 볼 수 있는 것입니까? 사소한 것에 너무 깊게 파고드는게 좋지않다는 생각도 있긴 하지만, 대리인에 대한 법리의 제 이해도가 부족한 것 같아 질문드립니다. 감사합니다!","안녕하세요? 각종 관련 서류의 검토 및 민소법 강사님들의 자문을 구한 결과, 1. 제9조는 임의대리인을 의미하는 것으로 해석하고 있습니다(출처: 심사기준). 2. 심판편람이나 참고서면에서 모두 1인에 대한 송달이 적법하다고 해석하고 있는데, 왜 심판절차나 특허청에서의 절차가 소송절차와 다른지에 대해서는 언급이 없네요. 참고로 민소법 강사님들에게 문의해 본 결과도 잘 모르겠다고 하네요. 기존에는 아무런 관심이 없었는데 답을 구하고자 여러 문헌을 참아보면서 느낀 생각은, 이를 달리 볼 이유가 없을 것 같다는 것입니다. 다음에는 이지특허법에서 이를 반영하여 문제제기를 해 보겠습니다. 참고로 시험적합성은 없습니다~", ,,19.10.12
특허법,조문,15조,[15조 17조] 기간연장 추후부완,"거불복의경우 특허청장이 청구나 직권으로 30 일을 연장할 수있다. 현재 30일 연장된 상태 1.만약 이때 그 30 일 중에 교통이 불편할경우 15조1항에 의해 30 일 한번더 연장해준다. 2. 만약이때 책임질수 없는사유로 절차를 밟을 수 없는 경우 17조로 추후보완을 할수있다. 이렇게 봐도되는건가요? 3. 15조1항은 법정기간의 연장 186조5항은 연장이아닌 부가기간 의 차이가 있다는게 중요한것같은데 기간관련부분을 한번 모아서 보니 이런 궁금증들이 생깁니다. 16조 2항에서 보정명령을 책임질수없는 사유로 지키지 못했을때 2개월 이내 무효처분취소할수있다. 이부분과 17조의 추후보완과는 별개의 얘긴가요? 4.기간의 경과로인한 구제방법이 추가납부 또는 특허권의 회복, 출원의 회복, 추후보완, 무효취소의 처분등 다 2개월 내 1년미만의 구제가 이루어지고 있습니다. 이것들을 다 절차마다 ""추후부완""이라는 개념이 있네로 봐도 될까요 아니면 그냥 그때그때 구제방법이 있구나 로 이해하는게 맞는걸까요? 5. 이지특허107p에서 거불복, 재심청구외에는 법률로 기간을 정하고있는 심판이 없어서 추후보완인정문제가 불요 라고 되어있는데 그 말씀은 정정심판, 정정무효, 무효심판 등 다른 심판은 책임질수없는 사유로 기간을 못지켜도 추후보완이 안된다는거죠??","1. 네 2. 네 3. 네 4. 추후보완의 정의는 기간을 경과하여 절차를 밟았지만 기간 내에 절차를 밟은 것으로 간주해 주는 것을 말합니다. 추후보완의 개념이 적용되는 법조문은 제17조와 제67조의3이고, 나머지는 정의에 정확히 부합하지 않습니다. 5. 네 열공하세요~", ,,19.10.22
특허법,조문,16조,[16조] 절차의무효,"심판청구서관련 여러조문이 겹쳐있어 여기에 질문드립니다. 심판청구 총 절차에 관한 표를 혼자서 그려봤는데 석연찮은 부분이 있어서 질문드립니다. 기간을 못지키고 행대방수위반이있는 심판청구시 절차를 순서대로 써봤습니다. 1. 심판청구서를 심판원장에게 제출한다. Q1.기간지났음= 법정기간지나고 제출해서 불수리해야하지만 심판청구서는 불수리사유 x 즉, 일단 받는다.?? 2. 심판원장의 방식심사 Q2 행대방수중 '방식'에 해당하는 기간을 못지켰지만 위와같이 그냥 넘어간다.?? 이법에서 정한 방식은 ""기재""에 관한방식이다? 그 외 행대방수 위반사유에대해 보정명령을 내린다. case 1) 보정을 기간 지나서했을경우 - 보정서 불수리. 보정안돼서 방식심사위반 해소못함.16조에 의해 절차무효 = 심판청구절차 무효 =심판청구한적 없는것취급 case2) 보정적법 = 심판청구서 수리 = 심판번호부여 합의체구성 3. case2 일시 심판장의 방식심리 심판청구""서"" 기재사항+ 행대방수 - 위에서 행대방수 통과했고 기재사항도 ok 4. 심판관합의체의 적법성심리도 본안심리전까지 진행 ""심판청구"" 의 적법성여부심리함. Q4이때가 되서야 심판청구서가 제 시기에 제출되었는지 확인. 늦게제출된것이니 심결각하. -> 제 시기에 제출된건지를 보는것은 심판청구서가 방식에 적합한지가 아니고 청구 자체가 적법한지를 보는것이다. 5. 본안심리 못함 Q3. 행대방수에서 방 이 항상 골치거린데, 방이라는게 청구서의 기재불비부터 시작해서 때론 주객시지 의 요건도 포함하는건가요..? 이렇게 정리해봤습니다. 이지특허에있는 표도 참고해보고 다른질문들도 참고해봤는데 찝찝해서 이렇게 질문드립니다ㅠㅠ Q 1234과 제 흐름이맞는지 가 질문입니다!","말씀하신 흐름이 잘 이해가 되지 않네요.ㅜㅜ ""기간 경과하여 심판청구서를 제출한 경우 심판원장이 방식심사에서 불수리하지 않고 수리한 후, 합의체에 사건을 배당하고, 합의체는 심결각하한다."" 라고 이해하면 됩니다. 궁금한 사항 있으면 다시 질문해 주세요~ 답글기능 더보기", ,,19.10.26
특허법,조문,11조,"[11, 16조] 절차의무효2, 복수당사자",밑에질문 다시 간단하게 올려봅니다! 기간이 지난 심판청구서의 경우 심판원장이 방식심사에서 불수리하지않고 수리한다고 하셨는데 심판장의 방식심리에서는 어떻게되는건가요? 적법성 심리가 심판장의 방식심리부터 합의체의 심결까지 그 사이에 하는거면 심결각하전에 심판장의 방식심리에서도 방식심사를 하니까 결정각하될수도 있지않나요? 복수당사자대표에서 대표자를 선정하여 특허청또는 특허심판원에 신고할때는 대표자 단독으로 출기신청우불복권 행위를 할수있다 대표자를 선정하여 특허청또는 특허심판원에 신고할때는 대표자 1인의 명의로 거절결정불복심판 청구인이될수있다. -> 이지문은 11조에있지만 139조에의해 공유자 전원이 해야하므로 틀린지문이고 입법불비인것인데 대표자를 선정하여 특허청 또는 특허심판원에 신고한때는 대표자 단독으로 출기신청우불 행위를 할수있다 ->이지문 또한 11조에 있긴하지만 거불복심판은 대표자단독이 아닌 공동으로 해야해서 틀린지문이아닌가요? 이지객관식 56번문제인데 두번째 지문은 왜 거불복에대해서 입법불비로 틀린지문으로 볼수없는지가 질문입니다.,"1. 심판청구 기간 경과는 방식심리나 방식심사에서 경미한 하자에 해당하지 않습니다. 2. 실질상 입법 불비라고 할지라도, 법이 개정되기 전까지는 법조문 그대로 출제된 것을 틀렸다고 말 할 수 없습니다. 열공하세요~", ,,19.11.04
특허법,조문,2조,2조 발명의 성립성 (전자상거래),개정에서 전자거래 관련 출원이 우선심사대상에서 빠졌는데 이제 전자거래 관련된 애들은 우선 심사대상이 아니라고 보면 되나요? 도해특허법 p12 에 우선심사 대상으로 나와있는데 추록에 이에 대해 언급이 없어 질문드립니다,네. 맞습니다., ,,19.11.21
특허법,조문,7조의2,[7조의2] 추인을 할수있는자에 임의대리인이 포함될수 있는지 여부,"안녕하세요 임병웅 변리사님 해당조문과 관련하여 간략한 질문드립니다. 도움주심에 진심으로 감사드립니다. 7조의2에서 추인할수 있는 자는 ‘보정된 당사자’와 ‘법정대리인’입니다. 여기에 왜 ‘적법하게 수권을 받은 임의대리인’이 빠져있는지 궁금합니다. (몰랐었는데 민사소송법도 동일한 조문이었습니다.) 만약 제한능력자가 행위를 하고, 법정대리인이 선임한 임의대리인이 추인했다면 이것은 법정대리인의 추인으로 볼 수 있는 것이므로 법정대리인의 추인이다고 해석할수 있는것인가요? 저작자 표시컨텐츠변경비영리","네. 그렇게 해석될 것 같네요. 특허법의 영역이 아니라 민법의 영역인 것 같으니, 민법 강사님께 한 번 문의해 보세요~ 답글기능 더보기", ,,19.12.02
특허법,조문,9조,"[9조] 조문상, 심판장에 대하여는 공동대리제한 규정이 유효할수 있는지 여부","안녕하세요 임병웅 변리사님 해당조문과 관련하여 간략한 질문드립니다. 도움주심에 진심으로 감사드립니다. 각자대리의 규정을 보면 ‘심판원장이나 특허청장에 대하여‘라고 되어있습니다. 하지만 심판 절차에서는 증거보전이나 참가와 같이 ’심판장‘에게 서류를 제출하는 경우(시규63, 41을 보면 수령주체에 심판장도 기재되어 있음)가 있습니다. 그렇다면 심판장에 대하여는 공동대리로서 대리권의 제한이 유효할수 있는 것인가요?","제9조에 심판장이 빠져 있지만, 특허청장, 심판원장은 특허청(심판원)에 대한 절차 전반에 걸쳐 적용되는 것으로 해석됩니다.", ,,19.12.02
특허법,조문,10조4항,"[10조4항] 조문상, 심판장에 대하여 한 절차는 무효처분의 대상이 될수 없는지",안녕하세요 임병웅 변리사님 해당조문과 관련하여 간략한 질문드립니다. 도움주심에 진심으로 감사드립니다. 10조4항에서는 ’특허청장 또는 심판원장에 대하여 한 특허에 관한 절차의 전부 또는 일부를 무효로 할 수 있다‘라고 되어있습니다. 당연히 심판장에게 한 특허에 관한 절차도 있을 텐데 심판단계에서 밟은 절차는 그냥 뭉뚱그려 ’심판원장에 대하여 한 절차‘라고 보는 것인가요? 저작자 표시컨텐츠변경비영리,"입법불비입니다. 기존에는 심판원에 대하여 한 절차라고 되어 있었는데, 개정하면서 입법불비가 발생하였습니다. 정리하면, 기존과 같이 해석하면 됩니다. 답글기능 더보기", ,,19.12.02
특허법,조문,22조4항,[22조4항] 등본 송달뒤 사망자의 상속인에게 해당조문이 불리할 수 있는지 여부,"안녕하세요 임병웅 변리사님 해당조문과 관련하여 간략한 질문드립니다. 도움주심에 진심으로 감사드립니다. 22조4항을 보면, 등본이 송달된 후에 중단된 절차에 대하여는 수계를 하게 할 것인지 아닌지를 정합니다. 거절결정등본이 송달된 경우라면 이에 대하여 당사자는 불복하고 싶을 수 있습니다. 하지만 거절결정등본 송달 뒤에 중단된 절차에 대하여 수계를 하게 하지 않는 것으로 결정한다면 사망자의 상속인은 불복할 수 있는 기회를 놓칠 수도 있는데 이는 불합리한 것이라고 생각합니다. 조문에 절차상의 약점이 있는 것인지 아니면 제가 생각을 잘못하고 있는지 궁금합니다.","거절결정등본 송달후에는 당연히 수계를 인정해 줍니다. 그러나, 특허결정등본 송달후에는 수계를 인정할 필요가 없습니다. 이와 같은 결정 등본 송달후에 수계가 필요할 수도 있고 필요하지 않을 수도 있기 때문에, 수계하게 할 것인지 여부를 결정하겠다는 것이 법 제22조제4항의 입법취지입니다.", ,,19.12.02
특허법,조문,20조,[20조] 공동출원에서 1인의 사망이 절차에 미치는 영향,안녕하세요 임병웅 변리사님 해당조문과 관련하여 간략한 질문드립니다. 도움주심에 진심으로 감사드립니다. 20조와 직접적인 연관은 없지만 소극적인 연관이 있어서 이 조문을 제목으로 질문드립니다. 심판단계에서는 139조4항이 있는데 출원단계에는 이와 같은 규정이 없습니다. 그렇다면 대표자가 없는 공동출원에서 전원이 사망하지 않는 한 절차는 중단되지 않는 것인가요?,"규정이 없는데요. 생각해 보면, 상속인을 위해 다른 당사자가 계속 절차를 진행하는 것이 이익이 되므로 중단되지 않은 것이 맞다고 보입니다. 답글기능 더보기 이전 목록으로 이동 1 다음 목록으로 이동", ,,19.12.02
특허법,조문,24조,[24조] 해당조문에서 수계통지의 의미,"안녕하세요 임병웅 변리사님 해당조문과 관련하여 간략한 질문드립니다. 도움주심에 진심으로 감사드립니다. ’그 절차의 수계통지를 하거나 그 절차를 속행하였을 때 다시 모든기간이 진행된다‘ 라고 되어있습니다. 여기서 수계통지는 22조2항의 통지가 아니고, 22조3항에 따른 결정에 의한 수계통지인것이죠?",법 제22조에 규정되어 있지 않습니다. 법 제22조제3항은 수계를 불인정하는 기각결정입니다., ,,19.12.02
특허법,조문,5조,[5조] 재외자의 행위능력,"안녕하세요 특허판례강의를 수강중 궁금한 점이 생겨 질문드립니다 1. 5조에 의하면 재외자는 국내체류하는 경우를 제외하면 행위능력이 없어 특허관리인에 의하지 않을경우 특허에 관한 절차를 밟을 수 없다고 되어있습니다 그런데 220조 2항,3항에는 특허관리인이 없는 경우 재외자에게 송달할 서류는 항공등기우편으로 발송 할 수 있다고 나와 있습니다 그렇다면 재외자는 송달서류를 보내줘봤자 행위능력이 없는데 왜 보내주는건가요 220조는 언제 쓰이는 조문인건가요? 5조는 출원절차 진행도중 재외자가 된 자에게는 적용되지 않는 조문인건가요? 2 . 특허판례강의 진행도중 갑 을 이 공동출원하여 절차를 밟다 둘다 미국으로 이민을 간 후 거절이유를 통지 받은 갑이 단독 보정서를 제출한 경우를 설명해주셨습니다 이때 재외자라 행위 능력없는데 보정서를 제출했기에 원칙적으로 불수리해야 한다고 알려주셨습니다 그런데 이 경우 행위능력 흠결이라 행,대,방,수 중 행에 해당되어 특허청장이 보정명령후 무효처분해야할 것 같은 생각이 듭니다 어디서 잘못 생각하고 있는걸까요? 미리 감사드립니다 새해 복 많이 받으세요","안녕하세요 1. (1) 재외자는 행위능력이 없어도 송달받은 후 대리인(특허관리인)을 선임하여 절차를 진행할 수 있습니다. (2) 5조는 절차진행 전/중 상관없이 적용됩니다. 2. 재외자의 행위능력 위반은 불수리, 재내자의 행위능력 위반은 법 제46조 위반입니다. 열공하세요~ 답글기능 더보기", ,,20.01.24
특허법,조문,14조,[14조]기간 민법과이 차이 질문드립니다,특허법은 주 일도 자연적 계산하는데 예를 들어 2일 오전 8시일때 특허법상 1일 뒤면 3일8시 일주일 뒤면 9일 8시 이렇게 보아야하나요? 민법은1일뒤 3일 12시 일주일 뒤는 9일 12시 이렇게 보고요?,특허법도 민법과 같습니다., ,,20.01.29
특허법,조문,14조,[14조]기간계산,"13판 객관식 314쪽 2번 지문 질문입니다. 34조에 의한 보호를 위하여 거절결정 확정 후 30일 내에 출원하여야 하는 경우인데, 문제에서는 거절결정등본송달일이 2019년 5월 1일로 주어졌습니다. 따라서 거절결정확정일은 2019년 5월 31일이고, 다음날인 6월1일이 초일=기산일로 30일을 더해 34조를 적용받기 위해서는 6월 30일까지 출원해야 하는데요. 지문에서 6월 30일을 일요일인때 다음날인 7월 1일까지 특허출원을 하면 34조 적용이 가능하다고 하는데 34조의 '거절결정확정 후 30일'은 법정기간이라서 14조4호의 적용이 없는 것 아닌가요? 감사합니다.",제14조제4호와 법정기간은 무관합니다., ,,20.02.13
특허법,문제,28의3,"(28의3,5)특허 객관식 81번 질문입니다",81번 문제의 4번 지문은 28의5 3항인거 같은데 28의3 3항인가요? 두 조항이 헷갈립니다 그래서 4번 지문이 맞는건지 틀린건지도 몰겠습니다,"28조의3 제3항이고, 옳은 지문입니다.", ,,20.03.10
특허법,조문,8조,[8조]대리권 불소멸 질문드립니다,"민법에서 1.본인의 사망 2.대리인의 사망,파산,성년심판 이때 대리권이 소멸하여서 특허법 8조에서 민법과 다른점을 규율하고 있는걸로 알고 있습니다 8조에서 본인의 사망시에 대리권 소멸하지 않는 규정은 이해가가는데 본인이 행위능력을 상실해도 대리권은 원래소멸하지 않는데 왜 8조 1호 중에 행위능력 상실에 관한 규정이 있는건가요?",민법이 아니라 민소법(제95조)을 공부해 보세요. 특허법상 대리제도는 민소법 규정을 대부분을 준용하고 있습니다., ,,20.03.27
특허법,문제,16조,16조] 대리권 질문입니다.,"안녕하세요 임병웅 변리사님 공부하다가 궁금한 사항 질문드립니다. 객관식 85번 보기 입니다. ""통상의 위임대리인이 특별한 수권을 얻지 않고 변경출원을 한 경우 불수리 대상이 된다."" 틀린 보기이고 불수리 대상이 아니라, 절차보정사유라고 답지에 나와있는데요. EZ특허법 책 불수리 부분 필기에 불수리 사유 중, ""해당 특허에 관한 절차를 밟을 권리가 없는 자가 그 절차와 관련하려 제출한 서류인 경우"" 에서 52, 53조가 주장이 요건 불만족해서 이에 해당하면 방식위반 후 출원 불수리라고 필기했었습니다. 위의 보기에는 절차보정사유라고 하고, 필기에는 불수리라고 하는데 비슷해보여서 질문드립니다. 둘의 차이점이 뭔지 궁금합니다. 감사합니다. 저작자 표시컨텐츠변경비영리","안녕하세요? 출원인이 일치하지 않으면 불수리되는 것이고, 대리인이 특별수권이 없는 경우 절차보정사유에 해당합니다. 열공하세요~ 답글기능 더보기", ,,20.04.09
특허법,조문,3조,[법3조] 후견감독인의 동의서제출,"안녕하세요 변리사님 3조에 관련하 질문이 있습니다 1. 미성년같은 무능력자가 법정대리인(친권자x)에 의해 대리받으면서 특허 출원할 경우에 법정대리인 위임서 외에, 민소에서 소제기시에 후견감독인 동의서 필요한거처럼 출원시에도 후견감독인 동의가 필요한가요?(특허법12조와 관련하여 궁금합니다) 2. 특허법3조2항에서 상대방이 제기한 심판 재심 특허취소신청에 응하는 경우에는 후견감독인 동의가 필요하다고 하는데, 반대해석상 미성년이나 무능력자가 청구인이되어 심판 재심 특허취소신청시에는 법정대리인 위임서와 함께 후견감독인 동의서 제출함이 옳은것인가요? 답변 미리 감사드립니다!",안녕하세요? 1. 네. 필요합니다. 2. 네. 그렇습니다. 열공하세요~, ,,20.04.09
특허법,조문,2조,[2조]선택발명 진보성 질문드립니다,"안녕하세요 변리사님 최근 특허법원 판례중 선택발명을 일반발명처럼 보아 진보성 및 기재요건을 완화한 판례에 대해 질문이 잇습니다 ""(1)선택발명의 하위개념을 배제해거나 부정적인 교시가 있는 경우 또는 (2)상위개념에 관한 선행문언에서 상위개념을 일반화하여 하위개념꺼지 확대하는 내용의 개시가 없는 경우(2018허2717)""에 일반발명으로 본다고 하는데, 위 (1)의 경우 배제 또는 부정적교시를 포함하는 선행문헌이 (2)와같이 상위개념을 개시한 문헌에 한정되는 것은 아닌가요? 즉 선행문헌A에서 상위개념을 개시하고 있고, A선행문헌에 부정적교시나 배제하는 내용이 포함된 경우 뿐만 아니라, 제3자가 작성한 선행문헌B에 A에서 개시한 상위개념 중 하위개념일부를 배제하거나 부정하는교시가 있는 경우도 포함되는 것인가요? 판례의 (2)부분은 상위개념개시한 문헌(예의경우A)에서 일반화하는 내용개시가 없는경우를 말하은 것 같은데 (1)은 그러한 한정이 없는것 같아 질문드립니다 그리고, 위 판례에서는 부정적교시가 상위개념이 개시된 문헌 외에 제3의 문헌에 포함되어잇던 사건인지도 궁금합니다 항상 답변 감사드립니다!","선행문헌 1에 상위개념이 개시되어 있고, 선행문헌 2에 부정적 교시가 있는 경우에도 포함된다고 해석됩니다. 출원 전 선행문헌으로부터 선택발명으로서 인정될 수 있느냐의 관점에서 따져 봐야 하기 때문입니다. 열공하세요~ 답글기능 더보기", ,,20.05.07
특허법,조문,23조4항,[23조] 절차의 중지 중 결정 중지에 대한 질문,"안녕하세요 변리사님 23조의 절차의 중지 1항은 “(당연중지) 특허청장 또는 심판관이 천재지변이나 그 밖의 불가피한 사유로 그 직무를 수행할 수 없을 때에는 특허청 또는 특허심판원에 계속 중인 절차는 {그 사유가 없어질 때까지} 중지된다” 고 규정하여 그 사유가 소멸함과 동시에 중지가 해소됨을 알 수 있는데요, 23조의 2항도 “당사자에게 일정하지 아니한 기간 동안 특허청 또는 특허심판원에 계속 중인 절차를 속행할 수 없는 장애사유가 생긴 경우에는 특허청장 또는 심판관은 결정으로 {장애사유가 해소될 때까지} 그 절차의 중지를 명할 수 있다.” 고 규정하여 사유가 생긴 경우 결정으로 중지를명하지만, 그 중지의 해소는 “장애사유가 해소될 때까지” 로 규정하고 있어 1항과 마찬가지로 사유가 소멸함과 동시에 중지가 해소될 수 있음을 규정하는 것은 아닌지 궁금합니다. 즉, 1항의 당연중지는 사유 소멸과 동시에 자동으로 그 중지가 해소되고 2항의 결정중지는 결정으로 중지하지만 그 중지의 해소는 법률의 규정처럼 사유 소멸과 동시에 자동으로 중지가 해소되거나 3항에 의해 취소를 결정하는 두가지 해소 사유가 있는 것인지 궁금합니다. 감사합니다! 저작자 표시컨텐츠변경비영리",안녕하세요? 제23조제3항에 의해서만 결정중지가 해소됩니다. 장애사유가 해소 + 취소결정이 결정중지가 해소되기 위한 요건입니다. 열공하세요~, ,,20.05.07
특허법,조문,11조,(11조) 복수당사자의 대표,"안녕하세요 변리사님, 11조 조문을 공부하다가 질문 드립니다 11조에서는 각자가 모두를 대표하는 경우와 대표자가 대표하는 경우를 나누어서 특허에 관한 절차를 밟는 것을 말하고 있습니다. 이 때 각자가 모두를 대표하여 절차를 밟던, 대표자가 그 절차를 밟던, 그 절차의 명의는 복수당사자 모두의 명의로 하고 절차만 각자가 하거나 대표자가 해도 된다는 의미인지 아니면 명의 자체도 각자 개인의 명의 혹은 대표자 명의로만으로도 가능한 것인지 궁금합니다. 다시말해 11조에서 명시하는 절차를 밟는다는 것의 의미가 명의를 사용한다는 것의 의미인지, 아니면 단순 절차를 밟는 다는 것의 의미인지 궁금합니다. 수험생들을 위해 좋은자료를 만들어주시고 강의를 해주셔서 늘 감사한 마음을 가지고 있습니다. 항상 건강 조심하세요~",안녕하세요? 각자/대표자 명의로 가능하다는 것입니다. 열공하세요~, ,,20.06.05
특허법,조문,8조,8조 대리권의 불소멸,"안녕하세요 변리사님, 복대리인의 관점에서 대리권의 불소멸 관련하여 문의드립니다. 임의대리인의 경우 임의대리인 자신이 사망하는 경우, 대리권이 소멸하게 됩니다. 이 경우 민법을 적용하게 되면 해당 임의대리인이 선임한 복대리인의 대리권 또한 소멸하게 됩니다. 그러나 특허에 관한 절차의 원활, 수계자를 위해 대리권을 소멸시키지 아니하는 것이 바람직하므로 임의대리인이 사망하더라도 복대리인의 대리권은 소멸하지 않는 것이 타당하다고 여겨집니다. 그러나 8조 각 호에서는 '법정대리인의 대리권이 소멸할 경우, 임의대리인의 대리권은 소멸하지 않는다' 의 의미만 가지고 있는 반면, 임의대리인의 대리권이 소멸할 경우, 복대리인의 대리권에 대한 언급은 없는 것으로 보입니다. 따라서 1) 임의대리인의 대리권 소멸시, 복대리인의 대리권은 소멸하지 않는 것은 맞는지 2) 그리고 이에 대한 조문의 근거는 없는 것인지 궁금합니다.","안녕하세요? 1. 네, 맞습니다. 2. 민소법 제96조를 준용하여 적용합니다. 특허청에서 발간된 출원방식심사지침서(2018.9) 128p를 참조해 보세요. 열공하세요~ 답글기능 더보기", ,,20.07.22
특허법,조문,,도해 특허법(대리권의 내용) 관련 부분 오타 여부 문의 드립니다,도해특허법 14판 대리권의 내용 25p 임의 대리인의 특별수권범위에 관련되서 법조문에서는 출원의 변경 포기 취하 기간연장등록출원의 취하 신청의 취하 청구의 취하 우선권주장이나 취하 거절결정불복심판의 청구 복대리인의 선임 특허권의 포기 을 규정하고 있는데 책에는 복대리인의 선임과 특허권의 포기가 빠져 있습니다. 단순누락인지 알고 싶습니다.,안녕하세요? 단순 누락이네요, ,,20.07.23
특허법,조문,2조,(2조) 용도발명,"의약용도발명 정의 = 종래의 물질로부터 새로운 속성을 발견하고, 새로운 의약용도로 이용하는 과정에서 창작적요소가 존재한다. 1.종래의 물질로부터 새로운 투여용법으로 진보성 인정된 의약용도발명이 있다고 가정할때 이때 새로운 투여용법은 새로운 의약 용도 인가요? (판례= 투여용법과 투여용량이라는 새로운 의약용도가 부가되어 특허요건을 갖춘 의약에 대해서는 새롭게특허권이 부여될수있다) 2. 그렇다면 일반적 의약용도발명에서 의약용도는 ex) 비만증치료,알츠하이머치료 들 대상질병에 관한것인데 1번의 경우와의 차이가 무었인지 궁급합니다.. 항상 감사드립니다 그리고 강의 잘듣고있습니다 ㅎㅎ","1. 네 2. 질병, 효과는 제1용도, 투여용법은 제2용도입니다. 모두 다 발명의 구성요소로 이해하면 됩니다. 열공하세요~ 답글기능 더보기", ,,20.07.27
특허법,조문,,공지기술에 의한 권리범위 인정 여부,"안녕하세요. 매일 임병웅 변리사님에 다가가기 위해 고군분투중인 수험생입니다. 리담 특허법 p776~p777에서, 특허발명의 구성요소 중 일부가 공지기술일 때, 판례는 유기적 결합 여부에 따라 보호범위 확장 여부를 구별하는 입장인데, 책에는 이에 대한 비판이 적혀있었습니다. 그런데 저는 비판에서의 입장이 잘 이해가 가지 않아 질문드립니다. 즉 A+B+C+D로 이루어진 발명 X가 있을 때 C,D가 공지이고 (판례의 조건에 따라) 그들이 유기적으로 결합되어 있지 않다면, 판례 : A+B가 권리범위(즉 A+B+C는 침해) 비판 : A+B+C+D가 권리범위(즉 A+B+C는 침해X) 일텐데요, 책의 4)에서는 공지된 실시유형에는 권리범위가 미치지 않는다고 하고 있습니다. 그런데 A+B+C+D의 권리범위에 속하는데 공지되어 있는 실시유형이 있다면, 애초에 A+B+C+D는 특허를 받을 수 없지 않은가요? 즉 A+B+C+D+E가 그 예시일텐데, 특허발명의 실시유형 중 공지된 실시유형이 존재할 수 있는지에 대해 궁금합니다. 감사합니다!","착오로 등록된 경우를 말합니다. 예를 들어, 기능식 청구항으로 기재하였는데, 공지된 실시태양이 있어 신규성 위반임에도 불구하고 착오로 등록된 경우를 생각해 보면 됩니다. 제목과 카테고리가 질문규칙에 맞지 않으니 수정해 주세요.", ,,20.08.18
특허법,조문,2조1호,[2조1호] 발명의 성립,"안녕하세요 변리사님! 미완성발명에 대해 용어혼동이 있어 질문드립니다 이지책 및 알고잇는바로는 미완성발명은 2조1호의 발명으로 성립성이 결여된것으로 알고잇엇는데 최근에 미완성발명은 2조1호의 발명으로서 성립성을 갖추엇으나, 완성되지 못한것이라는 취지의 설명을 들어 명확히 하고자 질문드립니다 미완성발명은 2조1호의 특허법상 발명으로서 성립 자체가 되지 않은것이 맞나요? 아니면 특러법상 발명으로서 2조1호의 성립성은 갖추엇으나 완성만 되지 않은것인가요? 항상 명확히 알려주셔서 감사드립니다!!","완성되지 않았으나 성립성을 갖추었다는 것 자체가 모순입니다. 불성립발명은 미완성발명과 비발명이 있는데, 미완성발명은 완성발명이 될 가능성이 있는 것이고, 비발명은 그렇지 못한 것입니다. 기본서를 정독해 보세요", ,,20.08.19
특허법,문제,11조,[11조] 복수당사자대표 객,"객관식 57번 문제입니다 선택지 5번에서 ‘대표자를 선정하여 특허청 또는 특허심판원에 신고한 때에는 대표자 1인의 명의로 거절결정 불복심판의 청구인이 될 수 있다’ 11조에서 거불심 청구는 각자가 전원을 대표하는 경우의 예외이지만, 대표자를 선출한 경우에는 대표자 단독으로 절차를 진행할 수 있다고 공부했는데, 지문이 틀린 이유가 궁굼합니다. 답지에는 139조 3항 조문이 써있습니다. 저작자 표시컨텐츠변경비영리","제139조제3항을 읽어보면, 전원이 반드시 청구해야 한다고 기술되어 있습니다. 제11조는 출원 및 심판청구 이외의 절차에 적용되며, 각호에 분할출원, 심판청구가 들어가 있는 것은 입법불비입니다. 기본서를 정독해 보세요.", ,,20.09.16
특허법,문제,14조,14조 기간의 계산 객관식문제,"안녕하세요 변리사님. 이번 리담 객관식 문제에서 질문이 있습니다. p68(68번?)에서 4번지문 무권리자의 특허권이 2023년5월28일에 무효심결이 확정되었을 떄 정당한 권리자가 출원일 소급받기 위해서는 심결확정으로부터 30일이 지나면 안되니까 기산일 2023년 5월29일, 5월31일까지 있으므로 31-29=2, 남은 일수: 30-2=28, 6월28일에서 전날인 6월27일까지 출원을 하면 되는것 아닌가요? 해설에서는 6월26로 되어있는데, 34조의 ""특허를 받지 못하게 된 날부터 30일""과 35조의 ""심결이 확정된 날부터 30일"" 이 두 개는 해당 날을 산입해서 그 날부터 기산일로 하여 30일을 계산하는건가요?? 감사합니다! 저작자 표시컨텐츠변경비영리","확정이란 더 이상 불복할 수 없는 상태에 이른 것을 말하고, 30일 경과후 다음날 0시에 확정됩니다. 답글기능 더보기", ,,20.09.24
특허법,조문,19조,[19조] 절차의 속행,"위 문제 보기ㄷ과 관련하여 아들 을이 17.3.10에 절차를 속행하였는데, 거절결정불복심판의 청구기간 기산점은 3월 11일부터가 맞나요? 따라서 청구가능 기간 만료일은 4월 9일 24까지인가요?(토요일,일요일, 근로자의 날이 아니라는 가정하에 말씀드립니다.)",초일이 기산일입니다., ,,20.10.07
특허법,조문,5조,[5조] 재외자의 행위능력과 공시송달 질문합니다.,"안녕하세요? 아래 사진 판례 관련 질문드립니다. 그려주신 타임라인에서 1) 갑이 단독으로 보정은 11조 1항 각호에 해당되는 사항이 아니므로 적법 2) 공시송달은 절차상 하자, 단 이를 수리해서 특허에 관한 절차(=갑의 단독심판청구) 를 진행했음 -> 5조 위반 이유로 절차상 하자 주장 불가 3) 을을 추가하는 보정은 가능(140조의2 2항 1호 : 을의 동의가 있는 경우로 한정) 으로 이해하는 것이 맞나요..? 미리 답변 감사드립니다!",1. 재외자이므로 제출불가이나 수리된 경우 하자 치유 간주 2. 공시송달 효력 불발생. 다시 송달해야만 심판청구기간 기산 3. 다시 송달되었을 때 갑이 심판청구후 을의 동의가 있다면 을을 추가하는 보정 가능 제목이 질문규칙에 맞지 않으니 수정해 주세요 답글기능 더보기, ,,20.10.17
특허법,조문,14조,[14조] 초일불산입 질문드립니다.,"안녕하세요, 임병웅 변리사님. 기간의 계산 질문드립니다. 1,2번 해설에서 거절결정확정일인 ""2019년 5월 10일로부터 30일이내인 2019년 6월 8일까지 출원한 경우""에서 2019년 6월 8일은 초일을 삽입해서 계산한 날짜가 맞나요? 그렇다면 문제에서 ""~일로부터 30일이내""라고 하면 초일을 삽입해서 날짜를 계산하나요?","오전 0시부터 시작하는 경우 초일을 산입한다고 생각해야 하고, 적용되는 경우는 문제마다 다릅니다", ,,20.10.20
특허법,문제,14조,14] 기간계산 (객문 71),"만료일은 2월 28일 > 오타인 것 같습니다,,,,","초일: 1월 29일, 기산일: 1월 30일, 계산방법: 역법적 만료일: 2월 30일의 전일 = 2월 29일(2016년은 윤달이 있습니다.)", ,,20.12.07
특허법,조문,20-24,[20-24] 특허청 역할관련,"교수님,,, 107쪽 문제와 관련해서 이거 좀 쉽게 외워지는 방법 같은게 있나요? ㅠㅠㅠ",쉽게 외워지는 방법은 없습니다. 다음과 같은 기준을 가지고 공부하여야 합니다. 1. 조문을 볼 때 항상 주체를 의식하면서 살핀다. 2. 특허청의 조직과 구성을 생각하면서 절차를 이해하려고 한다. 3. 회독수를 늘린다. 열공하세요~, ,,20.12.11
특허법,문제,11조,[11조] 복수당사자 대표 질문,5번이 틀린 지문인 이유가 11조는 출원 및 심판청구 이외의 절차에 적용되서 139조 3항에 의해 틀린 것이면 4번도 거절결정불복심판청구가 포함된 지문이라 틀린 지문이라고 생각되서 질문드립니다.,"법 제11조 제1항 각호에 분할출원과 심판청구가 있는 것은 입법불비입니다. 그러함에도 불구하고, 객관식에서는 조문이 개정되기 전까지는 옳은 지문으로 봐야 한다는 점, 객관식은 상대적으로 풀이해야 한다는 점에서, 5번을 답으로 하는 것이 적절합니다. 열공하세요~ 답글기능 더보기", ,,20.12.13
특허법,문제,3조,[3] 미성년자 행위능력 관련 / 객문207,"(객관식 문제 207쪽) 문제상 ( 발명자의 상속인인 미성년자 ) 가 특허출원시 특허받을수있는경우에 해당한다고 되어있습니다. 3조에 미성년자는 법정대리인에 의하지 아니하면 특허에 관한 출원 절차를 밟을 수 없다고 되어있는데, 법정대리인에 의하면 출원절차를 밟을수 있으므로 바른지문인 건가요?",출원인이 될 수 있느냐와 행위능력이 있느냐는 전혀 별개의 문제입니다. 미성년자는 행위능력이 없는 것이지 출원인이 될 수 없는 것은 아닙니다. 열공하세요~, ,,20.12.21
특허법,조문,3조,[3] 미성년자 질문입니다,"안녕하세요 변리사님, 아래분의 같은 질문에 대한 변리사님의 답변에서, 이 문제 ㄷ이 맞는 이유는 출원인이 될 수 있느냐와 권리능력이 있느냐는 전혀 별개여서 그렇다고 하셨는데, 문제는 ‘특허를 받을 수 있는 경우’ 이니까 특허를 받을 수 있는지 생각해야 하는 것 아닌가요..? ㄷ의 경우 법정대리인 추인을 받는 등의 방법으로 특허를 받을 수 있기 때문에 옳은 지문인가요? 감사합니다!","권리능력과 행위능력을 구분하라는 것인데 잘못 이해하고 있네요. 미성년자는 출원인이 될 수 있고, 다만 절차를 대리인에 의해 밟는 것입니다. 열공하세요~", ,,21.01.22
특허법,조문,2조,2조 완성된발명,"안녕하세요 변리사님. 완성된 발명에 대해 ""완성된 발명이란 그 발명이 속하는 분야에서 통상의 지식을 가진 자가 반복 실시하여 목적하는 기술적 효과를 얻을 수 있을 정도까지 구체적, 객관적으로 구성되어 있는 발명이다"" (92후1806) 판례와 ""발명이 족적하는 기술적 효과의 달성 가능성을 예상할 수 있을 정도로 구체적, 객관적으로 구성되어 있으면 완성되었다고 보아야 한다""(2017후523)라고 하여 완성된 발명의 기준이 완화되었다고 하는데, 지문에 완성된 발명은 통상의 기술자가 반복 실시하여 목적하는 기술적 효과를 얻을 수 있을 정도까지 구체적, 객관적으로 구성되어 있는 발명이다라고 되어있으면 틀린 지문인가요 맞는 지문인가요? 판례를 따름이라면 92후1806 판례도 있으니 해당 지문은 맞는건가요? 답변 미리 감사드립니다! 저작자 표시컨텐츠변경비영리","네. 그렇습니다. 2017후523 판결이 ""얻을 수 있을 정도""라는 표현을 쓰지 않고 ""예상할 수 있을 정도""라고 기재하여, 성립성 판단기준을 완화한 것으로 볼 수 있지만, 판결이 완전히 변경되었다고 하기 위해서는 조금 더 지켜볼 여지가 있습니다. 열공하세요~", ,,21.02.06
특허법,조문,16조,[16조] (시행규칙11조) 의견서의 불수리,"안녕하세요 선생님, 2020년 기출 지문 중 ‘거절이유통지에서 지정된 기간이 경과하여 보정서와 의견서가 제출되더라도 등록 또는 거절결정 전에는 모두 수리하여야 한다’ 가 틀린 지문으로 있는데 여기서 보정서만 불수리가 되는 것인가요, 의견서까지 불수리 되는 것인가요? (Q1) 시행규칙 11조에 의하면 ‘이 법 또는 이 법에 의한 명령이 정하는 기간 이내에 제출되지 아니한 서류인 경우’라 나와있는데 이는 의견서까지 포함하는 것인지요? (Q2) (의견서 제출 기한은 별도로 없는 것으로 알고있어 혼동이 됩니다.. ㅜ) 감사합니다.",안녕하세요? 1. 보정서만 불수리됩니다. 2. 의견서는 항상 불수리 대상이 되지 않습니다. 열공하세요~, ,,21.02.08
특허법,문제,2조,[2조] 발명의 성립성,"3회차 모의고사 8번 문제 1번 보기와 관련하여, 완성발명에 대해서 위 판례와 같이 해설이 나와 있는데, 추상적인 말 같아서 잘 이해가 가지 않아 질문드립니다. '기술적 효과'의 '달성 가능성'을 '예측'할 수 있을 정도로만 구성되어 있으면 된다고 하였는데, 만약 기술적 효과의 달성 가능성을 예측한 결과, 그 가능성이 0%여도 완성발명이라고 할 수 있는 것인가요? 즉, 발명의 성립성에 있어서는 실시할 수 있는 것인지와는 별개로 효과를 얻을 수 없다고 예측되어도 완성발명이라고 할 수 있는 것인지 궁금합니다. 답변해주시면 감사하겠습니다. 감사합니다.","판결은 예상할 수 있는 경우 완성된 발명입니다. 그렇다면, 예상이 불가능한 경우라면 당연히 미완성 발명입니다. 열공하세요~", ,,21.02.13
특허법,조문,11조,[11조] 대표자의 동의,"복수당사자의 대표자가 있는 경우 그 대표자는 다른 당사자의 동의를 받지 않고 단독으로는 법 제11조제1항 각 호에 규정된 행위를 할 수 없는데, 여기서 동의는 묵시적인 동의도 포함하나요? 감사합니다","동의서를 첨부해야 하니, 묵시적 동의는 포함되지 않습니다. 열공하세요~ 답글기능 더보기", ,,21.02.13
특허법,조문,22조,[제22조] 조문 질문 드립니다,우선 질문이 앞서 너무 기초적인 질문 드리는 것 같아 죄송합니다 ㅠ 1. 제22조 1항에서 절차가 중단되었을 경우 ‘상대방’은 수계신청할 것을 명하도록 요청할 수 있다고 나와있는데 여기서 ‘상대방’이라함은 누구를 지칭하는지 모르겠습니다.. 2. 덧붙여 제20조 각 호에 있는 ‘당사자’라 함은 본인이 굳이 아니더라도 절차를 밟고 있는 자(대리인 등)을 말하는 건가요? 그렇다면 만약 임의 대리인이 절차를 밟고 있는데 임의대리인이 사망하였을 경우 제21조 1호에서 말하는 수계하여야 하는 자는 임의 대리인의 상속인 등이 되는 건가요? 감사합니다!,1. 당사자계 심판에서 상대방을 말합니다. 2. 당사자는 본인이라고 생각하면 됩니다. 열공하세요~,감사합니다! 1.에 대해 추가 질문있습니다..! 특허출원의 경우에는 누구를 상대방으로 봐야할까요?,출원의 경우 상대방이 없습니다.,21.04.13
특허법,조문,2조,[2조] 프로그램 온라인 전송 실시에 대해 질문드립니다.,"2조 3호 나목 신설 부분에 대해 질문드립니다. 필기노트 25페이지에 나와있는 표를 보면 장치청구항은 생산, 사용, 양도, 수입 4가지만 나와 있고 기록매체 청구항은 생산, 양도, 수입 3가지에 대해서만 나와 있습니다. 1. 둘 다 물건발명에 해당하기 때문에 생산,사용,양도,대여,수입, 양도나 대여의 청약 모두에 대해서 실시가 맞는데 표가 각각 4개, 3개에 대해서만 나타나 있는게 맞을까요? 장치 청구항에는 사용이 들어있는데 프로그램이 저장된 기록매체에는 사용이 빠져있어 그냥 공간 상 혹은 중요한 사항만 뽑아서 표가 만들어진 건지 아니면 혹시 둘 사이에 다른 점이 있는건지 질문드립니다. 2. 혹시 제가 생각하고 있는게 맞다면 표 우측의 프로그램이 저장된 기록매체의 경우도 사용이 들어온다면 방법청구항의 경우 실시가 되면서 ㅇ 표시가 되는지 질문드립니다. 바쁘실텐데 항상 감사합니다.","1. 중요사항만 간추려서 만들어진 것입니다. 2. 기록매체의 사용은 프로그램을 장치에 업로드하는 것이고, 방법의 사용이라고 할 수 없습니다. 열공하세요", ,,21.04.26
특허법,조문,2조1호,"[제2조1호,2017후523] 완성된 발명의 관한 판례의 태도 질문드립니다.","안녕하세요 변리사님. 최근 대법원 판례는 완성된 발명 대하여 ""목적하는 기술적 효과의 '달성가능성을 예상할 수' 있을 정도로 구체적, 객관적으로 구성""되어야 한다고 하여, 종래 ""목적하는 기술적 효과를 '얻을 수' 있을 정도""를 요구하던 판례의 기준을 완화했는데요, 이때 해당 2017후523 판례가 전원합의체가 아니어서 종래 판례문구 역시 맞다고 봐야 하나요, 아니면 기준을 완화한 데에 판례의 의의가 있으므로 종래 기준은 이제 적용되지 않는다고 봐야 하나요? 애매해서 문제화 되긴 어려울 것 같기도 하지만, 이를테면 종래 판례문구대로 '기술적 효과를 얻을 수 있을 정도'가 아니라고 하여 제29조1항본문 거절이유 통지를 한 사정이 문제에 있다면 이런 심사관의 판단이 타당한지, 부당한지 어떻게 판단해야 하는지 혼란스러워서 질문 드립니다!","밑에 2조로 검색해 보면 동일한 질문이 있습니다. 검색해 보세요. 그리고, 판결의 의미는 리담특허법 제20판을 보면, 다음과 같이 기술하고 있습니다. 기존의 대법원 2013. 2. 14. 선고 2012후3312 판결 등은 “기술적 효과를 얻을 수 있을 정도까지” 기재하여야만 한다고 하였으나 2017후523 판결에서는 “기술적 효과의 달성 가능성을 예상할 수 있을 정도까지” 기재하여야 한다고 하여 완성 요건을 상당히 완화시켜 주고 있다. 이는 2016. 5. 26. 선고 2014후2061 판결에서 “물건발명의 경우 그 발명의 ‘실시’라고 함은 그 물건을 생산, 사용하는 등의 행위를 말하므로, ⅰ) 물건발명에서 통상의 기술자가 특허출원 당시의 기술수준으로 보아 과도한 실험이나 특수한 지식을 부가하지 않고서도 발명의 설명에 기재된 사항에 의하여 물건 자체를 생산하고 이를 사용할 수 있고, ⅱ) 구체적인 실험 등으로 증명이 되어 있지 않더라도 특허출원 당시의 기술수준으로 보아 통상의 기술자가 발명의 효과의 발생을 충분히 예측할 수 있다면, 위 조항에서 정한 기재요건을 충족한다고 볼 수 있다.”고 하여 기재불비인지 판단을 실질적 재현설의 입장에서 판시한 것에 비춰 봤을 때, 기술적 효과를 얻을 수 있을 정도까지 기재되지 아니한 경우 발명의 완성 요건 위반이 아닌 기재불비로서 일관성있게 처리하려는 것으로 이해된다.", ,,21.05.01
특허법,조문,14조,14조 기간의 계산,"해당 부분에 궁금한 점이 있어서 질문 남깁니다! 1.계산 방법이 말일에서 기산일을 빼는 식으로 하는데 그렇게 하면 28-21= 7일이 빠집니다. 2.하지만 21일 부터 28일까지 날짜를 세보면 1,2,3,4,5,6,7,8 으로서 총 8일이라 1,2의 숫자가 다르다는걸 알 수 있습니다. 왜 일일이 하루씩 세는게 틀린건지 모르겠습니다 ㅠㅠ 저작자 표시컨텐츠변경비영리","그래서 만료일을 결정할 때, 하루를 더 빼주는 것입니다.", ,,21.05.06
특허법,조문,14조,"[14조] 주의 자연적,역법적 계산",안녕하세요!! 기간의 계산에서 민법과 특허법의 차이점 중 하나가 '주'의 기간 계산을 민법에서는 역에 의하여하고 특허법에서는 자연적으로 한다는것인데요.. 30일과 1개월에 대해 역법적 계산과 자연적 계산을 할때 차이가 존재한다는것은 확실한데요.. 이와 달리 주의 계산을 할때 역법적 계산과 자연적 계산에 있어 차이가 존재할수가있나요? 예를들면 5월1일 토요일부터 2주 후는 기산일이 5월2일일때 만료일이 5월15일24시 이고 5월1일 토요일부터 14일후는 기산일이 5월2일일때 만료일이 5월15일24시 아닌가요? 굳이 민법과 달리 규정한 이유가 있을것같긴한데 차이를 모르겠어서.. 뭐가 다른건지? 궁금합니다!!,"주를 역법적 계산방법에 의했을 때, 차이가 있는 부분에 대한 예시를 들고 싶은데, 특허법에서는 마땅히 생각나는 예시가 없네요. 이 질문은 민법 강사님께 해 보시는 것이 좋을 것 같네요~", ,,21.05.28
특허법,문제,2조,[2조] 객관식 질문드립니다.,"안녕하세요, 객관식 문제를 풀던 중에 이해되지 않는 부분이 있어 질문드립니다. 14판 리담객관식 특허 교재 15페이지에서, 갑이 아래와 같이 청구범위를 기재해 등록받았습니다. 1. 프로그램을 수행하는 장치 2. 프로그램을 수행하는 방법 3. 기록매체에 저장된 프로그램 그리고 을은 동일한 프로그램을 앱으로 개발하여 앱스토어에 업로드한 후 다운로드 받을 수 있게 하였고, 병은 다운로드 받아 개인적으로 사용한 사안입니다. 병이 프로그램을 다운로드하여 설치한 것은 장치의 생산이고, 프로그램을 사용하는 것은 장치와 방법의 사용에 해당한다고 되어있는데, 1. 그렇다면 '장치=앱자체'를 의미하고, 앱을 실행해서 프로그램을 사용하는 것이 방법에 해당하는 것인가요? 2. 을이 프로그램을 다운로드 시킨 것이 왜 방법 사용의 청약이 되는지 잘 이해되지 않습니다. (저는 장치=앱자체로 이해하여 장치 사용의 청약으로 생각했습니다!) 읽어주셔서 감사합니다. 저작자 표시컨텐츠변경비영리","1. 장치는 앱이 아니라 앱을 설치한 PC(단말기)를 말합니다 2. PC에서 앱을 실행시키는 것이 방법의 사용이라고 할 수 있는데, 앱을 다운로드시킨 것은 앱을 실행해 볼 것을 전제로 하는 의사표시라고 할 수 있으니 방법 사용의 청약에 해당합니다. 열공하세요~", ,,21.06.06
특허법,조문,5조,5조 질문,"재외자가 특허 관리인이 의하지 얺고 출원서류를 제출하면 불수리한다는데, 기준일이 지난 후 2개월 이내에 특허관리인을 선임하지 않으면 취하된 것으로 보는 게 무슨 뜻인가요? 특허 관리인 없이 출원하여 이미 불수리사유인데 기준일부터 2개월 후엔 취하되는 게 의미가 있나요?","제206조제1항에 의하면 국제특허출원의 경우 기준일 전까지 행위능력이 있어서, 불수리되지 않습니다. 열공하세요~", ,,21.06.08
특허법,조문,2조,[2조] 입법불비에 대해,2조 3호 나목에서 '~ 그 방법의 사용을 청약하는 행위'는 온라인 전송행위를 방법발명의 실시의 일 유형으로 포섭함으로써 특허권의 침해가 될 수 있도록 하였다. 이 부분은 이해가 가는데 발명의 분류 구별실익부분 2조 3호 다목에서 '~ 그 방법의 사용을 청약하는 행위'는 '그 물건을 생산을 청약하는 행위'로 입법불비라 하셨는데 같은 말인데 전자는 입법불비가 아니고 후자는 입법불비이고 헷갈립니다. 어떻게 이해해야되나요? 리담특허법 50쪽 (5) 진보성 첫 줄에 투여용법과 투여용량에 관한 용도발명의 '진보성이 부정되기 위해서는 ~ ' 이 부분 이해안되서 판례찾아봤는데 부정되지 않기위해서는 라고 써있네요 오타 맞죠??,"1. 물건 양도의 청약이라는 개념이 있지만, 생산의 청약이라는 개념이 있을 수 있는지 의문이 듭니다. 2. 네. 오타입니다. 열공하세요~", ,,21.06.23
특허법,조문,2조,제 2조 발명의 성립성 중 식물발명,"도해특허법 책에서 의약발며과 식물발명이 변경출원이 안 된다고 나와있는데 협의의 물건발명이 아니기 때문인가요? 그렇다면 전자상거래발명과 의약발명 외의 용도발명, 미생물발명은 변경출원이 가능한가요?","협의의 물건발명이 아닌 이상 불가능합니다. 전자상거래발명, 의약발명, 용도발명, 미생물발명 모두 협의의 물건발명이 아닙니다. 열공하세요~ 답글기능 더보기", ,,21.07.06
특허법,조문,5조,5조] 용어 질문.,안녕하세요. 반려하고 불수리의 차이점이 궁금합니다. 무효와 취소는 소급효의 유무로 구별이 가능한데 저 둘은 아무리 찾아도 모르겠습니당. 감사합니다.,반려와 불수리는 같은 의미입니다. 열공하세요~, ,,21.08.31
특허법,조문,2조,[2조] 방법 사용의 청약,안녕하세요! 2조3호다목 중 방법사용의 청약 관련하여 질문이 있습니다. 2조3호다목에서 물건의 양도를 전제로 하지 않는 방법발명의 의한 물건생산의 청약이 가능한지가 의문이라고 하셨습니다. 물건생산의 청약이 물건의 양도를 전제로 하고 있다면 2조3호가목의 물건의 양도에 포함되어 실시로 볼 수 있는건 아닌지 궁금합니다.,"제2조제3호 가목을 살펴보면, 양도 또는 대여를 위한 청약은 다른 실시 형태로 기술되어 있습니다. 생산을 위한 청약이라는 개념은 제2조제3호 가목에 존재하지 않습니다. 열공하세요~ 답글기능 더보기", ,,21.09.06
특허법,조문,2조,[2조] 방법 사용의 청약,"<책에 기재된 내용> 개정 전에는 기록매체에 저장된 컴퓨터 프로그램만을 특허법 상에서 보호함으로써 현재의 온라인 전송행위에 대해서는 권리행사를 할 수 없다는 문제점이 있어 2조 3호 나목에 방법 사용의 청약을 추가함으로써 온라인 전송행위를 방법 발명의 실시로 본다, 컴퓨터 프로그램을 온라인 전송을 통하여 복제한 후(실시1) 실시(실시2) 컴퓨터 프로그램을 기록매체에 저장한 후 이를 복제하여(실시3) 실시(실시4) <질문> 1. 컴퓨터 프로그램은 방법발명으로 보고 있는 거 같은데 프로그램 구성에 순서가 존재해서 인가요? 2. 실시3을 기존에 보호했다는 말로 보아 기록매체에 저장하는 행위를 방법의 사용으로 보는 것 같은데, 저장하는 행위가 프로그램 목적을 달성하는 행위로 보이지는 않는데 어떤 근거로 실시 행위로 판단하여 보호했다는 건가요?","1. 컴퓨터 프로그램 관련 발명만 방법발명으로 봅니다. 장치를 구동시켜 구현되는 방법으로 표현되어야 하며, 이는 순서가 존재합니다. 2. 잘못 이해하고 있습니다. 기록매체 청구항 자체가 방법이 아닌 물건 청구항입니다. 따라서, 저장하는 것은 기록매체의 생산이고 이를 컴퓨터에 복제하는 것은 기록매체의 사용입니다. 열공하세요~", ,,21.09.08
특허법,조문,15조,[15조] 기간의 연장,"1. 15조 1항에는 대상이 [거절결정불복심판에 따른 심판의 청구기간~] 이라고 나와있는데 그 외의 조문에서 언급되는 법정기간은 15조에 따르는 연장효과를 못받는건가요? 2. 법정기간, 지정기간이 명확하게 구분이 안되는 것 같습니다. 법정기간이 특허법 조문에서 언급되는 모든 기간이 되는것이 맞나요? 만약 그게 맞다면 지정기간에 대한 예시 한가지만 들어주실 수 있나요? 수정글) 혹시 제 46조에서 [기간을 정하여 보정을 명하여야 한다.] 이런 표현이 지정기간이 맞나요? 질문 확인해주셔서 감사합니다. 즐거운 명절 보내시기 바랍니다. 수강생 올림. 저작자 표시컨텐츠변경비영리","1. 네 2. 네, 의견제출기간, 특허청장이 정한 기간, 협의제 기간, 답변서 제출 기간 등등.... 열공하세요~ 답글기능 더보기", ,,21.09.19
특허법,조문,18조,"[18조, 19조] 절차의 효력 승계 및 절차의 속행","변리사님 안녕하세요? 18조와 19조에서 이전 시 절차의 승계 및 절차의 속행에 관하여 정의하고 있고 20-22조에서 당사자 사망시, 즉 상속이 일어나게 될 때와 같은 경우에 절차의 정지에 관하여 정의하고 있는데, 그렇다면 상속은 18-19조, 20-22조가 모두 적용되는 것이라고 보면 될까요?(물론 원특허권자에게는 절차의 속행을 할 수는 없을 것 같습니다.) 감사합니다. 저작자 표시컨텐츠변경비영리","이전 중 양도는 제19조, 상속은 제20-22조, 제24조가 적용된다고 보면 됩니다. 제18조는 양도, 상속 둘 다 적용되겠네요. 열공하세요~ 답글기능 더보기", ,,21.10.18
특허법,조문,11조,[11조] 복수당사자와 대리인 관련 질문 드립니다,"11조에서의 복수당사자가 대표자를 선정하는 경우에 대리인을 적용시킬 때, 복수의 당사자 중 일부만 대리인을 선임한 경우, 11조 1항 각호 사항을 제외하고는, 그 대리인은 전원을 대표하여 단독으로 특허에 관한 절차를 밟을 수 있나요? 대리인을 선임하지 않은 자까지 다른 사람이 선임한 대리인이 대표할 수 있는지 질문 드립니다. 감사합니다!",네. 맞습니다. 원칙이 법 제11조 제1항 본문에 의하면 각자대표이기 때문입니다. 열공하세요~, ,,21.11.01
특허법,조문,2조,"[2조] 물건발명, 방법발명","안녕하세요, 변리사님. 질문 드립니다. 乙이 A를 제조하는 방법발명을 선출원하여 특허를 받았는데, 甲이 乙의 A를 제조하는 방법발명이 아닌 다른 A를 제조하는 방법에 의해 A를 생산하더라도 乙의 출원전에 A가 공지기술이 아니라면 乙의 특허권의 침해가 된다. 라는 문제에서 이 지문의 답이 '틀리다' 라고 되어 있습니다. 乙의 출원전에 A가 공지기술이든 공지기술이 아니든 결과적으로 甲의 실시는 乙의 특허권의 침해가 되는데, 다만, 공지기술이 아니라면 생산방법 추청의 규정이 적용되어 甲의 물건의 생산이 乙의 A를 제조하는 방법발명에 의해 이루어진 것으로 추정된다는 뜻에서 어쨌든 乙의 특허권의 침해가 된다는 뜻인지 궁금합니다. 생산방법 추정 규정이 적용된다고 해서 침해라는 뜻은 아닌건가요? 감사합니다.","1. 다른 방법에 의해 갑이 물건을 생산하고 판매하고 있다면, 을의 특허권의 침해가 되지 않습니다. 2. 생산방법의 추정은 입증책임의 전환일 뿐입니다. 갑이 다른 방법에 의해 생산하고 있다는 것을 입증함으로써 침해주장에서 벗어날 수 있습니다. 열공하세요~ 답글기능 더보기", ,,21.11.11
특허법,조문,4조,[4조] 행위능력,"안녕하세요 변리사님. 1. 당사자능력자라 함은 권리능력자(+비법인)인데, 청구인 혹은 피청구인에는 미성년자등 제한능력자도 가능하지만 해당 절차를 밟기 위해서는 대리인은 선임해야 하는게 맞는지 궁금합니다. 3. 2번에서 맞다면 심판 청구인인 때는 행 위반으로 결정각하가 될거같은데 피청구인인 때도 결정각하가 된다면 청구인의 지위가 불리한것 같습니다. 혹시 미성년자가 심판 피청구인인 때 대리인이 없을경우 어떻게 되는지 궁금합니다. 미리답변 감사합니다!!","1. 네. 맞습니다. 2. 미성년자가 피청구인인일 때는 심판청구가 결정각하되는 것이 아니라, 미성년자가 밟은 절차가 결정각하됩니다. 법 제141조를 읽어 보세요. 열공하세요~", ,,21.11.24
특허법,조문,6조,제6조 대리권] 대리권에 대해서 질문드립니다.,"특허법에서는 민법에서와 다르게 특허에 관한 절차를 밟는 경우에는, 법정대리인의 사전 동의가 효력이 없다고 알고있습니다. 1. 그렇다면 미성년자가 임의대리인은 선임하는 행위는 특허에 관한 절차가 아니니까 법정대리인의 사전동의를 받고 선입하는 행위는 유효한가요? 2. 법정대리인의 사전동의가 효력이 없다고 알고 있는데, 이때 법정대리인 뿐만 아니라 임의대리인의 사전동의도 효력이 없는건가요? 감사합니다","1. 네, 유효한 것으로 보입니다. 2. 네. 효력이 없습니다. 열공하세요~ 답글기능 더보기", ,,21.11.25
특허법,문제,28조의2,[제28조의 2]특허고객번호 관련 질문드립니다.,"리담객관식 86페이지에 출원서류 등의 반려에 대한 다음 설명 중 옳지 않은 것은? 1. 출원인이 성명이나 특허고객번호를 기재하지 않고 출원서를 제출한 경우 특허청장은 출원인에게 출원서를 반려하겠다는 취지, 반려이유, 소명기간 등을 기재한 서면을 송부하여야 한다. 가 맞는 지문으로 되어있는데 특허고객번호는 직권으로 부여하는것 아닌가요? 아니면 위 지문을 특허고객번호를 받아놓고서 기재하지 않으면 불수리하는거란 취지로 이해하면 될까요? 답변 감사합니다! 저작자 표시컨텐츠변경비영리","일단 절차를 밟아야만 직권으로 부여할 수 있습니다. 그런데, 절차를 밟을 때 출원인의 성명이 없으면 불수리됩니다. 제목에 법조문(제28조의2)이 없으면 추가해 주세요~", ,,21.12.03
특허법,문제,2조,[2조] 미완성 발명,"안녕하세요 변리사님, 특허법 객관식 10쪽의 07년 기출문제에서 궁금한 점이 있습니다. 올려주신 리담특허법 추록에서 ""미완성 발명이라는 취지로 거절이유통지가 있더라도 최초로 첨부된 명세서 또는 도면에 완성 발명이 기재되어 있다면, 보정을 통해 거절이유의 해소가 가능할 것이다.""라고 쓰여있습니다. 그렇다면 현행법상 객관식 10쪽의 5번 지문은 맞는 내용이 되는건가요?","미완성발명 여부는 청구범위를 기준으로 판단하나, 신규사항추가는 최명도를 기준으로 판단합니다. 그 결과 청구범위가 미완성발명인데, 최명도가 완성발명이라면 보정하더라도 신규사항추가가 아닙니다. 따라서, 5번이 틀린 지문이 되기 위해서는 최명도 전체가 미완성 발명임을 전제로 해야 합니다. 열공하세요~", ,,21.12.04
특허법,문제,9조,[9조]와 [11조] 동시에 발생하면,"15판 객관식 풀다가 모르겠어서 질문합니다. 49번 (다) 대리인이 수인인 경우 사안에 따라 전원이 공동으로 대리하여야 한다. -> 9조에 의해 대리인이 수인인 경우 각자가 본인을 대리한다. 강행규정 위반으로 고로 틀림 50번 (자) 특허에 관한 절차를 밟는 자가 수인인 경우 이들 수인의 본인의 대리인들 전원이 공동으로 대리하여야 하는 경우가 있다. -> 11조 각 호 행위는 전원이 공동으로 수행한다. 고로 맞음 그럼 특허에 관한 절차를 밟는 자가 수인이고 이들 수인의 본인의 대리인도 수인이라면 예를 들어 특허에 관한 절차를 밟는 자가 甲과 乙, 甲의 대리인 A와 B, 乙의 대리인 C와 D가 있을 때 11조에 해당하는 특허출원의 포기는 9조에 위반되지 않으려면 어떻게 진행되나요?","출원의 포기는 갑과 을 전원이 해야 하기 때문에, 갑의 대리인 A, B 중 적어도 어느 한 명과 을의 대리인 C, D 중 적어도 어느 한 명이 함께 절차를 밟으면 됩니다. 열공하세요~", ,,21.12.07
특허법,조문,15조,[15] 지정기일의 변경 주체,디보법 지정기일의 변경주체가 특허법이랑 디보법이 다른 이유가 있나요? 특허법의 경우 심사단계에서 지정기일변경은 누가 하나요?,"심사는 구술심사가 아닌 서면심사를 하기 때문에 기일의 지정, 변경이 필요로 하지 않습니다. 한편, 디보법은 특허법의 취소신청제도와 달리 이의신청제도가 있기는 하나, 디보법 제78조에서 제142조제7항을 준용하고, 구술심리에 관한 규정인 제14조제1항 내지 제6항과 제8항을 준용하고 있지 않네요. 이는, 이의신청제도 역시 서면심사에 의한다는 것이고, 그렇다면 디보법도 심사관의 기일 지정, 변경이 필요로 하지 않는 것으로 보이고, 법 제17조제3항에서 심사관은 의미가 없네요. 참고로 특허법도 기존에 법 제15조제3항에서 심사관, 심판장으로 규정되었다가 현재는 심판장으로만 규정되어 있습니다. 열공하세요~", ,,21.12.11
특허법,조문,3조,[3조] 행위능력,안녕하세요. 아래 문제에서 ㄷ지문에 미성년자가 출원한 때 특허를 받을수 있다고 돼있습니다. 3조에서 보면 미성년자는 법정대리인에 의하지 아니하면 절차를 밟을수 없다고 나와있습니다. 이 지문에서 미성년자가 특허를 받을수 있는 이유는 상속인이기 때문인가요?,"출원인이 될 수 있는 자와 행위능력이 있느냐는 전혀 다른 개념입니다. 미성년자는 자연인이기 때문에 권리능력이 있으며, 발명자 또는 승계인인 경우 권리적격이 있기 때문에 출원인이 될 수 있습니다. 다만, 행위능력이 없어서 대리인에 의해 절차를 밟아야 하는 것입니다. 열공하세요~", ,,21.12.11
특허법,조문,2조,[2조] 도해특허법 추록내용 질문 - 의약발명관련,"도해특허법 추록을 반영하는 중에 궁금한 점이 있어 질문드립니다. '비로소 발명이 완성되었다고 볼 수 있는 동시에'라는 문구가 삭제되었던데, 왜 삭제가 된건가요..?","발명의 완성 : 기술적 효과 달성을 예측할 수 있을 정도까지 발명의 설명 기재: 기술적 효과를 얻을 수 있을 정도까지 로 판례/이론이 정리됨에 따라, 최근 판례에서는 정량적 기재를 하지 않은 경우 발명의 설명 기재 위반으로 보고 있습니다. 제목에서 조문을 제2조로 바꿔 주세요. 답글기능 더보기", ,,21.12.14
특허법,문제,3조,"특허법 제 3조, 객관식 204번 질문",ㄷ 선지에서 발명자의 상속인인 미성년자는 특허출원했을 때 특허받을 수 있다고 했는데 법정대리인에 의해 절차를 밟았다는 전제로 생각해야 하나요?,"출원인(특허권자)이 될 수 있는 자와 행위능력은 전혀 다른 개념입니다. 미성년자는 출원인이 될 수 있으나 행위능력이 없는 것일 뿐이기 때문에, 그 절차를 대리인에 의해 밟으면 되는 것입니다. 새해에는 대박나세요~", ,,21.12.30
특허법,문제,10조,[10조] 특객46번 2번지문 질문입니다.,"특허청장 또는 심판장은 교체명령 전의 절차에 대해서는 특허법 10조4항 규정에 의해 그 절차를 무효로 할 수는 없다. 는 지문이 옳다고 하셨는데, 10조4항은 교체명령전 밟은 절차에 대해서 교체 후 무효로 할 수 있다고 하고 있습니다. 위 지문의 어느부분이 틀렸는지 궁금합니다.",<교체명령후 교체전>이라고 해야 합니다. 제10조제4항에서 <그 전>이란 교체전을 말합니다., ,,22.01.17
특허법,조문,2조,[2조]미생물발명의 증명서류관련,4번 지문이 틀린 이유가 증명서류가 꼭 수탁증사본이 아니어도 되기 때문인가요? 저는 4번 질문을 기탁사실은 기재하였으나 기탁증명서는 제출하지 않아 절차보정사유에 해당한다고 생각했습니다.,해설에 잘 나와 있네요. <특허출원>을 무효로 하는 것이 아니라 <기탁과 관련된 절차>를 무효로 합니다. 그렇다면 특허출원은 발명의 성립성 위반으로 거절될 것입니다. 열공하세요~, ,,22.01.18
특허법,조문,16조,특허법 불수리와 무효(16조),"안녕하세요, 특허법 총칙을 공부하다가 질문이 생겨서 질문합니다. 특허법에서 절차보정 사유와 불수리 사유가 겹치는 부분이 존재할 수 있나요?? 아니면 둘이 완전히 분리되어 있나요?? (예를들면 어떤 절차가 불수리 사유도 가지면서 절차보정 사유도 갖게 되어 특허청이 수리하면 심사중에 절차보정 명령을 받게 되어 무효가 되거나 아니면 특허청이 애초에 불수리 하거나 같이 둘중에 선택할 수 있는 상황) 공부하다가 갑자기 궁금해져서... 질문을 올립니다. 감사합니다","겹치지 않습니다. 불수리 사유에 해당하지 않는 사유만, 법 제46조의 방식 위반에 해당합니다. 열공하세요~", ,,22.01.25
특허법,조문,17조,17] 재심 청구기간 추후보완,"조문상 180조 1항에 따른 재심청구기간에 대해 추후보완이 가능한데, 180조3항 확정후 3년이 지난 경우에 대해서는 17조 적용이 안되나요,,? 왜 안해주나요,,,?","제17조의 추후보완은 제180조제1항의 기간만 가능하고, 제180조제3항의 기간은 되지 않습니다. 심결확정후 일정기간내에 반드시 재심청구를 하라는 의미입니다. 열공하세요~", ,,22.02.08
특허법,조문,22조,[22] 7항에서 당사자,7항의 당사자에는 본인과 상대방 포함인건가요?,네. 포함입니다., ,,22.02.08
특허법,문제,11조,[11조] 복수당사자대표,리담객관식 53번 보기 4번에 “대표자를 선정하여 특허청 또는 특허심판원에 신고한 때에는 대표자 단독으로 상기 보기2번의 행위(출기신청우불)을 할 수 있다”가 옳은 지문으로 나와있습니다. 해설에는 “대표자 단독으로 법 제 11조 1항 각호의 행위를 할 수 있으나 다른 당사자들의 동의를 요한다”고 돼있습니다. 그러면 해당 보기는 틀린 것이 아닌지요ㅜㅜ 리담 기본서에는 원칙적으로 단독으로 하는 것을 인정하고 있으나 실무상으로는 “대표자는 다른 당사자의 동의를 받지 않고 단독으로는 법 제 11조제1항의 각호 행위를 할 수 없다”고 적혀있어 위 보기와 상충되는 것 같습니다.. 어떻게 정리하면 될까요?,"정확한 내용은 ""단독으로 할 수 있으나, 다른 당사자의 동의를 얻어야 한다는 것입니다."" 객관식은 상대적으로 정답을 고르면 됩니다. 열공하세요~", ,,22.03.25
특허법,조문,2조,[2조] 발명의 성립성,"먼저 좋은 강의 감사드립니다. 다름이 아니라 컴퓨터 프로그램의 발명의 성립성과 관련하여 컴퓨터 프로그램은 하드웨어 작동 혹은 물리적 변환을 야기하여야 하는 것으로 알고 있습니다. 심사기준에 따르면 컴퓨터 프로그램도 방법발명으로 특정하여 등록 받을 수 있는데, 이 경우, 청구범위를 작성할 때, 알고리즘 자체를 작성하는 것이 아니라 (알고리즘은 발명의 성립성이 부정되므로) 컴퓨터의 물리적 변화를 변화시키는 과정을 시계열적으로 설명하는 방식으로 청구범위를 작성해야 하는 것인가요? 컴퓨터 프로그램은 발명의 성립성이 부정되는데, 방법발명으로 등록 받을 수 있다는 것이 모순되는 것 같아 제 생각대로 추론해 보았는데, 맞는 것인지 궁금합니다. 답변해주시면 감사하겠습니다. 저작자 표시컨텐츠변경비영리","S/W가 H/W의 물리적 변환을 야기하면서 구현되는 과정은 명세서에 개시되어 있으면 됩니다. 청구항은 그 중 특허를 받고자 하는 부분을 기재합니다. 예를 들어, 키프리스(kipris.or.kr)에서 ""고스톱""을 키워드로 하여 검색한 후, 명세서를 읽어보면 조금 더 쉽게 이해될 것입니다. 열공하세요~", ,,22.03.27
특허법,조문,14조,"[14조, 22조] 기간의 계산, 수계신청","안녕하세요! 특허법 제14조제3호에서 월 또는 연의 처음부터 기간을 기산하지 아니하는 경우에는 그 기산일의 전날에 만료된다고 하는데 여기서 처음이라는 단어가 무엇을 의미하는지 잘 모르겠습니다. 예를 들어 10월 1일부터 1개월 후라면 초일 불산입으로 10월 2일부터 1개월 후인 11월 2일에 만료되나요? 아니면 시작일의 0시를 처음이라고 하는 걸까요? 그리고 22조 수계신청에서 결정과 심결이라는 단어가 나오는데, 이 둘이 어떻게 다른 것인지도 궁금합니다. 매번 친절한 답변 감사합니다.! 좋은 주말 되세요!",, ,,22.04.09
특허법,조문,6조,"[제6조, 제28조, 제42조] 대리권 번호 관련하여 질문 드립니다","적법한 대리인 존재시, 출원서에 대리인 번호 누락시 불수리인지 아니면 대리권의 흠결로 보는지 궁금합니다!",제46조의 방식위반으로 봅니다. 열공하세요~ 답글기능 더보기, ,,22.04.25
특허법,조문,22조,22조] 수계신청,"안녕하세요. 심판 파트를 공부하다가 직권진행주의에서 수계신청으로 되돌아와서 조문을 보던 중, 왜 수계신청에서는 심판관이 ‘결정’으로 ‘기각’을 하는 것인지 궁금합니다. 심판 파트에서는 결정에는 각하가 따라다녔는데 기각이 심결이 아닌 결정과 붙어있을 수 있는 이유가 궁금합니다, 감사합니다!",부수적 심판은 합의체에 의하더라도 결정이라고 합니다. 심판 총론에서 심결에 의한 종료 파트를 읽어 보세요. 답글기능 더보기, ,,22.04.28
특허법,조문,2조,[제2조] 발명의 성립성에 관하여 질문드립니다,안녕하십니까 강의를 듣다가 헷갈리는 부분이 있어 질문드립니다. 출발미생물이 쉽게 입수 가능하고 그 출발미생물로부터 쉽게 재현가능하다면 중간 생성물이나 최종생성물은 기탁하지 않아도 된다고하셨는데 그럼 출발미생물도 기탁하지않아도 되는건가요? 아니면 적어도 출발미생물은 기탁해야하는건가요?,출발미생물은 기탁해야 한다는 것입니다. 제목이 질문규칙에 맞지 않으니 수정해 주세요~, ,,22.05.030
특허법,조문,16조,[16조]특허출원절차 무효 및,"임병웅변리사님 안녕하세요. 1) 책 p.137에서 특허출원절차 방식심사 결과 적법한 경우에 출원일자를 인정받게 되는데, 방식심사 결과 하자가 치유되지 않아 특허출원절차가 무효가 된 경우라면 출원일이 인정되지 않아 해당 특허출원을 기초로 조약우주 출원을 할 수 없는 것 아닌가요? 2) 책 p.138 불수리사유에 법정기간이 지나서 서류를 제출한 경우가 포함되어 있고, 법정기간이 아닌 지정기간 경과 후 제출된 서류는 반려하지 않는게 원칙이라고 되어 있는데, 그럼 출원인이 보정기간(지정기간)을 지난 후 보정서를 제출한 경우에는 원칙 반려하지 않아야 하는 것 아닌가요? p.140에 2.대상 설명에서는 해당 경우에 불수리해야 한다고 되어있어서 어떻게 잘못 이해한건지 모르겠습니다,, 미리 답변 감사합니다! 저작자 표시컨텐츠변경비영리",1. 정규성만 만족하면 되기 때문에 할 수 있습니다. 2. 케이스별로 다르게 취급합니다. 열공하세요~, ,,22.06.04
특허법,조문,8조,[제8조] 대리권의 불소멸에 대해서 질문드립니다.,"안녕하십니까 강사님 강의를 듣다 헷갈리는 부분이 생겨 질문드립니다. 1. 교재에 보면 위 그림에서와 같이 복대리의 대리권은 본인 또는 대리인이 수권행위를 철회한 경우 당연히 소멸한다고 적혀있는데, 여기서 수권행위를 철회한다는 의미가 대리인이 복대리인에게 한 수권행위를 본인 또는 대리인이 철회 한다는 의미인가요? 혹시 만약 위의 의미가 아니고 본인이 대리인에게 한 수권행위를 철회한다는 의미이면 대리권의 불소멸에서 법정대리인의 대리권 소멸이나 변경에는 복대리권에 영향을 안미친다고 하는 것과 맞지않는것 같아서 질문드립니다. 2. 제 220조와 같이 재외자에게 특허관리인이 없으면 서류 송달시 발송주의를 채택하고 있는데 만약에 재외자가 특허관리인 없이 출원하여 방식심사하여 반려하기전 소명기회를 주는 서류를 특허청장이 송달할 경우 이 경우도, 항공등기우편으로 발송주의를 취하나요? 3. 제7조의 2를 보면 보정된 당사자나 법정대리인이 추인하면 행위를 한 때로 소급한다고 조문에 있는데 이때, 추인은 언제까지 가능한건가요? 방식심사에서 보정명령을 하고, 보정이 없어 출원이나 뭐 심사청구 등 이런절차가 무효가 된 뒤에도 추인하여 소급할 수 있나요?",1. 전자입니다 2. 네 그렇습니다 3. 절차의 무효가 되기 전까지 가능합니다 열공하세요~ 답글기능 더보기, ,,22.06.07
특허법,조문,6조,[6조] 대리권의 범위,안녕하세요 변리사님! 6조 본문7호를 보면 특별수권 사항으로 제132조의17에 따른 심판청구[거절결정불복심판청구] 만 명시되어있습니다 다른심판청구들은 특별수권사항이 아닌건가요?? 심판배우고 복습하다가 문득 궁금해져서 질문했습니다! 저작자 표시컨텐츠변경비영리,"네, 각주 보면 왜 거절결정불복심판만 특별수권사항인지 설명되어 있습니다. 열공하세요~ 답글기능 더보기", ,,22.06.07
특허법,조문,2조,2조]3항 다목 제법발명 관해 질문드립니다.,"안녕하세요:) 좋은 강의 감사드립니다! 특허가 처음이라 벌써부터 이해가 가지 않는 부분이 생겨 질문드립니다. 제2조 3호 다목 제법발명에서 ""나목의 행위 외에""를 설명해주실때 ""외에""가 ""여기에 더하여""라는 의미라고 말씀해주셨는데 그게 무슨 의미인지 이해가 안가서 질문드립니다! 즉 다목 해석시 나목의 행위 말고 다른 방법에 의해 생산한 물건을 사양대수청하는 행위인건지 아니면 나목의 행위와 다른 방법들 등에 의해 생산한 물건을 사양대수청하는 행위로 해석하는건지 아니면 다른 내용의 해석인지 잘 이해가 가지 않아 변리사님께서 풀어서 다시한번 설명해주시면 감사하겠습니다,,","A 외에 B, C는, A, B, C를 모두 포함하는 개념입니다. 열공하세요~", ,,22.06.09
특허법,조문,14조,[14조] 기간의계산,"안녕하세요 질문드립니다. 강의에서 가르쳐주신 방법대로 기간의 계산을 해오고 있는데 기간을 역산하는 방법은 따로 없는것 같아서 질문 드립니다. 예를 들어 허가 등에 따른 존속기간연장등록출원의 경우 존속기간만료일전 6개월 이내에는 출원이 불가능한데, 이 경우 출원 가능한 기간의 마지막날을 계산하려면 존속기간만료일을 기준으로 역산을 해야하는데 이 때 계산 방법이 궁금합니다. 1)특정 날짜를 초일로 잡고 6개월을 계산했을 때 존속기간만료일이 나오면 맞는 답인지 2)아니면 다른 방법이 존재하는지 3)이러한 기간의 역산 문제도 나올 수 있는지 궁금합니다. 저작자 표시컨텐츠변경비영리",기간 역산 문제는 당연히 시험에 나올 수 있습니다. 구체적인 방법을 모르는 것은 특허법 공부가 아닌 민법 공부가 약하기 때문입니다. 민법 공부를 더 하시면 역산 문제를 풀 수 있을 것입니다. 열공하세요~, ,,22.06.24
특허법,조문,20조,[20조] 절차의 중단에 대해서 질문드립니다.,"강사님 안녕하십니까 강의를 듣던 중 궁금한 점이 생겨 질문드립니다. 1. 특허법 제 20조 1호에서 5호까지는 대리권의 불소멸 사유와 같다고 하셨는데, 대리권의 불소멸 중 법정대리인의 행위능력 상실과 대리권의 변경 같은 경우 20조의 1호에서 5호에 없는거 같은데, 없는게 맞나요? 그럼 위 두개를 제외하고 포함되어 있는 것인가요? 2. 특허법 제20조 6호에 보면 '제11조 제1항 각 호 외의 부분 단서에 따른 대표자' 라고 적혀있는데 여기서 제11조 제1항 각 호 외의 부분이란 것은 출,기,신,청,우,불에 해당하는 경우를 제외하고 대표자가 있는 경우를 얘기하는 것 인가요? 만약 출,기,신,청,우,불에 해당하는 경우를 제외하고 대표자가 있는 경우의 의미이면 출,기,신,청,우,불에 해당하는 경우는 대표자가 사망하거나 자격을 상실해도 절차가 중단되지 않는 것인가요? 3.. 특허법 제20조 6호와 7호에서 보면, 결국 이와 같은 상황도 당사자의 사망이나 행위능력 상실로 생각할 수도 있을거 같은데 1호에서 5호 뒤에 6호와 7호가 추가된 것은 하나의 예시라고 볼 수 있을까요? (예를 들어, 신규성에서 공지의 예시로 공연 실시, 반포된 간행물에 게재, 전기통신회선을 통해 공중이 이용할 수 있는 발명이 있는데 신규성의 요건으로 이 네개가 나열되어 표시되어 있는 의미와 비슷하다고 볼 수 있을까요?) 감사합니다.","1. 제20조 제4호의 그 대리권을 상실한 경우에 해당합니다. 2. <각 호 외의 부분 단서>라는 것은 ""각 호를 신경쓰지 않고""의 의미로 이해하면 됩니다. 따라서, 각호에 해당하는지 상관없이 대표자가 사망하거나 자격을 상실하면 절차가 중단됩니다. 3. 제6호는 복수당사자 중 일부가 사망하거나 자격상실한 경우이니 당사자의 사망이나 행위능력 상실이 아니고, 제7호의 파산관재인 등 법률에 의해 일정기간내 법정대리인과 유사한 지위가 부여된 자이니, 당사자의 사망이나 행위능력 상실과 약간 결을 달리하고 있습니다. 열공하세요~", ,,22.06.25
특허법,조문,2조,[2조] 의약발명의 성립성,"리담20판 47p >>> 즉, 의약발명의 경우에 약리기전이 명확히 밝혀지지 아니한 이상 일정한 확실성 및 반복가능성이 미약하여 목적달성이 현저히 의심스럽기 때문에 특정 물질에 그와 같은 약리효과가 있다는 것을 약리데이터 등이 나타난 시험예로 기재하거나 또는 이에 대신할 수 있을 정도로 구체적으로 기재하여야만 비로소 발명이 완성되었다고 볼 수 있는 동시에 명세서의 기재요건을 충족하였다고 볼 수 있다 추록 재작성 >>> 약리효과의 기재가 요구되는 의약의 용도발명에서는 그 출원 전에 명세서 기재의 약리효과를 나타내는 약리기전이 명확히 밝혀진 경우와 같은 특별한 사정이 없다면 특정 물질에 그와 같은 약리효과가 있다는 것을 약리데이터 등이 나타난 시험례로 기재하거나 또는 이에 대신할 수 있을 정도로 구체적으로 기재하여야만 발명의 설명 기재요건을 충 족하였다고 볼 수 있다 안녕하세요, 의약발명의 성립성 질문드립니다 20판에서는 약리효과 기재가 필요함에도 구체적으로 기재하지 않았을 경우 미완성발명으로 보아 추후 보정을 할 경우 신규사항추가에 해당한다고 이해했습니다 그러나 추록에서는 그 부분을 뺀 걸로 보이는데, 약리효과 기재보정을 여전히 신규사항추가에 해당한다고 이해해도 괜찮을지 궁금합니다","네, 정량적 기재를 추가하는 보정하는 것은 최명도의 범위를 벗어난 신규사항추가에 해당합니다. 열공하세요", ,,22.07.02
특허법,조문,2조,[2조] 컴퓨터 프로그램 발명,"안녕하세요 리담 54p 질문이 있습니다 기존 프로그램 청구항 보호정도에 대한 각주의 표에서, 1 프로그램이 설치된 장치와 2 프로그램이 저장된 기록매체의 명칭 차이로 인해 보호 여부가 조금 차이나는데 정확히 어떤 이유에서 이러한 차이가 나는지 모르겠습니다. 즉, 장치와 기록매체가 왜 이러한 차이를 가져오는 점이 궁금합니다.","예를 들어, 장치=컴퓨터 기록매체=USB 입니다. 실시의 정의에 따라 한 번 생각해 보세요.", ,,22.07.07
특허법,조문,14조,[14조] 기간의 계산,안녕하세요 거절결정확정 이후 정당한 권리자 출원 기간 계산 관련 질문 드립니다. 문제에서 2022년 5월 1일을 거절결정등본송달일로 제시하면 2022년 8월 1일 24시에 거절결정 확정되고 8.2이 초일이자 기산일이므로 그때부터 자연적 계산법으로 30일 계산하여 8.31까지 정당한 권리자가 출원해야 소급효가 인정된다고 이해했습니다. 그런데 거절결정 확정일이 2019년 5월 10일이라고 문제에서 직접 주어지면 이를 5월 10일 24시가 아닌 5.10일 0시로 보고 초일이자 기산일로써 30일을 계산하는 것인가요? 감사합니다.,네. 그렇습니다. 등본송달일로부터 3개월이 지난 후에 다음 날 0시에 확정됩니다. 열공하세요~, ,,22.08.14
특허법,문제,62조,[62조]객관식 문제집 심사의 진행 파트 질문드립니다.,안녕하세요:) 특허 복습 중 이해가 되지 않는 보기가 생겨 질문드립니다. 사진에서 (아) 보기가 왜 맞는 보기인지 궁금합니다. (아)보기가 실체적요건 중 신규성 위반이라 특허무효사유와 특허취소사유에 모두 해당되는게 아닌지 생각이듭니다. 제가 뭘 놓치고 있는지 알려주시면 감사하겠습니다:),"공지, 공연실시를 근거로 한 신규성, 진보성 위반은 취소사유에 해당하지 않습니다. 법조문 제132조의2를 읽어 보세요. 열공하세요~", ,,22.09.05
특허법,조문,2조,2조]물건발명과 제법발명의 병존 가능성,1. 제법 선출원 -> 물건 후출원 선출원주의 위반 o 2. 물건 선출원 -> 제법 후출원 선출원주의 위반x 1번은 물건이 등록되면 더 큰 권리를 갖고있어 제법발명권리자에게 침해주장할 수 있게되어 '실질적으로 동일'하다고 보고 2번은 양 발명의 동일성이 없어서 선출원주의 위반이 아니라고 책에 있는데요 청구항끼리 비교하는 것은 같은데 선후출원관계가 바뀐것만으로 선출원주의 위반의 결과가 달라지는 것은 정책적인 이유로 보면 될까요?,"정책적인 이유가 아니라, 상식적으로 생각해 보면 너무 당연한 얘기입니다. 제조방법이 선출원이고 물건이 후출원이면 제조방법은 물건을 필수적으로 기술할 수밖에 없기 때문에, 따라서, 선출원위반입니다. 그러나, 물건이 선출원이고 제조방법이 후출원이면 물건에 제조방법이 기술되어 있지 않고, 설사 기술되어 있더라도 제조방법은 수없이 많기 때문에, 후출원 제조방법과 동일하다고 말할 수 없습니다. 열공하세요~ 열공하세요~", ,,22.09.23
특허법,문제,14조,[14] 기간의 계산,안녕하세요 기간의 계산 파트에서 질문드립니다. 4번 보기에서 초일 1.29 1.31 기산일 1.30 2.1 1월 2.29 3.1의전날=2.29 까지는 이해했는데 여기서 두번째 1월연장의 기산일은 기간의 연장에대한 연장이니 0시부터 시작하여 그대로 2.29라고 생각했습니다. 왜 3.1이 되나요?,"해당일이 없으니, 2.29. 만료일이고, 초일은 3.1 오전 0시부터 시작하니 기산일도 3.1 만료일은 4.1의 전일=3.31. 입니다. 답글기능 더보기", ,,22.09.28
특허법,문제,2조,[2조]완성된 발명,"안녕하세요 21년 기출 (객관식 p. 13) 실제로 완성된 발명이 존재한다고 하더라도 명세서와 도면에 그 발명이 기재되지 아니한 경우 발명의 완성여부는 반드시 발명의 설명 중의 구체적 실시예에 한정되어 판단되는 것은 아니다. 이 판례문구에서 구체적 실시예 외의 명세서, 도면을 참고할 수 있다는 것이 요지인가요? 그렇다면 '실제로 완성된 발명이 존재한다고 하더라도 명세서와 도면에 그 발명이 기재되지 아니한 경우'이기에 참고해도 완성되지 않은것으로 판단되는것이 아닌지,, 간단한 문장인데 판결의 요지를 잘 모르겠습니다. 감사합니다. 저작자 표시컨텐츠변경비영리","특허요건 판단할 때, 청구범위가 발명의 설명(실시예)에 의해 제한해석되지 않는다는 것입니다. 열공하세요~", ,,22.10.02
특허법,문제,18조,"[28조] 도달주의, 발신주의","안녕하세요 변리사님! 법조문은 28조이며 책은 리담 특허법 객관식 73페이지, 지문 5번에 질문이 있습니다. (하단에 사진 첨부했습니다) 28조를 살펴보면, 1항은 서류는 도달주의, 2항은 우편의 경우엔 발신주의, 2항의 단서는 국제출원 서류는 우편일지라도 도달주의를 취한다는 구조인거 같습니다. 그러면 5번 지문은 2항 단서에 따른 지문이니까 맞게 고치려면 ""국제축원 서류를 우편으로 제출하는 경우, 우편물의 통신일부인에 표시된 날이 분명하던 말던 특허청장 또는 특허심판원장에게 도달한 날부터 효력이 발생한다""로 고쳐야 하는 것인가요? 맞게 고쳤는지 궁금합니다~ 감사합니다!!",네. 맞습니다., ,,22.11.08
특허법,조문,2조,[2조] 미완성발명과 비발명,미완성발명과 비발명의 구별실익은 무엇인가요?,"기본서에 보면 다음과 같이 기술되어 있네요. ""미완성발명은 장래에 구체성을 갖추는 경우 완성된 발명이 될 수 있다는 점에서 비발명과 구별된다", ,,22.11.14
특허법,문제,14조,[14조] 기간계산 객312,"객 312번의 1, 2번 지문의 해설에서, 《정당한 권리자가 거절결정확정일인 2019년 5월 10일로부터 30일 이내인 2019년 6월 8일까지 출원한 경우~》라고 되어있는데 5월 10일로부터 30일을 계산하면 6월 9일인 것 같아 질문드립니다. 기산일: 5/11 소요일수: 31-11=20 잔존일수: 30-20=10 만료일:6/10 -1= 6/9 라고 계산했는데 어디가 잘못 된 건가요??",기산일이 틀렸습니다. 오전 0시부터 시작하니 기산일이 5월 10일입니다. 열공하세요~, ,,22.11.15
특허법,문제,2조,[2조] 특허대상 발명여부 판단,"객 17페이지 ㅋ선택지인데요, 병원업무자동화 프로그램과 결합한 전산시스템 에서 전산시스템을 장치로 판단해야하나요? 이쪽 배경지식이 없고 검색해봐도 어떤건지 잘 모르겠네요 ㅜ 답변 기다리겠습니다.","네, 장치발명(물건발명)입니다.", ,,22.11.25
특허법,조문,2조,[2조] 미생물 발명,"미생물 발명은 출원 전 미생물을 쉽게 입수할 수 없는 경우 기탁기관에 기탁하여야 하고, 출원 시 기탁하지 않은 경우에는 미완성발명으로서 발명의 성립성이 인정되지 않는다고 알고 있습니다. 또한 미완성 발명을 완성 발명으로 보정하는 것은 신규사항추가이기 때문에 부적법하다고 알고 있습니다. 위 말에 따르면 출원 전 미생물을 기탁하지 않은 미생물 발명은 발명 불성립으로 보정이 부적법한데, ' 부적법한 기탁 절차의 취급 '에서 왜 이 경우에 46조 규정에 따라 방식 위반에 따른 보정명령이 이루어지는지 이해가 되지 않습니다","보정명령은 당사자에게 불리한 행정처분(무효)을 하기 전에, 미리 대응할 수 있다면 대응하라는 기회를 준다는 점에서 의미가 있습니다. 다만, 보정명령을 한다고 하여, 모두 보정할 수 있는 것은 아닙니다. 다른 예로, 출원과 동시에 우선권주장을 하지 않으면, 보정명령후 우선권주장을 무효로 하는데, 보정명령을 받았다고 하여 그 하자를 치유할 수 있지 않습니다. 열공하세요~", ,,22.11.30
특허법,조문,10조4항,[10조 4항] 상표법과 비교,안녕하세요 상표법 조문에는 대리인 선임교체 명령 후 명령 전 대리인이 한 상표 관한 절차 전부/일부를 “신청에 따라” 무효로 할 수 있다 (12조4항) 고 되어 있습니다 특허법 조문(10조4항)에는 딱히 그러한 명시적인 표현이 없는데 직권으로만 가능한지 신청에 따라서 해야하는지 확실히 하고싶어 질문 드립니다! 감사합니다!,"찾아보니 특허법과 차이가 있네요. 특허법은 이를 구분하고 있지 않으니, 그냥 그대로 받아들여야 합니다. 열공하세요~", ,,22.12.05
특허법,문제,2조,[2조] 의약용도발명,리담객 11번 의약용도발명 문제에서 질문 있습니다. 2번보기에사 ‘특허권의 효력이 침해제품에 미치지 아니한다’는 의미가 특허권의 효력이 제한된다는 의미인가요? 그렇다면 통상의 기술자가 쉽게 선택할 정도에 불과하므로 옳은 지문이 아닌가요? 감사합니다!,"제95조의 해석과 관련된 대법원 판례에 대한 공부가 아직 덜 된 것 같네요. 유효성분이 같고, 염 등의 차이가 통상의 기술자가 쉽게 선택할 수 있는 정도에 불과하다면 제95조의 ""대상물건""에 해당한다는 것입니다. 기본서를 한 번 정독해 보세요~", ,,22.12.06
특허법,문제,14조,[14조] 기간 계산의 기산일,안녕하세요. 리담 객관식 p.1014 관련하여 질문드립니다. 15.1.4 미국 특허출원 16.1.4 pct출원에서 공지예외 주장 및 증명서 제출은 기준일 경과 후 30일 이내이므로 기준일 : 우선일~2년7월 이므로 17.8.4 기준일 경과 후 30일 계산에서 1. 초일 17.8.5 2. 기산일 17.8.5 (오전0시) 3. 자연적 4. 31-5=26 30-26=4 따라서 전일인 17.9.3 까지 이렇게 계산하면 되나요??? 원칙 초일불산입 예외 오전 0시부터 시작하는 경우 에서 예외의 경우가 1. 기간을 연장하는 경우 : 기간만료일의 다음날이 기간연장의 초일=기산일 2. 기간이 확정된 경우 : 확정된 날이 초일=기산일 이렇게 정리해도 될까요??? 감사합니다.,네 맞습니다~, ,,22.12.17
특허법,문제,,5번 지문 틀린 이유,"안녕하세요 변리사님 리담 특허법 객관식 61번 문제에서 5번 지문에 대해 질문이 있습니다. 해설엔 “취하된 경우“ 가 아니라 ”거절정이 확정“ 되는 거라서 5번 지문이 틀렸다고 되어 있는데, 법조문 67의 3을 보면 취하된 경우도 포함되어 있어서 맞는 지문 같습니다ㅠㅠ 왜 틀린건지 궁금합니다 . 감사합니다",법조문에 대한 이해가 부족합니다. 법 제67조의3에서 - 심사청구기간경과 - 취하간주(법 제59조제5항) - 재심사청구기간경과 - 거결절정확정 입니다., ,,23.01.19
특허법,문제,2조,[2조] 발명의 성립성 - 물질발명과 용도발명,"객관식 p. 16 (3) 다른 선지가 명확하게 아니여서 답은 고를 수 있지만 선지에서는 천연물질에서 특정물질을 분리하는 방법을 개발한 경우 그 분리된 ""물질""이 성립성이 인정된다고 하는데 ""방법""이 아니고 ""물질""이, ""발견""이 아니라 ""발명""으로 인정되려면 물질의 용도발명으로 인정된다는 등의 추가적인 사정이 있어야 하는 것이 아닌지",객관식은 상대적으로 풀이하면 됩니다., ,,23.01.27
특허법,조문,3조,[3조] 행위무능력자 법정대리인의 능력,3조의 조문에서 특허취소신청(이하 “특허취소신청”이라 한다)이나 상대방이 청구한 심판 또는 재심에 대한 절차를 밟을 수 있다. 라는 내용을 취소신청에 대응하는 것이 아니라 취소신청을 청구할 수 있음 + 상대방이 청구한 심판 / 재심에 대해 절차를 밟을 수 있음 이라는 뜻으로 봐도 되는지 아니면 상대방이 청구한 취소신청 / 심판 / 재심에 대해 절차를 밟을 수 있음 이라고 보아야 하는지,전자입니다., ,,23.01.27
특허법,조문,9조,[9조] 각자대리의 원칙과 송달,수업때 수인의 대리인이 있는 경우 모든 대리인에게 송달하고 그 중 하나의 대리인에게만 송달되면 효력이 발생한다고 했던 것 같은데 객관식에서는 그 중 하나에게만 송달한다가 맞는 선지로 되어있음. 차이가 무엇인지,"기본서의 송달에 다음과 같이 기술되어 있네요. 수인이 공동으로 대리권을 행사하는 경우에는 그 중 1인에게 송달한다(令 18⑥). 그러나 대리인이 여러 사람이 있는 경우에는 개별대리(法 9)가 원칙이며, 시행령 제18조 제6항이 적용되지 않는다. 따라서 대리인 모두에게 각각 송달하여야 하고, 그 같은 경우 효력은 대리인 1인에게 최초로 송달되었을 때 발생한다. 답글기능 더보기 이전 목록으로 이동 1 다음 목록으로 이동", ,,23.01.27
특허법,조문,10조,[10조] 선심 / 교체명령과 절차의 무효,"대리인 교체 / 선임 명령에서 밟은 절차를 무효로 할 수 있는 기준에 대해 특허청장 또는 심판장은 대리인의 선임 또는 교체 명령을 한 경우에는 제1항에 따른 특허에 관한 절차를 밟는 자 또는 제2항에 따른 대리인이 ""그 전""에 특허청장 또는 특허심판원장에 대하여 한 특허에 관한 절차의 전부 또는 일부를 무효로 할 수 있다. 라고 규정하는데 해설에서는 별도 인용 없이 10조 4항에서 ""명령 후""에 밟은 절차 를 무효로 할 수 있다고 하고 있다. ""그 전""이라 함은 명령 전에 부적절하게 밟은 절차에 대해서도 무효로 할 수 있다고 보야야 한다고 생각했는데 그렇게 보지 않는 것이 맞는지. 그 이유는 실무상의 이유라고만 이해하면 되는지",선임 또는 교체 명령을 한 경우 = 선임 또는 교체 명령 후 입니다., ,,23.01.27
특허법,문제,25조,"[25조] 수교국가와 조약, 파리협정","객관식 p. 206 (5) 미수교 국가 국민 → 파리협정도, 개별적인 상호주의 인정도 없는 국가 → 주소지가 있다면 행위능력은 있을 수 있지만 권리능력이 없음. 이라 생각했는데 해설에서는 수교국가 = 상호주의의 인정국가라고 사용하는 것으로 보인다. 수교국가라는 용어는 판례에 따라 사용하는 것인지 아니면 강학상의 용어인지",강학상 용어입니다., ,,23.01.27
특허법,조문,4조,[4조]비법인 사단,"안녕하세요 비법인 사단은 출원심사의 청구인, 특허취소신청인, 심판, 재심의 청구인 피청구인이 될 수 있다 를 정리하면 비법인 사단은 권리능력은 없지만 위의 절차에 한해서 당사자 능력과 절차를 밟을 행위능력까지 있다는 것인가요? 감사합니다 저작자 표시컨텐츠변경비영리","네, 그렇습니다.", ,,23.01.29
특허법,문제,2조,[2조] 미생물 발명,"안녕하세요, 변리사님 48회 기출 지문인데, 미생물 발명에서 기탁 절차가 부적법한 경우 방식위반 사유에 해당하여 보정 명령을 하고 하자가 치유되지 않을시 해당 절차를 무효로 할 수 있는 것으로 알고 있습니다. 하나의 예로, 기탁 사실에 대한 취지를 기재하고 증명서류를 제출하지 않은 경우가 있고 이러한 경우 증명서류를 제출하면 하자가 치유되기 때문에 증명서류를 새로 제출하는 것은 신규사항 추가에 해당하지 않는다고 생각했습니다. 이러한 것처럼 4번 보기에서 수탁번호가 기재되지 않은 것을 보정에 의해 새롭게 기재하는 것 또한 신규사항의 추가가 아니어서 보정하여 하자를 치유할 수 있다도 생각했는데, 어디가 잘못 되었을까요?? 혹시 수탁번호의 미기재는 기탁하지 않은 것으로 보아 미완성 발명으로 취급되는데 보정을 통해 새롭게 수탁번호를 기재하는 것은 미완성발명을 완성발명으로 보정하는 것이 되어 신규사항의 추가에 해당하는 것일까요?? 감사합니다","제46조의 절차보정사유라고 하여, 항상 보정할 수 있다고 착각하고 있네요. 보정명령하는 것은 절차적 정당성을 확보하고자 하는 것이고, 그렇다고 모든 것을 보정할 수 있지 않습니다. 답글기능 더보기", ,,23.02.07
특허법,문제,2조,[2조] 2023 리담특허법 기출 문제집 p.43 05번 문제 1번 지문,"[2023 리담특허법 기출 문제집 p.43 05번 문제 1번 지문] 지문내용 : 선택발명의 발명의 설명에는 통상의 기술자가 선택발명의 효과를 이해할 수 있을 정도로 명확하고 충분하게 기재하면 족하고 그 효과를 구체적으로 확인할 수 있는 실험자료까지 기재할 필요는 없다 => 강의시 강사님께서 좀 더 배워야 이해가 가능 하다고 하신거 같은데 ""기술적 사상이면 족하지 기술일 필요는 없다"" 로 이해 한다면 안될까요?",그렇게 이해해도 됩니다. 답글기능 더보기, ,,23.04.15
특허법,조문,3조,[3조] (미성년자 등의 행위능력) 대리인인 친권자와 후견인의 구별 실익 관련 질문,"안녕하세요? 특허법 기본 온라인 강의 수강생 입니다. 다름이 아니라, 대리인관련해서 친권자와 후견인의 구별 실익이 후견감독인의 동의 없이 진행 가능한 법률 행위의 범위에 있다고 알고 있습니다. 이때, 친권자의 경우에도 특수한 경우에는 후견감독인이 필요한 상황이 있을 수 있어 이렇게 구별 실익을 보는 것인지? 친권자의 경우에는 후견감독인제도가 적용되지 않으나 단순히 구별 실익을 논하기 위해 언급된 내용인지 궁금 하여 질문 드립니다. 감사합니다.",구별 실익을 논하고 있는 것입니다. 친권자는 후견감독인제도가 없습니다. 열공하세요~, ,,23.04.23
특허법,조문,2조,"[2조] ""자연법칙을 이용""의 탄력적 해석인 컴퓨터 프로그램 관련 발명 질문","안녕하세요? 특허법 기본 강의 온라인 수강생 입니다. 컴퓨터 프로그램 관련 발명의 경우 ""소프트웨어가 하드웨어의 물리적 변환을 야기시켜 그 물리적 변환으로 인하여 실제적 이용 가능성이 명세서에 개시되어 있는 경우 발명의 성립성이 인정된다""라고 되어 있는데, Q1) 저는 이러한 Case를 1. 자율주행 프로그램 : 센서를 통하여 입력된 정보를 처리하여 조향 장치의 변화를 야기하여 자율 주행을 가능 하게 하는 (시스템? or 프로그램?) 와 같은 Case로 이해 했습니다. 잘 이해 한 걸까요? Q2) 그리고 BM 발명의 경우 컴퓨터 프로그램 발명의 세부 분야로 이해 했습니다. 맞을까요? Q3) 그리고 BM발명의 경우에도 소프트웨어가 하드웨어의 물리적 변환을 야기시키고 그 내용이 명세서에 개시되어 있어야 하나, 네트워크를 통신을 통한 Server 또는 Client의 상태 변화도 물리적 변환의 일종으로 본다라고 이해 해도 될까요? (ex,온라인 고스톱 게임) 감사합니다.","1.2.3. 네 다만, 3과 관련하여, 어떤 상태 변화가 있었는지 구체적으로 기술해야 한다는 것입니다. 열공하세요~", ,,23.05.01
특허법,조문,2조,[2조]방법의 사용[22년 기출],"제법발명이 있는 경우, 그 방법에 의하여 생산한 물건을 수출하는 행위 자체는 특허발명의 실시행위에 해당하지 않는다. 이 선지가 수입하는 행위가 실시의 유형이라 수출은 실시행위에 포함되지 않아 맞는 선지인데요. 특허법 2조에 의하면 [제법발명의 실시는 나목의 행위 외에 사용, 양도, 대여, 수입, 청약] 입니다. 나목은 방법의 사용이 포함되어 있습니다. 그러하면, 위 선지에서 <그 방법에 의하여 생산>한 것 자체가 방법의 사용에 해당되어 수출하였음에도 불구하고 특허발명의 실시행위에 해당하는 것 아닌가요 ?? 긴 글 읽어주셔서 감사합니다 ~ !","실시행위별로 판단하면 됩니다. 생산이 제법발명의 실시인 것은 맞지만, 문제의 선지는 <생산>을 물어보고 있는 것이 아니라 <수출>을 물어보고 있네요. 열공하세요~", ,,23.05.07
특허법,조문,11조,[11조]복수당사자의 대표,"안녕하세요? 특허법 기본강의 온라인 수강생 입니다. 6조와 11조를 비교해서 보다가 궁금한 점이 생겨 문의 드립니다. 6조와는 다르게 11조에서는 ""특허권의 포기""와""복대리인 선임""이 빠져 있는데, 여기서 ""특허권의 포기""가 빠져 있는 이유가 Q1) 11조의 특허에 관한 절차가 의미하는 것이 ""출원에 국한되어 있어서 인지? Q2) 출원 이후의 절차도(등록이후) 포함되나 특허권의 포기의 개념을 현 지문에서 지분의 포기로 이해해야 하는지 문의 드립니다. (현재는 지분의 포기와 특허권의 포기는 다르다고 이해 하고 있습니다.) 감사합니다. 제6조(대리권의 범위) 국내에 주소 또는 영업소가 있는 자로부터 특허에 관한 절차를 밟을 것을 위임받은 대리인은 특별히 권한을 위임받아야만 다음 각 호의 어느 하나에 해당하는 행위를 할 수 있다. 특허관리인의 경우에도 또한 같다. <개정 2016. 2. 29.> 1. 특허출원의 변경ㆍ포기ㆍ취하 2. 특허권의 포기 3. 특허권 존속기간의 연장등록출원의 취하 4. 신청의 취하 5. 청구의 취하 6. 제55조제1항에 따른 우선권 주장 또는 그 취하 7. 제132조의17에 따른 심판청구 8. 복대리인의 선임 [전문개정 2014. 6. 11.] 제11조(복수당사자의 대표) ① 2인 이상이 특허에 관한 절차를 밟을 때에는 다음 각 호의 어느 하나에 해당하는 사항을 제외하고는 각자가 모두를 대표한다. 다만, 대표자를 선정하여 특허청장 또는 특허심판원장에게 신고하면 그 대표자만이 모두를 대표할 수 있다. <개정 2016. 2. 29.> 1. 특허출원의 변경ㆍ포기ㆍ취하 2. 특허권 존속기간의 연장등록출원의 취하 3. 신청의 취하 4. 청구의 취하 5. 제55조제1항에 따른 우선권 주장 또는 그 취하 6. 제132조의17에 따른 심판청구 ② 제1항 단서에 따라 대표자를 선정하여 신고하는 경우에는 대표자로 선임된 사실을 서면으로 증명하여야 한다. [전문개정 2014. 6. 11.]","지분의 포기는 다른 공유자의 동의없이 가능하고, 특허권의 포기는 전체가 진행해야 합니다. 하여, 제11조에서 규정하기 어려운 사항입니다. 열공하세요~", ,,23.06.08
특허법,조문,2조,[2조] 발명의 성립성,"마법천자문의 경우 통상의 기술자가 그 특허발명을 쉽게 반복실시 할 수 있을것 임으로 발명의 성립성이 문제되지 않는다고 강의에서 설명해주셨습니다. 그런데 마법천자문은 자연법칙인 경험칙, 과학상 법칙을 전체로서 이용하지 않기때문에 특허법으로 보호하는 것이 아니라 저작권으로 보호해야 하는 분야라고 생각합니다. 그래서 어떻게 마법천자문이 특허발명으로 인정됐는지 궁금합니다. 감사합니다.","판례(특허법원 2009. 10. 16. 선고 2009허351)를 찾아보면 아래와 같이 판시하고 있습니다. 명칭이 “한자교재 및 애니메이션 한자교재를 기록한 기록매체”인 특허발명의 제1항 내지 제12항 정정발명은 한자학습교재를 읽는 학습자가 만화이미지 등을 통한 효과적인 한자학습을 할 수 있도록 교재의 본문에 학습할 한자와 관련된 만화이미지를 스토리와 연관되게 삽입하고 그 한자만화 이미지 도시면의 각 부분을 공간적·물리적으로 배치·형성하는 구성을 취하고 있으므로, 시각적 배치를 유기적으로 구성하여 학습효과를 높일 수 있다는 자연법칙을 이용한 발명에 해당한다.", ,,23.07.24
특허법,조문,20조,[20조]절차의 중단,"안녕하세요. 조문 내용에 대한 질문입니다. 제20조 단서부분에 ""다만, 절차를 밟을 것을 위임받은 대리인이 있는 경우에는 그러하지 아니하다."" 라고 나와있는데 1. 이때 절차를 밟을 것을 위임받은 대리인은 임의대리인만을 의미하는 것인가요? 2. 그렇다면 당사자인 미성년자가 사망한 경우 법정대리인만 있는 경우에는 절차가 중단되나요?",1. 네 2. 그렇게 해석하는 것이 맞습니다. 열공하세요~ 답글기능 더보기, ,,23.08.29
특허법,조문,14조,[14조+56조] 기간의 말일이 공휴일일 때 우선권 주장의 취하와 선출원의 취하간주,"안녕하세요ㅎㅎ 56조의 우선권 주장 철회 가능 기간과 선출원의 취하 간주 시점과 관련해 1. 선출원 출원일로부터 1년3개월이 지난 후 국내우선권 주장이 취하간주 되는 시점이 공휴일(예를 들어 토요일)인 경우에 그날(토요일)에 취하간주가 되었지만(14조4호 적용X) 2. 56조 2항의 우선권 주장 취하 가능 기간은 14조 4호의 적용을 받아 그 다음 월요일까지 가능하여 3. 만약 월요일에 우선권 주장을 취하한다면, 선출원이 다시 56조1항3호를 적용받아 소급하여 선출원 취하 간주가 없어지는것 이 맞을까요??","네, 그렇게 해석되어야겠네요. 시험과는 무관한 것이니, 너무 몰두하지 마세요.", ,,23.09.25
특허법,조문,5조,[5조] 재외자와 재내자의 공동출원인 경우의 취급,"리담특허법 교재 97-98페이지에 ""법 제 44조 규정에 의하면 특받권이 공유일 때 공유자 모두가 공동으로 특허출원을 하여야 하므로 재내자와 재외자가 공동으로 출원한 경우 그 출원은 적합하다, 특허출원 후 재내자는 단독으로 법 제11조제1항 각호에 규정된 절차를 제외하고 특허에 관한 절차를 밟을 수 있는데 반하여 재외자는 특허관리인을 선임하지 않고 특허에 관한 절차를 밟을 수 없다."" 라고 나와있습니다. 제11호의 '특허에 관한 절차'는 특허출원 및 심판청구 이외의 절차에 적용되는 절차로 해석하는게 맞다고 나와있지만 그건 11호 한정이고, 제5호의 '특허의 관한 절차'는 출원을 포함하는 전체 절차가 아닌가요? 본문을 읽으면, 마치 '재내자 재외자의 공동출원은 적합하고, 그 이후의 행위는 재외자는 특허관리인을 선임하지 않고는 할 수 없다.' 라는 것처럼 읽히는데, 그렇게 보니 재내자와 재외자 공동출원을 할 때에도 재외자는 특허관리인 없이는 출원을 할 수 없고, 특허관리인을 선임해야만 할 수 있는게 아닌가... 하는 의문이 들어서, 이때 말하는 공동출원을 할 때 역시 재외자는 특허관리인을 선임하였어야 그 절차를 밟을 수 있는게 맞는지 아닌지, 확인차 여쭈어보고 싶었습니다..! 답변 주시면 감사하겠습니다.","조문 그대로 해석하면 재외자는 출원할 때도 특허관리인이 있어야만 행위능력이 인정됩니다. 다만 심사기준을 확인해 보니, 이에 대해서는 명확하게 나와 있지 않네요. 열공하세요~", ,,23.09.27
특허법,조문,22조,[22조] 4항,"변리사님 안녕하세요 특허법 22조 ④ 특허청장 또는 심판관은 결정 또는 심결의 등본을 송달한 후에 중단된 절차에 관한 수계신청에 대해서는 수계하게 할 것인지를 결정하여야 한다. 수계신청 조문에서 4항만이 상표법과 디자인보호법에는 없는 항인데, 특별히 특허법에만 해당 항이 존재하는 이유가 있을까요??","확인해보니 상표법, 디자인보호법에는 없는 항이네요. 필요한 조문인데 없는게 이상하네요. 특별히 특허법에만 해당할 것도 아닙니다.", ,,23.09.27
특허법,조문,2조1호,"[2조1호,3호] BM발명 리담객21번(16판)질문드립니다.","문제에서 甲이 BM발명에대해 청구항을 1. 프로그램을 수행하는장치 2. 프로그램을 수행하는 방법 3. 기록매체에 저장된 프로그램 으로 등록받았고 乙이 이 프로그램을 업로드하여 다운로드 받을수 있도록 하고 丙이 이를 다운로드 하여 개인적으로 이용하였으면 乙의 행위는 방법사용의 청약인데 그럼 청구항2에 대한 실시에 해당하는건가요? (기록매체에 저장된 프로그램은 물건발명이므로) 그러면 丙의 행위는 청구항1과 청구항2의 실시인데 이러면 ""기록매체에 저장된 프로그램""만으로 등록되면 제3자의 실시로부터 보호를 받을수 없는건가요?","1. 을이 업로드하여 다운로드받을 수 있도록 하는 행위는 사용의 청약으로서, 방법의 실시에 해당합니다. 2. 네, 기록매체로는 이를 제재할 수 없습니다. 열공하세요", ,,23.09.27
특허법,문제,14조,[14조] 자연적 계산법,저는 2번 보기 지문을 아래와같이 풀이하였습니다. - 8월 1일(24시)까지 거절결정불복심판을 청구하지않으면 8월2일(0시)에 거절결정이 확정된다 - 따라서 8월2일(0시) 부터 30일이 되는날까지 특허출원을하여야 34조의 적용을 받을 수 있다. - 8월2일(0시)이 초일이자 기산일이므로 8월2일~31일(29일) + 9월1일(1일) - 따라서 만료일의 전날인 8월31일(24시)까지 특허출원을 하여야한다. 어떤부분에서 잘못 푼것인지 잘모르겠습니다..ㅜ,"8월 31일이 일요일이니, 제14조제4호가 적용되어, 다음날인 9월 1일 월요일까지 출원할 수 있습니다. 열공하세요~", ,,23.10.07
특허법,조문,8조,[8조] 대리권의 불소멸,"안녕하세요 변리사님. 8조에 대리권 불소멸에 관한 규정이 나와있는데 민법 같은 경우, 본인이나 대리인이 사망하면 대리권이 소멸하는데 왜 특허법에서는 본인이나 법정대리인이 사망하더라도 대리권이 소멸되지 않는 것인가요?? 특허법에서만의 특별한 이유가 있어서인가요??","기본서를 읽어 보세요. ""특허에 관한 절차의 원활ㆍ확실화 및 수계자를 위해서 대리권을 소멸시키지 아니한 것이 바람직하므로 특허법은 절차가 중단되는 사유가 발생한다고 하더라도 임의대리인이 있는 경우에는 임의대리권이 소멸하지 않고 절차가 중단되지 않도록 하고 있다(法 20)"" 답글기능 더보기", ,,23.10.17
특허법,조문,14조,[14조] 기간 계산,"안녕하세요 14조 기간계산 관련하여 질문드립니다. 14조 4호를 적용하는 경우에 ,특허에 관한 절차에서 공휴일은 근로자의 날을 포함한다고 나와있는데요. 심결에 대한 소의 제소기간은 특허에 관한 절차가 아니므로 14조 4호 대신 민법이 적용된다고 하는데 이때 민법 161조는 “기간 말일이 토요일 또는 공휴일에 해당한 때에는 기간은 그 익일로 만료한다” 고 규정하고 있는데 이때의 공휴일은 근로자의 날을 포함하지 않는 것인가요? 감사합니다.","네, 근로자의 날은 법정공휴일이 아닌 법정휴일입니다. 인터넷에 검색해 보세요.", ,,23.10.25
특허법,조문,5조,[5조] 재외자의 행위능력,"안녕하세요 강사님, 재외자의 행위능력에 관해 질문드립니다. 1. 재외자의 행위능력은 국제특허출원의 경우 기준일 전까지or재외자가 국내 체류 중이라면 인정되는데, 이 두 가지는 시규11(불수리사유)의 예외규정으로 보면 되는 것인지 궁금합니다. 2. 재외자는 기준일 후 2개월 내에 특허관리인을 선임하고 신고해야 하는데, 선임신고를 마쳤고 재외자가 국내 체류 중이라면 기준일 후에도 특허관리인을 통하지 않고 직접 절차를 밟아도 아무 문제가 없는 것인지 궁금합니다. 감사합니다.",1. 네 2. 네 열공하세요~, ,,23.10.26
특허법,조문,14조,[14조] 기간의 계산,14조 2호에서요 기간을 월 또는 연으로 정한경우에는 역에따라 계산한다고 합니다 민법에서는 아마 160조(?)에서 주 월 년 으로 정한때는 역에 따라 계산한다고 하는데요 1) 특허에서 ‘주’는 왜 빠져있나요..?? 빠져있어서 발생하는 차이가 궁금합니다 2) 민법이나 특허나 문제 풀다 보면 시분초 빼고는 다 역에 따라 계산하는거같은데 왜 두 경우 다 조문에 ‘일’은 빠져있는건가요? 초일 불산입 원칙의 조문때문에 굳이 일까지는 포함시키지 않는건가요? 미리 감사드립니다!,"1. 주를 기준으로 계산하는 것이 특허법에 없어서, 실질적으로 적용에서는 차이가 없습니다. 2. 이건 무슨 말씀인지 이해가 되지 않네요. 구체적으로 다시 한 번 질문을 해 주세요.","1번 이해했습니다 감사합니다! 2번은 민법이나 특허나 일주월년 중에서 ‘일’ 계산할때, 초일불산입 원칙 적용되거나 0시부터 시작하는경우는 첫날 산입하듯이 결국 일 계산은 시분초 처럼 자연적 계산하는게 아니라 역에따라서 계산하는것과 같은데 민법 조문이든 특허조문이든 일 주 월 년 중에 ‘일’ 은 “역에 따라 계산한다”에서 빠져있어서요!! 그 이유가 초일 불산입원칙과 예외(0시 시작) 조문이 결국 ‘일’도 역법적계산임을 설명하는 거라 빠져있나?하는 궁금증입니다..!","역법적 계산의 정의 자체가 단위를 일,주,월,년으로 나누어 계산하는 것으로 단위로서 시, 분, 초는 고려하지 않은 것으로 알고 있습니다.",23.11.03
특허법,조문,18조,"[18조,19조] 절차의 효력의 승계 및 속행","안녕하세요. 18조 19조 질문드립니다. 작년 강의노트 38 페이지에 판례 2개가 나와있는데요. 이 두 판례가 의미하는 바가 무엇인지 정확히 모르겠어서 질문드립니다. 67후1 판결은 19조를 적용할 때, 승계인에게 절차를 속행하게 할 수도 안 할 수도 있어서 이런 판례가 나왔다고 이해했습니다. 그런데 아래 76후33 판결은 왜 이런 결론이 나온건지 명확하게 이해가 되지 않습니다. 위와 아래 판례의 결론이 말하고자 하는 바가 달라지는 이유가 무엇인가요? 그리고 두 개의 판례 각각에서 중점적으로 봐야 하는 부분이 어디인지 궁금합니다. 감사합니다.","논점은 다음과 같네요. 1. 피승계인이 계속 절차를 밟을 수 있고(제19조) - 67후1, 76후33 2. 그 절차의 효력은 승계인에게 미친다(제18조) - 76후33 열공하세요~", ,,23.11.09
특허법,조문,14조,"[14조, 28조]","1. 특허법 14조 : 민법에도 있는 내용인데 사실 정확히 이해가 안되서 질문드립니다. 3호 ""월 또는 연의 처음부터 기간을 기산하지 아니하는 경우에는~"" 여기서 처음부터 기간을 기산하는 경우가 정확히 뭔지 설명해주실 수 있나요. 기간과 함께 예시와 함께 설명해주시면 감사하겠습니다. 2. 28조 ""특허권 및 특허에 관한 권리의 등록신청서류"" 예시로는 어떤게 있는건가요?","1. 기본서의 그림 1-9에서 <예1>을 읽어보고 궁금한 사항이 있으면 질문해 주세요. 2. 특허권, 전용실시권, 통상실시권, 질권 등이 있습니다.", ,,23.12.09
특허법,문제,2조,[2조] 발명의 실시(리담 기출문제집p.182],". 안녕하세요 변리사님, 위 문제에서 3번 지문이 이해가 가지 않아 질문드립니다. C사의 경우 특허발명의 수입, 양도로서 2조가 규정하는 발명의 실시에 해당하여 G사의 물건발명에 관한 한국 특허의 침해를 구성하는 것은 이해를 하였습니다. 그런데 D사의 경우 C사와의 관계에서는 양수행위를 한 것으로 한국 특허를 침해하지 않고, Q사로의 수출은 카타르 특허권을 침해하는 것이지, 한국특허를 침해하는 것이 아니지않나요? 수출을 준비하기 위한 과정에서 프로펠러를 선박에 장착한 행위가 그 자체로 생산 혹은 사용을 구성하는 것인가요? 이전에 같은 문제에 달아주신 답변을 검색해보니 프로펠러를 사용하지 않고 선박을 수출하는 것은 불가능하기때문에 D사의 수출이 사용행위에 해당한다고 답변을 달아주셨던데, 문제에 ‘건조한 선박’을 수출하였다고 하여 헷갈립니다. 미리 감사합니다!!",선박 건조하여 운행하는 행위 자체가 프로펠러의 사용을 의미합니다., ,,23.12.11
특허법,조문,2조3호,2조 3호 가목의 실시,"안녕하세요, 임병웅 변리사님. 특허법은 상표법, 디자인보호법과 달리 2조 3호 가목의 실시에 수출을 포함하지 않습니다. 상표법, 디자인보호법과의 형평상 특허법에도 수출을 실시에 포함시키자는 논의가 있지만, 이뤄지지 않고 있는 이유가 있을까요? 예전 수업에서 우리나라 산업구조상 특허법에 수출을 포함하지 않는 것이 유리하다고 설명해주신 바 있는 거 같은데 정확히 기억이 나지 않아 다시 질문 드립니다. 감사합니다. 저작자 표시컨텐츠변경비영리","네, 수출을 침해로 하는 경우 중간재를 수출하는 대부분인 우리나라 기업들에게 상대적으로 불이익이 되기 떄문입니다.", ,,23.12.21
특허법,조문,14조,"14조, 15조, 16조] 특허에 관한 절차","14조, 15조, 16조에서 말하는 특허에 관한 절차에는 어떤 것이 있는지 명확히 파악하지 못한것 같습니다. 예를 들어 특허권 존속기간 만료일은 특허에 관한 절차에 해당하지 않지만, 어떤 것은 해당하는 것으로 알고 있는데 어떤 것이 있는지 여쭤봐도 되겠습니까? (Ex.거불심 청구기간은 특허에 관한 절차에 해당하나요?)","1. 제14조제4호에서 특허에 관한 절차는 심판원까지의 절차로서 당사자가 밟아야 하는 절차를 말합니다. 문의한 거불심 청구기간도 제14조제4호에 해당합니다. 2. 제15조제2항에서 특허에 관한 절차도 심판원까지의 절차로서 지정기간을 정할 수 있는 절차를 말합니다. 3. 제16조의 특허에 관한 절차도 심판원까지의 절차로서, 방식심사에서 검토되는 절차를 말합니다.", ,,24.01.04
특허법,조문,14조,[14조] 3호 만료일 관련 질문,"법조문 읽다가 문득 생각이 났는데, 결론이 이상한 것 같아서 질문 드립니다. 14조 3항 : 월 또는 연의 처음부터 기간을 기산(起算)하지 아니하는 경우에는 마지막의 월 또는 연에서 그 기산일에 해당하는 날의 전날로 기간이 만료한다. 다만, 월 또는 연으로 정한 경우에 마지막 월에 해당하는 날이 없으면 그 월의 마지막 날로 기간이 만료한다. 14조 볼드체의 의미가 ex. 4월 7일 거절이유통지서를 송달 받은 경우 이로부터 1개월은 기산일 4월 8일 1개월 더하면 5월 8일그 전날인 5월 7일에 거절결정확정 이잖아요 만약에 거절이유 통지서를 송달 받은 날이 3월 31일이라면 기산일은 4월 1일인데 << ""월의 처음부터 기산함"" 그러면 14조 볼드체의 경우에 해당하지 않으니까 1개월 더하면 5월 1일 but 14조 3항 볼드체에 해당하지 않으니까 그대로 5월 1일에 거절결정확정 이라는 의미인가요? 책을 보니까 4월 30일이어야 할 것 같아서 질문 드립니다. 만약 4월 30일이 맞는 답이라면 14조 3항에서의 ""처음부터 기산하지 않는 경우""는 어떤 의미인지도 알려주시면 감사하겠습니다.","처음부터 기산한 경우에는 그 월, 연의 말일로 기간이 만료됩니다. 제가 강의한 내용대로 공부하면, 구별의 실익이 없습니다.", ,,24.01.15
특허법,조문,28조2항,[28조2항] 우편의 종류,"안녕하세요 28조2항 제1항의 출원서, 청구서, 그 밖의 서류를 우편으로 특허청장 또는 특허심판원장에게 제출하는 경우에는 다음 각 호의 구분에 따른 날에 특허청장 또는 특허심판원장에게 도달한 것으로 본다. 다만, 특허권 및 특허에 관한 권리의 등록신청서류와 「특허협력조약」 제2조(vii)에 따른 국제출원(이하 “국제출원”이라 한다)에 관한 서류를 우편으로 제출하는 경우에는 그 서류가 특허청장 또는 특허심판원장에게 도달한 날부터 효력이 발생한다 28조2항에서 말하는 우편은 내용증명우편, 등기우편 뿐만아니라 보통우편도 포함하는걸까요?? 감사합니다",등기우편을 말합니다., ,,24.02.09
특허법,문제,28조의2,[28조의 2] 고유번호 기재,"사진 첨부하여 다시 질문 올려드립니다! 2019년 56회 변리사 기출문제 2번문제에서 고유번호(특허고객번호)에 관한 문제가 나왔는데요, 1번 선지에 ""특허출원이 대한 정보제공인은 고유번호의 부여를 신청하여야 한다"" 라고 나왔습니다. 28조2의 1항에 보시면 고유번호를 신청하여야하는 사람은 산업통상자원부령으로 정하는 자인데 산업통상자원부령으로 정하는 자는 1~12 순으로 번호가 나열되어있는데 그중 8.정보제공인 이더라구요. 이 문제를 보면서 느낀 것이 참 많은데요, 산업통상자원부령으로 정하는 자라는 사람들을 다 알고있어야하는건가요?? 즉, 질문의 요지는 이런 부분까지 공부를 해야하는게 맞는 것인지, 그리고 앞으로 2주 남은 시점에서 기출 외에 이런 부분까지 체크해야할 필요성을 느끼시는지에 대한 질문입니다. 심지어 56회 1번 문제는 시행규칙에만 들어있는 반려에 관한 문제였습니다. 또, 위의 17번 문제는 발명의 공개를 위한 여러 규정이 있는데 그 중 가장 늦게 도입된 두 제도를 고르는 문제가 있었어요. 이런 부분까지 공부를 해야하는게 맞는건가요?? 아님 이런부분은 미리 대비할 수 없기에 나왔다면 짱돌로 보고 나온 후에 그냥 학습을 하면 되는 부분인건지... (원래 산재법 시험이 말장난을 많이 치는건 알고있지만 그것과 별개로 제가 생각하기에는 특히 17번 같은 문제는 열심히 공부한 수험생 입장에서는 조금 기운이 빠지는 문제이지 않나 싶습니다ㅠ 2번 문제에서 정보제공인을 물어본 것도 그렇구요 ㅠㅠ) 이 때 기출이 되었기에 지금에서야 다 공부하지만 저 때 시험당일날 시험 보시는 분들은 당황했을 것 같거든요. 이런 것 까지 하나하나 다 대비할 수겠지만, 시험 당일날 어쨋든 짱돌문제는 나오기에 앞으로 2주 남은시점에서 학습 방향을 어떤 부분에 맞춰서 하면 좋을지 심각한 고민이 들어 이렇게 길지만 질문을 드려봅니다. 그럼 답변기다리겠습니다. 감사합니다!","1번 문제 : 시행규칙 제11조의 불수리는 시험범위이고, 꼭 알아야 하는 내용입니다. 2번 문제 : 제28조의2는 1번 내용을 알아야 하는 것이 아니라, 3번이 틀린 지문이라는 것을 알면 되는 문제로서, 대부분의 수험생들이 답을 맞춘 난이도가 낮은 문제입니다. 17번 문제 : 연혁문제로서, 아주 오래전에는 시험에 자주 나왔으나, 최근에는 출제되지 않은 유형인데, 이 해에 갑자기 출제되었습니다. 이런 것까지 공부할 필요가 없습니다. 열공하세요~", ,,24.02.10
특허법,조문,15조,[15조] 심사의 주체,특허에서는 심사관 중 심사장을 선정하는 일이 없나요? 상표와 디자인은 이의신청의 경우 심사장이 사무를 총괄한다하는데 특허에서는 심사장이 나오는 것을 본 적이 없는 것 같아서요ㅠㅠ,"네, 특허법은 이의신청제도가 없습니다.", ,,24.02.18
특허법,조문,3조,[3-5조] 행위능력,"안녕하세요^^ 리담 특허 기본 강의에서 행위능력 중 비법인에 대한 설명을 하실 때 ""권리능력 있는 것을 전제로 행위능력 논의하는데, 예외적으로 비법인 사단•재단은 권리능력이 없지만 4조에 의한 행위능력이 인정된다.""라고 하셨습니다. 그렇다면 ""행위능력을 논의할 때 내•외국인 불문은 <권리능력 있는> 내•외국인 불문이다. 재외자의 행위능력에 대한 설명은 권리능력 없는 외국인에는 해당하지 않는다."" 라고 이해했는데 맞을까요??","네, 맞습니다", ,,24.05.02
특허법,조문,28조의5,[28조의 5] 기본서 122쪽 하단,"[ ] 부분이 아무리 봐도 非文인 것 같습니다 법조문과 같이 '통지 등을 받을 자가 (자신이) 사용하는 전산정보처리조직을 통하여~~' 받는 자 ==> 받을 자 사용하는 ==> 자신이 사용하는 으로 수정해야할 듯 합니다. 기존 문장을 따라가면, 주체가 없어서 애매한 문장이 되는것 같습니다","구법의 표현을 그대로 쓰고 있는데, 개정법의 표현대로 다음에는 수정하겠습니다.", ,,24.05.07
특허법,조문,2조,2조] 물건발명과 제법발명,"물건발명과 제법발명은 1대다의 관계로 물건발명 있을때 공지되지 않은 제법발명은 특허권을 취득할 수 있음을 이해했습니다. 다만 제법발명의 실시는 조문에 따라 물건발명의 실시에 포섭된다고 이해하고 있습니다. 이때, 공지되지 않은 제법발명이 특허권을 취득하고 실시할때 제법의 사용에는 권리를 행사할 수 있으나 사용에 따른 물건의 사양대수청 에는 권리를 행사하지 못하고 선행 물건발명 특허권에 제한을 받나요?","잘못 이해하고 있네요. 제3자의 실시에 대한 권리행사는 제2조제3호(다)목의 행위에 모두 할 수 있고, 제법발명 특허권자의 실시는 물건발명 특허권자의 침해가 됩니다. 열공하세요~", ,,24.07.24
특허법,조문,16조,[16조] 보정명령과 '보정' 절차의 구분,특허에 관한 절차에는 (특허출원 / 심사청구 / 보정) 이 있고 각 단계를 거칠때에는 (서류작성-제출-수수료 납부-방식심사)를 거쳐야 하는 것이지요? 방식심사에서의 보정명령 (16조)<-(행.대.방.수 (46조)에서의 흠결)과 절차로서의 '보정' <-(청구범위. 청구항의 정정)는 서로 다른 것이 맞나요? 보정이라는 단어가 겹쳐 헷갈려서 여쭤봅니다.,"절차의 보정과 실체의 보정을 아직 공부하지 않은 것 같습니다. 방식심사에서 보정은 절차의 보정을 말하는 것이고, 청구항을 포함하여 발명의 내용을 바꾸는 것은 실체의 보정을 말하는 것입니다. 보정 파트를 공부해 보세요~ 답글기능 더보기", ,,27.07.27
특허법,문제,14조,[14조]기간계산시 2월,안녕하십니까 늘 양질의 강의 감사드립니다 위에 문제에서 답이 없는건 알지만 해설에서 ㄴ ㄹ을 계산할 때 2월을 28일로 봤는데 문제에서 주어진것이 없다면 2월은 28일까지 있는것으로 보는건가요?,2000년부터 4의 배수가 윤달(29일)이라고 생각하고 문제를 풀면 됩니다., ,,24.08.06
특허법,조문,2조,"[2조,29조 ]발명의성립성","2014후2061판결 물건발명의 경우 과도한실험.특수한지식부가없이도 발설기재에의해 물건자체를 생산할 수 있고 , 구체적인 실험으로 증명되지않아도 효과발생을 충분히 예측할수있다면 이 판결을 실질적 재현설로서 기술적효과를 얻을 수 있을정도까지 기재해야 42조요건을 만족한다고 설명해주셨는데 판례문구에서 ""효과발생충분히 예측"" 이라 되있는는데 ""효과를 얻을수 있을정도""랑 같은 의미로 받아들이면되나요? 발명의 완성관련해서""효과의 달성가능성을 예상할"" 수준과 다르다는것은 알겠는데, 문구가 하필 저 판결문구도 ""예측""이라 쓰여있어서 질문드려봅니다","물건 자체를 생산, 사용 가능 and 효과 발생을 예측 => 효과를 얻을 수 있을 정도 로 이해하면 됩니다. 열공하세요~ 답글기능 더보기", ,,24.08.14
특허법,문제,29조,[29조]의료업과 관련된 의료기기,안녕하십니까 늘 양질의 강의 감사드립니다 아래 문제의 3번 지문에서 심장이식수술은 신체를 직접적 구성요소로 하는 의료행위인데 심장이식수술에 사용하는 기구제조는 산업상 이용가능성이 없는거 아닌가요? 산업상 이용가능성은 없지만 산업에 포함은 된다라고 이해하면 되나요?,산업상 이용가능성이 있습니다. 기구의 구성에는 인체가 들어가지 않기 때문입니다. 열공하세요~, ,,24.08.15
특허법,조문,11조,[11조]복수 당사자대표에서 거절결정불복심판,안녕하십니까 늘 양질의 강의 감사드립니다 1. 11조 1항 6호에서 거절결정불복심판의 청구를 할 때 대표자가 있다면 전원의 동의를 받아 대표자가 대표로 할 수 있다고 되어 있는데 공유자가 심판 청구하는 경우 모두가 공동으로 해야된다고 알고 있어서 만약 대표자를 정했다면 전원이 공동으로 청구하지 않고 대표자가 동의를 받아 하는것이 가능한것인지 궁금합니다! 2. 11조 1항의 절차는 출원 및 심판청구를 제외한 절차를 의미하는 것으로 알고 있는데 이때 심판청구의 피청구인 적격에 관해서도 11조 1항의 절차에서 제외되는 건가요?,"1. 기본서 > 총칙 > 복수당사자의 대표에 다음과 같이 기술되어 있네요. ""변경출원과 거절결정불복심판은 대표자가 선임되어 있다 하더라도 모두가 함께하여야 한다(法 44, 139③). 따라서 私見으로는 제11조제1항각호에서 삭제하는 것이 바람직하다고 여겨진다."" 2. 네, 그렇습니다. 열공하세요~", ,,24.09.08
특허법,문제,28조의2,[28조의 2] 대리인이 신청하는 고유번호,"안녕하세요 객관식 문제집 p17 쪽 1번 문제에 대해 질문이 있습니다. 제 28조의 2의 5항 [대리인의 준용]이 있잖아요, 여기서 대리인도 고유번호를 신청하여야 한다고 하는데 (객관식 문제 4번 선지) 그러니깐 ""특허에 관한 절차를 밟는 자""와 ""대리인""이 둘 다 고유번호를 신청해야 하는건가요..? 고유번호는 한번만 부여될 수 있는 것 같은데 그럼 둘 중 한명만 고유번호를 신청할 수 있는 것인가요?","아직 강의를 다 듣지 않은 것 같네요. 출원서에 출원인 정보와 대리인 정보는 모두 기재합니다. 즉, 모두 신청해야 합니다. 제목에서 조문을 28조의2로 수정해 주세요.", ,,24.09.17
특허법,조문,16조,[제16조] 특허에 관한 절차 일반 - 방식심사에서 흠결이 있을 때 무효와 불수리,"https://cafe.daum.net/ezpatent/7Z3P/351 1. 무효의 경우 보정명령을 하여 고칠 수 있는 기회를 부여하는 반면, 불수리의 경우 고칠 수 있는 기회를 주지 않습니다. 2. 무효의 경우 정규성이 인정되어 조약우선권주장의 기초가 될 수 있는 반면, 불수리의 경우 그렇지 않습니다. https://cafe.daum.net/ezpatent/Fgpe/9 무효와 불수리는 정규서 인정 여부에 따라 달라집니다. 무효가 된 경우에는 이를 기초로 우선권주장을 할 수 있지만, 불수리가 된 경우에는 할 수 없습니다. 안녕하세요 특허에 관한 절차 일반을 공부하는 중입니다. 무효와 불수리의 차이가 와닿지가 않아 카페에 두가지 키워드로 검색을 해봤는데, 위의 두 링크가 궁금하던 내용과 비슷해서 참고했습니다. 아래는 제가 이해한 바로 정리한 내용입니다. 특허출원, 심사청구하면 특허청장이나 특허심판원장이 방식심사를 하게 되는데 특허법 제46조로 경미한 흠결을 판단 -> 보정명령 -> 보정안하면 무효(재량) <-(이걸 규정한게 제16조) 시행규칙11조로 중대한 흠결을 판단 -> 소명기회부여 -> 안하면 불수리 (근데 46조 중 2호가 시규11의 예외를 표현한것) Q1. 46조 위반으로 무효가 되면 그 절차만 빼고 그전 절차까지는 인정해준다고 했는데, 특허출원 단계에서 무효가 되어도 그 특허출원은 선출원의 지위를 가지게 되나요? 그리고 다시 1년내로 열심히 특허를 얻기 위해 노력해서 성공하면 처음 특허출원한 날로 소급하여 선출원이 인정이 되는건가요? Q2. 불수리는 고칠 수 있는 기회를 주지 않는다고 되어있는데, 불수리가 되면 그 특허는 정당한 권리자가 다시 주장하더라도 다시는 특허를 받을 수 없게되는건가요? 앞으로 쭉 강의를 들어서 알 수 있는 내용들이라면 위에 초록글씨가 이해한게 맞는지 여부만 알려주신다면 감사하겠습니다(_ _) 아직 강의 초반인데 용어가 와닿지가 않아서 어렵네요ㅠㅠ","1. 출원의 무효는 선출원의 지위가 없어지지만, 다른 절차의 무효, 예를 들어 심사청구절차의 무효는 출원이 계속 유지되고 있는 상태이기 때문에 선출원의 지위가 유지됩니다. 조약우선권주장출원은 발명의 내용을 바꿀 수는 있지만, 출원의 무효 사유를 해결할 수 있는 것이 아닙니다. 2. 불수리는 방식에 중대한 하자가 있는 것으로, 정당한 권리자가 다시 주장할 수 있는 것이 아닙니다. 아직, 기초적인 개념이 잡히지 않은 상태에서 질문하는 것은 실제로 별로 도움이 되지 않습니다. 조금 더 강의를 수강한 후에 질문하는 것을 제안드립니다. 참고로, 초록글씨는 맞는 얘기이며 기본서에서도 충분히 확인할 수 있을 것입니다. 열공하세요~", ,,24.10.04
특허법,조문,9조,[9조] 개별대리,안녕하세요 리담특허법을 읽다가 p.159에서 ‘수인이 공동으로 대리권을 행사하는 경우’와 ‘대리인이 여러 사람이 있는 경우’가 구체적으로 어떤 경우인지 잘 모르겠어서 질문드립니다 감사합니다!,"예륻 들어, 갑, 을, 병이 각각 수권을 받아 대리행위를 할 때 대리인이 여러명이라고 하고, 갑, 을이 공동으로 수권을 받아 대리행위를 할 때 수인이 공동으로 대리권을 행사하는 경우라고 합니다. 열공하세요~", ,,24.11.20
특허법,조문,14조,[14조] 기간의 계산,변리사님ㅜ문제를 풀다가 혼동이 와서 질문드립니다 1. 자연적 계산방법에서 ~날부터로 표현되는 경우는 첫날을 기산일로 하고 ~날로부터로 표현되는 경우는 첫날의 다음날로 기산일을 잡나요? 2. 역법적 계산방법에서는 ~날부터와 ~날로부터를 구분하지 않고 첫날의 다음날을 기산일로 잡는것인가요? 3. 그리고 88조 특허권의 존속기간에서 1항과 별도로 2항에서 무권리자 출원일의 다음날 부터 기산한다고 명시한 이유는 무엇인가요?,1. 아니오. 2. 아니오. 3. 확인적 의미입니다., ,,24.11.22
특허법,조문,14조,[14조] 기간의 계산,특허법 [14조 4번]에서 '기간의 마지막 날이 공휴일에 해당하면 기간은 그 다음날로 만료한다.' 에 관해 질문입니다. Q1. 공휴일에 아래 날짜가 모두 포함된다고 보면 되나요? 아래에 빠진 공휴일이 있다면 알려주세요. 신정(1.1) 설날 및 설날 연휴(음력 1.1) 3.1절(3.1) 어린이날(5.5) 부처님오신날(음력 4.8) 현충일(6.6) 광복절(8.15) 개천절(10.3) 추석 및 추석연휴(음력 8.15) 한글날(10.9) 크리스마스(12.25) Q2. 모든 토요일과 일요일은 공휴일이라고 생각하면 되나요? Q3. 대체공휴일은 어떻게 처리해야하나요? Q4. 시험에서 Q1과 Q3까지 알아야 하는 것이 아니라면 알려주시면 감사하겠습니다.,1.3.4. 문제의 사실관계에서 주어지면 그 때 적용하면 됩니다. 2. 공휴일입니다. 열공하세요~, ,,24.12.05
특허법,문제,14조,[14] 기간의 계산,"안녕하세요 변리사님. 밑의 문제 3번 기간관련해서요, 무효심결확정일이 5/1이니깐 이날로부터 30일이라고 하면 30-(31-2)=1 -> 6/1 그 기산일에 해당하는 전날에 만료되니깐 만료일은 5/31이 되어야하는데 답지에서는 5/30이라고 해서요! 35조에서는 무효심결 확정일부터 30일이내라고 되어있는데 첫날부터 기산하면 안되는거아닌가요?",무효심결은 심결등본송달일로부터 30일이 지나면 다음날 0시에 확정됩니다. 따라서 초일이 산입됩니다. 열공하세요~, ,,24.12.11
특허법,조문,4조,[4조] 법인이 아닌 사단 등,"특허법 제4조(법인이 아닌 사단 등) 법인이 아닌 사단 또는 재단으로서 대표자나 관리인이 정하여져 있는 경우에는 그 사단 또는 재단의 이름으로 출원심사의 청구인, 특허취소신청인, 심판의 청구인ㆍ피청구인 또는 재심의 청구인ㆍ피청구인이 될 수 있다. 리담특허법 p. 80을 보면 ' 심판의 청구인ㆍ피청구인'이 '권리능력을 전제로 하지 아니한 심판의 청구인 또는 피청구인' 으로 표현되어 있고 같은 페이지 각주 139을 보면 예를 들어, 비법인 사단 재단은 권리능력이 있음을 전제로 하는 1) 출원인 2) 특허거절결정에 대한 심판 청구인 3) 정정심판 청구인 4) 무효심판의 피청구인 5) 적극적 권리범위확인심판의 청구인 6) 소극적 권리범위확인심판의 피청구인 7) 통상실시권허락심판의 피청구인 8) 존속기간연장등록출원의 출원인은 될 수 없다. 라고 되어 있습니다. 정리해보면 심판의 청구인이 될 수 있는 심판은 무효심판, 정정무효심판, 존속기간연장등록출원의 무효심판, 소극적권리범위확인심판, 통상실시권허락심판 심판의 피청구인이 될 수 있는 심판은 정정무효심판, 존속기간연장등록출원의 무효심판, 적극적권리범위확인심판 이라고 생각하면 될까요?","이렇게 공부해서는 답이 안 나옵니다. 심판(재심)의 청구인/피청구인이 될 수 있는지 여부는 심판의 당사자 적격을 암기하면 자연스럽게 해결되는 문제입니다. 예를 들어, 무효심판의 청구인은 이해관계인 또는 심사관인데, 이해관계인은 권리능력을 요구하지 않으니 비법인사단 등도 청구인이 될 수 있는 것이고, 무효심판의 피청구인은 특허권자인데, 특허권자는 출원인이 특허권자가 될 수 있고, 출원인은 권리능력을 요구하니 비법인사단 등은 피청구인이 될 수 없는 것입니다. 열공하세요~", ,,25.01.06
특허법,조문,시규28,[시규28] 질문 있습니다.,"안녕하세요 변리사님. 이번 개정된 시규28(출원인 추가 보정)과 관련하여 질문 있습니다. 최판 자료에서 올려주신 자료에서 처럼 특허등록 전 단계에서 A/B를 A/C로 변경하려고 할 때 시규28조 2항에 의해 ‘특허출원인 및 추가 또는 정정의 대상이 되는 발명자가 서명 날인한 확인서류’가 있어야 하는 데, 여기서 ’특허출원인‘이란 위와 같이 변경되는 경우에 있어서는 실제 변경되는 출원인 ‘B’만 해당되는 게 맞을까요? ‘A’도 특허출원인 이기는 하지만 실질적인 변경 사항이 없으니 따로 서명 날인이 필요한 것이 없는 게 맞는 지 궁금합니다. 또한, 만약 A/B에서 C가 추가되어 A/B/C로 된다면 A/B/C의 서명 날인이 있어야 할까요..? 추가의 경우에서 ’특허출원인‘의 범위를 잘 모르겠습니다.","발명자의 추가 또는 정정인데 '특허출원인'의 범위라는 것이 무엇일까요? 뭔가 잘못 이해하고 있는 것 같네요. 1.발명자가 A/B를 A/C로 변경 - B, C의 서명날인한 확인서류 2. 발명자가 A/B에서 A/B/C로 변경 - C의 서명날인한 확인서류 입니다.", ,,25.01.24
특허법,조문,3조,[3조]미성년자 행위능력 질문입니다!,3번 문제 5번에서 해설에서 능동적인 절차와 수동적인 절차가 어떻게 나뉘나요??,5번 보기는 능동적인 절차와 수동적인 절차가 구분되어 있지 않습니다., ,,25.01.30
특허법,문제,2조,2조] 기출문제집 175P 6번 질문입니다,"5번 선지: 물건(A)를 생산하는 기계(B)를 청구범위로 하는 특허X의 권리범위는 그 기계(B)로 생산된 물건(A)및 그 제조방법에는 미치지 않는 것이므로 그 기계(B)를 제 3자로부터 구입하여 물건(A)을 제조 판매하는 행위는 그 제3자가 X의 특허권자로부터 정당한 실시허락을 받았는지에 관계없이 특허X의 특허권을 침해하는 행위가 아니다. 문제풀이 과정이 맞는지 궁금해서 질문드립니다! 기계B의 실시=제조장치발명의 실시=물건발명의 실시 (2조3호가목) 제조장치발명(기계B)의 침해가 되려면 제조장치를 생산, 사용(=물건A의 생산), 양도, 대여, 수입, 양도 또는 대여의 청약(양도 또는 대여의 전시를 포함) 이거나, 제조장치를 제조하는 방법의 실시어야하고 (판례; 방법의 사용을 청약하는 경우를 제외하고 물건발명과 제법발명의 이용관계 긍정) 반면, 물건A의 생산(=제조장치발명의 사용) 제외한, 물건A의 사용, 양도, 대여, 수입, 양도 또는 대여의 청약(양도 또는 대여의 전시를 포함) 은 제조장치발명의 침해가 되지 않는다고 생각하면 맞을까요?","네 맞습니다. 기본서의 간접침해 파트를보면 A, A제조장치, A제조방법의 관계에 대해 표로 정리해 놨으니 확인해 보세요.", ,,25.02.03
특허법,조문,2조,[2조] 기출문제집 178P 2번 질문입니다,"풀이 방법에 대한 질문입니다. 4번 선지: 생산방법의 특허권이 설정되어 있는 경우에, 그 생산방법에 의해 물건을 제조하는 행위뿐만 아니라, 그 생산방법에 의해 생산된 물건을 외국에서 수입하는 행위도 특허권의 침해이다. 생산방법=2조 3호 다목 제법발명 그 생산방법에 의해 물건을 제조하는 행위= 방법발명을 사용하는 행위(나목의 행위) 그 생산방법에 의해 생산된 물건을 외국에서 수입하는 행위=제법 방법에 의해 생산된 물건을 사용, 양도, 대여, 수입, 양도 또는 대여의 청약( 양도 또는 대여를 위한 전시를 포함한다) 이렇게 생각하는거 맞을까요?","네, 맞습니다", ,,25.02.03
특허법,조문,2조,[2조] 기출문제집 3P 2번,"4번 지문: 특허발명이 의약품의 발명인 경우, 약사법에 따른 의약품의 품목허가를 위한 시험, 연구에 그 의약품을 사용하는 행위 위 행위 역시 특허발명의 실시에는 해당하나(2조), 원 특허권이 존재하고 있었을때 위 실시행위에 대해 침해주장은 하지 못한다는 (96조) 뜻으로 이해하는거 맞죠? 저작자 표시컨텐츠변경비영리","네, 제96조제1항제1호 괄호를 읽어 보세요.", ,,25.02.05
특허법,조문,25조,[25조] 주체적 요건 위반의 치유 관련,"안녕하세요 변리사님 강의노트 p.101 - 제33조제1항본문 위반 / 제44조 위반 (출원시에는 흠결사항이 있으나 추후에, 판단시점에 하자가 치유되면 OK 라는 내용) 을 공부하다가 궁금한 점이 생겼습니다. 주체적 요건은 총 4가지가 있는데요, 가. 25조 : 외국인&재외자는 권리능력 없다 나. 33조1항 본문 : 발명자 또는 승계인 이어야한다 다. 33조1항 단서 : 특허청 직원, 심판원 직원은 재직 중 특허받을 수 없다 라. 44조 : 공동출원 해야한다 ㅇ '나', '라'의 경우는 위에 언급한 강의노트에 따라 일단 위반된 채로 출원했더라도, 판단시에 흠결이 해소되면 문제없다는 결론에 이를 수 있고 ㅇ '다' 의 경우도 교재의 다른 부분 찾아보니, 퇴직하면 특허를 받을 수 있다고 언급되어 있더라구요. 즉, 위반된 채로 출원했더라도 추후 흠결을 해소할 수 있다는 결론에 이르렀습니다. ㅇ 근데 '가'의 경우 위반된 채로 출원했다가, 추후에 흠결을 해소할 수 있는지 여부를 잘 모르겠습니다. 출원시에 권리능력자가 아니었는데(외국인&재외자 &상호주의, 조약 해당 없음) 추후에 이 흠결(25조 위반 흠결)을 치유할 수 있는지 여부가 궁금합니다. ex) 출원시에 외국인이었으나 추후에 내국인이 됨 출원시에 재외자였으나, 추후에 재내자가 됨 출원시에 상호주의상 안되었으나, 추후에 상호주의상 인정됨 출원시 조약이 없었으나, 추후에 조약이 맺어짐 이 경우들에 있어서 흠결이 회복 되는지 여부","네, 흠결이 치유된다고 해석됩니다. 제25조 위반이라고 해서 달리 취급할 이유가 없기 때문입니다. 열공하세요~", ,,25.04.27
특허법,조문,9조,[9조] 개별대리의 원칙,"안녕하세요 변리사님 리담 교재 제9장. 보칙 로마자4. 서류의 송달 3. 송달의 수신인 및 장소 (1) 송달의 수신인 부분을 공부하다가 이해가 안되는 점이 있어서 질문드립니다. ex) 당사자 : 갑, 을, 병, 정 대리인 : A, B ㅁ 질문 1. 수인이 공동으로 대리권을 행사하는 경우 ㅇ 시행령 18.⑥ 수인이 공동으로 대리권을 행사하는 경우에는 / 그 중 1인에게 송달한다. ㅇ 교재 : 9조의 개별대리 원칙에 따라서, 대리인 모두에게 각각 송달해야한다(시행령 18조 6항은 적용되지 않는다) ㅇ 의문점 : 그럼 시행령 18조6항은 언제 적용될 수 있나요? '수인이 공동으로 대리권을 행사하는 경우'이면서 9조가 적용되지 않는 경우는 무엇이 있나요? ㅁ 질문 2. 당사자가 수인인 경우의 질문 ㅇ 교재에는 대표자 정한 경우만 적혀있는데 ㅇ 대표자를 정하지 않은 경우 각자대표이므로, ㅇ 갑, 을, 병, 정 중 누구라도 절차를 대표할 수 있고 ㅇ 그렇다면 [갑, 을, 병, 정 중 아무나 한명한테 송달해주면 된다] ㅇ 위의 [ ]부분 명제의 O, X 여부는 O인가요? ㅁ 질문 3. 공동대리인 경우의 질문 ㅇ 개별대리 원칙에 따라 ㅇ A, B 중 누구라도 절차를 대리할 수 있고 ㅇ 그렇다면 [A, B 중 아무나 한명한테 송달해주면 된다] ㅇ 위의 [ ]부분 명제의 O, X 여부가 어떻게 되나요? (왠지 X인거같은데, X라면 이해하고 있는 논리가 살짝 꼬이는 느낌이라 확실하게 확인하고 넘어가려고 질문드립니다) ㅁ 질문 4. 앞의 두 질문은 논리 전개구조는 똑같은데 O, X 여부가 왜 갈리는 것인지 이해가 잘 안됩니다 ㅠ","1. ""제180조(공동대리인에게 할 송달) 여러 사람이 공동으로 대리권을 행사하는 경우의 송달은 그 가운데 한 사람에게 하면 된다.""를 그대로 반영하고 있는 것입니다. 공동으로 대리권이 행사하는 경우란 A, B가 함께만 대리행위를 할 수 있는 경우를 말합니다. 2. 모두에게 개별 송달함이 원칙입니다. 다만, 최초의 1인에게 송달했을 때부터 효력이 발생합니다. 3. 2번과 같습니다. 공동으로 대리권 행사에 대한 개념이 없어서 혼란스러워하는 것 같네요.", ,,25.05.06
특허법,조문,14조,[14조] 만료일의 결정,도해특허법 29p 중단 3번에서 특허에 관한 적ㄹ차는 심결에 대한 소의 제소기간을 포함하지 않는다고 되어있습니다 그럼 심결 등본 송달받고 30일 이내 소를 제기할 수 있는 기간의 만료일이 주말이었을 경우 그담주 월요일이 되는건가요?? 그렇다고하기에는 바로 위 2번에서 해당일로 종료하는 4가지 케이스를 적어주셨고 다른 Q&A를 참고해봤을 때도 해당일 종료되는 경우는 2번의 저 4가지로 국한되는 것 같아보입니다 심결에 대한 소 제소기간의 만료일이 공휴일인 경우 그 당일에 만료가 되나요 아님 그 담주 월요일에 만료가 되나요? 바쁘신 와중에 제 질문에 답해주셔서 감사합니다,"특허법이 적용되지 않기 때문에 민법이 적용되며, 근로자의 날이 공휴일에 포함되지 않는 것입니다. 기본서를 먼저 정독해 보세요. 아직 개념이 정리되지 않은 상태에서 도해로 넘어가는 것은 리스크가 큽니다.", ,,25.09.14
특허법,조문,25조,[25조] 상호주의 조문 내용 차이,안녕하세요. 조문 공부를 하다가 질문이 생겨 글 올립니다. 25조 1호와 2호를 보면 1. 그 외국인이 속하는 국가에서 대한민국 국민에 대하여 그 국가의 국민과 같은 조건으로 특허권 또는 특허에 관한 권리를 인정하는 경우 2. 대한민국이 그 외국인에 대하여 특허권 또는 특허에 관한 권리를 인정하는 경우에는 (1호와 내용 같음) 근데 1호의 경우에 2호가 포함되는 거 아닌가요? 이 둘의 차이가 뭔지 모르겠습니다. 좋은 책으로 공부할 수 있게 해주셔서 늘 감사드립니다. 건강하세요.,"1호는 외국에서 먼저 인정하는 경우이고, 2호는 대한민국에서 인정해 주겠다고 제안하는 경우입니다. 즉, 1호는 수동적인 입장에 관한 조문이고, 2호는 능동적인 입장에 관한 조문입니다. 열공하세요~", ,,25.09.26
특허법,조문,14조,[14조] 기간의 계산,"안녕하세요, 기간의 계산 중에 2월 및 자연적 계산방법과 관련하여 질문이 있어서 이렇게 글을 남깁니다. 1) 위 사진과 같이 월, 년 기준으로 계산한 방법이 맞는지 궁금합니다. (ex. 만료일에서 2.29/30/31 -> 2.28 일로 통일되는지) 2) 맞다면 12.28 ~ 12.31은 4일 동안 기간의 만료일이 동일한 것인가요?? 3)자연적 계산 관련하여 30일 계산 / 2.28일까지 있다고 가정 초일 : 1.30 (0시 x) 기산일 1.31 (1월 계산) 31 - 31 = 0 (남은 기간) 30 - 0 = 30 (2월 계산) 28 - 0 = 28 (남은 기간) 30 - 28 = 2 (3월 계산) 3. 2 만료일 3.1 처럼 계산해는 것이 맞을 까요? (기산일이 월의 마지막 날 일 때, 일수 차감이 안되어서 위의 계산에서 처럼 '- 0 '으로 하는게 맞는지 궁금합니다) 늦은 시간에 긴 질문 답변해주셔서 감사합니다!","대부분 맞습니다. 다만, 1, 2번 질문에서 모두. 3월 1일이 삼일절(공휴일)이니 만료일이 3월 2일이네요. 열공하세요~", ,,25.09.27
특허법,문제,3조,[3조] 기출문제집 22p 절차의 정지 3번문제,"기출문제집 22p 절차의 정지 3번문제에서, 5번보기 틀린 이유 해설이 ‘ ~수동적인 절차는 후견감독인의 동의를 필요로 하지 않으나 능동적인 절차는 동의를 필요로 한다’라고 되어있는데, 미성년자의 법정대리인은(친권자) 후견감독인의 동의없이 모든 절차를 진행할 수 있는거 아닌가요? 능동/수동에 따라서 동의여부가 결정되는건 친권자가 아닌 후견인의 경우라고 이해했었습니다! 저작자 표시컨텐츠변경비영리","친권자와 후견인으로 나누어서 설명하는 것이 맞지만, 제3조제2항의 표현(후견인의 입장)을 해설에서 그대로 설명하고 있는 것입니다.", ,,25.09.30
특허법,조문,16조,[16조] 절차의 무효,"안녕하세요 변리사님 이 정리표에서 절차적 요건은 특허무효사유에 해당하지는 않는다고 나오는데, 16조의 절차무효사유(행대방수)도 절차적요건에 속하는 것으로 보아 등록된 경우 하자가 치유된다고 보는건가요? 특허무효심판 사유(133)에는 포함되지 않는 것 같아서 질문합니다.",절차의 무효와 특허의 무효는 완전히 다른 개념입니다. 다시 한 번 기본서에서 절차의 무효 파트를 읽어 보세요.,특허의 무효와 달리 출원의 무효는 출원계속의 효과를 소멸시킨다고 나오는데요 그렇다면 간과하여 등록된경우 무효심판 사유는 아닌걸까요?,"네, 양 제도는 완전히 다른 것으로서, 절차무효사유와 특허무효사유는 별개의 것입니다.",25.10.12
특허법,조문,15조,[15조] 15조 1항 단서,"15조 1항은 “ 특허청장은 청구 또는 직권으로 132의 17 청구기간 30일 이내 한차례 연장 가능 .다만, 교통 불편한 지역의 자 30일 이내 추가 연장 가능” 입니다 이때 단서 ( 교통 불편한 지역의 자 30일 이내 추가 연장) 또한 청구 또는 직권으로 이뤄진다고 해석하는 게 맞나요? 상표법에는 132의 17 청구기간 역시 교통 불편한 자는 30일 이내 1차례 연장 가능하다고 나와있어서 비슷하게 생각할 수 있는지 여쭤보고자 질문드립니다 바쁘신 와중에 제 질문에 답해주셔서 감사합니다 박준연 드림","교통이 불편한 지역이 있다는 것을 출원인이 입증해야 하니, 청구에 의한다고 해석됩니다. 실제로 시행규칙 제16조제2항에서는 이와 관련하여, ""② 법 제15조제1항에 따른 기간의 연장신청과 같은 조 제2항에 따른 기간의 단축 또는 연장신청은 별지 제10호서식의 기간연장(단축)신청서에 의한다. 다만, 법 제47조제1항제1호 및 제2호에 따른 보정을 하면서 기간의 단축을 신청하려는 경우에는 별지 제9호서식의 보정서에 기간단축의 취지를 기재함으로써 그 신청서를 갈음할 수 있다. <개정 2007.6.29>"" 라고 기술되어 있습니다.", ,,25.11.04
특허법,조문,2조,[2조] 물건발명과 방법발명 / 정의,"1. 기본서 p. 61, 63 a) 물건이 선출원이고 방법1이 후출원이면, 실질적 동일성이 없으므로 방법1은 선출원주의 위반이 아니다. b) 물건발명에 대하여 특허권이 설정등록되었는데 제3자가 제법발명을 실시한다면 물건발명에 대한 특허권의 침해가 된다. 물건 (선)>방법 (후) 동일한데 a)에서는 내용을 긍정하고 있는 반면, b)에서는 내용을 부정하고 있어 얼핏보면 같은내용을 반대로 말하는 모순처럼 보이는데 a)는 '물건 특허등록 > 방법 특허등록' 여부 다루는 것이고, b)는 '물건 특허등록 > 방법 실시' 여부를 다루는 것이라 차이가 있는거 맞을까요? 2. 물건발명의 신규성 또는 진보성이 있으면, 제법발명/용도발명은 당연히 신규성 또는 진보성이 있다. 물건발명의 신규성 또는 진보성이 없으면, 제법발명/용도발명은 개별적으로 신규성 또는 진보성 여부를 판단하여야한다. 이 두 문장은 명시되어 있는데, 반대로 제법발명/용도발명의 신규성 또는 진보성이 있으면, 물건발명의 신규성 또는 진보성~~~ 제법발명/용도발명의 신규성 또는 진보성이 없으면, 물건발명의 신규성 또는 진보성~~~ 이 두 문장의 사실 여부는 몰라도 되는걸까요? 3. 2조 3호 가목에서 '그 물건의 양도 또는 대여의 청약(양도 또는 대여를 위한 전시를 포함한다.)' 라고 되어 있는데 여기서 전시에 대해 질문 드립니다. '양도 또는 대여 또는 전시의 청약' 이라는 의미가 아니라, '청약=전시' 의미이죠? 위가 맞다면, 나목, 다목에서 청약을 전시로 치환해서 해석해도 되나요? 혹은 법조문그대로, 전시는 가목에서만 적용해야하나요?","1. 특허요건 판단과 침해 여부 판단이 다르다는 것을 모르고 있습니다. 별개의 문제입니다. 2. 알아야 됩니다. 제법발명/용도발명이 신규성/진보성 있더라고 물건발명은 개별적으로 판단하여야 하고, 제법발명/용도발명이 신규성/진보성이 없으면 물건발명은 당연히 없습니다. 키워드로 검색해 보세요. 3. 전시=청약이 아니라 청약의 하나로서 전시도 포함된다는 것입니다. 그리고 제2조제3호(가)목을 보면 ""이하 같다""라고 되어 있습니다. 이는 (다)목에도 적용된다는 것입니다. 그리고 (나)목은 사용을 청약하는 행위이니 다른 개념으로서 적용되지 않습니다. 법조문을 꼼꼼히 살펴보면 알 수 있는 내용입니다.", ,,25.11.04
특허법,조문,2조,2조] 정의,"안녕하세요 이 문제에서 질문(1) 병이 프로그램을 다운받아서 사용했는데 이 앱의(?) 사용행위가 왜 첫번째 박스 2. 프로그램을 수행하는 방법의 사용에만 해당하고 3.기록매체에 저장된 프로그램의 실시가 아닌지 궁금합니다.. 앱을 사용한다는 것이 기록매체에 저장된 프로그램을 사용한다는것과 같은말인것 같은데, 왜 방법의 사용에만 해당하는지 이해가 잘 안갑니다 ㅠㅠ 질문(2) 실시행위는 독립적으로 파악해야 하는데 병은 다운로드와 앱 사용이라는 두 가지 실시를 하였습니다 그런데 다운로드, 즉 방법사용의 청약의 경우 병은 고의가 아니기 때문에 특허권 침해가 아니고 앱 사용, 즉 방법 사용은 업으로서 실시가 아닌 개인적 사용이기 때문에 특허권 침해가 아니다 -> 이렇게 두단계로 푸는것이 맞나요? 만약 병이 알면서 다운로드+개인적 사용을 하거나 병이 알지 못한상태에서 다운로드+업으로서 사용을 하면 병은 갑의 특허권을 침해하고 있다고 풀면 되나요? 감사합니다!","1. 기록매체에 저장된 프로그램(=프로그램이 저장된 기록매체)은 기록매체와 프로그램을 구성요소로 합니다. 그런데, 프로그램을 다운로드 받은 것은 기록매체에서 프로그램만 분리되는 것이니, AER에 의해 청구항 3의 실시가 되지 않습니다. 2. 실시의 개념을 아직 잘 모르고 있네요. 다운로드하는 것은 병의 실시가 아닙니다. 설치하는 것은 청구항 1의 실시이고, 사용하는 것은 청구항 1, 2의 실시입니다. 한편 병은 개인적으로 설치와 사용을 하였기 때문에 청구항 1, 2의 비침해입니다.", ,,25.11.05
특허법,조문,4조,[4조] 비법인사단의 출원인/특허권자 적격,"안녕하세요 변리사님 4조에 따르면 비법인사단이 심사청구인, 특허취소신청인, 심판청구인·피청구인, 재심 청구인·피청구인이 될 수 있다고 하는데, 02년도 기출문제 중, 비법인사단으로서 대표자나 관리인이 정하여져 있는 경우 그 사단 또는 재단의 이름으로 할 수 있는 절차 중 특허출원과 특허거절결정에 대한 심판청구는 불가하다고 하는데, 질문1 ) 그 이유는 비법인사단은 출원인이나 특허권자가 될 수 없기 때문인가요? 질문2 ) 이에 대한 이유로는 비법인사단은 권리능력이 없기 때문인건가요? 질문3 ) 따라서 거절결정불복심판, 적극적권리범위확인심판, 정정심판도 할 수 없는 건가요?",네 권리능력을 전제로 하는 것은 불가라고 이해하면 됩니다., ,,26.01.17
특허법,조문,17조,[17조] 절차의 추후보완 신청서 제출 절차,"리담 특허법 기본서에서는 17조에 대한 기간경과구제 신청서를 심판원장에게 내야한다고 적혀있는데, 시행규칙 17조에서는 ‘지식재산처장에게 제출하여야한다’라고 적혀있습니다. 어떻게 해석하는것이 옮은가요? 또한 제 67의3특허출원의 회복은 누구에게 제출하는 것이 옮은가요?",모두 다 지식재산처장에게 제출합니다. 추록을 확인하세요., ,,26.02.06
특허법,조문,3조3항,(3조 3항) 법정대리인의 특허취소신청 관련 문의 건,"제3조(미성년자 등의 행위능력) ① 미성년자ㆍ피한정후견인 또는 피성년후견인은 법정대리인에 의하지 아니하면 특허에 관한 출원ㆍ청구, 그 밖의 절차(이하 “특허에 관한 절차”라 한다)를 밟을 수 없다. 다만, 미성년자와 피한정후견인이 독립하여 법률행위를 할 수 있는 경우에는 그러하지 아니하다. ② 제1항의 법정대리인은 후견감독인의 동의 없이 제132조의2에 따른 특허취소신청(이하 “특허취소신청”이라 한다)이나 상대방이 청구한 심판 또는 재심에 대한 절차를 밟을 수 있다. <개정 2016. 2. 29.> 제132조의2(특허취소신청) ① 누구든지 특허권의 설정등록일부터 등록공고일 후 6개월이 되는 날까지 그 특허가 다음 각 호의 어느 하나에 해당하는 경우에는 특허심판원장에게 특허취소신청을 할 수 있다. 이 경우 청구범위의 청구항이 둘 이상인 경우에는 청구항마다 특허취소신청을 할 수 있다. 안녕하세요? 특허법 3조 3항에서 132조의2에 따른 특허 취소신청은 후견감독인의 동의 없이 진행 가능하다고 규정한 것에 관련하여 문의 드립니다. Q1 : 132조의2제1항에서는 ""누구든지""라고 규정하고 있어 후견인의 지위가 아니라 후견인 본인의 이름으로(대리가 아닌 본인의 이름으로)도 가능한 듯 보이는데 잘 이해 한게 맞을까요? Q2 : Q1이 맞다면 3조3항에서 언급한 본인의 법정대리인의 지위로 특허취소신청을 할때와 법정대리인 본인의 지위로 특허취소신청을 할때의 구별 실익이 있을지요? 감사합니다. 저작자 표시컨텐츠변경비영리","잘못 이해하고 있습니다. 여기서, 취소신청이란 취소신청인(누구든지)이 밟은 절차에 대한 것을 의미합니다. 이에 대응하여 않으면 특허권이 취소될 염려가 있기 때문입니다.", ,,26.03.14
특허법,조문,5조,[5조] 재외자의 특허관리인,"안녕하세요? 재외자가 특허관리인에 의하지 아니하고 특허를 받는 경우에는 절차적 요건 위반으로 ""거절이유""만 적용된다고 봐도 될까요? 감사합니다.","절차적 요건 위반이 아닙니다. 이 경우에는 하자가 치유됩니다. 절차적 요건은 제42조제3항제2호, 제42조제8항, 제45조를 의미합니다.", ,,26.03.26
,,,,,, ,,
,,,,,, ,,
,,,,,, ,,
,,,,,, ,,
,,,,,, ,,
,,,,,, ,,
