과목,분류,대상_식별자,질문_제목,질문_내용,답변,추가질문,재답변,날짜
특허법,조문,126조,침해금지가처분 신청에 대하여,"침해금지가처분을 공부하던 중 상표법 107조3항의 임시조치와 비교하다가 궁금한 점이 있습니다. 특허법에서의 침해금지가처분 신청은 침해예방청구권의 일종으로 보는게 맞나요? 아니면 민사집행법 등 타법의 절차에 따른 것인가요? 상표법 강의 때 임시조치가 지식재산권법 중 상표법 특유의 제도라고 배웠는데 특허법의 침해금지가처분이 떠올라서 자연스레 두 제도를 비교해봤는데 이정도 차이로 보면 되는지요? 1) 침해금지가처분신청은 침해금지청구소송와 별개의 소, 임시조치는 침해금지청구의 일부 2) 법원의 재량에 의한 청구인의 담보제공 유무 3) 처분의 긴급성 요구 여부",안녕하세요? 임변입니다. 침해금지청구권을 피보존권리로 하는 별개의 소입니다. 비교한 내용은 맞는 것 같습니다. 그럼 열공하세요~, ,,17.06.07
특허법,조문,127조,간접침해 관련 2016년 변시기출 문제 질문드립니다.,"안녕하세요. 임병웅 변리사님. 127조 간접침해 관련해서 질문을 드립니다. 질문드릴 묹는 강의노트 352쪽의 2016년도 변시기출입니다. 甲이 물건 X 발명의 특허권자이고, a가 X의 생산에만 사용되는 물건입니다. 이 때, 을이 물건 a를 '국내에서 100개 생산한 다음 전량미국에 수출하였고' 라고 되어 있는데요, 127조에 '그 물건의 생산에만 사용하는 물건을 '생산', 양도, 대여' 라고 되어 있으므로 을이 물건 a를 우리나라에서 생산한 행위 역시 간접침해일 것으로 생각이 되었으나 해당 내용은 127조에 따른 침해로 보기 어렵다고 되어 있는데요, 이는 전량 모두 미국에 수출을 하였기 때문인지요 ? 감사합니다.","안녕하세요? 임변입니다. 네, 그렇습니다. 특허발명인 물건발명을 국내에서 생산한 경우만 간접침해에 해당합니다. 열공하세요~", ,,17.06.19
특허법,조문,128조,질문드려요^^,안녕하세요 변리사님! 128조 3항에 손해액 공제 계산할 때요. 2항으로 손해액 산정한 부분에서 공제해야하나요? 3항의 한도부분에서 공제해야하나요? 3항에 단서로 붙어있어서 3항에서 공제해야 할 것같은데 내용상 보면 2항같기도 하고 2차 강사분들도 3항에서 공제하는 분도 계시고 2항에서 공제하는 분도 계시더라구요.. 답변 부탁드리고 미리 감사드립니다^^,"안녕하세요? 임변입니다. 기존에 해석상 좀 논란이 있기는 헀으나, 손해액에서 공제한다는 것이 판례입니다. 열공하세요~", ,,17.07.05
특허법,조문,127조,간접침해 행위(침해로 보는 행위) 127조에 대해 질문이있습니다.,"제127조 (침해로 보는 행위) 다음 각호의 1에 해당하는 행위를 업으로서 하는 경우에는 특허권 또는 전용실시권을 침해한 것으로 본다. [개정 95·12·29, 2001.2.3.][[시행일 2001.7.1.]] 1. 특허가 물건의 발명인 경우에는 그 물건의 생산에만 사용하는 물건을 생산·양도·대여 또는 수입하거나 그 물건의 양도 또는 대여의 청약을 하는 행위 2. 특허가 방법의 발명인 경우에는 그 방법의 실시에만 사용하는 물건을 생산·양도·대여 또는 수입하거나 그 물건의 양도 또는 대여의 청약을 하는 행위 -> 1.간접 침해 행위를 한 경우에도 과실의 추정(130조)이 되는게 맞나요? 2.간접 침해 행위의 경우 손해액의 추정(128조 )이 적용되지 않는 걸로 알고있는데 제대로 알고 있는게 맞는걸까요? *제130조 (과실의 추정) 타인의 특허권 또는 전용실시권을 침해한 자는 그 침해행위에 대하여 과실이 있는 것으로 추정한다. *제128조 (손해액의 추정등) ①특허권자 또는 전용실시권자는 고의 또는 과실로 인하여 자기의 특허권 또는 전용실시권을 침해한 자에 대하여 그 침해에 의하여 자기가 입은 손해의 배상을 청구하는 경우 당해 권리를 침해한 자가 그 침해행위를 하게 한 물건을 양도한 때에는 그 물건의 양도수량에 특허권자 또는 전용실시권자가 당해 침해행위가 없었다면 판매할 수 있었던 물건의 단위수량당 이익액을 곱한 금액을 특허권자 또는 전용실시권자가 입은 손해액으로 할 수 있다. 이 경우 손해액은 특허권자 또는 전용실시권자가 생산할 수 있었던 물건의 수량에서 실제 판매한 물건의 수량을 뺀 수량에 단위수량당 이익액을 곱한 금액을 한도로 한다. 다만, 특허권자 또는 전용실시권자가 침해행위 외의 사유로 판매할 수 없었던 사정이 있는 때에는 당해 침해행위 외의 사유로 판매할 수 없었던 수량에 따른 금액을 빼야 한다. [신설 2001·2·3][[시행일 2001.7.1.]] ②특허권자 또는 전용실시권자가 고의 또는 과실에 의하여 자기의 특허권 또는 전용실시권을 침해한 자에 대하여 그 침해에 의하여 자기가 받은 손해의 배상을 청구하는 경우 권리를 침해한 자가 그 침해행위에 의하여 이익을 받은 때에는 그 이익의 액을 특허권자 또는 전용실시권자가 받은 손해의 액으로 추정한다. ③특허권자 또는 전용실시권자가 고의 또는 과실에 의하여 자기의 특허권 또는 전용실시권을 침해한 자에 대하여 그 침해에 의하여 자기가 받은 손해의 배상을 청구하는 경우 그 특허발명의 실시에 대하여 통상 받을 수 있는 금액에 상당하는 액을 특허권자 또는 전용실시권자가 받은 손해의 액으로 하여 그 손해배상을 청구할 수 있다. ④제3항의 규정에 불구하고 손해의 액이 동항에 규정하는 금액을 초과하는 경우에는 그 초과액에 대하여도 손해배상을 청구할 수 있다. 이 경우 특허권 또는 전용실시권을 침해한 자에게 고의 또는 중대한 과실이 없는 때에는 법원은 손해배상의 액을 정함에 있어서 이를 참작할 수 있다. [개정 2001·2·3][[시행일 2001·7·1]] ⑤법원은 특허권 또는 전용실시권의 침해에 관한 소송에 있어서 손해가 발생된 것은 인정되나 그 손해액을 입증하기 위하여 필요한 사실을 입증하는 것이 해당 사실의 성질상 극히 곤란한 경우에는 제1항 내지 제4항의 규정에 불구하고 변론 전체의 취지와 증거조사의 결과에 기초하여 상당한 손해액을 인정할 수 있다. [신설 2001·2·3] [[시행일 2001·7·1 *객관식 문제랑 기출문제 중에서 관련 지문을 본거같은데 기본서를 다시 읽으면서 찾아봤는데 못찾아서, 질문을 드리게됬습니다.","안녕하세요? 임변입니다. 과실이 추정되는 이유는 출원공개, 등록공고 등을 하였는데 이것을 보지 않은 것은 침해자의 실수로 봐야 하기 때문입니다. 이 취지에 비춰 보면 간접침해도 과실추정이 되는 것이 타당해 보입니다. 한편, 손해액의 추정은 직접침행의 소극적 손해 중 매상감소에 의한 일실이익을 가정한 것이기 때문에, 이 취지에 비춰 보면 간접침해에 대해서는 적용되지 않는 것이 타당해 보입니다. 열공하세요~ 답글기능 더보기", ,,17.17.10
특허법,조문,128조,128조 질문입니다.,128조 4항의 경우 특허권자 또는 전용실시권자가 스스로 실시하고 있지 아니한 경우는 추정의 전체인 손해의 발생 자체를 관념할 수 없으므로 이 추정규정은 적용 되지 않는다고 하였습니다. 그렇다면 1항에서 특허권자/전용실시권자의 단위수량당 이익액은 특허권자 또는 전용실시권자가 스스로 실시하고 있는 경우와 실시하고 있지 않을 경우 어떻게 달라지는지 궁금하여 글 남깁니다,"안녕하세요? 임변입니다. 법 제128조에1항에 대한 판례는 존재하지 않습니다. 다만, 사견으로는 법 제128조제1항 내지 제4항은 소극적 손해 중 매상감소에 의한 일실이익에 관한 규정이기 때문에, 제4항과 마찬가지로 손해가 발생해야 매상감소가 있을 수 있다고 생각됩니다. 열공하세요~", ,,17.07.11
특허법,문제,128조,128조에 관해 질문입니다,작년 객관식 p.535의 27번문제입니다 2015년 기출이라 강의시간에 해주신듯도 한데 기억이 기울거리네요.. 다시 문제를 풀다가 의문이 든 점이있습니다 3번 지문인데요 갑 공장의 연간 생산능력이 3만개라면 갑이 실제 생산한 만개를 빼서 2만개와 갑의 단위 수량당 이익액인 천원을 곱해 2천만원이 되야 하는데 왜 해설에 나온것 처럼 연간 3만개인 경우 한도가 2천만원이기 때문에 한도 이내인 천오백만원을 손해액으로 하는지 궁금합니다 실제 갑이 만개를 판매하고 을이 2만5천개를 판매했으니 이 차이 양에 갑의 단위수량당 이익액인 천원을 곱한 천오백만원 이상은 손해액으로 할 수없다... 라고 생각하면 되나요?,안녕하세요? 임변입니다. 문제를 올려 주셔야 답을 드릴 수 있습니다. 공지사항을 다시 읽어 보세요~, ,,17.07.20
특허법,조문,127조,127조 간접침해 질문드립니다.,127조 1호의 [그 물건의 '생산'에만 사용하는 물건] 에서 '생산'이 국내생산을 의미하기 때문에 국외생산은 해당하지 않는다고 하셨는데 만약 반제품을 국내에서 생산한 후 국외로 수출하여 국외에서 완제품을 생산하고 완제품을 다시 수입한다해도 생산을 국외에서 했으니 간접침해는 적용되지 않나요?,안녕하세요? 임변입니다. 네. 간접침해가 아닙니다. 열공하세요~, ,,17.09.06
특허법,조문,127조,127조 간접침해 및 권리소진과 연관해서 질문드립니다,필기노트 347 쪽에 벤틀리 예제에서 을이 c를 사용하는 행위가 침해인가?라는 질문에 대한 정답이 직접침해라고 설명하셨는데 여기서 설명하실때 c를 사용했다는건 벤틀리를 생산했다는 소리이기때문에 직접침해라고 하셨는데 이부분이 조금 헤깔립니다. 만약 그림의 조건처럼 오직 벤틀리의 생산에'만' 사용한다는 '만'표시가 없다면 c의 사용이 벤틀리 생산으로 무조건 귀결되지않기에 직접침해가 아니게되나요? 그리고 간접침해와 조금 논점이 다른것같기는하나 계속 이두개가 혼동되는데 두번째 그림의 기출문제 5번 지문에서 '물건a를 생산하는 기계b'를 청구범위로 한다는게 즉 'b'의 특허권자라는소리인것같은데 해설에서 기계b의 사용하여 물건a를 생산하는 행위는 기계b를 사용하게 되므로 권리범위가 미친다하였습니다. 근데 이 말뜻은 이해가 되나 어짜피 b를 구매해서 권리소진되어 b를 통해 물건a를 생산해도 침해가 아닌것아닌가요?왜 물건a의 생산이 x의 침해가되는건지 먼가 개념이 흔들립니다. B를 구입하는것은 침해가 아니나 a를 제조판매한게 침해라고하셨는데 b를 구입했으면 a제조판매해도 되지않나요? 만약 해설과같이 해석하면 기계b를 구입과 별개로 a를 생산할수있는 실시권은 따로 얻어야되는건가요? 그렇다면 b를 구입함으로 인해 권리소진되는건 어떠한것이 권리가소진되는건지 헤깔립니다,"안녕하세요? 임변입니다. 1. 네. 타용도가 있다면 직접침해가 될 수도 있고 안 될 수도 있습니다. 2. B 구매는 양도가 아닌 양수이기 때문 실시가 아니고, B 사용은 소진이론이 적용되지 않습니다. 소진이론은 특허권자가 또는 적법한 제조판맨권을 가진 자가 판매한 경우에 적용되기 때문입니다. 열공하세요~", ,,17.09.10
특허법,조문,127조,[127조] 간접침해 질문 있습니다.,"특정구조를 가진 볼트 A와 특정구조를 가진 너트 B를 유기적으로 결합하여서 된 구조장치의 특허발명인 경우 갑이 A의 제조에만 사용되는 Y를 업으로서 제조하는 행위가 간접침해에 해당한다고 볼 수 있을까요? 제 생각에는 각 구성요소 개별적으로 침해를 판단할 것이아니라 유기적으로 결합된 전체인 A+B로 침해인지 판단해야 할 것 같습니다. 즉 A+B의 생산에만 사용되는 물건의 제조행위는 간접침해라고 볼 수 있을 것 같지만, 단순히 구성요소 중 하나인 A의 제조에만 사용되는 Y를 제조하는 행위는 간접침해로 볼 수 없을 것 같습니다.","안녕하세요? 임변입니다. 말씀하신 것처럼 A+B의 생산에만 사용되는 물건이냐의 관점에서 보면 됩니다. 참고로, 다수설은 연쇄적인 사용관계에 있어서는 간접침해를 부정하고 있습니다. 이지특허법 간접침해 관련문제 파트를 읽어 보세요. 열공하세요~", ,,17.09.11
특허법,문제,132조,132조 관련 문제에 관한 질문드립니다.,안녕하세요 임병웅변리사님! 위 문제에서 4번이 명백하게 옳은 지문이라는 생각은 드는데.. 3번 지문도 뒤에 '열람할 수 있는 자를 지정하여야 한다'라는 말만 생략 되었을 뿐.. 위 지문도 맞다고 생각하는데.. 왜 틀린것인지 궁금합니다.,"안녕하세요? 임변입니다. 법 제132조제3항을 읽어보면, (영업비밀에 해당하고) & (반드시 필요한 때) 에 한하여 정당한 이유로 보지 않습니다. 법조문을 꼼꼼히 공부하는 습관을 들여야 할 것 같네요~", ,,17.10.01
특허법,조문,127조,[제127조] 간접침해 '그 물건의 생산에만 사용하는 물건' 조문 해석,"제127조(침해로 보는 행위) 다음 각 호의 구분에 따른 행위를 업으로서 하는 경우에는 특허권 또는 전용실시권을 침해한 것으로 본다. 1. 특허가 물건의 발명인 경우: 그 물건의 생산에만 사용하는 물건을 생산ㆍ양도ㆍ대여 또는 수입하거나 그 물건의 양도 또는 대여의 청약을 하는 행위 2. 특허가 방법의 발명인 경우: 그 방법의 실시에만 사용하는 물건을 생산ㆍ양도ㆍ대여 또는 수입하거나 그 물건의 양도 또는 대여의 청약을 하는 행위 질문1 : 그 물건의 생산에만 사용하는 물건 이란... 그 물건에만 들어가는 부품일 수도 있고 (다른 물건에는 안쓰임) 그 물건의 생산에만 사용되는 생산기계 일수도 있는 건가요? (그 물건은 무조건 이 생산기계에 의해서만 만들어짐) 질문2 : 그리고 '청약'은 제2조(정의규정) 3호 가목에 의해 (양도 또는 대여를 위한 전시를 포함한다. 이하 같다)에 의해 특허법 전부에 걸쳐서 '전시'를 포함한 개념이므로, 간접침해규정에서의 청약에도 '전시'를 포함하고 있는것이죠?",1. 네 2. 네. 맞습니다, ,,17.10.05
특허법,조문,127조,127조 간접침해 관련 질문입니다. (강의노트347페이지),"강의노트347페이지 왼쪽그림에서 질문이 세가지가 있는데 그 중 세 번째 질문이 ""갑으로부터 을이 c를 구입하여 c를 사용하는 행위는 침해인가?"" 입니다. 그에 대한 답으로 c를 사용하는 행위는 소진이론이 적용되어 직접침해가 아니다 라고 하셨는데, c를 사용하는 행위는 곧 벤틀리를 생산하는 행위이므로 벤틀리의 직접 침해가 되는 것이 아닌가요? (벤틀리의 생산에 사용되는 엔진c를 특허권자에게 구입하였는데 벤틀리 자체에 소진이론이 적용되는 것인지가 궁금합니다.) 갑은 벤틀리의 특허권자, 벤틀리의 구성요소는 a+b+c Body(a) 바퀴(b) 오직 벤틀리의 생산에만 사용되는 엔진(c)",소진이론이 적용되어 침해가 되지 않습니다. 갑이 을에게 c를 팔았다는 것은 이미 팔 때 c가 a+b+c에 사용되는 것을 전제하고 있는 것입니다. 열공하세요~, ,,17.10.16
특허법,조문,129조,[129조] 생산방법의 추정,"임 변리사님 안녕하세요. 궁금한 점이 생겨 질문을 드립니다. 이지특허법 877페이지에서 129조 생산방법의 추정을 설명하면서 '출원인은 물건발명과 물건을 생산하는 방법발병 모두가 신규하여 특허를 받을 수 있는 경우 반드시 둘다 청구범위에 적어야한다. 물건발명은 물건을 생하는 방법발명보다 특허권의 효력이 강하기 때문에 넓게 권리범위를 주장할수있고, 물건을 생산하는 방법발명은 입증책임을 침해 피의자에게 전환시켜 특허권자의 권리행사를 쉽게 할수있기 때문이다' 라고 나와있는데요. 여기서 특허권자의 물건이 A 제법발명이 a, 제3자가 실시하는 방법이 b라고 하겠습니다. 특허권자가 a 없이 물건 A에 대해서만 써도, 제3자가 b를 실시하더라도 A를 생산하는게 되니까 물건발명의 침해가 성립하지 않나요? 따라서 굳이 방법발명을 청구범위에 적지 않더라도, 제 3자가 a를 실시했는지 b를 실시했는지 따질 필요없이 침해로 잡을 수 있다고 생각했는데요. 이럴경우 왜 굳이 방법발명도 청구범위에 적어야하는지 궁금합니다","안녕하세요? 입증의 문제 및 무효사유에 대한 대비의 문제로 이해하면 될 것 같습니다. 둘 다 청구범위에 기재하면 입증의 편의 중 선택하면 되는 것이고, 또한 물건발명이 제법발명보다 심사관이 찾지 못했던 선행기술에 의해 무효가 될 가능성이 높기 때문에 이를 대비하기 위함입니다. 열공하세요~", ,,17.11.01
특허법,문제,97조,[제97조]특허권의 침해 관련 질문입니다,"임병웅 변리사님, 안녕하세요. 객관식 595페이지에서, '갑은 발명 X에 대해 특허 등록을 받은 후 X를 생산, 판매한다. 을은 갑의 특허발명 X와 동일한 기술을 이용하여 정당한 권한 없이 제품을 생산,판매한다. 갑은 을에 대하여 특허권 침해를 주장하면서 침해금지 및 손해배상을 청구하는 소송을 제기했다. 그러나 갑의 특허발명 X는 출원시 선행기술로부터 통상의 기술자가 쉽게 생각해 낼 수 있는 발명이였다. 다음 설명 중 옳은것은?' 'ㄷ : 을이 실시하는 발명이 통상의 기술자가 선행기술로부터 쉽게 실시할 수 있는 것이므로 을의 실시가 특허발명의 권리범위에 속하지 않는다는 을의 항변은 타당하다.' --> 옳은 설명 1. 먼저 지문에서 'X는 출원시 선행기술로부터 통상의 기술자가 쉽게 생각해 낼 수 있는 발명 ---> 진보성 결여' 따라서 X에 진보성이 없다는 것은, X에 권리범위는 긍정될지라도(동일성실기에 진보성은 속하지 않으므로), 권리행사는 권리남용으로 허용되지 아니한다. 즉 권리범위에 대해 주장하는 을 의 항변은 틀린 것이 아닌가요? 2. 보기 ㄷ 의 판례를 이지특허법에서 찾아보니 831p의 '보호범위의 해석방법-균등론-균등론의 소극적 요건 중 '자유기술항변'에서의 확인방법'에 실려있는 판례입니다. 그래서 '을의 확인대상발명은 자유기술로부터 쉽게 창작해낼 수 있으므로 자유기술항변에 따라 갑의 X의 균등물이 아닌가?'라고 생각했지만, ""균등침해가 아닌 문언침해에 대해서는 자유기술의 항변이 적용될 여지가 없다(832p)""라고 나와있습니다. 그러나 문제의 지문을 해석했을 때, 을은 X의 균등범위가 아닌 X 자체를 (동일하게) 실시했다고 이해하였는데.. 어떻게 이해해야할지 모르겠어서 질문드립니다. 언제나 친절한 답변 감사드립니다! 저작자 표시컨텐츠변경비영리","안녕하세요? 1. 특허발명의 진보성을 얘기하는 것이 아니라, 확인대상발명의 진보성을 얘기하고 있습니다. 즉, 권리남용의 항변이 아니라 자유기술의 항변을 말하고 있는 것입니다. 2. 문제를 다시 읽어보니 동일한 기술이라는 것의 의미가 불명확하네요. 여기서 동일한 기술이라는 것이 문언침해, 즉 AER의 적용이 되는 기술이다라고 생각하면 헷갈릴 수 있을 것 같습니다. 그렇다고 할지라도 답은 고를 수 있는 문제인 것 같습니다. 제목 [제97조] 붙여서 수정해 주시고, 열공하세요~", ,,17.11.01
특허법,조문,127조,127조 특허권 침해관련 질문입니다,"물건A의 제법방법에 관한 특허권 침해에 관해, [외국에서 그 특허방법에 의하여 ""생산""된 물건 A를 업으로 ""수입""하고 있는 업자에 대하여 침해금지를 청구할 수있다] 라면 Q1_ 위 지문에서, ""생산"" 은 국내생산이 아니니까 침해 행위가 아니고, Q2_""수입""은 2조 3호 다목에 해당되어 침해인가요? 아니면, 다목의 '그 방법에 의하여 생산된 물건을 수입하는 행위' 에서의 ""생산"" 도 국내 생산을 의미하니까 위 지문의 ""수입"" 은 2조 3호 다목의 실시 행위에 해당되지 않으므로 침해가 아닌건가요?",1. 국내생산이 아니라는 전제가 없습니다. 2. 국내생산여부와 상관없이 법 제2조제3호제다목에 해당합니다., ,,17.11.08
특허법,조문,126조,[126조 2항] 부대청구,"안녕하세요 변리사님. 침해 금지 또는 예방 청구와 '함께'행사해야 하는 물건의 폐기등의 청구는 실제 실무상 침해금지 등 청구를 먼저 청구하고, 이후 필요하면 신청을 심사 중에 추가로 신청하는 형식으로도 진행되나요?","안녕하세요? 같이 할 수도 있고, 중간에 추가할 수도 있습니다. 열공하세요~", ,,17.11.16
특허법,문제,131조,[131조]특허권 침해에 있어서 선의&무과실 가부,"안녕하세요 임병웅변리사님. 특허 객관식 문제를 풀다가(580p) '침해행위가 선의•무과실이면 신용회복의 청구를 할 수 없다' 라는 지문이 법률상 옳은 지문이라는건 판단을 했습니다. 다만, 현실적으로 특허권 침해가 선의•무과실로 이루어질 수 있나요? 잘 와닿지가 않아서, 혹시 그런 케이스가 있다면 알아두어서 좀 더 구체적으로 이해하고 싶습니다.","안녕하세요? 혹시 그런 케이스라는 것이 무엇을 의미하는지 잘 모르겠네요. 침해인지 모르고 실시하면 선의라 할 수 있고, 법 제130조에 따라 과실이 추정되기는 하나 과실 추정은 얼마든지 번복될 수 있기 때문에 선의, 무과실일 수 있습니다. 열공하세요~", ,,17.11.23
특허법,조문,128조,[128조] 손해액 산정,"임변리사님 안녕하세요, 128조 3힝 단서 적용에 관하여 질문드리려 합니다. 권리자의 귀책사유로 제하여야 하는 금액을 128조 2항에 따라 산정한 손해액에서 제해야 하는 것인지, 아니면 3항에 따른 한도에서 제해야 하는 것인지 궁금합니다. 1,2번째 사진 문제에서의 해설과 답변에서는 전자에 따라 해설하신 것 같고, 3번째 사진에서는 후자에 따라 풀이하신 것 같은데.. 차이가 없나요? 항상 답변 감사합니다.","안녕하세요? 손해액에서 빼게 됩니다. 그리고 법 제128조 제3항 단서는 <권리자>의 귀책사유가 아닙니다. 뭔가 착각을 하고 있는 것 같네요. 이지특허법 그대로 적으면, 「침해행위 외의 사유로 판매할 수 없었던 사정」은 ⅰ) 판매된 침해품이 침해자의 시장개발노력, 침해품의 품질의 우수성, 가격경쟁력 등의 요인에 의하여 판매된 경우, ⅱ) 경쟁제품이 있어서 침해자의 매출액 전부가 권리자의 판매 제품이 될 수 없는 경우, ⅲ) 침해행위 후 획기적인 신기술이 개발되어 특허 실시품의 매출이 떨어진 경우 등에 해당하여 특허권자가 생산하여 판매할 수 있었던 것으로 볼 수 없는 사정을 의미한다. 기본서를 정독해 보세요~", ,,17.12.16
특허법,조문,128조,"[128조] 손해발생의 주장, 입증 관련 질문","안녕하세요 변리사님 128조 손해발생의 주장, 입증 관련 질문 드립니다. 손해배상청구권의 주장, 입증에 대한 부분은 읽을 때마다 상표법과 헷깔려서 정리를 해보았는데요 손해액 특허법 상표법 양도수량 X 권리자, 실시·사용권자 이익액 (특허법 128조2항, 상표법 110조 1항) 권리자 손해발생 주장, 입증 要 권리자 손해발생 주장, 입증 要 양도수량 X 침해자 이익액 (특허법 128조4항, 상표법 110조 3항) 권리자 손해발생 주장, 입증 要 권리자 손해발생 주장, 입증 要 양도수량 X 통상 로얄티 (특허법 128조 5항, 상표법 110조 4항) 권리자 손해발생 주장, 입증 不要 권리자 손해발생 주장, 입증 要 법원재량에 의한 손해액 (특허법 128조 7항, 상표법 110조 6항) 권리자 손해발생 주장, 입증 要 권리자 손해발생 주장, 입증 要 제가 특허법 부분을 정리한 것처럼 128조 5항에 해당시에만 손해발생 주장, 입증을 하지 않아도 되는 것이 맞는지 여쭤보고자 합니다. 감사합니다.",네. 맞습니다. 열공하세요~, ,,17.12.21
특허법,문제,130조,[130조] 특허권 침해관련 객관식 589 (10년 기출변형) 질문있습니다,"안녕하세요 문제지문중 이해가 안되는 것이 있어서 질문드립니다. 589. 특허권침해에 대한 권리자의 구제와 관련된 설명 중 옳지 않은 것만으로만 묶인 것은? (10년 기출변형) (ㅁ) 특허권을 침해하는 제품을 생산, 판매한 후에 특허권의 청구범위를 정정하는 심결이 확정된 경우라도, 정정심결이 있기 전의 생산/판매 행위에 대해 과실이 있는 것으로 추정하는 법리는 변하지 않는다 -> 이 지문이 맞는것으로 되어 있는데요, 위의 질문이 맞기 위해서는 '정정심결의 확정 전,후로 청구 범위에 실질적인 변경이 없는 경우'에 한하여 맞는 말이 않나요? 정정판결에 의해 청구범위에 실질적인 변경이 생기면, 소급효에 의해서 과실행위 추정 규정이 번복되는게 맞지 않나 생각되어 질 문드립니다 감사합니다 저작자 표시컨텐츠변경비영리",안녕하세요? 정정하는 심결이 확정되었다는 것은 실질적 변경이 없었다는 것입니다. 정정요건을 다시 공부해 보세요~, ,,17.12.30
특허법,문제,129조,129조 생산방법의 추정 1호 국내로 한정에 대해,2회 모의고사 15번문제의 5번지문 국외에서 공지공연된 물건에도 생산방법의 추정된다 하고 맞는 지문으로 되어있는데 이지특허법 876p각주에 보면 '사견으로는 국외도 추정하는 것이 타당하다'고 나와 있습니다 따라서 법문을 기준으로 판단해서 틀린 지문 아닌가요?,틀린 지문이네요., ,,17.12.31
특허법,문제,127조,"[97,127조] 특허발명의 권리범위와 침해, 선택발명 질문","변리사님 안녕하세요! 특객 555번 질문 드립니다. 1. 3번지문> 특허발명의 종래기술에서 일반적으로 사용되던 기술적 수단을 생략하였음을 특징으로 하는 구성을 가지고 있는 경우, 그에 대비되는 확인대상발명이 그 생략된 기술적수단을 명시적으로 채택하고 있다면, 그 확인대상발명은 특허발명의 위 구성을 갖추지 못한 것으로서 특허발명의 권리범위에 포함되지 않는다. 3번해설> 구성요소의 일체성을 상실하였기때문에 권리범위에 속하지 않는다. (대판 2006.11.23.선고2005후18) 이렇게 되어 3번이 틀린 지문으로 문제정답인데요, 저는 3번이 옳은 지문이라고 생각했는데 해설을 봐도 잘 이해가 되지 않아 질문드립니다. 구성을 갖추지 못했다는 것과 구성요소의 일체성을 상실했다는 게 다른 사유인가요? 2. 또한 같은 문제의 1번 지문에 선택발명에 대한 내용이 나와있는데 판례입장에 대해 질문 드립니다. 대법 판례는 ""선택발명(확인대상발명)이 특허발명과 비교하여 현저한 작용효과 있는 경우 특허발명과 다른 발명으로서 특허발명의 권리범위에 속하지 아니한다"" 인데요, 사실 특허발명의 보호범위와 선택발명(확인대상발명)의 별개 권리로서 성립 가능여부는 각각 달리 판단해야 하는 것인데 판례는 이 경우에도 현저한 작용효과가 있으면 침해가 아니라고 본 것으로 이해해도 될까요? 기본서를 봐도 판례에 약간의 오류(?)가 있는 것 같아 헷갈려서 질문 드립니다.ㅠ 답변 미리 감사드립니다. 새해 복 많으받으세요!! 저작자 표시컨텐츠변경비영리",안녕하세요? 1. 옳은 지문입니다. 수험자료의 정오표 참고하세요. 2. 네., ,,17.12.31
특허법,문제,128조,[128조] 손해액의 인정,안녕하세요 객관식문제를 풀다가 걸리는것이 있어 질문하게 되었습니다. 객관식 582번 5번에 법원은 변론의 전체취지와 증거조사 결과에 기초하여 상당한 '손해'를 인정할 수 있다. 가 맞는지문으로 나와있는데요. 법조문에도 손해액으로 나와있고 기본서에도 손해액으로 나와있습니다. 손해액이 맞는것이 아닌가요 ㅠㅠ ? 아니면 상관없는 것인지 .. 답변 부탁드립니다! 항상 빠르게 답변해주셔서 공부에 많은 도움이 되고 있습니다. 감사합니다 !,안녕하세요? 손해액이 맞습니다. 오타네요~, ,,18.01.12
특허법,조문,127조,간접침해 관련 2008허13299 판례 질문드립니다.,"방법의 발명에 대한 특허권이 공유인 경우에 있어서 공유자 동의 없이 그 방법의 실시에만 사용되는 물건이 양도되었다고 하더라도, 양수인 또는 전득자가 그 물건을 이용하여 그 방법발명을 실시하는 것과 관련하여 특허권이 소진되지 않는다는 판시 사안과 관련해서 물건발명에까지 확장하여 일반화할 수 없고 그 이유는 물건발명의 경우 전용품의 양도 자체가 실시권 허락의 개념으로 볼 수 없기 때문이다 라고 강의하셨습니다. 특허법 2조에 따르면 물건의 생산 역시 물건발명의 1유형에 해당하니까 물건(a)의 생산에만 사용되는 물건(b)을 양도하여 양수인이 b를 사용하게 된다면 a의 생산에 해당하게 되므로 물건발명의 실시에 해당된다고 생각되는데 물건발명의 경우에도 실시권 허락의 개념으로 볼 여지는 없나요? 물건이라는 말이 너무나 많이 반복되어 제가 봐도 읽기어렵네요... 감사합니다. 저작자 표시컨텐츠변경비영리","실시권이란 제3자가 특허발명을 생산, 사용 등 실시할 수 있는 권리를 말합니다. 그런데, 제3자는 양도된 물건에 한해 권리소진되어 특허발명을 생산할 수 있을 뿐이고, 다른 물건을 가지고 특허발명을 생산한 경우 권리소진되어 침해가 됩니다. 실시권이라 보기 어렵습니다. 열공하세요~", ,,18.01.23
특허법,조문,126조,[126조] 침해소송과 소극적 권리범위 확인심판,"안녕하세요. 특허권침해소송과 관련하여 질문드립니다. 2016년 기출문제를 보면 진보성 위반을 간과한 채 특허등록되어있는 발명에 대해, 정당권원없이 그 특허발명과 동일한 기술을 이용하여 제품을 생산 및 판매하고있는 상황에서 특허권자에게 침해금지 및 손해배상을 청구하는 소송을 제기받은 자의 항변에 대해 설시하고 있는데, 문제와 직접적인 관련은 없지만 이 문제와 같은 상황에서 침해소송의 피청구인의 대응에 관해 궁금증이 생겨 질문드립니다. 1.이런 사실관계의 경우 피청구인이 할 수 있는 대응에 대해 다음의 내용을 생각해보았습니다.혹 더 가능한 조치가 있다면 어떤게 더 있는지 궁금합니다. 그리고 만약 가능한 조치들 모두를 한번에 실시할 필요는 없다면, 일반적으로 어떤 우선순위로 대응하게 되는지도 궁금합니다. ㆍ침해소송과 관련하여 청구인의 침해금지 및 손해배상 청구가 권리남용에 해당한다는 항변 피청구인이 실시하는 발명이 자유기술영역에 속한다는 항변 ㆍ청구인의 특허에 대하여 무효심판청구 ㆍ소극적 권리범위 확인 심판청구 2.실무에서 위 문제 상황과 같이 이미 침해소송이 제기된 상황에서, 소송과 별개로 흔히 권리범위확인심판을 청구하는지 아니면 굳이 그렇게 하지않고 침해소송 내에서만 다투는지 궁금합니다. 쌩뚱맞지만 궁금해서 조심히 여쭈어봅니다. 꼼꼼한 강의와 명쾌한 답변에 항상 감사드립니다.",안녕하세요? 1. 모두 가능합니다. 그리고 우선순위라는 것이 없습니다. 자기가 처한 현재의 상태에서 가장 좋다고 생각되는 ACTION을 취사선택합니다. 2. 심판청구할 수 있습니다. 심판에서 결과가 침해소송을 압박하기도 합니다. 기본서의 침해 파트에 충분히 설명되어 있는 내용이니 한 번 정독해 보세요~, ,,18.01.23
특허법,문제,127조,"[97, 98, 127] 객관식 568번 17년 기출문제 질문드려요","안녕하세요, 학업 중 궁금한게 있어 문의드립니다 ㅎ 객관식 568P 문제 5번 지문을 보면요 물건A 를 생산하는 기계 B 를 청구범위로 하는 특허 X의 권리범위는 기계로부터 생산된 물건 및 그 제조방법에는 미치지 않는 것이므로 기계를 제 3자로부터 구입하여 물건 A를 제조, 판매하는 행위는 제3자가 X특허권자로부터 정당한 실시허락을 받았는지에 관계없이 특허 X의 특허권을 침해하는 행위가 아니다. 라고 되어있고요, 해설지는 '물건의 제조방법은 그 기계B 를 사용했는지 여부에 따라 효력이 미치는지 여부가 달라진다' 고 되어 있는데요. 여기서 만약 기계를 판매한 제3자가 특허권자로부터 정당한 실시 허락을 받고 그 기계를 판매한 경우, 특허권이 소진되 그 기계를 구입하여 물건을 제조, 판매하는 행위가 특허권 침해 행위가 되는건 아니지만, 해당 지문은 '허락 여부와 관계없이' 라 되어있어 틀린 지문인 건가요?? 답변 부탁드립니다^^","안녕하세요? 물건 A를 제조 = 기계 B를 사용 입니다. 권리소진이 되지 않는다면, 기계 B를 사용하는 것은 직접침해입니다. 열공하세요~", ,,18.01.24
특허법,조문,2014후638판례,[2014후638판례] 유연한 규준의입장에서 출원결과참작의 원칙을 적용한 사례,"이지판례 2판 179 페이지 판례입니다. 비고에 있는 문장과 사실관계에 있는 내용이 정확히 이해가 되지않아 질문드립니다.ㅜ 사실관계내용에 비고 내용를 대입하면 속이 빈 사다리꼴 = A 출원인이 거절이유통지를 받고 보정 : 하부면이 상부면보다 넓은 속이 빈 사다리꼴 = a3 확인대상발명 : 상부면이 하부면보다 넓은 사다리꼴 = a2 으로 판단됩니다. 사실관계에서는 출원인이 하부면이 상부면보다 넓은 것으로 한정보정하였고 그렇다면 여기에만 권리를 요구하는 것으로 보아 확인대방발명이 권리범위에 속하지 않는다는 내용입니다 비고에서는 유연한 규준의 입장(한국)은 상대방 구성이 a2이면 이를 의식적 제외로 보지 않게 된다. 고 적혀있어 출원인이 a2 발명에 대하여 권리범위를 의식적으로 제외한 것이 아닌만큼, a2 에도 권리범위가 속한다는 듯한 내용으로... 이해가 됩니다..ㅜㅜ 제가 어디서 잘 못 이해한 걸까요ㅜ? 감사합니다. 저작자 표시컨텐츠변경비영리","보정했다고 하여 당연히 a2를 배제하지 않고, a2를 배제한다는 출원인의 의도가 있어야 하는데, 사실관계를 확인해 보니 의도가 존재하더라는 것이 판례의 요지입니다. 즉, 보정+의도까지 고려했을 때 a2가 배제되는 것이고, 보정만으로는 a2가 배제되지 않습니다. 열공하세요~", ,,18.02.09
특허법,조문,129조,[129조] 생산방법의 추정 규정 중 국내로만 한정되어있는 1호 규정,"129조를 보면 공지, 공연실시의 경우 그 지역적 범위가 국내로만 한정되어있고 이는 기존의 29조1항1호에서 공지, 공연실시를 국내로 한정하였던 것을 개정하면서 바꾸지 못한 입법불비라고 보여진다고 알려주셨는데 혹 시험에 관련지문이 출제된다면 법조문대로 생산방법의 추정규정에서 공지, 공연실시의 경우 국내로만 한정하여서 풀어야하는것인지 궁금합니다.",법조문이 진리라고 생각하면 됩니다~, ,,18.02.11
특허법,조문,127조,[127조] 방법발명의 간접침해,간단한 질문드립니다. 127조 2호의 방법발명의 경우에도 그 실시는 국내에서의 실시만 해당하는 것인지요? 당연히 국내에서의 실시만 의미한다고 생각이 들지만 책이나 판례에서 127조 2호에 대해서는 자세한 언급이 없어 질문드립니다. 감사합니다.,네. 그렇습니다~, ,,18.02.16
특허법,조문,127조,[127조] 간접침해 규정에서 전용품의 사용의 경우 질문입니다,127조 규정에 있어서 전용품을 사용하는 경우는 왜 간접침해에 해당하지 않는건가요...?? aer doe에 의한 판단을 하면 전용품을 사용하는 행위 그자체는 직접침해에 해당하지 않는것 같은데요... 그렇다면 전용품을 사용하는 경우에는 보호범위의 공백이 생기는것 아닌가요??,"법 제127조를 읽어보면, 전용품을 사용하는 것은 특허발명인 물건의 생산, 방법의 실시에 해당하기 때문에 직접침해에 해당합니다. 기본서를 정독해 보세요~ 답글기능 더보기", ,,18.03.09
특허법,조문,127조,[제127조]간접침해 질문드립니다,"안녕하세요~~ 간첩침해 관련 질문드립니다.. 1.53회 2차 특허기출에 특허발명이 abc 일 때 그 특허발명을 직접 침해하는 발명인 abcf의 전용품인 abf의 생산은 abc에 대한 간접침해로 보는 문제가 나왔습니다. abf는 특허발명에 포함되지 않은 구성인 f가 포함되었음에도 그 특허발명을 직접 침해하는 발명인 abcf에 대한 전용품이 되어 간접침해가 성립되었다고 보는 걸로 판단되는데, 2.그렇다면 특허발명이 abc 일때 그 특허발명을 직접 침해하는 발명인 abcde의 전용품인 e의 실시도 특허발명 abc의 간접침해가 될 수 있나요?? 질문 읽어주셔서 감사합니다!","법조문 그대로 해석하면 됩니다. 첫번째 Case에서 ab가 abc의 생산에만 사용되는 물건인 경우에는 간접침해이겠지만, 두번째 Case에서 e가 abc의 생산에만 사용되는 물건일 수는 없을 것 같네요. 열공하세요~", ,,18.05.13
특허법,조문,126조,[126조] 전용실시권을 설정한 특허권자의 침해금지 청구 가부에 대한 질문입니다.,"안녕하세요 임병웅 변리사님 전용실시권을 설정한 특허권자의 침해금지 청구가 가능한지 여부에 대한 법리에서 이해가 안되는 부분이 있습니다.. 상기의 문제에 대해서는 특허권의 본질이 독점권과 배타권 중 어디에 해당하는지에 따라 결과가 달라진다고 하는데요.. 제가 생각했을 때에는 독점권에 의하든 배타권에 의하든 전용실시 계약의 성질이 타인에 대한 특허권 행사를 포기한 것이 아니라면, 허용이 된다고 보는게 타당할것 같은데요. 오히려 배타권에 의하는 경우라면 전용실시권자에게 실시계약을 설정할때 ""특허권의 본질인 배타권을 이전""하는 셈이 되어 배타권에 의해 설명이 더 어려울것 같은데요..ㅠㅠ 제가 어떤부분에서 이해를 잘못하고 있는건가요?? 답변 감사합니다~","안녕하세요? 배타권에 의할 경우 전용실시권의 설정이 실시권자의 실시를 금지하지 않겠다는 것이고, 제3자의 실시를 금지하겠다는 것은 아니기 때문에 제3자의 실시를 금지시킬 수 있습니다. 배타권을 이전한다는 개념은 처음 들어보는 말이네요. 열공하세요~", ,,18.05.18
특허법,조문,126조,[126조] 안녕하세요 침해의 법리에 대한 질문입니다.,"안녕하세요 임병웅 변리사님 [판례집 56p]에 있는 내용에 대한 질문입니다. 미국의 후침해 선신규성 부정의원칙 이 설명되어있는데요, (1) 이 원칙의 의미가, 공지기술이 a // 출원발명이 A //실시발명이 a인 경우에, 실시자는 출원발명과 실시발명의 동일성을 인정해버리면서, 동시에 신규성부정에 의한 권리범위불인정 항변을 한다는 의미인가요? (2) 이 원칙이 선택발명의 경우에만 그러한가요 아니면 일반적인 침해에서도 그대로 적용될 수 있는문제인가요? (3) 답안지에서 침해소송에서 실시자의 조치를 물으면 이 원칙을 짧게나마 언급하는것이 가점사유가 될 수 있을까 싶어 여쭤봅니다","(1) 전혀 잘못 이해하고 있습니다. 후침해 선신규성 부정의 원칙은 등록후 실시하고 있는 발명이 침해이라고 가정하였을때, 실시하고 있는 발명이 출원전 존재한다면 출원된 발명은 신규성이 부정된다는 것입니다. (2) 대부분의 발명에 적용이 되고, 선택발명에 한정되는 것은 아닙니다. (3) 실시자의 조치에 왜 언급을 해야 하는지 모르겠네요. 열공하세요~", ,,18.05.23
특허법,조문,128조,[128조] 손해액 추정,"128조 4항 (추정) 제1항에 따라 손해배상을 청구하는 경우 특허권 또는 전용실시권을 침해한 자가 그 침해행위로 인하여 얻은 이익액을 특허권자 또는 전용실시권자가 입은 손해액으로 추정한다 그러나 이는 손해의 발생을 전제로 하여 침해자의 이익을 손해액으로 추정하는 규정으로서 침해자의 이익액으로부터 손해의 발생까지 추정하는 규정은 아니다. 이지특허법 p832 中 <질문> ""이익을 손해액으로 추정 ≠ 이익액으로부터 손해의 발생 추정"" 이 부분이 이해가 가질 않습니다. 사실상 같은 말 같은데 어떤 차이가 있는지 궁금합니다.","1. *손해*가 발생할 것을 전제로 <손해액>이 존재하는 것입니다. 2. 여기서 *손해*는 매상감소에 따른 일실이익이기 때문에 특허권자가 실시하고 있어야 손해가 발생할 수 있습니다. 3. 한편, <손해액>은 상대방이 얻은 이익액으로 추정됩니다.", ,,18.06.09
특허법,조문,128조,[128조] 3항 손해액의 한도,안녕하세요 임병웅 변리사님 손해배상의 한도에 대해 질문이 있어서 이렇게 여쭤봐요 이지 특허법 p830에서 손해액은 특허권자 또는 전용실시권자가 생산할 수 있었던 물건의 수량에서 실제 판매한 물건의 수량을 뺀 수량에 단위 수량당 이익액을 곱한 금액을 한도로 하고(128조 3항) 이 규정은 침해자가 특허권의 생산 능력을 초과하여 생산한 물건에까지 특허권자가 판매 할수 있었다고 가정하는 것은 바람직 하지 않으므로 그 한도를 정한것 으로 이 한도를 초과한 침해자의 양도 수량분에 대해서는 128조5 항에 따른 실시료 상당의 손해액을 인정한다고 언급하고 있는데 Q1) 이 경우 손해액의 한도는 그만큼 따로 받고 그 초과분은 실시료 상당액의 손해배상으로 다시 따로 받을수 있다는 의미인가요? Q2) 128조 5항은 통상적으로 받을 수 있는 금액을 손해액으로 하여 손해배상을 청구 할 수 있다고 하는데 그럼 이 손해액 역시 결국은 손해액의 한도에 같이 포함된다는 의미인가요? Q3) 이런경우128조 5항의 실시료 상당액의 손해액을 인정하면 통상적으로 받을수 있는 금액 초과시에 128조 6항에 따른 손해액의 참작의 적용을 고려할 수도 있다는 건가요?,"안녕하세요? 1. 네. 그렇습니다. 2.3. 아닙니다. 부언하면, 법 제128조제5항은 실시권허락을 통한 실시료 받을 수 있는 기회의 상실에 대한 보상이고, 법 제128조제2,3,4항은 매상감소에 의한 일실이익에 대한 보상이기 때문에, 일상이익이 없더라도 법 제128조제5항을 적용할 수 있는 것입니다. 열공하세요~", ,,18.06.14
특허법,조문,127조,[127조] 전용성 여부 구분하는 법에 대해 질문있습니다,"2016나1011판결 갑 등록 : 카드결제 단말기(POS)에서 카드 정보를 ""투입방식""으로 읽어서 재승인 이후(제1승인방식)카드를 반환하는 결제방법 을 실시 : 카드정보를 ""긁는 방식""으로 읽는 카드 결제 단말기(POS)를 포함하는 주유기를 생산, 판매 POS단말기는 선승인, 재승인, 선승인 취소(제1승인방식)과 카드정보만 확인하고 후승인하는 방식(제2승인방식) 둘 다 사용 갑 침해소송 제기 강의노트 p389에 있는 카드결제방법 CASE(2016나1011)를 보다 질문이 생겼습니다. 공용이 되는지 여부를 따질 때 제1항발명이 이용하는 제1승인방식과 피고의 실시제품이 사용한 제2승인방식이 균등하여 공용이 된다고 나와있습니다. 그런데 전용여부를 따질 때는 ""피고의 실시제품은 이 사건 제1항 발명이 이용하는 제1승인방식과 다른 제2승인방식만을 이용하는 POS와 연결되어 상업적 내지 실용적으로 사용되고 있으므로, 이 사건 제1항 발명의 실시에 전용된다고 할 수 없다""고 되어있습니다. 제2승인방식을 타용도로 보고 전용성이 없다고 판단한 것 같은데 그러면 제2승인방식이 공용성은 있으나 타용도로 보아 전용성은 없는 것으로 생각해야하나요? 균등론이 전용성 판단에는 적용되지 않는 것인지 알고싶습니다. 저작자 표시컨텐츠변경비영리","판례를 잘못 이해하고 있습니다. 공용성이 있는 이유는 피고제품이 ""특허발명의 실시에 사용하는 물건""이기 때문이고, ""특허발명의 실시에 사용""되는지는 균등범위까지 인정이 되는 것입니다. 사안의 사실관계에서는 투입방식과 긁는방식이 균등범위라는 것이고요. 전용성은 ""에만""이고, ""에만""을 판단함에 있어서 균등론을 적용한다는 것은, 전혀 상관없는 내용을 엮어서 문의하신 것입니다. 열공하세요~", ,,18.06.15
특허법,조문,126조,[126조] 전용실시권 설정한 경우 특허권자의 제3자에 대한 침해금지 청구 가부,"안녕하세요 특허권의 본질을 배타권과 독점권이냐 중 배타권으로 보는 경우에만, 특허권자가 전용실시권을 설정한 경우에, 제3자의 무단 실시에 대해 침해금지 청구가 가능하다고 하는데요.. 이에 대해 강사님께서 배타권을 설정한 경우에는 전용권자에게 전용권자에게만 배타권을 행사하지 않는 경우로 보는거라고 하셨는데요.. 1. 특허권의 본질을 독점권으로 보는 경우에도 해당 전용권자에게 실시계약을 설정하더라고 여전히 전용권자에 대한 관계에서 특허권 행사하지 않는 것으로 볼수있고, 따라서 제3자에 대한 관계에서 침해금지 청구가 가능한것이 아닌지요...? 2. 만약, 전용실시권의 계약이 특허권의 본질에 따라서 전용실시계약의 의미도 달라지는 것이라면, 배타권의 경우에 있어서는 전용실시권자에게 실시계약을 체결함은 자신의 배타적 지위도 함께 이전함을 의미하는것으로 볼수있는것 아닌지요...? 3. 저는 전용실시권을 설정한 경우에 있어서 특허권자가 제3자에 대한 관계에서 침해금지 청구가 가능한지 여부는 특허권의 본질의 논의보다는 전용실시계약의 성질 또는 내용이 어떤것인지로 설명하는게 더 논리적인거 같은데요... 왜 굳이 전용실시계약이 아닌 특허권의 본질로 설명을 하는것인가요...? 답변 감사합니다!","법 제94조에 의하면, 특허권자는 특허발명을 업으로서 실시할 권리를 독점하지만, 전용실시권을 설정한 범위내에서는 그러하지 아니하다고 기술되어 있습니다. 특허권의 본질이 이러한 독점권이고, 배타권도 이러한 독점권에 기인한 것이라면, 전용실시권을 설정한 범위내에서 특허권자는 독점, 배타적인 권리가 모두 인정되지 않아야 합니다. 그런데, 판례가 전용실시권을 설정한 범위내라도 소권, 즉 배타권을 인정하고 있다는 것은 독점권과 별개의 배타권으로서 특허권을 이해하고 있다는 것입니다. 열공하세요~", ,,18.06.19
특허법,조문,126조,[126조]와 [225조]에 대한 질문입니다,안녕하세요 임병웅 변리사님 해당 조문의 적용범위에 대한 질문입니다. 간접침해의 경우 126조와 225조에 적용될 수 있나요?? 답변 감사합니다.,"안녕하세요? 법 제126조는 가능하고, 법 제225조는 불가능합니다. 기본서를 정독해 보세요~", ,,18.07.15
특허법,조문,128조,[128조]손해액의 의제,"안녕하세요. 15판 인사이트(추록반영) 에서 손해액의 의제부분을보면 1.통상실시료상당액은 손해액의하한선을 규정한바 2.초과액 청구가능 및 ""침해자 경과실"" 시 감면 가능하나 이경우에도 실시료상당액보다 감면할수없다고합니다. 그런데 상표사건관련, 2013다21666에서는 이에 상응하는 상표법 110조4항규정에 따른 통상사용료상당액 손해액산정의 경우에도 ""피해자과실""시 과실상계가 가능하다고 합니다. 두 사안은 각 침해자의과실vs권리자과실이라는. 점에서 차이는 있지만, ""손해액하한선을 규정한지여부에"" 대해서는 동일하게 논쟁의대상이될수 있는것 같은데요, 후자의 상표판례에비추어 한교수님은 본규정이 '최소액보장규정' 이 아니라고하십니다. 제 질문은, (1)특허법128조5항이손해액 하한선규정한게맞는지 (2)맞다면 상표법과 달라지는부분인지or 학자들간 견해차이가 존재하는부분인지 or 하한선맞지만 과실상계는 또 별도의문제인지 궁금합니다 감사합니다!",안녕하세요? 1. 법 제128조제5항이 하한액을 규정한 것이라는 것에는 논란의 여지가 없습니다. 2. 상표법은 어떤 법리를 적용하는지 잘 모르겠습니다. 박종태 변리사님에게 문의를 해 보는 것이 좋을 것 같습니다. 열공하세요~, ,,18.07.26
특허법,조문,127조,[127조] 간접침해에 대한 조치,안녕하세요 임병웅변리사님 항상 좋은강의 잘듣고 있습니다. 현재 127조 관련하여 공부를 진행중에 질문이 생겨 글 남기게 되었습니다. 아래의 그림에서 갑의 특허가 등록된때부터 타용도가 생긴날까지 특허권에 기한 조치가 가능하다고 되어있는데 이 의미가 저 기간만큼이 간접침해기간에 해당하여 그에 대해 갑이 민사상 조치가 가능하다고 이해했는데 (단지 저 기간에만 갑이 조치가 가능한건 아니라고 이해했습니다.) 제가 이해한게 맞나요? 그럼 이때 그림상 등록후 3년이 되는날에도 을이 한 과거의 간접침해에 대해서 갑이 손해배상청구에 의해서 보상을 받을 수 있는 것이죠?,안녕하세요? 네. 정확히 이해하고 있습니다. 열공하세요~, ,,18.07.27
특허법,조문,127조,[127조] 간접침해의 성립요건,"변리사님 안녕하세요! ""물건의 사용이 구성요소완비의 원칙에 의한 특허발명인 물건발명의 생산, 방법발명의 실시에 해당하는 경우뿐만 아니라 균등론에 의한 물건발명의 생산, 방법발명의 실시에 해당하는 경우에도 간접침해를 긍정한다."" 에서 ""물건의 사용이 구성요소완비의 원칙에 의한 특허발명인 물건발명의 생산""이라는 말이 잘 이해가 안되네요. 예를 들어 엔진(c)가 벤틀리의 생산에 사용된다는게 구성요소완비의 원칙에 의한 것이라는 의미같은데 벤틀리는 (a,b,c,d)등 여러 요소이고 엔진은 그 중 하나의 요소인데 어떻게 구성요소완비의 원칙인거죠?.. 저작자 표시컨텐츠변경비영리","안녕하세요? c가 타용도가 없기 때문에, c를 사용했다는 것은 벤틀리(a,b,c,d)를 생산했다는 것을 의미합니다. 열공하세요~", ,,18.08.04
특허법,조문,128조,[128조]손해액의 산정방법 질문드립니다.,128조에서 4항은 추정이라 실제 실시하고있지 않으면 적용받지 않는데 그렇다면 실시하고 있지 않아도 2항은 적용받을수있다는 말인지 궁금합니다! 적용받는다면 2항에서 변동경비역시 예측으로 단위수량당 이익액을 예상하는건가요?,"법 제128조 제2항 내지 제4항은 매상감소에 의한 일실이익이기 때문에 제2항도 적용불가능하다고 생각됩니다. 다만, 이에 대한 판례는 아직 없습니다. 열공하세요~", ,,18.09.11
특허법,조문,127조,[127조] 권범심판에서 자유기술의 항변관련,"안녕하세요. 판례 두개가 서로 모순되는 것이 아닌지하여 문의드립니다. [2008허4523] 간접침해를 주장하는 권리범위확인심판에서 확인대상발명이 자유기술인지 여부를 판단하는 경우, 확인대상발명을 실시 부분의 구성만으로 한정하여 파악할 것이 아니고, 위 실시 부분의 구성과 함께 심판청구인이 그 생산에만 사용 되는 것으로 특정한 대응제품의 구성 전체를 가지고 판단해야 한다. (이지특허 16판 897p) [2000다27602] 물건이 특허발명의 출원전에 공지된 것임을 알 수 있는 바, 사정이 이와 같다면 그 물건은 이 사건 특허발명의 증명 서 자동피복장치의 생산에만 사용되는 물건이라고 보기 어렵다 할 것이다. (이지특허 16판 891p) 권범심판에서 간접침해의 경우 확인대상발명이 특허발명의 실시에 만 사용하는 물건이 아닌 경우 특허발명의 권리범위에 속하지 않기 때문에 2000년 판례에 의할 때, 확인대상발명이 공지된 것임을 증명하면 권리범위에 속하지 않는 다는 주장을 할 수 있는 것이 아닌가요? 아니면 자유기술의 항변은 '공지기술과 동일하거나 통상의 기술자가 공지기술로 부터 용이하게 실시할 수 있는 경우'이니, 실시에 만 사용되는 물건이 동일한 경우는 2000년 판례에 의해 특허발명의 권리범위에 속하지 않는다고 주장할 수 있지만, 용이 실시의 경우에는 2008년 판례에 따라 자유기술의 항변을 주장할 수 없는 것으로 이해하면 되나요? 감사합니다. 이병철 드림","죄송하지만 질문의 요지가 명확히 파악이 안 되네요. 선해해서 답변을 드리면, 확인대상발명이 공지되어 타용도가 있음을 입증하여 간접침해가 아니라고 할 수 있고, 또는 확인대상발명이 공지기술과 동일하거나 용이한 경우에는 자유기술의 항변을 주장하여 간접침해가 아니라고 할 수 있습니다. 2가지 주장은 독립적인 것이며 중복적으로 할 수 있는 것이지 모순되는 것은 아닙니다. 열공하세요~", ,,18.09.11
특허법,조문,,간접침해에서 ＜생산＞에 대한 질문,"간접침해행위 물건발명의 경우 생산에 대한 부분에서, 부품의 교체가 특허발명인 물건의 <사용>이 아닌 <생산>에 해당하는지 여부가 문제되는데, 소모품인 경우 요건 i~iv를 만족하면 생산에 해당한다고 설명해주셨는데요, 1. 이 논점이 왜 권리소진에서도 나오는건가요? (생산에 해당해서 직침이 성립한다면 굳이 간침을 논할 이유가 없지 않았을까요?) 2. 추측하기론 프린터+소모부품인 특허발명에서 <소모부품>의 교체가 요건 i~iv를 만족한 경우 <프린터+소모부품>의 <생산>에 해당하고, <소모부품>은 특허발명이 아니기 때문에 <소모부품>의 생산, 양도 등은 직접침해는 성립하지 않고 (원래는) 프린터의 <사용>에 쓰이는 물건이지 <생산>에 사용되는 물건이 아니어서 간침이 성립되지 않으나 i~iv요건을 갖춘 경우 <그 물건의 생산>에 쓰이는 물건으로 판례가 기준을 제시해준것인가요?",생산이 아니라면 권리소진이 되어 부품 교체후 특허발명을 실시하는 것이 침해가 성립하지 않기 때문입니다. 열공하세요~, ,,18.09.19
특허법,조문,127조,[127조] 간접침해 물건에 대해서 잘 이해되지 않아 질문드립니다!,"변리사님! 온라인 수강생도 이렇게 질문할 수 있는 공간을 만들어 주셔서 정말 감사합니다! 질문 강의노트 p390문제와 조문을 보던중 헷갈리는게 있어 질문드립니다. 127조 1호에서 '그 물건의 생산에만 사용하는 물건'을 생산 ,양도 ~~ 하는 행위 라고 하고있습니다. 그래서 이걸 p390(16년 기출)문제에 적용하려 보니 그 물건의 생산에만 사용하는 물건은 a 이고 문제에서 乙이 a를 국내에서 생산했으니 a(그 물건의 생산에만 사용하는 물건)를 국내에서 생산한 행위도 간접침해 행위에 해당하는게 아닌가요? 복습하던 중 제가 이해하기엔 a의 생산이 간접침해에 해당하는 것으로 이해했는데 문제에 풀어보니 결국 '그 물건(A)'의 생산이 국내에 있어야 간접침해라고 하는거 같아 이부분에서 많이 헷갈립니다. 답변 부탁드립니다 감사합니다!","안녕하세요? 결국 1) 특허발명인 물건의 생산, 2) 특허발명인 물건의 생산에만 사용되는 물건의 생산, 모두 국내에서 된 경우에만 간접침해가 성립합니다. 열공하세요~", ,,18.10.04
특허법,조문,126조,"128조 6항 손해액 의제, 참작 관련 질문입니다.","안녕하세요! 128조 6항에서 손해액이 실시에 대하여 통상적으로 받을 수 있는 금액을 초과하는 경우에는 그 초과액에 대해서도 손해배상을 청구할 수 있다. 이 경우 특허권 또는 전용실시권을 침해한 자에게 고의 또는 중과실이 없을 때에는 법원은 손해배상액을 산정할 때 그 사실을 고려할 수 있다. 이 의미가 특허권자가 침해자에게 실시에 대하여 통상적으로 받을 수 있는 금액 즉, 5항에 따른 손해액의 하한도 보다 초과하는 금액을 '청구' 했을 때에만 위 규정을 적용하는 것인가요? 즉, 초과액에 대해서 청구하면 그 때 법원은 침해자의 고의 또는 중과실이 없을 때 이를 참작하는 것이고 애초에 아무런 청구가 없다면 침해자의 고의 또는 중과실은 고려조차 안하는 것인가요? 이를 다룬 문제로 2010년 기출지문인데 특허법 128조 5항에 의하여 통상실시료 상당의 손해액이 추정되는 경우, 침해자에게 고의 또는 중과실이 없는 때에는 법원은 손해배상의 액을 정함에 있어 위 추정된 손해액에 이를 참작할 수 있다. 이게 틀린 지문인데 그 이유가 단순히, 통상실시료 상당의 손해액이 추정되는 상황이기 때문에 맞나요?","안녕하세요? 1. 실시료 상당액 청구후 추가손해가 발생하였을 때 청구하는 것이고, 추가손해는 별도의 청구가 없으면 고려하지 않습니다. 2. 추정되는 것이 아니라 간주되는 것입니다. 열공하세요~", ,,18.11.09
특허법,문제,126조,[126조] 침해에 대한 조치,안녕하세요 임병웅 변리사님 객관식문제집 풀다가 궁금한 사항이 생겨 질문드립니다. 특허객관식 609번 3번 보기입니다. 보기: 특허권 A의 존속기간 만료 후에 판매할 목적으로 특허권 A의 존속기간 중에 '화합물 a를 유효 성분으로 하는 천식치료제'를 제조하여 창고에 보관한 을의 행위는 특허권 침해에 해당한다. 여기서 침해인 이유는 '제조'한 행위 때문이지 '창고에 보관한 행위'때문은 아닌게 맞나요? 감사합니다.,안녕하세요? 네. 맞습니다. 열공하세요~, ,,18.12.24
특허법,조문,127조,간접침해 강의 중 내용에 대한 질문입니다,"이 부분을 설명하시면서, 3번째 물음에서 을이 c를 구입하여 권리가 소진되었으므로 침해가 아니다 라고 하셨는데, 2번째 물음을 설명하시면서 c를 사용했다는 것은 c가 벤틀리(a+b+c)에서만 사용 가능하므로 결국 벤틀리를 생산해 사용했으므로 직접 침해다 라고 하셨습니다. 그렇다면 3번째 물음에서 침해가 아니다 라고 판단하는 근거는 물음이 'c를 사용'이라고 한정했기 때문인가요? 아니면 결과적으로 a+b+c를 사용하게 되는 결과가 생기더라도 c만 구입하면 권리 없이 사용한 부분은 a+b가 되어서 침해가 되지 않기 때문인가요? 저작자 표시컨텐츠변경비영리","권리소진의 개념을 이해 못하고 있습니다. C를 사용한 것은 A+B+C의 생산에 해당하여 특허발명의 실시이지만, 권리소진이 되어 침해가 되지 않습니다.","감사합니다! 그런데, c는 방법이 아니라 물건이기 때문에 c를 사용한 것이 a+b+c의 생산에 해당한다기 보다는 c를 사용하기 위해서 결과적으로 a+b+c를 생산하게 되므로 침해인 것이 아닌지요? 그리고 권리 소진이라는 것이 3번째 물음에서 을이 소유권을 가지고 있는 물건은 정당하게 구입한 c뿐인데, c를 사용하기 위해 a와 b를 모인해서 벤틀리(a+b+c)를 사용한다면(=c를 사용) a와 b에 대해서는 갑이 이득을 얻지 못했기 때문에 침해이지 않나 하고 생각해서 다시 질문드립니다!","c는 a+b+c의 생산에만 사용되는 전용품이고, c를 사용하는 것은 필연적으로 a+b+c를 생산하게 됩니다. 질문한 것과 같이 a와 b를 모인하는 것이 아닙니다. 또한, 갑은 a+b+c에 대한 특허권자이고, a, b에 대한 특허권자가 아니기 때문에, a, b에 대한 이득을 얻어야 하는 것이 아닙니다. 지금 질문하시는 내용은 간접침해에 대한 이해가 부족함에서 비롯된 것 같습니다. 죄송하지만 간접침해 파트에 대한 공부를 조금 더 해 보시고, 그래도 이해가 안 되면 다시 질문해 주세요~",18.12.27
특허법,조문,128조4항,[128조4항] 비용산출의 계산방식관련 질문사항,"안녕하세요 임병웅변리사님 다름이아니라 2006다1831판결에서 128조의4항에 의한 특허권자의 손해액을 산정함에 있어서 위 비용산출의 계산방식이 자백의 대상이 아니라고 했는데 이 경우는 심결취소소송에서의 법리(사실의 경우는 자백인정, 법적판단내지 평가의 경우는 자백불인정)와 같이 적용될수 있는 법리가 있는건가요? 항상 좋은강의 감사합니다! 좋은하루 보내세요~",안녕하세요? 네. 그렇습니다. 열공하세요~, ,,19.01.06
특허법,조문,128조,[128조] 2006다1831판결 질문사항,안녕하세요 임병웅변리사님 다름이아니라 2006다1831판결 관련하여 아래서 질문드렸었는데요. 아직 이해가 잘가지 않아서 질문드립니다. 128조의4항에 의한 특허권자의 손해액을 산정함에 있어서 위 비용산출의 계산방식이 자백의 대상이 아니라고 했는데 이 경우는 따로 자백의 대상인지 아닌지를 판단할수있는 법리(심결취소소송에서처럼)가 있는게 아니라 판시사항 그자체로 암기할 사항인건가요? 항상 좋은강의 감사합니다! 좋은하루 보내세요~,"안녕하세요? 민소법을 공부하지 않아서 이해가 되지 않은 것입니다. 판례(대법원 1994. 11. 4. 선고 94다37868 판결, 2002. 6. 28. 선고 2000다62254 판결 등 참조)의 의하면 ""자백의 구속법칙은 권리의 발생소멸이라는 법률효과의 판단에 직접 필요한 주요사실에 대해서만 적용됩니다. 그런데 손해액 손해함에 있어서는 구체적인 비용산출 계산방식은 주요사실이 아니기 때문에 자백이 성립하지 않는다는 것입니다. 열공하세요~", ,,19.01.10
특허법,조문,127조,간접침해 : '에만'의 입증책임,"안녕하세요? 간접침해 부분에서 전용성의 입증책임에 관한 질문입니다. 책851쪽에 설명해주시기를, 특허권자가 타용도가 없음을 입증해야 한다. 그러나 타용도가 존재하지 않는다는 사실을 입증하는 것은 사회통념상 불가능하거나 상당히 곤란한 반면, 타용도가 존재한다는 사실을 주장증명하는것이 보다 용이한 법이고 더욱이 침해피의자가 그 물건의 용도를 보다 용이하게 파악할 가능성이 높다. 따라서 그 자체로 범용성이 있는 물건이 아닌 한 특허발명인 물건발명의 생산이나 방법발멸의 실시에 사용하는 물건이라는 점이 입증된 후 침해피의자가 그 물건에 타용도가 있음에 관하여 구체적이고 합리성이 있는 주장을 하는 경우에 한하여 그 입증책임이 현실화된다고 봄이 상당하다 라고 해주셨습니다 1. 객관식 지문 풀이용으로 전용성의 입증책임은 특허권자에게 있다로 하는게 맞는것이고, 2. 다만, 뒤에 지문이 추가된다면 입증책임이 완화될 수 있다 정도로 이해하고 넘어가면 되는것일까요?","안녕하세요? 전용성의 입증은 특허권자에게 있는데, 언제 입증을 하느냐의 문제일 뿐 입증책임이 완화되었다고 할 수 없습니다. 구체적으로 판례는 공용성이 입증된 후 침해피의자가 다른 주장을 하였을 때, 전용성의 입증책임이 발현된다는 것입니다. 열공하세요~", ,,19.01.12
특허법,조문,127조,침해로 보는 행위,"변리사님 안녕하세요? 해당 조문에 대해 질문이 있습니다. 관련 기출 문제는 16년도 문제입니다. 이하 기출 지문입니다. 갑은 물건 X발명의 특허권자이며, 물건 a는 물건 X의 생산에만 사용되는 물건이다. 을은 물건a를 우리나라에서 100개 '(1)생산'한 다음 전량 미국에 수출하였고, 미국에 수출된 물건 a는 모두 미국에서 물건 X를 '(2)생산'하는데 사용되었다. (이하 생략) 여기서 을이 물건 a를 우리나라에서 생산한 행위가 간접침해가 되기하기 위해서는 (1), (2) 의 생산이 모두 국내에서 이루어져야 한다고 이해했는데요, 그렇다면 생산 뿐만아니라 양도, 대여, 수입, 또는 청약이 국내에서 일어나더라도 이 행위로 인한 물건 a가 이 후 국내에서 X로 생산되는데 쓰이지 않는다면 마찬가지로 간접침해는 성립하지 않는건가요? 수강 기간이 지나도 질문할 수 있는 공간을 만들어주셔서 감사합니다!",안녕하세요? 네. 맞습니다. 간접침해가 아닙니다. 열공하세요~, ,,19.01.23
특허법,조문,128조,침해금지 청구 관련해서 질문드립니다,"안녕하세요 변리사님!! 질문에 대해 알아듣기 쉽게 답해주셔서 항상 감 사드립니다ㅎㅎ 다름이 아니라, 미등록 전용실시권자의 경우에 는 통상실시권자처럼 생각하는 것으로 알고 있 는데, 이 때 특허권(전용실시권) 침해가 있을 때 미등록 전용실시권자는 특허권자와의 전용실시 권 계약을 피보전채권으로 해서 특허권자의 침해금지 청구권을 대위할수 있는지 궁금해서 질문드립니다!!","안녕하세요? 대위행사불가능합니다. 통상실시권은 특허권자가 통상실시권자에게 권리행사를 하지 않겠다는 것이기 때문에, 특허권의 침해가 있다고 하여 통상실시권이 침해된 것은 아니게 됩니다. 이지특허법을 정독해 보세요~", ,,19.01.28
특허법,조문,128조4항,128조 4항 손해액추정과 3항 한도관련,안녕하세요 128조 4항에따라 손햐액 추정시 그 손햐액도 3항 한도에 걸리는건지 아니면 그대로 적용되는건지 헷갈립니다ㅜㅜ 3항은 2항에따라서만 적용되는건가요?,안녕하세요? 그대로 적용됩니다. 열공하세요~, ,,19.01.29
특허법,문제,128조5항,(128조5항) 손해액의 의제,"안녕하세요 변리사님 128조5항의 손해액 의제에서 ""그 특허발명의 실시에 대해 통상적으로 받을수 있는 금액"" 에서 의미하는 금액은 실시료를 최소한의 손해액으로 한것이므로 금액산정 대상은 특허권자 아닌가요? 기출문제 5번지문을 보면 침해자인 을의 매출액에서 5프로를 산정하는데 갑의 매출액에서 5프로를 산정하지 않는 이유는 무엇인가요? 답변에 감사드립니다","안녕하세요? 실시료라는 것은 실시권자가 실시한 대가를 말합니다. 실시권자가 실시하여 매출을 올리면, 그 매출액의 상당액을 대가로 지급합니다. 열공하세요~", ,,19.01.30
특허법,조문,128조,[128조]손해액에서 적극재산/소극재산,안녕하세요 임병웅 변리사님 128조 질문드릴게 있습니다! 128조 1항에서의 '손해'에는 적극손해 소극손해 둘다 해당되는걸로 알고있습니다 그런데 2~5항의 손해에는 소극재산만 해당된다고하는데 1항의 손해도 소극재산만인지 제가 잘못알고 있는점이 있다면 알려주시면 감사하겠습니다,"안녕하세요? 제1항은 적극적 손해, 소극적 손해, 정신적 손해를 모두 포함합니다. 제2항 내지 제5항은 이 중 소극적 손해에 대한 특별규정을 두고 있는 것입니다. 제목이 질문규칙에 맞지 않으니 수정해 주세요~ 답글기능 더보기", ,,19.02.10
특허법,조문,128조5항,[128조5항] 판례에 관한 질문드립니다!,"안녕하세요 변리사님 128조5항 적용시 본항은 특허권자가 발명을 실시하지않아 매상감소의 일실이익이 없는경우에도 적용되며, 특허권자는 손해발생에 대해 주장입증할 필요는 없고, 권리침해사실 및 실시료상당액을 입증하면 된다라고 배우며 그 근거로 2002다33175 판례를 들어주셧습니다 그런데 위 2002다33175판례는 상표권판례로서 특허법128조5항과 동일한 규정적용시 손해발생을 구체적으로 입증할 필요는 없고 침해사실 및 사용료를 입증하면 되지만, 손해발생없음이 분명한 경우까지 손해배상의무를 인정하는 취지는 아니라고 합니다 하지만 다른 상표법판례에서는 본규정이 손해앖음이 분명한경우까지 배상의무를 인정한것은 아니고 규정취지상 손해입증정도는 동종업사실등의 개연성입증으로 족하다고 합니다 질문은, 1. 특허법은 128조5항적용시 스스로 실시하고 있지 않아도 본규정을 적용할 수 있다고 배웠는데, 나아가 아예 손해발생에 대한 입증자체를 하지 않아도 되는것인가요? 2.특허법128조5항 적용시 손해발생은 입증이 필요없고, 침해사실 및 실시료상당액입증만으로 족하다는 취지의 핀시를 한 판례는 2002다33175외에 다른 판례는 없나요? 답변부탁드립니다!!! 감사합니다!!","안녕하세요? 네 그렇습니다. 특허와 상표의 법리는 다릅니다. 특허를 창작을 보호하는 것이기 때문에, 실시하고 있지 않아도 침해가 발생하였을 때 손해가 발생하는 것이고, 상표는 선택을 보호하는 것이기 때문에, 사용하고 있지 않다면 침해가 발생하였을 때 손해가 발생하였다고 말할 수 없는 것입니다. 2002다33175는 상표법 판례로서 특허법과는 법리가 다르며, 특허법에서 대법원까지 나온 판례는 없는 것으로 알고 있습니다. 열공하세요~", ,,19.02.14
특허법,조문,127조,[127조]방법발명특허 공유인 경우 전용품,안녕하세요 임병웅 변리사님 판례 공부하다가 질문 생겨 글 올립니다 방법발명특허가 공유인 경우 일방 동의 없는 전용품 양도는 양수인 실시와 관련하여 특허권이 되지 않는다는 판례가 있는데여 이 판례가 제법발명의 경우에도 적용될 수 있나요? 즉 제법발명의 전용품을 공유자 일방이 동의 없이 양도하는 경우에도 마찬가지로 적용되어 양수인 실시에 있어 특허권 소진 안된다고 보아야 하나요? 언제나 친절한 답변에 감사드립니다,안녕하세요? 네. 차이점이 없습니다. 둘 다 법 제99조 제4항에 반하기 때문입니다. 열공하세요~, ,,19.03.05
특허법,조문,126조의2,[제126조의2] 개정법에 대한 질문입니다.,"안녕하세요 임병웅 변리사님 이번 개정법에서 실시자의 구체적 행위의 제시의무에 대한 질문입니다. 해당 개정법에서는 특허권자측에서의 침해행위의 구체적 행위태양을 부정하는 실시자측에서는 자신의 구체적 행위태양을 제시하여야 한다고 하는데요.. 이때, 어떤 태양을 제시하여야 하는것인지요...?? 가령, 실시자가 아무런 실시를 하지 않고 있는경우에도 특허권자 측에서 침해를 주장하며 손해배상을 청구하는 경우에는, 실시자는 아무런 실시를 하지 않고 있기에 그 구체적 행위태양을 증명할수도 없게 되어 부당한 결론에 이르게 될 거 같습니다.. 그 구체적 행위태양을 제시하여야 한다는 표현이 잘 이해가 되지않습니더ㅠㅠ 답변 감사합니다.",안녕하세요? 어떤 실시행위를 하고 있는지 제시하면 됩니다. 아무런 실시를 하고 있지 않다면 제시하지 않아도 됩니다. 열공하세요~, ,,19.03.11
특허법,조문,127조,[127조]간접침해에서 확인대상발명이 자유기술여부인지 판단시 판단대상,"안녕하세요 임병웅 변리사님. 간접침해에서 확인대상발명이 자유기술인지여부를 판단함에 있어서 확인대상발명의 특정에 관해서 궁금한 것이 있어서 질문 드립니다. 먼저 특허발명이 (A+B)이고, 간접침해대상물(전용품)은(B)이고, B는 b1과 b2로 구성되어 있고, 간접침해 대상물로 완제품(A+B+C)를 만들때의 상황에서.. 같이 공부하는 사람들끼리 의견이 갈리는 부분이 있습니다 1설은, 확인대상발명을 전용품(B)으로만 특정하더라도 자유기술의 항변은 A+B+C로 판단한다는 의견 2설은, 확인대상발명은 전용품으로만은 특정할 수 없고 필연적으로 전용품과 함께 완제품을 특정하게 되고 따라서 완제품으로 자유기술의 항변을 판단한다는 의견 3설은, 확인대상발명을 전용품으로 특정할때는 전용품으로만 자유기술의 항변을 판단하고, 완제품을 특정할때는 완제품으로 자유기술의 항변을 특정한다는 의견 4설은, 이는, 확인대상발명을 b1과 B로 특정할때의 문제이고 b1으로 특정할때는 b1으로 자유기술의 항변을 판단하고, B로 특정할때는 B로 자유기술의 항변을 판단한다는 의견이 있습니다. 1. 변리사님께서 각주로 기재하신 이금욱 님의 2009년 10월 발간 지식재산21의 자료에 따르면 '또한 이와 같이, 자유실시 기술 여부를 판단할 때 대응제품의 구성 전체로 대비하여 살필 경우엔 실질적으로 직접침해가 존재하는지 여부를 살피는 효과도 발생함으로써, 미국에서 간접침해는 직접침해가 존재하여야 성립한다는 확립된 판례의 원칙과도 일맥 상통하는 점이 있다.'의 기재에서 4설로는 종속설 독립설을 판단할 수 없으므로 4설은 아닌 것 같고, '대상판례에서는 심판청구인이 제시한 확인대상발명이 아니라 대응제품의 구 성 전체를 가지고 판단하므로 대법원의 기준과 일치하지 않는 방식일 뿐만 아니라, 확인 대상발명의 설명란에 대응제품의 구성 전체가 제시되어 있지 않고 실시발명인 부품 자 체만을 제시했을 경우, 대응제품의 구성 전체를 파악하기 위해서는 결국 특허발명의 청 구범위에 기재된 구성과 대응되는 구성으로 한정하여 파악할 것이므로, 이 또한 상기 대 법원의 판결과 부합하지 않는다는 문제제기를 할 수 있다.' 의 기재에서는 1설처럼 해석하는 것 같습니다. 다만 기존의 대법원 판례와 부합되는 견해는 3설인것 같기도 하나, 2008허4523의 판시사항을 읽어보면 자유기술의 항변을 B를 기준으로 판단한 것 같아 너무 혼란스럽습니다. 너무 긴 질문이어서 죄송합니다ㅠㅠ가장 확실한 해답은 임병웅 변리사님일 것 같아서 질문 드립니다ㅠㅠ","안녕하세요? 판례는 직접침해/간접침해 구분없이 특허권자가 특정한 구성 전체에 의한다는 전체구성설을 지지하고 있습니다. 따라서, 3설이 맞습니다. 열공하세요~", ,,19.04.10
특허법,조문,126조의2,[126조의2] 구체적 행위태양 제시 의무 관련 질문,"안녕하세요 임병웅 변리사님 올해 개정된 126조의2에 대해 질문이 있는데요. 126조의2 3항에서 준용되는 132조 2항의 자료제시명령을 했더니 심리 결과 자료가 영업비밀이어서, 자료제출명령의 거부사유가 된 경우에 자료가 영업비밀이라고 해서, 구체적 행위태양이 영업비밀인 것은 아닌데 그렇다면 구체적 행위태양이 영업비밀인지에 대한 입증책임은 어떻게 되는 것인지 궁금합니다. 답변미리 감사드려요 :-] 저작자 표시컨텐츠변경비영리","안녕하세요? 잘못 이해하고 있습니다. 구체적 행위태양은 영업비밀인 경우가 많습니다. 예를 들어, 전자상거래 관련 발명은 화면에 보이는 것 이외에 내부적으로 어떻게 구현되었는지가 중요한데, 이는 영업비밀에 해당할 수 있고, 그 행위태양을 제시하게 되면 영업에 지장을 줄 우려가 있는 것입니다. 열공하세요~", ,,19.04.28
특허법,조문,128조3항,[128조3항] 입증책임 관련 질문,"안녕하세요 임병웅 변리사님 128조 3항의 조문해석이 어려워 질문드립니다. 128조3항 본문은 손해액 한도 규정이고 128조3항 단서은 손해액 공제 규정으로, 본문과 단서 형태로 되어 있으나, 둘 다 침해자에게 유리한 규정이 될 수 있을 것 같아서요ㅠ 침해행위 외의 사유로 판매할 수 없었던 수량에 따른 금액은 침해자에게 입증책임이 있다고 판례가 있는 걸로 알고 있습니다. 그렇다면 128조 3항 본문의 요건사실인 특허권자 등의 판매가능한 수량, 실제 판매한 수량 각각에 대한 입증책임이 특허권자에게 있는 것인지... 한도액이니 침해자에게 유리한 규정으로 침해자에게 입증책임이 있는 것인지.. '특허권자 등의 판매가능한 수량, 실제 판매한 수량'의 실제 민사소송에서의 입증책임 분배가 궁금합니다. 아니면 단순히 법원의 손해액 산정 방법을 정한 것에 불과하여 입증책임이 분배가 없는 것인지 궁금합니다.","안녕하세요? 침해자에게 공제의 입증책임을 부담시킨 단서와는 별도로, 본문의 규정을 두고 있는 취지에 비추어 보면 특허권자에게 입증책임이 있습니다. 또한, 어떤 분들은 이를 ""특허권자의 생산능력이나 실제 판매한 물건의 수량 등은 특허권자 측의 사정으로서, 입증자료가 특허권자의 지배영역에 있기 때문에 특허권자가 입증책임을 진다.""라고 하기도 합니다. 열공하세요~", ,,19.05.07
특허법,조문,127조,127조2호 방법발명 간접침해 관련한 질문입니다,이번 간접침해관련한 대법원 판례 2017다290095을 보고 궁금한점이 있어서 질문드립니다 방법발명의 특허권자는 적극적효력범위가 방법발명의 실시정의에 따라 방법발명 사용에 한한다고 생각하는데 위의 판례들을 보면 마치 방법발명 특허권자가 방법발명의 실시에만 필요한 물건(전용품)의 생산할수있는 권리까지 있다는 식으로 느껴집니다 예를 들어 간접침해 관련 판례에서 방법발명 특허권자로부터 실시권 허여받은 실시권자가 제3자에게 전용품의 생산을 의뢰하여 납품받았는바 처음에는 1기관처럼 생각해서 제3자의 생산또한 실시권자의 생산으로 볼 수있지 않나 생각했었습니다 그런데 실시권자에게 과연 전용품의 생산에 대한 권리까지 인정되는지 의문이들었습니다 답변주시면 감사하겠습니다~,"이지특허법을 기준으로 설명해 보면, 이를 특허권의 침해라고 보는 것은 불법에 가공하지 않은 행위에 대해서 책임을 묻는 것이기 때문에 특허권의 부당한 확장이라는 것이고, 판례의 논리를 기준으로 설명해 보면, 특허권자가 실시권을 허락할 때 이득을 보았기 때문에 이중이득을 인정해 줄 필요가 없다는 것입니다. (권리소진의 핵심 논리와 비슷합니다.) 열공하세요~", ,,19.06.12
특허법,조문,128조4항,(128조4항)손해액의추정과 손해발생,"안녕하세요 이지특허법의 해당부분을보면, 손해의발생까지추정하는규정은 아니라고하는데요 그 근거로 상표법상판례들이 들려있어 조금 궁금한 점이 생깁니다. 상표법 판례중 최근판례 2014다59712 에서는 ""상표권은 특허권 등과 달리 등록되어 있는 상표를 타인이 사용하였다는 것만으로 당연히 통상 받을 수 있는 상표권 사용료 상당액이 손해로 인정되는 것은 아니고, 상표권자가 상표를 영업 등에 실제 사용하고 있었음에도 상표권 침해행위가 있었다는 등 구체적 피해 발생이 전제되어야 인정될 수 있다."" 고 하여 마치 특허권은 침해행위자체로 피해, 즉 손해발생이 추정된다는 듯한 판시를한 것 같은데.. 위 판례는 ""상표권과달리 특허법침해시 손해발생을추정"" 한 판례는아닌가요? 감사합니다.","안녕하세요? 판결을 잘 읽어보면, 합리적으로 받을 수 있는 금액과 관련하여, 특허권자는 실시하고 있지 않아도 청구할 수 있지만, 상표권자는 사용하고 있지 않으면 청구할 수 없다는 것입니다. 특허는 창작을 보호하는 것이기 때문에 등록된 것만으로 가치를 인정하지만, 상표는 선택을 보호하는 것이기 때문에 등록된 것만으로 가치를 인정하지 않습니다. 열공하세요~", ,,19.06.18
특허법,조문,127조,(127조)간접침해와 직접침해의관계,"2월말 설시된 2017다290095판례를보면, 간접침해와 직접침해의관계에서 피고가 간접침해의법문상요건을 만족한 것임에도 그를부정하며, 이에 명시적으로 설시하진않았지만 납품받은 한라공조가 실시권자로서 이후 이어지는단계 에서 직접침해가 안되는점에 마치 종속설을 따른것 같은데요 이판례를 어찌해석해야할지궁금합니다 종속설을취한것이라 해석할수 있나요? 아니면 제3의 요건 내지 구체적타당성을위한 판단이 필요한것인지요.","판례가 새로운 내용을 판시한 것이 아닙니다. 종래부터 다수설로 인정되어 온 1기관의 범위 관점에서 접근하면 됩니다. 실시권자와 실시권자에게 전용품을 납품한 자는 하나의 기관이기 때문에 침해주장을 하지 못하는 것입니다. 다만, 판례는 이를 특허권자의 이중이득불요라는 관점에서 논리전개를 하고 있습니다. 이지특허법 간접침해 파트를 다시 읽어 보세요.", ,,19.06.21
특허법,조문,127조,[127조] 간접침해에서의 증명책임에 대한 질문입니다.,"안녕하세요 임병웅 변리사님 간접침해의 경우, 증명책임의 분배에 대한 질문입니다. 간접침해에 있어서, 최종실시가 직접침해인지 여부가 문제되는 경우에 있어서, 종속설과 독립설의 견해대립이 있는걸로 아는데요. 이때, 종속설의 경우에는 최종실시가 직접침해인 경우에 한하여 그 간접침해를 주장도 가능하다는 입장인데요. 그렇다면, 이때 그 최종실시가 특허권을 침해한다는 사정에 대하여도 특허권자측에서 증명책임을 부담하는 것인지요?? 아니면 피고가 최종실시가 특허권을 직접침해하지 않는다는 점에 대하여 증명책임을 부담하는것인지요..?? 답변 감사드립니다.",안녕하세요? 법률요건분류설에 따라 특허권자가 입증해야 합니다. 열공하세요~, ,,19.06.27
특허법,조문,127조,[127조] 공지기술과 자유기술의 항변에 대하여,"안녕하세요 간접침해와 공지기술 및 자유기술의 항변에 있어 궁금증이 있어 글을 올립니다. 1) 2000다27602 판례의 경우 '위 합성수지 접착필름은 이미 이 사건 특허발명의 출원 전에 공지된 것임을 알 수 있는 바 ~ 자동피복장치의 생산에만 사용되는 물건이라고 보기 어렵다.' 라고 판시하여 특허 등록된 물건의 생산에만 사용되는 '물건'이 공지된 물건일 경우, 그 '물건'을 제조 및 판매하는 것이 간접침해가 아니라고 하였고 2) 2008허4523의 경우 '간접침해의 특성상 확인대상발명을 위 실시부분의 구성만으로 한정하여 파악할 것은 아니고, 위 실시부분의 구성과 함께 심판청구인이 그 생산에만 사용되는 것으로 특정한 대응제품의 구성 전체를 가지고 그 해당여부를 판단하여야 할 것이다' 라고 판시하여 자유기술 및 간접침해 여부 판단 시 권리자가 특정한 부품이 결합된 전체라는 판단기준을 제시하였습니다. 제가 이해하기로는 1번 판례의 경우 침해자가 그 생산에 사용되는 물건이 이미 공지된 기술임을 입증하고 또한 그 공지기술이 타 물건의 생산에도 쓰이고 있다는 것을 입증하여 간접침해가 아니라고 판결이 났지만 2번 판례는 침해자가 자유기술의 항변을 하여 생산에 사용되는 물건이 이미 공지된 기술임을 입증하려 하였으나 판결에서는 자유기술의 항변을 할 경우 권리자가 특정한 부품이 결합된 전체로서 그 항변이 합당한지 판단해야하고 또한 정확히 판시되진 않았지만 그 공지기술(생산에 사용되는 물건)이 타 물건의 생산에도 쓰이고 있다는 것을 입증하지 못하여 간접침해라고 판결이 났다고 보았습니다. 혹시 제가 이해한 바가 맞는지, 아니라면 1번 판례의 '공지기술' 관련 판시내용과 과 2번 판례에 '자유기술의 항변' 관련 판시내용에 있어 어떤 차이가 있는 것인지 궁금합니다. 감사합니다. 저작자 표시컨텐츠변경비영리","안녕하세요? 27602 판결은 특허발명의 특정에서 물건을 말하는 것이고, 2008허4523 판결은 확인대상발명의 특정에서 물건을 말하는 것입니다. 일반적으로 직접침해 판단시에서도, 특허발명이 공지기술인 경우에는 권리범위를 인정할 수 없는 것이고, 확인대상발명이 공지기술이거나 공지기술로부터 용이한 경우에는 특허발명의 권리범위 인정과 무관하게 자유기술의 영역이기 때문에 침해가 되지 않는데, 이 법리를 그대로 유추적용한 것이라고 생각하면 됩니다. 열공하세요~", ,,19.06.30
특허법,조문,128조,128조 손해배상청구권,"특허법 128조 손해배상의 청구에서 제가 이해한 것이 맞는지 궁금합니다! 128조 5항 손해액의 의제는 침해가 발생했을 시, 손해가 발생하였든 하지 않았든 청구할 수 있는 손해액의 하한선이 되는것이고 손해가 발생했을 경우에 한하여 3항 손해액의 한도에 따라 산정된 손해액과, 4항에 따라 추정되는 손해액 중 높은 금액을 손해배상으로 청구할 수 있는 것인가요?? 하지만 이때 침해자가 특허권자의 손해가 자신의 이익보다 적음을 입증하거나, 특허권자등이 실시중이 아니였다면 4항 손해액 추정규정은 적용되지 않는다라고 이해하는 게 맞나요? 마지막으로 손해가 발생하였음이 입증되지 않는다면, 5항에 따라서만 손해액을 청구할 수 있는 것인가요??","틀렸습니다. 소극적 손해 중 판매감소와 관련된 것이 법 제128조 제2-4항이고, 실시료 수입의 감소와 관련된 것이 법 제128조제5항입니다. 1. 따라서 판매감소가 발생하였을 경우 제2항과 제4항을 선택할 수 있는 것이고, 2. 제4항을 적용할 때는 입증책임을 전환하면 되는 것이고, 3. 판매감소가 없더라도 실시료 수입의 감소에 대해서는 제5항을 적용할 수 있는 것입니다. 열공하세요~", ,,19.07.09
특허법,조문,128조,128조 손해배상청구권에 대해,"손해액을 산정함에 있어 3항이 그 한도인데, 이때 손해액의 한도는 4항 추정에도 적용되나요?? 또한 손해배상청구권의 요건이 침해자의 고의 과실이 있음인데, 8항의 징벌적 손해배상은 왜 침해자의 고의를 조건으로 하고 있나요???","1. 추정은 입증책임의 전환이고, 실제 손해액이 더 적다는 것을 입증할 때 한도를 침해자가 입증할 사항인 것입니다. 추정 규정에 한도를 바로 적용하지는 않습니다. 2. 고의범만 징벌적 손해배상을 하겠다는 것입니다. 열공하세요~", ,,19.07.11
특허법,조문,128조,"[128조] 손해배상액의 참작이 가능한 범위, 128조의 손해는 소극적 손해?","변리사님 안녕하세요. 특허권자가 입은 '실제 손해'가 실시에 대하여 합리적으로 받을 수 있는 금액을 초과하는 경우, 손해배상액의 참작이 가능한 범위가 의문입니다. 예를 들어, 특허권자는 특허발명을 실시하고 있으며, '특허권자가 실시할 수 있었던 물건의 수량 - 실제 판매된 물건의 수량 = A' 이고, 침해자가 양도한 물건의 수량은 A+B 입니다. 그리고 침해자는 경과실 입니다. 특허권자는 침해로 인하여 아래와 같은 손해를 입었습니다. ① 적극적 손해 ② 소극적 손해로서 ⑴ 128조 2항에 따라 산정된 손해액[128조 3항 본문의 한도 이내의 침해자의 양도수량분(A)에 대하여 산정된 금액] ⑵ 128조 5항에 따른 금액[128조 3항 본문의 한도를 초과한 침해자의 양도수량분(B)의 실시에 대하여 합리적으로 받을 수 있는 금액] ⑶ 등.. ③ 정신적 손해 <질문1> 이 때 128조 6항 후단에 따라, 128조 5항에 따른 금액[침해자가 양도한 수량 전부(A+B)의 실시에 대하여 합리적으로 받을 수 있는 금액]을 하한으로 하여 경감할 수 있는 손해배상액은, 128조 2항부터 5항까지의 규정에 따른 손해[②⑴ 및 ⑵]인가요? <질문2> 128조 1항의 손해는 세 분류의 손해를 모두 포함하는 것 인가요? 128조 8항에서 '1항에도 불구하고 2항부터 7항까지의 규정에 따라 손해로 인정된 금액의 3배를 넘지 아니하는 범위에서' 징벌적 손해배상액을 정할 수 있도록 한 것은, 128조 1항의 손해에는 소극적 손해만이 포함된다고 말하는 것 같습니다.. (적극적 및 정신적 손해는 따로 민법상 불법행위 책임을 묻는 것) 128조 1항이 소극적 손해만을 규정하는 것이 아니라면, 적극적 및 정신적 손해가 소극적 손해의 2배 이상인 경우(가 가능한지 모르겠습니다..) 징벌적 배상제도를 적용할 때 '1항에도 불구하고'라는 문구 때문에, 징벌적 배상제도를 둔 의미가 없는 것 같습니다.. 감사합니다!","안녕하세요? 1. 제6항을 살펴보면, B를 초과한 손해액에 대해서 추가적으로 손해배상을 청구하였을 때, B 이하로는 경감할 수 없다는 것입니다. 그렇다면 A는 고정된 손해액이니, A+B 이하로 경감할 수 없게 되네요. 2. 제1항은 적극, 소극, 정신적 손해를 모두 포함하는 것입니다. 제8항은 적극, 정신적 손해까지 징벌적 손해배상을 해 주지는 않는다는 의미로 이해하면 됩니다. 열공하세요~", ,,19.08.13
특허법,조문,127조,[127조] 카드결제방법 CASE에서 공용성 판단(최신 판례에 따라 균등론을 적용하면 어떻게 될까요),"변리사님 안녕하세요! 대법원 2019. 1. 31. 선고 2018다267252 판결과 동일자 2016마5698 결정에서, 과제해결원리는 발명전체로서 파악해야 함을 확실히 했는데요..! 위 재판 전에 선고한 특허법원 2016나1011 판결을 최근 대법원 판결에 맞게 한 번 이해하고 싶습니다.. 제가 제대로 이해 하였을지 알고싶습니다.. 2016나1011 판결에서 문제된 내용입니다. 특허발명(방법)은 '투입 방식(A, 공지기술임)'으로 카드 정보를 조회하여 '선승인 요청, 재승인 요청 및 선승인 취소 요청' 단계(B)를 구성요소로 하는 카드결제 방법이고, 침해제품인 POS(물건)는 '긁는 방식(A1, 공지기술임)'으로 카드 정보를 조회하여 '선승인 요청, 재승인 요청 및 선승인 취소 요청' 단계(B)를 수행합니다. 그리고 아래와 같이 판시하였습니다.(결론이 잘못된 것은 아닌데, 이유가 이상한 것 같습니다) ""이 사건 제1항 발명의 결제방법은 카드 정보를 ‘투입 방식’으로 읽어서 재승인 이후 투입된 카드를 반환하는데, 피고의 실시제품이 사용되는 결제방법은 카드 정보를 ‘긁는 방식’으로 읽어서 카드를 바로 반환하는 점에서 차이가 있는 것을 제외하고 양 결제방법은 동일하다. 차이가 있는 구성요소에 관하여 보건대, 투입 방식과 긁는 방식은 모두 카드 정보를 읽기 위한 수단을 제공한다는 점에서 과제해결원리가 동일하고, 양 방식은 모두 결제에 필요한 카드 정보를 제공할 수 있게 한다는 점에서 작용효과가 실질적으로 동일하며, 양 방식은 모두 이 사건 특허발명의 출원 전부터 카드 정보를 읽는다는 같은 용도로 널리 사용되던 것이어서(갑 제7호증) 통상의 기술자가 투입 방식을 긁는 방식으로 변경하는 것을 쉽게 생각해 낼 수 있으므로, 양 방식은 균등하다."" 위 판례는 간접침해의 요건으로 공용성의 판단, 방법의 실시에 사용되는지 여부 판단에서, 균등론을 적용하였습니다. 1) 과제해결원리가 동일할 것; 균등 여부가 문제된 구성(투입 방식과 긁는 방식)이 가진 기술사상이 동일한 지 여부를 판단함. <-2016마5698 결정에 의하면 발명 전체로서 파악해야 하므로 바뀌어야 될 부분 같습니다. 2) 작용효과가 실질적으로 동일할 것; 과제해결원리가 동일하므로 작용효과가 실질적으로 동일하다. <- 그 구성(A와 A1)이 공지기술이기도 하고 2018다267252 판결에 의하면 이 부분은 문제가 있는 것 같습니다. 3) 변경용이성; 공지기술이어서 쉽다. <질문> 현재 대법원 태도에 따라 다시 공용성을 판단한다면, 1) 과제해결원리 동일; 특허발명(A+B)의 구성 A(투입 방식)와 B(선승인 요청, 재승인 요청 및 선승인 취소 요청 단계) 중 A는 기술사상의 핵심을 구현하는데 기여하는 구성이고 기술사상의 핵심은 B에 있는 것 같습니다. 침해제품의 사용(A1+B)은 본질적 구성 B를 그대로 갖고 있고, 비본질적 구성 A를 A1(긁는 방식)으로 변경한 것에 불과하므로 과제해결 원리가 동일한 것 같습니다(기술사상의 핵심이 공지되지 않았다는 전제에서). 2) 작용효과 실질적 동일; 본질적 구성이 공통되어 기술사상의 핵심이 그대로 구현되어 있으므로, 작용효과도 실질적으로 동일한 것이 원칙이다(기술사상의 핵심이 공지되지 않았다는 전제에서). 3) 변경용이성; 구성 A에서 구성 A1으로 변경하는 것은 공지기술이어서 쉽다. 이런 식으로 되는 것 일까요? 사실 기술사상의 핵심이 공지 되었어도 본질적 구성 B를 그대로 수행하고, 변경된 비본질적 구성 A와 A1 간에 기능, 효과가 같아서 공용성이 있을 듯 합니다.. 결론은 전용성이 없어서 간접침해가 아니지만 궁금하여 질문을 남기게 되었습니다. 감사합니다..","안녕하세요? 네. 잘 이해하고 있네요. 기존의 판결들도 혼재되어 있었는데, 이번 대법원 판결로 바뀔 것으로 예상됩니다. 열공하세요~", ,,19.08.14
특허법,조문,127조,[127조] 감광드럼카트리지 CASE,"변리사님 안녕하세요. 질문을 많이 드려 죄송합니다.. 대법원 98후2850 판결입니다. ""특허발명을 채택한 레이저 프린터에 사용되는 소모부품인 (가)호 발명의 감광드럼카트리지가 특허발명의 본질적 구성요소이고 다른 용도로는 사용되지도 아니하며 일반적으로 널리 쉽게 구입할 수도 없는 물품일 뿐만 아니라 레이저 프린터 구입시에 그 교체가 예정되어 있었고 특허권자가 그러한 감광드럼카트리지를 따로 제조·판매하고 있으므로 특허발명의 물건의 생산에만 사용하는 물건에 해당하여 (가)호 발명이 특허발명의 권리범위를 벗어날 수 없다."" 카트리지 불포함 레이저 프린터를 A, 감광카트리지를 B, (가)호 발명을 확인대상발명 B+C로 하여 다시 적겠습니다. ""[특허발명]을 채택한 레이저 프린터(A인가 A+B인가 의문이 드는 부분입니다..)에 사용되는 소모부품인 확인대상발명(B+C)의 감광드럼카트리지(B)가 i) [특허발명의 본질적 구성요소]이고 ii) 다른 용도로는 사용되지도 아니하며 iii) 일반적으로 널리 쉽게 구입할 수도 없는 물품일 뿐만 아니라 iv) 레이저 프린터(A인가 A+B인가..) 구입시에 그 교체가 예정되어 있었고 v) 특허권자가 그러한 감광드럼카트리지(B)를 따로 제조·판매하고 있으므로 특허발명의 물건의 생산에만 사용하는 물건에 해당하여 확인대상발명이 특허발명의 권리범위를 벗어날 수 없다."" 경우1) 특허발명이 A+B라면, B의 교체는 위 요건 i) ~ v)를 모두 충족할 수 있는 것 같습니다. 경우2) 특허발명이 A라면, 요건 i) 판단에 있어, B는 A+B의 본질적 구성요소이지 A의 본질적 구성요소는 아닌 것 같습니다(A+B에 있어 B의 교체가 A+B의 생산이 되고 B는 다른 용도로 사용되지 않는 경우를 전제로 생각하였습니다). 그러나 A+B의 생산(부품 교체로 인한)에만 사용하는 B의 제조, 판매는; B가 A의 본질적 구성요소는 아니지만, A의 보호범위에 속하는 A+B의 생산에만 사용하는 물건의 생산, 양도이기 때문에 특허권(A)을 간접침해하는 것 같습니다. <질문> 요건 i)에 있어 판례가 [특허발명의 본질적 구성요소]라고 판시한 것은 특허발명이 A+B였기 때문인가요? 즉 i)를 일반화 하여서 [특허발명의 보호범위에 속하는 발명의 본질적 구성요소]라고 하여도 무관할까요?(나머지 요건은 모두 구비한 것을 전제로) 감사합니다.","안녕하세요? 네. 그렇습니다. 판례를 보면, 특허발명은 A+B입니다. 열공하세요~", ,,19.08.14
특허법,조문,128조3항,[128조 3항] 손해액 제한/공제 관련 질문입니다.,"안녕하세요? 임병웅 변리사님 중급강의를 듣던 도중 손해액 한도에 관한 잘문 사항이 있어서 질문드립니다. [질문1] 128조 3항 전단과 후단을 보면, 전단에서는 ((특허권자 생산 가능 수량) - (특허권자 실제 판매 수량)) * (특허권자 단위수량당 이익액)으로 128조 2항의 손해액의 한도를 정하고 후단에서는 이 경우 침해행위 이외의 사유로 판매할 수 없었던 수량에 따른 금액을 빼야 한다고 되어있습니다. 그래서 결과적으로 '((특허권자 생산 가능 수량) - (특허권자 실제 판매 수량)) * (특허권자 단위수량당 이익액) - (침해행위 이외의 사유로 판매할 수 없었던 수량에 따른 금액)' 을 전체 한도액으로 생각하고 있었습니다. 즉, 128조 3항 전단과 후단을 모두 고려한 금액이 128조 2항 손해액 산정의 한도라고 이해했습니다. 그런데 2014년도 2차 문제-1의 (3), (4) [각각 128조 3항 전단/후단의 손해액 제한/공제 계산 문제입니다] 답안에서 128조 3항 전단과 128조 3항 후단이 서로 별개로 계산되어 상호 연관 없는 결론이 나와 있어서 혼란스럽습니다. (문제에서 128조 3항 전단 계산 시 [(특허권자 생산 가능 수량) - (특허권자 실제 판매 수량) : 5만 개], [특허권자 단위 수량 이익액 : 10만원], [128조 2항에 따른 손해액 산정 금액 : 120억], [특허권자의 시장점유율 : 60%] 입니다.) 위 문제의 답안에서 128조 3항 전단 손해액 한도는 50억이고, 128조 3항 후단에 따른 침해행휘 외의 사유로 판매할 수 없던 수량에 따른 금액은 [(128조 2항에 따른 손해액) * (특허권자의 시장점유율) = 72억]으로 계산되어있습니다. 그런데 법조문상 128조 3항 후단은 128조 3항 전단의 손해액 한도에서 특허권자가 침해행위 외의 사유로 판매할 수 없었던 사정에 대하여 공제하는 것이므로 침해품 판매 이후에 판매 수량에 차이가 난 5만 개에 대하여 침해행위 외의 판매감소 사유가 없다면 공제되는 금액이 0원이 되어야 하는 것이 아닌지 의문이듭니다. [질문2] 질문1이 틀렸다는 가정하에서 질문드립니다. 위의 문제 조건에서 특허권자의 시장점유율이 10%로 낮아진 경우를 생각해보면, 128조 3항 전단의 손해액 한도는 그대로 50억이고 128조 3항 후단의 손해액 공제는 (128조 2항 손해액) * (특허권자의 시장점유율) = 12억 입니다. 이렇게 되면 결과적으로 128조 2항의 손해액 한도는 12억으로 보아야 하나요? 감사합니다.","안녕하세요? 1. 제128조제3항후단은 손해액에서 빼는 것이고, 한도에서는 빼는 것이 아닙니다. 잘못 이해하고 있습니다. 2. 손해액의 한도가 12억이 아니라 손해액이 한도 범위내이기 때문에 손해액이 12억이 됩니다. 열공하세요~", ,,19.10.16
특허법,조문,128조,128조 손해배상청구권 조문질문,안녕하세요~ 128조 3항 침해행위 외의 사유는 한도가 아니라 2항에서 산정한 손해액에서 공제하는것이라고 알고있는데요 왜 그런것인지 궁금합니다.. 한도에서 빼야되는게 논리상 맞는게 아닌가요?,"안녕하세요? 매상감소에 따른 손해액 계산은 원래 <침해때문에 감소된 판매수량>*<이익액>이기 때문에, 침해와 상관없이 감소된 판매수량은 손해액에서 빼는 것이 맞습니다. 열공하세요", ,,19.10.28
특허법,조문,127조,[127조] 카드결제방법의 CASE,변리사님 안녕하세요. 127조의 사례로 카드결제방법의 경우 공용성은 인정되지만 전용성이 없어서 간접침해가 아니라는 결론으로 마무리 되었습니다. 이때 그렇다면 방법이 균등 범위 내에 포함되기에 직접침해의 가능성은 없는 것인지 궁금해서 질문드립니다. 감사합니다. +해당 사건의 사진을 새로 첨부하였습니다!,"질문규칙에 맞지 않습니다. 카드결제방법 CASE가 무엇인지 구체적으로 적거나, 아니면 사진 촬영을 하여 이미지를 올려 주세요", ,,19.12.14
특허법,조문,127조,"[98조, 127조] 간접침해와 이용관계",안녕하세요 변리사님. 이용관계 공부 중 간접침해와 관련해 의문점이 있어서 여쭙니다. 선등록발명이 물건발명이고 후등록발명이 그 물건의 생산에만 쓰이는 제조장치의 발명일 경우 이용관계는 성립하지 않는데요. 그렇다면 후등록발명은 선등록 특허권자에게 실시권의 허락을 받지 못하면 후등록발명은 실시할 수 있는 방법이 아예 없어지는 건가요? 그렇게 된다면 특허법의 취지에 맞지 않는 것 같아 혹시 논의가 있는지 궁금합니다.,"안녕하세요? 문의하신 것과 같이 간접침해에 해당하는 물건이 등록된 경우, 후등록권리의 실시방안에 대해 입법적으로 규정되어 있지 않고, 이런 케이스가 많이 발생하지 않아서 논의도 활발하지 않은 것 같습니다. 사견으로는 문의하신 것처럼 실시방안을 마련해 주는 것이 필요하다고 생각됩니다. 열공하세요", ,,19.12.19
특허법,조문,127조,(127조)간접침해 권리소진관련 질문,"안녕하세요 변리사님 간접침해와 권리소진관련해서 헷갈리는 개념이 있어 질문드립니다. 이지특허법 p865의 직접침해와의 관계에서 실시권, 권리소진이 적용되는 물건 등과 같이 정당한 권원을 가진자(A)의 실시로 직접침해가 아닌데, 그 자(A)에게 간접행위에 해당하는 물건을 생산하여 양도하는 제3자(B)의행위는 권리소진이 적용되어 간접침해가 아니라고 설명되어있습니다. 이 개념이 잘 와닿지 않아 예시로 생각해보았는데 특허발명이 프린터기라고 할때 감광카트리지와 같은 사례에서 '특허발명물건인 프린터기를 적법하게 구매한 자(A)에게 특허권자 아닌 제3자(B)가 감광카트리지를 양도하는 행위는 간접침해가 아니다.' 같이 정리되었습니다. 1.위와 같이 A,B를 연결시키는 것이 맞나요? 2.만약 맞다면 (책p865의 세번째 상황인) 가정에서 프린터기를 개인적으로 사용하는 사람에게 감광카트리지를 양도하는 행위가 적법하게 프린트만 구매한자(A)라면 1의 권리소진에 의해 간접침해가 아닌것이 되는지 궁금합니다. 제 생각으로는 2의 상황이야 말로 대표적인 간접침해행위같아서 헷갈립니다ㅜ.ㅜ","안녕하세요? 예시로 생각한 것은 맞지 않습니다. 양도된 감광드럼카트리지를 사용하는 것이 프린터기의 생산이 되다면, 권리소진의 효과가 발생하지 않기 때문입니다. 열공하세요~", ,,20.01.19
특허법,조문,127조,[127조] 간접침해 타용도 판단시점,1. 타용도 유무는 시간의 변화에 따라 변하는 것이므로 행위시를 기준으로 판단한다 2. 다만 침해금지청구는 현재와 미래의 침해행위를 금지하는 것이므로 사실심변론종결시를 기준으로 한다 3. 권리범위확인심판은 심결시를 기준으로 한다 위에 제가 이해한 내용 중에 잘못된 게 있을까요 심결시를 기준으로 하는것은 권범심이 심결시의 권리범위를 확정하는 것이어서 일까요?,"권리범위확인심판은 과거의 이해관계에 대해서도 청구할 수 있습니다. 따라서, 심결시를 기준으로 하지 않습니다. 다만, 특허권 존속중에만 청구할 수 있기 때문에 심결시에 존속중이지 않으면 각하됩니다.", ,,20.01.27
특허법,조문,127조,[127조] 간접침해의 경우 권리범위에 속하는 것,"2016년 기출문제 지문 ""권리범위확인심판에서 특허발명의 각 구성요소와 그 구성요소간의 유기적 결합관계가 확인대상발명에 그대로 포함되어 있지 않으면 그 확인대상발명은 항상 특허발명의 권리범위에 속하지 않는다."" (X) 98후2580에 의해, 간접침해의 경우 특허발명의 구성요소가 확인대상발명에 그대로 포함되어 있지 않더라도 권리범위에 속하게 된다. -------------------------- 특허발명A의 구성요소를 모두 포함하고 있어야 특허발명A의 권리범위에 속하는 것이나 (원칙) 간접침해의 경우는 그대로 포함되어 있지 않아도 권리범위에 속하는 것이다. (예외) 이렇게 정리하는 것이 맞나요?","네, 맞습니다", ,,20.01.27
특허법,조문,127조,[127조] 간접침해와 직접침해 - 종속설 관련 질문드립니다.,"안녕하세요 임병웅 변리사님. 최신판례를 정리하던 중 의문점이 생겨 질문을 드립니다. ---------------------------------------------------------------------------------------- 대법원 2019. 10. 17. 선고 2019다222782, 2019다222799(병합) 판결 [특허권침해금지 등, 특허권침해금지 등] [3] 특허권의 속지주의 원칙상 물건의 발명에 관한 특허권자가 물건에 대하여 가지는 독점적인 생산·사용·양도·대여 또는 수입 등의 특허실시에 관한 권리는 특허권이 등록된 국가의 영역 내에서만 효력이 미치는 것이 원칙이다. 그러나 국내에서 특허발명의 실시를 위한 부품 또는 구성 전부가 생산되거나 대부분의 생산단계를 마쳐 주요 구성을 모두 갖춘 반제품이 생산되고, 이것이 하나의 주체에게 수출되어 마지막 단계의 가공·조립이 이루어질 것이 예정되어 있으며, 그와 같은 가공·조립이 극히 사소하거나 간단하여 위와 같은 부품 전체의 생산 또는 반제품의 생산만으로도 특허발명의 각 구성요소가 유기적으로 결합한 일체로서 가지는 작용효과를 구현할 수 있는 상태에 이르렀다면, 예외적으로 국내에서 특허발명의 실시제품이 생산된 것과 같이 보는 것이 특허권의 실질적 보호에 부합한다. ---------------------------------------------------------------------------------------- 위 판례에서 ""주요 구성을 모두 갖춘 반제품""의 생산이 국내에서 이루어지고, 극히 사소한 가공만이 국외에서 시행되어 특허발명이 실시될 것이 예정되어 있을 경우에는, 속지주의의 원칙에도 불구하고 국내에서 특허발명의 실시제품이 생산된 것과 같이 보는 것이 특허권의 실질적 보호에 부합한다. 라고 설시하고 있습니다. 제가 궁금한 점은, 1) 위와 같이 ""국내에서 특허발명의 실시제품이 생산된 것과 같이 보는 것""이 직접침해, 간접침해 중 결국 어느 것으로 취급한다는 것인지 2) 만약 1)질문의 답이 간접침해라면, 간접침해의 경우 국외에서 실시가 예정되어 있을 경우 종속설에 따라 국내에서 반제품의 생산은 간접침해가 될 수 없는데 위 판례는 ""주요 구성을 모두 갖춘 반제품"" 의 경우에 한해서는 간접침해가 적용될 수 있다는 예외적인 경우로 보면 되는 것인지 여부 입니다. 답변 미리 감사합니다. 항상 건강하세요.","안녕하세요? 1. 직접침해라는 것입니다. 2. 판례는 독립설, 종속설 중 어느 한 설에 따르지 않고, 각 사안별로 그 취지를 달리하면서 달리보고 있습니다. 건강하세요~", ,,20.02.16
특허법,조문,126조,[126조]발명의 동일성 판단기준시점,"안녕하세요 변리사님! 발명의 동일성 판단 기준시점에 대해 질문드립니다 발명의 실질적동일성 판례에서 ""주지관용기술의 부가삭제변경에 불과"" 하다는 표현이 있는데, 주지관용기술인지 여부는 시점에 따라 변화하는 개념이라 생각이 들어 질문드립니다 특허발명과 대상발명(침해발명 또는 선행발명)의 동일성을 판단하는 시점이 1. 등록요건중 신규성,선출원,확대된 선출원의 판단위한 동일성 판단시 그 판단기준시점은 출원시인가요? 아니면 등록여부결정시인가요? 2. 같은 취지로, 손배청소송은 침해당시, 침해금지청구소송은 변종시, 권리밤위심판은 심결시로 보아야 하나요? 아니면 출원시나 등록여부결정시로 보아야 하나요? 답변 미리감사드립니다!",안녕하세요? 1. 출원시입니다. 2. 침해 판단할 때는 동일성 판단을 하지 않습니다., ,,20.02.27
특허법,문제,간접침해,[간접침해] 54회 기출문제,"기출문제 54회 15번. 특허권의 효력 등에 관한 설명으로옳지않은 것은? 1번보기 : A국의 특허권자인 갑으로부터 당해 특허에 관한 실시권을 얻은자가 A국 내에서의 실시권의 범위 내에서 생산판매한 제품을 B국에 수출한 경우, B국에서 이를 업으로 수입한 자가 B국의 해당특허의 특허권자 을로부터 실시허락을 받지 않았다면 을에 대하여 특허침해의 책임을 부담한다. 1번보기가 옳은지문인데, A국의 특허권자인 갑으로부터 당해 특허에 관한 실시권을 얻은자를 <철수> B국에서 이를 업으로 수입한 자를 <영희> 라고 한다면, 철수가 영희에게 수출한 것은 갑에대한 침해인지 X 철수가 영희에게 수출한 것은 을에대한 침해인지 X (둘다 X인 이유는 수출은 실시가 아니므로 침해가 아니라고 생각했습니다) 영희가 철수에게 수입한 것은 갑에대한 침해인지 X (속지주의원칙에 따라 갑은 영희에게 특허권행사 못한다고 생각했습니다.) 영희가 철수에게 수입한 것은 을에대한 침해인지 O 혼자서 한번 생각해 봤는데 맞는지좀 봐주시면 감사하겠습니다.",네. 생각한 내용이 맞습니다. 제목이 질문규칙에 맞지 않으니 수정해 주세요., ,,20.03.13
특허법,조문,127조,[127조] 마찰교반용접방법 Case,"안녕하세요? 임병웅변리사님 판례강의를 수강중인 수강생입니다. 판례강의를 듣던중 사실관계에 대한 의문사항이 있어서 질문드립니다. 우선,마찰교반용접방법 사건에서는 ""1) 실시권자와 계약한 제 3자의 전용품 생산행위는 간접침해에 해당한다 하면 실시권자의 실시권 범위를 부당하게 축소하게 된다는 점, 특허권자는 그러한 상황을 예상하여 이익을 얻을 수 있다는 점을 고려해 간접침해에 해당하지않고, 2) 실시권 계약에서 실시권자 외 전용품 생산을 맡기지 않겠다는 약정을 위반한 것은 채무불이행 및 불법행위 책임이 문제되고 특허법의 보호를 받을 수는 없다. 3) 또한 제 3자의 납품을 위한 시연, 검수행위는 특허발명의 효과를 확인하기 위한 행위에 해당하므로(열거된 예시중에 적합한 걸 선택했습니다.) 96조 1항 1호의 시험, 연구행위에 해당하여 침해로 볼 수없다"" 고 판시하였습니다. 그런데, [질문1] 2)의 사실관계에서 실시권 계약상의 '제 3자에게 전용품 생산을 맡기지 않는다' 는 부분은 118조에 따라 통상권 등록시에 함께 등록할 수 있는 사항인가요? [질문2]그리고 위 사건에서 통상권 등록시에 함께 등록되었는데도, 통상권의 범위를 위반한 실시로 보지않고 민법상 보호만 가능하다 판시한 것인지 궁금합니다. 감사합니다.","안녕하세요? 1.2. 방법발명에 대한 통상실시권의 범위를 벗어난 사항으로 함께 등록할 수 없는 내용으로 보입니다. 참고로, 이론적으로 살펴보면 실시권자가 특허권자로부터 전용품을 공급받아야 한다면, 어차피 권리소진이 되기 때문에 실시권을 허락받을 이유가 없는 것으로 보입니다.", ,,20.03.19
특허법,조문,,전용실시권을 설정한 특허권자의 지위 질문드립니다,"중급강의 수강 중에 질문드립니다. 특허법은 적극적 효력만 규정(94조1항본문)하고 소극적 효력에 대한 직접적 규정이 없어서, 전용실시권 설정된 경우에도 특허권자의 제3자에 대한 금지청구권 상실되는 것 아니라는 판례는 모순이 있다는 말씀에 대한 질문입니다. 제126조1항 및 제128조1항은 ""특허권자 또는 전용실시권자는"" 이라고 하여 소극적 규정으로 볼 수 있을 거 같은데, 직접적 규정이 없다는 것이 다소 이해가 되지 않습니다.. 이는 간접적 규정이라는 말씀이신가요? 소극적 효력에 대한 직접 규정을 신설해야 한다는 것이 교수님들의 다수견해라 하셨는데, 소극적 효력에 대한 규정은 구체적으로 어떤 규정을 신설해야 한다는 것인지 궁금합니다","제94조제1항에서 규정한 독점권의 반대급부로서, 배타권인 소극적 효력이 인정하면, 독점권이 부정되었을 때 소극적 효력이 인정되지 않아야 합니다. 그러나, 제94조제1항단서에 의해 전용실시권이 설정된 범위내에서 특허권의 독점권이 부정됨에도 불구하고, 특허권자의 소극적 효력을 인정하는 것은 논리적 모순입니다. 이를 해결하기 위해서는 독점권과 별개로 특허권은 배타권이 있다라는 규정이 있어야 하며, 다른 국가들은 대부분 그 규정을 가지고 있습니다. 제목이 질문규칙에 맞지 않으니 수정해 주세요. 열공하세요~", ,,20.04.19
특허법,조문,128조,"[128조] 손해배상청구권 2,3항","변리사님 안녕하세요. 손해배상청구권과 관련해서 질문이 생겨 이전 게시글을 찾아보고 동일한 질문이 있어 답변을 보았습니다. 이후 추가적인 궁금증이 생겨 질문을 드립니다. <이전 게시글 내용과 답변> Q. 128조 3항의 단서는 한도가 아닌 손해액에서 공제해야하는것으로 알고 있는데 한도에서 공제해야하는것 아닌가요? A. 매상감소에 따른 손해액 계산은 원래 <침해때문에 감소된 판매수량>*<이익액>이기 때문에, 침해와 상관없이 감소된 판매수량은 손해액에서 빼는 것이 맞습니다. http://cafe.daum.net/ezpatent/7ZH6/212 <본 질문> 사진은 2019년 기출에서 손해배상과 관련된 문제와 변리사님께서 해설로 올려주신 파일입니다. 2번 보기와 관련하여 해설에서 위에서 말씀해주신것과 같이 침해행위 외의 사유로 특허제품 500개를 판매하지 못한것은 2항에서 산정한 금액에서 공제해서 2,500,000원이고 그 한도는 500,000원이므로 한도금액인 500,000원이라고 생각했습니다. 그런데 갑은 을의 침해행위가 없었다면 2018년 2,000개 중 500개를 제외한 1,500개를 판매할 수 있었고 이를 전부 판매하였으니 실제 손해액은 없는것이 아닌지 궁금합니다. 그렇다면 한도액을 산정하는 (생산가능수량-실제판매수량) 계산을 한 후 한도액에 따른 손해액을 산정하여 여기서 침해행위 외의 사유로 판매할 수 없었던 수량을 추가로 공제하여 손해액을 최종 계산하는것이 아닌지 궁금합니다. 항상 감사합니다.","2018년 기준으로, 갑의 생산 가능 수량 2000개 중에서 갑은 1500개을 판매한 것이고, 지문 2번은 1500개가 아니라 500개를 제외한 1000개를 판매한 경우를 말하는 것입니다. 손해액의 한도와 무관한 내용인데, 연관시켜서 생각하시는 것 같네요. 열공하세요~", ,,20.04.19
특허법,조문,128조5항,[128조5항] 손해액 산정,"안녕하세요 변리사님! 128조 5항 판례내용 중 ""통상적으로 받을 수 있는 금액산정시에는 특별한사정이 없는한, 특허권자와 제3자 사이 실시계약을 참작해야 한다""는 판례 내용의 의미가 궁금하여 질문드립니다 (1)특허권자A와 실시자B가 순이익의 10%를 실시료로 지급하기로 하고, 매년 B가 10억의 순이익을 올려서 1억을 지급한 사정이 있고, (2)제3자인 C가 정당권원없이 특허권 침해하여, A와B사이 실시계약을 참작해 128조5항 손해액을 산정할 경우에, 위 판례의 의미가 [1] 계약내용만을 참작하는 것인바, C의 순이익에 10%를 곱한 값을 통상받을 금액으로 산정가능하고, 만약 C의 순이익을 특허권자측이 입증못한다면, 5항은 불가하고 위 계약내용(순이익 10%) 및 실시료지급액(1억)은 7항으로 산정시 고려요소가 될 뿐인지 [2] 계약내용뿐만 아니라 그 결과도 참작하여, A와 B사이 계약결과 실시료지급액인 1억을 참작하여 C에 대해 1억을 5항의 통상받을금액으로 산정가능한다는 것인지 [3] 아니면 5항을 통해서 위 [1],[2] 모두 가능한 것인지 궁금합니다","법이 바뀌어서 적용되기 어려운 판례를 물어보고 있습니다. ""통상적""이 ""합리적""으로 바뀌어서 물어보신 판례의 결론을 유지하기 힘듭니다. 열공하세요~", ,,20.05.16
특허법,조문,128조,[128조] 질문드립니다.,"강의노트 p.408 문제입니다. 이 문제에서 1번 지문이 갑은 2016년에 특허발명 X를 생산할 수 없었기 때문에 발생한 손해가 없었으므로, 그 기간 중 을의 특허권 침해에 대한 손해배상을 청구할 수 없다는 지문인데, 이게 옳지 않다고 합니다. 해설에서는 128조 4항과 5항에 의한 손해액을 청구할 수 있다고 했는데, 공장을 건설하느라 제품을 생산할 수 없었던 것은 손해가 없어서 손해배상을 청구할 수 없다는 것으로 볼 수 없는 것인지 궁금합니다. 답변해주시면 감사하겠습니다","내가 생산할 수 없다고 할지라도, 다른 사람이 무단으로 실시하여 침해하는 경우, 실시료를 받을 기회를 박탈당하게 되고, 그에 대해서 손해배상을 청구할 수 있습니다. 법 제128조제5항의 입법취지를 생각해 보면 됩니다. 열공하세요~ 답글기능 더보기", ,,20.06.19
특허법,조문,128조,[128조] 개정안 질문,강사님 이번에 128조가 개정된다는 이야기를 들었는데 혹시 이거 관련해서 특강을 하시거나 자료를 올려주실 계획있으신가요?.?,"아직 국회에 개정안이 올라가 있지 않습니다. 그리고, 개정안이 올라가더라도 그대로 개정되는 경우는 거의 없을 뿐더러, 상당한 시간이 소요됩니다. 따라서, 개정안만 가지고 강의를 하는 것은 바람직하지 않습니다.", ,,20.06.29
특허법,조문,127조,[127조] 간접침해 자유기술항변 판단대상,"간접침해를 전제로 한 적극적 권리범위확인심판 절차에서 심판청구의 대상이 되는 확인대상발명이 자유실시기술에 해당하는지 여부를 판단할 때에는, 피심판청구인이 실시하는 부분이 특허발명에 대응하는 제품의 일부 구성에 불과하여 그 자체만으로는 침해가 성립되지 않는 경우에도 그 실시 부분이 그 대응제품의 생산에만 사용되는 경우에는 침해로 의제되는 간접침해의 특성상, 확인대상발명을 위 실시 부분의 구성만으로 한정하여 파악할 것은 아니고, 그 실시 부분의 구성과 함께 심판청구인이 그 생산에만 사용되는 것으로 특정한 대응제품의 구성 전체를 가지고 그 해당 여부를 판단하여야 한다. 실시자 a+b+c에 생산에 사용되는 물건 a 즉 간접침해 문제되는것이 a이어서 청구인이 a 실시 간접침해 주장하면 A를 가지고 자유기술인지 판단하나요? 아니면 a+b+c로 판단하나요?","확인대상발명을 a로 특정했으면 a로, a+b+c로 특정했으면 a+b+c로 판단됩니다. 이렇게 하는 것이 판례에서 지지하는 전체 구성설입니다. 열공하세요~", ,,20.07.14
특허법,조문,127조,[127조] 간접침해,변리사님 아래 사항이 궁금해서 질문 드립니다 갑이 a b c단계로 이루어지는 방법발명 특허권자입니다 물건P는 방법발명의 실시에 사용되고 다른 용도가 없는 경우 물건q는 물건 p의 부품으로 c단계 수행을 위해 사용되고 다른 용도가 없다면 물건 q를 전용품으로 볼 수 있을까요? 공용성이 인정되나요,"문의하신 케이스를 연쇄적 사용이라고 합니다. ⅰ) 특허발명의 실시와 직접적 사용관계에 있는 대상물이 간접침해에 해당하고 그 행위자의 공급행위를 금지함으로써 특허권 보호의 목적을 충분히 달성할 수 있는 점, ⅱ) 이론적으로 간접침해 인정범위가 무한히 확장될 수 있게 되어 거래의 안전을 과도하게 침해할 수 있는 점, ⅲ) 간접침해에 있어서 침해행위 또는 침해대상물이 직접침해와 밀접한 관련성이 있는 경우에 한하여 간접침해를 인정하여야만 특허권자의 보호와 일반 공중의 거래의 안전 사이에 균형적 형량을 도모할 수 있는 점 등을 고려하면, 연쇄적 사용관계에 있으면 간접침해를 부정하는 것이 타당하다는 것이 일반적인 견해이고요. 우리나라는 아직 판례가 없고 일본은 있습니다.", ,,20.07.16
특허법,조문,126조,[126조] 특허침해 구성요소완비원칙,"안녕하세요 변리사님! 특허 권리범위 중 구성요소 완비원칙과 이용관계에 대해 궁금한점이 있어 질문드립니다 Q1. 궁금한 특허침해태양은 [특허권] A + B [제3자] A + B + C 와 같은 상황입니다 구성요소완비원칙은 청구항에 기재된 구성요소 및 그들간 유기적결합관계를 그대로 ""포함""하여야 한다고 배웠습니다 그런데 이용관계는 선원권리발명에 새로운 기술적요소를 부가하여 요지를 모두 포함하되 그대로 이용하는 경우로서 선원발명의 일체성을 그대로 유지하고 있어야 한다고 배웠습니다 Q1-1. 그렇다면, 위와같은 침해태양에서 결과적으로 'AER의 법리=이용관계의 판단법리' 라고 보아도 될까요? 아니면 AER의 법리대로 판단시에는 권리범위에 속하나, 이용관계의 법리로 판단시 권리범위에 속하지 않는 경우도 있는것인가요?(=즉 후원권리인 대상발명이 등록권리인 경우, 선등록권리의 보호범위에 차이가 발생할 수 있는 것인가요?) Q1-2. 특허권 vs 미등록실시발명은 AER법리만 써야하고 이용관계법리는 적용해선 안되는 것인가요? Q.2 일반적으로 특허침해태양은 [특허권] A + B 인 경우 [1]A+B (문언침해) [2]A+B+C (새로운구성의 부가) [3]A+b (하위개념으로의 한정) [4]위 1~3 의 경우에 있어서 어느 구성이 균등한 구성요소인 경우(균등침해) 로 분류가능하다고 보아도 될까요? 알려주셔서 항상 감사드립니다!",안녕하세요? 1.1 AER에 의해 침해인데 등록된 경우 이용관계라고 합니다. 1.2 네. 구분해서 쓰는 적이 맞습니다. 2. [1][2][3]은 AER에 의한 문언침해로 봐야 합니다. 열공하세요~, ,,20.07.18
특허법,조문,127조,[127조] 간접침해,다기능 제품에 대해 간접침해가 성립할 수 있나요? 일본판례에서 긍정한 례가 있다고 들었는데 우리나라 법에도 적용될 수 있을까요? 일본법은 간접침해에서 전용품이 아니어도 가능한지 주관적 인식을 요하는지 알고싶습니다,물건이 다기능이라도 타용도가 있어서 간접침해가 어려울 것 같네요. 법조문 그대로 해석하면 됩니다. 일본법은 열심히 공부 안해서 모르겠네요. 열공하세요~, ,,20.08.03
특허법,조문,128조,[128조] 손해액 추정,4항에 따라 추정되는 금액이 특허권자의 상한(3항 본문)을 넘는 경우에 상한으로 제한이 되나요? 저작자 표시컨텐츠변경비영리,"상한으로 제한된다고 해석되는 것이 다수의 견해입니다. 손해가 발생함을 전제로, 즉 생산능력의 범위내로 손해액이 추정됩니다. 열공하세요~", ,,20.08.17
특허법,조문,128조4항,[128조 4항] 기여율의 입증책임에 대해 질문드립니다.,"안녕하세요. 2차 준비중인 기득입니다. 여러 2차 책 및 이지특허를 참고해도 도저히 결론내기 어려운 부분이라 질문을 드립니다. 최근 특허법원은 기여율 산정함에 요소 및 정도는 침해자에게 입증책임이 있다고 한 바 있습니다. (2018나1893) 그러나 그 동안의 판례을 살펴보면, 구체적인 기여율이 진위 불명인 경우, 4항으로 산정할 수 없어 7항으로 산정하고 있습니다. (2018나1275, 2016나1202(상표) 등 ) 기여율의 입증책임이 침해자에게 있다면, 진위불명의 불이익은 침해자가 부담하게 되어 4항으로 침해자 이익 전부를 손해액으로 추정할 수 있어야 하는데 그렇지 않고 7항으로 산정하는 판례는 특허권자에게 기여율에 대한 입증책임이 있다고 본 것 같습니다. (침해자의 이익 전부를 특허권자의 손해액으로 산정하지 않아 특허권자에게 불이익이됨) 기여율 이란 부분이 침해외의 사유중 하나로서 침해자에게 입증책임이 있다고 해야 하는지 아니면 침해외의 사유와 다른 손해액 추정을 위한 또다른 요건 사실로서 특허권자에게 입증책임이 있다고 해야하는지 궁금합니다. 감사합니다.","안녕하세요? 특허권자에게 입증책임이 있습니다. 참고로, 이를 전환하기 위한 특허법 개정안에 대한 논의가 20대 국회에서 있었는데, 통과되지 못하고 폐기된 것으로 알고 있습니다. 열공하세요~", ,,20.08.18
특허법,조문,128조,[128조] 3항단서 증명책임과 관련하여 질문드립니다,"안녕하세요 원래도 중요한데 개정도 앞둔 만큼 2차시험에 128조 출제가능성이 높아보이는데요, 대리인의 입장에서 특허권자에게 유리한 항을 선택하여 손해배상을 청구하라는 유형의 사례문제에서 3항단서 공제액과 관련하여 질문드립니다. 3항 단서의경우 증명책임은 법률요건분류설상 침해자가 부담하는데, 문제에서 주어진 제반사정으로 계산했을 때, 이를테면 (1) 2항 및 3항으로 계산된 손해액은 공제액(3항단서)을 적용하지 않았을 때 10억, 적용해서 침해외사유에 따른 금액을 공제했을 때 5억이고 (2) 4항으로 계산한 금액은 7억이라고 했을 때 그냥 생각하면 4항으로 청구하는게 맞는 것 같지만, 3항단서의 증명책임을 고려하면 우선 2,3항으로 10억을 청구할 수도 있을 것 같은데 너무 복잡하게 생각하는걸까요? 이런경우 결론을 어떻게 내야 하는지 생각만으론 해결이 안 되어 질문드립니다.","특허권자는 제2항, 제4항을 선택적으로만 청구할 수 있는 것이 아니고, 이를 합하여 한꺼번에 (예를 들어 2항에 의한 손해액의 주위적 청구, 4항에 의한 손해액을 예비적 청구로 하는 예비적 병합) 할 수 있습니다. 열공하세요~","감사합니다! ㅠㅠ 그럼 혹시 주위적 청구(2항)에 대해서 침해자가 3항단서를 주장 및 입증하여 예비적 청구(4항)보다 낮은 금액이 ""일부인용""된 경우는 민사소송법의 ""주위적 청구에서 인용되지 않은 수액 범위 내에서 예비적 청구에 대해서도 판단해 주기를 바라는 취지로 결합시켜 제소할 수도 있다.""는 판례(2002다23598)의 법리가 적용되어서 특허권자가 예비적청구만 한 경우에 비해 손해볼 일이 없는거라고 보면 될까요? 민사소송법적 질문까지 드리게되어서 죄송합니다ㅠㅠ","4항은 추정되는 것이고, 2항, 3항에서 입증이 모두 되었다면, 추정의 효과는 복멸될 것으로 보이네요.",20.08.21
특허법,조문,126조,[126조]공동직접침해 인정여부,"안녕하세요 복수주체의 구성요소 분담실시에 대해, “각 다른주체의 실시 인식하고 공동으로 실시할 의사”가진경우 1)2015라20296은 “복수주체가 공동으로 특허침해를 한 것으로 봄이 타당하다”고 하였으나 2)비교적 최근판례인 2018나1220은 “복수주체가 실시한 구성요소 전부를 기준으로 침해여부를 판단할수 있다”고만 하고, “지배관리 및 그실시로 영업이득얻은자의 단독침해로봄이타당하다”고 하였는데요 (1) 두 판시를 볼 때, 2015라20296은 공동직접침해인정취지라 볼수도 있지만 2018나1220은 위 판례에대한비판(공동직접침해에 명문없어 죄형법정주의반하고 민형사처벌불균형) 수용해서 약간 변경된 판시를한게 아닌가생각되는데요. 현행판례(실무)가 공동직접침해를 인정한다고 보아야하나요? (2)관련하여 구성요소 분담실시자 각각 모두에게 침해금지 및/또는 손해배상청구가 가능한지, 아니면 영업이익얻는자가있는 경우 그에만 청구가가능한지 궁금합니다. (제 짧은생각으로는 침해금지청구는 전부에허용(?-2018나1220이 침해금지청구) 손해배상청구는 영업이익얻은자에만 가능한가 싶은데 판례를 읽어봐도 잘모르겠네요 ㅜㅜ) 감사합니다","(1) 변형된 판시가 아니라 2015라20296을 확인하고 있는 것으로 보입니다. 아직 대법원 판결은 없지만 하급심에서 인정하고 있습니다. (2) 침해금지는 전부에 허용되고, 손해배상은 부진정 연대채무로 해결되지 않을까 싶습니다.", ,,20.10.05
특허법,조문,128조,128조 손해액의 산정에 관하여 질문드립니다.,안녕하세요ㅎㅎ 128조 손해액의 산정에 관하여 질문드립니다. 128조 2항3항을 적용하여 손해액을 산정할 시 어차피 손해액은 침해자의 판매량과 특허권자의 단위수량당이익액을 곱한 값으로 산정하므로 특허권자의 판매량은 한계액을 계산할때만 사용하면 되나요? 그리고 128조4항을 적용하여 손해액을 산정할 때는 128조3항에서 말한 한도액이 적용되는지 궁금합니다. 그리고 침해행위외의 사유로 판매를 못한게 있다면 이때 123조2항3항에 따라 손해액을 산정하면 (침해자의판매량x특허권자의단위수량당이익액) - (침해외의사유로판매하지못한수량x특허권자의단위수량당이익액) 이런식으로 손해액을 산정하면 되는것인지 궁금합니다. 답변 미리 감사드립니다ㅎㅎ 저작자 표시컨텐츠변경비영리,"법이 개정되었고, 12월에 시행될 예정이니 개정법을 숙지한 후 다시 질문해 주세요. 추록은 학원 홈페이지에 있습니다. 답글기능 더보기", ,,20.10.06
특허법,조문,127조,[127조] 권리소진과 전용품,1.특허가 방법발명의 경우 (판례) 방법의 사용에 쓰이는 물건을 적법 양도한경우로서 그 물건이 방법발명을 실질적으로 구현한것이면 방법발명의 특허권은 이미 목적을 달성하여 소진된다고 판시함 (1)질문: 양도가 적법하지 않은경우 물건(방법발명 실질적 구현)의 실시는 특허권(방법발명)의 간접침해인가요? (2)질문: 방법발명을 실질적 구현한 물건에는 판례에 따르면 소정의 요건이 필요한바 (1.물건이 방법발명 실시외에 다른용도 없을것 2. 기술사상핵심 포함 3.전체공정 차지하는 비중) 공용성과 전용성이 만족되는 전용품과 방법발명을 실질적으로 구현한 물건은 비슷한 개념으로 보고 (1)질문에 대해서 간접침해라고 생각해도 되나요? 항상 좋은 강의해주셔서 감사합니다!!,(1) 간접침해 요건에 의해 판단하면 됩니다. (2) 실질적으로 구현한 물건인지 여부와 관련해서 1-3은 and 조건이 아니라 or 조건입니다. 그래서 간접침해라고 단정해서는 안 됩니다. 기본서 각주에 자세히 설명되어 있으니 정독해 보세요., ,,20.10.09
특허법,조문,127조,[127조] 간접침해와 권범심,"안녕하세요 변리사님! 1.간침과 자실기관련 2008허4523 판례에서, ""심판청구인이 그 물건으로만 생산하는 대응제품 전체를 가지고 자유실시기술 항변을 판단해야 한다""고 하는데, Q1-1.이 판례의 입장은 전체구성설의 입장인가요? 아니면 대응구성설의 입장인가요? Q1-2.위 판례가 쟁점으로 문제가 나온다면, 대응구성설과 전체구성설의 논의를 선결검토해주어야 하나요? 답변 항상감사드립니다!",1. 전체 구성설입니다. 2. 문제에서 논하라고 했을 때 검토해 주면 됩니다., ,,20.10.10
특허법,문제,128조,[128조] 침해액 산정,"리담특허법 객문 600번 문제 지분 2번에 대해 질문드립니다! 침해행위 외의 사유로 판매하지 못한사유는 양도수량에서 빼서 생산능력범위 이내의 수량에서는 500*1000=500,000원 생산능력범위를 초과하는 수량에서는 2000*200=400,000원이 되는것 아닌가요? 개정법이 잘 이해가 안돼서 질문드립니다","제가 답변을 잘못 했네요. 1,000,000원이 맞네요. 아래 참고자료(강의자료)를 보시면 첫번째 케이스입니다.", ,,20.10.12
특허법,문제,128조,[128조] 침해액 산정,"객관식 문제집 600번 문제 2번 (아래 올려주신 게시물에 문제가 있습니다) 강의에서는 손해액이 90만원이 맞다 말씀하셨고, 책에서는 100만원으로 되어있는 문제입니다. 128조 2항 해석에서 2조의 '또는~이 있는 경우 이들수량'을 어떻게 해석해야하는지 질문드립니다. 1. 그 물건의 양도수량(3000-500=2500)(특허권자 또는 전용실시권자가 그 침해행위 외의 사유로 판매할 수 없었던 사정이 있는 경우에는 그 침해행위 외의 사유로 판매할 수 없었던 수량(500)을 뺀 수량) 중 특허권자 또는 전용실시권자가 생산할 수 있었던 물건의 수량(2000)에서 실제 판매한 물건의 수량(1500)을 뺀 수량(500)을 넘지 않는 수량(에 특허권자 또는 전용실시권자가 그 침해행위가 없었다면 판매할 수 있었던 물건의 단위수량당 이익액을 곱한 금액 -> 500*1000=50만 2. 그 물건의 양도수량(2500) 중 특허권자 또는 전용실시권자가 생산할 수 있었던 물건의 수량에서 실제 판매한 물건의 수량을 뺀 수량(500)을 넘는 수량(2000) 또는 그 침해행위 외의 사유로 판매할 수 없었던 수량(500)이 있는 경우 이들 수량(2000+500????)(특허권자 또는 전용실시권자가 그 특허권자의 특허권에 대한 전용실시권의 설정, 통상실시권의 허락 또는 그 전용실시권자의 전용실시권에 대한 통상실시권의 허락을 할 수 있었다고 인정되지 않는 경우에는 해당 수량을 뺀 수량)에 대해서는 특허발명의 실시에 대하여 합리적으로 받을 수 있는 금액(200원/개) (해석1) 2000개 * 200원 또는 500 * 200원 (해석2) 2000개 * 200원 + 500개 * 200원 (해석3) 2000개 * 200원 (40만원) 강사님께서는 해석3으로 강의를 하셨었는데, '또는'과 '이들 수량'의 의미를 어떻게 해석하여 얻은 결론인지 궁금합니다. 제 생각에는 '또는'이라고 되어있어 해석1과 같이 두 금액사이에서 선택한 수량을 말하는 것이거나 '이들 수량'이라 하여 해석2와 같이 두 금액을 합해야 하는 것이 아닌가 의문점이 듭니다. 답변기다리겠습니다.","제가 답변을 잘못 했네요. 1,000,000원이 맞네요. 아래 참고자료(강의자료)를 보시면 첫번째 케이스입니다. 열공하세요~", ,,20.10.29
특허법,조문,128조,(128조) 손해액 관련,"변리사님 안녕하십니까! 손해액과 관련하여 질문드립니다. 구법으로 강의 듣고, 법이 개정되어 굉장히 혼란스러운데요ㅜㅜ 4항에서 침해자의 이익액을 특허권자의 일실이익, 즉 손해액으로 추정해주고 만약, 침해자의 이익액이 미미할 경우, 5항에서 실시에 대해 합리적으로 받을 수 있는 금액(실시료)을 손해액으로 의제한다고 알고 있습니다. 산정된 손해액이 실시에 대하여 합리적으로 받을 수 있는 금액을 초과한다면 6항에서 이 부분에 대한 청구도 인정해주고 있고요. 3항이 삭제되고 2항에서는 손해액을 구체적으로 산정하고 있는데, 특허권자가 손해액에 관하여 주장(변론)할 때, 몇 항을 기준으로 하는지 궁금합니다. 선택적으로 주장하나요? 복합적으로도 가능한건가요? 제가 이해한바는 4항으로의 추정실익이 없을 경우 5항으로, 만약, 절차 중 2항에서 손해액이 구체적으로 산정되면, 손해 하한액에서 초과되는 부분을 6항에 의거하여 청구하는 방식을 갖는다는 것입니다. 그렇다면 청구인은 손해액과 관련하여 원하면 각 항을 복합적으로 주장가능하다고 생각하는데 아닌가요? 답변 감사합니다.","안녕하세요? 네. 어느 하나를 선택하는 것이 아니라 복합적(주의적, 예비적 청구)으로 청구가능합니다. 열공하세요~", ,,20.11.05
특허법,문제,128조,128조4항 손해액의 추정,"안녕하세요 변리사님. 객관식 p600 19년 기출변형문제에서 4번 지문 ""특허법 128조4항에 따를 경우 2,500,000을 갑이 2017년 중 입은 손해액으로 추정한다""가 틀린지문으로 해설되어있고 해설에서는 갑의 생산능력범위내에서 추정해야한다고 되어있습니다. 그런데 128조4항은 개정 전과 후에 차이가 없고 조문에서도 그냥 침해자의 이익액을 특허권자 또는 전용권자의 손해액으로 추정한다고 되어있고 생산능력범위내를 한도로 한다는 말이 없습니다. 비록 개정전이지만 4항은 개정 전 후 변함이 없으므로 강의노트에서 같은 문제의 4번지문이 맞는걸로 되어있고 해설 또한 침해자의 이익액 자체를 특허권자의 침해액으로 해설하셔서 2,500 x 1,000 = 2,500,000원이라고 하셨습니다. 그런데 이번 객관식에서 해설에 128조4항 또한 생산능력범위내로 해설하신 것은 어떤 이유에서인지 궁금합니다. 감사합니다!","법 제128조제4항의 해석에 관한 문제로서, 이번에 법을 개정하면서 국회의 입법과정에서 논의가 되었던 내용을 반영한 것입니다. 요지는, 손해가 발생됨을 전제로 손해액이 추정되는 것이고, 여기서 손해는 매상감소에 의한 일실이익이기 때문에 생산능력범위내에서만 손해가 발생될 수 있다는 것입니다. 열공하세요~", ,,20.11.18
특허법,문제,129조,[129조] 침해에 대한 조치 (생산방법의 추정),"객 626번 4번 지문 문의드립니다. 물건응 생산하는 방법의 발명에 관하여 특허가 된 경우에 피고의 제품이 그 물건과 동일한 경우, 특별한 경우를 제외하고는, 피고의 제품이 그 특허된 방법에 의하여 생산되지 않았다는 사실을 피고가 증명해야한다. -> 여기서 물건이 특허출원전에 공지되지 않았다는 특별한 사정이 있는 경우에만, 피고에게 입증책임이 있는 것이 아닌지 문의드립니다. 따라서 기본적으로 원고(특허권자)에게 입증책임이 있되, 물건이 출원전에 공지되지 않았다는 특별한 사정이 있는 경우에만 129조에 의해서 입증책임이 전환되어 피고(침해자)가 증명해야하는 것이 아닌가요?? 문의드립니다.","특별한 사정이 무엇인지가 명확하지 않고, 객관식은 상대적으로 접근해야 하기 때문에, 가장 틀린 것/옳은 것을 답으로 고르면 됩니다.", ,,20.11.22
특허법,조문,127조,[127조] 간접침해,"객관식 문제를 풀다가 판례하나에 대해서 궁금하여 질문 드립니다. 특허법원 2009.12.18. 선고 2008허13299 판결에서 특허권이 공유인 경우에 있어서는, 우리나라에서 그 방법의 실시에만 사용되는 물건이 양되되었다고 하더라고, 그 물건이 공유자 중 일부의 소유이고 그 소유자가 아닌 다른 공유자가 그 물건의 양도에 대해서 동의한 바가 없다면, 양수인 또는 전득자가 그 물건을 이용하여 해당 방법발명을 실시하는 것과 관련하여서 특허권이 소진되지 않는다. 라고 되어있는데 공유자 중 1인이 그 방법의 사용으로 인해 생산된 물건을 양도하는 경우에 있어서는 공유자 1인도 특허발명을 실시할 수 있기에 권리소진이 되지만 공유자 중 1인이 간접침해에 해당하는 물건을 다른 공유자 없이 양도한 경우에는 그 양수인이 사실상 동의없이 통상사용권을 설정받은 것과 다름 없어서 권리소진이 되지 않는다라고 받아들이면 되는건가요??","네. 전자는 제조방법발명의 경우 법 제99조 제3항에 해당하는 것이고, 후자는 법 제99조 제3항에 해당하지 않을 뿐더러 제99조 제4항에도 반하기 때문에 권리소진이 발생하지 않는다는 것입니다. 열공하세요~", ,,20.12.22
특허법,문제,128조,(128조) 손해액 계산문제,"안녕하세요 변리사님 이번에 특허법이 개정되며 기존 구법과 손해액 계산방법이 달라지다보니 혼란스러운 부분이 많은데요.. 변리사님 친절한 답변에 열심히 공부하고 있습니다 질문) 리담객p.599 다음 문제에서 손해액 계산시 개정된 128조2항에 따르면 2002년의 양도수량은 그 물건의 양도수량(10000-4000=6000)(특허권자 또는 전용실시권자가 그 침해행위 외의 사유로 판매할 수 없었던 사정이 있는 경우에는 그 침해행위 외의 사유로 판매할 수 없었던 수량(4000)을 뺀 수량) 중 특허권자 또는 전용실시권자가 생산할 수 있었던 물건의 수량(24000)에서 실제 판매한 물건의 수량(15000)을 뺀 수량(9000)을 넘지 않는 수량에 특허권자 또는 전용실시권자가 그 침해행위가 없었다면 판매할 수 있었던 물건의 단위수량당 이익액을 곱한 금액 -> 6000*100=60만원 2. 그 물건의 양도수량(6000) 중 특허권자 또는 전용실시권자가 생산할 수 있었던 물건의 수량에서 실제 판매한 물건의 수량을 뺀 수량(9000)을 넘는 수량(0) 또는 그 침해행위 외의 사유로 판매할 수 없었던 수량(4000)이 있는 경우 이들수량(4000)(특허권자 또는 전용실시권자가 그 특허권자의 특허권에 대한 전용실시권의 설정, 통상실시권의 허락 또는 그 전용실시권자의 전용실시권에 대한 통상실시권의 허락을 할 수 있었다고 인정되지 않는 경우에는 해당 수량을 뺀 수량)에 대해서는 특허발명의실시에 대하여 합리적으로 받을 수 있는 금액(50원/개)-> 4000*50 = 20만원 2002년 손해액 = 60만 + 20만 = 80만원 따라서 개정된 128조에 따른 2002년 갑의 손해액은 80만원 아닌가요?? 따라서 문제의 답은 2003년의 손해액인 95만원과 합쳐 175만원이 되어야 할 것 같은데 풀이에선 2002년의 손해액이 75만원으로 나와 질문드립니다 감사합니다","질문 규칙에 맞지 않습니다. 문제를 업로드해 주세요. 다만, 보이는 것만으로 답변을 해 보면 침해행위 외의 사유로 판매할 수 없었던 사정을 잘못 이해하고 있는 것 같군요. 이 부분에 대해 기본서를 한 번 읽어 보세요.", ,,20.12.23
특허법,조문,126의2조,[126의2조] 증거수집관련,"수험과 크게 상관은 없을수도 있지만 궁금해서 여쭤봅니다. 이전부터 K-디스커버리 제도에 대해서 언급이 있었는데 최근 발의되어 통과될지 관심이 쏠리고 있는걸로 아라고 있습니다. 이는 특허권자를 보호하기 위한 규정이긴하나 원천기술이 대부분 해외에 있는 실정상 국내기업에 타격이 있을것으로도 예상되고 있는데요, 업계에서는 이를 어떻게 바라보고 있는지, 변리사님 사견은 어떠신지 궁금합니다! 감사합니다","미국만 보더라도 디스커버리 제도로 인해 증거 수집 능력이 약한 특허권자의 권리행사를 용이하게 하기 때문에, 이와 관련된 시장이 국내와 비교할 수 없는데, 국내에서는 모든 책임을 특허권자에게 전가하기 때문에 시장도 작고 어려움이 있는 것이 현실입니다. 따라서 제 사견은 국내제도의 활성화를 위해서는 반드시 도입되어야 한다고 생각합니다.", ,,20.12.30
특허법,조문,128조,[128조] 침해액 산정,"새롭게 개정된 128조2항1호,2호 관련 질문입니다. 아래 문제를 풀다가 헷갈리는 점이 생겼는데요 1. 저는 노란색 부분(4000개)을 1호의 괄호부분으로 보아 양도수량(특허권자 또는 전용실시권자가 그 침해행위 외의 사유로 판매할 수 없었던 사정이 있는 경우에는 그 침해행위 외의 사유로 판매할 수 없었던 수량을 뺀 수량) = 10000개 - 4000개 = 6000개 로 해석해서 풀었는데 조문 그대로 해석하면 이 풀이가 4000개가 '생산할 수 있었던 물건의 수량'이 아닌 '1호 괄호부분'에서 공제되어야 하는 것 아닌지 2. 128조2항2호의 '또는'부분을 or조건으로 해석하여 둘 중 더 큰 수량(특허권자가 더 많이 보상받을 수 있는 수량)으로 계산해야 하는지, 아니면 and조건으로 보아 둘을 합해야 하는지 이 두 가지 점이 혼란스러워서 질문드립니다. 제가 잘못 이해하고 있는 부분에 대한 지적 부탁드립니다.",1. 노란색 부분은 침해행위 외의 사유로 판매할 수 없었던 수량이 아니라 생산수량에서 제외되어야 하는 수량입니다. 침해행외 외의 사유로 판매할 수 없었던 수량이 무엇인지는 기본서를 한 번 정독해 보세요. 2. 더한다는 의미로 생각하면 되나 중복영역이 존재할 수 있습니다. 아래를 살펴보면 개정된 내용에 대해 강의노트를 업로드해 놓았으니 참고하세요., ,,21.01.04
특허법,조문,128조4항,[128조4항] 손해액 산정,답이 2번이라고 되어있는데 5번 지문도 맞는 건가요??,자백의 대상이 아닙니다. 열공하세요~, ,,21.01.11
특허법,조문,128조2항,128조 2항 손해액 산정,"2항 2호 그 물건의 양도수량 중 특허권자 또는 전용실시권자가 생산할 수 있었던 물건의 수량에서 실제 판매한 물건의 수량을 뺀 수량을 넘는 수량 또는 그 침해행위 외의 사유로 판매할 수 없었던 수량이 있는 경우 이들 수량(특허권자 또는 전용실시권자가 그 특허권자의 특허권에 대한 전용실시권의 설정, 통상실시권의 허락 또는 그 전용실시권자의 전용실시권에 대한 통상실시권의 허락을 할 수 있었다고 인정되지 않는 경우에는 해당 수량을 뺀 수량)에 대해서는 특허발명의 실시에 대하여 합리적으로 받을 수 있는 금액 밑줄 친 또는 을 어떻게 해석해야할지 모르겠습니다. (침해자의 양도수량 - 생산능력범위) x 합리금액 또는 침해행위 외의 사유로 판매할수 없었던 수량(허락못한경우 뺀수량)x 합리금액 = 초과수량 둘중 하나만 청구해서 받는건가요? 아니면 둘다 받는건가요? 저작자 표시컨텐츠변경비영리","1호의 수량이 생산능력범위 이내라면, 침해행위 외의 사유로 판매할 수 없었던 수량을 말하는 것이고, 생산능력범위를 초과하였다면, 양도수량 중 생산능력범위를 초과한 수량을 말하는 것입니다. 검색해 보면, 개정된 내용에 대한 강의노트를 첨부한 자료가 있으니 참고하세요.", ,,21.01.19
특허법,조문,128조2항,[128조 2항] 손해액의 산정,해설 Case3 소계 잘못된거 아닌가요? 150만원이 아니라 200만원 같은데 추록이나 정오표에도 없는 내용이라 여쭤봅니다.,"양도수량이 생산능력 범위 이내이니, 양도수량*단위수량당 이익액입니다. 맞는 내용입니다. 답글기능 더보기", ,,21.01.19
특허법,조문,128조2항,"[128조 2항2호, 5항] 산정, 의제","128조 2항 2호 및 5항 계산할때 곱해줘야하는 ‘금액’이 기출문제 마다 다른이유가 뭔가요? 특히 15년 기출변형 문제에서, 문제 내에 갑의 특허제품 실시에 대하여 합리적으로 받을 수 있는 금액이 매출액의 5%라고 명시되어 있는데, 왜 2항2문 및 5항의 해설 계산식에는 전부 을의 판매금액이 곱해져 있는지 궁금합니다.","계산해 보면 다음과 같습니다. - 을의 매출액: 을의 양도수량(15,000원)*을의 판매금액(10,000) = 150,000,000원 - 을의 매출액의 *5%=150,000,000원*0.05=7,500,000원입니다. 열공하세요~", ,,21.01.20
특허법,조문,128조2항,[128조2항] 손해액의 산정 개정 관련,"안녕하세요. 이번 128조 2항 손해액 산정 규정 개정법에 있어, 입증하기 위하여 필요한 사실에 관하여 궁금한 점이 생겨 질문드립니다. 128조 2항 2호에서 침해자는 특허권자의 생산능력을 초과하여 취득한 이익도 배상해줘야 한다는 취지는 이해했습니다. 판례 설명자료의 case 3를 참고하면, 특허권자가 생산하지 않았는데도 손해배상 청구 가능한 경우가 있는 것 같습니다. 그렇다면 특허권자는 그 손해발생에 대해 주장, 입증이 없는 경우에도 손해배상청구를 할 수 있는건가요? 또한 2항의 취지는 매상감소에 의한 일실이익에 관해 손해배상을 청구하는 것이며, 따라서 2항과 비슷한 취지로 4항 역시 실시하지 않아 손해가 발생하지 않더라도 침해자의 이익을 손해액으로 추정할 수 있는 것으로 기존과 달리 해석해야 하는건가요? 요약하면, 1. 128조 2항 개정에 의해 2항에 따른 손해배상 청구시, 손해발생을 주장 혹은 입증하지 않아도 되는지? 또한 반드시 실시하지 않아도 손해배상 청구가 인정되는지? 2. 비슷한 취지로, 128조 4항 역시도 손해발생을 주장 혹은 입증하지 않아도 되며 이에 따라 실시하지 않아도 침해자의 이익을 손해액으로 추정할 수 있는지? 이렇게 질문드립니다. 감사합니다.",1. 네 그렇습니다. 생산능력초과범위에 대해서는 제128조제5항을 적용하겠다는 것입니다. 2. 그렇지 않습니다. 생산능력범위내에서만 손해액 추정이 적용됩니다. 추록을 한 번 살펴보세요~, ,,21.01.29
특허법,문제,127조,"변리사님 안녕하세요, 객관식 문제집 풀던중에 질문이 생겨 글남기게 되었습니다. 객관식 문제집 585p 16년 기출문제중 이 문제해설에서 ‘생산이란 국내에서의 생산을 의미하므로 미국에서 물건X를 생산하는데 사용된 a를 수출한 행위는 간접침해가 아니다’라고 나와있는데요, 대법원 2019.10.17선고 2019다222782 판결) ‘국내에서 특허발명의 실시를 위한 부품 또는 구성 전부가 생산되거나 대부분의 생산단계를 마쳐 주요 구성을 모두 갖춘 반제품이 생산되고, 이것이 하나의 주체에게 수출되어 마지막 단계의 가공.조립이 이루어질 것이 예정되어있으며, 또는 반제품의 생산만으로도 특허발병의 각 구성요서가 유기적으로 결합한 일체로서 가지는 작용효과를 구현할 수 있는 상태에 이르렀다면, 예외적으로 국내에서 특허발명의 실시 제품이 생산된 것과 같이 보는것이 특허권의 실질적 보호에 부합한다.’ 이 판례에 따르면 을의 행위도 침해에 해당하는게 아닌가 하는 궁금증이 생겨 질문드립니다. 1. 다른분이 올려주신 질문글에서 위 판례에서 말하는 침해는 직접침해라고 말씀하신 답변을 봤는데 을의 행위는 간접침해가 아닌 직접침해여서 답이 아닌건가요? 2. 혹은 위 판례가 예외적인 판례여서 이 문제에는 적용되지 않는건가요? 3. 아니면 판례랑은 다르게 을이 생산한 a는 ‘부품 또는 구성 전부가 생산되거나 대부분의 생산단계를 마쳐 주요 구성을 모두 갖춘 반제품’이 아닌 ‘물건X의 생산에만 사용되는 물건’ 이기 때문에 위 판례가 적용되지 않는건지 궁금합니다. 매번 유익한 강의와 답변 감사드립니다!",,"2019다222782 판결은 예외적인 경우 직접침해가 성립할 수 있다는 것이고, 반제품 생산이 항상 직접침해라는 것이 아닙니다.", ,,21.02.01
특허법,문제,128조,[128조] 손해액산정,"안녕하세요 임변리사님. 리담 특객 128조 관련문제에 대해 질문을 드리고 싶습니다! 600쪽 19년 기출변형 문제인데요. 지문 2번에서요.. 현재 2018년 생산가능수량은 2000개, 침해자의 양도수량이 3000개, 특허권자의 판매수량이 1500개로 주어진 상황에서 (2000-1500)=500은 1호에 따라 이익액을 곱하고 500을 제외한 양도수량 중 나머지 2500개는 2호에 따라 합리적 금액을 구하는 것이 맞지요? 여기까지 제가 이해했는데, 침해행위 외 사유로 판매하지 못한 수량에 대해 질문이 있습니다. 2번 선지와 같이 위 상황에서 침해행위 외 사유로 500개 판매하지 못한다고 주어진다면, 결국 그 단서가 있으나 없으나 1호 500개, 2호 2500개로 주어지는 것 같아서요... 침해자 양도수량이 3000개니까 2호 2500개에 침해행위 외 사유로 판매하지 못한 500개를 더할 수 없는 거 맞나요? 그렇게 되면 침해행위 외 사유로 판매하지 못한 500개를 따지는 실익이 있나 의문이 생겼습니다. 글로 쓰다보니 질문 요지가 잘 전달되었는지 걱정스럽지만, 답변해 주시면 감사하겠습니다!! 감사합니다.",1. 네. 맞습니다. 2. 따지는 실익이 없습니다. 결론이 같습니다. 열공하세요~, ,,21.02.02
특허법,조문,128조2항,[128조2항1호2호],"안녕하세요 변리사님. 128조2항 관련해서 바로 직전분이 질문하신 것과 유사해서 그것에 대해 한 가지만 여쭤보겠습니다! ""600쪽 19년 기출변형 문제인데요. 지문 2번에서요.. 현재 2018년 생산가능수량은 2000개, 침해자의 양도수량이 3000개, 특허권자의 판매수량이 1500개로 주어진 상황에서 (2000-1500)=500은 1호에 따라 이익액을 곱하고 500을 제외한 양도수량 중 나머지 2500개는 2호에 따라 합리적 금액을 구하는 것이 맞지요? 여기까지 제가 이해했는데, 침해행위 외 사유로 판매하지 못한 수량에 대해 질문이 있습니다. 2번 선지와 같이 위 상황에서 침해행위 외 사유로 500개 판매하지 못한다고 주어진다면, 결국 그 단서가 있으나 없으나 1호 500개, 2호 2500개로 주어지는 것 같아서요... 침해자 양도수량이 3000개니까 2호 2500개에 침해행위 외 사유로 판매하지 못한 500개를 더할 수 없는 거 맞나요? 그렇게 되면 침해행위 외 사유로 판매하지 못한 500개를 따지는 실익이 있나 의문이 생겼습니다. 글로 쓰다보니 질문 요지가 잘 전달되었는지 걱정스럽지만, 답변해 주시면 감사하겠습니다!! 감사합니다."" 위의 질문에서 결국 '침해행위외 사유로 판매하지 못한 수량(x라하자=500개)'이 실익이 없는 이유가 생산능력범위(2000-1500=500) 자체가 양도수량에서 x를 뺀 수량(3000-500=2500)보다작아 x를 빼나 안빼나 한도보다 초과하기 때문이라고 이해했습니다. 그런데 이런 경우에 2호를 보면 '양도수량중 생산능력범위 초과하는 만큼(2500개) 또는 침해행위 외의 사유로 판매할 수 없었던 수량(x=500개)에 합리적으로 받을 수 있는 금액'이라고 되어있어서 조문대로라면 2500+500=3000개에다가 곱하기 200을 해야 한다고 생각했습니다. 그런데 그렇게 되면 x는 중복 계산하게 되게 되는 것 같아 질문드립니다. 이게 법 취지가 1호에서 침해자가 판 수량에서 x를 뺀만큼만 단위이익액을 곱하고 대신 2호에서 x는 합리적으로 받을 수 있는 금액을 받을 수 있으니 그렇게 하려 했던 것 같았는데 해당 문제상의 수량 실수(?)로 1호 단서때문에 x를 빼나 안빼나 의미없게 된 것 같습니다. 따라서 그렇다면 이렇게 된 경우, 정직하게 조문대로 x도 더해줘서 총 3000x200을 해서 봐야 할까요, 아니면 당연히 중복해서 손해액을 부과할 수는 없으니 생산능력범위를 초과한 2500x200만 2호에 해당하는 거로 봐야하나요? 아니면 애초에 이렇게 애매한 수량으로는 문제를 낼 일이 없어서 고민을 하지 않아야 하나요? 답변 미리 감사드립니다!","위(274번 글)에 제가 강의노트와 함께 설명을 붙여 놨으니, 한 번 살펴보고 다시 질문해 주세요. 답글기능 더보기", ,,21.02.15
특허법,조문,127조,[127조] 간접침해 반제품,"2019.10.17 선고 2019다222782, 2019다222799 <특허발명의 주요구성을 모두 갖춘 반제품에 관해서 해당 부품전체의 생산 또는 반제품의 생산만으로도 특허발명의 각 구성요소가 유기적으로 결합된 일체로서 가지는작용효과를 구현할 수 있는 상태에 이르렀따면 예외적으로 국내에서 특허발명의 실시 제품이 생산된 것과 같이 보는 것이 특허권의 실질적 보호에 부합한다.> 밑줄 친 부분에서 특허발명의 실시제품이 생산된 것과 같이 보는 것이므로 결국 반제품의 생산은 2조 3호 실시에 해당하여 직접침해를 구성하는 것인가요 아니면 간접침해인가요? 감사합니다~!","반제품의 생산이 완제품의 생산에 다름없다면 직접침해이고, 그렇지 않다고 간접침해가 될 수 있습니다. 다만, 이 경우 완제품의 생산이 국내에서 이뤄져야 합니다. 열공하세요~", ,,21.02.18
특허법,조문,128조,[128조] 128조 2항 2호의 해석,"안녕하세요. 임병웅 변리사님. <128조 2항 2호 일부> ""그 물건의 양도수량 중 특허권자 또는 전용실시권자가 생산할 수 있었던 물건의 수량에서 실제 판매한 물건의 수량을 뺀 수량을 넘는 수량 또는 그 침해행위 외의 사유로 판매할 수 없었던 수량이 있는 경우 이들 수량"" 앞선 질문글들에서, 표시한 ""또는"" 부분의 해석을 앞 뒤의 두 수량을 더해준다고 생각하면 되나, 겹치는 부분이 있을 수 있다고 말씀하신 것을 보았습니다. 답변하신 내용대로라면, 위 문제의 2번 선지에서는 을의 침해행위 외의 사유로 판매하지 못한 특허제품 500개가 모두 갑의 생산능력범위 초과수량인 2500개에 포함되어 있는 것인가요? 만약 맞다면 포함이 되는 이유가 알고 싶습니다. 항상 친절한 답변 감사드립니다! 저작자 표시컨텐츠변경비영리","포함됩니다. ""특허권자 또는 전용실시권자가 생산할 수 있었던 물건의 수량에서 실제 판매한 물건의 수량을 뺀 수량을 넘는 수량(2500개)""의 범위가 ""그 침해행위 외의 사유로 판매할 수 없었던 수량(500개)""보다 더 크기 때문에 그에 대해 합리적 실시료를 청구할 수 있습니다. 열공하세요~", ,,21.02.20
특허법,조문,128조,[128조] 손해액 질문입니다,안녕하세요 임병웅 변리사님 128조 액수관련 질문입니다 599쪽 문제에서 2002년 손해액 계산시 시장 규모가 24000개였다면 128조2항에 따른 손해액은 (20000 - 15000 ) * 100 원이 1호따른 액수이고 4000 * 50 원이 2호에 따른 액수여서 70만원이 총액이 맞는건가요?,"문의하신 질문의 전제 조건 자체가 말이 안 됩니다. 시장규모가 24,000개라면 갑 15,000개 판매 + 을 14,000개 판매의 합인 25,000개를 초과합니다.", ,,21.02.22
특허법,조문,132조,[132조] 자료의 제출 조문 관련,"1항의 ^당사자^ 를 A, ^상대방 당사자^를 B라고 지칭하였을때, 제가 이해한 바로는 4항의 ^당사자^는 B, ^상대방^은 A, 5항의 ^당사자^, ^그 당사자^ 모두 A로 인지하였는데, 올바르게 이해하였는지 여쭈어보려고 질문드립니다.",네. 정확히 이해하고 있습니다., ,,21.05.08
특허법,조문,126조,[126조] 생산후 보관의 경우,"거래계에서 생산시 판매 등이 이루어지는게 보통이나 생산후 보관만 하는 공우로 가정하겠습니다. 1. 실시행위독립의 원칙에 따라 생산과 보관을 나누어 판단해야하고 생산의 경우 침해금지청구, 손배청의 대상 보관의 경우 침해예방청구 여지있음 으로 판단하면 맞을까요. 2. 이때 생산후 업으로서 실시가 아닌 개인적, 가정적 실시의 경우 침해금지, 손배청의 대상도 되지 않는 것이 맞나요? 항상 감사합니다.",1. 네 2. 네. 침해가 아닙니다. 열공하세요~, ,,21.05.16
특허법,조문,128조,[128조] 2014나1463 判例,128조 관련하여 2014나 1463판례는 특허법 128조는 특허권이 침해되었다고 인정되는 경우에 그로 인한 손해를 산정함에 있어서 그 손해액에 관한 특허권자의 입증의 부담을 경감하려는 취지에서 마련된 규정으로서..(중략) 특허권자는 특허법 128조의 각항에 규정되어 있는 각각의 손해액 산정방식을 선택적 또는 중첩적으로 주장할 수 있다. 라고 판시하는데 여기서 선택적 중첩적의 의미가 무엇인지 궁금합니다. 저는 128조 각항을 주위적 예비적 청구가능하다 알고 있었는데 판례 문구에 선택적 중첩적이라는 문구가 나와 어떻게 해석할지 여쭙고 싶습니다.,"판결을 읽어보면, 법 제128조제2항제1호와 법 제128조제4항 중 어느 하나를 선택할 수 있고, 같이 주장할 수도 있다는 의미로 쓰이고 있습니다. 원문 검색해서 읽어보면 바로 답이 나옵니다.", ,,21.05.19
특허법,조문,,침해에 대한 조치,1번 보기에서 침해행위를 조성한 물건의 반환을 청구할 수 있음을 명시하지 않는다 라고 나와있는데 231조를 보면 피해자의 청구에 따라 교부할것을 선고하여야 한다고 써있는데 이게 반환을 청구할 수 있다고 명시하는 것 아닌가요?,"법 제231조는 침해인 경우에 적용되며, 침해의 우려가 있는 경우에는 적용되지 않습니다. 그리고 법 제126조는 폐기제거청구를 부대청구로 명시하고 있고, 반환청구를 명시하고 있지 않습니다. 열공하세요~ 답글기능 더보기", ,,21.07.08
특허법,조문,128조,[128조] 한계이익설의 입증책임에 관하여 궁금합니다,"리담특허법 861p 손해액의 추정에 관한 항목을 보면128조 4항의 추정효과가 적용될때 침해자는 특허권자등의 실손해액이 자신의 이익액보다 적음을 입증하면 본 조항의 추정효과를 벗어날수 있다고 서술되어있습니다. 그리고 각주 259)를 보면 하단 도표의 {한계이익설- 근거} 부분에서 '매출액의 입증책임은 권리자, 변동경비에 대한 입증책임은 침해자에 있음'이라고 서술되어있는데 이는 침해자의 이익에 관련된 부분이라고 생각됩니다. 그럼 128조 2항에서 손해액을 산정 할때 사용되는 '특허권자 또는 전용실시권자가 그침해행위가 없었다면 판매할 수있었던 물건의 단위 수량당 이익액'에도 동일하게 '매출액의 입증책임은 권리자, 변동경비에 대한 입증책임은 침해자에 있음'이 적용되는지 아니면 다른 입증책임이 있는것인지 궁금합니다. 저작자 표시컨텐츠변경비영리",입증책임은 법률요건분류설에 의하기 때문에 자기에게 유리한 내용은 자기가 주장입증합니다.. 따라서 변동경비는 침해자가 입증하는 것이 적절합니다. 열공하세요~, ,,21.09.02
특허법,조문,128조,[128조] 손해배상청구,4번 보기 질문드립니다. 128조 4항에 의하면 침해자 을이 취한 이득을 갑의 손해액으로 산정해야 하므로 2500개×1000원 = 250만원 이 맞는 보기 아닌가요? 법 개정과 관련이 있는거 같은데 어느 부분에서 문제가 되는건지 잘 모르겠습니다. 감사합니다.,"손해가 발생됨을 전제로 손해액이 추정되는 것인데, 여기서 손해는 매상감소에 의한 일실이익이기 때문에, 생산능력범위내에서 손해액이 추정되는 것이 합리적입니다. 다시, 정리하면 법 제128조제2항제1호와 관련되어 제4항의 추정규정이 적용되는 것이 적절합니다. 다만, 이에 대해서는 아직 최근 판례가 없는 상태입니다. 열공하세요~", ,,21.09.17
특허법,조문,127조,[127조] 반제품 생산의 간접침해,"변리사님 안녕하세요 반제품 생산의 간접침해 성립에 관련하여 질문있습니다. 특허발명의 생산에만 사용하는 물건(반제품 등)을 국내에서 생산, 특허발명의 실시(완제품 조립_생산)는 국외에서 일어나는 경우, 특허발명의 생산에만 사용하는 물건을 국내에서 생산한 행위는 종속설을 따를 때 간접침해가 아님으로 알고 있습니다. 1. 만약 완제품 조립, 생산등의 행위가 위와 같이 국외에서 일어난다고하더라도, 국내에서의 특허발명의 생산에만 사용하는 물건(반제품 등)생산이 완제품 생산과 다름없는 수준이라면 위 판례와 관계없이 직접침해라 보면 되나요? 감사합니다.","네, 그렇습니다.", ,,21.09.24
특허법,조문,127조,[127조] 독립설과 종속설 관련 판례,"안녕하세요 변리사님! 간접침해 파트 공부를 하다가 독립설과 종속설 관련해서 질문이 생겼습니다. 종속설은 직접 침해가 있어야 간접 침해가 성립이 되고, 독립설은 직접 침해의 성립 여부가 간점 침해의 성립 여부에 영향을 주지 않는 다는 의미로 이해하고 있습니다. 강의노트 408쪽에 이에 관련된 판례가 3개 제시 되어있는데, 왜 이 세 판례가 독립설과 종속설의 예시로 제시가 되었는지 이해가 되지 않습니다. 1. 마찰교반용접 방법 사건 실시권을 가진 자의 특허 발명 실시는 직접 침해가 아닌데, 그 자에게 간접침해행위에 해당하는 물건을 생산하여 양도 등을 하는 행위는 간접침해에 해당하지 않는다. 2. 반제품 사건 국외에서 물건의 생산에만 사용되는 물건을 생, 양, 대, 수청 하는 행위가 이루어지더라도 간접 행위가 아니다. 예외적으로 국내에서 구성품 전부를 생산하거나 대부분의 생산단계를 마친 후 외국에서 사소한 단계를 진행하는 등의 예외적인 경우에는 간접침해로 본다. -> 위 두 판례에서는 간접 침해의 여부를 판례의 결론으로 내리고 있는데, 이 부분이 어떻게 직접침해와 관련이 되어서 종속설이라는 개념이 성립이 되는 것인지 궁금합니다. 아무리 봐도 그냥 간접침해 판례 같아요...","간접침해 판례인데, 결론이 직접침해가 아니기 때문에, 간접침해도 아니라는 것입니다. 열공하세요~", ,,21.10.05
특허법,조문,127조,[127조] 간접침해,"안녕하세요. 객관식 풀다가 궁금증이 생겨 질문드립니다. 특허법원 2009.12.18. 선고 2008허13299 판결에서는 특허권이 공유인 경우에 있어서는, 우리나라에서 그 방법의 실시에만 사용되는 물건이 양되되었다고 하더라고, 그 물건이 공유자 중 일부의 소유이고 그 소유자가 아닌 다른 공유자가 그 물건의 양도에 대해서 동의한 바가 없다면, 양수인 또는 전득자가 그 물건을 이용하여 해당 방법발명을 실시하는 것과 관련하여서 특허권이 소진되지 않는다. 와 같이 판시되어있습니다. 객관식 580번(간접침해로 볼 수 있는 가능성이 가장 높은 지문 고르는 문제) 3번지문 : 丙은 특허발명인 컴퓨터 마우스의 특허에 대한 공동소유자인데, 그 마우스의 생산에만 사용되는 볼을 다른 공동소유자인 戊의 동의없이 월 1만원에 대여하였다. 3번 지문에서의 사안은 간접침해로 볼 수 없는 사안인가요?","3번 지문은 볼을 대여한 것이 통상실시권 허락이라고 볼 수 없으므로, 법 제99조 제4항과 무관합니다. 오히려, 법 제99조 제3항의 범위라고 이해해야 합니다. 열공하세요~ 답글기능 더보기", ,,21.10.11
특허법,조문,127조,[127조] 간접침해에서 제조장치 침해,"A발명, A의 제조방법 발명, A의 제조장치 발명을 비교하는 표에서 (강의노트p.409) 특허발명이 A의 제조장치이고, A의 제조방법을 실시할 때, A의 제조방법의 사용에 의한 A의 사양대수청은 비침해라고 되어있는데, 이 때에도 A의 제조방법을 사용할 때 특허발명인 A제조장치를 사용했다면 침해가 되지 않나요? 감사합니다!","A 제조장치의 실시는 A 제조장치의 사양대수청일뿐, A의 사양대수청은 아닙니다. 열공하세요~", ,,21.10.20
특허법,조문,128조,[128조] case2에서 실제 판매한 수량,안녕하세요 변리사님 128조를 공부하다가 헷갈리는굿이 있어 질문드립니다. case2에서 128조2항1호를 계산할때 특허권자가 실제 판매한 수량이 있을경우에 그 수량을 a라 하면 a도 계산시 고려를 해야하는것 아닌가요? case2에서는 딱히 그런 언급이 없어 질문드립니다. 그래서 생각해보았는데 i. 대부분의경우 그림에서 표시된 a와 b중 a<b이기때문에 그렇게 가정을 하여 딱히 a에 대해 언급하지않았다 그러므로 a>b인 경우는 a도 계산에 고려해야한다 ii. 원래 case2에서는 a를 고려할 필요가없는것이다 두가지 경우를 생각해보았는데 어떤것이 맞는것인가요?ㅜㅜ 저의 생각은 일단 i이라서라고 생각하기는 했습니다 만약 특허권자가 실제로 판매한 수량이 있다면 그만큼은 단위수량당 이익액으로 계산하는것에서 제외해야한다고 생각해서요..,"실제 판매한 수량이 있다면 당연히 a를 고려해야 합니다. 즉, 생산할 수 있었던 수량에서 실제 판매한 수량을 빼야 합니다. 열공하세요~", ,,21.10.30
특허법,문제,132조,[132조] 객관식p.622 자료제출 조문 관련,"3번 선지 : 자료의 소지자가 그 자료의 제출을 거절할 정당한 이유가 있으면 제출을 하지 않을 수 있다. 다만, 영업비밀에 해당하는 경우는 정당한 이유로 보지 아니한다. 3번 선지가 옳지 않은 선지로 되어있는데, 침해의 증명 또는 손해액 산정에 반드시 필요하다 라는 조건이 빠져서 틀린 선지인건가요?","네. 그렇습니다. 1) 영업비밀에 해당할 것, and 2) 반드시 필요할 것의 요건을 충족해야 합니다. 열공하세요~", ,,21.11.02
특허법,조문,127조,[127조] 간접침해와 권리소진,"안녕하세요 임병웅 변리사님! 간접침해부분에서도 권리소진이 된다고 해서 그러는데 권리소진은 방법발명인 경우에도 적용된다는 판례 -> ""방법발명을 실질적으로 구현하는 물건"" 이문구를 127조2호 ""방법실시에만 사용하는 물건"" 랑 같은 의미로 볼 수 있어서 특허권자가 방법실시에만 사용하는 물건을 양도하는 경우에 권리소진이 되는 건가요??","리담특허법에 보면, “어떤 물건이 방법발명을 실질적으로 구현한 것인지 여부는 ⅰ) 사회통념상 인정되는 그 물건의 본래 용도가 방법발명의 실시뿐이고 다른 용도는 없는지 여부, ⅱ) 그 물건에 방법발명의 특유한 해결수단이 기초하고 있는 기술사상의 핵심에 해당하는 구성요소가 모두 포함되었는지 여부, ⅲ) 그 물건을 통해서 이루어지는 공정이 방법발명의 전체 공정에서 차지하는 비중 등 위의 각 요소들을 종합적으로 고려하여 사안에 따라 구체적ㆍ개별적으로 판단하여야 한다."" 고 기술되어 있습니다. 정리하면, 같은 의미가 아니라 실질적으로 구현한 것의 하나의 예시일 뿐입니다. 열공하세요~", ,,21.11.16
특허법,조문,128조,[128조] 손해배상액 계산 방법 비교,128조 각 항별로 손해배상액 계산을 정리해보았습니다. 모두 옳은지 확인 부탁드립니다. 2항 = 1호 금액 + 2호 금액 1호 : ['인정수량'과 '생산능력' 중 작은 값] X [특허권자 등의 단위수량 당 이익액] 2호 : [(침해자의 양도수량) - ('인정수량'과 '생산능력' 중 작은 값) - (특허권 설정 허락 불가 수량)] X [단위수량 당 합리적 금액] 4항 ['인정수량'과 '생산능력' 중 작은 값] X [침해자의 단위수량 당 이익액] 5항 ['인정수량'] X [단위수량 당 합리적 금액] 6항 ['인정수량' - '생산능력'] X [단위수량 당 합리적 금액] 항상 좋은 강의 정말 감사합니다! 저작자 표시컨텐츠변경비영리,"저보다 잘 정리했네요. 다만, 제2항제2호는 [(침해자의 양도수량) - ('인정수량'과 '생산능력' 중 작은 값) - (실시권 설정/허락 불가 수량)] X [특허권자의 단위수량 당 합리적 금액] 로 수정해야 될 것 같고, 제6항은 제5항을 초과하는 손해액이 있으면 손배청구할 수 있다는 규정으로, 굳이 공식으로 표현하면, 실제손해-제5항의 손해 로 될 수 있습니다. 열공하세요~", ,,21.11.17
특허법,조문,128조,[128조] 15년 기출변형 문제에서 ‘합리적으로 받을 수 있는 금액’의 선택,위 문제에서 합리적으로 받을 수 있는 금액은 매출의 5%라 나와있습니다. 문제에선 갑과 을의 판매가격이 제시되어있고 이 중 을의 판매가격의 5%를 합리적금액으로 택하였습니다. 왜 을의 판매가격을 택하여 합리적금액으로 정하게됐는지 궁금합니다. 직관적으로는 갑이 피해를 입었기에 갑을 기준으로 합리적금액을 선택하는게 맞지않나 했습니다. 항상 좋은 강의 정말 감사합니다!,"규정의 취지를 보면 알 수 있습니다. 규정의 취지는, 특허권자로부터 허락을 받은 자(실시권자)가 올린 매출의 %를 실시료로 받을 수 있는 기회를 박탈한 것에 대한 보상으로, 최소한의 한도액을 정한 것입니다. 따라서, 을의 매출을 기준으로 %를 계산하는 것이 합리적 해석입니다. 열공하세요~", ,,21.11.22
특허법,문제,127조,[127조]간접침해 마찰교반용접방법,안녕하세요 임병웅 변리사님! 실시권 약정에 관하여 질문드립니다. 마찰교반용접방법case 문제(586번) 5번 지문 을이 약정을 위반한 상황위반한 왜 571번 5번지문과 같이 실시권범위를 위반한특허권침해가 아니라 계약위반인지 궁금합니다. 두 사례의 차이가 계약의 내용차이 때문인가요?,"방법발명의 사용에 대한 실시권의 범위에 전용품의 제작도 포함되기 때문에 침해가 되지 않는다는 것입니다. 다만, 전용품의 제작을 제한하는 계약조건이 있다면 계약 위반으로 볼 수도 있다는 것이 판결의 요지입니다. 열공하세요~", ,,21.12.04
특허법,조문,127조,[127조] 간접침해와 권리 소진,"안녕하세요. 예전에 질문드린 내용에서 추가적으로 질문사항이 생겨 질문드립니다. 우선 질문과 답변 내용 복사한 것입니다. [예전 질문] 특허법원 2009.12.18. 선고 2008허13299 판결에서는 특허권이 공유인 경우에 있어서는, 우리나라에서 그 방법의 실시에만 사용되는 물건이 양되되었다고 하더라고, 그 물건이 공유자 중 일부의 소유이고 그 소유자가 아닌 다른 공유자가 그 물건의 양도에 대해서 동의한 바가 없다면, 양수인 또는 전득자가 그 물건을 이용하여 해당 방법발명을 실시하는 것과 관련하여서 특허권이 소진되지 않는다. 와 같이 판시되어있습니다. 객관식 580번(간접침해로 볼 수 있는 가능성이 가장 높은 지문 고르는 문제) 3번지문 : 丙은 특허발명인 컴퓨터 마우스의 특허에 대한 공동소유자인데, 그 마우스의 생산에만 사용되는 볼을 다른 공동소유자인 戊의 동의없이 월 1만원에 대여하였다. 3번 지문에서의 사안은 간접침해로 볼 수 없는 사안인가요? [답변] 3번 지문은 볼을 대여한 것이 통상실시권 허락이라고 볼 수 없으므로, 법 제99조 제4항과 무관합니다. 오히려, 법 제99조 제3항의 범위라고 이해해야 합니다. 추가 질문은 위 사안에서 만약 丙으로부터 볼을 대여받은 자가 그 물건을 이용하여 물건발명을 실시하는 것과 관련하여서는 권리소진이 되지 않는 것인가요? 친절한 답변 감사드립니다!","권리소진이 되기 위해서는 적법하게 양도되어야 하는데, 대여기간 내에는 권리소진이 발생한 것으로 인정될 것으로 보이네요. 열공하세요~", ,,21.12.21
특허법,조문,128조,[128],~~~~ 한도로 하는 것도 틀린지문 인거 맞나요?,"약간 해석의 여지가 있어 보이네요. 생산능력범위 수량에 따른 금액에서 인정수량(양도수량-침해외의 사유 수량)금액을 손해액으로 한다는 의미에서 맞는 지문입니다. 다만, 법 제128조제2항2호까지 더하여 손해액을 산정해야 한다는 의미로 해석하면 틀린 지문으로 해석될 여지도 있네요. 열공하세요~", ,,21.12.22
특허법,조문,128조,[128조] 침해에 대한 손해배상청구권 인과관계,"안녕하세요! 128조 손해배상청구권과 인과관계 증명에 관하여 질문 드립니다. 침해로 인한 손해액의 범위와 관련하여, 소극적 손해(매상감소, 실시료 수입 감소 등)는 인과관계 입증하지 않아도 되는 반면, 적극적, 정신적 손해와 제품가격 인하로 인한 일실이익 등은 특허권자가 인과관계를 입증해야 손해배상청구가 가능하다고 알고 있습니다. 그런데 도해책 p.195의 손해액의 범위에 정리된 소극적 손해에 관한 표에서는, 비고란에 각각 매상감소 - 감소된 판매수량이 침해자 때문이라는 것을 입증해야 함 제품가격 인하 - 가격 인하가 영업상의 문제가 아니라 침해자 때문이라는 것을 입증해야 함 실시료 수입의 감소 - 침해자 때문에 침해품 판매수량만큼 실시권자가 판매하지 못하였음을 입증해야 함 이라고 되어 있어, 소극적 손해도 인과관계를 입증해야 하는 것인지 질문 드립니다. 감사합니다!","잘못 이해하고 있습니다. 소극적 손해라도 법 제128조에 규정된 것, 즉 매상감소, 실시료 수입의 감소를 제외하고 인과관계를 입증해야 합니다. 열공하세요~ 답글기능 더보기", ,,21.12.23
특허법,조문,126조,"[126조]침해금지 청구권, [128조]손해배상청구권","안녕하세요. 임병웅 변리사님. 특허권 공유 시, 일부지분을 가진자의 침해소송에서 단독권리행사 가부에 대하여 질문드립니다. 침해금지청구권의 경우 단독권리행사가 가능하다는 대법원 판례가 변리사님 교재에 기재되어 있어 가능한 것으로 알고 있습니다. 그렇다면, 손해배상청구권의 경우에도 민법상 분할채권(민법 262조)으로 보아 당연히 자신의 지분에 기한 단독 권리행사가 가능한 것으로 보아야 할까요? 관련 대법원 판례가 있는지 궁금합니다. 항상 감사드립니다!","기본서에 기술되어 있는 내용입니다. ""손해배상청구권을 행사할 수 있는지에 대해서는 견해의 대립이 있으나 손해배상청구권은 가분채권이므로 각 공유자는 자기의 지분 비율에 따른 손해액의 청구를 하는 손해배상청구를 할 수 있다고 보는 것이 타당하다."" 열공하세요~", ,,22.01.14
특허법,조문,127조,[127조] 간접침해,"간접침해에서 방법의 실시에만 사용하는 물건의 양도의 청약을 하는 행위와 관련하여 질문드립니다. 제2조 3호 나목에서 방법의 사용을 청약하는 행위는 특허권을 침해한다는 것을 알면서 하는 경우에만 침해라고 알고 있는데, 방법발명에 대한 간접침해에서는 방법의 실시에만 사용하는 '물건'의 양도 청약이여서 고의여부와 상관 없이 침해로 보는 것이 맞는지 궁금합니다.","어려운 질문입니다. 법조문상으로는 간접침해가 성립하나, 직접침해에서도 고의범만 침해라는 법 제94조제2항의 취지상 간접침해도 그렇게 적용되어야 할 것으로 보입니다. 다만, 실질적인 적용사례를 보면 방법의 사용이 아닌데, 방법 사용의 청약에만 해당하는 물건이 있을 수 없지 않나 생각이 드네요. 그렇다면 문의하신 내용은 논의의 실익이 없어 보이네요. 열공하세요~", ,,22.01.24
특허법,조문,126조,[126조] 방법발명 침해금지청구권,"침해금지청구권은 고의,과실을 요하지않습니다 침해가 성립하면 무조건입니다 그러나 방법발명의 경우 청약하는 행위에 대해선 침해임을 알고 해야하므로 고의가 필요합니다 그럼 방법발명 중 청약에 대한 침해를 이유로 침해금지청구권을 제기하는경우, 고의를 요한다고 봐야하는게 맞나요?","네, 논리적으로 그렇게 되네요. 고의가 있는 경우에 침해이고, 침해인 경우에 한해 침해금지청구권을 행사할 수 있으니까요. 열공하세요~", ,,22.02.03
특허법,문제,128조,[128조] 19년 기출 변형,"2번지문에서 갑의 생산능력은 2000-1500 = 500개 을의 인정수량은 3000-500 = 2500개 침해 행위 외의 사유로 판매할수 없었던 500개가 총 양도 수량 3000개를 기준으로 하면 인정수량과 겹치므로 500*1000 + 2500*200 = 1000000원 그럼, 침해 행위 외의 사유로 판매할 수 없었던 제품 개수가 2000개 라고 하면, 갑의 생산능력 = 500개 동일 을의 인정수량 = 3000-2000 = 1000개 침해 행위 외의 사유로 판매할 수 없었던 제품 개수가 2000개가 총 양도 수량 3000개 기준으로하면 인정수량 과 겹치지 않음 손해액 = 500*1000 + (1000-500)*200 + 2000*200 = 양도수량중 생산능력을 넘지 않는 수량 * 특허권자 단위 이익액 + 양도수량중 생산능력 넘는 수량 (인정수량-생산능력) * 합리적 금액 + 침해행위 외의 사유로 판매할 수 없었던 수량 * 합리적 금액 그럼, 침해 행위 외의 사유로 판매할 수 없었던 제품 개수가 2700개 라고 하면, 갑의 생산능력 = 500 을의 인정수량 = 3000-2700 = 300개 손해액 = 300*1000 + (500-300)*200 + 2500*200 결국, 문제 상에서 실시권 설정/허락 불가 수량이 없다면 128조2항2호 ""또는""의 의미가 생산 능력 넘는 수량과 침해행위 외의 사유로 판매할 수 없었던 수량을 더한 것이니 반드시 양도수량 전체에 대해 손해액을 계산하도록 고려할 수 밖에 없는 것인지요 ? 긴 질문 읽어주셔서 감사합니다!","조금 더 쉽게 이해하면 좋을 것 같네요. 법 제128조제2항제2호는 결국, 양도수량 -법 제128조제2항제1호에서 계산된 수량-실시권 설정/허락불가수량이라고 생각하면 됩니다. 다시 정리하면, 법 제128조제1항제1호: ['인정수량'과 '생산능력범위수량' 중 작은 값] X [특허권자 등의 단위수량 당 이익액] 법 제128조제2항제2호: [(침해자의 양도수량) - ('인정수량'과 '생산능력범위수량' 중 작은 값) - (실시권 설정/허락 불가 수량)] X [특허권자의 단위수량 당 합리적 금액] 입니다. 열공하세요~", ,,22.02.07
특허법,조문,128조,[128조] 128조 4항 손해배상액의 추정관련,"안녕하세요 변리사님. 항상 귀한 시간 내주셔서 질문에 답해주셔서 감사합니다. 128조 4항에서, ‘손해배상액을 청구하는 경우 특허권 또는 전용실시권을 침해한 자가 그 침해행위로 인하여 얻은 이익액을 특허권자 또는 전용실시권자가 입은 손해액으로 추정한다.’ 라는 규정에 대해 질문을 드리고 싶습니다. 이 규정은 특허권자의 생산능력 범위 내에서 청구가 가능한 것은 이해를 했는데, 생산능력범위라는 것이 실제로 생산한 양인지, 판매한 양인지 궁금합니다. 즉 만약에 특허권자가 생산할 수 있는 수량이 500개이고 실제 판매한 수량이 300개일 때, 침해자가 700개를 판매했다면, 각 제품의 단위수량당 이익액이 같다고 가정했을 때 ‘생산능력 범위 내에서 청구’에서 말하는 생산능력범위를 500개*단위수량당 이익액 으로 봐야하나요, 300개*단위수량당 이익액 으로 봐야하나요?","생산할 수 있었던 수량에서 판매한 수량을 뺸 수량을 생산능력범위수량이라고 합니다. 따라서, 문의한 사안에서는 200개*단위수량당 이익액입니다. 열공하세요~", ,,22.02.10
특허법,조문,128조,[제128조] 손해액 추정,"안녕하세요 제128조 제4항에서 침해자의 이익액을 권리자의 손해액으로 추정한다고 규정하고 있는데 이때 추정은 권리자의 생산능력범위내에서 계산해야 하나요? 2019년 기출, 리담 객관식 601 리담 객관식 601번 해설에서는 갑의 생산능력 범위내에서 계산되어 있는데, 2019년 기출 정답을 보면 갑 생산능력은 따로 고려하지 않은 것 같아서 헷갈리네요 저작자 표시컨텐츠변경비영리","법 제128조제4항은 손해가 발생함을 전제로 손해액이 추정되는데, 여기서 손해는 매상감소에 의한 일실이익이기 때문에, 생산능력범위내에서만 손해가 발생할 수 있습니다. 열공하세요~", ,,22.02.11
특허법,조문,132조,[132조] 자료제출명령에 따르지 아니한 때 제재에 관한 질문,"안녕하세요 변리사님~ 132조를 공부하다가 막히는 부분이 생겨서 질문 드립니다! 132조 5항에 '제4항에 해당하는 경우 자료의 제출을 신청한 당사자가 자료의 기재에 관하여 구체적으로 주장하기에 현저히 곤란한 사정이 있고 자료로 증명할 사실을 다른 증거로 증명하는 것을 기대하기도 어려운 때에는 법원은 그 당사자가 자료의 기재에 의하여 증명하고자 하는 사실에 관한 주장을 진실한 것으로 인정할 수 있다.' 라고 나와있는데 여기서 자료의 제출을 신청한 당사자는 특허권자이고, 그 당사자도 특허권자가 맞을까요? 그리고 '자료의 기재에 관하여 구체적으로 주장하기에 현저히 곤란한 사정이 있고 자료로 증명할 사실을 다른 증거로 증명하는 것을 기대하기도 어려운 때' 라는 상황의 주체가 특허권자인지 침해피의자인지 잘 모르겠습니다. ㅠㅠ 조문에 적힌 대로 해석하면 이 문장의 주어가 특허권자여서 특허권자가 자료의 기재에 관하여 주장하기 곤란하고, 다른 증거로 증명하는 것을 기대하기 어려운 때라고 읽히는데, 실제로 자료의 기재에 관하여 주장하고 입증해야 하는 주체는 자료제출명령을 받은 침해피의자가 인 것 같아서 어느것이 맞는지 계속 의문이 듭니다...! 또한 앞선 문장에서의 주체가 헷갈려서 그런지 조문의 마지막에 진실한 것으로 인정할 수 있는 주장은 결국 침해피의자의 주장인지 특허권자의 주장인지도 잘 모르겠습니다 ㅠㅠ 항상 좋은 강의 잘 듣고 있습니다 감사합니다 ~!","빨간색, 녹색, 파란색, 주황색 모두 특허권자(전용권자)입니다. 1) 특허권자가 주장을 하였는데(빨간색), 2) 구체적으로 주장하기에 현저히 곤란 & 다른 증거로 증명하는 것을 기대하기도 어려운 경우(녹색) 3) 특허권자가 증명하고자 하는 사실에 관한(파란색) 4) 주장을 진실한 것으로 인정할 수 있다(주황색). 열공하세요~", ,,22.05.09
특허법,조문,128조4항,128조 4항 추정에 관하여,"안녕하세요 변리사님! 손해배상액 추정에 대해서 복습하다 막히는 부분이 있어 질문 드립니다. [침해행위로 인하여 얻은 이익액] : (침해자의 양도수량 * 침해자의 단위수량 당 이익액) 인걸로 알고 있습니다. 하지만 강의노트 pg.367에서 보시면 추정은 ('인정수량' 과 '생산능력' 중 작은 값 * 침해자의 단위수량 당 이익액)으로 되어있는데, 둘중에 어느 계산식이 맞는건가요? 항상 좋은강의 해주셔서 감사합니다.","발생한 매상감소에 의한 일실이익의 손해범위내에서 손해액이 추정되니, ('침해자의 양도수량' 과 '생산능력범위수량' 중 작은 값 * 침해자의 단위수량 당 이익액)이 맞습니다. 즉, 손해가 발생하지 않았으면 손해액이 추정되지 않습니다. 열공하세요~", ,,22.05.10
특허법,조문,128조,[128조] 전용실시권을 설정한 특허권자의 지위,"특허권자가 전용실시권자로부터 판매량에 따른 실시료(running royalty)를 받을 때, 침해자가 침해행위로 이익을 얻은 때 그 이익액을 특허권자 또는 전용권자가 입은 손해액으로 추정하며 따라서 특허권자 및 전용권자가 입은 손해의 총액은 침해자가 얻은 이익액에 한정하므로 전용권자의 손해는 특허권자에게 지불하여야 할 실시료 상당액을 공제한 잔액이라고 서술되어 있습니다. 이를 공제하지 않으면 특허권자에 대한 실시료 상당액의 이중지급이 된다고 되어있는데, 이 부분이 잘 이해가 되지 않습니다. 예시로, 침해전 총 판매에 따른 이익액이 100, 침해자의 판매에 따른 이익액(=특허권자 손해액+전용권자 손해액)을 30, 실시료율을 0.1(10%)라고 하겠습니다. 특허권자는 전용권이 설정되어 있기에 판매할 수 없으며, 전용권자에게 실시료를 받는 식으로 이익을 취하게 됩니다. 그런데 이 경우 침해가 없었다면 100*0.1=10에 해당하는 실시료를 받을 수 있었지만, 침해자의 침해로 인해 전용권자의 이익액이 100-30-70으로 줄어들면서, 70*0.1=7에 해당하는 실시료를 받게 됩니다. 따라서, 10-7=3에 해당하는 금액을 별도로 침해자에 대해 손해배상청구할 수 있습니다. 따라서, 전용권자의 손해는 특허권자에게 지불하여야 할 실시료 상당액(70*0.1=7)을 공제하는 것이 아니라 침해자의 침해로 인해 감소한 실시료 상당액(10-7=3)을 공제해야 계산상 맞을 것 같은데 이 부분이 궁금합니다. 저작자 표시컨텐츠변경비영리","용어를 잘못 이해하고 있네요. 특허권자에게 지불하여야 할 실시료 상당액을 공제한 잔액은, 전용권자의 손해액 중에서 실시료 상당액을 공제한 전액을 말하는 것으로써, 사안에서 3을 말하는 것입니다. 답글기능 더보기", ,,22.07.20
특허법,조문,128조,[128조] 기여율 산정,"기여율 산정 기준을 판시하는 2018나1893 판결에서 ""기여율을 산정함에 있어 특허발명의 실시 외에 침해자의 판매이익의 발생 및 증가에 기여한 요소 및 그와 같은 요소가 기여한 정도에 관한 입증책임은 침해자에게 있다."" 라는 문장이 있습니다. 여기서의 외에는 ~을 제외하고라고 해석되는 것이 적절한 것 같다고 판단하였습니다. 침해자의 판매이익의 발생 및 증가에 기여한 요소 및 그와 같은 요소가 기여한 정도는 기여율을 낮출 수 있기 때문에 침해자가 이를 입증하는 것이 유리하여 입증책임이 침해자에게 있지만 특허발명의 실시의 경우 특허권자가 이를 입증하는 것이 유리하기 때문입니다. 그런데, 2조 3호 다목에서 나목의 행위 외에 ~~ 에서의 외에는 ~를 포함하고라고 해석됩니다. 외에의 사전적 의미는 사실 ~를 제외하고인데 법조문이나 판례를 해석할때는 ~를 포함하고라고 해석되는 경우가 많은 것 같아 이를 어떻게 해석하여야 할지 궁금합니다. 저작자 표시컨텐츠변경비영리","말 그대로, A ""외"" B라는 것은 [바깥 외]를 사용하여, A 범위를 벗어난 B를 말합니다. 예를 들어, 홍길동, 임꺽정, 장보고 3인을 표현할 때, 홍길동 외 2인이라고 하는 것입니다. 인터넷에 검색해 보면 관련 내용들이 많이 있으니 참고해 보세요~", ,,22.07.21
특허법,조문,127조,127조 간접침해의 전용성의 판단시점,"안녕하세요 임병웅 변리사님, 간접침해의 타용도의 판단시점을 공부하다가 궁금한 점이 있습니다! 1. 판례에 의하면 침해금지소송을 제기할 때 사실심 변론 종결시를 기준으로 타용도가 있는 지 판단한다고 되어 있는데 그렇다면 손해배상청구소송에서만 행위시를 기준으로 간접침해에 쓰인 물건의 타용도를 판단하는 게 되는건가요? 2. 침해금지소송의 실익이 현재 또는 장래의 침해행위를 막기 위함이라고 이해하였는데 사실심인 2심을 넘어 사실심 변론 종결 후 상고심의 변론종결 시 타용도가 있다고 판단이 된다면 상고심 법원의 판단은 어떻게 되는건가요? 감사합니다!","1. 네, 침해금지는 미래의 침해에 대하여, 손해배상은 과거의 침해에 대하여 권리를 행사하는 것입니다. 2. 대법원은 확정된 사실관계에 대한 법의 적용이 타당한지 여부만을 검토하기 때문에 질문한 내용은 발생할 수 없습니다. 열공하세요~", ,,22.08.25
특허법,조문,128조,[128조] 손해액의 산정과 추정,"안녕하세요 임병웅 변리사님, 128조 2항의 각호에 의한 손해액의 산정과 128조 4항의 손해액의 추정과 관련하여 궁금한 점이 있습니다! 1. 침해자의 양도에 의해 특허권자의 손해가 발생하고 128조 2항 2호의 '생산범위 초과수량'과 '침해행위 외의 사유로 판매할 수 없었던 수량' 모두 존재한다면 이들을 합한 수량의 실시에 대해 합리적으로 받을 수 있는 금액을 128조 2항의 손해액 산정에 포함시키는 것인가요?(괄호규정사유 제외 전제입니다!) 2. 128조 4항에 의한 손해액 추정시 기본서에 의하면 그 취지가 침해자의 단위수량당 이익액이 특허권자 등의 단위수량당 이익액보다 더 높을 때 원용할 수 있는 규정이라고 되어 있는데 뒤의 설명부분보면 손해액에 대한 논의를 판례는 한계이익설 이라고 하고 있습니다. 그렇다면 문제를 실제로 풀 때 Ⅰ) '침해자 자체의 이익액'이 제시가 되어 있고 그 값이 128조 2항의 산정된 손해액보다 높은 경우 Ⅱ) 침해자의 단위수량당 이익액이 제시되어 있고 이를 128조 2항의 특허권자 등의 단위수량당 이익액보다 높은 경우, 모두 128조 4항의 손해액 추정 규정이 적용이 되는 건가요? 감사합니다. 저작자 표시컨텐츠변경비영리","1. 법이 개정된 후 아직 판례가 없지만, 제128조제2항제1호의 생산능력범위내에서 제128조제4항이 적용되는 것이고, 제128조제2항제2호는 제128조제4항과 별개로 해석하는 것이 맞습니다. 2. ""침해자 자체의 이익액"", ""침해자의 단위수량당 이이액"" 모두 한계이익설을 기준으로 하고 있습니다. 그리고 침해자 자체의 이익액은 <침해자의 양도수량 * 침해자의 단위수량당 이익액>입니다. 열공하세요~", ,,22.08.25
특허법,문제,128조,128조] 객관식 문제집 620페이지 질문,"안녕하세요 변리사님! 객관식 문제집 620페이지에 128조 2항 2호 생산능력 범위 초과수량 손해액을 산정할 때 특허권자 갑의 초과수량에다가 침해자 을의 판매금액을 곱하였는데 단위수량당 합리적금액이 을의 단위수량당 이익액인 2,000원이 아니라 을의 단위 수량당 판매가격으로 해설이 되어있는지 잘 모르겠습니다!","문제를 읽어보면, 합리적 실시료율과 관련하여, 매출액의 5%라고 되어 있습니다. 매출액은 을의 판매금액*초과수량이 되고요. 열공하세요~", ,,22.09.05
특허법,조문,127조,127조] 반제품 관련,"안녕하세요 객관식 문제 질문드립니다. 국어의 문제인 것 같기는 한데 3,4번지문에서 말하는 '1과 같이' 는 반제품이 완제품과 다름없는 경우를 말하는 것으로 이해했습니다. 그래서 3번은 직접침해이고, 4는 간접침해라고 생각했는데 '이르지 못한 경우'라는 말이 추가됨으로써 완제품과 다름 없는 경우가 아니라는 말로 이해해야 되는 건가요? 감사합니다!",네, ,,22.09.22
특허법,조문,128조,"[128조] 손해액의 산정, 추정,의제","손해액의 산정, 추정, 의제의 내용이 어떻게 다른지는 알겠습니다. 다만 어떤경우에 산정, 추정, 의제하는것인지 잘 모르겠습니다. 혹시 손해액을 산정을 하지 못하면 추정하는 것이고 추정조차 못하면 의제로 손배액을 결정하는건가요? 감사합니다",3가지 중에서 어느 하나(가장 큰 손해액)를 선택하여 손해배상청구를 할 수 있습니다. 열공하세요~, ,,22.10.12
특허법,문제,128조4항,[128조 4항] 리담 객관식 625번 관련하여 질문드립니다,"안녕하세요, 문제집을 풀며 공부하던 중, 궁금증이 생겨 질문남깁니다. 리담 객관식 625번 문제 4번 선지를 보다가 의문이 생겨서 찾아보다가 든 질문입니다. 128조 4항을 보면, 제1항에 따라 손해배상을 청구하는 경우 특허권 또는 전용실시권을 침해한 자가 그 침해행위로 인해 얻은 이익액을 특허권자 또는 전용실시권자가 입은 손해액으로 추정한다. 라고 적혀있습니다. 리담 특허법 교재 888쪽 아래에서 4번째줄에는 ""특허권의 생산능력 범위 내에서 침해자의 단위수량당 이익액이 특허권자 등의 단위수량당 이익액보다 높을 떄 원용가능한 규정이다.""라고 나와있는데요, 조문에는 특허권자의 생산능력 범위 내라는 조건이 붙어있지 않음에도 불구하고 128조 4항을 적용할 때에는 특허권자의 생산능력 내의 조건 하에서 계산해야하는지 궁금하여 질문 드립니다!","판결이 손해가 발생함을 전제로 손해액이 추정된다는 것이고, 여기서 손해는 ""매상감소에 의한 일실이익""이니, 매상감소할 수 있는 범위, 즉 생산능력범위 내에서만 손해액이 추정된다고 해석함이 적절합니다. 열공하세요~", ,,22.10.21
특허법,문제,127조,[127조] 간접침해,"안녕하세요 21년 기출 선지 제 3항 : C와 결합하여 D단계, E단계, F단계로 음성을 컴퓨터에 의하여 인식하는 프로그램(P)에 의하여 구현되는 스마트폰의 음성인식방법 5번 선지 : 제 3자가 갑의 특허권을 인식하지 못하고 개발한 프로그램(p)이 제 3항 방법발명의 실시에만 사용하는 물건인 경우 그 프로그램의 양도의 청약은 특허법 제 127조 2호의 규정에 의한 침해이다. 여기서 프로그램은 '그 방법의 실시에만 사용되는 물건'에 해당하지 않아 틀린 것인가요? 그렇다면 이 선지에서 프로그램이 방법발명의 실시에만 사용하는 물건인 경우가 맞다는것을 가정했을 때 그 프로그램의 양도의 청약이 간접침해인지 물어보는 것으로 해석하면 맞는 선지가 되나요? 감사합니다 저작자 표시컨텐츠변경비영리",네. 그렇습니다., ,,22.10.23
특허법,문제,127조,[127조] 리담객 589면,"안녕하세요 변리사님 위 문제 보기 5번 질문드립니다. 1. 보기 5번의 ""물건(A)을 생산하는 기계(B)를 청구범위""는 제법발명이 맞나요? 2.보기 5번의 ""특허 X의 권리범위는 그 기계(B)로 생산된 물건(A) 및 그 제조방법에는 미치지 않는 것이므로""에서 ""미치는 것이므로""로 수정한다면 ""특허 X의 권리범위는 그 기계(B)로 생산된 물건(A) 및 그 제조방법에는 미치는 것이므로"" 이 문장은 옳은 문장인가요? 3. 보기 5번 해설에서 제조방법이라는 게 기계(B)를 의미하는건가요? 4. 제법발명이 맞다면 2조 3호 다목에 의해 물건(A)를 사용, 양도, 대여 등의 행위를 하는 건 침해가 맞지 않나요? 왜 보기 5번 해설에서는 ""그 물건(A)을 사용, 양도, 대여 등의 행위는 침해가 아니다""라고 하는지 모르겠습니다. 이 보기의 내용과 해설이 전체적으로 이해가 잘 안가는데, 혹시 부가적으로 설명해주신다면 정말 감사하겠습니다ㅠㅠ","1. 장치(물건) 발명입니다. 2. 그렇게 수정해도 틀린 문장입니다. 장치는 생산된 A에는 미치지 않고, 제조방법은 미칠 수도 있고 미치지 않을 수도 있습니다. 3.4. 장치와 제조방법은 전혀 다른 발명입니다. 기본서의 간접침해파트를 보면, A, A의 제조방법, A의 제조장치에 관한 비교표가 있으면 확인해 보세요~", ,,22.11.09
특허법,문제,128조,[128조] 리담객 620면,"안녕하세요 변리사님 위 문제 보기 2번에 대해 질문있습니다. 해설 부분에 빨간색 동그라민 친 부분들이 왜 乙의 판매금액 10,000원으로 산정되는지 잘 모르겠습니다. 1. 128조 5항에 의해 손해액이 의제될 때만 乙의 판매금액 10,000원으로 손해액 산정이 이루어지고 128조 2항 2호 말미 부분의 ""특허발명의 실시에 대하여 합리적으로 받을 수 있는 금액"" 이라 함은 특허권자 甲의 판매금액 11,000원으로 손해액 산정이 이뤄져야하는거 아닌가요...? 2. 해설처럼 128조 2항2호랑 5항 모두 乙의 판매금액 10,000원으로 손해액 산정이 이뤄진다면 차이가 없지 않나요? 두 개 규정의 실익이 있을까요??","1. 특허발명의 실시에 대하여 합리적으로 받을 수 있는 금액에서 실시의 주체는 <제3자>이지 <특허권자>가 아닙니다. 2. 네, 금액에서는 차이가 없습니다. 단, 제5항은 전체 양도수량을 기준으로 한다는 점에서 수량에서 차이가 발생합니다. 열공하세요~", ,,22.11.11
특허법,문제,128조,[128조] 리담객 620면,"안녕하세요 변리사님 관련 문제 질문 올렸었는데, 답변이 제가 완전히 알지 못 했던 내용이었더라고요. 알려주셔서 감사합니다. 그러다보니 추가 질문이 생겼는데요, 보기 5번에서 128조 5항에 때라 손해액 산정할 때, 위 사진에서 빨간색 동그라미 친 식 처럼 128조 2항 1호 : 15000개*1000원 128조 5항 : 15000개*10000원*0.05 총계 : 22,500,000원 1. 128조5항에 따라 손해액 의제할 때 위 식처럼 계산하는게 맞나요? 2. 아니면 저번에 답변 주셨던 것처럼 128조5항은 양도수량 기준으로 손해액 산정한다는 말에 따라 128조 2항 1호 : 15000개*1000원 이 부분은 포함하면 안되나요? 3. 128조5항에 따라 손해액 의제할 때, 손해액 산정은 128조 5항으로 산정된 손해배상금 만을 청구할 수 있는건가요? 답변 미리 감사드립니다! 저작자 표시컨텐츠변경비영리","1. 아니오. 틀렸습니다. 2. 법 제128조 제2항을 적용하거나 제5항을 적용하거나 해야 하는데, 둘을 더했네요. 3. 제5항에 의해 최소 손해액을 750만원으로 하되, 제2항을 적용할 수 있으면(특허권자가 입증가능하면) 1500만원에 대한 손해배상을 청구할 수 있습니다. 강의노트에 있는 그림을 잘 살펴보세요~", ,,22.11.16
특허법,조문,127조,"[127조] 제조방법, 제조장치",안녕하세요 변리사님 위 표에 대해서 질문드립니다. 저 표에서 특허발명 'A'는 2조3호가목에서 말하는 물건발명 특허발명 'A의 제조방법'은 2조3호다목에서 말하는 제법발명 특허발명 'A의 제조장치'는 2조3호가목에서 말하는 장치(물건)발명 이렇게 이해했는데 맞나요?,네. 맞습니다., ,,22.11.16
특허법,문제,128조,[128조] 침해에 대한 조치 (리담객 620번),"안녕하세요! 리담객 620번 질문드립니다. 위 빨간 박스친 부분을 보면, 128조 4항을 적용할 때에도 동조 2항을 적용할 때처럼 특허권자의 생산능력범위를 고려하고 있습니다. <질문> 원 특허권자의 생산능력범위를 고려하여 그 범위를 정하는 것은 128조 2항의 경우만 아닌가요? 128조 4항 조문에서는 그냥 ""그 침해행위로 인하여 얻은 이익액""이라고만 되어 있으므로 특허권자의 생산능력범위와 상관없이 ""침해자의 양도수량 전체 x 침해자의 단위수량당 이익액""으로 계산해야 하는 것 아닌가 궁금합니다. (그래서 전 저 빨간 박스의 소계도 전부 30,000,000원이라고 생각했습니다.) 미리 감사드립니다.","손해가 발생함을 전제로 손해액이 추정되는 것이고, 여기서 손해는 매상감소에 의한 일실이익이기 때문에, 한계가 생산능력범위라고 생각함이 적절합니다. 비슷한 질문들이 있으니 검색해 보세요~", ,,22.11.18
특허법,조문,128조,"[128조] 625번-2항 1호,4호,5호 적용시 특허권자의 실시 여부","변리사님 안녕하세요, 리담 625번의 128조 관련해서 질문드립니다. 128조 4항 : 특허권자가 실시했을 때에만 적용 가능 👉🏻특허권자 생산능력범위 수량 내 침해자의 양도수량 128조 5항 : 특허권자 실시하지 않아도 적용 가능 👉🏻 침해자 양도수량 여기까진 알겠는데요, 2항도 특허권자가 실시하지 않아도 적용 가능한 것인가요? 128조에서 5항만 특허권자가 실시하지 않아도 적용가능하다고 암기했는데, 2번 선지 해설에서 2016년의 손해액 산정 식을 보니 특허권자가 실시하지 않았음에도 2항을 적용할 수 있는 것 처럼 보여서 질문드립니다. 좋은 강의와 문제에 항상 감사드립니다.","생산능력범위라는 것은 반드시 실시를 요구하지는 않습니다. 즉, 생산능력범위가 특정하면, 법 제128조제2항제1호와 제2호는 반드시 실시하지 않아도 적용됩니다. 기본서를 한 번 정독해 보시면 더 명확할 것입니다~", ,,22.12.01
특허법,조문,128조,128조 관련 질문,"안녕하세요 강사님, 특허법 128조 조항에 대해서 이해가 안되는 부분이 있어서 질문올립니다. 침해에 대한 손해배상청구에 관하여 1항의 경우 소극적 손해로는 매상감소/제품가격 인하/실시료 수입의 감소 등 그외에 청구가 가능하나, 침해행위에 의해서만 발생한 것이라는 인과관계의 입증이 어렵기에 128조 2항~6항까지의 규정이 있는 걸로 압니다. 여기서 1항의 청구항 대신 2~6항을 적용할 때 2~6항 중 택일적으로 법원에서 받아주나요? 2~6항 필요계산에 따라 모두 적용해주 나요? 예를 들면 손해배상청구과정에서 매상감소로 인한 피해도 있고 실시료 수입의 감소도 있어서 이에 대한 손해금액을 모두 포함하여 청구할 때 계산하는 방식을 매상감소 부분에 한해서는 2항을 적용하고 실시료 수입의 감소에 관해서는 5항을 적용하는 식으로 받아주나요? 아니면 2항을 적용하여 손해배상금액을 계산할땐 2항만 적용해야지 4,5항은 적용안하는 식으로 하는게 맞나요? 중첩적으로 적용가능한지에 대해 질문올립니다.","당사자는 2, 4, 5항을 한꺼번에 주장할 수 있으나, 4항은 2항1호와 경합(선택적)관계에 있고, 5항은 2항과 경합관계에 있다고 생각하면 됩니다. 다만, 문의하고 있는 것은 2항1호 매상감소 2항2호 실시료수입의 감소 로 이를 합한 금액을 손해액으로 합니다. 열공하세요~", ,,22.12.03
특허법,문제,127조,[127] 간접침해 타용도,"안녕하세요. 리담 객관식 p.594관련 질문입니다. 1번 지문에서 특허가 방법발명인 경우 그방법의 실시에 사용될 가능성이 있는 물건을 업으로 생산하는것도 특허권의 침해로 본다.(x) 라고 되어있는데 해설이 잘 이해가 가지않아서 질문드립니다. 해설에서는 타용도의 유무는 현실적으로 타용도가 없을것을 요하고 단지 그 방법의 실시에 사용될 가능성이 있다는 것만으로는 특허권의 침해로 보지 않는다. 라고 되어있는데 '에만' = 타용도가 없음 에서 ""사용가능성이 있는 정도에 불과한 경우에는 간접침해를 부정할만한 타용도가 있다고 할 수 없다""라는 판시에 의해 간접침해를 부정하기 위해서는 현실적으로 타용도가 있음을 요하고 단지 그 방법의 실시에 사용될 가능성이 있다는 것만으로는 타용도가 있다고 할수 없다. 라는 결론에서 역으로 타용도의 유무는 현실적으로 타용도가 없을것을 요하고 단지 그 방법의 실시에 사용될 가능성이 있다는 것만으로는 특허권의 침해로 보지 않는다. 가 도출되는 건가요? 그렇다면 특허가 방법발명인 경우 그 방법의 실시에만 사용하는 물건이자 다른 용도로 사용될 가능성이 있는 물건을 업으로 생산하는것도 특허권의 침해로 본다. 는 맞는 지문인가요? 감사합니다. 저작자 표시컨텐츠변경비영리","네, 간접침해가 맞습니다.", ,,22.12.14
특허법,조문,127조,127] 생략침해의 불인정 이유,"생략침해의 인정 필요 여부에 대한 설명에서 생략 또한 균등침해의 일종으로 보는 시각도 있으나 생략의 일원적 비침해 판단을 보완하는 간접침해 규정이 별도로 있어 간접침해에서도 균등침해를 판단할 수 있으므로 원칙대로 비침해로 봄이 타당. 이라는 설명이 ABC특허, AB D실시에서 AB가 간접침해, D가 간접침해의 균등범위라면 또한 간접침해로 보고 있으니 별도 규정 변화 불요 라고 이해했는데 맞는지 궁금합니다.",네, ,,22.12.15
특허법,조문,127조,127조] 판례문구 이해,전용품과 균등한 물건 또한 간법침해에 해당한다. 다른 구성요소를 첨가하여 타용도를 창출하여도 간접침해가 부정되지 않는다. 라고 간접침해의 판례가 있었는데 어떤 경우를 말하는 것인지 잘 상상이가지 않는다.,ABC에서 C가 전용품일 때 - C'도 간접침해 - C+D(D 부가로 타용도 창출)도 간접침해 입니다. 열공하세요~, ,,22.12.15
특허법,조문,127조,[127조] 침해여부 판단,"반제품의 직접침해 사건에서 반제품이 완제품에 가깝고 조립이 간단하며 단일 주체에게 단제품이 양도되어 조립이 예정되어 있다면 국내에서 생산한 것과 같이 보아 반제품 생산자의 국내특허 직접침해라 하였다. 이 때 반제품을 수령할 단일 주체가 소속된 국가에 해당 제품의 특허가 있는지 여부가 직접침해여부에 영향을 줄 수 있겠는가? 유사하게, 간접침해 제품이 특허가 등록되지 않은 국가에 소속된 자에게 전량 귀속될 예정임이 확실하다면 이는 침해의 우려가 없으므로 간접침해가 성립되지 않는다 할 수 있겠는가?","우리나라에서 직접침해, 간접침해를 논의하는 것이기 때문에, 외국에서 특허가 있는지 여부는 중요하지 않습니다. 열공하세요~ 답글기능 더보기", ,,22.12.15
특허법,조문,127조,[127조] 간접침해의 조치,,요건을 만족한다면 가능합니다. 열공하세요~ 답글기능 더보기, ,,22.12.15
특허법,조문,127조,[127조] 권리소진과 손해배상,"무권리자인 A가 ""생산, 양도""의 실시를 통한 침해를 A로부터 구매한 B가 ""사용""의 실시를 통한 침해를 했다고 할 때 A로부터 손해배상을 받은 특허권자는 B에게 다시 침해에 대한 손해배상을 청구할 수 있는지 아니면 A로부터 손해배상을 받았으면 A의 생산, 양도행위는 적법하다 보아 B 의 실시 또한 적법하다 할 수 있는지 궁금합니다.","기본서에 다음과 같이 기술되어 있네요. ""예컨대, 甲이 위법하게 특허발명을 생산한 경우에는 그것을 판매하지 않더라도 특허권의 침해가 되며, 乙이 침해자인 甲으로부터 특허발명을 선의로 적법하게 구입하였다고 하더라도 乙이 특허발명을 사용 또는 판매하는 경우에는 독립적인 별개의 실시행위에 해당되므로 특허권의 효력은 여전히 거기에까지 미치게 되어 별개의 특허권 침해가 된다. 이 경우 특허권자가 甲과 乙 모두에 대하여 중복하여 손해배상을 청구할 수 있는지가 문제이다. 이에 대해서는 공동불법행위 이론을 인용하여 부진정연대채무가 되어 그중 1명으로부터 손해가 배상이 되면 다른 일련의 실시행위에 대한 손해배상청구권은 소멸하고 이중으로 손해배상이 이루어진 경우라면 부당이득의 문제가 된다고 보아야 한다.""", ,,22.12.15
특허법,문제,128조,특허법 128조관련 질문 있습니다,"한빛 모의고사 3회 17번 문제입니다. 해당 문제 관련 질문1. 3번 선지에서 128조 4항에 의해 손해액을 추정할때 침해자의 이익액을 특허권자의 생산능력범위(10만대-7만대=3만대)로 제한하여 해석하여 3만대x15만원=45억원으로 산정해야 하는 것인지 궁금합니다. 질문2. 2,4번 선지에서 합리적 실시료율에 의한 계산을 할때 판매자의 판매가격(100만원)과 침해자의 판매가격(80만원)이 상이할 때 어떤 가격으로 산정해야하는 것인지 궁금합니다. 개인적으로는 침해자가 특허권자 제품에 비해 낮은 가격으로 제품을 판매할 경우(예를들어 50~60만원) 실시에 대해 합리적으로 받을수있는 금액이 너무 낮아질 것 같다는 생각이들 수 있어서 판매자의 판매가격으로 하는것이 적절할 것 같다는 생각이 들긴합니다,,,","1. 손해가 발생함을 전제로 손해액이 추정되니, 발생할 수 있는 손해인 30,000대 범위내에서 추정됨이 타당합니다. 2. 합리적 실시료율이라는 것이, 실시자가 얻은 매출액에 대한 요율(%)을 말하는 것이므로, 침해자의 판매가격을 기준으로 합니다. 열공하세요~", ,,22.12.31
특허법,조문,128조,128조(이전질문 관련 추가질문),"이전글에 첨부한 모의고사 손해액 산정에 관련된 문제에서 변리사님께서 알려주셨던 내용에 기반하여 이의신청을 하였습니다. 출제자분께서는 이렇게 답변을 주셨는데, 어떤내용으로 정리를 하는게 맞는것인지 혼란스럽습니다…실제 시험에 나오면 어떤내용으로 풀어야 할까요??","최근에 제128조가 개정되었습니다. 개정법의 해석에 대한 판례가 아직 나오지 않아서, 다른 해석의 여지를 남겨두고는 있지만, 구법의 해석방법(기존 변리사 시험)을 개정법에 그대로 적용하기는 어려워 보입니다. 열공하세요~", ,,23.01.06
특허법,문제,128조,[128조] 리담 기출문제 625면,"안녕하세요 변리사님 리담 기출문제 625면 질문드립니다. 해당 문제 보기 4번에서, 128조 4항에 따라 100만원을 손해액으로 추정할 수 있는데, 그러면 특허권자가 총 청구할 수 있는 금액은 128조 2항 1호 => 128조 4항의 손해액으로 추정 : 100만원 128조 2항 2호 => 30만원 따라서 총 130만원을 청구할 수 있는건가요?? 저작자 표시컨텐츠변경비영리","네, 그렇습니다.", ,,23.01.08
특허법,문제,128조,[128조] 손해액 추정,"안녕하세요. 위 문제는 올해 한빛 모의고사 3회차 문제인데, 제가 생각하기에는 답이 2,3번 모두 되는 것 같습니다. 제128조 제4항은 침해자의 판매수량 중에서도 특허권자의 생산능력범위 수량에 한하여 인정되는 것으로 알고 있어서 3번도 틀렸다고 생각해 매우 고민했는데, 정답을 보니 복수 정답이 아니라 2번 단독정답이어서 이렇게 질문드립니다. 혹시 제가 잘못 알고 있는 걸까요?","법 제128조제4항의 해석에 대한 문제인데, 문제출제자가 구법에 의한 해석을 하고 있네요. 개정된지 얼마 되지 않아서 아직 구체적인 판결을 확인할 수 없는 상태이지만, 개정법에 의한 해석을 해 보면, 법 제128조제2항제1호에서 특허권자의 양도수량*특허권자의 단위수량당 이익액을 대체한다고 이해됩니다. 기타 답변은 제128조를 검색해 보세요~", ,,23.01.13
특허법,문제,128조,[128조] 리담객관식 625번,"안녕하세요 임병웅변리사님, 문제풀이중에 질문이 있어 글을 남깁니다. 리담객관식 625번문제가 19년도 기출문제인데, 큐넷 홈페이지에서는 답이 4번으로 맞다고 되어있어서 혹시 답이 잘못 표기되어있는 것인지 궁금합니다. 감사합니다!!","잘못 표기된 것은 아니고, 개정법에 의한 해석을 하고 있는 것입니다. 법 제128조로 검색해 보세요~", ,,23.01.13
특허법,조문,127조,[127] 간접침해와 권리소진,"안녕하세요. 질문드립니다. 권리소진에 의한 제한 부분에서 수리 내지 부품을 교환하는 행위가 특허권 침해인지 판단할때 비소모품/소모품 또는 동일성 여부로 구분해서 재생산으로 보이면 특허권 침해다 라고 설명해주셨는데 1. 이경우 특허제품의 부품에 대한 것이기 때문에 AER에 의해 간접침해만 해당하고 직접침해는 아닌건가요?? 2. 또한 물건발명에 대한 특허권자가 특허발명이 구현된 제품을 적법하게 판매한 경우 권리가 소진되어 양수인 등이 그 물건을 사용 양도 대여 청약을 하는 행위에는 효력이 미치지 않지만, 그 물건을 재생산하는 것은 더이상 양수한 그 물건이 아니게 되어 침해가 된다. 이렇게 정리할 수 있을까요?? 감사합니다. 저작자 표시컨텐츠변경비영리",1. 특허제품의 생산이니 직접침해입니다. 2. 네 열공하세요~, ,,23.01.14
특허법,조문,127조,[127조] 간접침해와 직접침해,"안녕하세요. 질문드립니다. 특허제품의 부품을 생산하는것이 특허제품의 생산이기 때문에 직접침해라고 말씀해주셨는데 이부분이 잘 이해가 가지 않습니다.. 수업때 직접침해 부분에서 특허가 등받이+다리+팔걸이 라면, 다리+팔걸이를 실시하는것은 AER적용에 의해 직접침해가 아니라고 설명해주셨는데 여기서도 등받이, 다리, 팔걸이가 각각 부품에 해당하는것 아닌가요?? 감사합니다.","1. 등받이를 교체하는 것이 의자의 생산이라면, 의자의 직접침해에 해당합니다. 의자를 특허권자로부터 구매했더라도 권리소진의 효과가 남아있지 않기 때문에 직접침해에 해당합니다. 2. 그리고, 의자의 생산에만 사용되는 등받이를 생산, 양도 등을 하는 행위는 간접침해에 해당합니다. 질문에서 등받이를 교환하는 행위를 문의하였고, 1.의 행위이기 때문에 직접침해라고 한 것입니다.", ,,23.01.16
특허법,조문,127조,[127] 실시권 제약조건과 권리소진,"안녕하세요. 질문드립니다. 권리소진의 주체관련 내용에서 '실시권자가 실시권의 제한조건을 벗어나서 판매한 경우 권리소진의 효과가 발생하지 않아서 특허권 침해가 된다'라는 내용이 있고 간접침해와 직접침해와의 관계 관련 내용에서 '실시권, 권리소진설이 적용되는 물건 등과 같이 정당한 권원을 가지는 자가 특허발명을 실시하여 직접침해가 아닌데, 그 자에게 간접침해에 해당하는 물건을 생산하여 양도 등을 하는 행위는 비침해다.'[마찰교반용접방법사건]라는 내용이 있는데 마찰교반용접방법사건을 읽어보니 실시권 제한조건에 대해 실시권 제한조건을 벗어난게 아니라고 판시한것 같은데 그렇다면 위의 두 내용을 (1)실시권제한조건 위반 > 권리소진x > 침해o (2)실시권제한조건 위반x > 권리소진o > 침해x 이렇게 정리해도 될까요?? 그렇다면 상표에 '사용권자가 아닌 제3자가 사용하는경우 제3자가 단순히 통상사용권자와 동업관계를 맺고 사용하였다거나 통상사용권자로부터 제품 생산을 하청받아 납품하였다는 등의 사정만으로 상표권 침해가 아니라고 할수없다.'라는 판례가 있는데 이 판례는 특허의 (2)번과 배치되는 걸까요?? 정리가 안되어 질문드립니다. 감사합니다.",네. 그렇습니다. 열공하세요~, ,,23.01.27
특허법,문제,127조,[127조] 127조 해당 여부 판단 시 96조 고려 여부,"안녕하세요 변리사님 기출문제 44회 14번 중 127조 침해로 보는 행위로 볼 수 있는 것인가 여부를 묻는 지문에서 ""특허발명인 화상기록장치의 생산에만 사용되는 카트리지를 생산하여 특허권자의 허락 없이 그 화상기록장치의 연구를위한 실험용도로 사용하는 행위"" 의 해당여부를 판단할 때 효력제한은 고려할 필요 없이, 전용품의 생산이므로 127조에 해당한다고 해야하는 것 맞나요? 아니면 96조1항1호의 효력제한까지 고려해서, 127조에 해당하지 않는다고 해야 하나요?",당연히 효력제한을 고려해야 합니다. 직접침해도 아닌데 간접침해라는 것은 말이 안 됩니다., ,,23.01.30
특허법,문제,127조,[127]간접침해,"안녕하세요 00년기출 간접침해 가능성이 높은것은? 병은 특허발명인 컴퓨터 마우스의 특허에 대한 공동소유자인데, 그 마우스의 생산에만 사용되는 볼을 다른 공동소유자인 무의 동의 없이 월 1만원에 대여하였다. x 이 선지에서 공유자는 자유롭게 실시 가능하므로 대여는 가능하나, 공유자 중 1인이 다른 공유자 동의없이 단독으로 대여했으므로 권리소진이 일어나지 않아 무가 실시하면 직접침해로 볼 수 있을까요? 감사합니다. 저작자 표시컨텐츠변경비영리",권리소진과 전혀 상관없는 사실관계입니다, ,,23.02.04
특허법,문제,127조,"[96조,127조] 특허출원전 공지된 전용품이 간접침해를 부정할 사유가 되는지","안녕하세요 임병웅 변리사님, 객관식 604쪽 5번 선지에서 특허발명의 전용품이 출원시점에 공지된 경우 간접침해행위로 보지 않는다. 가 맞는 선지로 나와있는데, 전용품도 96조 1항 3호의 특허출원한때부터 국내에 있던 물건이라 특허권의 효력이 미치지 않아서, 간접침해가 성립하지 않는건가요? 헷갈려서.. 확인부탁드립니다! :)","출원전 공지되었다는 것은 public domain이고, 타용도가 있다는 것을 의미하는 것입니다. 기본서를 읽어 보세요.","선지에서는 특허된 물건 생산에‘만’ 사용하거나 방법 실시에‘만’ 사용하는 물건이라고 나와있어서 전용품이라고 생각했는데, 저 문구로 전용품이라 할 수 없나요? 또, 출원전 공지된 것만으로 타용도가 있다는 것을 판단할 수 있을까요? 리담 특허법 교재를 다시 한번 봤는데, 이 부분들이 아직 해소되지 못하였습니다 ㅜㅜ 답변 부탁드립니다. 감사합니다!","뭘 고민하는지 모르겠네요. public domain(자유기술의 영역) 하나만으로도 침해를 주장할 수 없는 사유는 충분합니다. 간접침해에 대해서도 자유기술의 항변을 인정한다는 판례를 공부해 보세요. 한편, 전용품인지는 사실설에 의해 판단하는데, 출원전 어디에도 사용되지 않는 물품이 미래에 특허받을 물건발명의 생산에 전용되어 사용될 것을 예측하여 공지되어 존재하기는 어렵습니다(이에 대한 비판하는 견해도 있지만...)",23.02.12
특허법,문제,127조,[127조] 간접침해에 해당하는지 여부,"안녕하세요! 강의 잘듣고 있습니다. 감사의 말씀 먼저 전합니다. 질문입니다. 리담 기출에서 198페이지 5번의 ㄱ 문항은 간접침해가 아닌 이유가 궁금합니다. 127조 1항의 그 물건(=X) 의 생산에만 사용하는 물건 (=a) 의 <생산> 에 속하여 간접침해라고 생각했는데요, 강의노트 벤틀리 생산에만 사용되는 엔진 설명해주실때와 같은 상황이 아닐까요? (강의노트 377) 감사합니다~","제127조제1호의 물건발명의 <생산1>에만 사용하는 물건을 <생산2>에서, 생산 1, 2 모두 국내에서 이루어져야 하는데, (ㄱ)의 경우 생산 2는 국내에서 이루어졌지만, 생산 1은 국내에서 이루어지지 않았습니다. 반제품 사건에 대한 판례를 다시 공부해 보세요.", ,,23.04.28
특허법,문제,128조,[128조] 합리적금액 산정 질문,"기출문제집 ""침해에 대한 조치"" 13번 (211p) 관련한 질문입니다. 1. (질문 수정) ""한편, 甲의 특허제품의 실시에 대하여 합리적으로 받을 수 있는 금액은 매출액의 5%이다.""라는 정보를 통해 해설지에서는 단위수량당 합리적금액을 500원(=""을의 제품 한 개당 판매가격인 10,000원""*5%)으로 보고 풀이하였습니다. (하단 사진 참조 요망) 이는 원래 128②(2)에서 합리적 금액을 계산할 때는 甲이 아니라 乙을 기준으로 계산하기 때문인가요? 그리고 128②(2)에서 乙을 기준으로 계산하는 이유는, 이미 128②(1)에서 甲을 기준으로 손해액을 산정하기 때문일까요? 이는 128②(2)에서 ""특허발명의 실시에 대해 대하여 합리적으로 받을 수 있는 금액""이라는 표현은 ""특허권자 甲이 제3자에게 정상적으로 실시권 등을 설정하였을 때, 그 실시권자의 실시에 대하여 특허권자 甲이 제3자에게 합리적으로 받을 수 있는 금액(=제3자보고 내놓으라고 요구할 수 있는) 금액""을 뜻하기에 위 문제에서 단위수량당 합리적금액을 계산할 때는 甲의 제품 한 개당 판매가격인 11,000원이 아니라 乙의 제품 한 개당 판매가격인 10,000원을 기준으로 계산한 것인가요? 2. 해설지에서는 CASE2의 경우 128④에 따른 甲의 손해액을 20,000,000원(=(물건의 양도수량과 생산능력범위수량 중 작은 값인 10,000개)*단위수량당 이익액(乙) 2,000원)로 계산하고 있습니다. 사견으로는, 128④ 조문에서 ""특허권 또는 전용실시권을 침해한 자가 그 침해행위로 인하여 얻은 이익액""을 ""특허권자 또는 전용실시권자가 입은 손해액""으로 추정하기에, 128④에 따른 甲의 손해액은 30,000,000원(=물건의 양도수량(침해자乙의 침해행위로 인해 제조/판매된 수량인 15,000개)*단위수량당 이익액(乙) 2,000원)이 되어야 할듯 한데, 혹시 제 생각이 틀렸다면 지적 부탁드립니다. 3. 그리고 해설지 및 강의내용을 참고하여 ""단위 수량당 금액의 가능한 종류""를 다음과 같이 정리하였는데 혹시 제가 빠트린 부분이나 잘못 이해한 부분이 있을까요? <단위수량당 금액 종류> 1. 단위수량당 이익액(특허권자甲기준) 128②(1) 계산 시 사용 2. 단위수량당 이익액(침해자乙기준) 128④ 계산 시 사용 3. 단위수량당 합리적금액(침해자乙기준) 128②(2), 128⑤ 계산 시 사용 4. 약간 논외인 질문인데, 올해에 기출문제집 이외에 객관식문제집이 출간될 예정이 있는지, 있다면 언제쯤인지도 함께 문의드립니다. 강사님 덕분에 강의를 들을 때마다 난해한 특허법 내용들이 체계적으로 정리되고 있습니다. 매번 양질의 강의 감사드립니다.","1. 문제에서 합리적 실시료율이 매출액의 5%라고 전제하고 있는데, 매출액은 을의 판매량 * 을의 단위수량당 이익액입니다. 2. 손해액 산정과 손해액의 추정은 다른 개념입니다. 손해액이 추정된다는 것은 증명책임의 전환일 뿐이고, 손해액이 더 적다는 것이 증명되면 추정은 복멸됩니다. 3. 제128조제2항제2호, 제5항의 합리적 실시료율은 사안마다 계산을 달리할 수 있습니다. 4. 아직까지 객관식 문제집은 출간 계획이 없습니다. 열공하세요~", ,,23.05.02
특허법,조문,128조,[128조] 손해배상청구권 등,"안녕하세요 변리사님. 특허권 침해에 대한 조치 기출문제 중에 4. 특허법 128조(손해배상청구권 등) 제5항에 따라 실시에 대하여 합리적으로 받을 수 있는 금액의 손해배상을 명할 때, 특허법은 법원으로 하여금 특허침해한 자에게 고의 또는 중대한 과실이 없다고 인정할 경우 실시에 대하여 합리적으로 받을 수 있는 금액의 손해배상액을 산정함에 있어 고의 또는 중과실이 없다는 사실을 고려할 수 있도록 명시하고 있다. 라는 선지가 있는데요! 옳지 않는 것을 고르는 문제인데 이게 답이 4번입니다. 즉, 4번이 틀렸다는 것인데 해설을 보아도 이해가 되질 않아서요! 128조 6항에 보시면 , [128] 6항: 제 5항에도 불구하고 손해액이 같은 항에 따른 금액을 초과하는 경우에는 그 초과액에 대해서도 손해배상을 청구할 수 있다. 이 경우, 특허권 전용실시권을 침해한 자에게 고의 또는 중대한 과실이 없을 때에는 법원은 손해배상액을 산정할 때 그 사실을 고려할 수 있다. 라고 되어있는데, 그럼 4번 선지가 맞는 것 같은데 도대체 어디 문장이 틀렸다는 것인지 잘 모르겠습니다. 어디가 틀린 것인가요??","합리적 실시료율이 아니라, 합리적 실시료율을 초과하는 금액에 대해서 고의, 중과실이 없다는 것을 고려할 수 있습니다. 아직 기본 개념이 안 잡힌 것 같네요. 기본서를 천전히 정독해 보세요~", ,,23.05.25
특허법,조문,127조,[127조] 간접침해,"안녕하십니까 변리사님 리담 기출문제집 p 198 5번 문제 질문있습니다 을은 물건 a를 국내 생산했지만 완제품 격의 물건 X생산을 미국에서 하여 국내 생산 요건을 만족하지 못하였고 반제품 사건 판례와 같이 국내에서 물건 a를 생산함은 침해가 아니다라고 이해하였습니다 그렇다면 ㄷ, ㄹ 보기에서 을과 병이 물건 a를 각각 국내에서 수입하고 판매한 행위가 침해가 되기 위해서는 물건 X생산이 국내에서 이루어졌다는 전제 하에 판단되는 것인지 상관없이 간접침해가 되는 것인지 궁금합니다","네, 모두 국내에서 생산이 되어야 합니다. 열공하세요~", ,,23.06.22
특허법,조문,127조,[127조] 침해로 보는 행위,"안녕하세요? 특허법 기본강의 온라인 수강생 입니다. 간접 침해에서 (아래 자료내 파란색 상자) ""을""이 ""갑""으로 부터 ""c""를 구매하여 ""a+b+c""을 생산 하는 형태로 사용시 ""c""를 구매 하였기에 권리 소진 이론이 적용되어 침해가 아니라고 본 경우는 Q1) ""a"", ""b"" 또한 ""갑""으로 부터 또는 적법한 경로(권리 소진이 적용된 상태)로 구매한 Case로 가정을 하고(또는 ""a"", ""b""가 특허발명 ""a+b+c"" 이외에도 사용 되는 물건으로 가정) 판단 한 경우라고 봐도 괜찮을까요? Q2) 혹 ""c""를 적법하게 구매하여 권리 소진이 적용 되더라도 ""a""와 ""b""를 생산하여 ""a+b+c""를 생산하게 된 경우 ""a""와 ""b""의 생산에 의해서 침해가 구성될 수 있을까요? (""a"",""b'가 ""a+b+c""특허발명을 생산하는데에만 사용되는 물건으로 가정) 감사합니다.","1 . 아니오. c를 사용( a+b+c 생산)하는 것 자체에 권리소진이 되기 때문에, a, b의 제한조건은 필요치 않습니다. 2. 아니오. 그렇게 판단을 해 버리면, c에 권리소진의 효과가 미치지 않는 것과 같습니다. 열공하세요~", ,,23.06.26
특허법,조문,128조,[128조] 손해액의 추정,"안녕하십니까 교수님, 항상 유익한 강의 제공해주셔서 감사합니다. 128조 2항(제1항에 따라 손해배상을 청구하는 경우 그 권리를 침해한 자가 그 침해행위를 하게 한 물건을 양도하였을 때에는 다음 각 호에 해당하는 금액의 합계액을 특허권자 또는 전용실시권자가 입은 손해액으로 할 수 있다)과 4항(제1항에 따라 손해배상을 청구하는 경우 특허권 또는 전용실시권을 침해한 자가 그 침해행위로 인하여 얻은 이익액을 특허권자 또는 전용실시권자가 입은 손해액으로 추정한다)은 특허권자가 두 조항 중 어떤 조항을 원용했을 때 더 많은 손해배상을 청구할 수 있는지 선택할 수 있는 관계인 것인가요? 아니면 손해액의 산정(2항)이 어려울 때 대신 4항으로 추정하는 관계인 것인가요? 감사합니다.",선택할 수 있는 관계입니다~, ,,23.07.07
특허법,문제,127조,[127조] 간접침해,"기출문제집 196p 3번 (라) 특허발명인 LCD모니터의 생산에만 사용되는 장치를 수출전시회에서 전시하는 행위 가 침해로 보는 행위라고 합니다. 2조에서의 물건발명의 실시에는 양도 또는 대여를 위한 전시를 포함하고, 또 이때 양도는 국내에서의 이전을 전제로 하고 수출은 실시가 아닙니다. 그렇다면 수출전시회에서 전시하는 행위는 '수출을 위한 전시' 여서 '양도를 위한 전시'에 해당하지 않아서 실시가 아니므로 침해가 아니라는 생각이 드는데... 어디서 틀린 건지 모르겠습니다.","수출전시회에서 전시하는 행위가 수출만을 위한다고 단정해 버리기 때문에, 질못된 결론에 이르는 것 같네요. 수출뿐만 아니라 양도를 위한 전시를 포함하고 있다고 해석하는 것이 합리적입니다. 열공하세요~", ,,23.07.07
특허법,조문,,강의노트390p 침해의 성립요건 부정 항변 질문드립니다.,"안녕하세요. 강의노트390p에서 침해의 성립요건 부정 항변의 예시 중 다른 항목들은 전부 이해가 되는데 ""실효의 항변"" 항목은 어떤 내용인지 이해가 가지않아 질문드리고자 합니다.. (기본서에서도 실효의 항변 항목에 대한 설명을 찾지 못했습니다ㅠ) 매번 양질의 강의 감사드립니다.",특허권의 권리남용 파트를 공부해 보세요., ,,23.07.09
특허법,조문,128조2항,[128조 2항 2호] 법조문 해석 질문.,"강의노트 p.378에서 손해액 2 : [(침해자의 양도수량) - (인정수량과 생산능력범위수량 중 작은 값)-(실시권 설정/허락 불가 수량)] X [특허발명의 실시에 대하여 받을 수 있는 단위수량 당 합리적 금액]으로 기재되있습니다. 128조 2항 2호 법조문에서는 ""그 물건의 양도수량 중 특허권자 또는 전용실시권자가 생산할 수 있었던 물건의 수량에서 실제 판매한 물건의 수량을 뺀 수량을 넘는 수량 또는 그 침해행위 외의 사유로 판매할 수 없었던 수량이 있는 경우 이들 수량~""으로 되있는데, 후단의 내용대로라면 침해행위 외의 사유로 판매할 수 없었던 수량이 ""있는 경우""라면 손해액 2를 산정할 때 인정수량과 생산능력범위수량 중 작은 값이 아니라 인정수량을 빼야하는 게 아닌지 질문 드립니다. 감사합니다. 저작자 표시컨텐츠변경비영리","인정수량이 생산능력범위수량보다 적을 때, 제128조제2항제2호에서 그 침해행위 외의 사유로 판매할 수 없었던 수량이 있는 경우 이들 수량을 적용합니다. 강의노트에서 그림을 보면서 공부해 보세요~", ,,23.07.28
특허법,문제,128조,[128조] 손해배상청구권,"안녕하십니까 변리사님 항상 유익한 강의 감사드립니다 리담 기출문제집 p216의 18번 문제 강의에서는 2번이 답이라고 풀이해주셨는데 기출문제 답안은 4번이라고 되어 있어 무엇이 맞는 것인지 궁금해서 문의 드립니다. 특히 4번 보기는 2017년 침해자의 양도수량 2500개와 2017년 갑의 생산할 수 있었던 수량에서 실제 판매한 수량을 뺀 1000개 중에서 작은 값인 1000개에 1000원을 곱한 1,000,000원이 맞는 것 같은데 왜 2,500,000원인지 모르겠습니다. 그리고 2번 보기는 1,000,000원이 500*1000+2500*200=1,000,000으로 맞는 것 아닌지 궁금합니다. (인정수량 2500개와 생산할 수 있었던 수량에서 판매한 수량을 뺀 500개 중 작은 값인 500에 1000을 곱한 값+ 침해자의 양도수량 3000개에서 500개를 뺀 2500에 단위수량당 합리적 금액 200을 곱한값) 감사합니다.","제128조가 개정되었습니다. 개정법과 구법을 숙지한 후 질문을 해 주셔야 하는데, 이를 혼합해서 물어보니 이해가 안 되는 것입니다. 기출문제 그대로 공부할 때는 개정법에 꼭 유의해야 합니다~", ,,23.08.04
특허법,조문,128조,"[128조, 131조 등] 고의가 있어야 적용할 수 있는 조문들 질문","안녕하세요, 특허권자의 보호를 위한 민형사상의 조치 관련 질문드립니다. 고의범이어야지만 조치를 취할 수 있는 조문들로 1. 민사상 조치: 128조(단, 128조6항의 경우 고의 또는 중대한 과실 없다면 초과액 감면 可), 131조 2. 형사상 조치: 225조 (cf. 2조3호나목 중 ""방법사용의 청약""의 경우, 94조에 의하여 특허권 효력 행사시 실시자의 고의요건 필요) 로 정리하였는데, 혹시 제가 정리한 내용이 맞을까요? 빠진 개념이 있다면 지적 부탁드립니다. 감사합니다. 저작자 표시컨텐츠변경비영리",맞습니다., ,,23.09.06
특허법,조문,128조,[128조] 손해배상청구권,"안녕하세요 교수님! 책과 강의, 게시판의 답변들을 참고하여 아래 사진과 같이 공식들을 정리했는데요, 그럼에도 의문점이 생겨 글을 올리게되었습니다 1. 실시권 설정허락 불가수량의 의미: 애초에 실시권이 설정될 수 없었던 수량이라는 의미인가요? 왜 이런 수량이 생기는 걸까요? 2. 5항의 단위수량당 합리적인 금액은 문제를 풀때 제시가 되는건가요? 3. 산정, 추정, 의제, 참작 각각 공식이 다른데, 이중에 유리한 산정액을 선택하는건가요? 4. 아래사진의 하이라이트된 부분을 보면, 매상감소시 산정액은 2항으로 계산하고 실시료 수입 감소는 2항 5항중 더 유리한 계산법을 선택하는건가요? 내용자체가 어렵네요 ㅠㅠ 항상 답변에 감사드리고 있습니다",1. 침해자의 양도수량 중 실시권자라고 할지라도 판매할 수 없었던 수량이 있을 수 있다는 것입니다. 2. 네 3. 독립적이 아니라 중복적으로 가능합니다. 4. 네, ,,23.09.06
특허법,조문,127조,[127조] 간접침해 관련 2015. 7. 23 선고 2014다42110 판결의 해석 질문,"안녕하세요 2014다42110 판결의 해석 중 이해가 어려운 부분이 있어 질문드립니다. 기본서 916p 중단부에서 서술하는 2014다42110 판결의 의의 중 ""국내에서의 행위를 특허발명의 실시행위라고 평가할 수 없는~"" 이라는 부분이 있는데, 특허발명의 실시행위라고 평가할 수 없는 행위가 국외에서의 행위가 아닌지 질문드립니다. 하기 참조된 판례 일부를 참고하여 위처럼 생각하였습니다. ""특허법 제127조 제1호 ‘그 물건의 생산에만 사용하는 물건’에서 말하는 ‘생산’이란 국내에서의 생산을 의미한다고 봄이 타당하다. 따라서 이러한 생산이 국외에서 일어나는 경우에는 그 전 단계의 행위가 국내에서 이루어지더라도 간접침해가 성립할 수 없다."" (2015. 7. 23 선고 2014다42110 판결 중 일부) 따라서, 1) 완제품 생산이 국외에서 일어난 경우이기에 이는 특허법에서 정의하는 특허발명의 실시행위라고 평가할 수 없고, 2) 따라서 직접침해가 성립하지 않으며, 3) (종속설에 따라) 반제품 생산행위도 간접침해로 성립되지 않는다. 라고 이해하였는데, 혹시 위 내용 중 틀린 부분이 있다면 지적 부탁드립니다. 감사합니다.","네, 같은 말입니다.", ,,23.09.12
특허법,문제,128조,[128조] 2항 2호,보기2번에 따라 128조 2항 2호를 해석하다가 질문드립니다. 2항 2호. 그 물건의 양도수량(3000개) 중 특허권자 또는 전용실시권자가 생산할 수 있었던 물건의 수량(2000개)에서 실제 판매한 물건의 수량(1500개)을 뺀 수량(500개)을 넘는 수량(2000-1500=2500개) 또는 그 침해행위 외의 사유로 판매할 수 없었던 수량이 있는 경우 이들 수량(500개) (실시권 설정/허락을 할 수 있었다고 인정되지 않는 경우 해당수량을 뺀 수량) * 합리적으로 받을 수 있는 금액(개당 200원) -->> 조문 그대로 해석하면 500개 * 200원 아닌가요?,"구법 문제를 개정법에 따라 풀고 있으니, 이해가 되지 않는 것입니다. 구법에서는 제128조제2항제2호가 없었습니다.", ,,23.09.26
특허법,조문,127조,[127조] 공지된 발명의 간접침해 해당 여부,"127조 성립요건 중 ‘(6)물건에 해당하는 지 여부’ 중 ‘물건이 특허발명의 출원 전에 공지된 것임을 알 수 있는바, ~ 공지된 물건은 이미 공공영역이므로 간접침해 해당하지 않는다’ 는 부분에 질문드립니다 특허발명인데, 그 전에 출원 공지 되었다면 어떻게 특허 받을 수 있나 라는 생각이 들었고, ( 신규성 진보성 위반으로 특허 성립 못한다고 생각했습니다) 이후, 공지기술예외로 특허를 받았다고 생각이 들었습니다. 그런데, 그렇게 예외까지 적용해가며 특허를 받았는데, 출원 전 공지 되었었다는 이유로 간접침해에 해당하지 못하고 타인의 사용을 인정해버리면, 특허권자는 특허를 받으면서 얻은 실익이 무엇인가요?","전혀 잘못된 생각입니다. 물건이 공지된 것과 특허발명의 특허요건은 다른 개념입니다. 예를 들어, 특허발명이 a+b+c로 된 물건발명인데, 구성요소인 b가 공지되었다고 할지라도 특허요건을 충족하여 특허를 받을 수 있는 것입니다. 열공하세요~", ,,23.10.04
특허법,문제,128조,[128조] 리담기출문제집 216p 18번,리담객관식 216p 18번문항 4번선지 질문입니다 문제 풀 때는 단순하게 생산능력 범위는 2항에서 만 고려하는줄 알고 2500개x1000원 해서 2번과 4번 모두 맞는 지문이라고 생각했었구요 해설에(해설98p) 생산능력범위를 고려해서 1백만원이 되어야해서 오답인 것을 보고 도해에 적혀있는“특허권자의 생산능력이 없는경우 추정의 전제인 손해의 발생 자체를 관념화할 수 없어서 4항 추정규정적용 불가능하다”는 판례 때문에 4항에서도 생산능력 범위를 고려해야하는건가...?라고 일단 이해는 했는데요 당시 기출 답을 보면 4번선지가 생산능력 고려 없이 단순히 [(침해자 양도수량)x(단위수량당 침해자 이익액)]해서 2500000원 그대로 옳은 지문으로 정답이었더라구요 판례도 저 기출과 지금 사이에 나온 판례도 아니고 더군다나 상표 판례인거같고 문제를 지금에 맞게 변형한건데 제가 뭔가 놓치고 있는걸까 해서 비교도 해봤는데 잘 모르겠습니다 도움주시면 감사하겠습니다🙇‍♂️,"네, 기출문제 이후 법이 개정되면서 법을 어떻게 해석해야 할지 아직 구체적인 판례가 없는 상태입니다. 기본서를 한 번 정독해 보세요. 도움이 많이 될 것입니다.", ,,23.10.22
특허법,문제,127조,[127조] 간접침해,"안녕하세요! 간접침해 관련 내용 중 16년도 기출에 대해 질문이 있습니다. 갑은 물건 X발명의 특허권자이며, 물건 a는 물건 X의 생산에만 사용되는 물건이다. 을은 물건a를 우리나라에서 100개 생산한 다음 전량 미국에 수출하였고, 미국에 수출된 물건 a는 모두 미국에서 물건 X를 생산하는데 사용되었다. 을이 물건 a를 우리나라에서 생산 한 행위는 물건발명인 X 특허발명의 생산에만 사용되는 물건 a를 생양대수청 중 생산한 행위이므로 127조 1항에 해당하는 간접침해아닌가요? a 생산도 국내에서 이루어졌으니 속지주의도 만족하는 것 같은데 왜 'ㄱ.을이 물건 a를 우리나라에서 생산 한 행위'가 간점침해가 아닌지 모르겠습니다.",특허발명의 생산도 국내에서 이루어져야 합니다. 반제품 사건에 대한 판례를 공부해 보세요., ,,23.10.31
특허법,문제,128조,[128조] 기출문제집 204쪽 3번,"128조 2항 2호에서 ""그 물건의 양도수량 중 특허권자 또는 전용실시권자가 생산할 수 있었던 물건의 수량에서 실제 판매한 물건의 수량을 뺀 수량을 넘는 수량 또는 그 침해행위 외의 사유로 판매할 수 없었던 수량이 있는 경우 이들 수량""이라고 되어있는데 왜 두달간의 파업으로 인해 판매할 수 없었던 4000개의 수량은 왜 2호 계산에 넣지않는 건가요??","기본서에 다음과 같이 적혀 있네요. 「침해행위 외의 사유로 판매할 수 없었던 사정」이란 ⅰ) 판매된 침해품이 침해자의 시장개발노력, 침해품의 품질의 우수성, 가격경쟁력 등의 요인에 의하여 판매된 경우, ⅱ) 경쟁제품이 있어서 침해자의 매출액 전부가 권리자의 판매 제품이 될 수 없는 경우, ⅲ) 침해행위 후 획기적인 신기술이 개발되어 특허 실시품의 매출이 떨어진 경우 등에 해당하여 특허권자가 생산하여 판매할 수 있었던 것으로 볼 수 없는 사정을 의미한다.", ,,23.11.04
특허법,문제,126조,[126조] 권리남용 권리범위 불인정 16년도 기출,"안녕하세요 강사님! 질문드립니다 15번 문제에서, 선행기술로부터 쉽게 실시될수 있는 -> 즉 진보성이 문제일 경우에는 권리범위는 인정되나 권리남용이 문제가 되는 케이스아니었나요? 즉 을은 권리범위에 속하지 않는다고는 주장할 수 없고, 권리남용이라고 주장할 수 있다고 생각하는데 답이 아니여서요.. 제가 어떤 부분에서 오류를 갖고 있는지 알려주시면 감사하겠습니다!!",자유기술의 항변을 이해 못 하고 있네요. 을은 특허발명이 아니라 자신이 실시하고 있는 발명이 선행기술로부터 용이하다는 이유로 자유기술의 항변을 하고 있는 것입니다., ,,23.11.12
특허법,문제,128조,[128조] 5항 실시권설정 불가 수량 제외 여부,"안녕하세요! 한빛 1회차 모의고사 문제라, 질문이 있는 선지만 잘라 올립니다. 128조 5항의 의의가 실시권을 설정할 수 있던 범위 내에서, 실시계약을 체결할 수 있던 기회를 상실하게 되어 발생하는 손해액에 대해 인정해주는 것이라 이해하였습니다. 다음 7번 문제를 풀 때, [2)도표]를 그려 문제를 풀이해 128조 5항은 분홍색으로 작성한 13,000개 * 1만원 *0.06 = 780만원으로 계산하였습니다. 해설지를 받아보니 128조 5항은 침해자의 양도수량 15,000개 * 판매가격 1만원 * 0.06인 900만원이다.라고 적혀있었습니다. 모의고사 이의신청란을 통해 질문을 하였고 [ 4)이의신청답변 ] 같은 답변을 받았습니다. <질문> [3)강의노트]에 따르면 128조 5항을 계산할 때에도 실시권 설정 불가 수량을 공제하였는데, 7번 문제에서 계산할 때는 왜 공제하지 않는 것인가요? 이의신청에 대한 답변과 [3)강의노트] 사이에 충돌이 생겨 혹시 제가 잘못 이해를 했거나 놓친 부분이 있는가 싶어 글을 올리게 되었습니다. 감사합니다!!","출제자는 입법취지를 고려하지 않으면서 단순히 기계적인 해석을 하고 있네요. 제128조제5항의 입법 취지가 실시료계약 체결 기회의 박탈에 대한 보상이므로, 실시권 설정 불가 수량이 2,000개라면, 13,000(15,000-2,000)*10,000*0.06=7,800,000원이 타당한 것으로 보입니다. 열공하세요~", ,,23.11.20
특허법,문제,138조,[138조] 리담 기출문제 293P,"보기 5번에 대해 질문있습니다 후문에 갑은 통상실시권 허락의 심결에 의하여 집광필름을 실시할수 있다는 말의 뜻이 갑은 을에게 통상실시권 허락 심판을 청구하여야 집광필름을 실시할수 있다는 뜻 맞나요? (을이 갑을 상대로 허락 또는 통실허 심판을 통해 통상실시권을 획득하여도, 갑은 을에게 허락 또는 통실허 심판을 청구하여 인용심결을 받아야 을의 특허발명을 실시할수 있으니까요)","네, 맞습니다.", ,,23.12.07
특허법,조문,129조,[129조] 생산방법의 추정 기출문제 질문,"안녕하세요 강사님, 위 문제에서 화합물 A가 국내에서 공연히 알려지지 않았지만 국외에서 반포된 간행물에 게재된 사정이 있다면, 생산방법의 추정이 적용되지 않을 수도 있을까요? 정답은 5번이지만 1번도 애매한 부분이 있는 것 같아 질문드립니다.","네, 그렇습니다. 제129조를 읽어 보세요. 답글기능 더보기", ,,23.12.16
특허법,조문,128조,128조] 4항 손해액 추정,안녕하세요? 문제집을 풀다가 해설이 달라서 혼동이 와 질문드립니다. 저는 128조 4항 계산 시 ('침해자의 양도수량' 과 '생산능력범위수량' 중 작은 값 * 침해자의 단위수량 당 이익액)으로 문제를 풀었었는데 해설에 (침해자의 양도수량*침해자의 단위 수량당 이익액)이라고 설명되어있는 해설도 있어서 어떤 것이 맞는 것인지 헷갈려 질문드립니다 답변해주셔서 미리 감사드립니다. 저작자 표시컨텐츠변경비영리,"비슷한 질문들이 많으니, ""손해액 추정"" 키워드로 검색해 보고, 궁금한 사항이 있으면 다시 질문해 주세요.", ,,24.02.19
특허법,문제,128조,[128조] 리담기출문제집 211p 13번 216p 18번,2023 기본강의하실때 기출문제집 211P 13번 인가 216P 18번 해설지에 분명히 잘못 기재된 부분이 있었던것 같은데 어느 부분이었는지 알려주시면 감사하겠습니다.,18번 문제 표가 잘못되었다는 것입니다. 참고로 13번 문제 표와 같습니다., ,,24.02.21
특허법,조문,132조,[132조]4항 5항의 당사자에 관한 질문,안녕하십니까 늘 좋은 강의 감사드립니다. 1. 132조 5항에서 '제 4항에 해당하는경우 자료의 제출을 신청한 당사자가 자료의 기재에 관하여 구체적으로 주장하기에 현저히 곤란한 사정이 있고 자료로 증명할 사실을 다른 증거로 증명하는 것을 기대하기도 여려울 때' 라는 표현이 잘 이해가 안돼서 질문 남깁니다. 4항을 읽으면 '당사자'는 자료제출명령을 당한 사람이고 '상대방'은 자료제출을 신청한 사람으로 이해되는데 5항에서 당사자는 자료제출을 신청한 사람인지 명령받은 사람인지 모르겠습니다. 자료의 제출을 신청한 당사자라고 되어있어 신청한 사람이라고 이해하고 읽었는데 그 당사자가 자료의 기재에 관하여 주장하고 증명한다고 뒤에 나와있어서 이해가 안됩니다. 감사합니다 !,"제4항의 당사자는 자료 제출을 신청당한 자이고, 제5항의 당사자는 자료 제출을 신청한 자입니다. 그리고, 제5항에서 '그'는 '자료 제출을 신청한'을 의미하고 있습니다. 열공하세요~", ,,24.04.25
특허법,문제,128조,[128]기출문제집 179p 3번 질문,안녕하십니까 늘 좋은 강의 감사드립니다 위에 사진문제에서 강사님께서 설명하실 때 2002년 인정수량을 침해행위 외의 사유로 판매할 수 없었던 수량을 뺀 수량이 없어서 침해자 양도수량 그대로 10000개라고 하셨는데 파업으로 인하여 두달간에 생산할 수 없었던 것은 침해행위 외의 사유로 판매할 수 없었던 수량이 아닌가요? 감사합니다 !,침해외의 판매할 수 없었던 수량에 이해가 부족합니다. 기본서에서 한 번 해당 내용을 읽어보고 다시 질문해 보세요. 한 번만 읽어봐도 다른 내용을 질문하고 있다는 것을 바로 알 수 있습니다. 열공하세요~, ,,24.04.26
특허법,조문,127조,[127조] 간접침해와 권리소진,"1. 다만~ 문단에서 권리소진이 적용되지 않는 이유가 '특허권이 공유' 이기 때문인 것이 맞나요? 2. 그렇다면 방법발명 외에도 물건, 제법발명일 때에도 특허권이 공유면 권리소진이 적용되지 않나요?","1. 네, 제99조제4항에 위반되기 때문입니다. 2. 물건발명일 경우에는 물건을 양도하였다고 하더라도, 그 물건에 한해서 권리소진의 효과가 미치고, 이를 실시권 설정/허락이라고 할 수 없기 때문에 제99조제4항에 위반되지 않습니다. 강의노트>권리소진에서 사료제조방법 사건을 공부해 보세요.", ,,24.06.12
특허법,조문,128조,[128조] 손해액의 추정,"안녕하세요. 손해액의 추정 부분에 대해 질문드립니다. *리담특허법 23판 p.845 마지막 두 문장 법 제128조 4항의 내용은 침해자의 단위수량당 이익액이 특허권자 등의 단위수량당 이익액보다 높을 경우에 원용할 수 있는 규정인데, 왜 이 문장이 침해자가 특허권자 등의 실손해액이 자신의 이익액보다 적음을 증명하면 4항의 추정효과를 벗어날 수 있다는 문장으로 이어지는지 모르겠습니다. 아니면 굳이 두 문장을 연결지으려고 하기보다는, 특허권자 등에게는 침해자의 단위수량당 이익액이 자신의 단위수량당 이익액보다 높을 경우에 128조 4항을 원용하는 것이 손배액이 커서 유리하고, 침해자에게는 상기 내용이 불리하기 때문에 실제 특허권자 등의 손해액이 자신의 이익액보다 적다면 이를 증명하여 4항의 추정효과를 깨트려서 손배액을 줄이는 것이 유리하다 정도로 이해하면 될까요?",질문의 요지가 이해가 되지 않네요. 책의 문장이 왜 이해가 되지 않을까요?, ,,24.07.12
특허법,조문,127조,[127조] 침해로 보는 행위,안녕하세요 (바)에서 부품 X는 A의 생산에만 사용되는 부품이고 국내에서 생산하였으므로 간접침해가 맞나요?,중국에서 완제품 생산이 되었으므로 간접침해가 아닙니다. 반제품 사건을 공부해 보세요~, ,,24.07.19
특허법,문제,127조,[127조] 침해로 보는 행위,안녕하세요 이 문제에서 정 같은 경우 물건 a 100개중 50개의 우리나라 생산 또한 간접침해에 해당하는건가요? 100개중 50개를 우리나라에서 판매하고 X생산에 사용하는 행위 모두 간접침해에 해당하니까 가장 첫번째 행위인 50개 생산도 간접침해인지 궁금합니다,", 50개 생산, 양도 모두 간접침해입니다. 열공하세요~", ,,24.07.20
특허법,문제,126조,[126조]침해금지청구권과 몰수의 차이,안녕하십니까 늘 양질의 강의 감사드립니다. 1. 밑의 사진의 14번의 5번에서 126조가 적용되지 않음은 이해했으나 231조가 적용된다면 침해제품의 폐기가 가능한거 아닌가요? 2. 16번의 1번에서 231조가 침해행위를 조성한 물품의 반환을 명시하고 있는거 아닌가요? 감사합니다 !,제231조를 읽어보세요. 제231조(몰수 등) ① 제225조제1항에 해당하는 침해행위를 조성한 물건 또는 그 침해행위로부터 생긴 물건은 몰수하거나 피해자의 청구에 따라 그 물건을 피해자에게 교부할 것을 선고하여야 한다. 1. 제231조는 몰수나 교부하는 것이지 폐기하는 것이 아닙니다. 2. 교부를 반환으로 생각할 수도 있으나 침해 우려가 있는 자에 대해서 적용되지 않습니다. 열공하세요~, ,,24.07.25
특허법,문제,126조,[126]침해금지청구시 확인대상발명의 특정,안녕하십니까 늘 양질의 강의 감사드립니다 21번의 4번선지에서 청구대상을 측정할 때 다른 발명과 구별할 수 있는 정도로 특정하면 족하다고 되어 있는데 이것은 청구취지에 관한 특정이고 이와 더불어 특허발명과 서로 대비될수 있을 정도로(청구원인으로써 특정) 까지 특정되어야 하는것이 아닌지 헷갈려 질문드립니다 감사합니다 !,네 청구취지로서 특정이 쟁점이 되는 판례입니디., ,,24.07.25
특허법,조문,128조의2,[128조의 2] 조문에 나와있는 당사자의 범위,"조문을 보면""특허권 또는 전용실시권 침해소송에서 법원이 침해로 인한 손해액의 산정을 위하여 감정을 명한 때에는 당사자는 감정인에게 감정에 필요한 사항을 설명하여야 한다."" 라고 적혀있는데 여기서 당사자가 피고를 의미하는지 원고를 의미하는지에 대한 의문이 있어 질문을 드립니다.","사안에 따라 피고가 될 수도 있고, 원고가 될 수도 있을 것 같네요.", ,,24.08.31
특허법,조문,130조,[130조] 과실의추정 2007다65245,"침해자가 과실의 추정을 벗어나기위해서는 권리의 존재를알지못한점을 정당화하거나 자신이실시하는기술이 등록고안의 권리범위에 속하지않는다고 믿은점을 정당화할 사정이있다고 주장증명해야합니다. 자신의실용신안권에 기해 실시를했어도 무효가된이상 처음부터 없었던것으로 보게되고 이는 권리범위에 속하지않는다고 믿었던점을 정당화할수있는 사정에해당하지 않습니다. Q1 이러한 사실관계가나오려면 저촉되는권리가 착오로인해 등록되어야하나요? Q2 만일 Q1이 맞다면, 저촉되는 후등록권리자의 실시는 선원주의를 취하고있는 특허법상 무효심결이 확정되기전이라도 침해이다 라는 판례와 함께, 무효확정되기전에도 침해이므로 과실이추정되고, 무효확정된후에도 과실이 없음을 증명할 수 없는상태가 된다 라고 한꺼번에 정리해도될까요? Q3 특허요건과 침해요건은 별개이므로 자신의 권리에 기해 실시했다는주장으로는 과실의추정을 번복할 (권리범위에 속하지않음을 믿었다는것을 정당화할 수있는 사정)수 없다고 해석할수있는데요. 이런관점으로본다면 침해자의 권리가 무효가되든말든 상관이없는건가요?",1. 그렇지 않습니다. 신규성만 생각하지 말고 진보성도 고려해 보면 좋을 것 같네요. 2. 특허요건 판단과 침해 여부 판단은 무관하다고 정리하면 됩니다. 3. 네. 그렇습니다. 열공하세요~, ,,24.09.06
특허법,조문,127조,[127조] 2008허4523 간접침해 확인대상발명,"먼저 직접침해권범심괁련해서 자유실시기술항변시 확인대상고안의 진보성을 판단할경우, 1.청구범위에 기대된 구성과 대응되는 구성으로 한정하여 파악하지말고 2.심판청구인이 특정한 확인대상고안의 구성전체를 가지고 판단해야한다. 라는판례가있습니다. 즉, 확인대상고안의 구성은 심판청구인이 직접 특정하는것인데요. 간접침해에서는 0.실시부분이 그 대응제품의 생산에만 사용되는 경우에는 침해로 의제되는 간접침해의특성상, 1.확인대상발명을 위 실시 부분의 구성만으로 한정해파악할것은 아니고 2. 실시부분의 구성과 함께 심판청구인이 그 생산에만 사용되는것으로 특정한 대응제품의 구성전체를 가지고 판단해야한다. 라고판시하고있습니다. Q1. 직접침해에서는 A+B+C 라는 특허발명이있고, A1+B+C+D를 실시하는경우 A1+B+C 를 특정하거나 +D까지 특정할수있습니다. 즉, 대응되는구성 A+B+C로 한정할 필요가없는것입니다. 그런데 간접침해판례는 ""실시부분의 구성""으로 한정할 필요가없다고하네요 실시를 A1 +D로할 경우, 전용품A에 대응되는 구성 A1로 한정하면 안된다 가 아니고 실시부분으로 한정하지말라는데, 판례문구가 좀 이상해보입니다. 어떻게 이해해야하나요 저 문구를 Q2 결론만 보면 전용품이A인데 A1+D를 실시할경우 , 전용품대응인 A1로한정하지말고 청구인이 특정한A1+D로 자유실시기술인지 판단해야하고, A1+D로 실시하더라도 A1로 특정했다면 A1를 대상으로보라는건가요? Q3 아니면 A1+D를 실시한다면 실시하는 A1+D구성뿐만 아니라 B C 까지 A1+B+C+D 로보라는건가요?",2번이 맞습니다. 판례의 어떤 부분이 이상할까요?,"Q2에 쓴 것이 맞다는 말씀이시죠? 이상하다고 생각한건 ""실시부분의 구성만으로 한정하지말고""인데, 이 문구를 내가 실시하는 구성 A1+D로 한정하지말라고 해석하면 말이안되는거같아서요. ”전용품과 대응하는 부분의 구성으로 한정하지말고“ 라고 되어잇어야 정확한거같아서 질문드려봅니다.","판례를 읽어보면 ""실시부분 = 대응제품의 생산에만 사용되는 것""이고, 그렇다면 문의한 것처럼 <전용품과 대응되는 부분의 구성으로 한정하지 말고>와 동일한 의미로 사용되고 있습니다. 열공하세요~",24.10.24
특허법,조문,128조,[128조]손해액 추정 계산,128조 4항에 따라서 손해액을 계산할때 인정수량이 생산능력범위보다 적을경우는 (인정수량 x 침해자의 단위수량당 이익액)으로 보면 될까요?? 감사합니다!!,"네, 그렇습니다. 열공하세요", ,,24.10.26
특허법,문제,128조,[128조] 손해액의 산정,"안녕하세요, 리담특허법 객관식(1) (18판, 189p 18번 2번선지)을 풀다 질문사항이 생겼습니다. 2번이 답인데 어제오늘 계산을 해봐도 2번 지문이 이해가 가지 않아 질문드립니다. 아래는 제가 풀이한 방법인데 어디가 잘못 됐는지 수정해주시면 감사하겠습니다. 1) 128조 1항 1호 손해액 (생산능력 범위 이내수량 손해액): { (2,000개-1,500개) x (1,000원)} = 50만원 2) 128조 1항 2호 손해액 (생산능력 범위 초과수량 손해액):{ (3,000개-500개-500개) x (200원) = 40만원 1) + 2) = 90만원.. 이렇게 100만원이 아닌 90만원 으로 계산되었습니다. 제가 잘못 풀이한 부분이 있다면 밑줄 친 부분일 것 같은데, 2번선지에서 침해 외의 사유로 500개를 판매하지 못하였다고 하여 양도수량 3,000개에서 생산능력 범위 이내 수량인 500개, 침해행위 외의 사유로 판매하지 못한 500개를 제외한 2000개에 단위 수량당 합리적 금액인 200원을 곱해서 2호 손해액(생산능력 범위 초과수량 손해액)을 계산해야한다 생각했습니다.","네, 잘못 풀이하고 있습니다. 2호는 양도수량 중 1호의 수량을 뺸 수량입니다. 구체적으로 만약 1호가 <생산능력범위수량>이라면, 2호는 양도수량 - <생산능력범위수량> 만약 1호가 <양도수량-침해행위외의 사정을 뺀 수량>이라면, 2호는 양도수량 - <양도수량-침해행위외의 사정을 뺀 수량>이므로 결국 침해행위외의 사정을 뺀 수량입니다. 그런데, 사안에서는 1호가 <생산능력범위수량>이네요. 열공하세요~", ,,24.11.08
특허법,조문,128조,128조 4항 관련,128조4항의 한계이익설 관련하여 질문이 있습니다. 1. (침해자양도수량)x(침해자 단위수량당 이익액)에 해당하는 것은 한계이익설에서 (매출액)과 (매출액-변동경비) 중 무엇인가요? 2. 위의 '침해자 양도수량'이라는 것은 침해자 양도수량과 생산능력범위수량(생산가능수량-실제판매수량) 중 작은 것을 의미하는 것일까요? 감사합니다.,"1. 침해자의 단위수량당 이익액을 결정할 때 한계이익설(매출액-변동경비)이 적용되는 것입니다. 2. 소극적 손해가 발생함을 전제로 제128조제4항이 적용된다는 판례에 의하면 문의한 것처럼 해석하는 것이 적절해 보이지만, 아직 법이 개정된 후에 대법원 판례가 없어서 침해자의 양도수량만으로 결정되는 것인지 아니면 침해자의 양도수량이 생산능력범위수량을 초과하는 경우에는 생산능력범위수량으로 결정해야 하는지 명확치 않습니다. 열공하세요~", ,,24.11.24
특허법,문제,128조,[128] 침해액 산정에 대한 질문,"안녕하세요 변리사님. 기출을 풀다 궁금한 점이 생겨 질문 드립니다. 128조2항2호에서, “그 물건의 양도수량 중 특허권자 또는 전용실시권자가 생상할 수 있었던 물건의 수량에서 실제 판매한 물건의 수량을 뺀 수량을 넘는 수량” 또는 ”그 침해행위 외의 사유로 판매할 수 없었던 수량이 있는 경우 이들 수량“ 이라고 제시되어 있는데, 2번 지문의 해설에서 생산능력 범위 초과수량 손해액을 계산할 때 2호의 전단에 의해 계산된 것으로 보입니다. 이 때 2번 지문에서 침해행위 외의 사유로 500개를 판매하지 못 하였다고 나와있는데, 2호에서의 ”또는 그 침해행위 외의 사유로 판매할 수 없었던 수량이 있는 경우 이들 수량”에 500개가 해당하지 않는걸까요? 2호에서의 “이들 수량” 이라는 의미를 명확히 이해하지 못 하겠으며, 생산능력 범위 초과수량 손해액에 침해행위 외의 사유로 판매하지 못한 수량을 고려할 필요가 없는 지 궁금합니다. 감사합니다!","강의노트에서 제128조제2항 계산 장표를 보고 먼저 이해해 보고, 강의노트에서 궁금한 사항을 질문해 주세요. 아니면, 동일한 질문이 있으니 키워드로 검색해 보고 궁금한 사항 질문해 주세요.", ,,24.11.29
특허법,조문,127조,127조 간접침해,"안녕하세요 변리사님 간접침해 대상물건에 대해 과거에는 타용도가 없었다가 타용도가 생긴 후 간접침해에 대한 손해배상청구 등의 민사적 청구 (침해금지청구 제외)를 할 때, 타용도가 생기기 전까지에 대한 기간만큼만 손해배상청구 등이 가능한건가요? 감사합니다","네, 그렇습니다.", ,,24.12.30
특허법,조문,128조,[128조] 손해액산정문제,"https://m.cafe.daum.net/ezpatent/7ZH6/391 리담특허법객관식(1) 문제집 손해액추정문제 풀다가 저도 해당문제에 의문이 들어 카페에 여러글 찾아보고 위에 첨부한 글 답변도 이해해보려고 했습니다. 2번지문에 따르면 ‘침해행위 외의 사유로 500개를 판매하지 못하였다면’ 이라는 지문이 있음에도 불구하고 양도수량 중 생산가능수량x이익액 + (양도수량-생산능력범위)x합리적금액 으로 계산해야한다고 하셨습니다. 1호를 적용할 때 양도수량-침해행위외의 사유로 판매할 수 없었던 수량이 아닌 생산능력범위를 적용했기 때문이라고 하셨는데 저는 지문을 처음 이해할 때 양도수량중 침해행위외의 사유로 판매할 수 없었던 수량을 빼고 적용(인정수량)하여 1호: 생산가능수량x이익액 2호 : 인정수량-생산가능수량x합리적금액으로 이해했으나 혹시 2호 조문에서 {~뺀수량을 넘는수량 ‘또는’ ~ 경우 이들수량} 이 두요건을 더해야하는건가요? 생산능력범위, 침해행위외의 사유로 판매할수없었던 수량 둘 중 하나의 요건만 적용해서 계산해야한다면 3번문제의 풀이에는 침해행위외의사유로 판매할수없었던금액(파업으로인한 4000개)를 생산가능수량에서 처음부터 제외시키고 계산을 하도록 되어있던데 두 문제의 차이점이 궁금합니다.. 다른 사안이라면 어떤부분에서 다른사안으로 적용해야하는지 알려주시면 감사하겠습니다... 항상 감사합니다.","제128조제2항제1호, 제2호의 관계를 파악 못하고 있네요. 먼저, 제1호에서 인정수량이 생산능력범위수량을 초과하는 경우 생산능력범위수량으로 인정수량이 생산능력범위수량을 초과하지 않은 경우 인정수량으로 수량을 결정하고 계산합니다. 다음으로, 제2호는 양도수량에서 제1호의 수량을 빼고, 실시권 설정수량을 뺀 후 수량을 결정하고 계산합니다. 한편, 질문한 3번 문제에서 4000개는 침해행위외의 사유로 판매할 수 없었던 수량이 아니고, 생산할 수 있었던 수량이 줄어든 것인데 이를 구분하지 못하고 있네요. 새해 복 많이 받으세요~", ,,24.12.31
특허법,조문,97조,"[97조] 2차 구이김 절단장치 사건 - 균등론 1, 2요건","안녕하세요 변리사님 제목에 언급된 판례에서 아래 빨간 문구의 의미에 의문점이 있어서 질문드립니다. ㅁ 판례 (마) 이 사건 특허발명의 상세한 설명에는 ‘종래에는 포장용기들의 각 수납공간 사이의 간격만큼 절단된 각각의 적층 김들의 사이를 벌려 놓는 구조를 제시하지 못했지만, 위 적층 김들을 누르는 가압절판들이 격자형 절단날의 외측 경사면을 따라 서로 사이가 벌어지도록 유도함으로써 수납공정까지 자동화할 수 있다’는 취지가 기재되어 있다. (바) 이러한 발명의 상세한 설명의 기재를 통하여 파악되는 이 사건 제1항 발명에 특유한 해결수단이 기초하고 있는 기술사상의 핵심은 ‘절단된 각각의 적층 김들이 하강하면서 가이드케이스의 하부에 고정 배치되는 격자형 부품의 외측 경사면을 따라 서로 사이가 벌어지도록 유도’하는 데에 있다. 원심 판시 선출원고안은 이 사건 특허발명의 출원 당시에 공지된 기술이 아니고, 그 밖에 위와 같은 기술사상의 핵심이 이 사건 특허발명의 출원 당시에 공지되었다고 볼 만한 사정은 보이지 않는다. 그리고 발명의 상세한 설명에 구성 6 가이드케이스가 가압절판의 승강작동을 안정적으로 안내한다고 기재되어 있으나, 이러한 기능은 가압절판의 승강작동을 안정적으로 안내하는 것을 통해 앞서 본 이 사건 제1항 발명의 기술사상의 핵심을 구현하는 데 기여하는 정도에 그칠 뿐 이 사건 제1항 발명에 특유한 해결수단이 기초하고 있는 기술사상의 핵심으로 파악할 수는 없다. ㅁ 교재 비고 박스 특허 균등침해의 제1요건인 '과제해결원리의 동일'과 관련하여 대법원은 발명 전체의 관점에서 전체 발명의 과제 해결원리가 같은지를 판단(제1설)해 왔다고 볼 수 있다. 제2요건인 '작용효과의 동일'과 관련해서도 발명 전체의 효과를 염두에 두고 비교해야 한다는 입장을 취하여 왔다. 이에 대하여 균등판단은 발명 전체가 아닌 구성요소별로 이루어지므로 제1요건 판단도 역시 구성요소별로 이루어져야 한다는 입장(제2설)이 형성되어 있다. 최근에 선고된 두 대법원판결(대법원 2019. 1. 31.자 2016마5698 결정, 같은 날 선고 2018다267252 판결)은 이러한 논란에 대하여 종전 대법원 입장인 발명 전체의 관점에서 과제해결원리를 판단하는 것이 원칙임을 선언하면서 이에 의할 때 균등 범위가 지나치게 넓어질 수 있다는 단점을 보완하는 법리를 설시하였다. 두 입장의 장점을 살려 핵심적 구성이나 기술사상이 공지되지 않았을 때는 제1설을 통해 균등을 넓히고, 공지되거나 그와 다름 없을 때에는 제2설적 요소를 가미해 균등을 좁혀야 함을 나타냄으로써 제1설을 중심으로 제2설을 통합하였고, 공지기술의 참작이 그 통합의 연결고리가 되었다. 특히 '선행기술에서 해결되지 않았던 기술과제를 특허발명이 해결하여 기술발전에 기여하였다는 데에서 특허발명의 실질적 가치를 찾을 수 있고, 그 실질적 가치에 따라 특허발명의 보호범위가 결정되어야 하며, 명세서와 공지기술을 통해 그 실질적 가치 파악이 객관화될 수 있고, 과제해결 원리의 파악은 이러한 특허발명의 실질적 가치를 명시적으로 고려하는 요건으로 기능한다는 취지의 판사는 실무적으로 큰 의미를 가질 것으로 본다(구민승, ""특허 균등침해의 제1, 2요건"", 사법 48호, 사법발전재단, 2019 여름호, 요지). ㅁ 의문사항 빨간색 부분이 초록색 부분으로 이해되어야 하는지 파란색 부분으로 이해되어야 하는지 잘 모르겠습니다. ㅁ 고민지점 원래 균등론 1요건은 발명 전체로 파악해야하는 것인데 위 판례를 보면 '공지된 기술이 아니어서 ' 발명 전체로 파악했다 라고 판시하고 있습니다. 그렇다면 '공지된 기술이라면' 개별 구성요소 단위로 판단하겠다는 의미로 읽히는데 1요건을 적용함에 있어서도 공지기술 여부를 판단해봐야된다는 의미인 파란색 부분으로 이해하는 것이 맞나요?? (즉 1요건과 2요건의 판단기준이 동일하다. 기존 2요건의 판단기준으로 통일되었다) (노란색 부분은 1설 중심으로 2설을 통합했다는게 무슨말인지 모르겠습니다. 공지기술 여부 판단해봐야된다면 그냥 파란색 부분으로 간거 아닌가 싶어서요 ㅠ.)","제1요건은 발명 전체로, 제2요건은 기술사상의 핵심이 공지된 경우 - 구성요소별로 기술사항의 핵심이 공지되지 않은 경우 - 발명전체로 입니다. 제1설을 중심으로 제2설을 통합했다는 것은 제2요건에 대한 설명입니다. 기본서에 자세히 나와 있으니 읽어 보세요. 제목도 제127조가 아니라 제97조로 수정해 주시고요.", ,,25.01.05
특허법,조문,127조,[127조] 간접침해에서 생산 vs 수리,"안녕하세요 변리사님 리담 교재 862페이지 읽다가 의문이 있어 질문드립니다. *기존 판례 기존 판례에서는 소모품/비소모품 나누어서 소모품의 경우 레이저 프린트기 사건에서 판단기준을 제시한 바 있습니다. 카트리지만 팔고자 하는 제3자가 특허침해에 걸리지 않으려고 약간 개량해서 카트리지를 팔았으나 본질적 구성요소 / .... / 교체 예정, 특허권자가 따로 팔고 있음 등의 이유로 특허 침해가 되었습니다. *새로 제시된 판례 그런데 새로 제시된 판례에서는 동일성 유지 여부로 침해를 판단하고 있는데요, 판례의 주요 내용을 발췌하면 제품을 적법하게 양수한 양수인 등이 이를 수리하거나 소모품 내지 부품을 교체하는 경우에 그로 인하여 원래 제품과의 동일성을 해할 정도에 이르는 때에는 실질적으로 생산행위를 하는 것과 마찬가지이므로 ~~ 그러한 수리 또는 소모품 내지 부품이 제품의 일부에 관한 것이어서 수리 또는 소모품 내지 부품의 교체 이후에도 원래 제품과의 동일성이 유지되고, 그 소모품 내지 부품 자체가 별도의 특허 대상이 아닌 한, 그러한 수리행위나 부품 교체행위는 방법발명 제품 사용의 일환으로 허용되는 수리에 해당하므로,~~ * 새로 제시된 판례 의문점 동일성이 유지되면 침해가 아닌 것인데 그렇다면 카트리지만 팔고자 하는 제3자가 굳이 개량할 필요 없이 원제품의 카트리지를 아주 그대로 배껴서 판매한다면 카트리지를 프린트기에 결합한 경우에 원래제품과의 동일성이 유지될 것이고 그러면 허용되는 수리에 해당하여 침해가 아니게 되는데 이걸 수리의 범위를 조금 더 넓게 인정해주려는 경향 정도라고 보는게 맞는지 의문이 있습니다. 회피설계하려는 시도도 안하고 그대로 베끼면 동일성은 유지되어 간접침해가 안되는 것이 아닌가요??",생산이 아니라 수리라면 간접침해를 인정하지 않는게 맞습니다. 완제품에 특허권를 가지고 있는 자가 부품인 카트리지에 권리행사를 하는 것 자체를 제한할 필요가 있다고 생각해야 합니다., ,,25.01.18
특허법,조문,127조,[127조] 간접침해 - 출원 전에 공지된 경우,"안녕하세요 변리사님 판례집 208번 판례이자 강의노트 p.383, 그리고 판례강의 24 강 10회 2강 : 간접침해의 논점(강의노트 383p) 의 17분경 언급내용 관련 부분입니다. 합성수지 접착필름이 이미 이 사건 특허발명의 출원 전에 공지된 것이어서 타용도가 있으므로 간접침해가 아니라고 말씀해주셨는데 출원전 공지되면 곧바로 타용도가 생긴다고 보는 것에 의문점이 있습니다. 사실설/가능성설에 입각해서 생각해보면 타용도는 이론적 가능성만으로는 안되고 실제적으로 다른 곳에서 사용되었어야 타용도가 인정되는 것인데 출원 전 공지된 것은 다른 용도로 쓰였을 수도 있다는 가능성 정도 아닌가요?? 출원 전 공지되었어도 같은 용도로 쓰였을 수도 있고 가능성의 영역에서 더 나아갈 단서가 없는데 공지 여부만 가지고 타용도를 판단할 수 있나 의문점이 있습니다.","글 출원 전 공지된 경우 2가지 관점에서 간접침해가 아닙니다. 먼저, 공지영역(public domain)이기 때문에 간접침해라고 할 수 없고, 다음으로, 출원 전 공지되었다는 것은 출원 전 어느 용도로 사용되고 있다는 것이고(단순히 가능성이라면 출원 전 공지되었다고 말할 수 없습니다. 공지 여부는 역사적 사실관계에 의해 파악되는 개념이기 때문입니다), 문의한 것과 같이 같은 용도라면 특허발명 역시 공지되어 신규성 위반이라는 것인데, 그렇다면 등록받을 수 없지 않을까요?", ,,25.01.18
특허법,조문,128조,[128조] 손해액 추정,"안냥하세요 변리사님! 128조 4항의 내용을 1. 침해자의 단위수량당 이익액을, 128조 2항 1호에서 생능범내의 수량으로 침해액을 계산할 때 생산자의 단위수량당 이익액을 대체하여 계산할 수 있으며, 따라서 생능범이 없을 때는 적용될 수 없으며 침해자의 이익액이 더 높을 때 실익이 있는 것으로 이해하고 있는데 맞을까요? 2. 만약 단순히 침해자의 양도수량* 침해자의 단위수량당 이익액=침해자의 이익으로 손해를 추정한다는 것은 틀린 것이지요?","1. 네 2. 틀린 지문이 아닙니다. 2번은 조문을 나타내고, 1번은 조문의 해석을 나타냅니다.", ,,25.02.01
특허법,조문,128조,[128조] 증명책임 관련 질문,"특허법 128조 2항 규정을 적용함에 있어서 특허권자가 그 일실이익 손해액을 입증하기 위해서는 적어도 침해자가 침해행위를 하게 한 물건의 양도수량에 당해 침해행위가 없었다면 판매할 수 있었던 물건의 단위수량당 이익액을 입증하여야 한다 라는 지문에서, 결국 침해행위가 없었다면 판매할 수 있었던 물건의 단위 수량당 이익액의 증명책임은 ""침해자"" 에게 있다는 말 맞나요?",법률요건분류설에 따라 특허권자에게 있습니다. 기본서 읽어보세요, ,,25.02.03
특허법,문제,128조,[128조] 4항 손해액 추정,안녕하세요 변리사님 지난번에 4번 지문에 대해 질문드렸었습니다. 128조 4항이 침해자의 이익액* 침해자의 양도수량으로 손해를 추정할 수 있다는 조문이며 내용 그대로 지문으로 나와도 조문을 나타낸 것이므로 틀린 지문이 아니라고 답변주셨습니다!! 그런데 답지를 보니까 조문 내용에 대해 제가 여쭤본 특허권자의 생능범 범위내에서 이익액을 대체하는 것에 따라 생능범을 넘지 못한다는 실익에 따라 해당 지문이 틀리다고 되어있는데 어느것이 맞는 것인지 확실하게 짚고싶어서 질문드립니다!,"1. 조문(제128조제4항): 침해한 자가 그 침해행위로 인하여 얻은 이익액을 특허권자 또는 전용실시권자가 입은 손해액으로 추정한다. 2. 판례: 손해가 발생함을 전제로 손해액을 추정(손해가 발생하지 않는다면 손해액 추정 불가), 여기서 손해는 소극적 손해 중 매상감소에 의한 일실이익. 3. 해석: 전제조건인 손해의 발생에 관한 사실관계가 있는 경우 전제조건을 만족하는지 1차 판단 후 조문 적용, 다만 손해의 발생에 관한 사실관계가 없다면 손해가 발생됨을 전제로 조문 적용 열공하세요~", ,,25.02.08
특허법,문제,127조,[127조] 간접침해 개정법관련,"안녕하세요! 해당문제의 경우 7월 시행될 개정법을 적용한다면 'ㄴ','ㅁ' 보기도 추가로 정답이 될 것이라고 생각합니다. 그럼 수출되어 미국,일본에서 생산되는 물건x에 대해서도 간접침해가 적용되는 것인데 'ㄱ'보기의 경우는 개정법이 적용되더라도 판례에 따라야하는 것인지 다르게 해석해야되는 것인지 질문드립니다.","판례의 요지는 특허발명의 생산이 국내에 있어야 한다는 것이므로, 개정법이 이 판례의 요지를 바꾼 것인지는 조금 더 지켜봐야 되는 상황입니다. 정답이 추가될 것이라고 단정하는 것은 위험해 보이네요.", ,,25.03.20
특허법,조문,127조,[127조] 침해로 보는 행위,"안녕하세요 감광드럼카트리지 사건에 대해 책을 읽다가 빨간색 동그라미 친 ‘일반적인 실시가 “개인적, 가정적”으로 되는’ 에서 개인적 가정적이라는 판시에 특별한 의미가 있는지 궁금합니다 특허발명인 레이저 프린터를 개인적 가정적으로 실시하는건 업으로서의 실시가 아니기때문에 직접침해는 아니지만 레이저프린터의 생산에 사용되는 물건인 카트리지를 생산하여 판매하는건 간접침해이다 이렇게 각각 이해하는 건가요?","네, 직접침해와 무관하게 간접침해가 성립할 수 있다는 것입니다.", ,,25.04.18
특허법,조문,126조,[126조] 존속기간 만료가 임박한 특허권의 권리행사,"안녕하세요 변리사님 침해금지 또는 예방청구권 인정여부는 사실심 변론종결시를 기준으로 하는데, 이때를 기준으로 존속기간이 경과한 후라면 청구기각되는지 궁금합니다 적법성 문제는 아니고 본안심리대상인게 맞는지도요..! 감사합니다",각하됩니다. 열공하세요~, ,,25.04.30
특허법,문제,127조,[127조] 반제품 사건 문제,"16 기출을 아래 사진처럼 풀었는데 그 과정 속에서 몇가지 제가 생각했던 것들이 맞는지 여쭤봅니다. 1. 완제품이 미국에서 생산되었다면 원칙적으로 '을'이 a를 생산, 수출한 것은 모두 종속설에 의해 비침해지만, 만약 예외적으로 완제품과 거의 유사하다는 등 여러가지 조건이 성립되면 '을'의 생산과 수출(개정법에 의해) 모두 간접침해가 맞다. 2. '병'과 a 수입과 '정'의 a 판매는 a의 완제품(X)이 국내에서 생산되었기 때문에 간접침해가 성립한다. 그렇다면 '을'과 '정'에게서 a를 넘겨받아 국내에서 a를 사용한것은 결국 X의 생산에 해당되므로 이 경우에는 간접침해가 아닌 직접침해이다. 항상 답변 감사드립니다!",1. 틀렸습니다. 완제품의 AER 적용가능성 정도면 직접침해입니다. 2. 맞습니다., ,,25.10.10
특허법,문제,128조5항,[128조 5항] 기출문제 질문,이 두 기출문제 모두 분홍색으로 밑줄 친 선지에서 해설을 봐도 틀린부분이 뭔지 모르겠어요... 혹시 5항이 아니라 6항이어서 틀린건가요?,"법조문에 대한 기본적인 공부가 부족합니다. 제128조제6항을 살펴보면, ⑥ 제5항에도 불구하고 손해액이 같은 항에 따른 금액을 초과하는 경우에는 <<그 초과액>>>에 대해서도 손해배상을 청구할 수 있다. 이 경우 특허권 또는 전용실시권을 침해한 자에게 고의 또는 중대한 과실이 없을 때에는 법원은 손해배상액을 산정할 때 그 사실을 고려할 수 있다. <개정 2016.3.29> 라고 기술되어 있습니다. 16번 문제는 실시에 대하여 합리적으로 받을 수 있는 금액이 아니라 초과액에 대해서 고려할 수 있고, 09번 문제는 실시에 대하여 합리적으로 받을 수 있는 금액이 추정되는 것이 아니라 간주되는 것이고, 마찬가지로 실시에 대하여 합리적으로 받을 수 있는 금액이 아니라 초과액에 대해서 고려할 수 있습니다. 조문 자체를 먼저 이해하려고 노력해야 합니다.", ,,25.10.11
특허법,문제,128조,[128조] 기출문제집 197p 11번 문제,"2번보기에서 어느부분이 틀린건가요? 2. 특허법 제128조 제4항은 특허권자에게 손해가 발생한 경우에 그 손해액을 평가하는 방법을 정한 것에 불과하여 침해행위에도 불구하고 특허권자에게 손해가 없는 경우에는 적용 되지 않지만, 손해의 발생에 관한 주장• 입증의 정도에 있어서는 경업관계 등으로 인하여 손해 발생의 염려 내지 개연성이 있음을 주장•입증하는 것으로 충분하다 저작자 표시컨텐츠변경비영리",2번은 옳은 지문입니다., ,,25.10.28
특허법,조문,127조,[127조] 간접침해,"2014다42110 판례에 의해 국내에서 생산한 ㄷ ㄹ만을 간접침해로 본다고 설명되어있습니다. (작년 책입니다) 그러나 25년도 개정법에 따라 그 물건의 생산에만 사용되는 물건의 수출 또한 간접침해의 범위로 포섭되었을 때, 해당 문제의 정답선지가 어떻게 될 지 궁금하여 질문드립니다",127조로 검색해 보세요., ,,25.10.29
특허법,조문,128조,[128조] 제4항 손해액추정 질문,"안녕하세요 변리사님! 기출문제를 풀다 궁금증이 있어 질의해봅니다. 제4항 손해액 추정을 침해한 자가 그 침해행위로 얻은 이익액을 특허권자 또는 전용실시권자가 입은 손해액으로 추정한다. ->손해액=양도수량*그 침해자의 이익액으로 추정한다고 알고 있고, -> 이 규정에서 손해=매상감소에 의한 일실이익으로 특허권자의 생산능력 범위내에서 손해의 한도를 제한하는 걸로 알고 있는데요. 해설에서 case1,2.에서는 생산능력범위*단위수량당 이익액으로 곱해져 있는데, case3에서는 달라서요. 단순 오타인건지 아니면 양도수량*이익액인데 오타인건지 궁금합니다. 그리고 19년 기출 변형에서는 생산범위 수량*이익액으로 되어 있던데, 적용을 각각 어떻게 해야하는지 잘 모르겠습니다.","개념을 아직 잘 못 잡고 있네요. 구체적으로, CASE1: 생산능력범위(15,000개) 이내 양도수량(15,000개)이니, 양도수량 * 단위수량당 이익액 CASE2: 생산능력범위(10,000개) 이내 양도수량(10,000개)이니, 생산능력범위수량 * 단위수량당 이익액 CASE3: 생산능력범위(20,000개) 이내 양두수량(15,000개)이니, 양도수량 * 단위수량당 이익액 입니다. 열공하세요~", ,,25.11.01
특허법,문제,127조,[127조] 간접침해 물건 관련 질문,"안녕하세요 변리사님 ! 리담 객관식 191p 9번의 3번 선지에서, 특허발명의 실시에만이 아니라 생산에만으로 규정되어 있어 틀렸다는 것은 이해했습니다. 다만, 저는 그 외에도 5번 선지처럼 음성인식시스템이 물건이라고 생각하지 않아서 틀렸다고 생각했는데, 프로그램처럼 시스템도 물건이 아닌지 헷갈려서 질문드립니다 ! 그리고 특허법상 물건 관련 내용을 어떤 조문이나 내용에서 확실하게 파악할 수 있는지도 궁금합니다. 감사합니다","시스템의 개념을 몰라서 어려움이 있는 것입니다. 예를 들어, 시스템이란 물건A, 물건B 및 물건C가 결합되어 특정 작동을 하는 것을 내용으로 하는 것으로서, 물건발명에 해당합니다.", ,,25.11.19
특허법,조문,127조,[127조] 침해로 보는 행위 질의,"변리사님 안녕하세요. 127조 적용 시, 특허권자는 공용성 -> 전용성 입증 후 간접침해 여부를 적용하라 라고 이해했습니다. 감광드럼카트리지 케이스에 적용하면, 삼성의 A (+B)프린터가 있고, 침해자가 개선된 B+C 카트리지를 파는 경우, 삼성은 간접침해를 주장 침해자는 1. B+C가 특허성이 있어 간접침해가 아니다 2. B+C는 A의 생산'에만'(전용성 부정) 사용되는 물건이 아니고 A의 사용에 사용되는 물건이다 라며 항변 이에 대법 판결은 생산'에만' 해당하기 위한 요건을 설시 (전용성 있음 -> 간접침해임) + 침해자의 1번 항변의 B+C진보성은 특허요건 판단할 때나 쓰는 것이라며 설시 제가 궁금한 사안은 하기와 같습니다. 1) 이 사안에서 침해자의 2번 항변에 관해서 저는 처음에는 B+C카트리지는 침해자 말대로 프린터에 결합해서 사용하는 목적 아닌가? 라고 생각했는데, 그런데 판결에서는 침해자의 카트리지를 127조의 특허발명 제품의 생산에만 사용되는 물건으로 본 이유가 궁금합니다. 저는 A프린터와 B(또는 B+C)카트리지를 조립해서 완성품을 만드는 행위도 특허법 127조에서 말하는 '생산'에 포함되기 때문에 B+C카트리지는 실질적으로 삼성프린터(A+B)를 생산할 때만 사용되는 부품으로 보아 '생산에만 사용하는 물건' 요건을 충족한다고 본 것이라고 생각했습니다. <참조: 공업적 생산에 한하지 않고, 가공, 조립, 수리 등의 행위도 포함될 수 있다> 그렇다면 침해자의 B+C 카트리지를 제조/판매한 행위는, 곧 특허발명 제품(삼성프린터에 A+B) 생산에만 사용하는 물건 (B+C)을 생산/양도 하는 행위이므로 간접 침해이다 라고 이해하면 되는 것일까요? 2) 이 사안에서 공용성 판단도 된 것일까요? AER + 균등론을 적용하여 생산 실시인지 여부가 판단이 된 것인지가 궁금합니다. 3) 공용성 여부 판단이 된 것이라면, (B+C 카트리지를 A+B+C와 결합한)침해자의 완성품 vs 삼성의 A+B 프린터 를 균등론과 aer을 적용하여 생산/실시 여부를 판단한 것인지가 궁금합니다. (저는 공용성 여부 판단을 해서, A+B = A+B+C 가 기술사상의 핵심을 공유하므로 침해자의 A+B+C는 127조의 '생산'에 해당한다 라고 판단했습니다.) 질문 요지는 제가 직접침해 판단 시 적용되는 aer과 균등론 적용을, 간접침해에서의 생산과 실시 여부 판단하는데 적용하는 이유? 를 잘 몰라서 3)번 질의를 드린 것입니다. 질문이 많아 죄송합니다. 질문글이 길어, 오개념이 잡힌 것이 아닌지 판단이 안되어서 질의글 올리게 되었습니다. 감사합니다.","일단 질문의 전제조건부터 틀렸습니다. 프린터의 구성 중 하나가 카트리지입니다. 예를 들어 강의노트에 나와 있듯이 프린터의 구성이 B+X+Y일 떄 B가 카트리지에 해당합니다. 따라서 1번째 질문과 관련하여, B+X+Y가 되었을 때 프린터가 생산되니, B는 프린터의 생산에 사용하는 물건입니다. 2, 3번째 질문과 관련하여서도 B+C+X+Y는 All Elements Rule을 만족하는 것입니다. 사실관계 파악을 잘못하니, 의문이 있는 것 같네요.", ,,25.11.21
특허법,조문,128조,[128조] 전용실시권자의 손해,898페이지를 보면 [특허권자 및 전용실시권자가 입은 손해의 총액은 침해행위자가 얻은 이익액의 한정되므로 전용실시권자의 손해는 특허권자에게 지불하여야 할 실시료 상당액을 공제한 잔액이라 할 것이고~ ] 라고 나와있습니다. 여기서 말하는 공제란 침해자가 전용실시권자에게 손해배상을 할 경우 전용실시권자가 아닌 침해자가 특허권자에게 지불할 실시료 상당액을 공제하는 것을 말하는게 맞는지 궁금합니다. 감사합니다.,네 맞습니다~, ,,25.11.24
특허법,조문,128조2항,[128조 2항] 손해액 산정,"안녕하세요. 변리사님 128조 2항 손해액 관련해서 질문입니다. '인정수량 = 침해자 양도수량 - 특허권자 또는 전용실시권자가 그 침해행위 외의 사유로 판매할 수 없었던 수량'인데 여기서 특허권자 또는 전용실시권자가 그 침해행위 외의 사유로 판매할 수 없었던 수량의 예시를 들어 주실 수 있나요? 위 사례 문제를 풀 떄, 특허권자가 파업으로 생산하지 못한 기간의 수량을 인정수량 계산의 침해행위 외의 사유로 판매할 수 없었던 수량으로 판단해야 할지 헷갈렸습니다. 그래서 다른 사례 문제가 나왔을 때, 어떤 지문의 예시가 나와야 침해행위 외의 사유로 판매할 수 없던던 수량으로 인지해야 하는지 궁금합니다. 감사합니다!","기본서에 다음과 같이 기술되어 있네요. 「침해행위 외의 사유로 판매할 수 없었던 사정」이란 ⅰ) 판매된 침해품이 침해자의 시장개발노력, 침해품의 품질의 우수성, 가격경쟁력 등의 요인에 의하여 판매된 경우, ⅱ) 경쟁제품이 있어서 침해자의 매출액 전부가 권리자의 판매 제품이 될 수 없는 경우, ⅲ) 침해행위 후 획기적인 신기술이 개발되어 특허 실시품의 매출이 떨어진 경우 등의 사정을 의미한다. 답글기능 더보기", ,,25.12.27
특허법,문제,128조2항,[128조 2항] 기출문제집 p.199 13번 문제,"안녕하세요, 변리사님. 리담 객관식 기출문제집 p.199 13번 문제 3번 선지 관련해 질의하고자 합니다. case 3에서, 갑의 생산능력범위가 양도수량을 초과하므로 128조 2항 2호에 따른 금액이 위 사진에서 형광펜으로 표시한 것처럼 생산능력범위수량-양도수량=5,000개 그 수량의 실시에 대해 합리적으로 받을 수 있는 금액 =5,000×10,000×5% =2,500,000원 이 되고 생산능력범위 이내수량에 대한 손해액과 합하면 총 17,500,000원을 갑의 손해액으로 할 수 있지 않나요? 따라서 제 판단으로는 2번 지문과 3번 지문이 모두 틀린 지문이 되는 것 같은데, 제가 헷갈리고 있는 부분이 있다면 알려주시면 감사하겠습니다!","양도수량(인정수량)이 모두 제128조제2항제1호의 생산능력범위 이내이니, 양도수량 중 제128조제2항제2호가 적용되는 수량은 없습니다.", ,,25.12.29
특허법,조문,127조,[127조] 간접침해와 수출행위 2014다42110,"2014다42110에선 물건의 생산에만 사용하는 물건에서 생산이 속지주의상 국내생산만 의미하므로 반제품 생산은 간접침해가 아니라고하고있습니다. Q1. 여기에 2025년 개정법으로 실시행위에 수출이 추가되었는데 이를 고려해보면, 갑이 반제품100개생산하고 100개를 해외의 을에게 수출하여 을이 해외에서 생산하는경우 갑의 실시에대해서 물건의 생산에만 사용하는물건 을 생산하는행위 물건의 생산에만 사용하는물건 을 수출하는행위 2가지를 볼 수 있는데, 이 2가지 실시행위 모두 그 전제가 되는 생산 이 국내생산이 아니므로 간접침해가 아니라고 해석해도 될까요? Q2. 침해행위는 실시행위별로 판단합니다. 권한없는자가 국내에서 반제품 100개를 생산하고, 50개는 국내에서 양도해서 완제품이 생산 , 50개는 해외로 수출해서 완제품이 생산된다고 보면, 50개 국내양도는 간접침해, 50개 해외수출은 간접침해가 아닙니다. (판례에 의해) 다만 100개를 ""생산""하는 실시에 대해서 어떻게 판단해야할지 의문입니다. Q1에서는 오직 해외에서의 생산만 생각했으나, 국내생산과 해외에서의 생산이 섞여있다면,, 어떻게 판단해야할까요. 실시자체로 평가해야하는데, 25년에 100개 생산했다고 간접침해라고봣는데 50개를 26년에 수출하면 50개만 간접침해로 바뀌는것도 이상하고.. 어떻게판단해야할지 어렵습니다ㅠㅠ","1. 네 2. 판례의 법리대로 완제품의 생산이 어떻게 되었는지 여부에 따라 달리 판단해야 합니다. 아직까지는 <<2025. 7. 22. 시행되는 개정법(법률 제20700호, 2025. 1. 21. 일부개정)에서는 수출을 제2조제3호의 실시에 포함시키면서 제127조의 간접침해행위에도 포함시켰는데, 대법원과 같이 제127조제1호에서 특허발명인 물건의 생산을 국내로 제한해석한다면, 수출행위에 대해서는 간접침해를 물을 수 없게 되는 문제점이 있다.>>로 이해하면 됩니다. 열공하세요~", ,,26.01.03
특허법,조문,128조,[128조] 손해배상청구권 4항 추정의 의미에 대해 질문드립니다.,특허법 128조 손해배상청구권에서 4항 침해자가 침해행위로 얻은 이익을 특허권자의 손해로 추정한다 질문 드립니다. 기본서에도 4항은 매상감소에 의한 일실이익이라고 기재되어있고 문제집 해설에도 특허권자의 생산가능수량 개수로만 계산하는 이유는 4항이 손해가 없을 때에도 적용하는 건 아니고 손해가 없음이 증명된다면 추정이 복멸되기 때문인가요? 그럼 ‘증명이 없는 경우 추정된다 / 후에라도 증명되면 제한된다’ 의 논리인 거 같은데 맞을까요? 여기에서 선지의 정오를 가리려면 문제에 특허권자의 생산능력이 제시된 것은 그 외의 개수는 손해가 없음이 증명되었다고 생각하고 생산능력 외의 개수까지 포함된 금액을 추정한다고 하면 최대한 틀린 지문 쪽으로 처리해도 되는 부분일까요?,"1. 판례는 손해가 발생함을 전제로 손해액이 추정되는 것이고, 여기서 손해는 매상감소에 의한 일실이익을 의미한다는 것이 요지입니다. 2. 판례의 논리대로라면, 생산할 수 있었던 수량이 없다면 손해가 발생하지 않은 것이고, 그렇다면 제128조제4항의 적용의 여지가 없습니다. 3. 다만, 생산능력을 전제로 판시한 판례는 아직 존재하지 않기에 여기에 대해서는 학자들마다 조금씩 의견이 다른 것으로 이해해야 합니다. 열공하세요~", ,,26.01.27
특허법,조문,127조,[127조] 간접침해,안녕하세요! 문제에서 간접침해 설명하고 ’침해가 된다‘라고 하면 침해로 보는 것이므로 틀린 답이라고 알고 있습니다! 그렇다면 혹시 직접침해에 대해 설명하면서 마지막에 ‘침해했다고 볼 수는 없다’가 틀린 답인 이유는 무엇인가요?? 어쨋든 침해행위인 것은 맞으니 침해했다고 볼 수 있다라고 해도 맞는 것일까요? 제가 너무 기계적으로 생각하고 있는지 여쭤봅니다..!,"1. 간접침해를 ""침해가 된다""라고 하여 항상 틀린 지문이라고 생각하면 됩니다. 간주침해라는 것이 (직접)침해인지 사실 여부와 무관하게 침해로 인정한다는 의미이기 때문입니다. 다만, 객관식의 특성상 조문의 표현 그대로를 묻는 문제로 하여 간혹 틀린 지문으로 골라야 하는 경우가 있는 것입니다. 2. 문제를 봐야 표현하고자 하는 정확한 의미를 파악할 수 있을 것 같으나,. ""침해했다고 볼 수는 없다""는 것은 직접침해도 아니고 간접침해도 아니다는 의미로 이해되네요. 열공하세요~", ,,26.02.18
특허법,문제,128조,[특허법 제128조] 손해배상액의 추정,"안녕하세요, 19년도 기출문제 관련하여 질문드립니다. 4번 선지 관련하여, 해설을 보면 2017년도에 (갑)의 생산능력범위 내에서 1,000,000원에 한하여 손해액으로 추정한다고 하여 틀린지문으로 설명되어 있습니다. 궁금한점은 특허법 제128조 제4항에서 손해배상을 청구하는 경우 특허권 또는 전용실시권을 침해한 자가 그 침해행위로 인하여 얻은 이익액을 특허권자 또는 전용실시권자가 입은 손해액으로 추정한다고 규정하고 있는데요, 그렇다면 일단 침해자의 양도수량 전부(2,500개 x 1,000원 = 2,500,000원)가 손해액으로 추정되고, 이에 대하여 침해자가 ‘특허권자가 생산능력이 없음’을 항변하여 추정의 일부를 복멸시키는 쪽으로 해결되어야 하는것이 아닌지입니다. 실제 기출문제에서도 4번지문이 동일하게 출제되었는데 옳은 지문으로 처리되었어서 더 혼란이 있는것 같습니다. 쟁점은 처음부터 침해자의 양도수량 전액에 제128조 제4항 소정의 추정규정이 적용되는지, 아니면 처음부터 특허권자의 생산능력범위수량의 한도에서 추정규정이 적용되는지 여부인 것 같습니다. 답변 부탁드립니다. 감사합니다!","이에 대해서는 아직 명확한 판례가 없습니다. 현재, 판례는 손해가 발생했음을 전제로 손해액이 추정되고, 손해가 발생하지 않은 경우에는 제128조제4항이 적용되지 않는다는 것입니다. 또한, 여기서 손해서는 매상감소에 의한 일실이익이다라는 것입니다. 그렇다면, 전제조건인 손해의 발생과 관련하여 생산능력이 없다면 매상감소에 의한 일실이익이 없다고 할 수 있지 않을까요? 참고로, 기출문제는 개정법 전의 지문이다보니, 개정법 후에도 그대로 적용하기는 어려움이 있습니다. 열공하세요~", ,,26.02.21
,,,,,, ,,
,,,,,, ,,
,,,,,, ,,
,,,,,, ,,
,,,,,, ,,
,,,,,, ,,
,,,,,, ,,
,,,,,, ,,
,,,,,, ,,
,,,,,, ,,
,,,,,, ,,
,,,,,, ,,
,,,,,, ,,
,,,,,, ,,
,,,,,, ,,
,,,,,, ,,
,,,,,, ,,
,,,,,, ,,
,,,,,, ,,
,,,,,, ,,
,,,,,, ,,
,,,,,, ,,
,,,,,, ,,
,,,,,, ,,
,,,,,, ,,
,,,,,, ,,
,,,,,, ,,
,,,,,, ,,
,,,,,, ,,
,,,,,, ,,
,,,,,, ,,
,,,,,, ,,
,,,,,, ,,
,,,,,, ,,
,,,,,, ,,
,,,,,, ,,
,,,,,, ,,
,,,,,, ,,
,,,,,, ,,
,,,,,, ,,
,,,,,, ,,
,,,,,, ,,
,,,,,, ,,
,,,,,, ,,
,,,,,, ,,
,,,,,, ,,
,,,,,, ,,
,,,,,, ,,
,,,,,, ,,
,,,,,, ,,
,,,,,, ,,
,,,,,, ,,
,,,,,, ,,
,,,,,, ,,
,,,,,, ,,
,,,,,, ,,
,,,,,, ,,
,,,,,, ,,
,,,,,, ,,
,,,,,, ,,
,,,,,, ,,
,,,,,, ,,
,,,,,, ,,
,,,,,, ,,
,,,,,, ,,
,,,,,, ,,
,,,,,, ,,
,,,,,, ,,
,,,,,, ,,
,,,,,, ,,
,,,,,, ,,
,,,,,, ,,
,,,,,, ,,
,,,,,, ,,
,,,,,, ,,
,,,,,, ,,
,,,,,, ,,
,,,,,, ,,
,,,,,, ,,
,,,,,, ,,
